schiffbar	schiffen bar
justizsprecherin	justizsprecher in
pastorin	pastor in
meisterung	meistern ung
fälligkeit	fällig keit
rentierzüchter	rentierzucht er
modernisierungswillig	modernisierungswille ig
heimatlich	heimat lich
verfassungsrechtlichkeit	verfassungsrecht lich keit
nobelpreisträgerin	nobelpreisträger in
leistungswillig	leistungswille ig
sonderlich	sondern lich
botschafterin	botschaft er in
verhandlungswillig	verhandlungswille ig
wesselin	wessel in
machtpolitiker	machtpolitik er
belanglos	belang los
honorierung	honorieren ung
überträgerin	übertragen er in
religionskritiker	religionskritik er
wasserspritzer	wasserspritze er
erkrankung	erkranken ung
fähigkeit	fähig keit
salonlöwin	salonlöwe in
mißverständlichkeit	mißverständlich keit
ermunterung	er muntere ung
terroristin	terror ist in
gesetzlichkeit	gesetz lich keit
ulmerin	ulme er in
obstanbauer	obstanbau er
farbigkeit	farbe ig keit
schlagfertigkeit	schlagfertig keit
kinobesucher	kinobesuch er
strickerin	stricken er in
ausbrecherin	ausbrechen er in
sender	senden er
tagesplaner	tagesplan er
pflanzenzüchter	pflanzenzucht er
landschaftsarchitektin	landschaftsarchitekt in
bräuer	brauen er
werklich	werk lich
verkehrszähler	verkehrszahl er
unaufrichtig	un aufrichten ig
wolfsburgerin	wolfsburg er in
berger	berg er
numerierung	numerieren ung
genußsüchtig	genußsucht ig
nachtschwärmerin	nachtschwärmer in
schluchzer	schluchzen er
kürzlich	kürzen lich
umständlichkeit	umstand lich keit
radfreundlich	radfreund lich
leitfähigkeit	leitfähig keit
haushaltung	haushalten ung
änderbar	ändern bar
gewinnerin	gewinnen er in
trompeter	trompeten er
betriebsverfassungsrechtlich	betriebsverfassungsrecht lich
automechanikerin	automechaniker in
redaktionsleiterin	redaktionsleiter in
geschichtsdenker	geschichtsdenken er
übersiedler	übersiedeln er
rechtsstaatlich	rechtsstaat lich
gesichtslos	gesicht los
hornberger	hornberg er
anfertigung	anfertigen ung
sexualwissenschaftlich	sexualwissen schaft lich
pausenlos	pause los
gerstenberger	gerstenberg er
erbauung	erbauen ung
privatbesucher	privatbesuch er
programmchefin	programmchef in
kurzsichtig	kurzsicht ig
täschchen	tasche chen
überlinger	überlingen er
beaufsichtigung	be aufsicht ung
showmasterin	showmaster in
oberlehrerin	oberlehrer in
selbstzahlerin	selbstzahler in
mitleidlos	mitleiden los
kursteilnehmerin	kursteilnehmer in
bildungsplaner	bildungsplan er
steuerabzugsfähigkeit	steuerabzugsfähig keit
weiterbildung	weiterbilden ung
hügelig	hügel ig
bautzener	bautzen er
pressechefin	pressechef in
zähflüssigkeit	zähflüssig keit
fragensteller	fragenstelle er
konturenlos	kontur los
ausstellerin	ausstellen er in
rückstandslos	rückstand los
ausbildung	ausbilden ung
ideologin	ideologe in
glashauser	glashaus er
südwestlich	südwest lich
aktenköfferchen	aktenkoffer chen
baltin	balte in
lebensabschnittsgefährtin	lebensabschnittsgefährte in
avantgardemusiker	avantgardemusik er
fleischig	fleisch ig
landeskundlich	landeskunde lich
segmentierung	segment ier ung
entfaltung	entfalten ung
arbeitsrechtlich	arbeitsrecht lich
detailfreudigkeit	detailfreude ig keit
juniorchefin	juniorchef in
betrieblich	betrieb lich
kaliningrader	kaliningrad er
wagner	wagen er
volksfeindlichkeit	volksfeind lich keit
ostseestädter	ostseestadt er
mittlerin	mittler e in
kiefernwäldchen	kiefernwald chen
grünberger	grünberg er
hochschulpräsidentin	hochschulpräsident in
mündchen	mund chen
achter	achten er
rummelsberger	rummelsberg er
wasserburger	wasserburg er
schalter	schalten er
verringerung	ver ring ung
rührig	rühren ig
trägerin	trage er in
stapelbar	stapeln bar
geller	gellen er
indonesierin	indonesien er in
gemeindesekretärin	gemeindesekretär in
tätigkeit	tätig keit
feuilletonistin	feuilleton ist in
begründung	begründen ung
bekehrung	bekehren ung
weitergeltung	weitergelten ung
entscheidungsfähigkeit	entscheidungsfähig keit
unbeirrbarkeit	unbeirrbar keit
strukturlos	struktur los
weißenburger	weißenburg er
verfolger	verfolgen er
rundfunkreporterin	rundfunkreporter in
plattenkäufer	plattenkauf er
nachahmerin	nachahmen er in
eingängigkeit	eingängig keit
defensivspieler	defensivspiel er
abänderung	abändern ung
abholung	abholen ung
statiker	statik er
filmhochschüler	filmhochschule er
unvorsichtig	un vorsicht ig
überschreitbar	überschreiten bar
verläßlichkeit	verlaß lich keit
weiterfinanzierung	weiterfinanzieren ung
wettbewerbsunfähigkeit	wettbewerbsunfähig keit
botmäßigkeit	botmäßig keit
höchstädter	höchstädt er
asylsucher	asylsuche er
römerzeitlich	römerzeit lich
besteuerung	be steuer ung
regierungstauglichkeit	regierungstauglich keit
machttechniker	machttechnik er
vergänglichkeit	vergänglich keit
landgänger	landgang er
erbsenzähler	erbsenzählen er
zuschauer	zuschauen er
automatisierung	automat isch isier ung
generalüberholung	generalüberholen ung
degradierung	degradieren ung
krankschreibung	krankschreiben ung
katzenartig	katzenart ig
vorrichtung	vorrichten ung
auswanderung	auswandern ung
gedichtbändchen	gedichtband chen
lettin	lette in
leonberger	leonberg er
anbiederung	anbiedern ung
blocker	block er
farbberaterin	farbberater in
neinsager	neinsagen er
karin	kar in
turniergewinner	turniergewinn er
krachig	krachen ig
bremerhavenerin	bremerhaven er in
staatspräsidentin	staatspräsident in
süditaliener	süditalien er
sexarbeiter	sexarbeit er
zerstückelung	zerstückeln ung
ökosozialistin	ökosozial ist in
mitspieler	mitspielen er
elendig	elend ig
ettlinger	ettlingen er
leichtsinnig	leichtsinn ig
jugendfreundlich	jugendfreund lich
constantin	constant in
zoobesucher	zoobesuch er
techniker	technik er
weiterbenutzung	weiterbenutzen ung
besatzungsrechtlich	besatzungsrecht lich
aufhetzung	aufhetzen ung
produktionsdesigner	produktionsdesign er
besteller	bestellen er
kreuzigen	kreuz ig
fremdsprachig	fremdsprache ig
verschwörerin	verschwören in
umweltpolitikerin	umweltpolitik er in
abschätzung	abschätzen ung
sozialpolitiker	sozialpolitik er
auffälligkeit	auffällig keit
erholungsbedürftigkeit	erholungsbedürftig keit
uneinlösbar	un einlösen bar
abschaffung	abschaffen ung
normalisierung	norm al isier ung
vorbildlos	vorbild los
vorjahresgewinner	vorjahresgewinn er
sever	seven er
minikleidchen	minikleid chen
traurigkeit	traurig keit
familiensenatorin	familiensenator in
freitaler	freital er
spiegelung	spiegeln ung
helsinkier	helsinki er
legierung	legieren ung
auswegslos	ausweg los
philosophieprofessorin	philosophieprofessor in
oberhausenerin	oberhausen er in
schläger	schlag er
lokalblättchen	lokalblatt chen
machtsüchtig	machtsucht ig
pflichtverteidigerin	pflichtverteidiger in
rechtshänderin	rechtshänder in
stammheimer	stammheim er
siegerin	siegen er in
oppositionsführerin	oppositionsführer in
hauptschüler	hauptschule er
warentester	warentest er
ungültigkeit	un gültig keit
water	waten er
cellistin	cellist in
personalchefin	personalchef in
hörfunkjournalistin	hörfunkjournalist in
nicolin	nicole in
spitzenkämpfer	spitzenkampf er
straßenverkehrsbehördlich	straßenverkehrsbehörde lich
geschäftsleiterin	geschäftsleiter in
schlaflos	schlaf los
tabulos	tabu los
alleinig	allee in ig
prüfung	prüfen ung
rufer	rufen er
waffenlos	waffe los
wirtschaftlich	wirtschaften lich
verkäuferin	verkaufen er in
personalwirtschaftlich	personalwirtschaft lich
ausführbar	ausführen bar
unterrichtung	unterrichten ung
absetzung	absetzen ung
braunlager	braunlage er
perlmutter	perlmutt er
stadtjugendpflegerin	stadtjugendpflege er in
stabilisierung	stabile isier ung
schweineleber	schweineleben er
theaterunternehmer	theaterunternehmen er
politikwissenschaftlich	politikwissenschaft lich
nachsichtig	nachsicht ig
widerstandskämpfer	widerstandskampf er
bildlichkeit	bild lich keit
wohltäter	wohltat er
verkaufsmanagerin	verkaufsmanager in
simulantin	simulant in
postlerin	post ler in
lockerung	lockern ung
polin	pol in
luftdurchlässigkeit	luftdurchlässig keit
trübseligkeit	trübselig keit
geisteswissenschaftlerin	geisteswissenschaft ler in
heilerziehungspfleger	heilerziehungspflege er
hündchen	hund chen
staatswirtschaftlich	staatswirtschaft lich
lesebändchen	leseband chen
sozialrichterin	sozialrichter in
abtretung	abtreten ung
pensionierung	pension ier ung
einberufbar	einberufen bar
mittagsschläfchen	mittagsschlaf chen
hüttenwerker	hüttenwerk er
korntaler	korntal er
lösung	lösen ung
lebenslänglich	lebenslang e lich
sicherheitsexpertin	sicherheitsexperte in
räubern	raub er
unwirtschaftlich	un wirtschaften lich
schändlichkeit	schänden lich keit
rohstofflich	rohstoff lich
krebsmediziner	krebsmedizin er
radfahrer	radfahren er
wildberger	wildberg er
joggerin	joggen er in
berufskollegin	berufskollege in
verwaltungsrechtlich	verwaltungsrecht lich
rächerin	rächen er in
selbsterklärung	selbsterklären ung
umarbeitung	um arbeit ung
hauptakteurin	hauptakteur in
konsumfreudigkeit	konsumfreude ig keit
schmalzig	schmalzen ig
steinhauser	steinhausen er
freudigkeit	freude ig keit
peinigung	pein ig ung
züchtigen	zucht ig
weberhäuschen	weberhaus chen
zusammensetzung	zusammensetzen ung
kunstprofessorin	kunstprofessor in
modellflieger	modellfliegen er
jugendseelsorger	jugendseelsorge er
zeitarbeiter	zeitarbeit er
hobbykünstlerin	hobbykunst ler in
messebauer	messebau er
schreckenberger	schreckenberg er
kleinmütigkeit	kleinmut ig keit
vergewaltiger	ver gewaltige er
leichtlebigkeit	leichtlebig keit
unpfändbar	un pfänden bar
gastlichkeit	gast lich keit
vorstellig	vorstellen ig
umänderung	umändern ung
einig	eine ig
verstaatlichung	ver staat lich ung
ungemütlich	un gemüt lich
polsterung	polstern ung
pressebetreuerin	pressebetreuer in
geldverleiher	geldverleih er
einschnürung	einschnüren ung
berücksichtigung	berücksichtigen ung
direktorin	direktor in
beinhaltung	beinhalten ung
turmspringer	turmspringen er
wohnungsmieter	wohnungsmiete er
schweinezüchter	schweinezucht er
menschenrechtsaktivistin	menschenrechtsaktivist in
finanzberaterin	finanzberater in
verschmutzer	ver schmutz er
bestechung	bestechen ung
männerlos	mann los
geschichtsträchtigkeit	geschichtsträchtig keit
luftlos	luft los
aufmachung	aufmachen ung
senker	senke er
raunheimer	raunheim er
willenlos	wille los
schmalspurig	schmalspur ig
tanzpädagogin	tanzpädagoge in
erwägung	erwägen ung
regelbar	regeln bar
miesmacher	miesmachen er
bewährungshelferin	bewährungshelfer in
schauenburger	schauenburg er
wunderlichkeit	wundern lich keit
wiederbegründung	wiederbegründen ung
regulierung	regulieren ung
pflegedirektorin	pflegedirektor in
einsperrung	einsperren ung
beischläfer	beischlaf er
einspritzung	einspritzen ung
einschärfung	einschärfen ung
bootsbauer	bootsbau er
dresdnerin	dresden er in
insassin	insasse in
finanzmanagerin	finanzmanager in
kirchgänger	kirchgang er
führungslos	führung los
breitenberger	breitenberg er
wolkenlos	wolke los
öffentlichkeitsarbeiter	öffentlichkeitsarbeit er
frischhaltung	frischhalten ung
schlosserin	schlosser in
stromsparer	stromsparen er
päpstlich	papst lich
säuger	säugen er
trainingsfleißig	trainingsfleiß ig
überblendung	über blenden e ung
transformierung	transformieren ung
spüler	spülen er
erfindung	erfinden ung
belastbarkeit	belastbar keit
minderheitenfeindlichkeit	minderheitenfeindlich keit
gastsängerin	gastsänger in
piepser	piepsen er
seestädter	seestadt er
kicker	kicken er
verzerrung	verzerren ung
verfassungsfeindlich	verfassungsfeind lich
erkundigung	erkundigen ung
pietätlos	pietät los
ausprägung	ausprägen ung
anmaßung	anmaßen ung
mündlichkeit	mündlich keit
polospieler	polospiel er
schweigsamkeit	schweigen sam keit
kipper	kippen er
christain	christa in
naturschutzrechtlich	naturschutzrecht lich
vergesellschaftung	ver gesellschaft ung
risikofreudig	risikofreude ig
bundesjustizministerin	bundesjustizminister in
diplomtheologin	diplomtheologe in
starnberger	starnberg er
formatierung	format ier ung
fernsehredakteurin	fernsehredakteur in
pflanzenschützer	pflanzenschutz er
prostituiertenmörder	prostituiertenmord er
vorstellbar	vorstellen bar
apothekenpflichtig	apothekenpflicht ig
überdosierung	überdosieren ung
wellenreiter	wellenreiten er
kartoffelbauer	kartoffelbau er
spitzenathletin	spitzenathlet in
stopper	stoppen er
thematisierung	thema atisch isier ung
weiterführung	weiterführen ung
verblüffung	verblüffen ung
gleichmütigkeit	gleichmut ig keit
bemäntelung	bemänteln ung
weiner	weinen er
verdienstlich	verdienst lich
benützer	benutzen er
wahlfähigkeit	wahlfähig keit
versammlungsrechtlich	versammlungsrecht lich
langläuferin	langlaufen er in
vertreterin	vertreten er in
altenstädter	altenstadt er
vielfältigkeit	vielfalt ig keit
vierteilig	vierteil ig
mittelständig	mittelstand ig
fahrradfahrer	fahrradfahren er
galeriebesucher	galeriebesuch er
lohndrücker	lohndruck er
blumenberger	blumenberg er
nachmeldung	nachmelden ung
weiterförderung	weiterfördern ung
rostbratwürstchen	rostbratwurst chen
alpträumer	alptraum er
verderberin	ver derb er in
belüftung	belüften ung
erdarbeiter	erdarbeit er
schuldunfähigkeit	schuldunfähig keit
kraftfahrzeugmechanikerin	kraftfahrzeugmechaniker in
suppig	suppe ig
vermummung	ver mumm ung
wichtelmännchen	wichtelmann chen
titelheldin	titelheld in
friesin	friese in
frauenfreundlich	frauenfreund lich
kurzwellig	kurzwelle ig
seidig	seide ig
motorisierung	motor isch isier ung
bürgermeisterlich	bürgermeister lich
heimbewohnerin	heimbewohner in
verblutung	ver blut ung
jungsozialistin	jungsozialist in
doppelweltmeisterin	doppelweltmeister in
sozialstaatlichkeit	sozialstaat lich keit
sinnenfreudig	sinnenfreude ig
fernöstlich	fernost lich
bahnbauer	bahnbau er
schöngeistig	schöngeist ig
osteroder	osterode er
säuerlichkeit	säuern lich keit
gebührenpflichtig	gebührenpflicht ig
lachszüchter	lachszucht er
schneckenförmig	schneckenform ig
orientalistin	orientale isch ist in
cheflektorin	cheflektor in
erfassung	erfassen ung
harlemer	harlem er
unwirtschaftlichkeit	un wirtschaften lich keit
versiegelung	ver siegel ung
kunsträuber	kunstraub er
sportdezernentin	sportdezernent in
vernebelung	ver nebeln el ung
landesgeschichtlich	landesgeschichte lich
schnittig	schnitte ig
strafrichterin	strafrichter in
entbehrlichkeit	entbehren lich keit
aberwitzig	aberwitz ig
unwiderstehlichkeit	unwiderstehlich keit
unnahbarkeit	unnahbar keit
munterkeit	munter keit
einsitzer	einsitzen er
träger	trage er
bläser	blase er
hektiker	hektik er
losung	losen ung
selbstmitleidig	selbstmitleid ig
epileptikerin	epileptiker in
wildwasserfahrer	wildwasserfahren er
titelgewinner	titelgewinn er
lehrgangsteilnehmerin	lehrgangsteilnehmer in
gespannfahrer	gespannfahren er
jähzornig	jähzorn ig
unartig	unart ig
schrullig	schrulle ig
sterblichkeit	sterben lich keit
hofnachfolger	hofnachfolge er
schlampig	schlampen ig
berufsstarter	berufsstart er
landeskirchlich	landeskirche lich
philosophielehrerin	philosophielehrer in
anfechtung	anfechten ung
einzeltäter	einzeltat er
förderung	fördern ung
schmucklos	schmuck los
entschließung	entschließen ung
celestin	celeste in
landesbanker	landesbank er
hautverträglichkeit	hautverträglich keit
wiedererstehung	wiedererstehen ung
einspringer	einspringen er
geschwätzigkeit	schwatz sfx ig keit
sünderin	sünde er in
kleinteilig	kleinteil ig
halbjährig	halbjahr ig
publizistin	publizist in
landeigentümer	landeigentum er
verklärung	verklären ung
väterchen	vater chen
voranmeldung	voranmelden ung
lichtfleckchen	lichtfleck chen
notwendigkeit	notwendig keit
hochschätzung	hochschätzen ung
verbiegung	ver biege ung
folgsamkeit	folgen sam keit
neurologin	neurologe in
pitter	pitt er
geflügelzüchter	geflügelzucht er
verkaufsständer	verkaufsstand er
sprachforscherin	sprachforscher in
überempfindlichkeit	über empfinden lich keit
todesbotin	todesbote in
stimmrechtlos	stimmrecht los
falschspieler	falschspiel er
geschäftlich	geschäft lich
modellierung	modell ier ung
wirklichkeit	wirken lich keit
rechtsreferentin	rechtsreferent in
unterbeschäftigung	unterbeschäftigen ung
unumkehrbar	un umkehren bar
bundesligaspieler	bundesligaspiel er
umleitung	umleiten ung
flößer	floß er
bierbrauer	bierbrauen er
besiegelung	besiegeln ung
seligsprechung	seligsprechen ung
brüderchen	bruder chen
bankräuber	bankraub er
glitschig	glitschen ig
karrieremacher	karrieremachen er
gipfelstürmer	gipfelsturm er
riegelsberger	riegelsberg er
seminarteilnehmerin	seminarteilnehmer in
häßlich	haß lich
recorder	record er
fledermausschützer	fledermausschutz er
heilig	heil e ig
einlegung	einlegen ung
keramikerin	keramik er in
verschleppung	ver schleppe ung
außerdienstlich	außer dienst lich
kulturkritikerin	kulturkritik er in
friedenscamper	friedenscamp er
krankenhaussprecherin	krankenhaussprecher in
unterpächterin	unterpächter in
tanneberger	tanneberg er
schlesier	schlesien er
sizilianerin	sizilianer in
absolvierung	absolvieren ung
fahnenschwenker	fahnenschwenken er
marsberger	marsberg er
veranstalterin	ver anstalt er in
sportlich	sport lich
erneuerung	erneuern ung
straffälligkeit	straffall ig keit
sichtbarlich	sichten bar lich
tagungsteilnehmerin	tagungsteilnehmer in
bauhandwerklich	bauhandwerk lich
tastendrücker	tastendruck er
sportlerin	sport ler in
erschlaffung	erschlaffen ung
biologiestudentin	biologiestudent in
schlemmer	schlemmen er
vollstreckerin	vollstrecken er in
elsner	elsen er
jugendamtsleiterin	jugendamtsleiter in
ehelich	ehe lich
reformfreudig	reformfreude ig
vertreiber	vertreiben er
einlieferer	einliefern er
abdecker	abdecken er
pastellig	pastell ig
konfliktträchtigkeit	konfliktträchtig keit
anschmiegsamkeit	anschmiegen sam keit
bettlerin	betteln er in
pariser	paris er
lästigkeit	lästig keit
planierung	planie ier ung
verpressung	verpressen ung
abdin	abd in
königshofer	königshof er
gegenteilig	gegenteil ig
bezichtigung	bezichtigen ung
direktionsassistentin	direktionsassistent in
kandidatin	kandidat in
ausführer	ausführen er
krefelder	krefeld er
kräftigung	kräftigen ung
straßenplaner	straßenplan er
feinmechanikerin	feinmechanik er in
sylvain	sylva in
weindörfchen	weindorf chen
parteiförmig	parteiform ig
sechsmalig	sechsmal ig
öffentlichkeitsarbeiterin	öffentlichkeitsarbeit er in
wertlos	wert los
ablenkung	ablenken ung
jagdhornbläser	jagdhornblasen er
walter	walt er
schulplaner	schulplan er
boxberger	boxberg er
primatenforscherin	primatenforscher in
abteilungsdirektorin	abteilungsdirektor in
besserung	bessern ung
auswirkung	auswirken ung
berlinerin	berlin er in
potsdamerin	potsdam er in
überweltlich	über welt lich
reiter	reiten er
überführung	überführen ung
hörfunkdirektorin	hörfunkdirektor in
hauptkommissarin	hauptkommissar in
finderin	finden er in
sprachwissenschaftlerin	sprachwissenschaft ler in
verkörperung	ver körper ung
teepflanzer	teepflanze er
zwischengeschlechtlich	zwischen geschlecht lich
theaterregisseurin	theaterregisseur in
übermenschlich	übermensch lich
regenerierung	regenerieren ung
rechtswirksamkeit	rechtswirksam keit
trennbar	trennen bar
hochverdiener	hochverdienen er
müllerin	mull er in
nahostexpertin	nahostexperte in
schrumpfung	schrumpfen ung
slalomläufer	slalomlauf er
präzedenzlos	präzedenz los
entsorger	entsorgen er
meinungsführerin	meinungsführer in
kränzchen	kranz chen
bibelleser	bibellesen er
bundespolitikerin	bundespolitik er in
wettenberger	wettenberg er
gründerzeitlich	gründerzeit lich
offenbarer	offenbaren er
gänzlich	ganz e lich
jugendläufer	jugendlauf er
ankurbelung	ankurbeln ung
selbstbetrüger	selbstbetrug er
schützbar	schützen bar
wirker	wirken er
kommentarlos	kommentar los
unterdrücker	unterdrücken er
schwerbehinderung	schwerbehindern ung
personalleiterin	personalleiter in
schweriner	schwer e in er
jugendsprecherin	jugendsprecher in
fahrrädchen	fahrrad chen
treffer	treff er
färber	farbe er
eindeutigkeit	eindeutig keit
militärmediziner	militärmedizin er
holzhauser	holzhausen er
verätzung	verätzen ung
leningrader	leningrad er
zukünftig	zukunft ig
unbillig	unbill ig
ehrlos	ehren e los
bestellerin	bestellen er in
verzettelung	verzetteln ung
firmenchefin	firmenchef in
hammerwerfer	hammerwerfen er
sozialversicherungsrechtlich	sozialversicherungsrecht lich
immobilienhändlerin	immobilienhändler in
undurchsichtigkeit	un durchsicht ig keit
hauser	hausen er
beauftragung	be auftrag ung
nachmieterin	nachmieter in
philologin	philologe in
nachchristlich	nach chr ist lich
verwalter	verwalten er
zwielichtig	zwielicht ig
einwohnerin	einwohner in
reuig	reue ig
jugendtrainerin	jugendtrainer in
nicaraguanerin	nicaragua aner in
perspektivelos	perspektive los
vermittler	vermitteln er
umweltreferentin	umweltreferent in
hochstämmig	hochstamm ig
täfelung	täfeln ung
aussiedelung	aussiedeln ung
knackig	knacken ig
kodierung	kode ier ung
bestechlich	bestechen lich
samenkörnchen	samenkorn chen
verschleierung	ver schleier ung
potsdamer	potsdam er
abfällig	abfällen ig
gesundheitsdezernentin	gesundheitsdezernent in
amtsträgerin	amtsträger in
gauklerin	gaukeln er in
langener	lange n er
wundertätig	wundertat ig
eisschnelläuferin	eisschnellaufen er in
frauenlos	frau los
schulreformer	schulreform er
cheftrainerin	cheftrainer in
klostergärtner	klostergarten er
privatbesitzer	privatbesitz er
solotänzer	solotanz er
neurotikerin	neurotiker in
überfreundlich	über freund lich
schnüffler	schnüffeln er
botaniker	botanik er
hain	hae in
zukunftsplaner	zukunftsplan er
ressortleiterin	ressortleiter in
tröstlich	trost lich
belegbar	belegen bar
regionalwissenschaftlich	regionalwissenschaft lich
mentalmagier	mentalmagie er
augustiner	auguste ine er
natürlicher	natürlichen er
geschmeidig	geschmeide ig
gräfin	gräf in
bundestrainerin	bundestrainer in
aachener	aachen er
anlagenbauer	anlagenbau er
schäbig	schabe ig
mongolin	mongole in
rumpelig	rumpel ig
umweltsünderin	umweltsünde er in
waldbaulich	waldbau lich
ideengeberin	ideengeber in
schmarotzer	schmarotzen er
strapazierbar	strapaze ier bar
neubürgerin	neuburg er in
bejahung	bejahen ung
unüberwindbar	un überwinden bar
tatzeugin	tatzeuge in
bodensteiner	bodenstein er
folterung	foltern ung
senatsplaner	senatsplan er
demokratisierung	demokrat isch isier ung
jahresdurchschnittlich	jahresdurchschnitt lich
genehmigungsfähigkeit	genehmigungsfähig keit
unehrlichkeit	unehre lich keit
ottersberger	ottersberg er
mütterlich	mutter lich
lokalpolitikerin	lokalpolitik er in
kostendrücker	kostendruck er
familienfreundlichkeit	familienfreund lich keit
zukunftsträchtigkeit	zukunftsträchtig keit
skifahrerin	skifahren er in
einzelstarterin	einzelstart er in
entbehrlich	entbehren lich
bedenklichkeit	bedenken lich keit
tamilin	tamile in
spinnerin	spinnen in
veterinärmediziner	veterinärmedizin er
finnin	finne in
traditionslos	tradition los
muffelig	muffel ig
zeitplaner	zeitplan er
gewerkschaftssekretärin	gewerkschaftssekretär in
vereinsgründerin	vereinsgründer in
telefonistin	telefon isch ist in
freibadbesucher	freibadbesuch er
hochschuldozentin	hochschuldozent in
querulantin	querulant in
bootsfahrer	bootsfahren er
schädlichkeit	schädlich keit
beschützer	beschützen er
parlamentsvizepräsidentin	parlamentsvizepräsident in
medizinaldirektorin	medizinaldirektor in
hiller	hille er
besucherin	besuchen er in
athletin	athlet in
eigenverantwortlichkeit	eigenverantwortlich keit
studienberaterin	studienberater in
regenburger	regenburg er
tanker	tank er
ulmer	ulme er
abrichtung	abrichten ung
notenbanker	notenbank er
waldbesitzer	waldbesitz er
heizlüfter	heizluft er
fraktionslos	fraktion los
beweisfähigkeit	beweisfähig keit
lebenstüchtigkeit	lebenstüchtig keit
wissenschaftlich	wissenschaft lich
klosterschüler	klosterschule er
wahlkampfmanagerin	wahlkampfmanager in
hörspielautorin	hörspielautor in
mitternächtlich	mitternacht lich
aufbewahrung	aufbewahren ung
schillern	schill er
ausfällig	ausfallen ig
individualrechtlich	individualrecht lich
kampfgefährtin	kampfgefährte in
flügellos	flügel los
blumenhändlerin	blumenhändler in
steiermärker	steiermark er
beschimpfung	be schimpf ung
siemensstädter	siemensstadt er
bildungsreferentin	bildungsreferent in
frühherbstlich	frühherbst lich
selbstähnlichkeit	selbstähnlich keit
ansagerin	ansage er in
bauchtänzerin	bauchtanzen er in
durchleuchtung	durch leuchten e ung
ausmusterung	aus muster ung
bankdrücker	bankdruck er
landschaftlich	landschaft lich
erklärung	erklären ung
bildungsdezernentin	bildungsdezernent in
regreßpflichtig	regreßpflicht ig
treuhandchefin	treuhandchef in
einzäunung	einzäunen ung
islamwissenschaftlerin	islamwissenschaft ler in
innovationsfreudig	innovationsfreude ig
runzelig	runzel ig
schmutzig	schmutz ig
religionslehrer	religionslehre er
fahnenschwinger	fahnenschwingen er
deckung	decken ung
kriminalhauptkommissarin	kriminalhauptkommissar in
entschleierung	entschleiern ung
überflüssigkeit	über flüssig keit
kriegstreiber	kriegstreiben er
chemnitzerin	chemnitz er in
berufsgerichtlich	berufsgericht lich
rabensteiner	rabenstein er
reglementierung	reglement ier ung
kulturministerin	kulturminister in
ausspähung	ausspähen ung
unbezahlbar	un bezahlen bar
tarifrechtlich	tarifrecht lich
minderjährigkeit	minderjährig keit
verhaftung	ver haft ung
protagonistin	protagonist in
hochmütig	hochmut ig
kunstturnerin	kunstturnen er in
gottesfürchtig	gottesfurcht ig
einzeichnung	einzeichnen ung
kabellos	kabel los
vernünftig	vernunft ig
unbefahrbar	un befahren bar
galeriebesitzerin	galeriebesitzer in
finanzkräftig	finanzkraft ig
finanzchefin	finanzchef in
ortskundig	ortskunde ig
kerner	kern er
gewerkschaftsaktivistin	gewerkschaftsaktivist in
baurechtlich	baurecht lich
freizügigkeit	freizügig keit
verfrachtung	ver fracht ung
verpfändung	verpfänden ung
kemper	kemp er
zivildienstpflichtig	zivildienstpflicht ig
esser	essen er
dolmetscherin	dolmetschen er in
weltpolizeilich	weltpolizei lich
industriegesellschaftlich	industriegesellschaft lich
kommunalpolitiker	kommunalpolitik er
scheckbetrüger	scheckbetrug er
vergleichbarkeit	ver gleich bar keit
druckunternehmer	druckunternehmen er
offiziersschüler	offiziersschule er
arbeitsfähigkeit	arbeitsfähig keit
kreismeisterin	kreismeister in
neuhauser	neuhausen er
achtbar	achten bar
kulturfeindlichkeit	kulturfeindlich keit
begriffslos	begriff los
kassierer	kassieren er
abflußlos	abfluß los
bewaffnung	bewaffnen ung
tischtennisspieler	tischtennisspielen er
hinfällig	hinfallen ig
veräußerung	veräußern ung
stutzer	stutz er
evin	eve in
zuerkennung	zuerkennen ung
albin	albe in
steuersparer	steuersparen er
busenfreundin	busenfreund in
kragenlos	kragen los
schrecklich	schreck lich
abordnung	abordnen ung
morgig	morgen ig
einwerbung	einwerben ung
mannschaftssprecherin	mannschaftssprecher in
überbeschäftigung	überbeschäftigen ung
verstellbar	verstellen bar
zögerlich	zögern lich
angreifbar	angreifen bar
hauptverursacherin	hauptverursacher in
isin	ise in
fischerin	fischen er in
alltagstauglichkeit	alltagstauglich keit
unsachlich	un sache lich
mainstädter	mainstadt er
regierungspolitiker	regierungspolitik er
klassenkämpfer	klassenkampf er
steuersünder	steuersünde er
tiefbauer	tiefbau er
ehrbarkeit	ehrbar keit
festigen	fest e ig
fallschirmspringer	fallschirmspringen er
grasig	grasen ig
verpackung	verpacken ung
bieterin	bieten er in
übersetzbar	übersetzen bar
steuerzahlerin	steuerzahl er in
wissenschaftsexpertin	wissenschaftsexperte in
vertreter	vertreten er
metaller	metall er
vorführer	vorführen er
obstverkäuferin	obstverkauf er in
bildlos	bild los
dürftigkeit	dürftig keit
polizeireporterin	polizeireport er in
hinterberger	hinterberg er
westberlinerin	westberlin er in
abbildung	abbilden ung
streber	streben er
untermischung	untermischen ung
diesseitigkeit	diesseitig keit
maschinenbauer	maschinenbau er
privatschüler	privatschule er
hafenarbeiter	hafenarbeit er
realisierbar	real isier bar
verkehrung	verkehren ung
großmannsüchtig	großmannsucht ig
lizenzgeberin	lizenzgeber in
bühnenmusiker	bühnenmusik er
konvertierung	konvertieren ung
erker	erke er
widerspruchsführerin	widerspruchsführer in
leunaer	leuna er
drucker	drucken er
carin	care in
erblasser	erblassen er
flatterig	flattern ig
landtagskandidatin	landtagskandidat in
lufttransporter	lufttransport er
preisträgerin	preisträger in
verträglichkeit	vertrag lich keit
vegetarierin	vegetarier in
heiratsvermittlerin	heiratsvermittler in
wüstenstürmer	wüstensturm er
deichbauer	deichbau er
aufmerksamkeit	aufmerksam keit
bühler	buhl er
ministeriumssprecherin	ministeriumssprecher in
enttarnung	enttarnen ung
sexualmörder	sexualmord er
dominikanerin	dominika aner in
gestaltungsfähigkeit	gestaltungsfähig keit
stuttgarterin	stuttgart er in
neudecker	neudeck er
einbettung	einbetten ung
verkaufsleiterin	verkaufsleiter in
leidensgenossin	leidensgenosse in
füller	füllen er
rosenkönigin	rosenkönig in
oberstufenschülerin	oberstufenschule er in
verkehrsgünstig	verkehrsgunst ig
bohrer	bohren er
entlastungszeugin	entlastungszeuge in
staatsverbrecher	staatsverbrechen er
süchtig	sucht ig
moskauer	moskau er
teetrinker	teetrinken er
unterkapitalisierung	unterkapitalisieren ung
zusammenlegung	zusammenlegen ung
wilkin	wilke in
ludwigsburgerin	ludwigsburg er in
verkäuflichkeit	verkauf lich keit
sehnig	sehnen ig
formbarkeit	formen bar keit
rechtstaatlichkeit	rechtstaat lich keit
fettnäpfchen	fettnapf chen
jugendpolitiker	jugendpolitik er
heilerziehungspflegerin	heilerziehungspflege er in
songschreiber	songschreiben er
rechtspflegerin	rechtspflege er in
beifügung	beifügen ung
theatergeschichtlich	theatergeschichte lich
doppelspieler	doppelspiel er
weichensteller	weichenstelle er
nachträglich	nachtrag lich
widerspenstigkeit	widerspenstig keit
nuancierung	nuance ier ung
unterhachinger	unterhaching er
werber	werben er
baseballspieler	baseballspiel er
lokalreporterin	lokalreporter in
vereinsfreundlich	vereinsfreund lich
ersatzbewerberin	ersatzbewerber in
ehegattin	ehegatte in
preisdrücker	preisdruck er
widerruflich	widerrufen lich
isländerin	island er in
verwässerung	verwässern ung
kleinkrämer	kleinkram er
dechiffrierung	dechiffrieren ung
lieferer	liefern er
lehrstuhlinhaberin	lehrstuhlinhaber in
kundin	kunde in
verherrlichen	ver herr lich
leverkusenerin	leverkusen er in
bemessung	bemessen ung
fiatfahrerin	fiatfahrer in
vorleser	vorlesen er
stimmungsmacher	stimmungsmache er
beruhigung	beruhigen ung
saboteurin	saboteur in
bassistin	basse ist in
mediziner	medizin er
tanzschüler	tanzschule er
hauptamtlich	hauptamt lich
oberbürgermeisterin	oberbürgermeister in
zuträglichkeit	zuträglich keit
goldmedaillengewinner	goldmedaillengewinn er
unkenntlichkeit	un kenntlich keit
lechtaler	lechtal er
temperamentlos	temperament los
reagenzgläschen	reagenzglas chen
kühlung	kühlen ung
voraussetzungslos	voraussetzen ung los
liebchen	lieb e chen
versorgungsrechtlich	versorgungsrecht lich
angolanerin	angola aner in
kunstkritikerin	kunstkritik er in
ferienhäuschen	ferienhaus chen
unterlegung	unterlegen ung
schätzbar	schätzen bar
absplitterung	ab splitten ung
skeptikerin	skeptiker in
vollziehbarkeit	vollziehen bar keit
wirtschaftsprofessorin	wirtschaftsprofessor in
objektschützer	objektschutz er
familienunternehmer	familienunternehmen er
torhüterin	torhüter in
metzinger	metzingen er
raffung	raffen ung
medizinerin	medizin er in
setzung	setzen ung
hofheimer	hofheim er
pilzesucher	pilzesuche n er
kartin	karte in
hecker	heck er
jungsteinzeitlich	jungsteinzeit lich
adelung	adeln ung
eigenwilligkeit	eigenwille ig keit
buchung	buchen ung
fernhaltung	fernhalten ung
puppenspielerin	puppenspielen er in
wiederbesetzung	wiederbesetzen ung
wahlsieger	wahlsieg er
enteignung	enteignen ung
fabrikarbeiterin	fabrikarbeit er in
herrscher	herrschen er
fahrzeugbauer	fahrzeugbau er
theaterkritiker	theaterkritik er
theaterdirektorin	theaterdirektor in
karriereplaner	karriereplan er
giftspritzer	giftspritze er
braunschweiger	braunschweig er
lustmörder	lustmord er
nuklearmediziner	nuklearmedizin er
aufsässigkeit	aufsässig keit
glasmalerin	glasmaler in
unbeugsamkeit	unbeugsam keit
echolos	echo los
sprücheklopfer	sprücheklopfen er
armeesprecherin	armeesprecher in
beschattung	beschatten ung
starringer	starring er
nebeneinanderstellung	nebeneinanderstellen ung
blutdürstig	blutdurst ig
eichelberger	eichelberg er
nationalheldin	nationalheld in
erbin	erbe in
teilstaatlich	teilstaat lich
dehnung	dehnen ung
atomfreundlich	atomfreund lich
kommandantin	kommandant in
kurseelsorger	kurseelsorge er
golfplatzbauer	golfplatzbau er
rekordgewinner	rekordgewinn er
halterin	halten er in
wirkungslos	wirken ung los
pflegeschüler	pflegeschule er
nichtmenschlich	nichtmensch lich
verknappung	ver knapp ung
feierlich	feier lich
modeschöpferin	modeschöpfer in
zusammenziehung	zusammenziehen ung
religionspädagogin	religionspädagoge in
handbüchlein	handbuch lein
liedchen	lied chen
wechsler	wechseln er
sieger	siegen er
herausforderung	herausfordern ung
heuschreckenartig	heuschreckenart ig
spanierin	spanien er in
selbstüberzeugung	selbstüberzeugen ung
bauwerker	bauwerk er
neuberger	neuberg er
regionalgeschichtlich	regionalgeschichte lich
sinnesfreudig	sinnesfreude ig
tanzpartnerin	tanzpartner in
vollzugstauglichkeit	vollzugstauglich keit
verhandlungsführerin	verhandlungsführer in
robbenfänger	robbenfang er
übersendung	übersenden ung
widerspruchslos	widerspruch los
schöneberger	schöneberg er
unheilbarkeit	un heilen bar keit
besetzer	besetzen er
übermächtig	übermacht ig
grünlich	grün e lich
posträuber	postraub er
erleuchtung	er leuchten e ung
librettistin	librettist in
breitensportlich	breitensport lich
handtaschenräuber	handtaschenraub er
geschäftsunfähigkeit	geschäftsunfähig keit
verewigung	ver ewig ung
zäunchen	zaun chen
konturlos	kontur los
instrumentierung	instrument ier ung
erlanger	erlangen er
diplomsportlehrerin	diplomsportlehrer in
beteiligung	beteiligen ung
nachdichtung	nach dicht ung
staatsdichterin	staatsdichter in
übersetzer	übersetzen er
wächter	wächte er
holzbauer	holzbau er
dienstpflichtig	dienstpflicht ig
etappensieger	etappensieg er
karosseriebauer	karosseriebau er
pflichtig	pflichten ig
kunstfeindlichkeit	kunstfeindlich keit
lagerleiterin	lagerleiter in
begrüßung	begrüßen ung
familienrechtlich	familienrecht lich
tatsächlichkeit	tatsächlich keit
teilzeitarbeiter	teilzeitarbeit er
wiedereinführung	wiedereinführen ung
gewöhnlichkeit	gewöhnen lich keit
südbadener	südbaden er
schulfachlich	schulfach lich
finanzierbar	finanz ier bar
punker	punk er
schriftsetzerin	schriftsetzer in
hersteller	herstellen er
scheckig	schecke ig
vergegenständlichen	ver gegenstand lich
medizinsoziologin	medizinsoziologe in
kanzlerin	kanzler in
haitianerin	haiti aner in
rückkehrer	rückkehr er
ingelheimer	ingelheim er
kreditwürdigkeit	kreditwürdig keit
fußballspieler	fußballspielen er
brüderlein	bruder lein
kurzweilig	kurzweil ig
unmanierlich	un manier lich
frontkämpfer	frontkampf er
schmalzlockig	schmalzlocken ig
dränger	drang er
boutiquebesitzerin	boutiquebesitzer in
viktorin	viktor in
tierfreundin	tierfreund in
nachahmungstäter	nachahmungstat er
austauschbar	austauschen bar
schwärmerin	schwärmen er in
viehhauser	viehhausen er
kanzlerberaterin	kanzlerberater in
literaturprofessorin	literaturprofessor in
dienlich	dienen lich
preßburger	preßburg er
altbesitzer	altbesitz er
zurückhaltung	zurückhalten ung
politiklehrerin	politiklehrer in
obdachloser	obdachlose n er
trainerin	train er in
kindlich	kind lich
fachgruppenleiterin	fachgruppenleiter in
berlinbesucher	berlinbesuch er
einhebung	einheben ung
wirtschaftsgeschichtlich	wirtschaftsgeschichte lich
reformfeindlich	reformfeind lich
wörtlich	wort lich
schwesterlein	schwester lein
sandig	sand ig
spitzenmanagerin	spitzenmanager in
christianisierung	christiane isier ung
ewigkeit	ewig keit
handelspolitiker	handelspolitik er
privatwirtschaftlich	privatwirtschaft lich
finanzpolitiker	finanzpolitik er
solotrompeter	solotrompete er
einsilbigkeit	einsilbig keit
sozialistin	soziale ist in
unvergleichbar	un ver gleich bar
beweger	bewegen er
taxifahrer	taxifahren er
pferdekutscher	pferdekutsche er
entfesselung	entfesseln ung
jain	ja in
seniorenbetreuerin	seniorenbetreuer in
fahrschüler	fahrschule er
bewegungsfähigkeit	bewegungsfähig keit
polarisierung	polar isier ung
eingreifer	eingreifen er
beschäftigungspflichtig	beschäftigungspflicht ig
bildner	bilden er
anpreisung	anpreisen ung
entsorgungsplaner	entsorgungsplan er
neckarstädtchen	neckarstadt chen
standesamtlich	standesamt lich
aufrichtung	aufrichten ung
streicher	streichen er
esin	ese in
schnitter	schnitte er
konkretisierung	konkrete isier ung
aufsteiger	aufsteigen er
akkordeonspieler	akkordeonspiel er
ehrwürdig	ehrwürde ig
martin	marte in
steinzeitlich	steinzeit lich
erkundung	erkunden ung
anerkennung	anerkennen ung
überschwemmung	über schwemmen e ung
anfälligkeit	anfallen ig keit
altehrwürdigkeit	altehrwürdig keit
glückstädter	glückstadt er
edinburgher	edinburgh er
belgierin	belgien er in
vorleserin	vorlesen er in
punktezähler	punktezahl er
krampfig	krampf ig
kapitalkräftig	kapitalkraft ig
besitzerin	besitzen er in
schwarzenberger	schwarzenberg er
krankenpfleger	krankenpflege er
bibliotheksbesucher	bibliotheksbesuch er
veruntreuung	ver untreu e ung
übersetzung	übersetzen ung
flugzeugattentäter	flugzeugattentat er
wahlrechtlich	wahlrecht lich
jordanierin	jordan ien er in
uniformierung	uniforme ier ung
einmaligkeit	einmalen ig keit
steinbauer	steinbau er
staatsekretärin	staatsekretär in
nordseefischer	nordseefisch er
illustratorin	illustrator in
innerlich	inner e lich
nationalgeschichtlich	nationalgeschichte lich
projektmanagerin	projektmanager in
skispringer	skispringen er
zivilrichterin	zivilrichter in
fernsehsüchtig	fernsehsucht ig
zappelig	zappeln ig
freiverkäuflich	freiverkauf lich
gelegenheitskäufer	gelegenheitskauf er
versucherin	versuchen er in
einzelstaatlich	einzelstaat lich
europafähigkeit	europafähig keit
formulierung	formulieren ung
musterschüler	musterschule er
gleisbauer	gleisbau er
landflüchtig	landflucht ig
ritterlichkeit	ritt er lich keit
saxophonspieler	saxophonspiel er
gleichwertigkeit	gleichwertig keit
abstufung	abstufen ung
expliziter	explizit e er
rinderzüchter	rinderzucht er
erwerbswirtschaftlich	erwerbswirtschaft lich
einweisung	einweisen ung
mißgünstig	mißgunst ig
rober	robe er
übeltäter	übeltat er
kundenbetreuerin	kundenbetreuer in
entschuldbar	entschulden bar
eisenbahnerin	eisenbahn er in
langwierigkeit	langwierig keit
göttingerin	göttingen er in
arbeitsvertraglich	arbeitsvertrag lich
vorsehung	vorsehen ung
fernschüler	fernschule er
studienleiterin	studienleiter in
störung	stören ung
lebensnotwendigkeit	lebensnotwendig keit
verdaulichkeit	verdauen lich keit
konsumkritiker	konsumkritik er
tablettenabhängigkeit	tablettenabhängig keit
küster	küste er
verwachsung	verwachsen ung
landschaftsschützer	landschaftsschutz er
atomkraftgegnerin	atomkraftgegner in
löschung	löschen ung
musterkläger	musterklage er
krankenpflegeschülerin	krankenpflegeschule er in
zulässigkeit	zulassen ig keit
sperrung	sperren ung
diplomverwaltungswirtin	diplomverwaltungswirt in
unbeweglich	un bewegen lich
bewegungstherapeutin	bewegungstherapeut in
wohnungsmieterin	wohnungsmiete er in
lärmempfindlichkeit	lärmempfindlich keit
kommilitonin	kommilitone in
bitterlich	bitter lich
beistellung	beistellen ung
novellierung	novelle ier ung
beschlußunfähigkeit	beschlußunfähig keit
verkehrsexpertin	verkehrsexperte in
bronzemedaillengewinnerin	bronzemedaillengewinner in
archäologin	archäologe in
dreibeinig	dreibein ig
wettkämpferin	wettkämpfen in
abschreckung	abschrecken ung
rechtsgutachter	rechtsgutachten er
engländerin	england er in
übersiedlerin	übersiedeln er in
kioskverkäuferin	kioskverkauf er in
verdiener	verdienen er
diskriminierung	diskriminieren ung
anheuerung	anheuern ung
sexualtäter	sexualtat er
vereinslos	verein los
küsterin	küste er in
überschuldung	überschulden ung
herder	herd er
kolumbianerin	kolumbianer in
abschnürung	abschnüren ung
landtagskollegin	landtagskollege in
vergegenwärtigen	ver gegenwart ig
eichenwäldchen	eichenwald chen
auslassung	auslassen ung
hörerin	hören er in
steuerfachgehilfin	steuerfachgehilfe in
mitläufer	mitlaufen er
befehligen	befehl ig
datierung	datieren ung
annäherung	annähern ung
feuerleger	feuerlegen er
überleitung	überleiten ung
umweltverträglichkeit	umweltverträglich keit
betriebsseelsorger	betriebsseelsorge er
kurierfahrerin	kurierfahrer in
kindermörderin	kindermord er in
selbstgestaltung	selbstgestalten ung
tunesierin	tunesien er in
gemeindereferentin	gemeindereferent in
reformistin	reform ist in
akklimatisierung	akklimatisieren ung
hörfunker	hörfunk er
verquickung	ver quick ung
türkeiurlauber	türkeiurlaub er
bremerhavener	bremerhaven er
reifung	reifen ung
herzförmig	herzform ig
rauschgiftabhängigkeit	rauschgiftabhängig keit
schülervertreterin	schülervertreter in
tröpfchen	tropf chen
ebenbürtigkeit	ebenbürtig keit
besatzungshoheitlich	besatzungshoheit lich
tabakraucher	tabakrauchen er
schwedin	schwede in
diskussionspartnerin	diskussionspartner in
grundgesetzlich	grundgesetz lich
experimentalphysiker	experimentalphysik er
gastkünstlerin	gastkünstler in
lehmig	lehm ig
verslein	vers lein
suspendierung	suspendieren ung
klopfer	klopfen er
anpassungswillig	anpassungswille ig
sorgfältig	sorgfalt ig
medikamentenabhängigkeit	medikamentenabhängig keit
politikprofessorin	politikprofessor in
agentin	agent in
staatsbesucher	staatsbesuch er
schmerzlos	schmerz los
weiterreichung	weiterreichen ung
bewegungsfreudig	bewegungsfreude ig
wiederkäufer	wiederkauf er
benachrichtigung	benachrichtigen ung
schulforscherin	schulforscher in
schlagkräftig	schlagkraft ig
leuchter	leuchten er
unteilbarkeit	un teilen bar keit
ungewöhnlichkeit	un gewöhnen lich keit
knechtung	knechten ung
genüßlich	genuß lich
bundesverfassungsgerichtlich	bundesverfassungsgericht lich
torwärter	torwart er
erbrechtlich	erbrecht lich
partnerschüler	partnerschule er
abspeckung	abspecken ung
utopielos	utopie los
schläfchen	schläfe chen
stadtwerker	stadtwerk er
farblich	farbe lich
traulich	trauen lich
fütterung	füttern ung
senkrechtstarterin	senkrechtstart er in
röttger	röttgen er
buchhändlerin	buchhändler in
verdoppelung	ver doppeln el ung
berufspolitikerin	berufspolitik er in
drogistin	drogist in
beiläufigkeit	beiläufig keit
robber	robbe er
berechtigung	berechtigen ung
messerwerfer	messerwerfen er
krippenbauer	krippenbau er
farmer	farm er
verbraucherin	verbrauchen er in
demokratieverträglichkeit	demokratieverträglich keit
gleichung	gleichen ung
entrichtung	entrichten ung
superministerin	superminister in
anbieterin	anbieten er in
darstellerin	darstellen er in
ahnungslos	ahnen ung los
straßenbahnfahrer	straßenbahnfahren er
vertretung	vertreten ung
einkäuferin	einkaufen er in
verkünder	verkünden er
tierärztlich	tierarzt lich
verflechtung	verflechten ung
kostspieligkeit	kostspielig keit
kriegführer	kriegführen er
schwimmfähigkeit	schwimmfähig keit
chin	che in
rednerin	redner in
verbildlichen	ver bild lich
durchdringung	durchdringen ung
literaturwissenschaftlerin	literaturwissenschaft ler in
sozialhilfebetrüger	sozialhilfebetrug er
nachzüchtung	nachzüchten ung
aufwärterin	aufwarten er in
muslimin	muslime in
anstaltsleiterin	anstaltsleiter in
olefin	olef in
lebenslänglicher	lebenslang e lich e n er
entsorgung	entsorgen ung
menschenfreundlich	menschenfreund lich
walfänger	walfang er
anzeiger	anzeigen er
kunsthistorikerin	kunsthistoriker in
mißdeutung	mißdeuten ung
landtagspräsidentin	landtagspräsident in
kunsthändlerin	kunsthändler in
degerlocher	degerloch er
raubmörder	raubmord er
vereinswirtin	vereinswirt in
märchenkönigin	märchenkönig in
vogelwärter	vogelwarten er
laufställchen	laufstall chen
realpolitiker	realpolitik er
investmentsparer	investmentsparen er
scharrer	scharre er
pfarrerin	pfarre er in
mitteilung	mitteilen ung
verschlammung	ver schlamm ung
belgraderin	belgrad er in
ministerkollegin	ministerkollege in
neuhofer	neuhof er
angriffslustig	angriffslust ig
hilfsarbeiter	hilfsarbeit er
weihnachtlich	weihnachten lich
kundenfänger	kundenfang er
mißbräuchlich	mißbrauch lich
entwicklungsfähigkeit	entwicklungsfähig keit
parteipolitikerin	parteipolitik er in
senkung	senken ung
erstwähler	erstwahl er
streuner	streunen er
abdichtung	abdichten ung
jugendspielerin	jugendspiel er in
wirtschaftswunderlich	wirtschaftswunder lich
zeitungsmacherin	zeitungsmachen er in
synchronisierung	synchrone isch isier ung
arbeitswissenschaftlich	arbeitswissenschaft lich
stundenmäßig	stundenmaß ig
unverbindlich	un verbinden lich
gruppenbetreuerin	gruppenbetreuer in
schwätzer	schwätzen er
kostbarkeit	kostbar keit
erfüllung	erfüllen ung
ansehnlichkeit	ansehnlich keit
mehrheitsfähigkeit	mehrheitsfähig keit
meßtechniker	meßtechnik er
drücker	drucken er
reichenberger	reichenberg er
literaturgeschichtlich	literaturgeschichte lich
pfaffenberger	pfaffenberg er
bauträgerin	bauträger in
justizministerin	justizminister in
religionslos	religion los
überehrgeizig	über ehrgeiz ig
zwiespältigkeit	zwiespalt ig keit
öffentlichkeitsreferentin	öffentlichkeitsreferent in
gemeinschaftsrechtlich	gemeinschaftsrecht lich
kurörtlich	kurort lich
bahnengolfer	bahnengolf er
antragssteller	antragsstelle er
zweitkandidatin	zweitkandidat in
kartenkäufer	kartenkauf er
landessiegerin	landessieg er in
kultursenatorin	kultursenator in
hennlein	henne lein
wirtschaftsredakteurin	wirtschaftsredakteur in
falter	falten er
lautenspieler	lautenspiel er
ordnungspolitiker	ordnungspolitik er
tapferkeit	tapfer keit
staatsrechtslehrer	staatsrechtslehre er
wettbewerblich	wettbewerb lich
römerin	rom er in
schönhöfer	schönhof er
möbeldesigner	möbeldesign er
rundfunkmoderatorin	rundfunkmoderator in
beziehungslos	beziehen ung los
bremerin	bremen er in
wurstigkeit	wurstig keit
selbstgenügsamkeit	selbstgenügsam keit
umgangssprachlich	umgangssprache lich
flugbegleiterin	flugbegleiter in
schreier	schreien er
gewichtigkeit	gewichten ig keit
wackelig	wackeln ig
radschläger	radschlagen er
verbandsdirektorin	verbandsdirektor in
röster	röste er
konsumfreudig	konsumfreude ig
kostengünstiger	kostengünstige er
fleischlos	fleisch los
wohltätig	wohltat ig
schirmherrin	schirmherr in
menschenrechtswidrigkeit	menschenrechtswidrig keit
rechtlich	recht lich
schlammig	schlamm ig
biotechniker	biotechnik er
mittelamerikanerin	mittelamerika aner in
goldwäscher	goldwaschen er
verbrecherin	verbrechen in
vierkämpfer	vierkampf er
steuerpolitiker	steuerpolitik er
hastig	hast ig
olympionikin	olympionike in
filmgeschichtlich	filmgeschichte lich
wiedergutmachung	wiedergutmachen ung
gastarbeiterin	gastarbeit er in
alphornbläser	alphornblasen er
sühnung	sühnen ung
plastikbändchen	plastikband chen
gastfreundlichkeit	gastfreund lich keit
erleichterung	erleichtern ung
gottesdienstbesucher	gottesdienstbesuch er
besinnung	besinnen ung
einklagbarkeit	einklagen bar keit
staatlichkeit	staat lich keit
übertragbar	übertragen bar
zahlenmystiker	zahlenmystik er
weltpolitiker	weltpolitik er
indianerin	indien aner in
slawin	slawe in
rechtsprofessorin	rechtsprofessor in
verwaltung	verwalten ung
peter	pete er
polizeisprecherin	polizeisprecher in
freigeistig	freigeist ig
ölarbeiter	ölarbeit er
leiterin	leiten er in
ersetzbar	ersetzen bar
belgier	belgien er
unübersichtlich	un übersichten lich
anrufung	anrufen ung
zügelung	zügeln ung
taunussteiner	taunusstein er
besoldung	besolden ung
schicklich	schick e lich
weiträumigkeit	weiträumig keit
alleinschuldig	alleinschuld ig
besitzlos	besitzen los
vierteilung	vierteilen ung
gemeingefährlichkeit	gemeingefährlich keit
kalifornierin	kalifornien er in
langmütig	langmut ig
großbäuerlich	großbau er lich
vorentscheidung	vorentscheiden ung
museumsplaner	museumsplan er
schnurrbärtig	schnurrbart ig
turner	turnen er
anzüglichkeit	anzug lich keit
streuer	streuen er
holsteiner	holstein er
badelustig	badelust ig
geschwätzig	schwatz sfx ig
kommunikationslos	kommunikation los
blumberger	blumberg er
schnapsgläschen	schnapsglas chen
antwerpener	antwerpen er
transfusionsmediziner	transfusionsmedizin er
sistierung	sistieren ung
unbelehrbar	un belehren bar
verräuchern	ver rauchen er
artgenossin	artgenosse in
baskin	baske in
großbanker	großbank er
verfassungsgeschichtlich	verfassungsgeschichte lich
musiklehrerin	musiklehre er in
zentralörtlich	zentralort lich
unzulässig	un zulassen ig
wucherer	wuchern er
gallig	galle ig
therapeutin	therapeut in
diskussionsleiterin	diskussionsleiter in
verpflichtung	ver pflicht ung
redseligkeit	redselig keit
otter	otte er
nachlaßverwalterin	nachlaßverwalter in
mäßigkeit	mäßig keit
geschichtenerzähler	geschichtenerzählen er
sittlichkeit	sitte lich keit
landsmannschaftlich	landsmann schaft lich
regellos	regeln el los
aufschiebung	aufschieben ung
erdmännchen	erdmann chen
auslösung	auslösen ung
industriegeschichtlich	industriegeschichte lich
vorgeblich	vorgeben lich
maschinenarbeiterin	maschinenarbeit er in
gutartigkeit	gutartig keit
apothekerin	apotheke er in
querschläger	querschlag er
tauglichkeit	taugen lich keit
peruanerin	peru aner in
unterfinanzierung	unter finanz ier ung
schlagzeugerin	schlagzeug er in
entlarvung	entlarven ung
hochleistungssportlerin	hochleistungssport ler in
berufsschüler	berufsschule er
steuerrechtlich	steuerrecht lich
abwaschbar	abwaschen bar
saxophonistin	saxophon ist in
verwendungsfähigkeit	verwendungsfähig keit
visualisierung	visual isier ung
amateurfunker	amateurfunk er
fernsehdarstellerin	fernsehdarsteller in
neuseeländer	neuseeland er
schändung	schänden ung
spezialisierung	spezi al isier ung
jugendturnerin	jugendturnen er in
wiedererkennung	wiedererkennen ung
gartenarbeiter	gartenarbeit er
räumlichkeit	räumen lich keit
alteigentümerin	alteigentum er in
hüter	hüten er
grafikdesignerin	grafikdesign er in
kammergerichtspräsidentin	kammergerichtspräsident in
surrealistin	surreal ist in
wirkung	wirken ung
siegenerin	siegen er in
architekturkritiker	architekturkritik er
beherzigung	beherzigen ung
altertümlich	altertum lich
auflager	auflage er
jugendspieler	jugendspiel er
fotokopierer	fotokopieren er
gebührlich	gebühren lich
erinnerung	erinnern ung
bevormundung	bevormunden ung
oberstudiendirektorin	oberstudiendirektor in
kulturarbeiter	kulturarbeit er
normierung	norm ier ung
klavierbauer	klavierbau er
musikhörer	musikhören er
vorwitzig	vorwitz ig
minderung	mindern ung
ringkämpfer	ringkampf er
höchstrichterlich	höchstrichter lich
fotoredakteurin	fotoredakteur in
rundfunksprecherin	rundfunksprecher in
gitarrenschüler	gitarrenschule er
alleingänger	alleingang er
rechtskräftigkeit	rechtskraft ig keit
wellig	wellen ig
modedesigner	modedesign er
großmeisterin	großmeister in
iraner	iran er
ohrenschützer	ohrenschutz er
autorin	autor in
reitlehrerin	reitlehrer in
offenburger	offenburg er
streicherin	streichen er in
illustrierung	illustre ier ung
formierung	form ier ung
meuchler	meucheln er
yorker	york er
deutlichkeit	deutlich keit
betonhäuschen	betonhaus chen
libyer	libyen er
fragwürdigkeit	fragwürdig keit
schreiber	schreiben er
stierkämpfer	stierkampf er
bezirkschefin	bezirkschef in
bezirklich	bezirk lich
sträußchen	strauß chen
bandarbeiter	bandarbeit er
vollendung	vollenden ung
überzeugung	überzeugen ung
marburger	marburg er
fortsetzung	fortsetzen ung
verstaatlichen	ver staat lich
wendigkeit	wenden ig keit
reiseunternehmer	reiseunternehmen er
verpflanzung	ver pflanzen e ung
erwerbsunfähigkeit	erwerbsunfähig keit
gleichförmigkeit	gleichförmig keit
übersichtlich	übersichten lich
pressung	pressen ung
nachwirkung	nachwirken ung
bewohner	bewohnen er
subjektlos	subjekt los
kaffeepflücker	kaffeepflücken er
regionalligaspieler	regionalligaspiel er
schlepper	schleppen er
hausväterlich	hausvater lich
gewerkschaftsführerin	gewerkschaftsführer in
guerillakrieger	guerillakrieg er
utrechter	utrecht er
vertrauenslehrerin	vertrauenslehrer in
interviewer	interviewen er
einzelunternehmer	einzelunternehmen er
verteidigungsfähigkeit	verteidigungsfähig keit
volkswirtschaftlich	volkswirt schaft lich
unternehmer	unternehmen er
gegenüberstellung	gegenüberstellen ung
tonig	ton ig
kratzig	kratzen ig
entführerin	entführen er in
einschließung	einschließen ung
bauchtänzer	bauchtanzen er
eröffnung	eröffnen ung
umschließung	umschließen ung
apotheker	apotheke er
begnadigung	begnadigen ung
schornsteinfeger	schornsteinfegen er
titellos	titel los
kinderfeindlichkeit	kinderfeindlich keit
vereinbarung	vereinbaren ung
theatermacherin	theatermachen er in
fremdfinanzierung	fremdfinanzieren ung
internatsschülerin	internatsschule er in
fürtherin	fürth er in
quintin	quinte in
wünschbar	wünschen bar
rastplätzchen	rastplatz chen
musikantin	musikant in
arbeitersportlerin	arbeitersport ler in
landeswahlleiterin	landeswahlleiter in
schwärzlich	schwärzen lich
bürgerrechtskämpfer	bürgerrechtskampf er
iserlohner	iserlohn er
menschheitlich	menschheit lich
untauglich	un taugen lich
medienwirtschaftlich	medienwirtschaft lich
fleischesser	fleischesse er
herrschsüchtig	herrschsucht ig
jugendvertreterin	jugendvertreter in
zustimmung	zustimmen ung
verspätung	ver spät ung
sittlichkeitsverbrecher	sittlichkeitsverbrechen er
näherung	nähern ung
kriegsverbrecher	kriegsverbrechen er
umweltschützer	umweltschutz er
tschernobyler	tschernobyl er
sozialbetreuerin	sozialbetreuer in
unternehmungslustig	unternehmungslust ig
wiedereinweihung	wiedereinweihen ung
wimbledonsieger	wimbledonsieg er
abfahrtsläufer	abfahrtslauf er
republikflüchtig	republikflucht ig
wichtigkeit	wicht ig keit
genshagener	genshagen er
veränderungswillig	veränderungswille ig
dampfstrahler	dampfstrahl er
spekulantin	spekulant in
westkollegin	westkollege in
judenfreundlich	judenfreund lich
fertigkeit	fertig keit
gebirgig	gebirge ig
umweltschädlichkeit	umweltschädlich keit
begrifflich	begriff lich
sortierbar	sortieren bar
bodenreformer	bodenreform er
unzweideutigkeit	unzweideutig keit
langweiligkeit	langweilen ig keit
urnengänger	urnengang er
hauptinitiatorin	hauptinitiator in
luxemburger	luxemburg er
juniorin	junior in
ummantelung	um mantel ung
studentensprecherin	studentensprecher in
indoktrinierung	indoktrinieren ung
begeisterungsfähigkeit	begeisterungsfähig keit
androhung	androhen ung
unbrauchbar	un brauchen bar
hauptabteilungsleiterin	hauptabteilungsleiter in
hauswirtschaftlich	hauswirt schaft lich
bausparer	bausparen er
verwunderung	verwundern ung
brandstifterin	brandstifter in
forellenzüchter	forellenzucht er
werbeträgerin	werbeträger in
gastgewerblich	gastgewerbe lich
quantifizierung	quantifizieren ung
freizeitsportlich	freizeitsport lich
hausärztlich	hausarzt lich
fraglich	fragen lich
ausfahrer	ausfahren er
tagungsleiterin	tagungsleiter in
athener	athene er
verwaltungstechniker	verwaltungstechnik er
förmlichkeit	förmlich keit
umstimmung	umstimmen ung
nehmer	nehmen er
nachfahrin	nachfahr in
unverständlich	unverstand lich
trotzköpfig	trotzkopf ig
ausbildungswillig	ausbildungswille ig
panikmacher	panikmache er
abenteurer	abenteuer er
unnennbar	un nennen bar
kammerpräsidentin	kammerpräsident in
zarin	zare in
nutzbarkeit	nutzen bar keit
oberschülerin	oberschule er in
städtepartnerschaftlich	städtepartner schaft lich
altenberger	altenberg er
anspannung	anspannen ung
beratung	beraten ung
kartenlos	karte los
ortskundiger	ortskundige n er
teufelsberger	teufelsberg er
ausgestaltung	ausgestalten ung
ernährungswissenschaftlich	ernährungswissenschaft lich
montierung	montieren ung
bader	baden er
unterordnung	unterordnen ung
dompfarrer	dompfarre er
schlauchförmig	schlauchform ig
zungenfertigkeit	zungenfertig keit
parteikritiker	parteikritik er
eishockeyspieler	eishockeyspiel er
orientierung	orient ier ung
umweltschützerin	umweltschutz er in
museumswärterin	museumswärter in
zairer	zaire er
zulassung	zulassen ung
kostensenker	kostensenken er
musiklehrer	musiklehre er
seinsgeschichtlich	seinsgeschichte lich
beamtenanwärterin	beamtenanwärter in
zwingenberger	zwingenberg er
unsterblichkeit	un sterben lich keit
bänkelsänger	bänkelsang er
türkenfeindlichkeit	türkenfeindlich keit
soller	soll er
verkleinerung	ver klein ung
standardmäßig	standardmaßen ig
stauchung	stauchen ung
nestchen	nest chen
nacheiferung	nacheifern ung
grafiker	grafik er
aufwendung	aufwenden ung
unbehaglichkeit	un behagen lich keit
mandeläugig	mandelauge ig
schahin	schah in
hochspringer	hochspringen er
zermartern	zer marte er
zeichnerin	zeichnen er in
bürgermeisterin	bürgermeister in
nikotinsüchtig	nikotinsucht ig
teiler	teilen er
aktienbesitzer	aktienbesitz er
undurchlässigkeit	un durchlässig keit
mechanisierung	mechanisch isier ung
schloßbesucher	schloßbesuch er
verräter	verraten er
staatsministerin	staatsminister in
anhänglichkeit	anhang lich keit
zeitkritiker	zeitkritik er
grabungstechniker	grabungstechnik er
moosburger	moosburg er
sonderpädagogin	sonderpädagoge in
satzungsrechtlich	satzungsrecht lich
bundestagspräsidentin	bundestagspräsident in
seraphin	seraph in
augsburgerin	augsburg er in
rechtsvertreterin	rechtsvertreter in
liederlichkeit	liederlich keit
sachlich	sache lich
hänger	hängen er
bundesstaatlich	bundesstaat lich
haarig	haaren ig
übergangspräsidentin	übergangspräsident in
verdrießlichkeit	verdrießen lich keit
trendelburger	trendelburg er
querköpfig	querkopf ig
abrundung	abrunden ung
agrarunternehmer	agrarunternehmen er
auseinandersetzung	auseinandersetzen ung
verrichtung	verrichten ung
schwarzbrenner	schwarzbrennen er
digitalisierung	digitale isier ung
exekutivdirektorin	exekutivdirektor in
streikfähigkeit	streikfähig keit
taucher	tauchen er
einfamilienhäuschen	einfamilienhaus chen
verpuppung	ver puppe ung
abgeltung	abgelten ung
einsichtig	einsicht ig
ruchlos	ruch los
weingärtner	weingarten er
sorgenlos	sorgen los
dichterin	dichten er in
arbeitsvermittlerin	arbeitsvermittler in
einziehung	einziehen ung
ausbeutung	ausbeuten ung
rücksichtlos	rücksicht los
brauchtumspfleger	brauchtumspflege er
villinger	villingen er
erlöserin	erlösen er in
spartenleiterin	spartenleiter in
versucher	versuchen er
gartenfreundin	gartenfreund in
studentenpfarrerin	studentenpfarrer in
elektrikerin	elektrik er in
rauschgiftsüchtig	rauschgiftsucht ig
umweltdezernentin	umweltdezernent in
fahrdienstleiterin	fahrdienstleiter in
schützer	schützen er
krämer	kramen er
mannschaftsführerin	mannschaftsführer in
strebsamkeit	streben sam keit
hoffnungslos	hoffnung los
baufälligkeit	baufällig keit
bevölkerungspolitiker	bevölkerungspolitik er
eignerin	eigner in
geistlichkeit	geist lich keit
busunternehmer	busunternehmen er
demilitarisierung	demilitarisieren ung
gynäkologin	gynäkologe in
fagottistin	fagott ist in
gesamtschullehrerin	gesamtschullehrer in
tiroler	tirol er
perfektionistin	perfektion ist in
zivilgesellschaftlich	zivilgesellschaft lich
genehmigung	genehmigen ung
fahrradverleiher	fahrradverleih er
fernsehmoderatorin	fernsehmoderator in
vereinsrechtlich	vereinsrecht lich
überlassung	überlassen ung
wohltätigkeit	wohltat ig keit
krebsanfälligkeit	krebsanfällig keit
bernardin	bernard in
museumsführerin	museumsführer in
überstellung	überstellen ung
kompositionslehrer	kompositionslehre er
ludwigshafener	ludwigshafen er
neuerlich	neuere lich
enthaltsamkeit	enthalten sam keit
regionalligaspielerin	regionalligaspiel er in
produktionsarbeiter	produktionsarbeit er
betreiber	betreiben er
rocksängerin	rocksänger in
beobachterin	beobachten er in
kinderpflegerin	kinderpflege er in
abweisung	abweisen ung
wendung	wenden ung
betrachtbar	betrachten bar
züchterin	züchten er in
beschaffung	beschaffen ung
weinerlich	weinen er lich
sprengtechniker	sprengtechnik er
ordnungspolizeilich	ordnungspolizei lich
garantiegeberin	garantiegeber in
abspaltung	abspalten ung
überschneidung	überschneiden ung
krankengymnastin	krankengymnast in
grundbesitzer	grundbesitz er
büchermacher	büchermachen er
medienpolitiker	medienpolitik er
porzellanmalerin	porzellanmaler in
ausschließung	aus schließen e ung
verfilmung	ver film ung
tannenbäumchen	tannenbaum chen
demaskierung	demaskieren ung
robin	robe in
flußfischer	flußfisch er
raubgierig	raubgier ig
überwirklich	über wirken lich
verleugnung	verleugnen ung
bezirkspokalsieger	bezirkspokalsieg er
objektkünstlerin	objektkunst ler in
gegenstandlos	gegenstand los
sirin	sire in
unerheblich	un erheben lich
stapler	stapeln er
fahrradfreundlich	fahrradfreund lich
pflegedienstleiterin	pflegedienstleiter in
anmietung	anmieten ung
kommunikationsdesigner	kommunikationsdesign er
hauptmieterin	hauptmieter in
falkenberger	falkenberg er
einrechnung	einrechnen ung
zukunftsfähigkeit	zukunftsfähig keit
wäscher	waschen er
stadtjugendpfleger	stadtjugendpflege er
belastungszeugin	belastungszeuge in
widerlich	widern lich
fixierbar	fix ier bar
energiewirtschaftlich	energiewirtschaft lich
versöhnlich	versöhnen lich
politikfähigkeit	politikfähig keit
kontrollierbar	kontrolle ier bar
dentistin	dentist in
familienähnlichkeit	familienähnlich keit
todeskandidatin	todeskandidat in
zehnkämpfer	zehnkampf er
feuerschlucker	feuerschlucken er
georgier	georgien er
lyoner	lyon er
bewährung	bewähren ung
bescheinigung	bescheinigen ung
christoper	christop er
biobrötchen	biobrot chen
anstiftung	anstiften ung
tröster	trost er
mitfahrerin	mitfahren er in
europapolitikerin	europapolitik er in
namibierin	namibia er in
existenzgründerin	existenzgründer in
westeuropäerin	westeuropäer in
bürogehilfin	bürogehilfe in
maschinenarbeiter	maschinenarbeit er
werkstattleiterin	werkstattleiter in
schwermetaller	schwermetall er
dillenburger	dillenburg er
radioempfänger	radioempfang er
bürgerin	bürgen in
jeromin	jerome in
jazztrompeter	jazztrompete er
abgrenzung	abgrenzen ung
überfliegerin	über fliege er in
serienmörderin	serienmord er in
unheimlichkeit	un heimlich keit
bloßstellung	bloßstellen ung
seelentröster	seelentrost er
hainer	hae in er
legalisierung	legale isier ung
einkapselung	ein kapsel ung
länderkundlich	länderkunde lich
gelehrsamkeit	gelehrsam keit
lutzer	lutz er
spülung	spülen ung
seufzer	seufzen er
altersforscherin	altersforscher in
tennisspieler	tennisspielen er
befürworter	befürworten er
kränklich	kränken lich
raucherin	rauchen er in
volkswirtin	volkswirt in
festlich	fest e lich
dortmunder	dortmund er
libanesin	libanese in
entwirrung	entwirren ung
bahnpolizeilich	bahnpolizei lich
werbung	werben ung
briefträgerin	briefträger in
konzertbesucher	konzertbesuch er
zierlich	zieren lich
weitung	weiten ung
bauchrednerin	bauchreden er in
gesangssolistin	gesangssolist in
weltläufigkeit	weltlauf ig keit
grenzgänger	grenzgang er
polenfeindlichkeit	polenfeindlich keit
balkongärtner	balkongarten er
spielfreudig	spielfreude ig
zweifellos	zweifel los
forderung	fordern ung
puppenkünstlerin	puppenkünstler in
untergrundkämpfer	untergrundkampf er
internationalisierung	internationale isier ung
meter	mete er
kreditbetrüger	kreditbetrug er
rührung	rühren ung
spiralig	spirale ig
bayernspieler	bayernspiel er
deklarationspflichtig	deklarationspflicht ig
verschiebbar	verschieben bar
anmutig	anmuten ig
zuchtlos	zucht los
vermutlich	vermuten lich
verseuchung	ver seuche ung
fahruntüchtigkeit	fahruntüchtig keit
datenschützer	datenschutz er
radiomoderatorin	radiomoderator in
nachprüfung	nachprüfen ung
akkordeonspielerin	akkordeonspiel er in
altenheimbewohnerin	altenheimbewohner in
obstpflücker	obstpflücken er
drogenpolitiker	drogenpolitik er
verschickung	ver schick ung
schwergewichtig	schwergewichten ig
gleitschirmflieger	gleitschirmfliegen er
restaurateurin	restaurateur in
teilnehmerin	teilnehmen er in
rückläufer	rücklauf er
hälmchen	halm chen
einholung	einholen ung
gesundheitsministerin	gesundheitsminister in
soziologieprofessorin	soziologieprofessor in
herrschaftslos	herrschaft los
versteigern	ver steige er
hager	hagen er
trampolinturner	trampolinturnen er
umhüllung	umhüllen ung
selbstverwalter	selbstverwalten er
schlachtenbummlerin	schlachtenbummler in
andalusierin	andalusien er in
unlösbarkeit	un lösen bar keit
trapezförmig	trapezform ig
empfehlung	empfehlen ung
ausquartierung	ausquartieren ung
dazugehörig	dazugehören ig
hintergehung	hintergehen ung
einbeziehung	einbeziehen ung
didier	didi er
anlagerung	anlagern ung
wattenscheider	wattenscheid er
radikalreformer	radikalreform er
tübingerin	tübingen er in
parlamentskollegin	parlamentskollege in
undenkbar	un denken bar
moder	mod er
studentenvertreterin	studentenvertreter in
josefstädter	josefstadt er
fahrradfreundlichkeit	fahrradfreund lich keit
leiblich	leib lich
hauptverdächtig	hauptverdacht ig
kriegslustig	kriegslust ig
schwachsinnig	schwachsinn ig
bemühung	bemühen ung
schrubber	schrubben er
einbestellung	einbestellen ung
wirtschaftswissenschaftlerin	wirtschaftswissen schaft ler in
literaturstudentin	literaturstudent in
sanitätsdienstlich	sanitätsdienst lich
hinterhältigkeit	hinterhalten ig keit
dietzer	dietz er
gleichmäßig	gleichmaß ig
japaner	japan er
fleißig	fleiß ig
koblenzerin	koblenz er in
australierin	australien er in
eisschnelläufer	eisschnellaufen er
gutachter	gutachten er
innerweltlich	inner welt lich
kriminalisierung	kriminal isier ung
baupolizeilich	baupolizei lich
ungeheuerlich	ungeheuer lich
anreger	anregen er
falschparker	falschparken er
schwanzlos	schwanz los
fernsehansagerin	fernsehansager in
passivraucher	passivrauchen er
wohnungsverwalterin	wohnungsverwalter in
unveränderlichkeit	un verändern lich keit
züchtung	züchten ung
überraschungssiegerin	überraschungssieg er in
schicksalsgenossin	schicksalsgenosse in
pflaumenbäumchen	pflaumenbaum chen
zuspitzung	zuspitzen ung
sinsheimer	sinsheim er
schiebung	schieben ung
entlassung	entlassen ung
heimatgeschichtlich	heimatgeschichte lich
unstreitig	un streiten ig
speicherbar	speichern bar
hochrechnung	hochrechnen ung
einmütig	einmut ig
schmählich	schmähen lich
filmjournalistin	filmjournalist in
staatsbanker	staatsbank er
lieblingsspieler	lieblingsspiel er
laublos	laub los
kreditfähigkeit	kreditfähig keit
versager	versagen er
landesdenkmalpfleger	landesdenkmalpflege er
risikofreudigkeit	risikofreude ig keit
sozialromantiker	sozialromantik er
geruchslos	geruch los
pragmatiker	pragmatik er
textildesigner	textildesign er
rückseitig	rückseite ig
ehrenbürger	ehrenburg er
bühnenschauspielerin	bühnenschauspieler in
dauerredner	dauerreden er
cremig	creme ig
schätzchen	schatz chen
ausplünderung	ausplündern ung
machtgierig	machtgier ig
unschätzbar	un schätzen bar
bewölkung	bewölken ung
unbestechlich	un bestechen lich
lederstückchen	lederstück chen
belebung	beleben ung
lenchen	lene chen
biberacher	biberach er
tischtennisspielerin	tischtennisspielen er in
biertrinkerin	biertrinken er in
kitzbüheler	kitzbühel er
mercedesfahrerin	mercedesfahrer in
modellbauer	modellbau er
frühsommerlich	frühsommer lich
assoziierung	assoziieren ung
fußballspielerin	fußballspielen er in
torger	torge er
ricker	ricke er
musikkritikerin	musikkritik er in
generalintendantin	generalintendant in
hauptverbrecher	hauptverbrechen er
industriemeisterin	industriemeister in
pinneberger	pinneberg er
zündhölzchen	zündholz chen
wegrationalisierung	wegrationalisieren ung
ehrfürchtig	ehrfurcht ig
absicherung	absichern ung
torhäuschen	torhaus chen
fahrkartenverkäuferin	fahrkartenverkauf er in
kommunistin	kommunist in
affenartig	affenart ig
sozialarbeiterin	sozialarbeit er in
räumlich	räumen lich
vorbildlich	vorbilden lich
funktionslos	funktion los
offenbacherin	offenbach er in
ägypterin	ägypten er in
turnierleiterin	turnierleiter in
verfügung	verfügen ung
wasserlos	wasser los
würzburger	würzburg er
langweilig	langweilen ig
gebräuchlich	gebrauch lich
vordenker	vordenken er
gastregisseurin	gastregisseur in
vernunftlos	vernunft los
farbenprächtig	farbenpracht ig
verdächtigen	verdacht ig
lindner	linden er
hochstimmung	hochstimmen ung
nachweispflichtig	nachweispflicht ig
zigarrenraucher	zigarrenrauchen er
turniersieger	turniersieg er
anlieger	anliegen er
kleeberger	kleeberg er
gründungsgesellschafter	gründungsgesellschaft er
theoretikerin	theoretiker in
königsmörder	königsmord er
zahlungspflichtig	zahlungspflicht ig
unmutig	unmut ig
jungfräulich	jungfrau lich
ionenaustauscher	ionenaustausch er
fanatikerin	fanatiker in
hocker	hocken er
polizeibeamtin	polizeibeamte in
jugendsekretärin	jugendsekretär in
lockenköpfchen	lockenkopf chen
magerkeit	mager keit
namenspatin	namenspate in
hockeyspielerin	hockeyspielen er in
fürstbischöflich	fürstbischof lich
unterbesetzung	unterbesetzen ung
tischlein	tisch lein
hopfenbauer	hopfenbau er
eigensinnigkeit	eigensinn ig keit
vielfarbigkeit	vielfarbig keit
brudermörder	brudermord er
luftwaffenhelferin	luftwaffenhelfer in
neuwerker	neuwerk er
pfeiferaucher	pfeiferauchen er
unzeitgemäßer	unzeitgemäß e er
kanalbauer	kanalbau er
wiederholungstäter	wiederholungstat er
kassenverwalterin	kassenverwalter in
urheberrechtlich	urheberrecht lich
wurzellos	wurzel los
kooperationsfähigkeit	kooperationsfähig keit
reiseleiterin	reiseleiter in
wirtschafterin	wirtschaften er in
seehofer	seehof er
schaumberger	schaumberg er
majorin	major in
lebensfähigkeit	lebensfähig keit
mittelbar	mitteln bar
akrobatin	akrobat in
teamchefin	teamchef in
kurzzeitig	kurzzeit ig
anwendung	anwenden ung
relativierung	relative ier ung
senfkörner	senfkorn er
geschichtenerzählerin	geschichtenerzählen er in
grazer	graz er
anthropologin	anthropologe in
zeitgeistlich	zeitgeist lich
stadtratskandidatin	stadtratskandidat in
fechterin	fechten er in
strukturierung	struktur ier ung
rächer	rächen er
jugendhilfeplanerin	jugendhilfeplan er in
überbelichtung	überbelichten ung
erbeutung	er beuten ung
untadeligkeit	untadelig keit
spannungslos	spannen ung los
informatiker	informatik er
mosbacher	mosbach er
gestaltbar	gestalten bar
widersprüchlich	widerspruch lich
steuerflüchtig	steuerflucht ig
heimleiterin	heimleiter in
hindernisläufer	hindernislauf er
gesundheitspolitikerin	gesundheitspolitik er in
hauptanteilseignerin	hauptanteilseigner in
terminlich	term in lich
häutchen	haute chen
kriegsdienstgegnerin	kriegsdienstgegner in
stadtverträglichkeit	stadtverträglich keit
aufbauspielerin	aufbauspiel er in
frühlingslüftchen	frühlingsluft chen
bundesministerin	bundesminister in
protokollführerin	protokollführer in
verinnerlichen	ver inner e lich
platzhalterin	platzhalter in
wässerig	wässern ig
ankündigung	ankündigen ung
grafenberger	grafenberg er
kleingärtner	kleingarten er
grundstücksverkäufer	grundstücksverkauf er
schulrektorin	schulrektor in
technikkritiker	technikkritik er
vertretbar	vertreten bar
ostkirchlich	ostkirche lich
ludwigsburger	ludwigsburg er
palmer	palme er
verlegung	verlegen ung
einsteller	einstellen er
hinzufügung	hinzufügen ung
aufstellung	aufstellen ung
jugendsozialarbeiter	jugendsozialarbeit er
blankenburger	blankenburg er
sonntagsspaziergänger	sonntagsspaziergang er
versklavung	ver sklave ung
zigarettenraucher	zigarettenrauchen er
mauerlos	mauer los
vertrauenswürdigkeit	vertrauenswürdig keit
seminarleiterin	seminarleiter in
jugendreferentin	jugendreferent in
dichtung	dichten ung
reederin	reede er in
werbegrafiker	werbegrafik er
bewertung	bewerten ung
fortschreibung	fortschreiben ung
unvereinbarkeit	un vereinbar keit
stadtentwicklungssenatorin	stadtentwicklungssenator in
artikelschreiber	artikelschreiben er
österreicherin	österreich er in
verflüssigung	ver flüssig ung
weitsichtig	weitsicht ig
widernatürlichkeit	wider natürlich keit
baumwollpflanzer	baumwollpflanze er
wendig	wenden ig
kahlköpfig	kahlkopf ig
kameruner	kamerun er
heilbronnerin	heilbronn er in
zeugin	zeuge in
satanspriesterin	satanspriester in
nachzählung	nachzählen ung
mittelläufer	mittellauf er
justizbeamtin	justizbeamte in
krummbeinig	krummbein ig
schuldrechtlich	schuldrecht lich
fleckenlos	fleck los
paraphrasierung	paraphrase ier ung
friedensaktivistin	friedensaktivist in
clubleiterin	clubleiter in
investmentbanker	investmentbank er
unternehmung	unternehmen ung
fachberaterin	fachberater in
langbeinig	langbein ig
einengung	einengen ung
stauer	stauen er
conradin	conrad in
mehrheitseignerin	mehrheitseigner in
kammermusiker	kammermusik er
missionierung	mission ier ung
kiesunternehmer	kiesunternehmen er
trommler	trommeln er
kurzatmigkeit	kurzatmig keit
nachrechnung	nachrechnen ung
kneipenbesucher	kneipenbesuch er
blumenständer	blumenstand er
aktivurlauber	aktivurlaub er
marxistin	marx ist in
einfältig	einfalt ig
selbstdenker	selbstdenken er
verlagerung	verlagern ung
sicherstellung	sicherstellen ung
strippenzieher	strippenziehen er
zielstrebigkeit	zielstrebig keit
lehrmeisterlich	lehrmeister lich
anspielung	anspielen ung
schöffin	schöffe in
ausstellung	ausstellen ung
bremer	bremen er
einfühlung	einfühlen ung
gängig	gang ig
ablegung	ablegen ung
erlangung	erlangen ung
heuberger	heuberg er
taner	tan er
fachhochschulprofessorin	fachhochschulprofessor in
notenbüchlein	notenbuch lein
familienrichterin	familienrichter in
erbitterung	er bitter ung
züchtigung	zucht ig ung
listenführerin	listenführer in
fernsteuerung	fernsteuern ung
ortenberger	ortenberg er
sportministerin	sportminister in
tamer	tam er
zeugung	zeugen ung
saisonarbeiter	saisonarbeit er
satirikerin	satire iker in
immobilienunternehmer	immobilienunternehmen er
tunnelbauer	tunnelbau er
bezeichnung	bezeichnen ung
verwandter	verwandte er
strafrechtlich	strafrecht lich
außenstellenleiterin	außenstellenleiter in
verleihung	verleihen ung
verkaufsfähigkeit	verkaufsfähig keit
stimmlich	stimmen lich
rollschuhläufer	rollschuhlaufen er
verblendung	verblenden ung
karlsteiner	karlstein er
erzeugerin	erzeugen er in
angeber	angeben er
paderbornerin	paderborn er in
codierung	code ier ung
ingrimmig	ingrimm ig
maskierung	maske ier ung
säumigkeit	säumig keit
fremdrassig	fremdrasse ig
kugelförmig	kugelform ig
rastlos	rast los
sprichwörtlich	sprichwort lich
übersteiger	übersteigen er
häutung	häuten ung
hochspringerin	hochspringen er in
forstarbeiter	forstarbeit er
diffamierung	diffamieren ung
streitigkeit	streiten ig keit
verstoßung	verstoßen ung
landung	landen ung
hamelner	hameln er
einschaltung	einschalten ung
beanspruchung	be anspruch ung
strahlung	strahlen ung
neuwähler	neuwahl er
lebensunfähigkeit	lebensunfähig keit
geschäftemacher	geschäftemachen er
entscheidungslos	entscheiden ung los
unmittelbarkeit	un mitteln bar keit
verweslich	verwesen lich
erschwerung	erschweren ung
unschuldig	unschuld ig
orgelspieler	orgelspielen er
heger	hege er
gerichtspräsidentin	gerichtspräsident in
lärmig	lärmen ig
heiligsprechung	heiligsprechen ung
zufallstreffer	zufallstreffen er
entsetzlichkeit	entsetzen lich keit
abwägung	abwägen ung
cannstatter	cannstatt er
hauptgesellschafterin	hauptgesellschafter in
bieger	biege er
wassertreter	wassertreten er
nachbestellung	nachbestellen ung
verheimlichung	ver heimlich ung
weinbauer	weinbau er
übernehmer	übernehmen er
plötzlich	plötze lich
beraterin	beraten er in
schlitzohrig	schlitzohr ig
ordnungsbehördlich	ordnungsbehörde lich
mächtigkeit	mächtig keit
hauptkritiker	hauptkritik er
fünfmalig	fünfmal ig
öffnung	öffnen ung
großflächig	großfläche ig
betriebsleiterin	betriebsleiter in
südamerikanerin	südamerika aner in
verteidigungsministerin	verteidigungsminister in
steinberger	steinberg er
verhinderung	verhindern ung
wiederverwendbarkeit	wiederverwenden bar keit
goldsucher	goldsuche er
spielbar	spielen bar
stalinistin	stalin ist in
süffig	suff ig
nebelig	nebeln el ig
hausfraulich	hausfrau lich
anrufbar	anrufen bar
strahlkräftig	strahlkraft ig
vermutung	vermuten ung
fallschirmspringerin	fallschirmspringen er in
universitätsprofessorin	universitätsprofessor in
sauberhaltung	sauberhalten ung
gutmütigkeit	gutmütig keit
spionin	spion in
großbetrieblich	großbetrieb lich
parteiarbeiter	parteiarbeit er
wertbeständigkeit	wertbeständig keit
ensemblespieler	ensemblespiel er
abscheulich	abscheu lich
brüller	brüllen er
unflätig	unflat ig
esslinger	esslingen er
auskleidung	auskleiden ung
gästespielerin	gästespieler in
drachin	drache in
verstaatlichen	ver staat lich
günstig	gunst ig
trapper	trappe er
unduldsamkeit	un dulden sam keit
besinnlich	besinnen lich
mittäglich	mittag lich
rückfällig	rückfall ig
rechtsanwaltsgehilfin	rechtsanwaltsgehilfe in
dreimalig	dreimal ig
frühaufsteher	frühaufstehen er
tagträumer	tagtraum er
fischhändlerin	fischhändler in
starjournalistin	starjournalist in
entgegnung	entgegnen ung
kohlberger	kohlberg er
schreinerin	schrein er in
niederwerfung	niederwerfen ung
gemeinschaftsfähigkeit	gemeinschaftsfähig keit
putzig	putzen ig
sozialberaterin	sozialberater in
romantiker	romantik er
zersplitterung	zer splitten ung
zwischenfinanzierung	zwischenfinanzieren ung
chorführerin	chorführer in
bombenbauer	bombenbauen er
gewerkschaftlerin	gewerkschaft ler in
schalung	schalen ung
anhängig	anhängen ig
geselligkeit	gesellen ig keit
altistin	alte ist in
holzarbeiter	holzarbeit er
irin	ire in
heraufsetzung	heraufsetzen ung
reichhaltigkeit	reichhaltig keit
festigen	fest e ig
stillstellung	stillstellen ung
unzugänglich	un zugang lich
empfangbar	empfangen bar
störanfälligkeit	störanfällig keit
hervorhebung	hervorheben ung
gleichzeitig	gleichzeit ig
jugoslawin	jugoslawe in
auspeitschung	auspeitschen ung
gastarbeiter	gastarbeit er
wasserverbraucher	wasserverbrauch er
tütchen	tute chen
einzementierung	einzementieren ung
wildgruber	wildgrube er
entgiftung	entgiften ung
westunternehmer	westunternehmen er
herrenberger	herrenberg er
gebärfähigkeit	gebärfähig keit
überzählig	überzahl ig
nachrichtentechniker	nachrichtentechnik er
großräumigkeit	großraum ig keit
friedenstifter	friedenstiften er
mazedonier	mazedonien er
herausgeberin	herausgeben er in
lausig	lausen ig
koppelung	koppeln ung
verflüchtigen	ver flüchten ig
tourismusunternehmer	tourismusunternehmen er
wimbledonsiegerin	wimbledonsieg er in
tobsüchtig	tobsucht ig
nachempfindbar	nachempfinden bar
bonner	bonne er
scheißer	scheißen er
naturkundlich	naturkunde lich
dreizehner	dreizehn er
kunstsinnig	kunstsinn ig
ernährer	ernähren er
michelin	michele in
arbeitsmedizinerin	arbeitsmedizin er in
kelkheimerin	kelkheim er in
einsichtigkeit	einsicht ig keit
wochenendlich	wochenende lich
dinglich	ding lich
fraktionssprecherin	fraktionssprecher in
schlangenartig	schlangenart ig
blutung	bluten ung
stelzenläufer	stelzenlaufen er
faulig	faulen e ig
lernbar	lernen bar
kabarettistin	kabarett ist in
peinigen	pein ig
schmierig	schmieren e ig
aufstockung	aufstocken ung
zahnmediziner	zahnmedizin er
hitzebeständigkeit	hitzebeständig keit
fahrerlos	fahren er los
wohnungsunternehmer	wohnungsunternehmen er
uneinheitlich	un einheit lich
meinungsmacher	meinungsmache er
plünderer	plündern er
ungesetzlich	un gesetz lich
verbeugung	verbeugen ung
zergliederung	zergliedern ung
göteborger	göteborg er
hufeisenförmig	hufeisenform ig
kopierbar	kopie ier bar
eggenberger	eggenberg er
schmuddelig	schmuddel ig
legitimierung	legitim e ier ung
pfandleiher	pfandleihe er
üblichkeit	üblich keit
unstimmig	un stimmen ig
hinderer	hindern er
lateinschüler	lateinschule er
rauscher	rausch er
spätwinterlich	spätwinter lich
elektrifizierung	elektrifizieren ung
eigenwillig	eigenwille ig
kunstsammlerin	kunstsammler in
bundesgesetzlich	bundesgesetz lich
schlichterin	schlichten er in
handköfferchen	handkoffer chen
waffenbauer	waffenbau er
prämierung	prämie ier ung
volksvertreterin	volksvertreter in
violinistin	viola ine ist in
berufschüler	berufschule er
schiffbrüchig	schiffbruch ig
fingerlein	finger lein
lobensteiner	lobenstein er
zwischenrufer	zwischenrufen er
westenberger	westenberg er
verdinglichen	ver ding lich
zuhörerin	zuhören er in
allein	allee in
gesetzeskräftig	gesetzeskraft ig
nachhilfeschüler	nachhilfeschule er
marienbader	marienbad er
juristin	jura ist in
kajakfahrer	kajakfahren er
radler	radeln er
anspielbar	anspielen bar
ausschöpfung	ausschöpfen ung
dauerläufer	dauerlaufen er
herzoglich	herzog lich
entfremdung	entfremden ung
vorfertigung	vorfertigen ung
mißachtung	mißachten ung
erlegung	erlegen ung
fernsehkritiker	fernsehkritik er
versteinerung	ver steiner ung
metrofahrer	metrofahren er
überschreibung	überschreiben ung
umbettung	umbetten ung
bühnenwirksamkeit	bühnenwirksam keit
straßenräuber	straßenraub er
hauer	haue er
lübeckerin	lübeck er in
vierteljährig	vierteljahr ig
florentiner	florentine er
lebensfreundlich	lebensfreund lich
wettbewerbsrechtlich	wettbewerbsrecht lich
erzieherin	erziehen er in
geschichtlich	geschichte lich
anlagebetrüger	anlagebetrug er
ermangelung	ermangeln ung
bogenförmig	bogenform ig
dorfpolitiker	dorfpolitik er
politikwissenschaftlerin	politikwissenschaft ler in
gardinenlos	gardine los
klarstellung	klarstellen ung
ehrendoktorin	ehrendoktor in
bürgerfreundlich	bürgerfreund lich
amokläufer	amoklauf er
grundschülerin	grundschüler in
fischerdörfchen	fischerdorf chen
benützung	benützen ung
heilbarkeit	heilen bar keit
rädelsführerin	rädelsführer in
dickköpfig	dickkopf ig
entladung	entladen ung
datentechniker	datentechnik er
schwindsüchtig	schwindsucht ig
vorstadthäuschen	vorstadthaus chen
mahler	mahl er
standardisierung	standard isier ung
verwilderung	verwildern ung
zustimmungspflichtig	zustimmungspflicht ig
überplanung	überplanen ung
schellenberger	schellenberg er
populärwissenschaftlich	populärwissenschaft lich
unwirksamkeit	unwirksam keit
nazimörder	nazimord er
begleichung	begleichen ung
krimiautorin	krimiautor in
tanzfreudig	tanzfreude ig
sommerurlauber	sommerurlaub er
erklärlich	erklären lich
mannschaftsspieler	mannschaftsspiel er
millionärin	million är in
unternehmerin	unternehmen er in
lyrikerin	lyrik er in
hüterin	hüten er in
anwenderfreundlichkeit	anwenderfreundlich keit
beschneidung	beschneiden ung
löcherig	löchern ig
sportwetter	sportwetten er
bedränger	bedrängen er
verbilligung	ver billig ung
politologin	politologe in
amtsärztlich	amtsarzt lich
vereinbarkeit	vereinbar keit
bundesbildungsministerin	bundesbildungsminister in
setzerin	setzer in
schwänzchen	schwanz chen
schattenkönigin	schattenkönig in
geläufigkeit	geläufig keit
konditionierung	kondition ier ung
untergeher	untergehen er
pantöffelchen	pantoffel chen
waldlos	wald los
bestattung	bestatten ung
kastenlos	kaste los
rotschwänzchen	rotschwanz chen
filmkritikerin	filmkritik er in
eitelkeit	eitel keit
germanin	german in
radiomacher	radiomachen er
augenscheinlich	augenschein lich
symbolkräftig	symbolkraft ig
kapitalistin	kapital ist in
bestrafung	bestrafen ung
abwegig	abweg ig
anwendbarkeit	anwendbar keit
stopfer	stopfen er
klangmagier	klangmagie er
vorahnung	vorahnen ung
schwerbeschädigung	schwerbeschädigen ung
entpersönlichung	entpersönlichen ung
überladung	überladen ung
kreispolitiker	kreispolitik er
schleicher	schleichen e er
minchen	min chen
gewalttätigkeit	gewalttat ig keit
nachmittäglich	nachmittag lich
dachauer	dachau er
arbeitsmarktpolitiker	arbeitsmarktpolitik er
bekundung	bekunden ung
kapitalisierung	kapitale isier ung
sozialpsychologin	sozialpsychologe in
streitbar	streiten bar
bürgerfreundlichkeit	bürgerfreund lich keit
alltäglichkeit	alltag lich keit
zerbrechlichkeit	zer brechen lich keit
masselos	masse los
entwicklungsministerin	entwicklungsminister in
unauflöslichkeit	unauflöslich keit
hilfsbedürftigkeit	hilfsbedürftig keit
furchtlos	furcht los
abschätzig	abschätzen ig
verladung	verladen ung
dechiffrierbar	dechiffrieren bar
vögelchen	vogel chen
entschädigung	entschädigen ung
stadtteilbewohnerin	stadtteilbewohner in
tabakpflanzer	tabakpflanze er
hochstilisierung	hochstilisieren ung
nußlocher	nußloch er
polizistin	polizist in
zusammenballung	zusammenballen ung
grabungsleiterin	grabungsleiter in
mobilisierung	mobil isier ung
spitzenläuferin	spitzenläufer in
entschlußlos	entschluß los
typisierung	type isch isier ung
verzeihung	verzeihen ung
langzeitstudentin	langzeitstudent in
waiblinger	waiblingen er
reizbarkeit	reizen bar keit
virtuosin	virtuose in
unentschuldbar	un entschulden bar
nachversteuerung	nachversteuern ung
negerin	neger in
offenbarung	offenbaren ung
berechnung	berechnen ung
gleichberechtigung	gleichberechtigen ung
höflich	hof lich
rahmenlos	rahm los
brauchbarkeit	brauchen bar keit
weiterbeschäftigung	weiterbeschäftigen ung
macher	machen er
schmierung	schmieren ung
maschinenführerin	maschinenführer in
peinigen	pein ig
abrufbar	abrufen bar
meißner	meißen er
schwarzarbeiterin	schwarzarbeiten in
überteuerung	über teuer ung
ladendiebin	ladendieb in
überprüfung	überprüfen ung
helmer	helm er
kanufahrer	kanufahren er
orientierungsläufer	orientierungslauf er
karikaturistin	karikatur ist in
frühgeschichtlich	frühgeschichte lich
sozialhelferin	sozialhelfer in
entschlüsselung	entschlüsseln ung
dreibändig	dreiband ig
nachwuchsmusikerin	nachwuchsmusiker in
hundehalterin	hundehalter in
tanner	tanne er
urkundlich	urkunde lich
erwähnung	erwähnen ung
diplomingenieurin	diplomingenieur in
gesetzwidrigkeit	gesetzwidrig keit
vordringlich	vordringen lich
folgenlos	folgen e los
linkshänderin	linkshänder in
begleiterin	begleiten er in
reihung	reihen ung
bezirksleiterin	bezirksleiter in
mitleidslos	mitleid los
kampfkräftig	kampfkraft ig
heßlein	heß lein
korndörfer	korndorf er
radiohörer	radiohören er
erlösung	erlösen ung
blutspender	blutspende er
parkbesucher	parkbesuch er
übereinstimmung	übereinstimmen ung
freudlos	freud los
lebenskünstlerin	lebenskunst ler in
durchschnittlich	durchschnitt lich
weiterverwertung	weiterverwerten ung
sinologin	sinologe in
abdeckung	abdecken ung
verhaltensforscherin	verhaltensforscher in
überspezialisierung	überspezialisieren ung
konstantin	konstante in
freiberger	freiberg er
verhätschelung	verhätscheln ung
vorsorglich	vorsorgen lich
commerzbanker	commerzbank er
gewichtheber	gewichtheben er
strandbesucher	strandbesuch er
unterbrecher	unterbrechen er
sportstudentin	sportstudent in
ungefällig	un gefälle ig
überwinterung	über winter ung
stahlhelmer	stahlhelm er
kastanienwäldchen	kastanienwald chen
verbindung	verbinden ung
schwimmer	schwimmen er
erdrosselung	erdrosseln ung
verhärtung	ver hart e ung
stammler	stammeln er
motorradfahrerin	motorradfahren er in
kronenberger	kronenberg er
entsendung	entsenden ung
denkmalschützer	denkmalschutz er
umweltfreundlich	umweltfreund lich
straßenbahnfahrerin	straßenbahnfahren er in
austragbar	austragen bar
lorin	lore in
fabrikarbeiter	fabrikarbeit er
vereinskollegin	vereinskollege in
innerwestlich	inner weste lich
heimarbeiter	heimarbeit er
inniglich	innig lich
umweltwissenschaftlerin	umweltwissen schaft ler in
antragsstellerin	antragsstelle er in
versorgung	versorgen ung
parteiaktivistin	parteiaktivist in
fremdarbeiterin	fremdarbeit er in
kulturredakteurin	kulturredakteur in
aufarbeitung	aufarbeiten ung
kritiker	kritik er
huldigen	huld ig
wasserkocher	wasserkochen er
ingolstädterin	ingolstadt er in
hüttenstädter	hüttenstadt er
amtstierärztlich	amtstierarzt lich
ladeninhaberin	ladeninhaber in
bildungsfähigkeit	bildungsfähig keit
sozialpartnerschaftlich	sozialpartner schaft lich
überbezahlung	überbezahlen ung
erhaltung	erhalten ung
reichenbacher	reichenbach er
näher	nähen e er
agrartechniker	agrartechnik er
medizinethiker	medizinethik er
stimmigkeit	stimmen ig keit
dilettantin	dilettant in
kirchenkritiker	kirchenkritik er
pflanzlich	pflanzen lich
zeitungsmacher	zeitungsmachen er
schwerpflegebedürftigkeit	schwerpflegebedürftig keit
abmachung	abmachen ung
abschöpfung	abschöpfen ung
reformunfähigkeit	reformunfähig keit
puppenmacherin	puppenmacher in
zentralstaatlich	zentralstaat lich
friedensunfähigkeit	friedensunfähig keit
taufpatin	taufpate in
vergiftung	ver gift ung
zugehörigkeit	zugehören ig keit
sportjournalistin	sportjournalist in
gutenberger	gutenberg er
landessieger	landessieg er
statistin	statisch ist in
erlernung	erlernen ung
wundertäter	wundertat er
schildern	schild er
dudelsackpfeifer	dudelsackpfeife er
olympier	olympia er
abwehrspielerin	abwehrspiel er in
einschränkung	einschränken ung
formbar	formen bar
mäuschen	maus chen
begreiflich	begreifen lich
befähigung	befähigen ung
pelzträgerin	pelzträger in
völkerrechtlich	völkerrecht lich
frachter	fracht er
fremdsprachlich	fremdsprache lich
vergeistigung	ver geist ig ung
hanauerin	hanau er in
irrtümlich	irrtum lich
porträtistin	porträt ist in
streitlustig	streitlust ig
bewaldung	bewalden ung
privatrechtlich	privatrecht lich
beiwohnung	beiwohnen ung
tiefbauarbeiter	tiefbauarbeit er
umverteilung	umverteilen ung
bautechniker	bautechnik er
unflätigkeit	unflat ig keit
massig	masse ig
neapolitanerin	neapolitaner in
arzthelferin	arzthelfer in
nordthüringer	nordthüringen er
thailänder	thailand er
landschaftsgärtner	landschaftsgarten er
pflegehelferin	pflegehelfer in
verbreitung	ver breit ung
einsendung	einsenden ung
verlagslektorin	verlagslektor in
schächtelchen	schachtel chen
wildwüchsig	wildwuchs ig
zugkräftig	zugkraft ig
nachbearbeitung	nachbearbeiten ung
rosenberger	rosenberg er
bankkundin	bankkunde in
massenwirksamkeit	massenwirksam keit
landesplaner	landesplan er
betätigung	betätigen ung
schwetzinger	schwetzingen er
weltmeisterlich	weltmeister lich
abtreiber	abtreiben er
todessehnsüchtig	todessehnsucht ig
pensionswirtin	pensionswirt in
hollander	holland er
konkurrentin	konkurrent in
kriminalpolizeilich	kriminalpolizei lich
freisetzung	freisetzen ung
elektromechaniker	elektromechanik er
durchsetzungsfähigkeit	durchsetzungsfähig keit
sendlinger	sendling er
glaubenskämpfer	glaubenskampf er
nichtigkeit	nichtig keit
hoffnungsvoller	hoffnungsvollen er
präsidentin	präsident in
hochstaplerin	hochstapeln er in
beisitzerin	beisitzen er in
burgenbauer	burgenbau er
klinkenputzer	klinkenputzen er
reformfreundlich	reformfreund lich
befehlsempfänger	befehlsempfang er
genossenschaftlich	genossen schaft lich
flaumig	flaum ig
griesgrämig	griesgram ig
vizebürgermeisterin	vizebürgermeister in
zwischengesellschaftlich	zwischengesellschaft lich
löslichkeit	löslich keit
strandhäuschen	strandhaus chen
offensivfähigkeit	offensivfähig keit
radin	rad in
stadtstaatlich	stadtstaat lich
araberin	arab er in
gröblich	grob e lich
glasbläser	glasblasen er
finanzreferentin	finanzreferent in
bastler	basteln er
unmerklich	un merken lich
untergewichtig	untergewicht ig
offenlegung	offenlegen ung
vietnamesin	vietnam ese in
bayreuther	bayreuth er
bühnentänzer	bühnentanz er
tegernseer	tegernsee er
studienfreundin	studienfreund in
degenfechterin	degenfechten er in
jungautorin	jungautor in
vergrößerung	vergrößern ung
bundessieger	bundessieg er
moorburger	moorburg er
schlackenlos	schlacke los
chinesin	china ese in
üppigkeit	üppig keit
übergriffig	übergriff ig
entschlußfreudig	entschlußfreude ig
erringung	erringen ung
reitsportlich	reitsport lich
grenzstädtchen	grenzstadt chen
landarbeiter	landarbeit er
klimatechniker	klimatechnik er
energieverbraucher	energieverbrauch er
sportredakteurin	sportredakteur in
wirtschaftsmächtig	wirtschaftsmacht ig
weltöffentlichkeit	weltöffentlich keit
behindertenfreundlichkeit	behindertenfreundlich keit
abkühlung	ab kühl e ung
fristlos	frist los
verführung	verführen ung
straßenfeger	straßenfegen er
grundstückseigentümerin	grundstückseigentum er in
überdachung	über dach ung
belustigung	belustigen ung
sesamkörner	sesamkorn er
kunstwissenschaftlerin	kunstwissenschaft ler in
geldgeberin	geldgeber in
krankenhausseelsorger	krankenhausseelsorge er
gebrauchsgrafiker	gebrauchsgrafik er
atheistin	atheist in
fachgutachter	fachgutachten er
straffung	straffen ung
haider	haid er
zinngießer	zinngießen er
lärmgutachter	lärmgutachten er
vokalartistin	vokalartist in
überspannung	überspannen ung
allmächtiger	allmacht ig e n er
solistin	solist in
pittsburgher	pittsburgh er
wunschkandidatin	wunschkandidat in
internatsschüler	internatsschule er
filzig	filzen ig
kunstministerin	kunstminister in
kaltblüter	kaltblut er
straßenkehrer	straßenkehren er
widersprüchlichkeit	widerspruch lich keit
sponsorin	sponsor in
familienforscherin	familienforscher in
kläglichkeit	kläglich keit
kurzhaarig	kurzhaar ig
weißensteiner	weißenstein er
energieministerin	energieminister in
wunderbar	wundern bar
kleingläubigkeit	kleingläubig keit
gutwilligkeit	gutwillig keit
rosenheimer	rosenheim er
fensterbauer	fensterbau er
übernächtig	übernachten ig
empörer	empören er
asylpolitiker	asylpolitik er
verleger	verlegen er
göttinger	göttingen er
straßenarbeiter	straßenarbeit er
betreuer	betreuen er
lokalbesucher	lokalbesuch er
fehlbesetzung	fehlbesetzen ung
befehlsempfängerin	befehlsempfang er in
kleinbauer	kleinbau er
werktäglich	werktag lich
weltbanker	weltbank er
vollstreckbarkeit	vollstreckbar keit
sekretärin	sekret är in
zeichenlehrer	zeichenlehre er
kreditkartenbetrüger	kreditkartenbetrug er
aufzeichnung	aufzeichnen ung
handelsschüler	handelsschule er
beteuerung	beteuern ung
intrigantin	intrigant in
lässigkeit	lässig keit
stimmig	stimmen ig
abkapselung	abkapseln ung
schillern	schill er
gemeindepfleger	gemeindepflege er
bevollmächtigung	bevollmächtigen ung
protokollchefin	protokollchef in
neandertalerin	neandertaler in
liebesfähigkeit	liebesfähig keit
kleingeistigkeit	kleingeist ig keit
großväterlich	großvater lich
domstädter	domstadt er
tauschbar	tauschen bar
klimaschützer	klimaschutz er
marmeladenbrötchen	marmeladenbrot chen
wiederbewaffnung	wiederbewaffnen ung
premierministerin	premierminister in
erwerbsloser	erwerbslose er
schinkenbrötchen	schinkenbrot chen
steuerbetrüger	steuerbetrug er
kaffeepflanzer	kaffeepflanze er
nervenärztlich	nervenarzt lich
ersetzung	ersetzen ung
konstituierung	konstituieren ung
arbeitsberaterin	arbeitsberater in
fortpflanzung	fortpflanzen ung
übergangslos	übergang los
aussprechbar	aussprechen bar
selbstverwaltung	selbstverwalten ung
steuerpflichtig	steuerpflicht ig
netzwerker	netzwerk er
sucher	suchen er
einstellung	einstellen ung
anschaulichkeit	anschauen lich keit
giftmischerin	giftmischer in
friedensverträglich	friedensvertrag lich
werbewirksamkeit	werbewirksam keit
merklich	merken lich
laienschauspielerin	laienschauspieler in
bergbaulich	bergbau lich
sportpolitikerin	sportpolitik er in
rüsselsheimerin	rüsselsheim er in
weichherzigkeit	weichherzig keit
kulturchefin	kulturchef in
unterbrechung	unterbrechen ung
wiederbelebung	wiederbeleben ung
mehrung	mehren ung
rechtspfleger	rechtspflege er
züricher	zürich er
ausländerfeindlichkeit	ausländerfeind lich keit
kissinger	kissingen er
christopher	christophe er
hilfswillig	hilfswille ig
einzelhändlerin	einzelhändler in
bootsverleiher	bootsverleih er
autodesigner	autodesign er
kleinstaatlich	kleinstaat lich
alleinerzieher	alleinerziehen er
abendländer	abendland er
jesuitenschüler	jesuitenschule er
stellvertreterin	stellvertreten er in
fürstenberger	fürstenberg er
übersättigung	übersättigen ung
landwirtschaftsministerin	landwirtschaftsminister in
minensucher	minensuchen er
twistringer	twistring er
spritzer	spritzen er
kreuzförmig	kreuzform ig
abtönung	abtönen ung
giftig	giften ig
taucherin	tauchen er in
kultusministerin	kultusminister in
schlüpfrigkeit	schlüpfen rig keit
lustlos	lust los
bezirksamtsleiterin	bezirksamtsleiter in
nachsendung	nachsenden ung
langjährig	langjahr ig
augenfälligkeit	augenfällig keit
bildungssenatorin	bildungssenator in
veranlassung	veranlassen ung
designerin	design er in
fischereirechtlich	fischereirecht lich
kremer	krem er
schaumburger	schaumburg er
politisierung	politisch isier ung
mieterin	mieten er in
stahlarbeiter	stahlarbeit er
zueignung	zueignen ung
kreisjugendpfleger	kreisjugendpflege er
schlößlein	schloß lein
sandberger	sandberg er
sitzungspräsidentin	sitzungspräsident in
steinewerfer	steinewerfen er
kiewer	kiew er
eigennützigkeit	eigennutz ig keit
birnenförmig	birnenform ig
flüsterer	flüstern er
weiterverarbeitung	weiterverarbeiten ung
schwerstverbrecher	schwerstverbrechen er
verhängung	verhängen ung
straßenbauarbeiter	straßenbauarbeit er
teilzeitig	teilzeit ig
realschullehrerin	realschullehrer in
entsprechung	entsprechen ung
motorenbauer	motorenbau er
konkurrenzlos	konkurrenz los
leistungsträgerin	leistungsträger in
unfruchtbar	un fruchten bar
zurückzahlung	zurückzahlen ung
abmahnung	abmahnen ung
unterbewertung	unterbewerten ung
bewunderung	bewundern ung
immobilienbesitzer	immobilienbesitz er
holzschnitzer	holzschnitzen er
manager	managen er
mathelehrerin	mathelehrer in
rechtsförmlich	rechtsform lich
mühlheimer	mühlheim er
gesamtwirtschaftlich	gesamtwirtschaft lich
dickhäutig	dickhaut ig
verweser	verwesen er
anzeigepflichtig	anzeigepflicht ig
senegalesin	senegalese in
staatlich	staat lich
verwandlungskünstlerin	verwandlungskunst ler in
zahnlos	zahn los
gemüsegärtner	gemüsegarten er
gegenständlich	gegenstand lich
wilmersdorfer	wilmersdorf er
innenpolitiker	innenpolitik er
tätowierung	tätowieren ung
scheußlichkeit	scheußlich keit
redakteurin	redakteur in
superstürmer	supersturm er
zivilistin	zivil ist in
unionspolitiker	unionspolitik er
unverständlichkeit	unverstand lich keit
trennbarkeit	trennen bar keit
klangprächtig	klangpracht ig
wirklicher	wirklichen er
radlerin	radeln er in
grundschulleiterin	grundschulleiter in
verzehrbar	verzehren bar
nebenklägervertreterin	nebenklägervertreter in
kemptener	kempten er
zuversichtlichkeit	zuversicht lich keit
musikschulleiterin	musikschulleiter in
löscher	löschen er
stammfreier	stammfreie er
seelöwin	seelöwe in
gesamtschüler	gesamtschule er
verleitung	verleiten ung
rezeptpflichtig	rezeptpflicht ig
erholung	erholen ung
bundespräsidentin	bundespräsident in
armbändchen	armband chen
empfindlich	empfinden lich
untergliederung	untergliedern ung
töchterchen	tochter chen
austreibung	austreiben ung
gruppenleiterin	gruppenleiter in
jugendpfleger	jugendpflege er
springreiter	springreiten er
allein	allee in
doppelsinnig	doppelsinn ig
strapazierfähigkeit	strapazierfähig keit
übertragung	übertragen ung
reaktorbauer	reaktorbau er
ravensburger	ravensburg er
pokalsieger	pokalsieg er
protestwähler	protestwahl er
gewichtslos	gewicht los
nachdenklichkeit	nachdenken lich keit
dressurreiterin	dressurreiten er in
fischesser	fischesse er
kürzung	kürzen ung
leiblichkeit	leib lich keit
pazifistin	pazifisch ist in
gewaltförmig	gewaltform ig
florettfechterin	florettfechten er in
getreidebauer	getreidebau er
usbekin	usbeke in
überhöhung	überhöhen ung
übersichtlichkeit	übersichten lich keit
mehrheitsgesellschafter	mehrheitsgesellschaft er
auffassung	auffassen ung
ortschronistin	ortschronist in
rührseligkeit	rührselig keit
verunglimpfung	verunglimpfen ung
trübsinnig	trübsinn ig
nationalistin	nationale ist in
chancenlos	chance los
einkaufbar	einkaufen bar
frevlerin	freveln er in
sexualstraftäter	sexualstraftat er
abschleppunternehmer	abschleppunternehmen er
aster	ast er
schulsenatorin	schulsenator in
lästerung	lästern ung
turiner	ture in er
philosophiestudentin	philosophiestudent in
puter	pute er
hauptabnehmerin	hauptabnehmer in
weinkönigin	weinkönig in
modellierer	modell ier er
elektriker	elektrik er
unehelich	un ehe lich
längenmäßig	längenmaß ig
spätmittelalterlich	spätmittelalter lich
mitfinanzierung	mitfinanzieren ung
mitteilungsblättchen	mitteilungsblatt chen
richtigstellung	richtigstellen ung
rücker	ruck er
buschig	busch ig
beier	bea er
orchestrierung	orchestrieren ung
grifflos	griff los
beanstandung	be anstand ung
wandlungsfähigkeit	wandlungsfähig keit
hausbesetzer	hausbesetzen er
übertreibung	übertreiben ung
nächtlich	nacht lich
dieter	dieten er
abzugsfähigkeit	abzugsfähig keit
ermahnung	ermahnen ung
amerikanisierung	amerika anisch isier ung
volksschauspielerin	volksschauspiel er in
parlamentsberichterstatterin	parlamentsberichterstatter in
gegenwartsdramatiker	gegenwartsdramatik er
schulin	schule in
alber	alb er
naturschiefer	naturschiefe er
vorspiegelung	vorspiegeln ung
verkantung	verkanten ung
wiederaufbereitung	wiederaufbereiten ung
mitstreiterin	mitstreiten in
säger	säge er
neuensteiner	neuenstein er
grönländer	grönland er
verstümmelung	verstümmeln ung
amerikanistin	amerika anisch ist in
errettung	erretten ung
seniorenmeisterin	seniorenmeister in
wahrheitssucher	wahrheitssuche er
bertin	bert in
waldbauer	waldbau er
gästeführerin	gästeführer in
plötzlichkeit	plötze lich keit
notdürftig	notdurft ig
autobesitzerin	autobesitz er in
angriffsunfähigkeit	angriffsunfähig keit
tramper	trampen er
irrlehrer	irrlehre er
düngung	düngen ung
berufsboxer	berufsboxen er
gewerbemieter	gewerbemiete er
bestimmbar	bestimmen bar
brüter	brüten er
elfjähriger	elfjährig er
verwesung	verwesen ung
ostschweizer	ostschweiz er
einer	eine er
neckartaler	neckartal er
literaturnobelpreisträgerin	literaturnobelpreisträger in
rüschenkleidchen	rüschenkleid chen
vermögensrechtlich	vermögensrecht lich
rechtmäßigkeit	rechtmäßig keit
verschraubung	ver schrauben e ung
rathauspolitiker	rathauspolitik er
bodendenkmalpfleger	bodendenkmalpflege er
verhandlungsfähigkeit	verhandlungsfähig keit
hochschullehrerin	hochschullehre er in
lehnenlos	lehne los
wirkungsmächtigkeit	wirkungsmacht ig keit
spitzig	spitzen ig
fliegerin	fliegen er in
studentin	student in
kroatin	kroate in
brandung	branden ung
frühaufsteherin	frühaufstehen er in
bergungsarbeiter	bergungsarbeit er
lüfter	luft er
beweiskräftig	beweiskraft ig
mütterlichkeit	mutter lich keit
grundsätzlich	grundsatz lich
vergoldung	ver gold ung
vereinssprecherin	vereinssprecher in
individualistin	individualist in
schrecklichkeit	schreck lich keit
realwirtschaftlich	realwirtschaft lich
verflüchtigen	ver flüchten ig
verfahrensrechtlich	verfahrensrecht lich
gaswäscher	gaswäsche er
kriegswirtschaftlich	kriegswirtschaft lich
ausleitung	ausleiten ung
schulpolitiker	schulpolitik er
geistigkeit	geist ig keit
memminger	memmingen er
erledigung	erledigen ung
sieder	siede er
inhaltlich	inhalt lich
unterstufenlehrerin	unterstufenlehrer in
slowenin	slowene in
anbieter	anbieten er
verarbeitung	verarbeiten ung
materialwissenschaftlich	materialwissenschaft lich
alain	ala in
anteilig	anteilen ig
theatermusiker	theatermusik er
zerstörer	zerstören er
kernphysiker	kernphysik er
türmchen	turm chen
räuber	rauben er
firmeninhaberin	firmeninhaber in
überordnung	überordnen ung
lebendspender	lebendspende er
gewerkschaftsvertreterin	gewerkschaftsvertreter in
sennerin	sennen in
kindermörder	kindermord er
duisburger	duisburg er
maschinenbauingenieurin	maschinenbauingenieur in
dickfelligkeit	dickfellig keit
kopierer	kopie ier er
kochbuchautorin	kochbuchautor in
skilangläufer	skilanglauf er
eschborner	eschborn er
tartarin	tartare in
entnationalisierung	entnationalisieren ung
hochschuldidaktiker	hochschuldidaktik er
zuweisung	zuweisen ung
physikprofessorin	physikprofessor in
damenschneiderin	damenschneider in
buchhalterin	buchhalter in
zwischenschaltung	zwischenschalten ung
hospitantin	hospitant in
schiedsrichterlich	schiedsrichter lich
wiederverwertung	wiederverwerten ung
hasseler	hassel er
jungunternehmer	jungunternehmen er
gänschen	gans chen
beachtung	be acht ung
projektierung	projekt ier ung
landesbeamtin	landesbeamte in
entschuldung	entschulden ung
schulsozialarbeiterin	schulsozialarbeit er in
unerfüllbarkeit	un erfüllen bar keit
leistungssportlich	leistungssport lich
feller	fell er
kleinwalsertaler	kleinwalsertal er
kaufkräftig	kaufkraft ig
jugendschützer	jugendschutz er
cafer	cafe er
lieferbar	liefern bar
heimatlos	heimat los
erlin	erle in
fundamentalistin	fundamentale ist in
europapolitiker	europapolitik er
genußfähigkeit	genußfähig keit
tatverdächtig	tatverdacht ig
tageszeitlich	tageszeit lich
profifußballer	profifußball er
greifbar	greifen bar
tännchen	tann chen
marktmeisterin	marktmeister in
landshuterin	landshut er in
umladung	umladen ung
schürfer	schürfen er
fokker	fokke er
volkstümlichkeit	volkstümlich keit
teilnehmer	teilnehmen er
klangsinnlichkeit	klangsinn lich keit
gesellschafter	gesellschaft er
stücklein	stück lein
düsterkeit	düster keit
einbrecher	einbrechen er
löckchen	locke chen
diplomatin	diplom at in
übermalung	über mal ung
zeitzeugin	zeitzeuge in
sprinter	sprinten er
unterstreichung	unterstreichen ung
übelkeit	übel keit
nichterwerbstätigkeit	nichterwerbstätig keit
kartenverkäuferin	kartenverkauf er in
regionalplaner	regionalplan er
wertvoller	wertvollen er
mariazeller	mariazell er
unerklärlich	un erklären lich
wiederkäuer	wiederkäuen er
selbstgefällig	selbstgefallen ig
rehlein	reh lein
demobilisierung	demobilisieren ung
schwerlaster	schwerlast er
gegenspieler	gegenspiel er
enttäuschung	enttäuschen ung
fünfkämpferin	fünfkampf er in
bedeutsamkeit	bedeuten sam keit
streetworkerin	streetworker in
endverbraucher	endverbrauch er
zugängig	zugang ig
zusammengehörigkeit	zusammengehören ig keit
abspielbar	ab spielen el bar
hauswirtschafter	hauswirt schaft er
anführerin	anführen er in
mieterschützer	mieterschutz er
vorbesprechung	vorbesprechen ung
zirkusbesucher	zirkusbesuch er
aktivistin	akt iv ist in
einzeller	einzelle er
eisverkäuferin	eisverkauf er in
houstoner	houston er
weiternutzung	weiternutzen ung
langstreckenläufer	langstreckenlauf er
auflassung	auflassen ung
zerstörerin	zerstören er in
hellhörigkeit	hellhörig keit
demütigen	demut ig
verkehrsgutachter	verkehrsgutachten er
erlöser	erlösen er
macker	macke er
schürzchen	schurz chen
fantasielos	fantasie los
waffenbesitzer	waffenbesitz er
hauptgeschäftsführerin	hauptgeschäftsführer in
universitätsmediziner	universitätsmedizin er
patin	pate in
frühzeitlich	frühzeit lich
familiengesellschafter	familiengesellschaft er
geheimnislos	geheim nis los
ernennung	ernennen ung
fürsorgerin	fürsorge er in
kraftwerksbauer	kraftwerksbau er
parteisprecherin	parteisprecher in
ortung	orten ung
königsmacherin	königsmacher in
radfahrerin	radfahren er in
stotterer	stottern er
ausarbeitung	ausarbeiten ung
kinderfräulein	kinderfrau lein
stromlinienförmig	stromlinienform ig
zählung	zählen ung
mailänder	mailand er
vorführung	vorführen ung
unhandlichkeit	un hand lich keit
baronin	baron in
falkenburger	falkenburg er
berührung	berühren ung
borstig	borste ig
vertragslos	vertrag los
urlauberin	urlaube er in
liverpooler	liverpool er
restaurantkritiker	restaurantkritik er
pilotin	pilot in
unzurechnungsfähigkeit	unzurechnungsfähig keit
personifizierung	personifizieren ung
gültigkeit	gültig keit
amtsnachfolger	amtsnachfolge er
frauenfeindlich	frauenfeind lich
kanzlerkandidatin	kanzlerkandidat in
mystiker	mystik er
kunstglaser	kunstglas er
stadtverordnetenvorsteherin	stadtverordnetenvorsteher in
limburger	limburg er
firmenaufkäufer	firmenaufkauf er
vergeistigen	ver geist ig
hochschulpolitiker	hochschulpolitik er
objektleiterin	objektleiter in
phrasierung	phrase ier ung
schuldenmacher	schuldenmachen er
naturgesetzlichkeit	naturgesetz lich keit
botin	bote in
perin	pere in
fremdenfreundlichkeit	fremdenfreundlich keit
bündnisfähigkeit	bündnisfähig keit
unentwirrbar	un entwirren bar
kommunalpolitikerin	kommunalpolitik er in
sozialschädlichkeit	sozialschädlich keit
korbacher	korbach er
schadensersatzpflichtig	schadensersatzpflicht ig
unbrauchbarkeit	un brauchen bar keit
zugänglich	zugang lich
sprachauffälligkeit	sprachauffällig keit
erforschbar	er forsch bar
jugendpflegerin	jugendpflege er in
gesetzmäßigkeit	gesetz mäßig keit
kunstkritiker	kunstkritik er
handwerksmeisterin	handwerksmeister in
recklinghausener	recklinghausen er
donaustädter	donaustadt er
verschwender	ver schwende er
friseurmeisterin	friseurmeister in
kriegsberichter	kriegsbericht er
fernüberwachung	fernüberwachen ung
handelsministerin	handelsminister in
keller	kelle er
entmachtung	entmachten ung
parteiführerin	parteiführer in
einwirkung	einwirken ung
berufslos	beruf los
jodler	jodeln er
wiederbegegnung	wiederbegegnen ung
bahnwärterhäuschen	bahnwärterhaus chen
filmtechniker	filmtechnik er
quirlig	quirl ig
eigentümerin	eigentum er in
brückenbauer	brückenbauen er
rettungslos	retten ung los
stärkung	stärken ung
kaffer	kaff er
schlänglein	schlange lein
armseligkeit	armselig keit
halbierung	halb ier ung
wirtschaftsreferentin	wirtschaftsreferent in
gleichgültigkeit	gleichgültig keit
zugehörig	zugehören ig
idiotin	idiot in
übermütig	übermut ig
frauenfeindlichkeit	frauenfeind lich keit
afghanin	afghane in
verbandssprecherin	verbandssprecher in
teilchenphysiker	teilchenphysik er
zwiespältig	zwiespalt ig
dessauer	dessau er
anleger	anlegen er
kompromißunfähigkeit	kompromißunfähig keit
köhler	kohl er
mathematiker	mathematik er
dialektiker	dialektik er
heiligkeit	heil e ig keit
billardspieler	billardspielen er
schwarzafrikanerin	schwarzafrika aner in
tierheilpraktikerin	tierheilpraktiker in
niederländerin	niederlande er in
geräuschlos	geräusch los
lichtdesigner	lichtdesign er
versicherungsrechtlich	versicherungsrecht lich
breitenbrunner	breitenbrunn er
ermöglichung	ermöglichen ung
betrachterin	betrachten er in
plattenaufleger	plattenauflegen er
tennisspielerin	tennisspielen er in
klumpig	klumpen ig
musikjournalistin	musikjournalist in
theologin	theologe in
bauarbeiter	bauarbeit er
manipulierung	manipulieren ung
reiseveranstalterin	reiseveranstalter in
straßenverkehrsrechtlich	straßenverkehrsrecht lich
atemlos	atem los
nordhessin	nordhesse in
unförmig	unform ig
diskussionsfähigkeit	diskussionsfähig keit
kitschig	kitsch ig
lesbar	lesen bar
ester	este er
freigängerin	freigang er in
quarter	quarte er
ersteigung	ersteigen ung
textlich	texten lich
mitwisserin	mitwissen er in
windschlüpfrigkeit	windschlüpfrig keit
ministrantin	ministrant in
radierung	radieren ung
veräußerlichen	ver äußern lich
winzerin	winzer in
musterung	mustern ung
vanillig	vanille ig
vertraulich	vertrauen lich
naturgeschichtlich	naturgeschichte lich
aufschlüsselung	aufschlüsseln ung
armenier	armenien er
jugendärztlich	jugendarzt lich
entlohnung	entlohnen ung
gestaltbarkeit	gestalten bar keit
albumin	album in
verdrängung	verdrängen ung
algerier	algerien er
sachsenhauser	sachsenhausen er
kittchen	kitt chen
europapokalgewinner	europapokalgewinn er
entschädigungspflichtig	entschädigungspflicht ig
ratlos	rate los
anmeldepflichtig	anmeldepflicht ig
stimmgewaltig	stimmgewalt ig
gemeindepfarrerin	gemeindepfarrer in
jämmerlich	jammer lich
kratzer	kratzen er
rückraumspielerin	rückraumspieler in
abonnentin	abonnent in
fernsehempfänger	fernsehempfang er
kirchenpolitiker	kirchenpolitik er
landbesitzer	landbesitz er
bedeckung	bedecken ung
unparteilich	un partei lich
nicolin	nicol in
lautsprecherin	lautsprecher in
vorchristlich	vor chr ist lich
fotoreporterin	fotoreporter in
gemüsehändlerin	gemüsehändler in
gebrechlich	gebrech lich
äsung	äsen ung
sozialwissenschaftlich	sozialwissenschaft lich
sindelfingerin	sindelfingen er in
saisonabhängigkeit	saisonabhängig keit
gemeinsamkeit	gemeinsam keit
heillos	heil los
dauerbesucher	dauerbesuch er
stetigkeit	stet e ig keit
süchtigkeit	sucht ig keit
korrekter	korrekte n er
militärmusiker	militärmusik er
leipziger	leipzig er
schornsteinfegerin	schornsteinfegen er in
landsberger	landsberg er
gefangenentransporter	gefangenentransport er
sonntäglich	sonntag lich
personalberaterin	personalberater in
überschreitung	überschreiten ung
kleinbäuerlich	kleinbau er lich
versteigerung	ver steige er ung
vermögensverwalterin	vermögensverwalter in
anforderung	anfordern ung
burgstädter	burgstadt er
rechtslehrer	rechtslehre er
baumeisterin	baumeister in
wortspieler	wortspiel er
vorzüglich	vorzug lich
psychiatriepatientin	psychiatriepatient in
rationierung	ration ier ung
kroneberger	kroneberg er
zwischenparteilich	zwischen partei lich
kreisspieler	kreisspiel er
hessenmeisterin	hessenmeister in
ozeanier	ozeanien er
töpfchen	topf chen
umwälzung	umwälzen ung
leidenschaftslos	leiden schaft los
waffeneinkäufer	waffeneinkauf er
kündigung	kündigen ung
wehleidigkeit	wehleid ig keit
zahnrädchen	zahnrad chen
autobesitzer	autobesitz er
wiederaufführung	wiederaufführen ung
gutachterin	gutachten er in
gewaltverbrecher	gewaltverbrechen er
irakerin	irak er in
giftmörderin	giftmord er in
blaudruckerin	blaudruck er in
entrückung	ent ruck ung
fruchtbarkeit	fruchten bar keit
ostjerusalemer	ostjerusalem er
ungastlich	un gast lich
rechtsmedizinerin	rechtsmedizin er in
erwerbslos	erwerb los
oberbereiter	oberbereite er
umbesetzung	umbesetzen ung
verbuchung	ver buch ung
rostiger	rostige n er
ablösung	ablösen ung
fahnenträgerin	fahnenträger in
stromverbraucher	stromverbrauch er
schreibung	schreiben ung
frevler	freveln er
hausmusiker	hausmusik er
minnesänger	minnesang er
großmütterlich	großmutter lich
zuhörer	zuhören er
solidaritätsarbeiter	solidaritätsarbeit er
sparwillig	sparwille ig
weltmarktfähigkeit	weltmarktfähig keit
vordenkerin	vordenken er in
bauernhäuschen	bauernhaus chen
amtskirchlich	amtskirche lich
hemmungslos	hemmung los
vizepräsidentin	vizepräsident in
kläger	klage er
beständigkeit	beständig keit
maastrichter	maastricht er
krabbenbrötchen	krabbenbrot chen
kontrabassistin	kontrabassist in
landespolitikerin	landespolitik er in
bomber	bomben er
altmühltaler	altmühltal er
verzollung	verzollen ung
überredung	überreden ung
kommunikationsfähigkeit	kommunikationsfähig keit
wanderarbeiter	wanderarbeit er
überbietung	überbieten ung
wirtschafter	wirtschaften er
augustin	auguste in
plieninger	plieningen er
mobilfunker	mobilfunk er
ausdrucksfähigkeit	ausdrucksfähig keit
metallarbeiter	metallarbeit er
handlungslos	handlung los
charakterlos	charakter los
schlampigkeit	schlampen ig keit
hauseigentümerin	hauseigentum er in
seegängig	seegang ig
lebensschützer	lebensschutz er
tiermedizinerin	tiermedizin er in
feigenblättchen	feigenblatt chen
witzeerzähler	witzeerzählen er
fachwerkhäuschen	fachwerkhaus chen
gastautorin	gastautor in
nachtschränkchen	nachtschrank chen
winzigkeit	winzig keit
militärpolitiker	militärpolitik er
stadtschreiberin	stadtschreiber in
sprachgeschichtlich	sprachgeschichte lich
rennfahrerin	rennfahrer in
bibliothekarin	bibliothekar in
großzügigkeit	großzügig keit
erwerbsfähigkeit	erwerbsfähig keit
flugschüler	flugschule er
abberufung	abberufen ung
schulfreundin	schulfreund in
überholung	überholen ung
kartenverkäufer	kartenverkauf er
kontrollierbarkeit	kontrolle ier bar keit
sexualisierung	sex ual isier ung
verheerung	ver heer ung
künzelsauer	künzelsau er
entgleisung	entgleisen ung
weggeher	weggehen er
gewöhnlich	gewöhnen lich
romanautorin	romanautor in
botschafter	botschaft er
weltmusiker	weltmusik er
zurichtung	zurichten ung
fortbildung	fortbilden ung
lagerarbeiterin	lagerarbeit er in
unhaltbarkeit	un halten bar keit
landesväterlich	landesvater lich
rauschgiftdealer	rauschgiftdeal er
stiefväterlich	stiefvater lich
oberbauer	oberbau er
kreisgeschäftsführerin	kreisgeschäftsführer in
fachlehrerin	fachlehrer in
redenschreiberin	redenschreiber in
lärmschützer	lärmschutz er
unschlagbar	un schlagen bar
schattenspieler	schattenspiel er
vollzeitig	vollzeit ig
durchzieher	durchziehen er
zehrung	zehren ung
exkommunizierung	exkommunizieren ung
festschreibung	festschreiben ung
wirtschaftsfeindlichkeit	wirtschaftsfeindlich keit
supermächtig	supermacht ig
papstwähler	papstwahl er
eiskunstläufer	eiskunstlaufen er
schlüpfer	schlüpfen er
postkutscher	postkutsche er
nichtwählerin	nichtwählen er in
forschung	forschen ung
theatertechniker	theatertechnik er
voraussichtlich	voraussicht lich
meteorologin	meteorologe in
hamburger	hamburg er
farbfernseher	farbfernsehen er
unterbelegung	unter beleg ung
londonerin	london er in
eiberger	eiberg er
zurückweisung	zurückweisen ung
abnehmerin	abnehmen er in
kenianerin	kenia aner in
grundlos	grund los
sonderbarkeit	sondern bar keit
bettchen	bett chen
seglerin	segeln er in
unsterblich	un sterben lich
jugendlich	jugend lich
hörfunkchefin	hörfunkchef in
auszahlung	auszahlen ung
homburgerin	homburg er in
motorradbauer	motorradbau er
wohlgefällig	wohlgefallen ig
heizungstechniker	heizungstechnik er
medienpädagogin	medienpädagoge in
vorprüfung	vorprüfen ung
fernsehkritikerin	fernsehkritik er in
stallarbeiter	stallarbeit er
reuelos	reue los
trübsalbläser	trübsalblasen er
verdunkelung	ver dunkel ung
ungeduldig	ungeduld ig
meisterlich	meister lich
dezentralisierung	dezentral isier ung
gewalttäterin	gewalttat er in
weltläufig	weltlauf ig
parteienvertreterin	parteienvertreter in
hellseherin	hellsehen er in
pfläumchen	pflaume chen
arbeitsgesellschaftlich	arbeitsgesellschaft lich
mittelspielerin	mittelspieler in
erkennung	erkennen ung
zügigkeit	zügig keit
barleber	barleben er
gymnasiallehrerin	gymnasiallehrer in
privatärztlich	privatarzt lich
schaffung	schaffen ung
arbeitsamkeit	arbeiten sam keit
verlader	verladen er
lehrer	lehren er
zirkusdirektorin	zirkusdirektor in
korrespondentin	korrespondent in
erbärmlichkeit	erbärmlich keit
geldzähler	geldzählen er
mittelfeldspielerin	mittelfeldspiel er in
arbeitsministerin	arbeitsminister in
zeitungsredakteurin	zeitungsredakteur in
quäler	quälen er
überbaubar	überbauen bar
bestürzung	bestürzen ung
lebensgefährlich	lebensgefahr lich
schuldirektorin	schuldirektor in
trampolinspringer	trampolinspringen er
europarechtlich	europarecht lich
geringschätzig	geringschätzen ig
bierverkäufer	bierverkauf er
breisgauer	breisgau er
veräußerlichen	ver äußern lich
primärärztlich	primärarzt lich
nachrichter	nachricht er
fürsprecherin	fürsprecher in
kranbauer	kranbau er
wettbewerbsfähigkeit	wettbewerbsfähig keit
pflanzenbauer	pflanzenbau er
abstempelung	ab stempeln el ung
firmenkäufer	firmenkauf er
vermögenslos	vermögen los
fügsamkeit	fügen sam keit
bereisung	bereisen ung
männlichkeit	mann lich keit
seltsamkeit	seltsam keit
kleintransporter	kleintransport er
leichtgewichtig	leichtgewichten ig
fabrikantin	fabrikant in
fachärztlich	facharzt lich
warin	ware in
überalterung	über alter ung
diskussionswürdigkeit	diskussionswürdig keit
behördenchefin	behördenchef in
freihaltung	freihalten ung
antiheldin	antiheld in
vorbildlichkeit	vorbilden lich keit
vizeweltmeisterin	vizeweltmeister in
zufriedenstellung	zufriedenstellen ung
fachwerkstädtchen	fachwerkstadt chen
fachschüler	fachschule er
sünder	sünde er
maserung	masern ung
fotojournalistin	fotojournalist in
abschreibung	abschreiben ung
vatermörder	vatermord er
restauratorin	restaurator in
wehleidig	wehleid ig
nachpflanzung	nachpflanzen ung
sportfischer	sportfischen er
polizeischüler	polizeischule er
münchenerin	münchen er in
marientaler	mariental er
schaffner	schaffen er
sozialpfleger	sozialpflege er
scheinheiligkeit	scheinheilig keit
zwischenzeitig	zwischenzeit ig
erprobung	erproben ung
wasserrechtlich	wasserrecht lich
konsumgenossenschaftlich	konsumgenossenschaft lich
traktoristin	traktor ist in
sonnenhütchen	sonnenhut chen
einbeinig	einbein ig
äußerlichkeit	äußern lich keit
bewahrung	bewahren ung
betreiberin	betreiben er in
bielefelderin	bielefelder in
durchlässigkeit	durchlässig keit
jurastudentin	jurastudent in
brandmarkung	brandmarken ung
schweinsäuglein	schweinsaugen lein
ministerialdirektorin	ministerialdirektor in
begrenzung	begrenzen ung
kammerschauspielerin	kammerschauspieler in
tibeterin	tibet er in
plastikbomber	plastikbombe er
mandantin	mandant in
versendung	versenden ung
zahnarzthelferin	zahnarzthelfer in
wegbegleiterin	wegbegleiter in
eilfertigkeit	eilfertig keit
stammeskämpfer	stammeskampf er
sättigung	sättigen ung
kirchenmusiker	kirchenmusik er
hütchenspieler	hütchenspiel er
regelwidrigkeit	regelwidrig keit
jazzsängerin	jazzsänger in
umrahmung	um rahm ung
weiterverbreitung	weiterverbreiten ung
lüneburger	lüneburg er
nachbarbauer	nachbarbau er
vereinfachung	ver einfach ung
unstetig	un stet e ig
kehlig	kehle ig
barmusiker	barmusik er
schulelternsprecherin	schulelternsprecher in
breslauer	breslau er
abholzung	abholzen ung
wattig	watte ig
erreichbarkeit	erreichen bar keit
jugendturner	jugendturnen er
zuseher	zusehen er
landesrechtlich	landesrecht lich
mordverdächtig	mordverdacht ig
beharrlichkeit	beharren lich keit
ellenberger	ellenberg er
erreichbar	erreichen bar
handwerker	handwerk er
erforschung	er forsch ung
spaßmacher	spaßmachen er
feierabendlich	feierabend lich
lustschlößchen	lustschloß chen
ekelig	ekel ig
bergstädtchen	bergstadt chen
feldspielerin	feldspiel er in
glanzlos	glanz los
bildungsreformer	bildungsreform er
würstchen	wurst chen
sittlich	sitte lich
ausartung	aus arten ung
milchig	milch ig
zweimalig	zweimal ig
kennerin	kennen er in
trinker	trinken er
feldberger	feldberg er
peiniger	pein ig er
bezirkssekretärin	bezirkssekretär in
voraussetzung	voraussetzen ung
postgewerkschafter	postgewerkschaft er
kontaktfähigkeit	kontaktfähig keit
verräuchern	ver rauchen er
spitzenkandidatin	spitzenkandidat in
vergünstigung	ver gunst ig ung
marionettenspieler	marionettenspiel er
gutheißung	gutheißen ung
zuschauerin	zuschauen er in
kartoffelkönigin	kartoffelkönig in
elektrotechniker	elektrotechnik er
freundlich	freund lich
stammspielerin	stammspieler in
finanzministerin	finanzminister in
baumgärtner	baumgarten er
kunsthandwerkerin	kunsthandwerk er in
distanzlos	distanz los
elektroingenieurin	elektroingenieur in
goldschmiedemeisterin	goldschmiedemeister in
streitberger	streitberg er
altenpflegerin	altenpflege er in
zukunftslos	zukunft los
stierstädter	stierstadt er
dozentin	dozent in
haftfähigkeit	haftfähig keit
vorkämpferin	vorkämpfer in
auflösung	auflösen ung
vertrauensseligkeit	vertrauensselig keit
hausbauer	hausbauen er
steuerbar	steuern bar
verärgerung	ver ärger ung
beweglich	bewegen lich
lother	loth er
überempfindlich	über empfinden lich
prorektorin	prorektor in
regionalisierung	regionale isier ung
kieler	kiel er
wagenwäscher	wagenwaschen er
bauplanungsrechtlich	bauplanungsrecht lich
neugieriger	neugierige n er
gemeindevertreterin	gemeindevertreter in
denkbar	denken bar
medienrechtlich	medienrecht lich
baugewerblich	baugewerbe lich
falkensteiner	falkenstein er
urheberin	urheber in
programmierbar	programm ier bar
graphikerin	graphik er in
werkstofftechniker	werkstofftechnik er
anknüpfung	anknüpfen ung
chikagoer	chikago er
säuerlich	säuern lich
recyclingfähigkeit	recyclingfähig keit
filialleiterin	filialleiter in
verkennung	verkennen ung
aufsteigerin	aufsteigen er in
autofreundlich	autofreund lich
ultragiftig	ultragift ig
schmerzlichkeit	schmerz lich keit
kommunikationswissenschaftlerin	kommunikationswissenschaft ler in
professorin	professor in
rotzig	rotzen ig
behaglichkeit	behagen lich keit
anleitung	anleiten ung
konstanzerin	konstanze er in
überhebung	überheben ung
knöpfchen	knopf chen
singer	singen er
einladung	einladen ung
regenlos	regen los
erdenklich	erdenken lich
umweltverantwortlichkeit	umweltverantwortlich keit
baumgartner	baumgarten er
unterforderung	unterfordern ung
unbußfertigkeit	un bußfertig keit
handelsvertreterin	handelsvertreter in
denkmalwürdigkeit	denkmalwürdig keit
ticketverkäufer	ticketverkauf er
verteilerin	verteilen er in
spitzbogig	spitzbogen ig
sparsamkeit	sparen sam keit
glaubenskrieger	glaubenskrieg er
barbier	barbie er
erniedrigung	erniedrigen ung
überreichung	überreichen ung
bevölkerung	bevölkern ung
eidlich	eid lich
ausbreitung	ausbreiten ung
untermauerung	untermauern ung
bedienerin	bedienen er in
britin	brite in
vergeblich	vergeben lich
brieflich	brief lich
gegenspielerin	gegenspiel er in
tiefenpsychologin	tiefenpsychologe in
zähler	zahl er
beliebig	belieben ig
banditin	bandit in
ballettänzerin	ballettänzer in
gemeinnützig	gemeinnutz ig
freilassung	freilassen ung
ausländerrechtlich	ausländerrecht lich
schauer	schau er
geographin	geograph in
ausländerfeindlich	ausländerfeind lich
rabin	rabe in
entwendung	entwenden ung
äußerung	äußern ung
schiefer	schief e er
darmstädterin	darmstadt er in
verehelichen	ver ehe lich
glaslos	glas los
vertrauensärztlich	vertrauensarzt lich
hauskäufer	hauskauf er
genossenschaftlerin	genossen schaft ler in
langläufer	langlaufen er
aspirantin	aspirant in
strähnig	strähne ig
entführer	entführen er
florettfechter	florettfechten er
frankenhauser	frankenhausen er
regeltechniker	regeltechnik er
rieger	riege er
gärung	gären ung
schößchen	schoß chen
tarifvertraglich	tarifvertrag lich
ruhmsüchtig	ruhmsucht ig
erreichung	erreichen ung
meersburger	meersburg er
abnabelung	abnabeln ung
rekordhalterin	rekordhalter in
würdelos	würde los
stricker	stricken er
nichtarbeitslos	nichtarbeit los
brettener	bretten er
mäntelchen	mantel chen
brustschwimmer	brustschwimmen er
kursleiterin	kursleiter in
untertürkheimer	untertürkheim er
unmäßigkeit	un mäßig keit
schützenkönigin	schützenkönig in
atomphysiker	atomphysik er
verkehrsteilnehmerin	verkehrsteilnehmer in
verdichter	ver dicht er
überzeugungskräftig	überzeugungskraft ig
birger	birge er
containerfrachter	containerfracht er
naturwissenschaftlerin	naturwissenschaft ler in
einsprachig	einsprache ig
meisterschüler	meisterschule er
akin	ake in
leichtsinnigkeit	leichtsinn ig keit
integrationswillig	integrationswille ig
wecker	wecken er
nachdrücklichkeit	nachdruck lich keit
lehrmeisterin	lehrmeister in
außenwirtschaftsrechtlich	außenwirtschaftsrecht lich
sprachheillehrerin	sprachheillehrer in
geldbesitzer	geldbesitz er
querdenker	querdenken er
liebespärchen	liebespaar chen
entflechtung	entflechten ung
jungfräulichkeit	jungfrau lich keit
soldatenseelsorger	soldatenseelsorge er
bußfertigkeit	bußfertig keit
baudezernentin	baudezernent in
erschaffung	erschaffen ung
transportierbar	transport ier bar
agraringenieurin	agraringenieur in
anstandlos	anstand los
buchverkäufer	buchverkauf er
nachrichtenredakteurin	nachrichtenredakteur in
melkerin	melken er in
windung	winden ung
veranlagung	veranlagen ung
abnehmer	abnehmen er
eheberaterin	eheberater in
verschönerung	ver schön ung
neuseeländerin	neuseeland er in
unterbindung	unterbinden ung
bläserin	blase er in
bildung	bilden ung
gerichtsreporter	gerichtsreport er
autostopper	autostopp er
weilchen	weile chen
eigennützig	eigennutz ig
unterschlagung	unterschlagen ung
einräumung	einräumen ung
hausmütterchen	hausmutter chen
verzinslich	ver zins lich
austrägerin	austragen er in
mainzer	mainz er
lesefreudig	lesefreude ig
könner	können er
haushaltsrechtlich	haushaltsrecht lich
dorfschullehrerin	dorfschullehrer in
wählerin	wählen er in
eistänzer	eistanzen er
fleischverkäufer	fleischverkauf er
beschilderung	beschildern ung
ebenmäßig	ebenmaß ig
eisenbahnbauer	eisenbahnbau er
spätstarter	spätstart er
obermeisterin	obermeister in
zahlung	zahlen ung
barockmusiker	barockmusik er
auflockerung	auflockern ung
namenspatronin	namenspatron in
vorstellung	vorstellen ung
bereifung	bereifen ung
verhetzung	ver hetze ung
preislich	preis lich
notlandung	notlanden ung
brauchbar	brauchen bar
außenministerin	außenminister in
hohenheimer	hohenheim er
sozialverträglich	sozialvertrag lich
spielgestalterin	spielgestalter in
kindesmörder	kindesmord er
ulkig	ulken ig
hauptbuchhalterin	hauptbuchhalter in
hotelchefin	hotelchef in
tolpatschig	tolpatsch ig
kommunalrechtlich	kommunalrecht lich
verallgemeinerbar	ver allgemein bar
journalistenschüler	journalistenschule er
abbildbar	abbilden bar
karlsruher	karlsruhe er
einleiter	einleiten er
röckchen	rock chen
waliserin	waliser in
gnadenlos	gnade los
angriffsfreudigkeit	angriffsfreudig keit
sozialdezernentin	sozialdezernent in
geiseltaler	geiseltal er
unzuständigkeit	unzuständig keit
kirchenbesucher	kirchenbesuch er
kerntechniker	kerntechnik er
reinigungsunternehmer	reinigungsunternehmen er
befeuerung	befeuern ung
bekräftigung	bekräftigen ung
zünder	zünden er
erdung	erden ung
körperfeindlichkeit	körperfeindlich keit
neuburger	neuburg er
wanderer	wandern er
flensburger	flensburg er
straffällig	straffall ig
speditionsunternehmer	speditionsunternehmen er
marktfähigkeit	marktfähig keit
diplomvolkswirtin	diplomvolkswirt in
detroiter	detroit er
unscheinbar	un scheinen bar
bäuchlein	bauch lein
strafrechtlerin	strafrecht ler in
wankelmütigkeit	wankelmut ig keit
lieblingsheldin	lieblingsheld in
sein	see in
kulturlos	kultur los
facharbeiterin	facharbeit er in
steuerung	steuern ung
regierungsamtlich	regierungsamt lich
prüfbar	prüfen bar
republikanerin	republik aner in
wirklicher	wirklichen er
kunstlos	kunst los
literaturkritikerin	literaturkritik er in
behebung	beheben ung
subventionsbetrüger	subventionsbetrug er
fernsehreporterin	fernsehreporter in
großmächtig	großmacht ig
eisenzeitlich	eisenzeit lich
kunsthandwerklich	kunsthandwerk lich
vorurteilslos	vorurteil los
bezahlbar	bezahlen bar
bezieherin	beziehen er in
oranienburger	oranienburg er
eigentätigkeit	eigentätig keit
charlottenburgerin	charlottenburg er in
thronerbin	thronerbe in
ursprünglich	ursprung lich
einbürgerung	ein bürgen ung
autobahnbauer	autobahnbau er
landesherrlich	landesherr lich
stimulierung	stimulieren ung
elendiglich	elend ig lich
gentechniker	gentechnik er
opferwilligkeit	opferwillig keit
bockig	bocken ig
komprimierung	komprimieren ung
verbrüderung	ver bruder ung
erziehungsschwierigkeit	erziehungsschwierig keit
turner	turnen er
beruflich	beruf lich
fleischer	fleisch er
schiller	schill er
müller	mull er
prophetin	prophet in
wertschätzung	wertschätzen ung
menschenwürdig	menschenwürde ig
fesselung	fesseln ung
sicherung	sichern ung
kurpfuscherin	kurpfuscher in
stiftung	stiften ung
gartenplaner	gartenplan er
ahndung	ahnden ung
einschrumpfung	einschrumpfen ung
erotisierung	erotisch isier ung
mündigkeit	mündig keit
pickelig	pickel ig
studentenführerin	studentenführer in
welzheimer	welzheim er
anhänglich	anhang lich
begierig	begier ig
randalierer	randale ier er
steinhagener	steinhagen er
crailsheimer	crailsheim er
streichhölzchen	streichholz chen
umschiffung	umschiffen ung
kauffreudigkeit	kauffreude ig keit
gastschülerin	gastschüler in
strandung	stranden ung
anilin	anil in
vizeeuropameisterin	vizeeuropameister in
sexarbeiterin	sexarbeit er in
feuerwerker	feuerwerk er
spaziergänger	spaziergang er
augenzeugin	augenzeuge in
leuchtkräftig	leuchtkraft ig
nagolder	nagold er
freiherrlich	freiherr lich
unfertigkeit	un fertig keit
umweltministerin	umweltminister in
nebendarstellerin	nebendarsteller in
überraschungssieger	überraschungssieg er
vermittlerin	vermitteln er in
parlamentspräsidentin	parlamentspräsident in
blumensträußchen	blumenstrauß chen
entschlackung	entschlacken ung
erfrischung	er frisch ung
gefängnisdirektorin	gefängnisdirektor in
aufzählung	aufzählen ung
heilssucher	heilssuche er
krankmeldung	krankmelden ung
kassandrarufer	kassandraruf er
toursieger	toursieg er
spaltung	spalten ung
verbraucherberaterin	verbraucherberater in
bosnierin	bosnien er in
uller	ulle er
kreuzigung	kreuz ig ung
vermieter	vermieten er
säbelfechter	säbelfechten er
seitlich	seite lich
öffentlichkeitswirksamkeit	öffentlichkeitswirksam keit
baustatiker	baustatik er
unabsehbar	un absehen bar
wirtschaftsprüferin	wirtschaftsprüfer in
lähmung	lähmen ung
haupttäterin	haupttat er in
schiersteiner	schierstein er
stadtbewohnerin	stadtbewohner in
vaterlos	vater los
satellitenempfänger	satellitenempfang er
staatsschauspielerin	staatsschauspiel er in
klösterlich	kloster lich
erstunterzeichnerin	erstunterzeichner in
mißbrauchbar	mißbrauchen bar
textautorin	textautor in
jakober	jakob er
leitung	leiten ung
aufenthaltsrechtlich	aufenthaltsrecht lich
unscheinbarkeit	un scheinen bar keit
berufsberaterin	berufsberater in
impulsgeberin	impulsgeber in
entwicklungsgeschichtlich	entwicklungsgeschichte lich
quantenphysiker	quantenphysik er
schwerin	schwer e in
ermittlerin	ermitteln er in
flüchtig	flüchten ig
chefideologin	chefideologe in
vollzugshelferin	vollzugshelfer in
heutig	heute ig
erforderlichkeit	erforderlich keit
staatsbürgerin	staatsbürger in
vogelhäuschen	vogelhaus chen
selbstdarstellerin	selbstdarsteller in
vermietung	vermieten ung
nachreifung	nach reif ung
tellerwäscher	tellerwaschen er
beheizung	beheizen ung
nager	nagen er
glaublich	glauben lich
rechtsexpertin	rechtsexperte in
unparteilichkeit	un partei lich keit
vizeministerin	vizeminister in
verstärkung	ver stark e ung
umwelttechniker	umwelttechnik er
fahrlässigkeit	fahrlässig keit
kartenleser	kartenlesen er
böhler	bohle er
ausführlichkeit	ausfuhr lich keit
verächter	verachten er
fünfprozentig	fünfprozent ig
vogelschützer	vogelschutz er
fischchen	fisch chen
ruheständlerin	ruhestand ler in
verkehrspolitiker	verkehrspolitik er
ausschaltung	ausschalten ung
einzelspielerin	einzelspiel er in
trauzeugin	trauzeuge in
kundenfreundlichkeit	kundenfreundlich keit
schwindelig	schwindel ig
verschuldung	ver schuld ung
europäerin	europäer in
zuordnung	zuordnen ung
provinzstädtchen	provinzstadt chen
kesselstädter	kesselstadt er
gravierung	gravieren ung
sittenwidrigkeit	sittenwidrig keit
tunesier	tunesien er
petersburger	petersburg er
weiterbearbeitung	weiterbearbeiten ung
flugfähigkeit	flugfähig keit
transportarbeiter	transportarbeit er
heimaturlauber	heimaturlaub er
dösig	dösen ig
fernschreiber	fernschreiben er
protektorin	protektor in
umrandung	um rand ung
schmälerung	schmälern ung
gemüseanbauer	gemüseanbau er
dietzenbacher	dietzenbach er
industrialisierung	industrialisieren ung
bodengutachter	bodengutachten er
weiblichkeit	weib lich keit
erzählerin	erzählen er in
auskunftsfähigkeit	auskunftsfähig keit
einwanderungsministerin	einwanderungsminister in
berufsschullehrerin	berufsschullehrer in
saldierung	saldieren ung
entscheidbar	entscheiden bar
saunagänger	saunagang er
wahrsagung	wahrsagen ung
haussklavin	haussklave in
spitzfindigkeit	spitzfindig keit
mitarbeitervertreterin	mitarbeitervertreter in
lockig	locken ig
kassenzahnärztlich	kassenzahnarzt lich
futterneider	futterneid er
beerdigungsunternehmer	beerdigungsunternehmen er
stadtführerin	stadtführer in
mecklenburgerin	mecklenburg er in
stolzenberger	stolzenberg er
mordlustig	mordlust ig
elektrohandwerker	elektrohandwerk er
umschreibung	umschreiben ung
entzifferung	entziffern ung
rähmchen	rähm chen
unterhaltungskünstlerin	unterhaltungskunst ler in
namibier	namibia er
landschaftsbauer	landschaftsbau er
engelberger	engelberg er
entscheidung	entscheiden ung
lämmchen	lamm chen
nachgiebigkeit	nachgiebig keit
nachrichtlich	nachricht lich
operettensängerin	operettensänger in
ertüchtigung	ertüchtigen ung
systemkritiker	systemkritik er
autoritätshörigkeit	autoritätshörig keit
gesinnungsethiker	gesinnungsethik er
umtauschbar	um tausch bar
wahrnehmbar	wahrnehmen bar
trotteligkeit	trottel ig keit
züchtig	züchten ig
zollrechtlich	zollrecht lich
tagung	tagen ung
rugbyspieler	rugbyspiel er
löwensteiner	löwenstein er
einpflanzung	einpflanzen ung
kerber	kerbe er
übervorteilung	übervorteilen ung
umwidmung	umwidmen ung
gesellschaftsfähigkeit	gesellschaftsfähig keit
unerfreulich	un erfreuen lich
beispielslos	beispielen los
waldläufer	waldlauf er
besucher	besuchen er
helfensteiner	helfenstein er
anbahnung	anbahnen ung
versteigerer	ver steige er er
unterdrückung	unterdrücken ung
stufenlos	stufe los
anpflanzung	anpflanzen ung
museumschefin	museumschef in
abfallrechtlich	abfallrecht lich
naturforscherin	naturforscher in
büßerin	büßen er in
raumpflegerin	raumpfleger in
berghauser	berghausen er
verleiher	verleihen er
beter	beten er
schreiner	schrein er
polizeigewerkschafter	polizeigewerkschaft er
überlebenskünstlerin	überlebenskunst ler in
kunsthandwerker	kunsthandwerk er
geigenspieler	geigenspiel er
verminung	verminen ung
küstenstädtchen	küstenstadt chen
mathematiklehrerin	mathematiklehrer in
wunschdenker	wunschdenken er
blödsinnig	blödsinn ig
retterin	retten er in
verläßlich	verlaß lich
unendlichkeit	un ende lich keit
zustellung	zustellen ung
rüdesheimer	rüdesheim er
fremdenfeindlichkeit	fremdenfeind lich keit
überfremdung	über fremd ung
vollkornbrötchen	vollkornbrot chen
späher	spähen er
zerkleinerung	zer klein ung
profispielerin	profispieler in
umweltfeindlich	umweltfeind lich
karlsruherin	karlsruhe er in
ausheilung	aus heil ung
fortschrittsgläubig	fortschrittsglaube ig
bonnerin	bonne er in
verglasung	ver glas ung
zahlungsunfähigkeit	zahlungsunfähig keit
zurücksetzung	zurücksetzen ung
grundeigentümerin	grundeigentum er in
verfassungsschützer	verfassungsschutz er
weitschweifigkeit	weitschweifig keit
aufrechterhaltung	aufrechterhalten ung
menschlichkeit	mensch lich keit
reflexionslos	reflexion los
neubrandenburger	neubrandenburg er
mörder	morden er
vollzeitschüler	vollzeitschule er
samenkörner	samenkorn er
zeller	zell er
vermessung	vermessen ung
veranstaltungsbesucher	veranstaltungsbesuch er
verschweigung	verschweigen ung
tannenberger	tannenberg er
gartenbauschüler	gartenbauschule er
landurlauber	landurlaub er
dialogfähigkeit	dialogfähig keit
podiumsteilnehmerin	podiumsteilnehmer in
modernisierung	modern isier ung
pessimistin	pessimist in
pensionsbesitzerin	pensionsbesitzer in
schreibtischarbeiter	schreibtischarbeit er
wirtschaftsministerin	wirtschaftsminister in
geringfügigkeit	geringfügig keit
trunksüchtig	trunksucht ig
erklärungslos	erklären ung los
blumenzüchter	blumenzucht er
gehörlos	gehören los
symptomlos	symptom los
untragbarkeit	un tragbar keit
sexualreformer	sexualreform er
reinier	reina er
schiffbauer	schiffbau er
rottaler	rottal er
biochemikerin	biochemiker in
unmöglichkeit	un möglich keit
verletzbar	verletzen bar
bodendecker	bodendecke er
eigentümlichkeit	eigentum lich keit
hochschulreformer	hochschulreform er
unsittlich	unsitte lich
rezipientin	rezipient in
tauglich	taugen lich
infantin	infant in
fremdbestimmung	fremdbestimmen ung
stemmer	stemmen er
bremser	bremsen e er
rasensprenger	rasensprengen er
untergrabung	untergraben ung
justizpolitiker	justizpolitik er
vermischung	vermischen ung
museumsdirektorin	museumsdirektor in
knaller	knallen er
samtig	samt ig
linchen	lin chen
veröffentlichung	ver öffentlich ung
orchestermusiker	orchestermusik er
bestechlichkeit	bestechen lich keit
aufrüttelung	aufrütteln ung
unterstützung	unterstützen ung
mehrdeutigkeit	mehrdeutig keit
nachwuchsschauspielerin	nachwuchsschauspieler in
rührigkeit	rühren ig keit
kleinstädter	kleinstadt er
überbringer	über bring er
jobsucher	jobsuche er
parlamentarierin	parlamentarier in
schulabgängerin	schulabgang er in
vereinigen	ver eine ig
holker	holke er
krankenpflegerin	krankenpflege er in
gesinnungslos	gesinnung los
eichberger	eichberg er
gesprächspartnerin	gesprächspartner in
zuversichtlich	zuversicht lich
organisatorin	organisator in
unhaltbar	un halten bar
auswaschung	aus waschen ung
politikerin	politik er in
verkehrsfähigkeit	verkehrsfähig keit
motivationslos	motivation los
klanglich	klang lich
verträglich	vertrag lich
altenessener	altenessen er
verwirklichung	ver wirken lich ung
akzentuierung	akzentuieren ung
taxierung	taxieren ung
ecker	eck er
viehräuber	viehraub er
gesundheitsverträglichkeit	gesundheitsverträglich keit
einstudierung	einstudieren ung
plauener	plauen er
sachlichkeit	sache lich keit
eindringlicher	eindringen lich e er
stockung	stocken ung
abendlich	abend lich
täuschung	täuschen ung
schäferin	schaf er in
verinnerlichung	ver inner e lich ung
faltenröckchen	faltenrock chen
jüngerin	jüngere in
lokalredakteurin	lokalredakteur in
unchristlich	un chr ist lich
sozialstaatssekretärin	sozialstaatssekretär in
parteikollegin	parteikollege in
nichtsnutzig	nichtsnutzen ig
gesprächsteilnehmerin	gesprächsteilnehmer in
regimegegnerin	regimegegner in
gleichgewichtig	gleichgewicht ig
einfaltslos	einfalt los
aserbaidschaner	aserbaidschan er
risikopatientin	risikopatient in
freischaltung	freischalten ung
malaysier	malaysia er
vermarktbar	ver markt bar
bergung	bergen ung
börsentäglich	börsentag lich
meldung	melden ung
fragestellerin	fragestelle er in
erschleichung	erschleichen ung
mondlos	mond los
konfliktfreudigkeit	konfliktfreude ig keit
hoheitsrechtlich	hoheitsrecht lich
vampirin	vampir in
fahrradständer	fahrradstand er
beschwörung	beschwören ung
genforscherin	genforscher in
hochstufung	hochstufen ung
unentbehrlichkeit	un entbehren lich keit
kurierin	kuri er in
bildungspolitikerin	bildungspolitik er in
verwandlungsfähigkeit	verwandlungsfähig keit
bundessozialministerin	bundessozialminister in
gutherzigkeit	gutherzig keit
verschmelzung	ver schmelz ung
volkssprachlich	volkssprache lich
laiendarstellerin	laiendarsteller in
schönfärber	schönfärben er
übermittler	übermitteln er
pennerin	pennen in
vorwarnung	vorwarnen ung
kreisstädtchen	kreisstadt chen
feinstofflichkeit	feinstofflich keit
reporterin	report er in
kontaktfreudigkeit	kontaktfreudig keit
berichtspflichtig	berichtspflicht ig
weiterzüchtung	weiterzüchten ung
badestädter	badestadt er
studienassessorin	studienassessor in
baumartig	baumart ig
voreiszeitlich	vor eiszeit lich
religionsschüler	religionsschule er
irreführung	irreführen ung
spreeathener	spreeathen er
zahnärztlich	zahnarzt lich
abtötung	abtöten ung
unzuträglichkeit	unzuträglich keit
briefschreiberin	briefschreiber in
haber	haben er
pseudowissenschaftlich	pseudowissenschaft lich
verlautbarung	verlautbaren ung
auskühlung	aus kühl ung
krustig	kruste ig
innerstaatlich	inner staat lich
verteufelung	ver teufel ung
besserstellung	besserstellen ung
werbetexter	werbetext er
leisetreter	leisetreten er
hebung	heben ung
niederträchtigkeit	niedertracht ig keit
phantasielos	phantasie los
soziologiestudentin	soziologiestudent in
kubanerin	kuba aner in
verdrehung	verdrehen ung
überwölbung	überwölben ung
vorsichtigkeit	vorsicht ig keit
massierung	massieren ung
erschießung	erschießen ung
dreiköpfig	dreikopf ig
abschürfung	abschürfen ung
rechtskundig	rechtskunde ig
dienstbotin	dienstbote in
anstandslos	anstand los
gelegenheitsarbeiter	gelegenheitsarbeit er
altenpflegehelferin	altenpflegehelfer in
überleiter	überleiten er
aufwiegler	aufwiegeln er
versagung	versagen ung
lokführerin	lokführer in
begleitmusiker	begleitmusik er
germanistikstudentin	germanistikstudent in
mittelfeldspieler	mittelfeldspiel er
profitsüchtig	profitsucht ig
auslobung	ausloben ung
schlucker	schlucken er
verstauchung	verstauchen ung
antragstellerin	antragstelle er in
konradin	konrad in
ausschreibung	ausschreiben ung
appenzeller	appenzell er
interviewpartnerin	interviewpartner in
chefreporterin	chefreporter in
kamerunerin	kamerun er in
lenkbar	lenken bar
spielführerin	spielführer in
aufteilung	aufteilen ung
saarbrücker	saarbrücken er
weltenbummlerin	weltenbummler in
tigerin	tiger in
pfändung	pfänden ung
untermalung	untermalen ung
verfolgerin	verfolgen er in
biomediziner	biomedizin er
idealisierung	ideale isier ung
sonderschülerin	sonderschule er in
strangulierung	strangulieren ung
regierungsfähigkeit	regierungsfähig keit
unachtsamkeit	un achten sam keit
quereinsteigerin	quereinsteiger in
stahlbauer	stahlbau er
landespfleger	landespflege er
exzentriker	exzentrik er
befindlich	befinden lich
entweichung	entweichen ung
könnerin	können er in
hotelbesitzerin	hotelbesitzer in
mühlberger	mühlberg er
austeilung	austeilen ung
leser	lese er
händlerin	händler in
staksig	staksen ig
widerwillig	widerwille ig
nachkolorierung	nachkolorieren ung
sangesfreudig	sangesfreude ig
absendung	absenden ung
ordnungsamtsleiterin	ordnungsamtsleiter in
romain	roma in
elin	ele in
modifizierung	modifizieren ung
inspirationslos	inspiration los
altsteinzeitlich	altsteinzeit lich
widerstandsunfähigkeit	widerstandsunfähig keit
birminghamer	birmingham er
lokalisierung	lokal isier ung
schleusung	schleusen ung
ballettmeisterin	ballettmeister in
heroinsüchtig	heroinsucht ig
rasenmäher	rasenmähen er
ignorantin	ignorant in
kabinettskollegin	kabinettskollege in
fachhochschüler	fachhochschule er
ausweitung	ausweiten ung
verhandlungsleiterin	verhandlungsleiter in
anhörung	anhören ung
schuhmacherin	schuhmacher in
schmissigkeit	schmissig keit
orgelbauer	orgelbau er
musikwissenschaftlich	musikwissenschaft lich
schwunglos	schwung los
möbelverkäufer	möbelverkauf er
kindlichkeit	kind lich keit
schmachtenhagener	schmachtenhagen er
sozialhilferechtlich	sozialhilferecht lich
nutzer	nutzen er
kühler	kühlen er
profilierungssüchtig	profilierungssucht ig
gesellschaftsrechtlich	gesellschaftsrecht lich
sternsinger	sternsingen er
friedhofsbesucher	friedhofsbesuch er
streikbrecherin	streikbrecher in
wohlfahrtsstaatlich	wohlfahrtsstaat lich
wertberichtigung	wertberichtigen ung
konfessionslos	konfession los
rußig	rußen ig
lebensfreudig	lebensfreude ig
huldigen	huld ig
lektorin	lektor in
wachsamkeit	wachsam keit
hochschullehrer	hochschullehre er
kurzarbeiter	kurzarbeiten er
höhlung	höhlen ung
betreibung	betreiben ung
körperlichkeit	körper lich keit
ungeschlechtlich	un geschlecht lich
vorstandsvorsitzer	vorstandsvorsitz er
stecker	stecken er
meyer	meyen er
eigentümlich	eigentum lich
christoffer	christoff er
standesamtsleiterin	standesamtsleiter in
großartigkeit	großartig keit
vordringlichkeit	vordringen lich keit
nennung	nennen ung
stoppelbärtig	stoppelbart ig
mitschülerin	mitschüler in
ungarin	ungar in
videoverleiher	videoverleih er
werbeblättchen	werbeblatt chen
römer	rom er
versprechung	versprechen ung
ernährung	ernähren ung
schwulenfeindlichkeit	schwulenfeindlich keit
aufschüttung	aufschütten ung
überraschung	über rasch ung
pyramidenförmig	pyramidenform ig
weiterqualifizierung	weiterqualifizieren ung
trauung	trauen ung
rechtsnachfolger	rechtsnachfolge er
denkmalrechtlich	denkmalrecht lich
verweltlichen	ver welt lich
aktionsfähigkeit	aktionsfähig keit
garantin	garant in
fragesteller	fragestelle er
freiheitskämpfer	freiheitskampf er
karrieristin	karriere ist in
siebdrucker	siebdruck er
verfassungsgerichtlich	verfassungsgericht lich
schnauzbärtig	schnauzbart ig
journalistikstudentin	journalistikstudent in
spätherbstlich	spätherbste lich
bröckelig	bröckeln ig
idealistin	ideale ist in
unglaublich	unglaube lich
gefühlsseligkeit	gefühlsselig keit
überstilisierung	überstilisieren ung
oberreichenbacher	oberreichenbach er
fernsehlos	fernsehen los
wetterabhängigkeit	wetterabhängig keit
schlaksig	schlaks ig
nachholung	nachholen ung
kinogänger	kinogang er
seher	sehen er
erbauerin	erbauen er in
joker	joke er
naturschützerin	naturschutz er in
eroberung	erobern ung
sachpolitiker	sachpolitik er
verehelichen	ver ehe lich
innerbehördlich	inner behörde lich
wiederernennung	wiederernennen ung
gestaltlos	gestalten los
veranstalter	ver anstalt er
schauspielschülerin	schauspielschule er in
kulturpolitiker	kulturpolitik er
antichristlich	antichrist lich
unwürdigkeit	un würdig keit
wörther	wörth er
entführung	entführen ung
vergolder	ver gold er
erheblich	erheben lich
aussätzig	aussatz ig
pokalsiegerin	pokalsieg er in
schmittlein	schmitt lein
domstädterin	domstadt er in
bedrohung	bedrohen ung
unsinnlich	un sinn lich
unanständigkeit	un anständig keit
ärmlichkeit	ärmlich keit
allmächtig	allmacht ig
vorstädter	vorstadt er
ernstlich	ernst lich
häuslichkeit	häuslich keit
wankelmütig	wankelmut ig
birkenwäldchen	birkenwald chen
sprachschüler	sprachschule er
koalitionspartnerin	koalitionspartner in
hauptankläger	hauptanklage er
rechtsgeschäftlich	rechtsgeschäft lich
blitzkrieger	blitzkrieg er
serienheldin	serienheld in
bauwagenbewohnerin	bauwagenbewohner in
fachplaner	fachplan er
installierung	installieren ung
programmfüller	programmfülle er
silberhaarig	silberhaar ig
bereichsleiterin	bereichsleiter in
bemerkung	bemerken ung
bullig	bull ig
brötchen	brot chen
scheinbar	scheinen bar
patientin	patient in
melancholikerin	melancholiker in
geschäftigkeit	geschäftig keit
staubig	stauben ig
urteilsfähigkeit	urteilsfähig keit
jetziger	jetzig e n er
nachbarin	nachbar in
drohung	drohen ung
schwarzwaldstädtchen	schwarzwaldstadt chen
hochschulprofessorin	hochschulprofessor in
skifahrer	skifahren er
grundstücksbesitzer	grundstücksbesitz er
taxifahrerin	taxifahren er in
einfallslos	einfall los
hauptlieferantin	hauptlieferant in
autotester	autotest er
verschmutzung	ver schmutz ung
lösbar	lösen bar
warmherzigkeit	warmherzig keit
zeitanzeiger	zeitanzeige er
programmgestalterin	programmgestalter in
einstig	einst ig
taxiunternehmer	taxiunternehmen er
verwerfung	verwerfen ung
lein	lee in
vermenschlichung	ver mensch lich e ung
heiratskandidatin	heiratskandidat in
prozeßrechtlich	prozeßrecht lich
tübinger	tübingen er
landespolizeilich	landespolizei lich
vorauszahlung	vorauszahlen ung
schwenker	schwenk er
verbandsvertreterin	verbandsvertreter in
nachbesserung	nachbessern ung
einstufig	einstufen ig
decodierung	decodieren ung
einforderung	einfordern ung
zuführung	zuführen ung
entfernung	entfernen ung
denkmalschutzwürdigkeit	denkmalschutzwürdig keit
bochumerin	bochum er in
touristikunternehmer	touristikunternehmen er
übernachtung	übernachten ung
marin	mare in
fernsprecher	fernsprechen er
kulturreporter	kulturreport er
heilsversprecher	heilsversprechen er
kaltenberger	kaltenberg er
innovationsfähigkeit	innovationsfähig keit
michelsberger	michelsberg er
beifällig	beifallen ig
wahlverliererin	wahlverlierer in
kunstfreundin	kunstfreund in
beförderung	befördern ung
widerstandsfähigkeit	widerstandsfähig keit
vorspannung	vorspannen ung
dosierung	dose ier ung
jagdgesetzlich	jagdgesetz lich
erzeuger	erzeugen er
osterurlauber	osterurlaub er
diebin	dieb in
lochung	lochen ung
tüchtigkeit	tüchtig keit
beherrscherin	beherrschen er in
abtreibungsgegnerin	abtreibungsgegner in
sinnlich	sinn lich
entdeckerin	entdecken er in
möglinger	möglingen er
sorglos	sorge los
stickerin	sticken er in
bürgerrechtlerin	bürgerrecht ler in
ohrwurmig	ohrwurm ig
vergällung	vergällen ung
gleichnamigkeit	gleichnamig keit
parteichefin	parteichef in
bühnenbauer	bühnenbau er
gesprächsleiterin	gesprächsleiter in
drehbuchautorin	drehbuchautor in
unanfechtbar	un anfechten bar
entmutigung	entmutigen ung
unabsichtlich	un absicht lich
schnürchen	schnur chen
gemüsebauer	gemüsebau er
lehrbar	lehren bar
matin	mate in
unterdrückerin	unterdrücken er in
vieleckig	vieleck ig
ausrufer	ausrufen er
bildhauerin	bildhauen er in
gesellschaftswissenschaftlerin	gesellschaftswissenschaft ler in
interventionsfähigkeit	interventionsfähig keit
unversöhnlichkeit	unversöhnlich keit
josefin	josef in
eigenbetrieblich	eigenbetrieb lich
duftig	duften ig
schwitzig	schwitzen ig
einschiffung	ein schiff ung
verkehrlich	verkehren lich
theaterreformer	theaterreform er
programmplaner	programmplan er
leserbriefschreiberin	leserbriefschreiber in
rüger	rüge er
nachbewilligung	nachbewilligen ung
evakuierung	evakuieren ung
kontoristin	kontor ist in
eigentumsrechtlich	eigentumsrecht lich
wahrung	wahren ung
staffelung	staffeln ung
salzkörner	salzkorn er
bronzezeitlich	bronzezeit lich
zweitgutachter	zweitgutachten er
demonstrationsteilnehmerin	demonstrationsteilnehmer in
holzung	holzen ung
anfängerin	anfangen er in
meierhofer	meierhof er
allgäuerin	allgäu er in
gestaltung	gestalten ung
eintönigkeit	eintönig keit
fraktionschefin	fraktionschef in
demütigung	demut ig ung
göttlichkeit	gott lich keit
wüstenkrieger	wüstenkrieg er
mittelbauer	mittelbau er
kaper	kap er
ureinwohnerin	ureinwohner in
reinigen	rein e ig
spitzohrig	spitzohr ig
selbstpflücker	selbstpflücken er
textverständlichkeit	textverständlich keit
bediener	bedienen er
handballspieler	handballspielen er
wiedererkennbarkeit	wiedererkennen bar keit
ausbilderin	ausbilden er in
sexualberaterin	sexualberater in
dringlich	dringen lich
mobilisierungsfähigkeit	mobilisierungsfähig keit
gemeindepastorin	gemeindepastor in
bratwürstchen	bratwurst chen
verursachung	ver ursache ung
schloßscheuer	schloßscheue er
abartigkeit	abart ig keit
beleidigung	beleidigen ung
frontstädter	frontstadt er
bernadin	bernad in
äußerlich	äußern lich
innenarchitektin	innenarchitekt in
schlößchen	schloß chen
gesellschaftsreformer	gesellschaftsreform er
zwischenkirchlich	zwischen kirche lich
lastenträger	lastentragen er
importabhängigkeit	importabhängig keit
versachlichung	ver sache lich ung
parteienkritiker	parteienkritik er
filmstudentin	filmstudent in
skatspieler	skatspielen er
abbestellung	abbestellen ung
schönberger	schönberg er
begleiter	begleiten er
kaderleiterin	kaderleiter in
doppelagentin	doppelagent in
unschädlichkeit	un schädlich keit
trompeterin	trompeten er in
brasilianerin	brasil ien aner in
kampfrichterin	kampfrichter in
niederösterreicher	niederösterreich er
befürwortung	befürworten ung
staatsunabhängigkeit	staatsunabhängig keit
querdenkerin	querdenken er in
senatsvertreterin	senatsvertreter in
platzanweiserin	platzanweiser in
witzigkeit	witzig keit
kindergärtner	kindergarten er
zugbegleiterin	zugbegleiter in
wohnsitzlos	wohnsitz los
taktiker	taktik er
hamsterer	hamstern er
großherzogin	großherzog in
säkularisierung	säkulare isier ung
eiförmig	eiform ig
rechtsfähigkeit	rechtsfähig keit
sozialreferentin	sozialreferent in
offenbacher	offenbach er
ausgleichbar	ausgleichen bar
begünstigen	be gunst ig
notierung	notieren ung
edin	ede in
gastlich	gast lich
faltung	falten ung
programmierer	programm ier er
ausstellungsmacherin	ausstellungsmachen er in
schülerin	schule er in
schneckenhäuschen	schneckenhaus chen
zweitligaspieler	zweitligaspiel er
schwermütig	schwermut ig
urbanisierung	urbane isier ung
tiefsinnig	tiefsinn ig
ruderin	ruder in
abschirmung	abschirmen ung
wissenschaftlichkeit	wissenschaft lich keit
oberschüler	oberschule er
tarifpolitiker	tarifpolitik er
kriegsfähigkeit	kriegsfähig keit
heider	heide er
wiedererkennbar	wiedererkennen bar
turniersiegerin	turniersieg er in
brennbar	brennen bar
stattlichkeit	statt lich keit
florin	flor in
samin	same in
reeder	reede er
begrifflichkeit	begriff lich keit
leckermäulchen	leckermaul chen
zerstörung	zerstören ung
vereinskameradin	vereinskamerad in
hexenhäuschen	hexenhaus chen
absteiger	absteigen er
neuengammer	neuengamme er
kinokritiker	kinokritik er
gesundheitsurlauber	gesundheitsurlaub er
mutmaßung	mutmaßen ung
kommissionssprecherin	kommissionssprecher in
wasserbaulich	wasserbau lich
gastanker	gastank er
schachspielerin	schachspielen er in
reporter	report er
bundeseinheitlich	bundeseinheit lich
nebelwerfer	nebelwerfen er
undankbar	un danken bar
beschäftigungslos	beschäftigen ung los
parteireformer	parteireform er
vaterlandsverräterin	vaterlandsverrat er in
zerstreuung	zer streu ung
stimmlos	stimme los
offenherzigkeit	offenherzig keit
begründer	begründen er
verkehrspolizeilich	verkehrspolizei lich
beiruter	beirut er
straflos	strafen los
tänzer	tanz er
verschwörung	verschwören ung
stigmatisierung	stigmatisieren ung
reizbar	reizen bar
bierstädter	bierstadt er
bauchredner	bauchreden er
rennläufer	rennlauf er
papierlos	papier los
biophysiker	biophysik er
unwirtlichkeit	unwirtlich keit
zuckerrübenanbauer	zuckerrübenanbau er
verkleidung	verkleiden ung
sonnenberger	sonnenberg er
kiener	kien er
notfallpatientin	notfallpatient in
wuppertalerin	wuppertal er in
männerfeindlichkeit	männerfeindlich keit
versilberung	ver silber ung
milchfarmer	milchfarm er
vereidigung	vereidigen ung
gegenständlichkeit	gegenstand lich keit
veränderlich	verändern lich
fährschiffer	fährschiff er
spanier	spanien er
mehrkämpferin	mehrkampf er in
sozialmieter	sozialmiete er
innerbetrieblich	inner betrieb lich
liebenzeller	liebenzell er
hindin	hinde in
salamibrötchen	salamibrot chen
bildlich	bild lich
selbstbezüglich	selbstbezug lich
selbstgefälligkeit	selbstgefallen ig keit
führer	führen er
modezeichnerin	modezeichner in
aussparung	aussparen ung
winterschläfer	winterschlaf er
inspektorin	inspektor in
streichung	streichen ung
betonarbeiter	betonarbeit er
referentin	referent in
eigenständigkeit	eigenständig keit
sympathisantin	sympathisant in
cottbuser	cottbus er
unvermeidlich	un vermeiden lich
arnstädter	arnstadt er
enthüllung	enthüllen ung
kunstturner	kunstturnen er
anführer	anführen er
angehörigkeit	angehören ig keit
schulmeisterin	schulmeister in
papierhütchen	papierhut chen
kulturmanagerin	kulturmanager in
einträchtigkeit	eintracht ig keit
rappelig	rappel ig
irrwitzig	irrwitz ig
schwesterlich	schwester lich
puppenstübchen	puppenstube chen
achtmalig	achtmal ig
brotbäcker	brotbacken er
spendung	spenden ung
ethiker	ethik er
gebrauchtwagenkäufer	gebrauchtwagenkauf er
briefpartnerin	briefpartner in
hürdenläuferin	hürdenlauf er in
ersatztorhüterin	ersatztorhüter in
huldigung	huld ig ung
kurzurlauber	kurzurlaub er
unverdächtig	un verdacht ig
landessprecherin	landessprecher in
asylrechtlich	asylrecht lich
bauschig	bauschen ig
keimfähigkeit	keimfähig keit
transferierung	transfer ier ung
berufspraktikantin	berufspraktikant in
deponierung	deponie ier ung
rückgängig	rückgang ig
eisig	eisen ig
laienspieler	laienspiel er
veranschaulichen	ver anschauen lich
berufsrechtlich	berufsrecht lich
unkontrollierbar	un kontrolle ier bar
planungsrechtlich	planungsrecht lich
demokratiefähigkeit	demokratiefähig keit
ausmerzung	ausmerzen ung
abwegigkeit	abweg ig keit
physikerin	physik er in
amtsvorgängerin	amtsvorgänger in
beharrlich	beharren lich
fresser	fressen er
zurückstellung	zurückstellen ung
beischläferin	beischlaf er in
jazzmusiker	jazzmusik er
starrköpfig	starrkopf ig
verleumder	verleumden er
neueinsteigerin	neueinsteiger in
höcker	hocken er
schieber	schieben er
westpolitiker	westpolitik er
bescheidener	bescheiden e er
orientierungslos	orient ier ung los
kirchenreformer	kirchenreform er
josephin	joseph in
verbraucherschützerin	verbraucherschutz er in
ökologischer	ökologischen er
vermeintlich	ver meine t lich
zoodirektorin	zoodirektor in
ruppigkeit	ruppig keit
prozeßbeobachterin	prozeßbeobachter in
lagerbar	lagern bar
eigenstaatlichkeit	eigenstaatlich keit
jugendarbeiterin	jugendarbeit er in
waiblingerin	waiblingen er in
anspruchsvoller	anspruchsvollen er
sumpfig	sumpf ig
stetig	stet e ig
symbolträchtigkeit	symbolträchtig keit
bahntechniker	bahntechnik er
vorturnerin	vorturnen in
oberligaspieler	oberligaspiel er
versetzung	versetzen ung
zwischennutzung	zwischennutzen ung
briefsteller	briefstelle er
schullehrerin	schullehrer in
musikstudentin	musikstudent in
finalsieger	finalsieg er
frühmittelalterlich	frühmittelalter lich
doppelung	doppeln ung
wirbelig	wirbel ig
schlagwerker	schlagwerk er
freigebig	freigeben ig
gleichmacher	gleichmachen er
europapokalsieger	europapokalsieg er
rumänin	rumäne in
unwirklichkeit	un wirken lich keit
verehrer	verehren er
sandmännchen	sandmann chen
nacheiszeitlich	nacheiszeit lich
unfähigkeit	un fähig keit
offenkundigkeit	offenkundig keit
blattmacher	blattmachen er
ruhmlos	ruhm los
reduzierung	reduzieren ung
aufbesserung	aufbessern ung
korbflechter	korbflechten er
friedenswillig	friedenswille ig
investitionsfreudigkeit	investitionsfreude ig keit
endzeitlich	endzeit lich
verschlingung	ver schlinge ung
lenkung	lenken ung
verkrampfung	ver krampf ung
ausnahmeathletin	ausnahmeathlet in
kliniker	klinik er
heilsberger	heilsberg er
wundertätigkeit	wundertat ig keit
langläufig	langlaufen ig
ausgliederung	ausgliedern ung
bedrängung	bedrängen ung
realpolitikerin	realpolitik er in
abwechselung	abwechseln ung
vererbbar	ver erbe bar
inhaltslos	inhalt los
wahlkämpferin	wahlkampf er in
mitbestimmung	mitbestimmen ung
einteilig	einteilen ig
wiederveröffentlichung	wiederveröffentlichen ung
blaumacher	blaumachen er
überwechsler	überwechseln er
sportmediziner	sportmedizin er
abschaltung	abschalten ung
kapitalbesitzer	kapitalbesitz er
klientin	klient in
slowakin	slowake in
lesbarkeit	lesen bar keit
warzig	warze ig
schwindlerin	schwindeln er in
glasig	glas ig
verteiler	verteilen er
jerusalemer	jerusalem er
wouter	wout er
hetzer	hetze er
genesung	genesen ung
stückeschreiber	stückeschreiben er
diskussionsrednerin	diskussionsredner in
verneinung	ver nein ung
kooperationswillig	kooperationswille ig
petersberger	petersberg er
annehmbar	annehmen bar
fernmeldetechniker	fernmeldetechnik er
gewinnträchtigkeit	gewinnträchtig keit
ponyreiterin	ponyreiten er in
jämmerlichkeit	jammer lich keit
türchen	tür chen
veranschaulichung	ver anschauen lich ung
erbvertraglich	erbvertrag lich
strafbarkeit	strafen bar keit
waldorfschüler	waldorfschule er
brechter	brecht er
einstimmung	einstimmen ung
augsburger	augsburg er
agitatorin	agitator in
fechter	fechten er
andalusier	andalusien er
krüppelig	krüppel ig
zugführerin	zugführer in
strahlenmediziner	strahlenmedizin er
nachdichter	nach dicht er
armenierin	armenien er in
vorläufer	vorlaufen er
handelbar	handeln bar
terminplaner	terminplan er
rostig	rost ig
räuberin	rauben er in
grauhaarig	grauhaar ig
singbar	singen bar
menschenschlächter	menschenschlachten er
klärchen	klar chen
benutzung	benutzen ung
wegführung	wegführen ung
erzrivalin	erzrivale in
allgegenwärtig	allgegenwart ig
kippbar	kippen bar
germain	germa in
kürner	küren er
rentenexpertin	rentenexperte in
stützung	stützen ung
neidlos	neiden los
brüsseler	brüssel er
gesundung	gesunden ung
äthiopierin	äthiopien er in
heiner	heinen er
köstlichkeit	kost lich keit
firmin	firm e in
chefbuchhalterin	chefbuchhalter in
fahrigkeit	fahr ig keit
marbacher	marbach er
wissensdurstig	wissensdurst ig
umformung	umformen ung
magnetisierung	magnet isch isier ung
jenseitigkeit	jenseitig keit
beratungslehrerin	beratungslehrer in
abstrafung	ab strafen e ung
ökotester	ökotest er
absender	absenden er
vererblich	ver erbe lich
beschreibbar	beschreiben bar
büroleiterin	büroleiter in
etikettierung	etikette ier ung
kuwaiterin	kuwait er in
babelsberger	babelsberg er
anwaltschaftlich	anwalt schaft lich
vertagung	ver tag ung
eisenbahner	eisenbahn er
vervielfachung	vervielfachen ung
umfunktionierung	umfunktionieren ung
eingewöhnung	eingewöhnen ung
senatorin	senator in
severin	seven er in
lebensberaterin	lebensberater in
verhaltensauffälligkeit	verhaltensauffällig keit
privatunternehmer	privatunternehmen er
ernährerin	ernähren er in
oberkellnerin	oberkellner in
verweichlichen	ver weich lich
kinderpsychologin	kinderpsychologe in
versachlichen	ver sache lich
bündnispartnerin	bündnispartner in
bereithaltung	bereithalten ung
ostberliner	ostberlin er
wellenchefin	wellenchef in
roßberger	roßberg er
berieselung	berieseln ung
wurstbrötchen	wurstbrot chen
beweglichkeit	bewegen lich keit
energiepolitiker	energiepolitik er
archivpfleger	archivpflege er
starreporterin	starreporter in
klappbar	klappen bar
hilker	hilke er
steuerehrlichkeit	steuerehrlich keit
tanzlehrerin	tanzlehrer in
albstädter	albstadt er
steptänzer	steptanz er
scharfenberger	scharfenberg er
proletarierin	proletarier in
weiterbildner	weiterbilden er
polizeichefin	polizeichef in
fortzahlung	fortzahlen ung
rechtsberaterin	rechtsberater in
rechtsverbindlichkeit	rechtsverbindlich keit
einwanderung	einwandern ung
magierin	magie er in
filmeinkäufer	filmeinkauf er
pflichtwidrigkeit	pflichtwidrig keit
begründungslos	begründen ung los
angriffsspieler	angriffsspiel er
unnatürlichkeit	un natürlich keit
bildschirmarbeiter	bildschirmarbeit er
brillenträgerin	brillenträger in
ausreißerin	ausreißen in
anfechtbar	anfechten bar
arbeiter	arbeiten er
aufseherin	aufsehen in
hehlerin	hehl er in
freigänger	freigang er
gesangspädagogin	gesangspädagoge in
aufmunterung	aufmuntern ung
sensationsreporterin	sensationsreporter in
erneuerer	erneuern er
karmeliter	karmelit er
drehbar	drehen bar
bürokratisierung	bürokrat isch ie isier ung
main	mae in
absonderung	absondern ung
unterweisung	unterweisen ung
unerklärlichkeit	un erklären lich keit
herzberger	herzberg er
gegenstandslos	gegenstand los
hutmacherin	hutmacher in
fellbacher	fellbach er
einlagerung	einlagern ung
unternehmensrechtlich	unternehmensrecht lich
stillung	stillen ung
zackig	zacken ig
bockwürstchen	bockwurst chen
anrechnung	anrechnen ung
buckelig	buckel ig
duselig	dusel ig
lieblingsschülerin	lieblingsschüler in
dampfer	dampfen er
vergeblichkeit	vergeben lich keit
anprangerung	anprangern ung
schwerhörigkeit	schwerhörig keit
regenerationsfähigkeit	regenerationsfähig keit
überbesetzung	überbesetzen ung
gewohnheitsrechtlich	gewohnheitsrecht lich
rekonstruierung	rekonstruieren ung
süßlich	süß lich
hausgärtner	hausgarten er
widersinnig	widersinn ig
rückhaltlos	rückhalt los
ressortchefin	ressortchef in
salonfähigkeit	salonfähig keit
klassenfeindlich	klassenfeind lich
autowäscher	autowaschen er
chefredakteurin	chefredakteur in
kindsmörder	kindsmord er
einzelkämpferin	einzelkampf er in
indonesier	indonesien er
abschweifung	abschweifen ung
spätzchen	spatz chen
vollwertig	vollwert ig
wiederverwertbar	wiederverwerten bar
bindungslos	bindung los
unumgänglich	un umgang lich
altenburger	altenburg er
kleinhändlerin	kleinhändler in
befürchtung	befürchten ung
augenfänger	augenfang er
skiläufer	skilaufen er
handarbeiterin	handarbeiten in
bezauberung	bezaubern ung
münchnerin	münchen er in
pier	pia er
wiederherstellung	wiederherstellen ung
versinnbildlichen	ver sinnbild lich
dickhäuter	dickhaut er
berufsbetreuerin	berufsbetreuer in
erstreckung	er strecken e ung
bedrückung	bedrücken ung
interpreter	interpret er
überraschungslos	über rasch ung los
verknüpfung	verknüpfen ung
religionswissenschaftlich	religionswissenschaft lich
finanzbuchhalterin	finanzbuchhalter in
sportlehrerin	sportlehrer in
starrsinnig	starrsinn ig
saisonsieger	saisonsieg er
optimistischer	optimist isch e n er
tariflich	tarif lich
bühnengestalter	bühnengestalt er
anpassung	anpassen ung
strafrechtsreformer	strafrechtsreform er
explosionsgefährlich	explosionsgefahr lich
fürstlichkeit	fürst lich keit
lebensmittelrechtlich	lebensmittelrecht lich
unternehmensgründerin	unternehmensgründer in
blumenverkäuferin	blumenverkauf er in
kirchhofer	kirchhof er
anwerbung	anwerben ung
kleinlichkeit	klein lich keit
berghauser	berghaus er
tonlos	ton los
reimer	reimen er
bezeugung	bezeugen ung
wiederverarbeitung	wiederverarbeiten ung
wärterin	warten er in
pfeifer	pfeife er
wohnungsnachbarin	wohnungsnachbar in
entzweiung	entzweien ung
dreitausender	dreitausend er
missionarin	missionar in
ordnungsrechtlich	ordnungsrecht lich
geschäftsmäßigkeit	geschäft mäßig keit
bibliotheksdirektorin	bibliotheksdirektor in
unsittlichkeit	unsitte lich keit
gardistin	gard ist in
abrißarbeiter	abrißarbeit er
kinogeher	kinogehen er
weltgesellschaftlich	weltgesellschaft lich
keulenschwinger	keulenschwingen er
kreuzer	kreuzen er
einsatzfreudig	einsatzfreude ig
maurer	mauer er
reaktionslos	reaktion los
schwierigkeit	schwierig keit
antragsteller	antragstelle er
intendantin	intendant in
bühnenbildnerin	bühnenbildner in
offenhaltung	offenhalten ung
menschenähnlichkeit	menschenähnlich keit
bauunternehmer	bauunternehmen er
adelberger	adelberg er
verliererin	verlieren er in
käufer	kaufen er
astrologin	astrologe in
hundezüchter	hundezucht er
rehabilitierung	rehabilitieren ung
parteilich	partei lich
moritzburger	moritzburg er
spenderin	spenden er in
weiterschiebung	weiterschieben ung
auslagerung	auslagern ung
ballettdirektorin	ballettdirektor in
finanzwissenschaftlich	finanzwissenschaft lich
kunstvermittlerin	kunstvermittler in
mitspielerin	mitspielen er in
beatmung	beatmen ung
alphabetisierung	alphabet isch isier ung
umweglos	umweg los
stammeskrieger	stammeskrieg er
verbauung	verbauen ung
fettig	fetten ig
furchtbarkeit	furchtbar keit
serber	serbe er
filmemacher	filmemachen er
sprachlos	sprache los
dauerhafter	dauerhaften er
amtsrichterin	amtsrichter in
haftung	haften ung
einschlägig	einschlagen ig
erhitzung	erhitzen ung
erfüllbar	erfüllen bar
strichlein	strich lein
undurchsichtig	un durchsicht ig
pockennarbig	pockennarbe ig
romanistin	roma anisch ist in
wohnungspolitiker	wohnungspolitik er
fuchsberger	fuchsberg er
befreier	befreien er
architekturkritikerin	architekturkritik er in
sterbenswörtchen	sterbenswort chen
schälchen	schal chen
erfolglos	erfolg los
bombenwerfer	bombenwerfen er
fernzündung	fernzünden ung
oldenburgerin	oldenburg er in
bannerträgerin	bannerträger in
pädagogikstudentin	pädagogikstudent in
zauberkünstlerin	zauberkunst ler in
mülheimer	mülheim er
verheißung	ver heiß e ung
burgschauspielerin	burgschauspieler in
verblödung	ver blöd e ung
liebhaberin	liebhaben in
armbruster	armbrust er
wahlbeobachterin	wahlbeobachter in
unterkellerung	unterkellern ung
versteuerung	versteuern ung
buchdrucker	buchdruck er
kurfürstlich	kurfürst lich
gefahrguttransporter	gefahrguttransport er
griesheimerin	griesheim er in
reinlichkeit	rein lich keit
justizsenatorin	justizsenator in
weltlich	welt lich
anbauer	anbauen er
industriearbeiter	industriearbeit er
expremierministerin	expremierminister in
abdankung	abdanken ung
beleuchter	beleuchten er
attentäter	attentat er
staatsrechtlich	staatsrecht lich
geschenkbändchen	geschenkband chen
teppichklopfer	teppichklopfen er
alkoholikerin	alkohol iker in
unterhaltungsmusiker	unterhaltungsmusik er
pfiffigkeit	pfiff ig keit
kleinschreibung	kleinschreiben ung
bassin	basse in
einmündung	einmünden ung
beliebigkeit	belieben ig keit
verständnislos	verständnis los
naturschützer	naturschutz er
abbruchunternehmer	abbruchunternehmen er
automobilbauer	automobilbau er
katzenbesitzerin	katzenbesitzer in
pfandleiherin	pfandleihe er in
mitmenschlich	mitmensch lich
benutzbarkeit	benutzen bar keit
ungeheuerlichkeit	ungeheuer lich keit
reisepartnerin	reisepartner in
ellipsenförmig	ellipsenform ig
eßsüchtig	eßsucht ig
friedberger	friedberg er
europatauglichkeit	europatauglich keit
unterschreitung	unterschreiten ung
bundesrechtlich	bundesrecht lich
kriminalpsychologin	kriminalpsychologe in
standespolitiker	standespolitik er
erklärbar	erklären bar
hirtin	hirt in
untervermietung	untervermieten ung
schwimmlehrerin	schwimmlehrer in
großschreibung	großschreiben ung
ehrlichkeit	ehrlich keit
bosnier	bosnien er
kritikerin	kritik er in
beschäftigung	beschäftigen ung
verkrüppelung	ver krüppel ung
planung	planen ung
daumenlutscher	daumenlutschen er
wechselseitigkeit	wechselseitig keit
verwaltungsgerichtlich	verwaltungsgericht lich
abmeldung	abmelden ung
verdächtigung	verdacht ig ung
verfinsterung	ver finster ung
cutterin	cutter in
absetzbar	absetzen bar
ehebrecherin	ehebrecher in
ausstellungsbesucherin	ausstellungsbesuch er in
heftigkeit	heftig keit
selbsternennung	selbsternennen ung
winterurlauber	winterurlaub er
technisierung	technisch isier ung
sicherheitslager	sicherheitslage er
verwirklichen	ver wirken lich
vertraulichkeit	vertrauen lich keit
anmutung	anmuten ung
selbstfinanzierung	selbstfinanzieren ung
beugung	beugen ung
demontierung	demontieren ung
unantastbarkeit	unantastbar keit
melder	melden er
überhitzung	überhitzen ung
staffelläufer	staffellauf er
nichtraucherin	nichtrauchen er in
postmeisterin	postmeister in
balinger	balingen er
stückchen	stück chen
köpper	kopp er
weißenberger	weißenberg er
käuferin	kaufen er in
gefälligkeit	gefälle ig keit
praktiker	praktik er
bildhauer	bildhauen er
wiesbadener	wiesbaden er
schweißerin	schweißen in
gehässigkeit	gehässig keit
handballer	handballen er
verweichlichung	ver weich lich ung
abiturientin	abiturient in
brunner	brunnen er
erstaunlich	erstaunen lich
helfer	helfen er
gewichtung	gewichten ung
tankstellenpächterin	tankstellenpächter in
verbürgerlichen	ver bürgen lich
schwächlichkeit	schwach e lich keit
söhnchen	sohn chen
volksschüler	volksschule er
volksmusiker	volksmusik er
siebenbürger	siebenbürge n er
wahlhelferin	wahlhelfer in
ausrichterin	ausrichten er in
fischzüchter	fischzucht er
reformierung	reform ier ung
heimgärtner	heimgarten er
fünftausender	fünftausend er
erziehungswissenschaftlerin	erziehungswissenschaft ler in
spitzenspielerin	spitzenspiel er in
ringelschwänzchen	ringelschwanz chen
abartig	abart ig
hochherzigkeit	hochherzig keit
nachlieferung	nachliefern ung
kampfgenossin	kampfgenosse in
enthemmung	enthemmen ung
teamfähigkeit	teamfähig keit
kunstpädagogin	kunstpädagoge in
winterberger	winterberg er
undurchschaubar	un durchschauen bar
festivalleiterin	festivalleiter in
nationalstürmerin	nationalstürmer in
rathäuslich	rathaus lich
friedensbotschafter	friedensbote schaft er
lottogewinner	lottogewinn er
oberkonservatorin	oberkonservator in
verkaufbar	verkaufen bar
rheinauer	rheinaue er
übererfüllung	übererfüllen ung
aktivierung	akt iv e ier ung
mitherausgeberin	mitherausgeber in
hofheimerin	hofheim er in
ostberlinerin	ostberlin er in
schnarcher	schnarchen er
annaberger	annaberg er
jungregisseurin	jungregisseur in
schauspieldirektorin	schauspieldirektor in
vorbehaltslos	vorbehalt los
eingebung	eingeben ung
weitspringerin	weitspringer in
schulleiterin	schulleiter in
sozialsenatorin	sozialsenator in
einigung	einigen ung
testpilotin	testpilot in
hellseher	hellsehen er
gewerkschafter	gewerkschaft er
klassenleiterin	klassenleiter in
tierschützer	tierschutz er
volleyballspielerin	volleyballspielen er in
aufopferung	aufopfern ung
sanierer	sanieren er
pilgerin	pilger in
anlieferung	anliefern ung
flugtauglichkeit	flugtauglich keit
energielos	energie los
punkerin	punk er in
lobbyistin	lobby ist in
verelendung	ver elend ung
habgierig	habgier ig
entweihung	entweihen ung
erdgeschichtlich	erdgeschichte lich
jugendfreundin	jugendfreund in
frankierung	frank ie ier ung
yorkerin	york er in
nachlässig	nachlassen ig
werbegrafikerin	werbegrafik er in
hausverwalterin	hausverwalter in
zusammenfügung	zusammenfügen ung
londoner	london er
klassenverräter	klassenverrat er
gesamtarbeiter	gesamtarbeit er
kuratorin	kurator in
sozialfürsorgerin	sozialfürsorge er in
menschenfreundlichkeit	menschenfreund lich keit
vizechefin	vizechef in
trommelspieler	trommelspiel er
beengung	beengen ung
fürstlich	fürst lich
koalitionspolitiker	koalitionspolitik er
biowissenschaftlich	biowissenschaft lich
festlichkeit	fest e lich keit
eigenmächtig	eigenmacht ig
schauberger	schauberg er
strafverteidigerin	strafverteidiger in
ausbesserung	ausbessern ung
wiedereinstellung	wiedereinstellen ung
baulichkeit	bau lich keit
klavierschülerin	klavierschule er in
jahreszeitlich	jahreszeit lich
schmiegsamkeit	schmiegen sam keit
nacherfassung	nacherfassen ung
zünftig	zunft ig
frostig	frost ig
schulgeschichtlich	schulgeschichte lich
wohlig	wohl ig
artin	arte in
nachzahlung	nachzahlen ung
tierschutzrechtlich	tierschutzrecht lich
steckbrieflich	steckbrief lich
maierhofer	maierhof er
einsatzfähigkeit	einsatzfähig keit
unvorsichtigkeit	un vorsicht ig keit
mittelstandspolitiker	mittelstandspolitik er
toilettenhäuschen	toilettenhaus chen
rechtsstaatlichkeit	rechtsstaat lich keit
kärntener	kärnten er
kompromißfähigkeit	kompromißfähig keit
fehlleitung	fehlleiten ung
zusätzlich	zusatz lich
datenschützerin	datenschutz er in
respektlos	respekt los
aufblähung	aufblähen ung
dreizügigkeit	dreizügig keit
großbauer	großbau er
hüpfer	hüpfen er
pfefferkörner	pfefferkorn er
organisationschefin	organisationschef in
verdrießlich	verdrießen lich
anlegerschützer	anlegerschutz er
heiserkeit	heiser keit
kennzeichnung	kennzeichnen ung
blasmusiker	blasmusik er
sichtung	sichten ung
klotzig	klotzen ig
universitätsdozentin	universitätsdozent in
sonderung	sondern ung
beseitigung	beseitigen ung
ingenieurwissenschaftlich	ingenieurwissenschaft lich
führerlos	führen er los
kunstsinnigkeit	kunstsinn ig keit
haushaltspolitiker	haushaltspolitik er
schicksalslos	schicksal los
nachrichtenchefin	nachrichtenchef in
zusammenhangslos	zusammenhang los
erlernbarkeit	erlernbar keit
bauwirtschaftlich	bauwirtschaft lich
städtebaulich	städtebau lich
agrarwissenschaftlich	agrarwissenschaft lich
fischfarmer	fischfarm er
gleisarbeiter	gleisarbeit er
herforderin	herford er in
monarchistin	monarch isch ist in
bewußtlos	bewußte los
grundpfandrechtlich	grundpfandrecht lich
tarifexpertin	tarifexperte in
umweltfreundlichkeit	umweltfreund lich keit
andächtig	andacht ig
umklammerung	um klammer ung
keyboardspieler	keyboardspiel er
erfreulich	erfreuen lich
berberin	berber in
werfer	werfen er
schändlich	schänden lich
halslos	hals los
zurückberufung	zurückberufen ung
einberufung	einberufen ung
krümelig	krümel ig
unerträglich	un ertrag lich
einzelgängerin	einzelgang er in
leinensäckchen	leinensack chen
europameisterin	europameister in
melderechtlich	melderecht lich
medienunternehmer	medienunternehmen er
faltig	falten ig
fraulichkeit	frau lich keit
innerschweizer	innerschweiz er
unvollständigkeit	unvollständig keit
disziplinlos	disziplin los
sozialpädagogin	sozialpädagoge in
graubärtig	graubart ig
pilzig	pilz ig
devisenrechtlich	devisenrecht lich
freudenberger	freudenberg er
halbschattig	halbschatten ig
bürgerkriegskämpfer	bürgerkriegskampf er
raumplaner	raumplan er
schaffer	schaffen er
studienanfänger	studienanfang er
bitterkeit	bitter keit
gerichtsgutachter	gerichtsgutachten er
odin	ode in
schaumschläger	schaumschlagen er
rückgratlos	rückgrat los
zulassungspflichtig	zulassungspflicht ig
wirtschaftsreformer	wirtschaftsreform er
landespolitiker	landespolitik er
fachhandwerker	fachhandwerk er
ergreifung	ergreifen ung
schlierseer	schliersee er
absentierung	absentieren ung
näpfchen	napf chen
anteilseignerin	anteilseigner in
veranstaltung	ver anstalt ung
hartnäckigkeit	hartnäckig keit
treuherzig	treuherz ig
anlegerin	anlegen er in
schwertkämpfer	schwertkampf er
drogenabhängigkeit	drogenabhängig keit
aussendung	aussenden ung
grenzwächter	grenzwacht er
zottelig	zottel ig
schraffierung	schraffieren ung
zentralisierung	zentral isier ung
datenschutzrechtlich	datenschutzrecht lich
widerspruchlos	widerspruch los
mayer	may er
gesetzlich	gesetz lich
holzner	holzen er
kosmetiker	kosmetik er
auslieferung	ausliefern ung
hintersinnig	hintersinn ig
tätlichkeit	tätlich keit
demokratiefeindlichkeit	demokratiefeind lich keit
angstmacher	angstmachen er
kletterer	klettern er
verbindlichkeit	verbinden lich keit
vereinheitlichen	ver einheit lich
wiederentstehung	wiederentstehen ung
vertiefung	vertiefen ung
hitzköpfig	hitzkopf ig
dummschwätzer	dummschwatz er
aktienkäufer	aktienkauf er
aussiedlerin	aussiedeln er in
parawissenschaftlich	parawissenschaft lich
polterig	poltern ig
gesamtstaatlich	gesamtstaat lich
rechtsförmig	rechtsform ig
beinsteiner	beinstein er
besoldungsrechtlich	besoldungsrecht lich
umtriebig	umtrieb ig
kartellamtlich	kartellamt lich
konfliktfähigkeit	konfliktfähig keit
heiligung	heiligen ung
gönnerin	gönnen in
altensteiger	altensteig er
bettnachbarin	bettnachbar in
neustädterin	neustadt er in
bäuerlich	bauer lich
rechtsmediziner	rechtsmedizin er
instinktlos	instinkt los
blumig	blume ig
profiboxer	profiboxen er
linienrichterin	linienrichter in
ungewöhnlich	un gewöhnen lich
brackig	brack ig
sägewerker	sägewerk er
heldenmutig	heldenmut ig
wahrhaftigkeit	wahrhafte ig keit
zuverlässigkeit	zuverlässig keit
frühzeitig	frühzeit ig
langstreckenläuferin	langstreckenlauf er in
überfälligkeit	überfall ig keit
gespenstig	gespenst ig
polizeistaatlich	polizeistaat lich
rollstuhlfahrer	rollstuhlfahren er
starter	starten er
historiker	historik er
gemüseverkäufer	gemüseverkauf er
zeugungsfähigkeit	zeugungsfähig keit
küchenhelferin	küchenhelfer in
wohnungseigentümer	wohnungseigentum er
verfemung	ver feme ung
kuchenbäcker	kuchenbacken er
jugendpolitikerin	jugendpolitik er in
pilzförmig	pilzform ig
leiter	leiten er
lebenszeitlich	lebenszeit lich
radiojournalistin	radiojournalist in
zweikämpfer	zweikampf er
marketingleiterin	marketingleiter in
frühschwimmer	frühschwimmen er
theoriefeindlichkeit	theoriefeindlich keit
neunecker	neuneck er
ferienarbeiter	ferienarbeit er
hauptbelastungszeugin	hauptbelastungszeuge in
kompetenzlos	kompetenz los
kleingeistig	kleingeist ig
weiterverwendung	weiterverwenden ung
funktionsträgerin	funktionsträger in
puffer	puff er
vaterlandslos	vaterland los
schmächtig	schmachten ig
niedlichkeit	niedlich keit
stöckchen	stock chen
praktikantin	praktikant in
überschaubar	überschauen bar
drapierung	drapieren ung
übeltäterin	übeltat er in
durchmusterung	durch muster ung
freiwilligkeit	freiwillig keit
eisenberger	eisenberg er
motivlos	motiv los
bestsellerautorin	bestsellerautor in
stadtpolitiker	stadtpolitik er
bauherrin	bauherr in
schuldnerberaterin	schuldnerberater in
ostholsteiner	ostholstein er
militarisierung	militarisieren ung
gottgefälligkeit	gottgefällig keit
zumutung	zumuten ung
kellnerin	kellner in
bestäubung	bestäuben ung
versammlungsbesucher	versammlungsbesuch er
rosenkreuzer	rosenkreuz er
nasser	nasse er
spaßig	spaß ig
verlobung	verloben ung
trostberger	trostberg er
zivilrechtlich	zivilrecht lich
stimmrechtslos	stimmrecht los
leidenschaftlich	leiden schaft lich
jetztzeitig	jetztzeit ig
herstellung	herstellen ung
fahrerin	fahren er in
tränlein	träne lein
anwohnerin	anwohner in
zufällig	zufallen ig
medizintechniker	medizintechnik er
bröcker	brock er
abenteuerlustig	abenteuerlust ig
einschätzung	einschätzen ung
modulationsfähigkeit	modulationsfähig keit
verdrahtung	ver draht ung
heimkehrer	heimkehren er
einzelvertraglich	einzelvertrag lich
bundespolitiker	bundespolitik er
niederhaltung	niederhalten ung
shanghaier	shanghai er
hundeführerin	hundeführer in
schulung	schulen ung
hofmeisterin	hofmeister in
geschichtsstudentin	geschichtsstudent in
schorndorferin	schorndorf er in
staubkörner	staubkorn er
dorin	dore in
betriebsratslos	betriebsrat los
dubrovniker	dubrovnik er
tempelhofer	tempelhof er
weiterblättern	weiterblatt er
wettbetrüger	wettbetrug er
wiederherrichtung	wiederherrichten ung
koblenzer	koblenz er
strahlenschützer	strahlenschutz er
gefräßigkeit	gefräßig keit
oppositionschefin	oppositionschef in
kerstin	kerst in
informantin	informant in
erfolgstrainerin	erfolgstrainer in
rodlerin	rod ler in
flossenbürger	flossenburg er
zuschüttung	zuschütten ung
redaktionssekretärin	redaktionssekretär in
vielfältig	vielfalt ig
burgherrin	burgherr in
wahlkampfleiterin	wahlkampfleiter in
dressurreiter	dressurreiten er
aufwendig	aufwenden ig
domberger	domberg er
gelenkigkeit	gelenk ig keit
salzburger	salzburg er
grafikerin	grafik er in
verzeihlich	verzeihen lich
fährtensucher	fährtensuche er
kopfarbeiter	kopfarbeit er
dubliner	dublin er
wolfsburger	wolfsburg er
wähler	wählen er
verhältnismäßigkeit	verhältnis mäßig keit
hoffähigkeit	hoffähig keit
seherin	sehen er in
gitarristin	gitarre ist in
einkäufer	einkaufen er
dämmung	dämmen ung
telefonseelsorgerin	telefonseelsorge er in
waschung	waschen ung
unehrlich	unehre lich
reinrassigkeit	reinrassig keit
handschriftlich	handschrift lich
schneiderin	schneiden er in
vergasung	vergasen ung
entwertung	entwerten ung
lichtempfindlichkeit	lichtempfindlich keit
zuzahlung	zuzahlen ung
verfolgbar	verfolgen bar
kränkung	kränken ung
schutzherrin	schutzherr in
verkehrsplanerin	verkehrsplan er in
fortschrittlich	fortschritt lich
frager	fragen er
wunderlich	wundern lich
schmerzempfindlichkeit	schmerzempfindlich keit
tagesbesucher	tagesbesuch er
rivalin	rivale in
unendlich	un ende lich
körperverträglichkeit	körperverträglich keit
treiber	treiben er
laserdrucker	laserdruck er
aussagekräftig	aussagekraft ig
großbetrüger	großbetrug er
liebeslager	liebeslage er
zwangsverwalterin	zwangsverwalter in
unsauberkeit	un sauber keit
sozialhilfebedürftigkeit	sozialhilfebedürftig keit
rohrleitungsbauer	rohrleitungsbau er
behauptung	behaupten ung
mitwisser	mitwissen er
turnierspieler	turnierspiel er
rachedurstig	rachedurst ig
besucherfreundlichkeit	besucherfreundlich keit
leinenlos	leinen los
nordin	nord in
münzer	münz er
merkbar	merken bar
ausstaffierung	ausstaffieren ung
bottroper	bottrop er
erwärmung	erwärmen ung
wienerin	wien er in
schwerfälligkeit	schwerfallen ig keit
fußpflegerin	fußpflege er in
verwaltungsrichterin	verwaltungsrichter in
demütig	demut ig
drogensüchtig	drogensucht ig
ausrufung	ausrufen ung
meineidig	meineid ig
saftigkeit	saft ig keit
grantig	grant ig
aussichtlos	aussicht los
steinig	steinen ig
gesprächsunfähigkeit	gesprächsunfähig keit
festigung	fest e ig ung
anrüchigkeit	anrüchig keit
veränderlichkeit	verändern lich keit
klatschsüchtig	klatschsucht ig
umständlich	umstand lich
reihenhäuschen	reihenhaus chen
beschäftigungswirksamkeit	beschäftigungswirksam keit
fluchthelferin	fluchthelfer in
bänkchen	bank chen
wahlsiegerin	wahlsieg er in
südöstlich	südost lich
abenteuerurlauber	abenteuerurlaub er
popularisierung	popular isier ung
kanadier	kanada er
trübsinnigkeit	trübsinn ig keit
zugig	zug ig
erteilung	erteilen ung
fraktionsführerin	fraktionsführer in
fraktionsmitarbeiterin	fraktionsmitarbeiter in
arbeitsgerichtlich	arbeitsgericht lich
versicherung	versichern ung
freigebigkeit	freigeben ig keit
herrichtung	herrichten ung
politikstudentin	politikstudent in
landesumweltministerin	landesumweltminister in
täuscher	tausch er
verderber	ver derb er
korrektorin	korrektor in
gierig	gieren ig
verzeichnung	verzeichnen ung
verteuerung	ver teuer ung
handelsrechtlich	handelsrecht lich
benutzerin	benutzen er in
rothaarig	rothaar ig
beantworter	be antwort er
momentaner	momentane er
bewacher	bewachen er
verkohlung	ver kohle ung
raumfahrtexpertin	raumfahrtexperte in
schmuckdesignerin	schmuckdesign er in
verdächtigen	verdacht ig
überforderung	überfordern ung
einzellig	einzelle ig
solinger	solingen er
panzerbauer	panzerbau er
stressig	stressen ig
kugelfischer	kugelfisch er
bildermacher	bildermachen er
vorarbeiter	vorarbeiten er
funker	funken er
umsteuerung	umsteuern ung
staatskommissarin	staatskommissar in
schuldezernentin	schuldezernent in
mitverantwortlich	mitverantworten lich
paderborner	paderborn er
entsorgungsunternehmer	entsorgungsunternehmen er
thronfolger	thronfolge er
durchsichtigkeit	durchsicht ig keit
unzeitig	unzeit ig
rezitatorin	rezitator in
autolos	auto los
romanschriftstellerin	romanschriftsteller in
integrierbar	integrieren bar
unverkäuflichkeit	un verkauf lich keit
verwaltungsleiterin	verwaltungsleiter in
distanzierung	distanz ier ung
pläuschchen	plausch chen
danziger	danzig er
nichtraucher	nichtrauchen er
anlandung	anlanden ung
verdünnung	ver dünn ung
verteidigungspolitiker	verteidigungspolitik er
vortrefflichkeit	vor trefflich keit
zeitungsausträger	zeitungsaustragen er
jungunternehmerin	jungunternehmen er in
finalgegnerin	finalgegner in
schaustellerin	schausteller in
militärsprecherin	militärsprecher in
herrschaftlich	herrschaft lich
zwangsarbeiter	zwangsarbeit er
nationalstaatlich	nationalstaat lich
waldschützer	waldschutz er
kielerin	kiel er in
harfenspielerin	harfenspiel er in
schulversager	schulversagen er
stifter	stiften er
herausfordererin	herausforderer in
verwandtschaftlich	verwandte schaft lich
rechtsvorgängerin	rechtsvorgänger in
portugiesin	portugiese in
autofeindlichkeit	autofeindlich keit
solotänzerin	solotanz er in
zuständigkeit	zuständig keit
agrarwirtschaftlich	agrarwirtschaft lich
gläubig	glauben ig
verwendbarkeit	verwendbar keit
geschichtswissenschaftlich	geschichtswissen schaft lich
feierlichkeit	feier lich keit
kaninchenzüchter	kaninchenzucht er
interpretationsfähigkeit	interpretationsfähig keit
widerrechtlich	wider recht lich
diätassistentin	diätassistent in
unterzeichnerin	unterzeichnen er in
wochenendurlauber	wochenendurlaub er
allgemeingültigkeit	allgemeingültig keit
waldarbeiter	waldarbeit er
betrachter	betrachten er
ständestaatlich	ständestaat lich
stichhaltigkeit	stichhaltig keit
sprudler	sprudeln er
naturgesetzmäßigkeit	naturgesetz mäßig keit
amsterdamer	amsterdam er
wechselburger	wechselburg er
angster	angst er
erwachsenenbildnerin	erwachsenenbildner in
galopper	galopp er
unterkühlung	unterkühlen ung
glasgower	glasgow er
schönecker	schöneck er
absperrung	absperren ung
wirkstofflos	wirkstoff los
anständigkeit	anständig keit
bundesverfassungsrichterin	bundesverfassungsrichter in
ortsvorsteherin	ortsvorsteher in
grundrechtlich	grundrecht lich
riedstädter	riedstadt er
dogmatiker	dogmatik er
sonderschüler	sonderschule er
zagreber	zagreb er
schuftig	schuft ig
umgebung	umgeben ung
florstädter	florstadt er
ausgrabung	ausgraben ung
lichtchen	licht chen
kartellrechtlich	kartellrecht lich
bearbeiterin	bearbeiten er in
medizinstatistiker	medizinstatistik er
stecher	stechen er
museumsbesucher	museumsbesuch er
betriebsamkeit	betriebsam keit
kriegshetzer	kriegshetze er
hoffnungsträgerin	hoffnungsträger in
kompostierung	kompost ier ung
abschnittsleiterin	abschnittsleiter in
amtschefin	amtschef in
illusionslos	illusion los
einäscherung	einäschern ung
stadtpatronin	stadtpatron in
wiesentaler	wiesental er
nachbarrechtlich	nachbarrecht lich
trickdiebin	trickdieb in
komplikationslos	komplikation los
gastdozentin	gastdozent in
schadenfreudig	schadenfreude ig
fortpflanzungsfähigkeit	fortpflanzungsfähig keit
weigerung	weigern ung
medienforscherin	medienforscher in
kauflustig	kauflust ig
ingenieurin	ingenieur in
ohrenzeugin	ohrenzeuge in
behaarung	behaaren ung
kleinlich	klein lich
untersucher	untersuchen er
politikunfähigkeit	politikunfähig keit
wandelbar	wandeln bar
vizemeisterin	vizemeister in
nationalspieler	nationalspiel er
billiglohnarbeiter	billiglohnarbeit er
gretchen	gret chen
weiterverpachtung	weiterverpachten ung
vernetzer	ver netz er
wintertauglichkeit	wintertauglich keit
universitätsstädtchen	universitätsstadt chen
sorger	sorge er
privatfunker	privatfunk er
aufrechnung	aufrechnen ung
eindringlich	eindringen lich
einklagbar	einklagen bar
gasförmig	gasform ig
hinderlich	hindern lich
offenburgerin	offenburg er in
regierungslos	regieren ung los
hemdchen	hemd chen
steinbrunner	steinbrunnen er
strafbar	strafen bar
naturwissenschaftlich	naturwissenschaft lich
bombardierung	bombardieren ung
kurzsichtigkeit	kurzsicht ig keit
hinrichtung	hinrichten ung
großanlagenbauer	großanlagenbau er
unterhöhlung	unterhöhlen ung
schauspiellehrerin	schauspiellehrer in
verheiratung	ver heirat ung
technikerin	technik er in
unfallflüchtig	unfallflucht ig
fadenscheinig	fadenschein ig
pokalgewinner	pokalgewinn er
verletzbarkeit	verletzen bar keit
änderungsschneiderin	änderungsschneider in
frührentnerin	frührentner in
regenbogenfarbig	regenbogenfarbe ig
konzipierung	konzipieren ung
konjunkturanfälligkeit	konjunkturanfällig keit
sechseckig	sechseck ig
passauer	passau er
rüstigkeit	rüstig keit
zusicherung	zusichern ung
artigkeit	artig keit
aufrührer	aufrühren er
ausschließlichkeit	aus schließen e lich keit
schützerin	schützen er in
westberliner	westberlin er
kanalarbeiter	kanalarbeit er
wasserverkäufer	wasserverkauf er
nachdenker	nachdenken er
regierungsdirektorin	regierungsdirektor in
auswahlspieler	auswahlspiel er
ausbürgerung	ausbürgern ung
glattstellung	glattstellen ung
hagener	hagen er
tüchlein	tuch lein
oxforder	oxford er
steinecker	steineck er
verbreiterung	ver breit ung
tierpfleger	tierpflege er
thüringer	thüringen er
zahntechniker	zahntechnik er
weiterleitung	weiterleiten ung
speisung	speisen ung
ergebung	ergeben ung
allzuständigkeit	allzuständig keit
emmendinger	emmendingen er
stegbauer	stegbau er
pfiffig	pfiff ig
schlächter	schlachten er
antagonistin	antagonist in
kugelstoßer	kugelstoßen er
kälbchen	kalben chen
musikkritiker	musikkritik er
gralshüterin	gralshüter in
urenkelin	urenkel in
farbtupfer	farbtupfen er
umweltplaner	umweltplan er
lieblingsmusiker	lieblingsmusik er
oberbürgermeisterlich	oberbürgermeister lich
denkmalspfleger	denkmalspflege er
erkenntlichkeit	erkenntlich keit
pilzsucher	pilzsuche er
kulturanthropologin	kulturanthropologe in
mehlig	mehl ig
kumulierung	kumulieren ung
erschöpfung	erschöpfen ung
stauung	stauen ung
weinsberger	weinsberg er
engin	eng e in
stifterin	stiften er in
hausherrin	hausherr in
schattierung	schattieren ung
wanderung	wandern ung
gedanklich	gedanke lich
haupttäter	haupttat er
gutsherrin	gutsherr in
stimmenfänger	stimmenfang er
physiklehrerin	physiklehrer in
nachwuchsathletin	nachwuchsathlet in
überholbar	überholen bar
wiedereinsetzung	wiedereinsetzen ung
verdächtig	verdacht ig
zurücklassung	zurücklassen ung
andeutung	andeuten ung
widerstandskämpferin	widerstandskampf er in
einführung	einführen ung
großväterchen	großvater chen
gleichmütig	gleichmut ig
bearbeiter	bearbeiten er
gefügigkeit	ge fuge keit
bukarester	bukarest er
alltäglich	alltag lich
überzahlung	über zahl ung
großmütterchen	großmutter chen
haftunfähigkeit	haftunfähig keit
geizig	geizen ig
helder	held er
naturlyriker	naturlyrik er
chronistin	chronisch ist in
ackerbaulich	ackerbau lich
tabakanbauer	tabakanbau er
kilometerzähler	kilometerzahl er
unleserlich	un lese er lich
stadtplanerin	stadtplan er in
führungstreffer	führungstreffen er
altmannsteiner	altmannstein er
großformatig	großformat ig
weltklasseathletin	weltklasseathlet in
provinzblättchen	provinzblatt chen
überbetrieblich	über betrieb lich
behindertensportlerin	behindertensport ler in
entwicklungsplaner	entwicklungsplan er
planwirtschaftlich	planwirtschaft lich
jogger	joggen er
hinterlegung	hinterlegen ung
neubürgerlich	neuburg er lich
lebensfeindlich	lebensfeind lich
baumschützer	baumschutz er
zeitdiagnostiker	zeitdiagnostik er
sonderschulpädagogin	sonderschulpädagoge in
raumplanerin	raumplan er in
uneigennützigkeit	un eigennutz ig keit
nachahmer	nachahmen er
mergentheimer	mergentheim er
kartenhäuschen	kartenhaus chen
abschottung	abschotten ung
behutsamkeit	behutsam keit
architekturgeschichtlich	architekturgeschichte lich
erstürmung	erstürmen ung
verallgemeinerung	ver allgemein ung
schräubchen	schrauben e chen
stempelung	stempeln ung
vergütung	vergüten ung
kerlchen	kerl chen
servierer	servie ier er
vollblüter	vollblut er
unhörbarkeit	un hörbar keit
benennung	benennen ung
verkalkung	ver kalk ung
untersuchung	untersuchen ung
torfstecher	torfstechen er
schulpsychologin	schulpsychologe in
privatbauer	privatbau er
hauptgegnerin	hauptgegner in
vogelliebhaberin	vogelliebhaber in
nachfüllung	nachfüllen ung
angemessener	angemessen e n er
nichtbesitzer	nichtbesitz er
grenzschützer	grenzschutz er
landesschatzmeisterin	landesschatzmeister in
steuerlich	steuer lich
kirchenamtlich	kirchenamt lich
behördenleiterin	behördenleiter in
polizeimeisterin	polizeimeister in
tötung	töten ung
institutionalisierung	institutionalisieren ung
tilsiter	tilsit er
hainburger	hainburg er
gesellschafterin	gesellschaft er in
vervollständigung	ver vollständig ung
ehrung	ehren ung
stilisierung	stilisieren ung
konsensfähigkeit	konsensfähig keit
zuckung	zucken ung
schäfchen	schaf chen
ziegelbauer	ziegelbau er
golferin	golf er in
waldhofer	waldhof er
rechtsextremistin	rechtsextrem e ist in
barbesitzerin	barbesitzer in
besprechung	besprechen ung
bildkräftig	bildkraft ig
nassauer	nassau er
vorankündigung	vorankündigen ung
ascher	asche er
übersetzerin	übersetzen er in
uneigennützig	un eigennutz ig
systematisierung	system atisch isier ung
betrachtung	betrachten ung
niedrigkeit	niedrig keit
ehrenpräsidentin	ehrenpräsident in
funktionsunfähigkeit	funktionsunfähig keit
fürsorger	fürsorge er
zweiradfahrer	zweiradfahren er
drehbuchschreiberin	drehbuchschreiben er in
chemielehrerin	chemielehrer in
filterlos	filter los
halbjährlich	halbjahr lich
lauffreudig	lauffreude ig
weinig	wein ig
entwaldung	ent wald ung
vorbeugung	vorbeugen ung
glücksspielerin	glücksspiel er in
inländerin	inländer in
erzähler	erzählen er
heiterkeit	heiter keit
ausstellungsleiterin	ausstellungsleiter in
unausführbar	un ausführen bar
lossprechung	lossprechen ung
unabsetzbar	un absetzen bar
verlockung	verlocken ung
übertariflich	über tarif lich
statthalterin	statthalter in
sinnlichkeit	sinn lich keit
möbelbauer	möbelbau er
ersatzspielerin	ersatzspieler in
überdurchschnittlich	über durchschnitt lich
seniorin	seniore in
trassierung	trasse ier ung
ätzung	ätzen ung
arbeitsrichterin	arbeitsrichter in
obergutachter	obergutachten er
blinker	blinken er
weiterverteilung	weiterverteilen ung
geschäftsinhaberin	geschäftsinhaber in
buchbinderin	buchbinden er in
volksläufer	volkslauf er
volkskirchlich	volkskirche lich
örtlichkeit	örtlich keit
spreizung	spreizen ung
kernig	kernen ig
volksheldin	volksheld in
landesfürstlich	landesfürst lich
geschlechtslos	geschlecht los
wachschützer	wachschutz er
pointenlos	pointe los
niederlassung	niederlassen ung
seelsorgerin	seelsorge er in
lieblich	lieben lich
pekinger	peking er
unentgeltlich	un entgelt lich
friedensvertraglich	friedensvertrag lich
überdüngung	überdüngen ung
opernliebhaberin	opernliebhaber in
albanier	albanien er
scheuringer	scheuring er
zwangsarbeiterin	zwangsarbeit er in
saarburger	saarburg er
utopistin	utopisch ist in
schulsiegerin	schulsieger in
richterlich	richten er lich
kraftfahrerin	kraftfahrer in
privatspender	privatspende er
anspruchslos	anspruch los
gesetzgeberin	gesetzgeber in
museumsleiterin	museumsleiter in
glücklich	glück lich
unschicklichkeit	un schick e lich keit
programmierung	programm ier ung
befleckung	beflecken ung
kappung	kappen ung
dalmatiner	dalmatien er
vielstimmigkeit	vielstimmig keit
mühlenberger	mühlenberg er
formalin	formale in
unbilligkeit	unbill ig keit
kulturhistorikerin	kulturhistorik er in
beleuchtung	beleuchten ung
kontrastierung	kontrast ier ung
ermittler	ermitteln er
friedenskämpferin	friedenskampf er in
kurpfälzer	kurpfalz er
fünfhunderter	fünfhundert er
ehepartnerin	ehepartner in
wahrnehmbarkeit	wahrnehmen bar keit
spartanerin	sparta aner in
akkordarbeiterin	akkordarbeit er in
sektkühler	sektkühle er
solospieler	solospiel er
verknöcherung	ver knochen ung
goldschmiedin	goldschmiede in
wassertrinker	wassertrinken er
klößchen	kloß chen
feststellung	feststellen ung
sachbearbeiterin	sachbearbeiter in
klassifizierung	klassifizieren ung
amateurboxer	amateurboxen er
weissagung	weissagen ung
belangbar	belangen bar
scheidung	scheiden ung
operationsfähigkeit	operationsfähig keit
textilarbeiter	textilarbeit er
täfelchen	tafel chen
fortgeltung	fortgelten ung
mitbewohnerin	mitbewohner in
antwortlos	antwort los
anhänger	anhängen er
blähung	blähen ung
feuerung	feuern ung
treppchen	treppe chen
gebrauchsfähigkeit	gebrauchsfähig keit
aussteller	ausstellen er
arbeitswillig	arbeitswille ig
betriebswirtschaftlich	betriebswirt schaft lich
rechtsnachfolgerin	rechtsnachfolge er in
postmitarbeiterin	postmitarbeiter in
nacherzählung	nacherzählen ung
nachdenklich	nachdenken lich
unverbindlichkeit	un verbinden lich keit
feldspieler	feldspiel er
zuwanderung	zuwandern ung
mönchlein	mönch lein
sozialverantwortlichkeit	sozialverantwortlich keit
überstaatlich	überstaat lich
langlebigkeit	langlebig keit
funktionstüchtigkeit	funktionstüchtig keit
warschauer	warschau er
geschäftsfähigkeit	geschäftsfähig keit
tropfenförmig	tropfenform ig
wahnsinniger	wahnsinnige n er
unbeachtlich	un be acht lich
theaterwissenschaftlerin	theaterwissenschaft ler in
heftchen	heft chen
austauschschülerin	austauschschüler in
knobler	knobeln er
possierlichkeit	possierlich keit
unsichtbarkeit	un sichten bar keit
vertraglich	vertragen lich
ökogärtner	ökogarten er
meßdienerin	meßdiener in
volksfestbesucher	volksfestbesuch er
wahlgänger	wahlgang er
vernachlässigen	ver nachlassen ig
entscheidungsfreudig	entscheidungsfreude ig
einrichtung	einrichten ung
pharmazeutin	pharmazeut in
schnulzig	schnulze ig
lenker	lenken er
oberflächlichkeit	oberfläche lich keit
ungiftig	un giften ig
rülpser	rülpsen er
pferdezüchter	pferdezucht er
abbuchung	abbuchen ung
untergebener	untergeben er
aufrichtig	aufrichten ig
sportärztlich	sportarzt lich
goldberger	goldberg er
requisiteurin	requisiteur in
linderung	lindern ung
kalbin	kalb in
salin	sal in
kontextlos	kontext los
selbstherrlichkeit	selbstherrlich keit
energieberaterin	energieberater in
schüler	schule er
ziegenbärtchen	ziegenbart chen
sorgsamkeit	sorgsam keit
restlos	rest los
referatsleiterin	referatsleiter in
marketenderin	marketender in
wiederholung	wiederholen ung
flöckchen	flock chen
heroinabhängigkeit	heroinabhängig keit
lautsprachlich	lautsprache lich
paarläufer	paarlaufen er
eicher	eiche er
schwulstig	schwulst ig
notizbüchlein	notizbuch lein
chefsekretärin	chefsekretär in
lever	lev er
kurzbesucher	kurzbesuch er
gewalttäter	gewalttat er
wiedereroberung	wiedererobern ung
hauswirtin	hauswirt in
übertretung	übertreten ung
wirtschaftsfreundlichkeit	wirtschaftsfreund lich keit
presserechtlich	presserecht lich
wettbewerbsgewinner	wettbewerbsgewinn er
einquartierung	ein quartier ung
gasthörerin	gasthörer in
speerwerfer	speerwerfen er
abwehrspieler	abwehrspiel er
wiederentdeckung	wiederentdecken ung
hörigkeit	hörig keit
donnerstäglich	donnerstag lich
eser	ese er
vollziehbar	vollziehen bar
spötter	spotten er
fahrradfahrerin	fahrradfahren er in
kreisstädter	kreisstadt er
unaufmerksamkeit	un aufmerksam keit
einzigartigkeit	einzigartig keit
konfliktunfähigkeit	konfliktunfähig keit
verspottung	ver spott ung
nachdenklicher	nachdenklichen er
dienstlich	dienst lich
belohnung	belohnen ung
hauptschülerin	hauptschule er in
holzhäuschen	holzhaus chen
tateinheitlich	tateinheit lich
sinnlos	sinn los
dänin	däne in
schöpfung	schöpfen ung
wolkig	wolke ig
liebeslustig	liebeslust ig
dresdener	dresden er
reibung	reiben ung
rückenschwimmer	rückenschwimmen er
bärbeißigkeit	bärbeißig keit
vorreiterin	vorreiten in
sindelfinger	sindelfingen er
federlos	feder los
aushändigung	aushändigen ung
hirnlos	hirn los
säuferin	saufen er in
tatkräftig	tatkraft ig
reifenberger	reifenberg er
würzig	würzen ig
herrin	herr in
preisrichterin	preisrichter in
grausamkeit	grauen sam keit
weiter	weit e er
sozialneider	sozialneid er
volksfeindlich	volksfeind lich
lichtlein	licht lein
mutmaßlich	mutmaßen lich
rechtsgültigkeit	rechtsgültig keit
drahtlos	draht los
beitragszahler	beitragszahl er
wärmetauscher	wärmetausch er
verfeinerung	ver fein ung
stampfer	stampfen er
bearbeitung	bearbeiten ung
auslosung	auslosen ung
minimierung	minimieren ung
schattig	schatten ig
hochwürdig	hochwürden ig
marathonläuferin	marathonlaufen er in
diskreditierung	diskreditieren ung
stadtentwicklungsplaner	stadtentwicklungsplan er
wissenschaftsjournalistin	wissenschaftsjournal ist in
informatikerin	informatik er in
verkündung	verkünden ung
schmuggler	schmuggeln er
wohnungslos	wohnen ung los
kontrolleurin	kontrolleur in
hundebesitzerin	hundebesitzer in
bucher	buche er
konditorin	konditor in
deutschlandkorrespondentin	deutschlandkorrespondent in
aschaffenburger	aschaffenburg er
dankbarkeit	danken bar keit
bauingenieurin	bauingenieur in
unterschiedlos	unterschied los
universitätspräsidentin	universitätspräsident in
museumspädagogin	museumspädagoge in
songschreiberin	songschreiben er in
hochheimer	hochheim er
brechung	brechen ung
literaturkritiker	literaturkritik er
kulturkritiker	kulturkritik er
magier	magie er
entscheidungsunfähigkeit	entscheidungsunfähig keit
bergarbeiterin	bergarbeiter in
sternchen	stern chen
nachbildung	nachbilden ung
friedenspolitiker	friedenspolitik er
etablierung	etablieren ung
versündigung	ver sünde ig e ung
trösterin	trost er in
mündung	münden ung
traulichkeit	trauen lich keit
nachzeichnung	nachzeichnen ung
generalkoordinatorin	generalkoordinator in
unterminierung	unterminieren ung
torgefährlichkeit	torgefährlich keit
brüchigkeit	brüchig keit
interessenlos	interesse los
försterin	förster in
gelsenkirchener	gelsenkirchen er
wasserbauer	wasserbau er
theaterleiterin	theaterleiter in
gestalterin	gestalten er in
sektenführerin	sektenführer in
undeutlichkeit	un deutlich keit
ärgerlich	ärger lich
ausgleichung	ausgleichen ung
kampfesmutig	kampfesmut ig
hofmusiker	hofmusik er
rokokoschlößchen	rokokoschloß chen
riesig	riese ig
willigen	wille ig
überarbeitung	überarbeiten ung
südkoreanerin	südkorea aner in
kulturgeschichtlich	kulturgeschichte lich
vorhaltung	vorhalten ung
lesung	lesen ung
textilarbeiterin	textilarbeit er in
weißwaschung	weißwaschen ung
hexenmeisterin	hexenmeister in
tempelchen	tempel chen
überbevölkerung	überbevölkern ung
putzsüchtig	putzsucht ig
spendierfreudig	spendierfreude ig
dornberger	dornberg er
umarmung	umarmen ung
laborassistentin	laborassistent in
ekstatiker	ekstatik er
bekehrer	bekehren er
sossenheimer	sossenheim er
hessin	hesse in
opernsängerin	opernsänger in
frauensenatorin	frauensenator in
gottähnlichkeit	gottähnlich keit
unbestimmbar	un bestimmen bar
widerlichkeit	widern lich keit
selbständigkeit	selbständig keit
oberstufenschüler	oberstufenschule er
arbeitssüchtig	arbeitssucht ig
ungleichmäßig	un gleichmaß ig
klavierspielerin	klavierspielen er in
maskenbildnerin	maskenbildner in
renier	renie er
führerhäuschen	führerhaus chen
schaffnerin	schaffen er in
langwellig	langwelle ig
menschheitsgeschichtlich	menschheitsgeschichte lich
augenlos	auge los
vereisung	vereisen ung
nichtswürdigkeit	nichtswürdig keit
hanifin	hanife in
verfassungsrichterin	verfassungsrichter in
ringer	ringen er
radioreporterin	radioreporter in
mannschaftlich	mannschaft lich
videokünstlerin	videokunst ler in
detailfreudig	detailfreude ig
aussperrung	aussperren ung
unternehmensberaterin	unternehmensberater in
antisemitin	antisemit in
hausjuristin	hausjurist in
haupterbin	haupterbe in
austragung	austragen ung
kunstradfahrer	kunstradfahren er
zurechnungsfähigkeit	zurechnungsfähig keit
schimpflich	schimpf lich
masochistin	masochist in
chiffrierung	chiffre ier ung
haarschneider	haarschneiden er
verbindlich	verbinden lich
landshuter	landshut er
minderwertigkeit	minderwert ig keit
rückschrittlich	rückschritt lich
marktleiterin	marktleiter in
geldgierig	geldgier ig
beherbergung	beherbergen ung
lustfeindlichkeit	lustfeindlich keit
betriebswirtschaftlichkeit	betriebswirt schaft lich keit
faltblättchen	faltblatt chen
anreicherung	anreichern ung
prozentpünktchen	prozentpunkt chen
finanzplaner	finanzplan er
tänzerin	tanz er in
dachdecker	dachdecken er
moosig	moos ig
moskauerin	moskau er in
messebesucher	messebesuch er
drachenbauer	drachenbauen er
briefeschreiber	briefeschreiben er
überfütterung	überfüttern ung
kirchentagspräsidentin	kirchentagspräsident in
lieblingsschauspielerin	lieblingsschauspieler in
mädchenmörder	mädchenmord er
anklägerin	anklagen er in
spendierfreudigkeit	spendierfreude ig keit
miniaturisierung	miniatur isier ung
entseuchung	entseuchen ung
chemotechnikerin	chemotechniker in
besorgung	besorgen ung
wirtschaftsverträglich	wirtschaftsvertrag lich
kenner	kennen er
autoteiler	autoteilen er
schaulustig	schaulust ig
flensburgerin	flensburg er in
innergewerkschaftlich	inner gewerkschaft lich
amsterdamerin	amsterdam er in
gesangslehrerin	gesangslehrer in
kleinlein	klee in lein
lumpig	lumpen ig
verwundung	verwunden ung
massenschlächter	massenschlacht er
frankenberger	frankenberg er
endlich	ende lich
rechtsmißbräuchlich	rechtsmißbrauch lich
musikliebhaberin	musikliebhaber in
südpfälzer	südpfalz er
aufsetzer	aufsetzen er
großfarmer	großfarm er
militärtransporter	militärtransport er
steinhäger	steinhagen er
theorielos	theorie los
weiterzahlung	weiterzahlen ung
unbeweglichkeit	un bewegen lich keit
mulattin	mulatte in
verpflegung	verpflegen ung
gleichgeschlechtlicher	gleichgeschlechtlich e n er
godesberger	godesberg er
kampftrinker	kampftrinken er
baggerfahrer	baggerfahren er
werbeleiterin	werbeleiter in
deutschfreundlichkeit	deutschfreundlich keit
heilsgeschichtlich	heilsgeschichte lich
skandinavierin	skandinavien er in
entwickler	entwickeln er
stadtpräsidentin	stadtpräsident in
weiterverfolgung	weiterverfolgen ung
unbestechlichkeit	un bestechen lich keit
graphiker	graphik er
krisenanfälligkeit	krisenanfällig keit
gefährtin	gefährte in
freizeitspieler	freizeitspiel er
beifahrerin	beifahrer in
fischverkäuferin	fischverkäufer in
charlottenburger	charlottenburg er
widerspiegelung	widerspiegeln ung
kringelig	kringel ig
entzauberung	ent zauber ung
grillwürstchen	grillwurst chen
berufsfähigkeit	berufsfähig keit
rekordnationalspielerin	rekordnationalspieler in
biomechaniker	biomechanik er
umrechnung	umrechnen ung
kommissarin	kommissar in
arbeitstäglich	arbeitstag lich
unbeständigkeit	un beständig keit
spätromantiker	spätromantik er
zweifler	zweifeln er
vortäuschung	vortäuschen ung
liederbüchlein	liederbuch lein
ackerbauer	ackerbau er
gewaltlos	gewalt los
zivilisationskritiker	zivilisationskritik er
kleidung	kleiden ung
integrationsfähigkeit	integrationsfähig keit
kulturpolitikerin	kulturpolitik er in
bergbauer	bergbau er
ernährungsberaterin	ernährungsberater in
regionalpolitiker	regionalpolitik er
aufdringlichkeit	aufdringlich keit
jungarbeiterin	jungarbeiter in
goldmedaillengewinnerin	goldmedaillengewinn er in
rummelsburger	rummelsburg er
bordellbesitzerin	bordellbesitzer in
umbildung	umbilden ung
leidenschaftlichkeit	leiden schaft lich keit
fehlerlos	fehlen er los
segler	segeln er
oberhausener	oberhausen er
beitragspflichtig	beitragspflicht ig
parteigängerin	parteigänger in
antiquitätenhändlerin	antiquitätenhändler in
neubauer	neubauen er
klärung	klären ung
jugendrichterin	jugendrichter in
starterin	starten er in
unselbständigkeit	un selbständig keit
untersuchungsleiterin	untersuchungsleiter in
reiser	reisen er
umgehung	umgehen ung
vergünstigen	ver gunst ig
umschlingung	umschlingen ung
hirschberger	hirschberg er
südwürttemberger	südwürttemberg er
innenministerin	innenminister in
sozialversicherungspflichtig	sozialversicherungspflicht ig
verabredung	verabreden ung
zauberin	zauber in
nutzbar	nutzen bar
käsig	käsen ig
menschenrechtlich	menschenrecht lich
schwächung	schwächen ung
aufklärer	aufklären er
landeskonservatorin	landeskonservator in
badener	baden er
verkündigung	verkündigen ung
zeichnung	zeichnen ung
schulsprecherin	schulsprecher in
pünktlichkeit	pünktlich keit
kaiserzeitlich	kaiserzeit lich
südlich	süd lich
denkmalsschützer	denkmalsschutz er
oppositionspolitiker	oppositionspolitik er
rückdatierung	rückdatieren ung
neukäufer	neukauf er
internierung	intern e ier ung
absenderin	absenden er in
akkordarbeiter	akkordarbeit er
architektin	architekt in
wiedererstarkung	wiedererstarken ung
schotter	schotten er
freundschaftlich	freund schaft lich
tierschützerin	tierschutz er in
schlückchen	schluck chen
mißlichkeit	miß lich keit
anlageberaterin	anlageberater in
brummer	brummen er
sonderberichterstatterin	sonderberichterstatter in
haltbarkeit	halten bar keit
pausbäckig	pausback ig
freiberuflerin	freiberufler in
fehlstarter	fehlstart er
reservierung	reserve ier ung
betrüblich	betrüben lich
hauptorganisatorin	hauptorganisator in
benzin	benz in
unbarmherzigkeit	un barmherzig keit
volkstänzer	volkstanzen er
bundesbanker	bundesbank er
heilslehrer	heilslehre er
reiseunfähigkeit	reiseunfähig keit
englischlehrerin	englischlehrer in
münstertaler	münstertal er
autoknacker	autoknacken er
lagerfähigkeit	lagerfähig keit
gerichtsmediziner	gerichtsmedizin er
unermüdlichkeit	unermüdlich keit
pfarramtlich	pfarramt lich
ausschabung	ausschaben ung
flügelspielerin	flügelspiel er in
regierungssprecherin	regierungssprecher in
unmittelbar	un mitteln bar
bewirtung	bewirten ung
entrümpelung	entrümpeln ung
institutsleiterin	institutsleiter in
unredlichkeit	un reden lich keit
unsachlichkeit	un sache lich keit
skizzierung	skizze ier ung
hamburgerin	hamburg er in
gabelung	gabeln ung
saisonarbeiterin	saisonarbeit er in
aufnahmeleiterin	aufnahmeleiter in
verwaltungschefin	verwaltungschef in
lebensweltlich	lebenswelt lich
ungläubig	un glauben ig
sicherheitspolitiker	sicherheitspolitik er
laxenburger	laxenburg er
schußwaffenbesitzer	schußwaffenbesitz er
grimmigkeit	grimm e ig keit
verbrennung	verbrennen ung
bewegungsunfähigkeit	bewegungsunfähig keit
landesjugendpfarrerin	landesjugendpfarrer in
inhaberin	inhaber in
bulgarin	bulgare in
osttiroler	osttirol er
unterernährung	unterernähren ung
straßensozialarbeiter	straßensozialarbeit er
prager	prag er
auflehnung	auflehnen ung
schuppig	schuppen ig
medienwirksamkeit	medienwirksam keit
umweltingenieurin	umweltingenieur in
versöhnlichkeit	versöhnen lich keit
bittstellerin	bittsteller in
amateurin	amateur in
kaufbar	kaufen bar
beschämung	beschämen ung
koller	koll er
verbürgerlichen	ver bürgen lich
kursgewinner	kursgewinn er
schnüfflerin	schnüffeln er in
drangsalierung	drangsal ier ung
amtsinhaberin	amtsinhaber in
polizeilich	polizei lich
vollbelegung	vollbelegen ung
vernichtung	ver nichte ung
umweltsenatorin	umweltsenator in
strahler	strahlen er
vorjährig	vorjahr ig
schloßherrin	schloßherr in
großräumig	großraum ig
klosterschülerin	klosterschule er in
belästigung	belästigen ung
weihung	weihen ung
zollbeamtin	zollbeamte in
vollbeschäftigung	vollbeschäftigen ung
fusionierung	fusion ier ung
verdauung	verdauen ung
theaterpädagogin	theaterpädagoge in
blockspieler	blockspiel er
sympathieträgerin	sympathieträger in
bedingung	bedingen ung
enthaltung	enthalten ung
firmenrechtlich	firmenrecht lich
uter	ute er
übertreiber	übertreiben er
bildungspolitiker	bildungspolitik er
mundartlich	mundart lich
wasserträger	wassertragen er
lehramtlich	lehramt lich
einflußlos	einfluß los
hüllenlos	hüllen los
stiefmütterlich	stiefmutter lich
innsbrucker	innsbruck er
gelenkig	gelenk ig
eisesser	eisesse er
armlos	arm e los
abgabepflichtig	abgabepflicht ig
fachpolitiker	fachpolitik er
optikerin	optik er in
schwankung	schwanken ung
pilsner	pilsen er
freiin	frei e in
programmdirektorin	programmdirektor in
zeugungsunfähigkeit	zeugungsunfähig keit
industriestädtchen	industriestadt chen
holztürmchen	holzturm chen
gutachtlich	gutachten lich
kleintierzüchter	kleintierzucht er
sozialexpertin	sozialexperte in
liechtensteiner	liechtenstein er
obrigkeitsstaatlich	obrigkeitsstaat lich
eifelstädtchen	eifelstadt chen
notschlachtung	notschlachten ung
unabhängigkeit	un abhängen ig keit
verfolgung	verfolgen ung
schwarzhaarig	schwarzhaar ig
vergebung	vergeben ung
gesellschaftswissenschaftlich	gesellschaftswissenschaft lich
beschlagnahmung	beschlagnahmen ung
johannstädter	johannstadt er
geschäftspartnerin	geschäftspartner in
kreuzbergerin	kreuzberg er in
messestädter	messestadt er
auskunftsfreudigkeit	auskunftsfreude ig keit
mittelstürmerin	mittelstürmer in
dörflich	dorf lich
staatsfeindlich	staatsfeind lich
nachnominierung	nachnominieren ung
abhängig	abhängen ig
liebeslyriker	liebeslyrik er
düsseldorfer	düsseldorf er
hinderung	hindern ung
parteifunktionärin	parteifunktion är in
spargelstecher	spargelstechen er
schmalzbrötchen	schmalzbrot chen
tabakbauer	tabakbau er
klatschreporterin	klatschreporter in
moldauer	moldau er
wollenberger	wollenberg er
geschichtslehrerin	geschichtslehrer in
lackiererin	lack ier er in
verrußung	ver ruß ung
ukrainer	ukraine er
raubkopierer	raubkopieren er
außenangreiferin	außenangreifer in
staatssekretärin	staatssekretär in
pfullinger	pfullingen er
borussin	borusse in
pharmakologin	pharmakologe in
schaltung	schalten ung
wagenbauer	wagenbau er
disziplinarrechtlich	disziplinarrecht lich
umsiedelung	umsiedeln ung
kneipenwirtin	kneipenwirt in
besetzerin	besetzen er in
kraushaarig	kraushaar ig
einsatzplaner	einsatzplan er
herausbildung	herausbilden ung
unterrichtlich	unterrichten lich
rechtspolitiker	rechtspolitik er
bürochefin	bürochef in
radiomacherin	radiomachen er in
kurstädter	kurstadt er
prediger	predigen er
kunstfertigkeit	kunstfertig keit
hongkonger	hongkong er
saarbrückerin	saarbrücken er in
dotierung	dotieren ung
sprachgewaltig	sprachgewalt ig
dresdner	dresden er
jurysprecherin	jurysprecher in
pokerspieler	pokerspiel er
kameradschaftlichkeit	kamerad schaft lich keit
bewegung	bewegen ung
doppelsieger	doppelsieg er
züricherin	zürich er in
nachehelich	nach ehe lich
bieter	bieten er
architekturstudentin	architekturstudent in
verselbständigung	ver selbständig ung
trickbetrüger	trickbetrug er
tricktechniker	tricktechnik er
erstattung	erstatten ung
vernachlässigen	ver nachlassen ig
heidenheimer	heidenheim er
asiatin	asiate in
spitzenverdienerin	spitzenverdiener in
grundeigentümer	grundeigentum er
spendenfreudigkeit	spendenfreude ig keit
kölnerin	köln er in
anlehnung	anlehnen ung
weinleser	weinlese er
lobsänger	lobsang er
nachmittagsschläfchen	nachmittagsschlaf chen
säuberung	säubern ung
heizbar	heizen bar
waldshuter	waldshut er
spritzigkeit	spritzen ig keit
bundesvorstandssprecherin	bundesvorstandssprecher in
übergewichtig	übergewicht ig
kokainsüchtig	kokainsucht ig
visapflichtig	visapflicht ig
bolivianerin	bolivianer in
bildungsministerin	bildungsminister in
geräumigkeit	ge raume keit
beschränkung	beschränken ung
bedürfnislos	bedürfen nis los
zürcherin	zürcher in
rollschuhfahrer	rollschuhfahren er
blockierer	block ier er
erreger	erregen er
querflötistin	querflöte ist in
vollstrecker	vollstrecken er
kriminaldirektorin	kriminaldirektor in
marktführerin	marktführer in
partnerschaftlich	partner schaft lich
vermehrungsfähigkeit	vermehrungsfähig keit
denkmöglichkeit	denkmöglich keit
vilbeler	vilbel er
schürer	schur er
hauptberuflich	hauptberuf lich
geldfälscher	geldfälschen er
versuchung	versuchen ung
ziellos	ziel los
strafgerichtlich	strafgericht lich
betriebsärztlich	betriebsarzt lich
nachwuchsregisseurin	nachwuchsregisseur in
bereitwilligkeit	bereitwillig keit
pflasterung	pflastern ung
ponyreiter	ponyreiten er
hochschulabsolventin	hochschulabsolvent in
jungforscherin	jungforscher in
abzahlung	abzahlen ung
projektteilnehmerin	projektteilnehmer in
abgängig	abgang ig
wortführerin	wortführer in
artenschützer	artenschutz er
kampflos	kampf los
quäker	quaken er
jugendschöffin	jugendschöffe in
nebenamtlich	nebenamt lich
nachqualifizierung	nachqualifizieren ung
besiedelung	besiedeln ung
beziehung	beziehen ung
streifengänger	streifengang er
gewerkschaftsfeindlichkeit	gewerkschaftsfeindlich keit
umsetzung	umsetzen ung
stadtförster	stadtforst er
charakterdarstellerin	charakterdarsteller in
anmeldung	anmelden ung
mecklenburger	mecklenburg er
trotzig	trotzen ig
umweltexpertin	umweltexperte in
özer	özen er
arzneimittelrechtlich	arzneimittelrecht lich
oberhauser	oberhausen er
spastikerin	spastiker in
ausstrahlung	aus strahl ung
trennung	trennen ung
begehung	begehen ung
eßbarkeit	eßbar keit
ausbildungsleiterin	ausbildungsleiter in
pelztierzüchter	pelztierzucht er
kleidchen	kleid chen
strafprozeßrechtlich	strafprozeßrecht lich
änderung	ändern ung
geldeintreiber	geldeintreiben er
stimmung	stimmen ung
wohnungsinhaberin	wohnungsinhaber in
kreisläuferin	kreislauf er in
unterhaltung	unterhalten ung
neuanfänger	neuanfangen er
istanbuler	istanbul er
lieblingssängerin	lieblingssänger in
verlagschefin	verlagschef in
zwischenstaatlich	zwischen staat lich
kurvig	kurven ig
prüferin	prüfen er in
australier	australien er
begutachtung	begutachten ung
schaltbar	schalten bar
barockschlößchen	barockschloß chen
briefeschreiberin	briefeschreiben er in
kurier	kuri er
fließbandarbeiter	fließbandarbeit er
flugmediziner	flugmedizin er
landwirtschaftsexpertin	landwirtschaftsexperte in
schulmediziner	schulmedizin er
auffrischung	auffrischen ung
insolvenzrechtlich	insolvenzrecht lich
regung	regen ung
vogelschauer	vogelschau er
böblinger	böblingen er
abnutzung	ab nutz ung
filmschauspielerin	filmschauspieler in
vertreibung	vertreiben ung
zwischenlandung	zwischenlanden ung
spangenberger	spangenberg er
barmherzigkeit	barmherzig keit
auswahlspielerin	auswahlspiel er in
sieglos	siegen los
messechefin	messechef in
städtebauer	städtebau er
geigenspielerin	geigenspiel er in
unternehmenssprecherin	unternehmenssprecher in
verkehrssünder	verkehrssünde er
vornehmlich	vornehm lich
rollerfahrerin	rollerfahrer in
kunstjournalistin	kunstjournalist in
jugendbildungsreferentin	jugendbildungsreferent in
alternativlos	alternative los
giftmörder	giftmord er
natürlichkeit	natürlich keit
fortschrittsfeindlichkeit	fortschrittsfeindlich keit
geheimpolizeilich	geheimpolizei lich
jamaikanerin	jamaika aner in
kulturwissenschaftlich	kulturwissenschaft lich
spritzig	spritzen ig
freistilringer	freistilringen er
allgewaltig	allgewalt ig
bestallung	bestallen ung
geschmacklich	geschmack lich
marcin	marc in
kurstädtchen	kurstadt chen
normung	normen ung
reservistin	reserve ist in
verabreichung	verabreichen ung
familienhelferin	familienhelfer in
nachforschung	nach forsch ung
rottenburger	rottenburg er
leserlich	lese er lich
fortpflanzungsmediziner	fortpflanzungsmedizin er
öltanker	öltank er
angreifer	angreifen er
erdig	erden ig
zusammenfassung	zusammenfassen ung
skiflieger	skifliegen er
verletzung	verletzen ung
filmkünstlerin	filmkunst ler in
nachbarlich	nachbar lich
einordnung	einordnen ung
umsteiger	um steig er
leerung	leeren ung
einfügung	einfügen ung
sicherheitswächter	sicherheitswacht er
sandkörnchen	sandkorn chen
höherwertigkeit	höherwertig keit
sozialamtsleiterin	sozialamtsleiter in
unauffindbar	un auffinden bar
bausenatorin	bausenator in
rechtspolitikerin	rechtspolitik er in
umquartierung	um quartier ung
kongreßteilnehmerin	kongreßteilnehmer in
lacher	lachen er
krüger	krug er
bluesmusiker	bluesmusik er
absonderlich	absondern lich
medaillengewinner	medaillengewinn er
reformer	reform er
scharfsichtigkeit	scharfsicht ig keit
rechtlos	recht e los
banksprecherin	banksprecher in
mausig	mausen ig
dauerrivalin	dauerrivale in
wirtschaftskorrespondentin	wirtschaftskorrespondent in
verweltlichung	ver welt lich ung
erkennungsdienstlich	erkennungsdienst lich
spiegelbildlich	spiegelbild lich
bauphysiker	bauphysik er
auszeichnung	auszeichnen ung
musikgeschichtlich	musikgeschichte lich
tischnachbarin	tischnachbar in
raketenbauer	raketenbau er
überglücklich	über glück lich
dichter	dichten er
jugendbetreuerin	jugendbetreuer in
ungefährlich	ungefähr e lich
fahnenflüchtig	fahnenflucht ig
heilkräftig	heilkraft ig
perter	perten er
unwandelbarkeit	un wandeln bar keit
frauenberger	frauenberg er
gießenerin	gießen er in
kalkulierbar	kalkulieren bar
fehldeutung	fehldeuten ung
unauffälligkeit	un auffällig keit
nachwuchsläuferin	nachwuchsläufer in
demeter	demet er
prahler	prahlen er
oldenburger	oldenburg er
sozialstaatlich	sozialstaat lich
durchmesser	durchmessen er
darstellbar	darstellen bar
überdimensionierung	überdimensionieren ung
zuleitung	zuleiten ung
dokumentarfilmer	dokumentarfilm er
reaktionsfähigkeit	reaktionsfähig keit
kulturpädagogin	kulturpädagoge in
tagessieger	tagessieg er
gemeinwesenarbeiter	gemeinwesenarbeit er
halbgöttlich	halbgott lich
ingenieurwissenschaftlerin	ingenieurwissenschaft ler in
schiller	schill er
bamberger	bamberg er
zurechtweisung	zurechtweisen ung
schiedsrichterin	schiedsrichter in
schnäpschen	schnaps chen
westernreiter	westernreiten er
fernbedienung	fernbedienen ung
zementierung	zement ier ung
anpassungsfähigkeit	anpassungsfähig keit
verwitterung	verwittern ung
standesrechtlich	standesrecht lich
duisburgerin	duisburg er in
wahlbeamtin	wahlbeamte in
einmischung	einmischen ung
entstörung	entstören ung
heilbar	heilen bar
großspender	großspende er
mutwillig	mutwille ig
abrechnung	abrechnen ung
lauschig	lauschen ig
bettler	betteln er
streckung	strecken ung
bluter	bluten er
observierung	observieren ung
knochenbrecher	knochenbrechen er
homosexuellenfeindlichkeit	homosexuellenfeindlich keit
realisierbarkeit	real isier bar keit
obstverkäufer	obstverkauf er
pfarrer	pfarre er
sportwissenschaftlich	sportwissenschaft lich
heimatstädtchen	heimatstadt chen
freizeitpolitiker	freizeitpolitik er
eberstädter	eberstadt er
straßenfußballer	straßenfußball er
wipper	wippe er
hochnäsigkeit	hochnäsig keit
tagwerker	tagwerk er
tiergärtner	tiergarten er
festrednerin	festredner in
leserin	lese er in
privateigentümer	privateigentum er
hauseigentümer	hauseigentum er
wahlgewinnerin	wahlgewinn er in
schäbigkeit	schabe ig keit
plasmaspender	plasmaspende er
abmagerung	abmagern ung
talentlos	talent los
begriffsgeschichtlich	begriffsgeschichte lich
wartung	warten ung
aufwartung	aufwarten ung
weltgeschichtlich	weltgeschichte lich
drahtzieherin	drahtzieher in
gegentreffer	gegentreffen er
regelung	regeln ung
hüttenberger	hüttenberg er
vermittelbar	vermitteln bar
leichtathletin	leichtathlet in
beutegierig	beutegier ig
buchbinder	buchbinden er
haarlos	haar los
aussichtslos	aussicht los
aussagelos	aussagen e los
unzerbrechlich	un zer brechen lich
belastungsfähigkeit	belastungsfähig keit
geschlechtlich	geschlecht lich
gesellschaftlich	gesellschaft lich
politikmacher	politikmachen er
kranzberger	kranzberg er
beschädigung	beschädigen ung
manierlich	manier lich
einfriedung	einfrieden ung
mentorin	mentor in
nachsichtigkeit	nachsicht ig keit
lieferfähigkeit	lieferfähig keit
tontechniker	tontechnik er
tauberbischofsheimerin	tauberbischofsheim er in
mainburger	mainburg er
pastellfarbig	pastellfarbe ig
ersttäter	ersttat er
stimmbürgerin	stimmbürger in
syrerin	syr er in
stiernackig	stiernacken ig
aussonderung	aussondern ung
sticker	sticken er
folgerichtigkeit	folgerichtig keit
lichtung	lichten ung
blondhaarig	blondhaar ig
schauerlich	schau er lich
kurfürstin	kurfürst in
schriftlich	schrift lich
innerkirchlich	inner kirche lich
landräuber	landraub er
gesundheitsschützer	gesundheitsschutz er
verdickung	ver dick e ung
berichterstatterin	berichterstatten er in
unüberschreitbar	un überschreiten bar
haltbar	halten bar
schopflocher	schopfloch er
kunstspringer	kunstspringen er
hauswirtschafterin	hauswirt schaft er in
ausstellungsmacher	ausstellungsmachen er
dezernentin	dezernent in
drosselung	drosseln ung
unerschütterlichkeit	unerschütterlich keit
freistellung	freistellen ung
scheibchen	scheibe chen
jugendsenatorin	jugendsenator in
arretierung	arretieren ung
unehelichkeit	un ehe lich keit
übellaunigkeit	übellaunig keit
levin	lev in
geltungssüchtig	geltungssucht ig
unschicklich	un schick e lich
milderung	mildern ung
untertreibung	untertreiben ung
ungebärdigkeit	ungebärdig keit
straftäter	straftat er
allgegenwärtigkeit	allgegenwart ig keit
flieger	fliegen er
flötenspieler	flötenspiel er
kalifornier	kalifornien er
technikfeindlichkeit	technikfeindlich keit
verdammung	verdammen ung
weizenkörner	weizenkorn er
wassertröpflein	wassertropfen lein
verfehlung	ver fehl ung
oberzeller	oberzell er
popsängerin	popsänger in
klägerin	klage er in
ortspolitiker	ortspolitik er
sultanin	sultan in
köstlich	kost lich
verstopfung	verstopfen ung
ortsansässigkeit	ortsansässig keit
andersartigkeit	andersartig keit
verschlechterung	ver schlecht ung
packerin	packen er in
europakritiker	europakritik er
gebieter	gebieten er
einheitlich	einheit lich
rückkehrwillig	rückkehrwille ig
verbraucherfreundlichkeit	verbraucherfreundlich keit
umerziehung	umerziehen ung
kritikfähigkeit	kritikfähig keit
verzweiflungstäter	verzweiflungstat er
fernsehmacher	fernsehmachen er
sprachlehrer	sprachlehre er
streifig	streifen ig
nichtwähler	nichtwählen er
pforzheimer	pforzheim er
entwirrbar	entwirren bar
texanerin	texaner in
sexualverbrecher	sexualverbrechen er
überbelegung	über beleg ung
unbewohnbar	un bewohnen bar
liebkosung	liebkosen ung
wiederaufarbeitung	wiederaufarbeiten ung
abedin	abed in
universitätsöffentlichkeit	universitätsöffentlich keit
freiheitskämpferin	freiheitskampf er in
konsolidierung	konsolidieren ung
hanger	hang er
räumchen	raum chen
physikstudentin	physikstudent in
abflachung	abflachen ung
mathematikerin	mathematik er in
wirksamkeit	wirksam keit
installationskünstlerin	installationskunst ler in
verhandlungsunfähigkeit	verhandlungsunfähig keit
erscheinung	erscheinen ung
fünfzehner	fünfzehn er
kniefällig	kniefall ig
wiederauffindung	wiederauffinden ung
bademeisterin	bademeister in
hintertürchen	hintertür chen
hochspannung	hochspannen ung
unzugänglichkeit	un zugang lich keit
weiterveräußerung	weiterveräußern ung
fußgängerin	fußgänger in
angreiferin	angreifen er in
spielgefährtin	spielgefährte in
regimekritikerin	regimekritik er in
greifer	greifen er
begegnung	begegnen ung
vollbesetzung	vollbesetzen ung
lohnarbeiter	lohnarbeit er
selbstmörder	selbstmord er
kupplerin	kuppler in
unterzeichnung	unterzeichnen ung
töpferin	topf er in
krankmacher	krankmachen er
veränderbar	verändern bar
unterbezahlung	unterbezahlen ung
rudererin	rudern er in
anästhesistin	anästhesie ist in
kriegsplaner	kriegsplan er
festlegung	festlegen ung
heldin	held in
unangreifbar	un angreifen bar
kasteiung	kasteien ung
namenloser	namenlos er
sortierer	sortieren er
diskussionsfreudig	diskussionsfreude ig
zwillingspärchen	zwillingspaar chen
hornlos	horn los
lieblichkeit	lieben lich keit
fremdsprachenkorrespondentin	fremdsprachenkorrespondent in
krankenpflegeschüler	krankenpflegeschule er
rädchen	rad chen
steinhäuschen	steinhaus chen
lückenbüßerin	lückenbüßer in
regenwaldschützer	regenwaldschutz er
verklebung	ver klebe ung
sexualmediziner	sexualmedizin er
ernährungswissenschaftlerin	ernährungswissenschaft ler in
sozialisierung	sozial isier ung
benutzbar	benutzen bar
kulturbotschafter	kulturbotschaft er
ballettlehrerin	ballettlehrer in
mietrechtlich	mietrecht lich
fischerstädtchen	fischerstadt chen
ruderer	rudern er
grausig	grausen ig
medienreferentin	medienreferent in
körperlich	körper lich
bißchen	biß chen
militärexpertin	militärexperte in
lichtlos	licht e los
schwächlich	schwach e lich
europafeindlichkeit	europafeindlich keit
zugrundelegung	zugrundelegen ung
gastspieler	gastspiel er
abendschüler	abendschule er
kronzeugin	kronzeuge in
weltklassespielerin	weltklassespieler in
bewerberin	bewerben er in
maximin	maxime in
somalier	somalia er
kavaliershäuschen	kavaliershaus chen
zusammenstellung	zusammenstellen ung
ortenburger	ortenburg er
slalomfahrer	slalomfahren er
sozialplaner	sozialplan er
friedchen	fried chen
bewohnerin	bewohnen er in
chinin	che in in
diller	dille er
sanktionslos	sanktion los
berater	beraten er
norweger	norwegen er
schöntaler	schöntal er
ungenießbarkeit	un genießen bar keit
vermarktung	ver markt ung
spielberger	spielberg er
sätzchen	satz chen
unsportlich	un sport lich
geschäftsstellenleiterin	geschäftsstellenleiter in
segnung	segnen ung
vorjahressieger	vorjahressieg er
dornburger	dornburg er
bestrahlung	be strahl ung
arrondierung	arrondieren ung
kettenraucher	kettenrauchen er
reiterin	reiten er in
vermeidbar	vermeiden bar
bundestagskandidatin	bundestagskandidat in
abriegelung	abriegeln ung
schalterbeamtin	schalterbeamte in
aushöhlung	aushöhlen ung
psychoanalytikerin	psychoanalytiker in
weggefährtin	weggefährte in
umgestaltung	um gestalt ung
autoverleiher	autoverleih er
chorsängerin	chorsänger in
abstandhalter	abstandhalten er
zeitungsleserin	zeitungslesen er in
bernauer	bernau er
krimileser	krimilesen er
beschwichtigung	beschwichtigen ung
einplanung	einplanen ung
rekonvaleszentin	rekonvaleszent in
gülin	gül in
überläufer	überlaufen er
mehrheitsaktionärin	mehrheitsaktionär in
fremdarbeiter	fremdarbeit er
pendlerin	pendeln er in
weinstädter	weinstadt er
torpedierung	torpedieren ung
heuchler	heucheln er
rottenberger	rottenberg er
käfertaler	käfertal er
bauamtsleiterin	bauamtsleiter in
golffahrerin	golffahrer in
realschüler	realschule er
westbesucher	westbesuch er
gastgeberin	gastgeber in
abwanderung	abwandern ung
wirtschaftsjournalistin	wirtschaftsjournal ist in
kolorierung	kolorieren ung
gesamtheitlich	gesamt heit lich
kostümbildnerin	kostümbildner in
benutzerfreundlichkeit	benutzerfreundlich keit
blicklos	blicken los
verweiblichen	ver weib lich
zivilschützer	zivilschutz er
veränderung	verändern ung
marcellin	marcelle in
telefonanrufer	telefonanrufen er
vergnügungssüchtig	vergnügungssucht ig
nachrangig	nachrang ig
medienwissenschaftlich	medienwissenschaft lich
teemeisterin	teemeister in
oberassistentin	oberassistent in
tagelöhner	tagelohn er
bekanntmachung	bekanntmachen ung
gleichgewichtigkeit	gleichgewicht ig keit
schneelos	schnee los
väterlichkeit	vater lich keit
untergründig	untergrund ig
rudersberger	rudersberg er
polizeipraktiker	polizeipraktik er
lästerlich	laster lich
feiertäglich	feiertag lich
kurmainzer	kurmainz er
preisbindung	preisbinden ung
wiesbadenerin	wiesbaden er in
sprachkundig	sprachkunde ig
gesamtsiegerin	gesamtsieg er in
glücksschweinchen	glücksschwein chen
transportunfähigkeit	transportunfähig keit
staubkörnchen	staubkorn chen
bauarbeiterin	bauarbeit er in
parteitaktiker	parteitaktik er
lauenburger	lauenburg er
werksärztlich	werksarzt lich
wohnungswirtschaftlich	wohnungswirtschaft lich
wohnung	wohnen ung
partnerin	partner in
bogenberger	bogenberg er
winker	wink er
musikwissenschaftlerin	musikwissenschaft ler in
vollsortimenter	vollsortiment er
hausleiterin	hausleiter in
fertighäuschen	fertighaus chen
terrassierung	terrasse ier ung
malaiin	malaie in
wilhelmshavener	wilhelmshaven er
ebenmäßigkeit	ebenmaß ig keit
stadträumlich	stadtraum lich
allgemeinmediziner	allgemeinmedizin er
regierungskritiker	regierungskritik er
leidensgefährtin	leidensgefährte in
verbildlichen	ver bild lich
semin	sem in
raumfahrttechniker	raumfahrttechnik er
kriminalkommissarin	kriminalkommissar in
binnenschiffer	binnenschiff er
weltbürgerin	weltbürger in
gemächlichkeit	gemach lich keit
spurensucher	spurensuchen er
entzückung	entzücken ung
urwüchsigkeit	urwüchsig keit
verankerung	verankern ung
winterlich	winter lich
dienstunfähigkeit	dienstunfähig keit
aalener	aalen er
nachfühlbar	nach fühlen bar
marokkanerin	marokkaner in
entsorgungslager	entsorgungslage er
becker	beck er
unempfindlichkeit	un empfinden lich keit
arbeitsrechtlerin	arbeitsrecht ler in
entwurzelung	entwurzeln ung
rutschig	rutschen ig
gottesdienstbesucherin	gottesdienstbesuch er in
verschränkung	verschränken ung
nichtchristlich	nichtchrist lich
muttersprachlich	muttersprache lich
heilkundig	heilkunde ig
zuckerrohrschneider	zuckerrohrschneiden er
gesinnungsgenossin	gesinnungsgenosse in
tankstellenräuber	tankstellenraub er
befindlichkeit	befinden lich keit
fleischlich	fleisch lich
glücksspieler	glücksspiel er
teilung	teilen ung
gülser	gülsen er
leuchtenberger	leuchtenberg er
alterspräsidentin	alterspräsident in
zustimmungsbedürftigkeit	zustimmungsbedürftig keit
rückversicherung	rückversichern ung
bücherschreiber	bücherschreiben er
verwünschung	verwünschen ung
leichtfüßig	leichtfuß ig
weichlich	weich lich
lehrgangsleiterin	lehrgangsleiter in
allgemeinverständlichkeit	allgemeinverständlich keit
uneinigkeit	un eine ig keit
besuchbar	besuchen bar
wiederauferstehung	wiederauferstehen ung
pionierleiterin	pionierleiter in
aushilfsarbeiter	aushilfsarbeit er
verteilung	verteilen ung
rückversicherer	rückversichern er
zähringer	zähringen er
bildjournalistin	bildjournalist in
ermittlungsrichterin	ermittlungsrichter in
wiederverwendung	wiederverwenden ung
rheintaler	rheintal er
giebelhäuschen	giebelhaus chen
bewerbung	bewerben ung
moralistin	moral ist in
urgewaltig	urgewalt ig
obstbäumchen	obstbaum chen
beeinträchtigung	beeinträchtigen ung
widerrufbar	widerrufen bar
summierung	summieren ung
rechtfertigung	rechtfertigen ung
seeberger	seebergen er
franziskanerin	franziska aner in
friseurin	friseur in
mitarbeiter	mitarbeiten er
umgänglich	umgang lich
weinberger	weinberg er
schramberger	schramberg er
unbedenklich	un bedenken lich
nivellierung	nivellieren ung
langweiler	langweilen er
denkwürdigkeit	denkwürdig keit
muffigkeit	muff ig keit
schwefelhölzchen	schwefelholz chen
unterbelichtung	unterbelichten ung
widerstandlos	widerstand los
lenin	lene in
antragsgegnerin	antragsgegner in
verwaltungsdirektorin	verwaltungsdirektor in
supertechniker	supertechnik er
gießer	gießen er
charakterisierung	charakter isier ung
fernsehregisseurin	fernsehregisseur in
wasserschlößchen	wasserschloß chen
erfahrungswissenschaftlich	erfahrungswissen schaft lich
entschuldigung	entschuldigen ung
gemeindearbeiter	gemeindearbeit er
verbandspräsidentin	verbandspräsident in
kettenraucherin	kettenrauchen er in
verproviantierung	verproviantieren ung
treuhänder	treuhand er
tödlich	tod lich
freiburgerin	freiburg er in
überdeckung	über decke ung
schichtarbeiter	schichtarbeit er
straßenkreuzer	straßenkreuz er
vormerkung	vormerken ung
bauhandwerker	bauhandwerk er
thüringerin	thüringen er in
großunternehmer	großunternehmen er
gesundschreibung	gesundschreiben ung
minuszähler	minuszahl er
kettung	ketten ung
poetin	poet in
textlos	text los
randecker	randeck er
