disastrously	disastrous ly
description	describe ion
inarticulately	inarticulate ly
celibacy	celibate cy
discipleship	disciple ship
subpoena	subpoena
demonstration	demonstrate ion
taper	taper
fruity	fruit y
painter	paint er
swat	swat
typewritten	typewritten
tyrannous	tyrant ous
impact	impact
encounter	encounter
ineligibility	ineligible ity
weirdness	weird ness
consecutively	consecutive ly
litter	litter
recalcitrancy	recalcitrant ancy
steal	steal
rationally	rational ly
peck	peck
enable	en able
repairable	repair able
inclusive	inclusion ive
metro	Metro
wind	wind
booking	booking
scrapings	scraping s
seventy	seventy
occasional	occasion al
bespoke	bespoke
revitalize	re vitalize
throughout	through out
beefy	beef y
pilchard	pilchard
unremittingly	unremitting ly
idolatrous	idolatry ous
lend	lend
disprove	dis prove
neutralization	neutralize ation
bursary	bursar y
papadum	papadum
reprint	reprint
quotable	quote able
therapeutical	therapy ical
schedule	schedule
capaciously	capacious ly
shady	shade y
tawdriness	tawdry ness
persuasion	persuade ion
boldfaced	bold face ed
phizog	phizog
skywards	skyward s
killingly	killing ly
scourge	scourge
raisin	raisin
mizzle	mizzle
methylate	methyl ate
pamphlet	pamphlet
jolly	jolly
fibrous	fibre ous
comer	come er
swollen	swollen
sheer	sheer
spoon	spoon
entangle	en tangle
sphinx	sphinx
inestimable	in estimable
outmatch	out match
subordinate	subordinate
dot	dot
sequel	sequel
astutely	astute ly
excuse	excuse
natural	natural
garret	garret
sadden	sad en
nope	nope
motto	motto
suction	suck ion
importunately	importunate ly
undermine	under mine
barm	barm
should	should
orchestrate	orchestra ate
risibility	risible ity
tenthly	tenth ly
shepherdess	shepherd ess
dissociation	dissociate ion
floral	flora al
freeborn	free born
coltishly	coltish ly
rainless	rain less
deceptively	deceptive ly
likely	likely
connective	connective
metricate	metric ate
pinstriped	pinstripe ed
neurologist	neurology ist
uselessly	useless ly
dauntless	daunt less
coke	coke
prediction	predict ion
grammar	grammar
dalesman	dale s man
sickening	sickening
synchronize	synchronous ize
supernumerary	super numerary
demagogue	demagogue
mousiness	mousy ness
marvellous	marvel ous
whiff	whiff
scandalous	scandal ous
tendril	tendril
placidity	placid ity
complainingly	complain ing ly
ineffectually	ineffectual ly
choosy	choose y
sabotage	sabotage
stun	stun
war	war
palliation	palliate ion
cackle	cackle
twinkle	twinkle
pooch	pooch
fumigate	fume ate
synthetically	synthetic ally
preciousness	precious ness
addict	addict
fully	full ly
sulphate	sulphur ate
biped	biped
spinach	spinach
sureness	sure ness
plantation	plant ation
recruit	recruit
infamous	infamy ous
track	track
peculiar	peculiar
mess	mess
feasibly	feasible ly
slackness	slack ness
creosote	creosote
plight	plight
echo	echo
desalinize	de saline ize
qualification	qualify ation
outcaste	outcaste
altruist	altruism ist
rigger	rig er
retired	retired
dreaded	dreaded
broaden	broad en
benevolently	benevolent ly
manna	manna
enlist	en list
yaw	yaw
beneficence	beneficent ence
tenderize	tender ize
ineffably	ineffable ly
arsonist	arson ist
panelling	panelling
basely	base ly
meditatively	meditative ly
grot	grot
fairness	fair ness
workableness	workable ness
triad	triad
increasingly	increase ing ly
brutishly	brutish ly
solace	solace
outlay	out lay
truss	truss
arrester	arrest er
forewarn	fore warn
juggle	juggle
grater	grate er
bounds	bounds
innately	innate ly
subatomic	sub atomic
anthropomorphic	anthropomorphism ic
industriously	industrious ly
missy	miss y
poulterer	poultry er
chauvinist	chauvinist
reliably	reliable ly
depravity	deprave ity
absently	absent ly
flaccid	flaccid
compline	compline
mention	mention
dungaree	dungaree
shy	shy
reason	reason
timely	time ly
professed	professed
falsies	false ie s
militaristically	militaristic ally
backbreakingly	backbreaking ly
selfishness	selfish ness
lynx	lynx
recommend	re commend
undercart	under cart
jig	jig
prescribed	prescribed
mothproof	mothproof
gesticulation	gesticulate ion
maddening	maddening
myopically	myopic ally
dear	dear
leaded	lead ed
pertinaciously	pertinacious ly
repellent	repellent
aggregate	aggregate
remake	re make
quietness	quiet ness
insulator	insulate or
mimetic	mimesis ic
exultation	exult ation
blackguard	blackguard
vengefully	vengeful ly
herb	herb
eurhythmic	eurhythmy ic
prompt	prompt
schist	schism ist
sue	sue
jesuitical	Jesuit ical
snout	snout
benefit	benefit
recce	recce
operative	operative
signaller	signal er
chancy	chance y
staggers	staggers
factually	factual ly
disinter	dis inter
summarily	summary ly
covert	covert
exhibitionism	exhibition ism
contiguousness	contiguous ness
further	further
prep	prep
promulgator	promulgate or
vassal	vassal
adjudication	adjudicate ion
whiteness	white ness
depressive	depression ive
clarinet	clarinet
triumphal	triumph al
fecundity	fecund ity
lustre	lustre
gingerly	gingerly
discursively	discursive ly
dowse	dowse
smoothness	smooth ness
dishonest	dis honest
boneheaded	bone head ed
falconry	falcon ry
defeatist	defeatism ist
personable	person able
nullah	nullah
horned	horn ed
pitilessly	pitiless ly
umbrella	umbrella
frond	frond
equestrian	equestrian
prosper	prosper
eaves	eaves
crocodile	crocodile
tarpaulin	tarpaulin
happen	happen
unconditionally	unconditional ly
snail	snail
informant	inform ant
propellant	propellant
personalty	personal ty
waver	wave er
convent	convent
shimmer	shimmer
psychoanalytical	psychoanalysis ical
theatre	theatre
figuratively	figurative ly
irrelevancy	irrelevant ancy
safecracker	safe crack er
volunteer	volunteer
kindle	kindle
fluently	fluent ly
uninformed	un informed
campaigner	campaign er
hatefulness	hateful ness
insertion	insert ion
droplet	drop let
sojourn	sojourn
quantitatively	quantitative ly
unstudied	un studied
equate	equal ate
intermix	inter mix
enticingly	enticing ly
pointillist	pointillism ist
sync	synchronization
jail	jail
disconnected	disconnected
minimize	minimal ize
knead	knead
torridity	torrid ity
john	john
caliphate	caliph ate
forte	forte
intumescence	intumescent ence
mentally	mental ly
stead	stead
review	re view
cordiality	cordial ity
alphabetical	alphabet ical
petrifaction	petrify ion
screed	screed
flinty	flint y
dye	dye
solidus	solidus
readdress	re address
ballooning	balloon ing
winsomeness	winsome ness
abbe	abbe
foundation	found ation
confiscatory	confiscation ory
tiresomely	tiresome ly
proprietor	propriety or
glimmer	glimmer
spam	spam
insuperably	insuperable ly
disgrace	disgrace
glad	glad
eradicable	eradicate able
fleck	fleck
verge	verge
foreknowledge	fore knowledge
nebulosity	nebulous ity
bey	bey
womanhood	woman hood
chevron	chevron
tractability	tractable ity
comfortless	comfort less
sweep	sweep
probability	probable ity
strophe	strophe
divulgence	divulge ence
floor	floor
vulnerability	vulnerable ity
griper	gripe er
vaunter	vaunt er
realistic	realist ic
thoughtlessly	thoughtless ly
whiner	whine er
dynastic	dynasty ic
poker	poke er
repossession	repossess ion
cleverly	clever ly
unlock	un lock
retrieval	retrieve al
rankness	rank ness
double	double
temptingly	tempting ly
teeter	teeter
cutlass	cutlass
alternately	alternate ly
musically	musical ly
scrappy	scrap y
purport	purport
outstay	out stay
fraudulence	fraudulent ence
fours	fours
rock	rock
attar	attar
adoration	adore ation
astir	astir
fuck	fuck
plaint	plaint
stoppage	stop age
deviousness	devious ness
bulbous	bulb ous
strait	strait
faintly	faint ly
wearable	wear able
llama	llama
catch	catch
antiseptic	antiseptic
clippers	clippers
trackless	track less
bisexuality	bisexual ity
tritely	trite ly
epicurean	epicure an
road	road
scoopful	scoop ful
necrophilism	necrophile ism
pasty	pasty
hollowly	hollow ly
slogan	slogan
incubation	incubate ion
topgallant	topgallant
corrosion	corrode ion
speechless	speech less
cruise	cruise
stammering	stammering
corvee	corvee
fearsome	fear some
mural	mural
stammer	stammer
insolvent	in solvent
footslogging	footslogging
habitable	habitation able
trait	trait
reformatory	reformation ory
timothy	timothy
eff	eff
resourcefulness	resourceful ness
gorgeous	gorge ous
highly	high ly
unnecessarily	unnecessary ly
cheap	cheap
councillor	council or
superior	superior
tracked	track ed
assassination	assassinate ion
jejunely	jejune ly
gaminess	gamy ness
terminal	terminus al
unsexed	unsexed
conditional	conditional
ceremonially	ceremonial ly
reportage	report age
stupor	stupor
crypt	crypt
garble	garble
inactively	inactive ly
paternalistically	paternalistic ally
disconcert	dis concert
mildness	mild ness
similarly	similar ly
cerebrally	cerebral ly
deletion	delete ion
masturbation	masturbate ion
slothfully	slothful ly
believably	believable ly
outdate	out date
thirdly	third ly
gate	gate
cunning	cunning
mugger	mug er
tediously	tedious ly
contumelious	contumely ous
underclothes	under clothes
exhilarating	exhilarating
classify	class ify
encipher	en cipher
practice	practise
flax	flax
archetypical	archetype ical
excitability	excitable ity
veranda	veranda
brinksmanship	brink s man ship
cracksman	crack s man
confab	confabulate
lapel	lapel
breeding	breeding
titan	titan
prissiness	prissy ness
format	format
locker	lock er
partial	part ial
cautiousness	cautious ness
sermonize	sermon ize
lyrical	lyric al
clutches	clutches
unbeknown	unbeknown
jockey	jockey
patella	patella
participial	participle ial
strip	strip
introverted	introvert ed
staging	staging
engaging	engaging
negotiator	negotiate or
rehash	rehash
deathlessly	deathless ly
overlap	over lap
fife	fife
furlough	furlough
gigantically	gigantic ally
goof	goof
moppet	moppet
remarkable	remark able
wish	wish
legatee	legate ee
equation	equate ion
monopolistically	monopolistic ally
mutton	mutton
sneerer	sneer er
snuffles	snuffles
tightness	tight ness
misbegotten	mis begotten
swinishly	swinish ly
cluck	cluck
mortise	mortise
rationalize	rational ize
reciprocation	reciprocate ion
laconism	laconic ism
grudge	grudge
leave	leave
masculinity	masculine ity
fiendishly	fiendish ly
entrap	en trap
rowdy	rowdy
spaciousness	spacious ness
thievishness	thievish ness
generously	generous ly
killer	kill er
pulchritudinous	pulchritude ous
recitative	recitation ive
quintal	quintal
reft	bereft
mood	mood
daydream	daydream
latinize	Latin ize
devilishly	devilish ly
pupation	pupate ion
pear	pear
diuretic	diuretic
gammon	gammon
button	button
becalmed	be calm ed
girdle	girdle
executioner	execution er
gracelessness	graceless ness
overflow	overflow
inflammatory	inflammation ory
thickly	thick ly
scolding	scolding
maxi	maximum
bustle	bustle
lightness	light ness
tress	tress
unpleasant	un pleasant
quarters	quarters
gainful	gain ful
smithy	smith y
drunk	drunk
chock	chock
scaly	scale y
incompatibility	incompatible ity
amends	amend s
nullify	null ify
genealogical	genealogy ical
dacoity	dacoit y
swimming	swimming
greyness	grey ness
freakishly	freakish ly
decadent	decadent
disfrock	dis frock
swagger	swagger
unfaltering	un faltering
immobilization	immobilize ation
march	march
incrementally	incremental ly
ungratefully	ungrateful ly
sprint	sprint
canter	canter
straightforwardly	straightforward ly
divination	divine ation
flask	flask
muscled	muscle ed
necessitous	necessity ous
dispossessed	dispossessed
steadily	steady ly
deodorant	deodorize ant
tenantry	tenant ry
damages	damages
disbeliever	disbelieve er
cloister	cloister
nimbleness	nimble ness
asphalt	asphalt
spume	spume
parer	pare er
niggling	niggling
unblushing	un blushing
science	science
dart	dart
knob	knob
etiolation	etiolate ion
brainy	brain y
stainless	stain less
archaism	archaic ism
trivialize	trivial ize
adieu	adieu
indifferent	in different
inverse	inverse
glut	glut
economic	economy ic
eats	eat s
tobacco	tobacco
fascination	fascinate ion
waffle	waffle
tasselled	tassel ed
fanfare	fanfare
pylon	pylon
expeditious	expedition ous
tenon	tenon
earthy	earth y
validate	valid ate
putt	putt
shallows	shallow s
quarrelsome	quarrel some
carillon	carillon
unassumingly	unassuming ly
purpose	purpose
omnipresence	omnipresent ence
metropolitan	metropolitan
asking	asking
suggestive	suggestion ive
artifact	artifact
talkie	talk ie
enrol	en roll
badly	bad ly
desirous	desire ous
scoff	scoff
savage	savage
brewery	brew ery
sow	sow
cashmere	cashmere
oboe	oboe
cyclist	cycle ist
denominator	denominate or
conceivable	conceive able
milch	milch
grievous	grief ous
communicable	communicate able
mend	mend
uninterruptedly	uninterrupted ly
radioactivity	radioactive ity
designate	designate
backbiter	backbite er
aft	aft
formalism	formal ism
creditable	credit able
voyeuristically	voyeuristic ally
accessory	access ory
cachet	cachet
fiddling	fiddling
loyalty	loyal ty
stingo	stingo
syndicalism	syndical ism
expressionless	expression less
eviscerate	e viscera ate
root	root
nylon	nylon
choreographer	choreography er
pitiful	pity ful
inessential	inessential
simulation	simulate ion
nil	nil
accrete	accrete
bard	bard
proud	proud
slickly	slick ly
milk	milk
toothy	tooth y
brand	brand
surpliced	surplice ed
tenuously	tenuous ly
dull	dull
harmattan	harmattan
overtures	overtures
overall	overall
incongruity	incongruous ity
moisten	moist en
neurotic	neurotic
statute	statute
viable	viable
mods	moderations
rejoicing	rejoicing
ticker	tick er
demagogic	demagogy ic
brigandage	brigand age
repute	repute
justness	just ness
east	east
gybe	gybe
presage	presage
disguise	disguise
away	away
yucca	yucca
seconds	second s
presence	present ence
boys	boys
sin	sin
blonde	blonde
subdued	subdued
barbed	barb ed
mother	mother
prospect	prospect
twofaced	two face ed
gloat	gloat
operational	operation al
salaciousness	salacious ness
fitness	fit ness
honesty	honest y
reflexive	reflexive
dew	dew
including	including
derby	derby
miaou	miaou
spin	spin
misbehave	mis behave
lurcher	lurch er
atypically	atypical ly
compilation	compile ation
canvas	canvas
lean	lean
sixteenth	sixteen th
responsiveness	responsive ness
aureola	aureola
effectiveness	effective ness
bawd	bawd
fib	fib
tartly	tart ly
roasting	roasting
ulterior	ulterior
placket	placket
pom	pom
evaluation	evaluate ion
darning	darning
pulverization	pulverize ation
authorization	authorize ation
agglomeration	agglomerate ion
forgiving	forgiving
solicitor	solicit or
holder	hold er
grating	grating
shipment	ship ment
hieroglyphic	hieroglyph ic
wanly	wan ly
palliative	palliative
humanities	humanity s
incarnate	incarnate
spareness	spare ness
wager	wage er
fez	fez
unutterably	unutterable ly
price	price
resonator	resonate or
wrest	wrest
adulterate	adultery ate
curtain	curtain
penalty	penal ty
incarnation	incarnate ion
inexpressibly	inexpressible ly
slumbrous	slumber ous
onside	onside
tubful	tub ful
spoil	spoil
niggler	niggle er
bruising	bruising
grudging	grudging
sacrificial	sacrifice ial
unstop	un stop
deacon	deacon
chilly	chill y
pathological	pathology ical
phoney	phoney
cornered	cornered
leftist	leftist
attributive	attribute ive
vindictively	vindictive ly
tensely	tense ly
unfounded	un founded
intentionally	intentional ly
fluoridization	fluoridize ation
earliness	early ness
listenable	listen able
snuffer	snuff er
freckled	freckle ed
early	early
narcissus	narcissus
centrifugal	centrifuge al
sorrowful	sorrow ful
possessed	possessed
monolithically	monolithic ally
infrequently	infrequent ly
barely	bare ly
gist	gist
humorously	humorous ly
stuffiness	stuffy ness
fructification	fructify ation
teaspoonful	teaspoon ful
abundantly	abundant ly
weed	weed
synthetic	synthesis ic
mutiny	mutiny
fifteenth	fifteenth
emeritus	emeritus
greenishness	greenish ness
glide	glide
sleet	sleet
shall	shall
tyrannical	tyrant ical
stripe	stripe
snifter	snifter
plum	plum
substantival	substantive al
rationalist	rationalism ist
expedition	expedite ion
facileness	facile ness
hazardousness	hazardous ness
predetermination	predetermine ation
realty	real ty
specificity	specific ity
tod	tod
demoralize	de moral ize
barbaric	barbarian ic
cliched	cliche ed
lidless	lid less
memoirs	memoirs
demonstrably	demonstrable ly
squat	squat
cartographer	cartography er
palatable	palate able
spar	spar
proclamation	proclaim ation
rigorously	rigorous ly
send	send
faithlessly	faithless ly
razzle	razzle
inactivate	inactive ate
curio	curio
lard	lard
smell	smell
clandestinely	clandestine ly
ninetieth	ninety th
dejection	deject ion
strapless	strap less
assail	assail
remover	remove er
going	going
prod	prod
slimming	slimming
furiousness	furious ness
prone	prone
beholder	behold er
victoriously	victorious ly
lyceum	lyceum
nightly	nightly
knout	knout
synchronization	synchronize ation
hag	hag
rotary	rotary
uneconomical	un economical
distiller	distil er
stamen	stamen
hear	hear
zee	zee
surgically	surgical ly
engagingly	engaging ly
noble	noble
provisional	provision al
profitlessly	profitless ly
widowed	widow ed
generator	generate or
faddish	fad ish
botanize	botany ize
packed	packed
poetic	poet ic
bird	bird
alimentary	aliment ary
wetness	wet ness
eyelet	eye let
till	till
unbecomingly	unbecoming ly
genus	genus
griddle	griddle
nearsighted	near sight ed
heterosexual	heterosexual
bowler	bowl er
let	let
placed	placed
crane	crane
hospitalize	hospital ize
exasperatedly	exasperated ly
heuristically	heuristic ally
dour	dour
superintend	super intend
writing	writing
insolence	insolent ence
subtitle	sub title
frighten	fright en
adequately	adequate ly
bifocals	bifocal s
grower	grow er
overmantel	over mantel
namely	name ly
sportsman	sport s man
fair	fair
parasitic	parasite ic
goner	gone er
spoof	spoof
separatist	separate ist
saurian	saurian
federalist	Federalist
bilingual	bilingual
viciously	vicious ly
plastering	plaster ing
chop	chop
veining	vein ing
duster	dust er
imperialist	imperialist
snake	snake
slangily	slangy ly
predestine	pre destine
causation	cause ation
unearthly	un earthly
dashing	dashing
frown	frown
stork	stork
personation	personate ion
undernourish	under nourish
number	number
peremptorily	peremptory ly
consolidation	consolidate ion
epaulet	epaulet
harshness	harsh ness
dovetail	dovetail
address	address
cuirass	cuirass
squalidly	squalid ly
fortuitously	fortuitous ly
renewal	renew al
incapability	incapable ity
well	well
shorten	short en
squirt	squirt
wheezy	wheeze y
aeronautics	aeronautic s
limn	limn
leggy	leg y
prefix	pre fix
arrack	arrack
republican	republic an
mane	mane
introductory	introduction ory
violoncellist	violoncello ist
seigneur	seigneur
reproof	reproof
atom	atom
relentless	relent less
lyrically	lyrical ly
grape	grape
twitterer	twitter er
coldness	cold ness
surveying	surveying
poisoner	poison er
afore	afore
recurve	re curve
invincibly	invincible ly
priestlike	priest like
rejig	re jig
tempo	tempo
completely	complete ly
miserliness	miserly ness
undercut	under cut
turps	turps
insurmountable	in surmountable
dogmatically	dogmatic ally
housebreaker	house break er
facilely	facile ly
pod	pod
tec	detective
complicated	complicated
cringe	cringe
foal	foal
bedaub	be daub
rustiness	rusty ness
loudspeaker	loud speak er
refutable	refute able
skip	skip
servo	servo
servility	servile ity
ruminative	rumination ive
cos	cos
attentiveness	attentive ness
visually	visual ly
graduation	graduate ion
stanch	stanch
concubinage	concubine age
glossy	gloss y
unimpeachably	unimpeachable ly
biff	biff
uniquely	unique ly
clamour	clamour
lawyer	law er
politics	politic s
appellant	appellant
ingeniously	ingenious ly
saurian	Sauria an
cad	cad
raft	raft
lie	lie
rubbish	rubbish
gaudily	gaudy ly
gratis	gratis
shitty	shit y
roll	roll
shaving	shaving
disarray	dis array
immaturity	immature ity
brandy	brandy
calculus	calculus
tambourine	tambour ine
presumptively	presumptive ly
clubbable	club able
perishingly	perishing ly
incumbent	incumbent
forthrightness	forthright ness
spring	spring
cerise	cerise
cussed	cussed
sub	sub
barbarously	barbarous ly
cold	cold
ticket	ticket
concomitant	concomitant
disdainfully	disdainful ly
oceanographer	oceanography er
softy	soft y
fable	fable
ordain	ordain
portraitist	portrait ist
sheepishness	sheepish ness
storm	storm
cosiness	cosy ness
posit	posit
comb	comb
glittering	glittering
blouse	blouse
expectant	expect ant
integrally	integral ly
vindication	vindicate ion
shred	shred
kinetics	kinetic s
relativistic	relativity ic
shank	shank
clamorously	clamorous ly
detergent	detergent
rains	rains
clanger	clang er
lexical	lexicon al
garage	garage
splits	splits
parsimoniousness	parsimonious ness
laurelled	laurel ed
suspenders	suspenders
harlotry	harlot ry
obligation	oblige ation
freemasonry	Freemason ry
calculating	calculating
anachronistic	anachronism ic
probate	probate
noiseless	noise less
asthmatic	asthma ic
boner	bone er
rake	rake
vertically	vertical ly
effusiveness	effusive ness
nutritiously	nutritious ly
downer	down er
forge	forge
trail	trail
channel	channel
titillation	titillate ion
costing	costing
prophetess	prophet ess
flute	flute
millionfold	millionfold
inanimately	inanimate ly
budding	budding
windless	wind less
merciful	mercy ful
honorific	honorific
muckle	muckle
lands	lands
opportunism	opportune ism
selectively	selective ly
algebra	algebra
sensitivity	sensitive ity
episcopalian	episcopalian
determiner	determine er
culvert	culvert
fastness	fast ness
fret	fret
aspersion	asperse ion
forehead	fore head
itch	itch
deed	deed
whereat	whereat
misbehaved	misbehaved
asp	asp
bewail	be wail
hark	hark
dipper	dip er
undomesticated	un domesticated
reciter	recite er
arduously	arduous ly
hundredth	hundredth
polder	polder
dynamically	dynamic ally
immensity	immense ity
surefooted	sure foot ed
satyric	satyr ic
gibe	gibe
canalization	canalize ation
brawn	brawn
sluggishness	sluggish ness
redress	re dress
stylistic	stylist ic
rich	rich
emphatically	emphatic ally
gird	gird
tufted	tuft ed
leash	leash
beatification	beatify ation
corroborative	corroboration ive
tigerish	tiger ish
cheerful	cheer ful
embarrassing	embarrassing
telegraphic	telegraph ic
insupportable	in supportable
poove	poove
barrelled	barrelled
supertax	super tax
microfilm	microfilm
illusionist	illusion ist
homey	home y
fortunately	fortunate ly
medlar	medlar
sympathies	sympathies
pliers	ply er s
nattily	natty ly
strategically	strategic ally
pouf	pouf
constructor	construct or
sticker	stick er
suavely	suave ly
obliquely	oblique ly
tight	tight
acidulous	acidulate ous
domestically	domestic ally
subtly	subtle ly
uprising	up rise ing
discovery	discover ery
feed	feed
largeish	large ish
trombonist	trombone ist
topper	top er
harass	harass
soil	soil
answer	answer
gluttony	glutton y
guiltless	guilt less
westwards	westward s
inscription	inscribe ion
ideal	ideal
pluralism	plural ism
roofless	roof less
unrelenting	un relenting
thereunder	there under
hypnotist	hypnotism ist
flannels	flannels
arithmetician	arithmetic ian
confrontation	confront ation
gladly	glad ly
nadir	nadir
believer	believe er
bookishly	bookish ly
horse	horse
direfully	direful ly
unseemliness	unseemly ness
longitudinal	longitude al
psychokinetically	psychokinetic ally
raglan	raglan
influentially	influential ly
bulb	bulb
doubt	doubt
underworld	under world
suspension	suspend ion
hermetically	hermetic ally
fay	fay
statesman	state s man
buckle	buckle
salivation	salivate ion
prepack	pre pack
adoringly	adoring ly
cohesive	cohesion ive
sallow	sallow
ness	ness
elaboration	elaborate ion
wedded	wedded
heathenish	heathen ish
gamboge	gamboge
diadem	diadem
lividly	livid ly
busby	busby
grasp	grasp
char	charwoman
tare	tare
biscuit	biscuit
fruit	fruit
inalienable	in alienable
platonically	platonic ally
groggily	groggy ly
anchoress	anchorite ess
indecipherably	indecipherable ly
phonetics	phonetic s
indignity	in dignity
unguarded	un guarded
bestowal	bestow al
murderous	murder ous
efficaciously	efficacious ly
snobbishly	snobbish ly
seminar	seminar
differently	different ly
premonition	pre monition
pekoe	pekoe
respect	respect
respectable	respect able
intelligence	intelligent ence
animal	animal
befog	be fog
obviously	obvious ly
adhesive	adhesive
gravel	gravel
verruca	verruca
ground	ground
inflexibly	inflexible ly
palais	palais
motive	motive
cable	cable
rompers	rompers
accusing	accusing
engineer	engineer
laboriousness	laborious ness
depravation	deprave ation
doltish	dolt ish
monstrously	monstrous ly
openheartedly	openhearted ly
vat	vat
apple	apple
intercession	intercede ion
incursion	incur ion
wonderfully	wonderful ly
chirpiness	chirpy ness
nutcracker	nut crack er
liquor	liquor
pith	pith
diffidently	diffident ly
ethyl	ethyl
coldly	cold ly
wonted	wont ed
marijuana	marijuana
gaucho	gaucho
pace	pace
benightedly	benighted ly
urbanely	urbane ly
helping	helping
bargee	barge ee
smelliness	smelly ness
seductively	seductive ly
mum	mum
modesty	modest y
materialistic	materialist ic
premier	premier
oratory	oration ory
datum	datum
emotion	emote ion
absorption	absorb ion
fleetingly	fleeting ly
forepart	fore part
advisory	advise ory
cabin	cabin
unkindly	unkind ly
least	least
drawl	drawl
unplayable	un playable
vociferousness	vociferous ness
unpick	un pick
remould	remould
priest	priest
apache	apache
asthmatically	asthmatic ally
ostrich	ostrich
beaut	beaut
debauch	debauch
poisonously	poisonous ly
cola	cola
donkey	donkey
dashed	dashed
rage	rage
bean	bean
cyclostyle	cyclostyle
mercurially	mercurial ly
millinery	milliner ery
menstruation	menstruate ion
snappish	snap ish
paternally	paternal ly
childishness	childish ness
inebriation	inebriate ion
squabble	squabble
secretly	secret ly
introvert	introvert
pertinently	pertinent ly
motor	motor
equator	equate or
pulpit	pulpit
secularist	secularism ist
within	with in
arquebus	arquebus
heavyhearted	heavy heart ed
numerate	number ate
troublesome	trouble some
disappointedly	disappointed ly
colonizer	colonize er
dash	dash
muscatel	muscatel
hybridize	hybrid ize
pushing	pushing
grab	grab
clarify	clear ify
knobbly	knob ly
rudeness	rude ness
perniciousness	pernicious ness
generosity	generous ity
admiration	admire ation
incommunicable	in communicable
theosophist	theosophy ist
inconsiderable	in considerable
avocet	avocet
swallower	swallow er
cleanly	clean ly
desegregate	de segregate
literalness	literal ness
miner	mine er
wily	wile y
lime	lime
shaddock	shaddock
dangerous	danger ous
sis	sister
hartebeest	hartebeest
thus	thus
rickets	rickets
frugality	frugal ity
girlish	girl ish
lubricant	lubricate ant
lewdly	lewd ly
obstructionist	obstructionism ist
secure	secure
mortification	mortify ation
blithesome	blithe some
compulsion	compel ion
invalidation	invalidate ion
regretfully	regretful ly
rustproof	rustproof
compensation	compensate ion
feline	feline
gallant	gallant
either	either
step	step
confidence	confident ence
assassinate	assassin ate
sublieutenant	sub lieutenant
blissfulness	blissful ness
polysyllabic	polysyllable ic
grass	grass
meeting	meeting
nett	nett
freehanded	free hand ed
readability	readable ity
nearly	near ly
gnu	gnu
grouchiness	grouchy ness
tolerantly	tolerant ly
floridly	florid ly
inflame	in flame
jocosely	jocose ly
emotionally	emotional ly
jingo	jingo
confiscation	confiscate ion
ethos	ethos
bull	bull
twentieth	twentieth
rightist	right ist
unloosen	un loosen
untutored	un tutored
pipes	bagpipes
incorrect	in correct
tiller	till er
habitat	habitat
checkers	checkers
sneaking	sneaking
betrothed	betrothed
more	more
doggone	doggone
handful	hand ful
tear	tear
dread	dread
perennially	perennial ly
prosaic	prose ic
ton	ton
ormolu	ormolu
northeaster	northeast er
shifty	shift y
amuck	amuck
crustily	crusty ly
breech	breech
revise	revise
bounciness	bouncy ness
fundamentally	fundamental ly
faeces	faeces
sweeping	sweeping
canker	canker
definable	define able
beloved	beloved
phlegm	phlegm
enforceable	enforce able
sawyer	saw er
mooch	mooch
horrific	horrify ic
ironically	ironic ally
prey	prey
inbound	in bound
solely	sole ly
rerun	rerun
scenery	scene ery
jocularly	jocular ly
morphemic	morpheme ic
rhomboidal	rhomboid al
tempestuousness	tempestuous ness
perspicuity	perspicuous ity
rose	rose
breathiness	breathy ness
continental	continent al
depressing	depressing
squiggle	squiggle
plucky	pluck y
dissatisfy	dis satisfy
sandiness	sandy ness
intercollegiate	inter collegiate
drollness	droll ness
nationalist	nationalist
overstep	over step
ruby	ruby
currishly	currish ly
structural	structure al
lofty	loft y
damp	damp
adolescent	adolescent
manageable	manage able
final	final
monkey	monkey
thorny	thorn y
youthfully	youthful ly
law	law
conviviality	convivial ity
long	long
prowess	prowess
yodel	yodel
buhl	buhl
chantry	chant ry
modally	modal ly
rag	rag
petition	petition
commercialism	commercial ism
oust	oust
autumnal	autumn al
festivity	festive ity
stash	stash
tidy	tidy
dimness	dim ness
alchemist	alchemy ist
interdenominational	inter denominational
monarchist	monarchist
objective	objective
badness	bad ness
spotlessness	spotless ness
prickly	prickle y
capitalist	capitalist
thievishly	thievish ly
fictionalization	fictionalize ation
mauve	mauve
scene	scene
jellaba	jellaba
illume	illume
money	money
writhe	writhe
compression	compress ion
indigence	indigent ence
gruesomely	gruesome ly
paralytic	paralytic
chill	chill
axiomatically	axiomatic ally
imaginable	imagine able
versify	verse ify
eighteen	eighteen
cordial	cordial
tenderness	tender ness
trepan	trepan
fit	fit
mote	mote
remorselessly	remorseless ly
shallowly	shallow ly
freedom	free dom
deforest	de forest
surprisedly	surprised ly
pecuniarily	pecuniary ly
fortifiable	fortify able
educationally	educational ly
automatically	automatic ally
kwacha	kwacha
other	other
electoral	elector al
octavo	octavo
substantiation	substantiate ion
morphine	morphia ine
unlawful	un lawful
end	end
chaff	chaff
refine	re fine
gudgeon	gudgeon
judge	judge
kernel	kernel
disable	dis able
generality	general ity
expediently	expedient ly
stud	stud
bypass	bypass
nonconformism	non conform ism
oversell	over sell
schizophrenic	schizophrenia ic
nonstop	nonstop
agronomist	agronomy ist
ungainliness	ungainly ness
irremediably	irremediable ly
scrap	scrap
condemn	condemn
grievousness	grievous ness
prejudicial	prejudice ial
gelatin	gelatin
dissimilar	dis similar
indecisively	indecisive ly
section	section
observation	observe ation
compartmentalize	compartmental ize
scrounge	scrounge
reproachfully	reproachful ly
window	window
nought	nought
confidentially	confidential ly
tumultuous	tumult ous
undock	un dock
visitor	visit or
prime	prime
shell	shell
opulently	opulent ly
fennel	fennel
crux	crux
pouch	pouch
outride	out ride
elephantine	elephant ine
preciously	precious ly
biographically	biographical ly
beguiling	beguiling
sheila	sheila
cook	cook
casuistry	casuist ry
pupa	pupa
worrisome	worry some
indirectness	indirect ness
ponderables	ponderable s
theatrically	theatrical ly
ignite	ignite
dome	dome
monogamous	monogamy ous
quitter	quit er
indivisible	in divisible
indistinct	in distinct
angler	angle er
pox	pox
manioc	manioc
ordination	ordain ation
quietly	quiet ly
nuttiness	nutty ness
educator	educate or
cheekily	cheeky ly
pinch	pinch
slum	slum
appro	approval
flutter	flutter
velar	velar
temperamental	temperament al
posturing	posturing
evaporation	evaporate ion
electromagnetic	electromagnet ic
plough	plough
county	count y
rare	rare
avert	avert
credulousness	credulous ness
ewe	ewe
impertinently	impertinent ly
casing	casing
mineralogist	mineralogy ist
halibut	halibut
tacitly	tacit ly
warmth	warm th
nefariousness	nefarious ness
skein	skein
thermal	therm al
declaratory	declaration ory
fatuously	fatuous ly
blissful	bliss ful
sidetrack	sidetrack
swill	swill
astride	astride
freewheel	free wheel
interpolation	interpolate ion
blindness	blind ness
roguish	rogue ish
numeral	numeral
rambunctiously	rambunctious ly
moulder	mould er
chicle	chicle
found	found
nitrate	nitre ate
inviolable	in violable
rubberneck	rubberneck
acceptation	accept ation
cohesion	cohere ion
belt	belt
fatefully	fateful ly
comically	comic ally
parsimonious	parsimony ous
overcrop	over crop
lack	lack
takings	taking s
uncommonly	uncommon ly
sombre	sombre
zenith	zenith
games	games
marsh	marsh
wain	wain
inoffensive	in offensive
crabbed	crabbed
illustriously	illustrious ly
hoyden	hoyden
hobnailed	hobnail ed
each	each
gloom	gloom
accumulative	accumulation ive
serenade	serenade
regions	regions
pessimist	pessimism ist
bait	bait
fraught	fraught
sniffles	sniffles
certified	certified
vindictiveness	vindictive ness
return	return
uniformed	uniform ed
pacifically	pacific ally
manila	Manila
unconvincing	un convincing
sagely	sage ly
parabolically	parabolical ly
dibber	dib er
frightfully	frightful ly
deficiently	deficient ly
intercommunication	intercommunicate ion
ceramics	ceramic s
sheepish	sheep ish
rawness	raw ness
inedibly	inedible ly
seek	seek
immobility	immobile ity
cheapness	cheap ness
sexagenarian	sexagenary ian
indulgently	indulgent ly
unearth	un earth
igloo	igloo
bane	bane
mismanage	mis manage
plentiful	plenty ful
methyl	methyl
thinness	thin ness
debunker	debunk er
egotism	ego ism
relay	re lay
wonderingly	wonder ing ly
roomer	room er
fantastical	fantasy ical
avail	avail
nap	nap
harper	harp er
checker	check er
lethargically	lethargic ally
accidental	accident al
bathos	bathos
snug	snug
blushingly	blushing ly
dative	dative
drawing	drawing
mindful	mind ful
thermionics	thermionic s
reverently	reverent ly
deepness	deep ness
deathly	deathly
judiciously	judicious ly
seriousness	serious ness
roadworthiness	roadworthy ness
prescriptive	prescription ive
treasonably	treasonable ly
thrum	thrum
commune	commune
radial	radius al
sulphonamide	sulphonamide
loosen	loose en
coif	coif
educationalist	educational ist
location	locate ion
live	live
kilo	kilo
trestle	trestle
ogreishly	ogreish ly
coppery	copper y
ineffectively	ineffective ly
thousand	thousand
sociologist	sociology ist
vulgarity	vulgar ity
afoot	afoot
showy	show y
proportionable	proportion able
rockiness	rocky ness
fluid	fluid
oaken	oak en
interrelationship	interrelation ship
screamingly	scream ing ly
randiness	randy ness
wordiness	wordy ness
militarism	military ism
superficiality	superficial ity
practician	practise ian
forging	forging
broadmindedly	broadminded ly
sect	sect
combustion	combust ion
commemoration	commemorate ion
draught	draught
infirmary	infirm ary
stoker	stoke er
rondo	rondo
tweeter	tweet er
pugilistic	pugilist ic
disyllabic	disyllable ic
bald	bald
chippy	chip y
calf	calf
trump	trump
regret	regret
hooker	hook er
relish	relish
ashamed	a shame ed
howling	howling
phallic	phallus ic
many	many
expedient	expedient
admission	admit ion
reafforestation	reafforest ation
thane	thane
signatory	signature ory
contagiously	contagious ly
beget	be get
boundlessness	boundless ness
patriarchal	patriarch al
deflection	deflect ion
revisionist	revisionism ist
bedding	bed ing
prolongation	prolong ation
workmanlike	workman like
overstrung	over strung
terminus	terminus
moot	moot
liturgically	liturgical ly
jubilant	jubilate ant
undercut	undercut
candle	candle
chin	chin
unmistakably	unmistakable ly
acquisitively	acquisitive ly
invigilation	invigilate ion
toast	toast
rhymed	rhymed
signification	signify ation
lewdness	lewd ness
repentant	repentant
ghoulishness	ghoulish ness
decoder	decode er
bland	bland
dacha	dacha
authenticate	authentic ate
malleability	malleable ity
upheaval	up heave al
inferior	inferior
electrocution	electrocute ion
tearfully	tearful ly
necessaries	necessary s
zenithal	zenith al
respectably	respectable ly
sportive	sport ive
understate	under state
outrange	out range
circa	circa
stare	stare
dumpling	dump ling
unknowing	un knowing
clank	clank
recoverable	recover able
caboose	caboose
contest	contest
worrying	worrying
latter	latter
fly	fly
dredge	dredge
boomerang	boomerang
spacing	spacing
discrepancy	discrepant ancy
dazedly	daze ed ly
livable	live able
glint	glint
squeamishly	squeamish ly
impatiently	impatient ly
carpet	carpet
exclamation	exclaim ation
modernist	modernism ist
shop	shop
froth	froth
advisability	advisable ity
school	school
cybernetics	cybernetic s
freshen	fresh en
fissionable	fission able
cupping	cupping
linnet	linnet
slightingly	slighting ly
bronze	bronze
instate	in state
bring	bring
pigheaded	pig head ed
feast	feast
council	council
source	source
wizard	wizard
flabbiness	flabby ness
masturbatory	masturbation ory
puff	puff
copulative	copulative
bludgeon	bludgeon
tango	tango
amputation	amputate ion
judo	judo
garrotte	garrotte
fond	fond
alarming	alarming
perfectionist	perfection ist
disputable	dispute able
balconied	balcony ed
salutation	salute ation
angularity	angular ity
stony	stone y
efface	efface
aid	aid
honeycomb	honeycomb
priestess	priest ess
deceiver	deceive er
swatter	swat er
parasitical	parasite ical
console	console
remould	re mould
tonal	tone al
cornice	cornice
astrological	astrology ical
articulated	articulated
grossness	gross ness
democratically	democratic ally
tenpins	tenpins
sloppy	slop y
dishful	dish ful
insubordination	insubordinate ion
limitlessly	limitless ly
dramatize	drama ize
skewer	skewer
infernally	infernal ly
foreknow	fore know
enormously	enormous ly
slouchingly	slouching ly
snarl	snarl
soulless	soul less
personalities	personalities
spindly	spindle y
obligatory	obligation ory
peelings	peeling s
eat	eat
memento	memento
transpiration	transpire ation
utensil	utensil
distressing	distressing
needs	needs
aggressive	aggression ive
pinched	pinched
dissemination	disseminate ion
southeaster	southeast er
pivot	pivot
squealer	squeal er
exertion	exert ion
tunneller	tunnel er
snare	snare
exhaust	exhaust
dip	dip
distressful	distress ful
chummy	chum y
floater	float er
offhand	offhand
seriatim	seriatim
rapist	rape ist
fancifully	fanciful ly
chichi	chichi
decencies	decencies
orthopaedics	orthopaedic s
hysterical	hysteria ical
considered	considered
bullheadedly	bullheaded ly
brad	brad
lease	lease
dislocate	dis locate
pastel	pastel
confide	confide
brick	brick
incremental	increment al
prudential	prudence ial
usuriously	usurious ly
silkiness	silky ness
marcher	march er
bison	bison
canalize	canal ize
crosscheck	crosscheck
drily	dry ly
personage	person age
roguishly	roguish ly
runner	run er
burg	burg
refractory	refract ory
egg	egg
percipience	percipient ence
boar	boar
clumsily	clumsy ly
redolence	redolent ence
insert	insert
virgin	virgin
brotherliness	brotherly ness
ret	ret
titled	title ed
uniqueness	unique ness
mistake	mistake
ghoul	ghoul
agriculturalist	agricultural ist
vastly	vast ly
boisterousness	boisterous ness
melodic	melody ic
footage	foot age
funerary	funeral ary
retire	retire
quince	quince
tote	tote
pushy	push y
explorative	exploration ive
amp	amp
communion	commune ion
seducer	seduce er
discourse	dis course
transship	trans ship
misdeal	mis deal
slick	slick
effectives	effective s
logicality	logical ity
blessing	blessing
gamesman	game s man
allegorical	allegory ical
cabaret	cabaret
mortality	mortal ity
whop	whop
pidgin	pidgin
taker	take er
evanescence	evanescent ence
perspicaciously	perspicacious ly
want	want
yoke	yoke
impromptu	impromptu
blooming	bloom ing
withdrawn	withdrawn
tackle	tackle
ploy	ploy
determine	determine
vacuity	vacuous ity
hustle	hustle
gusher	gush er
unprincipled	un principled
devastation	devastate ion
alertness	alert ness
microscopically	microscopic ally
boo	boo
reproach	reproach
demolition	demolish ion
syntactically	syntactic ally
munificence	munificent ence
talcum	talcum
inapplicable	in applicable
fichu	fichu
innumerable	in numerable
langur	langur
bracing	bracing
undistinguished	un distinguished
roomy	room y
constitutive	constitution ive
contingently	contingent ly
irrigation	irrigate ion
glossary	gloss ary
disagree	dis agree
inconstant	in constant
gratuitous	gratuity ous
tastily	tasty ly
premature	pre mature
spinet	spinet
reminiscence	reminiscent ence
unfailingly	unfailing ly
renowned	renown ed
crew	crew
crutch	crutch
person	person
vermin	vermin
pilferer	pilfer er
schnorkel	schnorkel
donation	donate ion
expertly	expert ly
lemon	lemon
damask	damask
defendant	defend ant
dashingly	dashing ly
snobby	snob y
centralize	central ize
tidal	tide al
twiggy	twig y
deductive	deduction ive
integration	integrate ion
demerara	demerara
desperado	desperado
chimerically	chimerical ly
retread	re tread
foremost	foremost
add	add
pencil	pencil
wiry	wire y
daisy	daisy
torridly	torrid ly
crescendo	crescendo
technician	technique ian
incompetence	incompetent ence
peaty	peat y
shiftlessness	shiftless ness
psychiatrically	psychiatric ally
expenses	expenses
thickening	thickening
ravenously	ravenous ly
complaining	complaining
adviser	advise er
raver	rave er
gullibly	gullible ly
sluggish	slug ish
incandescence	incandescent ence
singularize	singular ize
batiste	batiste
unholy	un holy
eagerly	eager ly
legato	legato
skimpily	skimpy ly
still	still
farsighted	far sight ed
inexcusable	in excusable
semaphore	semaphore
thrush	thrush
sleek	sleek
impotently	impotent ly
lath	lath
nativity	native ity
woody	wood y
deprecation	deprecate ion
honour	honour
hearken	hark en
cleanser	cleanse er
misfit	mis fit
mandragora	mandragora
elliptically	elliptical ly
irreproachably	irreproachable ly
payable	pay able
germ	germ
heedfulness	heedful ness
cholesterol	cholesterol
withering	withering
edict	edict
foreigner	foreign er
stoep	stoep
inequality	in equality
pure	pure
bracelets	bracelets
infirmity	infirm ity
cudgel	cudgel
outdoors	out doors
fallibility	fallible ity
resuscitation	resuscitate ion
crag	crag
numinousness	numinous ness
resentful	resent ful
cellist	cello ist
sloshed	sloshed
corrupt	corrupt
binding	binding
ozone	ozone
smuggling	smuggling
discretion	discrete ion
halberdier	halberd ier
inertness	inert ness
circularize	circular ize
teat	teat
versifier	versify er
guileful	guile ful
tattler	tattle er
awfully	awful ly
inaccuracy	inaccurate cy
hastiness	hasty ness
delirious	delirium ous
grotesquely	grotesque ly
beam	beam
kinship	kin ship
staccato	staccato
mannerism	manner ism
psychologically	psychological ly
instigator	instigate or
stodgy	stodge y
fetishist	fetishism ist
efficacity	efficacious ity
remedy	remedy
conjectural	conjecture al
correlate	correlate
bloodthirstily	bloodthirsty ly
illiterately	illiterate ly
abstruseness	abstruse ness
charismatic	charisma ic
khaki	khaki
ruinous	ruin ous
static	state ic
jog	jog
bury	bury
overweight	over weight
pertinence	pertinent ence
protector	protect or
mansions	mansions
tuneful	tune ful
uncompromisingly	uncompromising ly
roadside	roadside
array	array
false	false
brim	brim
languid	languid
city	city
mark	mark
theatrical	theatre ical
boyhood	boy hood
fleshy	flesh y
serviceably	serviceable ly
realizable	realize able
deterministic	determinism ic
travelling	travelling
consubstantiation	consubstantiate ion
permissively	permissive ly
stagnantly	stagnant ly
asthma	asthma
unroll	un roll
peeler	peel er
creole	creole
angelical	angel ical
untinged	un tinged
stunningly	stunning ly
deceitfulness	deceitful ness
undefended	un defended
wraith	wraith
polyglot	polyglot
verso	verso
bairn	bairn
omission	omit ion
umpire	umpire
decompress	de compress
intensify	intense ify
twister	twist er
poised	poised
apostate	apostasy ate
benumbed	be numb ed
toughie	tough ie
nose	nose
prudence	prudent ence
emblematically	emblematic ally
undersexed	under sex ed
nark	nark
untimely	un timely
ride	ride
nasalize	nasal ize
firmly	firm ly
winning	winning
pard	pardner
endearingly	endearing ly
discard	discard
tannic	tannin ic
bullshit	bullshit
racism	race ism
severely	severe ly
distally	distal ly
creel	creel
flagellant	flagellate ant
confession	confess ion
swoon	swoon
inch	inch
initiate	initiate
smooth	smooth
woodpecker	wood peck er
kinky	kink y
frumpish	frump ish
corps	corps
borzoi	borzoi
rascal	rascal
thousandfold	thousandfold
hatful	hat ful
simper	simper
sparrow	sparrow
militarist	militarism ist
cuss	cuss
cellar	cellar
gaunt	gaunt
optional	option al
idealist	idealism ist
fordable	ford able
imam	imam
biretta	biretta
orient	orient
sectional	section al
ruination	ruin ation
three	three
bestir	be stir
pram	perambulator
account	account
lark	lark
coolant	cool ant
erudition	erudite ion
cogently	cogent ly
interminably	interminable ly
player	play er
hollow	hollow
latitudinal	latitude al
diagonal	diagonal
popadum	popadum
wretched	wretch ed
overriding	overriding
lamp	lamp
rhizome	rhizome
rhythmically	rhythmical ly
collectedly	collected ly
blase	blase
fab	fab
incapacitate	incapacity ate
bagful	bag ful
instrumentation	instrument ation
retractable	retract able
corruption	corrupt ion
billposter	bill post er
bribe	bribe
procrastination	procrastinate ion
kindling	kindling
ounce	ounce
measliness	measly ness
lingam	lingam
nosher	nosh er
experimental	experiment al
pliancy	pliant ancy
lordliness	lordly ness
forehand	fore hand
stationery	stationer ery
squarely	square ly
pretence	pretend ence
idiot	idiot
compendiously	compendious ly
roneo	Roneo
undertake	under take
latticed	lattice ed
delicately	delicate ly
tersely	terse ly
watt	watt
lever	lever
costumier	costume ier
catarrh	catarrh
disqualification	disqualify ation
elementary	element ary
poplar	poplar
gainings	gaining s
directness	direct ness
dumper	dump er
davit	davit
laxative	laxative
unwieldy	un wield y
hard	hard
contraindicated	contraindicated
broccoli	broccoli
fixed	fixed
serve	serve
monotonous	monotony ous
stowage	stow age
palmetto	palmetto
peckish	peck ish
commonage	common age
jingle	jingle
perkiness	perky ness
cloddish	clod ish
sampan	sampan
vain	vain
bannock	bannock
ritualistic	ritualist ic
humanist	humanist
subject	subject
insultingly	insulting ly
gritty	grit y
unutterable	un utterable
cumbersome	cumber some
splotchy	splotch y
membrane	membrane
behead	be head
sponsor	sponsor
commonness	common ness
inmost	in most
sonorously	sonorous ly
progesterone	progesterone
participant	participate ant
detachedly	detached ly
freeload	free load
authoritarian	authoritarian
chalkiness	chalky ness
brutality	brutal ity
gesture	gesture
predicatively	predicative ly
conditional	condition al
present	present
planner	plan er
vesicle	vesicle
smudge	smudge
dispensation	dispense ation
strangle	strangle
mammal	mammal
wrathfully	wrathful ly
beat	beat
accrue	accrue
kind	kind
hose	hose
germination	germinate ion
film	film
pretentiously	pretentious ly
nonsmoker	non smoker
indefiniteness	indefinite ness
boots	boots
doll	doll
superciliousness	supercilious ness
dispatches	dispatches
degeneratively	degenerative ly
brutalization	brutalize ation
unionization	unionize ation
sensor	sense or
prostration	prostrate ion
agelessness	ageless ness
brew	brew
chivy	chivy
buzzer	buzz er
cretinous	cretin ous
sphere	sphere
rehabilitation	rehabilitate ion
uprightness	upright ness
submergence	submerge ence
discompose	dis compose
sash	sash
sporting	sporting
heckler	heckle er
politicization	politicize ation
disputation	dispute ation
voyage	voyage
alpinist	alpinism ist
tension	tense ion
reduplicate	re duplicate
lure	lure
ream	ream
plumb	plumb
groin	groin
apprehension	apprehend ion
narrative	narration ive
demented	demented
debatable	debate able
rhinoceros	rhinoceros
castle	castle
intercommunicate	inter communicate
chopper	chop er
mattress	mattress
sourness	sour ness
vivaciously	vivacious ly
register	register
rejoinder	rejoin er
pebbly	pebble y
gambling	gambling
chasuble	chasuble
disorder	dis order
outfit	outfit
bureau	bureau
gingerly	ginger ly
landwards	landward s
stupefaction	stupefy ion
specifically	specific ally
recovery	recover ery
louse	louse
formally	formal ly
buggered	buggered
drubbing	drubbing
stucco	stucco
mollycoddle	mollycoddle
buoyantly	buoyant ly
transmigration	transmigrate ion
bifurcate	bifurcate
dominoes	dominoes
dissembler	dissemble er
ovarian	ovary an
scrounger	scrounge er
brawniness	brawny ness
vote	vote
crisply	crisp ly
scoundrelly	scoundrel y
terminate	terminate
scold	scold
silvery	silver y
midwifery	midwife ery
presumptive	presumption ive
nearness	near ness
clog	clog
disaffect	dis affect
reseat	re seat
acumen	acumen
spider	spider
prettily	pretty ly
substratum	sub stratum
information	inform ation
argue	argue
bugger	bugger
semolina	semolina
minimally	minimal ly
blench	blench
harelipped	hare lip ed
raucously	raucous ly
rousing	rousing
chronicle	chronicle
butch	butch
cryptically	cryptic ally
topping	topping
calyx	calyx
days	days
convivially	convivial ly
cookie	cook ie
whoosh	whoosh
habitation	habit ation
insignificant	in significant
kingmaker	king make er
feint	feint
batter	bat er
capitalize	capital ize
portentously	portentous ly
coy	coy
stammeringly	stammering ly
come	come
generative	generation ive
quintessentially	quintessential ly
thoroughness	thorough ness
unconsciousness	unconscious ness
cleverness	clever ness
egoistical	egoist ical
ambulant	amble ant
pleasantness	pleasant ness
meagreness	meagre ness
menace	menace
bough	bough
embolden	em bold en
dinginess	dingy ness
bicycle	bicycle
trachea	trachea
hyphen	hyphen
obey	obey
obstinately	obstinate ly
skill	skill
vilification	vilify ation
immense	immense
its	its
augur	augur
landau	landau
pawkiness	pawky ness
impersonator	impersonate or
dramatic	drama ic
confidently	confident ly
deodorize	de odour ize
untangle	un tangle
zircon	zircon
reel	reel
purge	purge
sideswipe	sideswipe
conversationally	conversational ly
bunk	bunk
yearning	yearning
fatalistic	fatalist ic
doddery	dodder y
previously	previous ly
gecko	gecko
quarry	quarry
energize	energy ize
satisfactorily	satisfactory ly
chide	chide
snidely	snide ly
mythologist	mythology ist
tactics	tactics
lateen	lateen
unanswered	un answered
amplify	ample ify
mongol	mongol
toothsome	tooth some
sultrily	sultry ly
divan	divan
exiguousness	exiguous ness
yen	yen
bawdily	bawdy ly
cravenly	craven ly
vestige	vestige
lifeless	life less
knee	knee
bellicose	bellicose
hoe	hoe
expo	exposition
hellishly	hellish ly
stinking	stinking
cauterize	cautery ize
plate	plate
outlay	outlay
swag	swag
standing	standing
pug	pug
effusive	effusion ive
excepted	excepted
broadmindedness	broadminded ness
premise	premise
splinter	splinter
introversion	introvert ion
done	done
downright	downright
creativeness	creative ness
veined	vein ed
dodderingly	doddering ly
squeal	squeal
unaccountably	unaccountable ly
dresser	dress er
total	total
patty	patty
unsaid	un said
intractability	intractable ity
cheque	cheque
cud	cud
pizzicato	pizzicato
tannery	tan ery
claret	claret
pally	pall y
shale	shale
ratter	rat er
disturbed	disturbed
ephemerally	ephemeral ly
ebullience	ebullient ence
foolish	fool ish
whopper	whop er
height	height
joyfully	joyful ly
trustfully	trustful ly
sulphuric	sulphur ic
blur	blur
eligibility	eligible ity
vixenish	vixen ish
vandal	vandal
beginner	begin er
liege	liege
disoblige	dis oblige
reforest	re forest
menthol	menthol
scorching	scorching
huntress	hunter ess
hobnob	hobnob
housing	housing
homicidal	homicide al
theft	theft
ranee	ranee
indicative	indication ive
rest	rest
extemporize	extempore ize
pule	pule
indecorum	in decorum
hint	hint
sentimentalize	sentimental ize
punctiliously	punctilious ly
optician	optics ian
rotter	rot er
conversational	conversation al
answerably	answerable ly
thrift	thrift
trilingually	trilingual ly
extravagantly	extravagant ly
constant	constant
aphid	aphid
sweetly	sweet ly
backing	backing
gaily	gay ly
deeply	deep ly
crispiness	crispy ness
shutter	shutter
knowingly	knowing ly
skate	skate
unease	un ease
confectioner	confection er
bather	bathe er
thievery	thief ery
cynicism	cynic ism
unhealthy	un healthy
doctor	doctor
punishing	punishing
disused	disuse ed
charger	charge er
fuggy	fug y
trapper	trap er
golly	golliwog y
those	those
amoebic	amoeba ic
allowable	allow able
burthen	burthen
meaninglessness	meaningless ness
contraceptive	contraceptive
meantime	meantime
empress	emperor ess
morally	moral ly
demographer	demography er
symbolism	symbol ism
lectern	lectern
forestall	fore stall
graft	graft
hennaed	henna ed
licentiousness	licentious ness
carbonize	carbon ize
supplicant	supplicate ant
gait	gait
flirt	flirt
rebelliousness	rebellious ness
renascent	re nascent
committed	committed
plasterer	plaster er
lordly	lord ly
silly	silly
sacrifice	sacrifice
uncharitably	uncharitable ly
waken	wake en
expropriator	expropriate or
stationer	station er
involuntary	in voluntary
regionally	regional ly
reformer	reform er
moonless	moon less
primer	prime er
cautionary	caution ary
agonized	agonized
appropriately	appropriate ly
pare	pare
bazooka	bazooka
flavour	flavour
precipitously	precipitous ly
seepage	seep age
elaborate	elaborate
declamatory	declamation ory
candidly	candid ly
seraphic	seraph ic
disproportion	dis proportion
lynch	lynch
whereupon	whereupon
bemuse	be muse
breathless	breath less
peasant	peasant
diversity	diverse ity
transmutation	transmute ation
eye	eye
fearless	fear less
drivel	drivel
cliche	cliche
emotive	emotion ive
perhaps	per hap s
sands	sands
most	most
exhumation	exhume ation
tacit	tacit
bellyful	belly ful
affirmation	affirm ation
reasonableness	reasonable ness
overt	overt
tessellated	tessellated
magnet	magnet
diner	dine er
ably	able ly
piffling	piffling
cicada	cicada
queue	queue
mongoose	mongoose
unreasonable	un reasonable
bashfulness	bashful ness
befoul	be foul
pearly	pearl y
lock	lock
coquettishly	coquettish ly
grovel	grovel
johnny	johnny
alexic	alexia ic
piss	piss
interphone	inter phone
primula	primula
principles	principles
cuff	cuff
unspeakably	unspeakable ly
wiriness	wiry ness
protuberant	protuberate ant
shrift	shrift
pastor	pastor
humiliation	humiliate ion
wristy	wrist y
pedestal	pedestal
meddlesome	meddle some
masochistic	masochist ic
delimitate	de limit ate
mayor	mayor
siesta	siesta
son	son
gondolier	gondola ier
fierce	fierce
indestructibility	indestructible ity
flannel	flannel
misdeal	misdeal
brilliantly	brilliant ly
evidence	evidence
murderer	murder er
redness	Red ness
obscenely	obscene ly
dehorn	de horn
consensus	consensus
sulks	sulk s
clarinettist	clarinet ist
drift	drift
levant	levant
bottom	bottom
ism	ism
modernist	modernist
succour	succour
infertility	infertile ity
necklet	neck let
brassy	brass y
paperhanger	paper hang er
motley	motley
mannered	manner ed
chemically	chemical ly
unconsidered	un considered
powerful	power ful
cayenne	cayenne
gloweringly	glower ing ly
wonder	wonder
dismast	dis mast
psychosomatically	psychosomatic ally
acrimoniously	acrimonious ly
ramekin	ramekin
cubism	cube ism
tripper	trip er
lisp	lisp
filminess	filmy ness
supple	supple
polygamist	polygamy ist
prenatally	prenatal ly
bewitching	bewitching
independently	independent ly
guilefully	guileful ly
episodic	episode ic
aspirant	aspire ant
additive	addition ive
irrationality	irrational ity
campus	campus
preliterate	pre literate
medicine	medic ine
enwrap	en wrap
beech	beech
cantaloup	cantaloup
owl	owl
pup	pup
tutu	tutu
catatonic	catatonia ic
elation	elate ion
doge	doge
objurgation	objurgate ion
squab	squab
testis	testis
overlay	over lay
gluey	glue y
ruminatively	ruminative ly
reprehensibly	reprehensible ly
slumberous	slumber ous
executive	executive
cadaverous	cadaver ous
screw	screw
levodopa	levodopa
determination	determine ation
nook	nook
unfriendly	un friendly
chiffon	chiffon
stutterer	stutter er
better	better
equipped	equipped
cravat	cravat
prenatal	pre natal
socialite	social ite
constipated	constipated
suborbital	sub orbital
turning	turning
amorphously	amorphous ly
objectivity	objective ity
lunge	lunge
laughably	laughable ly
aurally	aural ly
animation	animate ion
harrow	harrow
striking	striking
pauperism	pauper ism
uptown	uptown
pontificate	pontiff ate
hearty	heart y
irrigable	irrigate able
compliant	comply ant
frothily	frothy ly
musician	music ian
persuasive	persuasion ive
dwelling	dwelling
gospel	gospel
greyish	grey ish
freethinker	free thinker
presto	presto
pennon	pennon
patten	patten
intermingle	inter mingle
mallow	mallow
chesty	chest y
hide	hide
statics	static s
prize	prize
clique	clique
chauffeur	chauffeur
saturation	saturate ion
prebendary	prebend ary
reification	reify ation
saunterer	saunter er
patrimonial	patrimony al
curliness	curly ness
mechanistically	mechanistic ally
manned	manned
incommensurate	in commensurate
lineage	line age
workmanship	workman ship
consistently	consistent ly
pitcher	pitch er
supernova	super nova
subnormal	sub normal
narcotic	narcotic
sulphuretted	sulphuretted
cholerically	choleric ally
ogress	ogre ess
spasmodical	spasm ical
dishy	dish y
libidinousness	libidinous ness
unpretentiously	unpretentious ly
dampish	damp ish
charm	charm
testily	testy ly
certainly	certain ly
subconscious	sub conscious
teetotaller	teetotal er
godlessness	godless ness
regretfulness	regretful ness
unofficially	unofficial ly
corker	cork er
corporately	corporate ly
slippy	slip y
rapturously	rapturous ly
rudimentary	rudiment ary
special	special
ownerless	owner less
beach	beach
subjection	subject ion
toffee	toffee
pomp	pomp
bathe	bath
stroll	stroll
obstructive	obstruction ive
jocose	jocose
copeck	copeck
goal	goal
priggish	prig ish
technically	technical ly
sonant	sonant
metaphysical	metaphysics al
grasping	grasping
shack	shack
despotically	despotic ally
frizzle	frizzle
peculiarity	peculiar ity
charming	charming
tribune	tribune
coupe	coupe
moony	moon y
irregular	irregular
introduction	introduce ion
intractable	in tractable
womanliness	womanly ness
acidify	acid ify
pinko	pinko
satrap	satrap
sedate	sedate
cracker	crack er
unschooled	un schooled
encyclopedically	encyclopedic ally
rewire	re wire
helpfulness	helpful ness
dispenser	dispense er
such	such
shaking	shaking
regression	regress ion
composer	compose er
enviable	envy able
echelon	echelon
effusion	effuse ion
numeracy	numerate cy
haver	haver
quickness	quick ness
compensatory	compensation ory
barouche	barouche
sassafras	sassafras
experimentation	experiment ation
cragged	crag ed
bud	bud
unequalness	unequal ness
blimp	blimp
doubly	double ly
oft	oft
inconceivable	in conceivable
inspirational	inspiration al
deplorable	deplore able
lecherousness	lecherous ness
wallop	wallop
hurray	hurray
urinate	urine ate
zippy	zip y
move	move
cylindrically	cylindrical ly
iamb	iamb
central	centre al
notarize	notary ize
event	event
centrist	centrist
treasurer	treasury er
roughcast	roughcast
acclimatization	acclimatize ation
basil	basil
delve	delve
gabble	gabble
laze	laze
dependability	dependable ity
eulogistic	eulogist ic
fetter	fetter
snook	snook
mesmerize	mesmerism ize
mahout	mahout
brief	brief
mutuality	mutual ity
den	den
glen	glen
decimalize	decimal ize
endurable	endure able
tannin	tannin
stakes	stakes
prohibition	prohibit ion
objectively	objective ly
rerun	re run
venturer	venture er
computer	compute er
callow	callow
immovably	immovable ly
pelisse	pelisse
sensibility	sensible ity
freewheeling	freewheeling
antipodean	antipodes an
armorial	armoury al
lag	lag
senate	senate
mileage	mile age
heftily	hefty ly
hanky	handkerchief y
pate	pate
economist	economy ist
lave	lave
bran	bran
whittler	whittle er
villa	villa
indisposition	in disposition
wetly	wet ly
revival	revive al
carol	carol
restiveness	restive ness
phaeton	phaeton
cotton	cotton
scarab	scarab
marshal	marshal
reportedly	report ed ly
inversion	invert ion
revolting	revolting
fleetly	fleet ly
gala	gala
sunken	sunken
head	head
naval	navy al
compartmental	compartment al
maraschino	maraschino
friar	friar
dejected	dejected
hideously	hideous ly
parole	parole
lay	lay
permeation	permeate ion
rouble	rouble
incongruously	incongruous ly
isolationism	isolation ism
becoming	becoming
coax	coax
openheartedness	openhearted ness
offhandedness	offhanded ness
archetypal	archetype al
rummy	rummy
joyfulness	joyful ness
crash	crash
ale	ale
grizzled	grizzled
effervescence	effervescent ence
protein	protein
entresol	entresol
gild	gild
untiringly	untiring ly
heaviness	heavy ness
mastodon	mastodon
sleepiness	sleepy ness
raspingly	rasping ly
mulct	mulct
mulch	mulch
formative	formation ive
alien	alien
underneath	under beneath
noticeable	notice able
header	head er
algebraically	algebraic ally
bolt	bolt
supinely	supine ly
rasp	rasp
research	research
translation	translate ion
mistranslation	mistranslate ion
frump	frump
interchangeably	interchangeable ly
brawny	brawn y
autobiographical	autobiography ical
salvation	salvage ation
tidiness	tidy ness
singer	sing er
malevolence	malevolent ence
whin	whin
uncouple	un couple
utmost	utmost
indelicately	indelicate ly
chi	chi
regroup	re group
manful	man ful
misinterpretation	misinterpret ation
ablative	ablative
prohibitory	prohibition ory
pantingly	pant ing ly
placenta	placenta
insipidity	insipid ity
box	box
agitating	agitating
jihad	jihad
draggled	draggled
maudlin	maudlin
morphological	morphology ical
violently	violent ly
dolefully	doleful ly
anarchical	anarchy ical
ossification	ossify ation
carat	carat
webbed	webbed
aptness	apt ness
morsel	morsel
shovelful	shovel ful
befit	be fit
convulsion	convulse ion
programme	programme
balaclava	balaclava
rhapsody	rhapsody
adamantine	adamant ine
applaud	applaud
spew	spew
purdah	purdah
steel	steel
disagreeableness	disagreeable ness
indulgence	indulgent ence
potent	potent
miserly	miser ly
flail	flail
illuminating	illuminating
incompetently	incompetent ly
alpinism	alpine ism
dethrone	de throne
coercion	coerce ion
soap	soap
orchestral	orchestra al
pharisee	pharisee
continuation	continue ation
technicality	technical ity
slatted	slat ed
pestilential	pestilence ial
outspokenly	outspoken ly
remarkably	remarkable ly
smelly	smell y
bewitch	be witch
dozily	dozy ly
perry	perry
invader	invade er
wrongheaded	wrong head ed
corsair	corsair
recitation	recite ation
reunite	re unite
canon	canon
forlornly	forlorn ly
eft	eft
providing	providing
round	round
anthologized	anthologized
acorn	acorn
proximately	proximate ly
draughty	draught y
attainable	attain able
malignant	malign ant
construe	construe
undeserved	un deserved
regnant	reign ant
sultanate	sultan ate
crest	crest
whites	white s
allied	allied
pamper	pamper
leguminous	legume ous
common	common
burial	bury al
pockmarked	pockmark ed
saintlike	saint like
renegade	renegade
traditionalist	traditionalism ist
briskness	brisk ness
cedar	cedar
casino	casino
forest	forest
stubble	stubble
squeaky	squeak y
impressionist	impressionism ist
auk	auk
holloa	holloa
thrillingly	thrilling ly
homeliness	homely ness
convulse	convulse
outwear	out wear
undemonstrative	un demonstrative
gavel	gavel
astigmatic	astigmatism ic
dialectics	dialectic s
jaundiced	jaundiced
collision	collide ion
deputize	deputy ize
fiftieth	fiftieth
incorporate	in corporate
hospitably	hospitable ly
relationship	relation ship
extremely	extreme ly
seemingly	seeming ly
revoltingly	revolting ly
goon	goon
instinctively	instinctive ly
bereft	bereft
brittle	brittle
unbecoming	un becoming
bootless	boot less
bravery	brave ery
hers	her s
unwind	un wind
mannerly	manner ly
sedulously	sedulous ly
groat	groat
loo	loo
scrofula	scrofula
strings	strings
friability	friable ity
sleigh	sleigh
success	success
ethically	ethical ly
traumatic	trauma ic
determined	determined
encircle	en circle
regretful	regret ful
pied	pie ed
featherweight	featherweight
murky	murk y
hiking	hiking
primal	prime al
merciless	mercy less
creakily	creaky ly
bop	bop
manic	mania ic
jawbreaker	jaw break er
lowness	low ness
surplus	surplus
allopathical	allopathy ical
straits	straits
systematically	systematic ally
uncharted	un charted
elusive	elusion ive
resolvable	resolve able
overall	over all
dispiritedly	dispirited ly
eurhythmy	eurhythmy
butt	butt
separable	separate able
fall	fall
tops	tops
curatorship	curator ship
outrigger	out rig er
lummox	lummox
unlike	un like
richness	rich ness
trachoma	trachoma
lexically	lexical ly
helm	helm
smuggle	smuggle
rum	rum
chilblained	chilblain ed
typographically	typographical ly
inferiority	inferior ity
nightmarishly	nightmarish ly
monogamously	monogamous ly
nonfiction	non fiction
boxing	boxing
transcendentally	transcendental ly
stock	stock
commendation	commend ation
ranger	range er
cynically	cynical ly
couscous	couscous
homelessness	homeless ness
worker	work er
puss	puss
impress	impress
collapse	collapse
disquiet	disquiet
duckling	duck ling
wallow	wallow
prurience	prurient ence
unbroken	un broken
convenience	convenient ence
fevered	fever ed
supportable	support able
faithless	faith less
jazzily	jazzy ly
rodeo	rodeo
newsiness	newsy ness
contentiously	contentious ly
inanimate	in animate
plumbing	plumbing
tumescence	tumescent ence
strop	strop
frightened	frightened
professorial	professor ial
complicatedness	complicated ness
coequal	coequal
fortnightly	fortnightly
amorousness	amorous ness
swinger	swing er
insatiably	insatiable ly
swoop	swoop
monotonously	monotonous ly
unbridled	un bridled
toupee	toupee
articulateness	articulate ness
researcher	research er
gen	gen
pharmacologist	pharmacology ist
brae	brae
conference	confer ence
hazily	hazy ly
vertebra	vertebra
vermifuge	vermifuge
unflappable	un flap able
skittles	skittles
feudatory	feudatory
intent	intent
overhand	over hand
knocker	knock er
timpani	timpani
slacken	slack en
deformed	deformed
rustless	rust less
noddle	noddle
earl	earl
baptize	baptism ize
modelling	modelling
provisionally	provisional ly
restricted	restricted
devotions	devotions
condom	condom
tuck	tuck
bisexually	bisexual ly
obsolescence	obsolescent ence
vomit	vomit
cap	cap
retentiveness	retentive ness
commendatory	commendation ory
gayness	gay ness
trauma	trauma
sled	sled
pokiness	poky ness
muted	muted
lightweight	lightweight
kelvin	Kelvin
pacifism	pacific ism
crossbreed	crossbreed
ribaldry	ribald ry
understudy	understudy
nicety	nice ty
miffed	miffed
idylic	idyll ic
naturalism	natural ism
devalue	de value
villain	villain
sixthly	sixth ly
diffraction	diffract ion
osteopathy	osteopath y
movable	move able
idiotically	idiotic ally
aesthetics	aesthetic s
concatenation	concatenate ion
fencer	fence er
toilet	toilet
rub	rub
onwards	onward s
hormone	hormone
harmoniously	harmonious ly
facings	facings
bod	bod
stratagem	stratagem
loin	loin
geographical	geography ical
bats	bats
rurally	rural ly
gamely	game ly
petrologist	petrology ist
potter	pot er
feebleminded	feeble mind ed
abnormally	abnormal ly
opprobriously	opprobrious ly
integrated	integrated
rubric	rubric
ancestress	ancestor ess
amiably	amiable ly
cancel	cancel
boding	boding
felon	felon
unkind	un kind
alumna	alumna
wen	wen
sapphire	sapphire
affirmative	affirmative
candelabra	candelabra
shit	shit
denominate	de nominate
affected	affected
writings	writings
dangle	dangle
skiver	skive er
laurel	laurel
bract	bract
nosedive	nosedive
acquaintanceship	acquaintance ship
frankly	frank ly
gentian	gentian
sadism	Sade ism
succumb	succumb
elongate	e long ate
daemonic	daemon ic
lathi	lathi
coastguardsman	coastguard s man
item	item
debt	debt
bopper	bop er
faggot	faggot
sketcher	sketch er
knotty	knot y
fort	fort
prioress	prior ess
benzol	benzol
preventively	preventive ly
efflorescence	efflorescent ence
bilabial	bilabial
arbitrariness	arbitrary ness
expressionist	expressionism ist
hack	hack
foot	foot
scope	scope
softly	soft ly
ellipse	ellipse
contumaciously	contumacious ly
lifelike	life like
predestination	predestine ation
convener	convene er
glutton	glutton
bobbin	bobbin
latecomer	late come er
seventieth	seventy th
farcically	farcical ly
west	west
misspelling	misspelling
blabber	blab er
cleanliness	cleanly ness
fulsomeness	fulsome ness
rethink	re think
enchantingly	enchanting ly
constrictor	constrict or
sensation	sense ation
bottleful	bottle ful
promiscuously	promiscuous ly
predeterminer	pre determiner
indistinctness	indistinct ness
latitudinarian	latitudinarian
upholstery	upholster ery
adventuresome	adventure some
smith	smith
raftsman	raft s man
dredger	dredge er
mastiff	mastiff
nosh	nosh
never	never
relatively	relative ly
bequest	be quest
safeguard	safeguard
mountaineer	mountaineer
canary	canary
dynamo	dynamo
prepossessing	prepossessing
corral	corral
elegiacal	elegy al
malcontent	malcontent
suggest	suggest
rhythmic	rhythm ic
copier	copy er
invite	invitation
camping	camping
prattle	prattle
murkily	murky ly
satirical	satire ical
prefix	prefix
curdle	curdle
hush	hush
unserviceable	un serviceable
inattentiveness	inattentive ness
pudendum	pudendum
jaunt	jaunt
propeller	propel er
composedly	composed ly
pronounceable	pronounce able
test	test
disadvantageous	disadvantage ous
hooter	hoot er
any	any
something	something
interchange	interchange
nous	nous
interpose	inter pose
mandolin	mandolin
medico	medico
rover	rove er
licence	license
metamorphic	meta morph ic
recentness	recent ness
bedimmed	be dim ed
lyric	lyric
horsemanship	horseman ship
lament	lament
reek	reek
miff	miff
manometrically	manometrical ly
suppliant	suppliant
stylist	style ist
incapably	incapable ly
gown	gown
mick	mick
dreaminess	dreamy ness
jeep	jeep
isolationist	isolationism ist
creeps	creeps
squander	squander
zoning	zoning
amortization	amortize ation
wriggle	wriggle
shivery	shiver y
abnegation	abnegate ion
stays	stays
undress	un dress
sinkable	sink able
herculean	Hercules an
muslin	muslin
warship	war ship
moderator	moderate or
sabbatical	Sabbath ical
simoon	simoon
picket	picket
salivary	saliva ary
equivocation	equivocate ion
ooze	ooze
steeple	steeple
satanically	satanic ally
stinginess	stingy ness
mosque	mosque
calibrate	calibre ate
nothingness	nothing ness
crap	crap
bad	bad
massage	massage
mistiness	misty ness
collaborationist	collaborationist
billowy	billow y
trainable	train able
buzz	buzz
tuft	tuft
projectionist	projection ist
sandbag	sandbag
lough	lough
blameless	blame less
chaser	chase er
meteorite	meteor ite
hustler	hustle er
subordination	subordinate ion
nebulous	nebula ous
kiss	kiss
mirthfully	mirthful ly
sottish	sot ish
trashy	trash y
woad	woad
shear	shear
hypochondriac	hypochondriac
demon	demon
calypso	calypso
archer	arch er
nastiness	nasty ness
complementary	complement ary
misunderstanding	misunderstanding
distantly	distant ly
environmental	environment al
professionalism	professional ism
desecrate	de consecrate
class	class
cymbalist	cymbal ist
ulster	ulster
wrongfully	wrongful ly
misguide	mis guide
prepay	pre pay
dactylic	dactyl ic
calm	calm
chastely	chaste ly
disarm	dis arm
muzzily	muzzy ly
sadistically	sadistic ally
eventually	eventual ly
finitely	finite ly
wreathe	wreath
convert	convert
diverting	diverting
catchy	catch y
manure	manure
illogically	illogical ly
inclusively	inclusive ly
clubfooted	clubfoot ed
humidify	humid ify
press	press
unwarranted	un warranted
deduction	deduce ion
server	serve er
contrarily	contrary ly
hyperbolical	hyperbola ical
negus	negus
resplendence	resplendent ence
entreaty	entreat y
metabolize	metabolism ize
substantive	substance ive
dissension	dissent ion
penitently	penitent ly
infinitive	infinitive
asbestos	asbestos
notional	notion al
country	country
snorty	snort y
cubic	cube ic
inchoative	inchoate ive
default	de fault
nobble	nobble
familiarly	familiar ly
downheartedly	downhearted ly
raccoon	raccoon
urbanization	urbanize ation
fluorescence	fluorescent ence
religiously	religious ly
vulgarization	vulgarize ation
corrective	corrective
aphrodisiac	aphrodisiac
genially	genial ly
rumoured	rumoured
beery	beer y
inexcusably	inexcusable ly
epileptic	epileptic
chic	chic
lengthen	length en
insure	in sure
dearness	dear ness
sip	sip
shouting	shouting
wretch	wretch
contradiction	contradict ion
nerves	nerves
pinkish	pink ish
snappily	snappy ly
shipboard	ship board
also	also
reign	reign
client	client
dramatist	drama ist
lessee	lease ee
goodnight	goodnight
disdainful	disdain ful
zeppelin	zeppelin
mutely	mute ly
gastronomically	gastronomic ally
aesthetical	aesthete ical
rug	rug
sculptor	sculpt or
panga	panga
stretch	stretch
albumen	albumen
felony	felon y
meed	meed
wheaten	wheat en
genre	genre
defeatism	defeat ism
indecipherability	indecipherable ity
flightless	flight less
jasmine	jasmine
calumniate	calumny ate
pillar	pillar
beautifully	beautiful ly
relative	relative
affray	affray
demob	demob
fertilizer	fertilize er
mushy	mush y
pointsman	point s man
fated	fate ed
licensee	license ee
hermaphroditic	hermaphrodite ic
phantasmic	phantasm ic
upmost	upmost
masterful	master ful
unattached	un attached
slay	slay
stapler	staple er
bothersome	bother some
nervelessly	nerveless ly
marketing	marketing
defiantly	defiant ly
powerfully	powerful ly
haft	haft
fondant	fondant
chatterer	chatter er
perspicuously	perspicuous ly
bucked	bucked
parachute	parachute
bucolically	bucolic ally
morello	morello
sumptuously	sumptuous ly
dissolutely	dissolute ly
apprehensively	apprehensive ly
unbearably	unbearable ly
straitened	straitened
mayoress	mayor ess
succubus	succubus
discredit	discredit
commissary	commit ary
confines	confine s
jug	jug
seduction	seduce ion
atheist	atheism ist
creditor	credit or
skateboarder	skateboard er
bisexual	bisexual
implication	imply ation
politician	politics ian
sincere	sincere
riffraff	riffraff
settee	settee
appropriateness	appropriate ness
fetid	fetid
frog	frog
appointments	appointments
empurpled	em purple ed
execrably	execrable ly
analytical	analysis ical
teeth	teeth
caste	caste
singly	single ly
abjuration	abjure ation
foreleg	fore leg
elector	elect or
delay	delay
ingratitude	in gratitude
ranks	ranks
dross	dross
shriek	shriek
frivolously	frivolous ly
dint	dint
radioactively	radioactive ly
unarmed	un armed
contrast	contrast
stodginess	stodgy ness
bigotry	bigot ry
integrate	integer ate
painless	pain less
soccer	soccer
portly	port ly
fool	fool
distemper	dis temper
plump	plump
cricket	cricket
valid	valid
excusably	excusable ly
playfulness	playful ness
chipping	chip ing
underweight	under weight
tenet	tenet
simply	simple ly
bloodily	bloody ly
reefer	reef er
expressionism	expression ism
secretively	secretive ly
plasma	plasma
occasionally	occasional ly
fiercely	fierce ly
tumult	tumult
impetuosity	impetuous ity
thoughtfulness	thoughtful ness
northwester	northwest er
rebukingly	rebuking ly
representation	represent ation
overdevelop	over develop
contrariness	contrary ness
carapace	carapace
gory	gore y
laugh	laugh
evangelism	evangel ism
draughtsman	draught s man
disharmonious	disharmony ous
bankruptcy	bankrupt cy
evidence	evident ence
trendiness	trendy ness
viscosity	viscous ity
psychically	psychical ly
proverbial	proverb ial
alley	alley
exhibit	exhibit
overdose	over dose
distrust	dis trust
specked	speck ed
zoological	zoology ical
cull	cull
inopportunely	inopportune ly
confirmed	confirmed
windcheater	wind cheat er
punitive	punish ive
gosling	goose ling
tinker	tinker
bestial	beast ial
despoil	de spoil
supposing	supposing
hymen	hymen
crackle	crackle
fibula	fibula
couth	couth
venomously	venomous ly
mortgagee	mortgage ee
stutteringly	stuttering ly
modern	modern
suffragan	suffragan
leotard	leotard
seminarist	seminary ist
asexually	asexual ly
impermanence	impermanent ence
quagga	quagga
torrential	torrent ial
mistrust	mis trust
stalk	stalk
print	print
unfavourably	unfavourable ly
wedge	wedge
cupola	cupola
internationalize	international ize
paramour	paramour
opal	opal
observable	observe able
imperfection	imperfect ion
nonflammable	non flammable
sigh	sigh
beige	beige
informality	informal ity
amicably	amicable ly
seamer	seam er
invigilator	invigilate or
seventeenth	seventeenth
gorgon	gorgon
conversationalist	conversational ist
operation	operate ion
pureness	pure ness
focal	focus al
travesty	travesty
impulse	impulse
piousness	pious ness
groundlessly	groundless ly
nankeen	nankeen
molecule	molecule
permanence	permanent ence
perceptively	perceptive ly
helper	help er
sleuth	sleuth
pounding	pounding
temptation	tempt ation
barring	barring
ineffability	ineffable ity
quoin	quoin
curl	curl
specialization	specialize ation
profligate	profligate
consulate	consul ate
exhibitionistic	exhibitionist ic
fillet	fillet
billet	billet
teens	teens
profligacy	profligate cy
soused	soused
clinical	clinic al
inappropriate	in appropriate
crematory	cremation ory
freelance	free lance
balloon	balloon
burnous	burnous
monasticism	monastic ism
prefigure	pre figure
pommel	pommel
photostat	Photostat
healthful	health ful
applied	applied
profitably	profitable ly
serviceableness	serviceable ness
minute	minute
ribbon	ribbon
fact	fact
personification	personify ation
theological	theology ical
gauzy	gauze y
disgust	disgust
lank	lank
knickers	knickerbockers
incandescently	incandescent ly
itchiness	itchy ness
gambol	gambol
creation	create ion
precedented	precedent ed
festal	feast al
recriminatory	recrimination ory
crusade	crusade
monumentally	monumental ly
plunderer	plunder er
overlong	over long
uninhibited	un inhibited
contraceptive	contraception ive
lenience	lenient ence
preservative	preservation ive
incision	incise ion
stoup	stoup
sewing	sewing
piebald	piebald
delightfully	delightful ly
meanderingly	meandering ly
fifty	five ty
exchangeable	exchange able
bundle	bundle
modernism	modern ism
church	church
cry	cry
widely	wide ly
curtness	curt ness
provider	provide er
drench	drench
ageing	ageing
zany	zany
fluky	fluke y
malmsey	malmsey
tope	tope
showing	showing
town	town
noon	noon
screwdriver	screw drive er
wordless	word less
gentleness	gentle ness
supplanter	supplant er
chuck	chuck
debut	debut
comparable	compare able
lechery	lecher ery
sophisticate	sophisticate
brashly	brash ly
unspeakable	un speakable
compactly	compact ly
inconspicuously	inconspicuous ly
groan	groan
solicitation	solicit ation
roost	roost
feasibility	feasible ity
race	race
helmet	helmet
bunkered	bunker ed
renascence	renascent ence
sentinel	sentinel
millionth	millionth
mistrustfully	mistrustful ly
shavings	shaving s
rakish	rake ish
dishorn	dis horn
tranquil	tranquil
crazed	crazed
shudder	shudder
inconspicuous	in conspicuous
ropey	rope y
sophist	sophism ist
serially	serial ly
separate	separate
frolic	frolic
scintilla	scintilla
moderations	moderation s
potheen	potheen
economically	economic ally
defenceless	defence less
deviant	deviant
psychotically	psychotic ally
vituperation	vituperate ion
impurity	impure ity
ebb	ebb
novitiate	novice ate
embroidery	embroider ery
squeezer	squeeze er
beetling	beetling
tussle	tussle
disfigure	dis figure
expeditionary	expedition ary
underlie	under lie
residuary	residue ary
repoint	re point
ghyll	ghyll
breathily	breathy ly
shilling	shilling
stomachful	stomach ful
sneeze	sneeze
impecuniously	impecunious ly
enplane	en plane
din	din
ibex	ibex
conch	conch
whorled	whorl ed
edgily	edgy ly
protection	protect ion
screwball	screwball
glutinous	gluten ous
torpidness	torpid ness
quick	quick
spanner	span er
lather	lather
groceries	groceries
flame	flame
incorrectly	incorrect ly
dexterously	dexterous ly
incurability	incurable ity
undated	un dated
huff	huff
bucketful	bucket ful
rearward	rearward
parodist	parody ist
promptness	prompt ness
charged	charged
sudden	sudden
thrall	thrall
declarable	declare able
geometric	geometry ic
manometrical	manometer ical
spook	spook
dominantly	dominant ly
mover	move er
toucan	toucan
transmutable	transmute able
pentagonal	pentagon al
viva	viva
fathomable	fathom able
submissiveness	submissive ness
neighbourly	neighbour ly
conversion	convert ion
inappropriateness	inappropriate ness
reservedly	reserved ly
soviet	soviet
constructional	construction al
connotative	connotation ive
dissent	dissent
leaderless	leader less
million	million
overpay	over pay
pedicle	pedicle
springlike	spring like
cataract	cataract
dewy	dew y
iniquitous	iniquity ous
primness	prim ness
motherhood	mother hood
greed	greed
longwise	long wise
fragility	fragile ity
condone	condone
clean	clean
acclaim	acclaim
wingless	wing less
hypnotize	hypnotism ize
classic	classic
next	next
domestication	domesticate ion
blockade	blockade
swordsmanship	swordsman ship
supperless	supper less
winkers	wink er s
pleach	pleach
rustic	rustic
inextricably	inextricable ly
attractive	attraction ive
flagellation	flagellate ion
dismember	dis member
chiffonier	chiffon ier
hubbub	hubbub
lounge	lounge
forgetfulness	forgetful ness
crispness	crisp ness
particularize	particular ize
monotheistic	monotheism ic
greeting	greeting
depiction	depict ion
mistaken	mistaken
nirvana	nirvana
skive	skive
wadding	wadding
undertaking	undertaking
overmaster	over master
undershirt	under shirt
parlance	parlance
heretical	heretic al
affront	affront
greenish	green ish
nautically	nautical ly
nineteenth	nineteen th
offertory	offer ory
rood	rood
obliteration	obliterate ion
teller	tell er
dodger	dodge er
affluence	affluent ence
conduciveness	conducive ness
soothe	soothe
dory	dory
deepen	deep en
wooded	wood ed
dryer	dry er
anomalously	anomalous ly
pupal	pupa al
wine	wine
ashen	ash en
rook	rook
grand	grand
goer	go er
actuate	act ate
oceanic	ocean ic
inundation	inundate ion
regulator	regulate or
saddler	saddle er
windy	wind y
liking	liking
disingenuousness	disingenuous ness
determinism	determine ism
peacefully	peaceful ly
ransom	ransom
ambivalently	ambivalent ly
typesetter	typeset er
threaten	threat en
prude	prude
advantageously	advantageous ly
witlessly	witless ly
thither	thither
hogshead	hog s head
hesitantly	hesitant ly
reproductive	re productive
bast	bast
starkly	stark ly
belay	belay
fruitlessness	fruitless ness
nippiness	nippy ness
official	office ial
fish	fish
colourlessly	colourless ly
ganger	gang er
newmarket	Newmarket
amaze	amaze
cistern	cistern
acrobatic	acrobat ic
conjunctive	conjunctive
sweater	sweat er
piece	piece
forenoon	fore noon
usurer	usury er
carver	carve er
motions	motions
adorn	adorn
entrench	en trench
beggary	beggar y
turbulently	turbulent ly
geographer	geography er
calomel	calomel
extrication	extricate ion
cognoscenti	cognoscenti
starry	star y
rueful	rue ful
cerebrate	cerebrum ate
tine	tine
almond	almond
buffoonery	buffoon ery
bill	bill
embattled	em battle ed
debtor	debt or
palmistry	palmist ry
sternwheeler	stern wheel er
irrecoverably	irrecoverable ly
baggy	bag y
manhattan	manhattan
secrecy	secret cy
system	system
once	once
thank	thank
untowardness	untoward ness
fend	fend
scenarist	scenario ist
underbid	under bid
canoeist	canoe ist
alarm	alarm
enlightened	enlightened
fives	fives
solicitous	solicit ous
supervisor	supervise or
inspectorate	inspector ate
foreplay	fore play
courtly	court ly
gunge	gunge
psychedelic	psychedelic
beggarly	beggar ly
interpellation	interpellate ion
diagnostic	diagnosis ic
captain	captain
easel	easel
possessively	possessive ly
remilitarize	re militarize
obsessive	obsession ive
furze	furze
filbert	filbert
crimp	crimp
tomboyish	tomboy ish
machinery	machine ery
freehand	freehand
retch	retch
lascar	lascar
chicken	chicken
aphasic	aphasia ic
prognosticator	prognosticate or
bonesetter	bone set er
unbelief	un belief
inkily	inky ly
incline	incline
pogrom	pogrom
preservable	preserve able
dude	dude
powerlessly	powerless ly
singe	singe
reliability	reliable ity
leprechaun	leprechaun
pallet	pallet
wrench	wrench
preserver	preserve er
redundantly	redundant ly
unsyllabic	un syllabic
downtown	downtown
orange	orange
negative	negative
hurdler	hurdle er
infatuated	infatuated
jewellery	jewel ery
racing	racing
turban	turban
musical	music al
fiancee	fiancee
undertow	under tow
prosodic	prosody ic
inevitability	inevitable ity
regularization	regularize ation
inconsequentiality	inconsequential ity
photo	photograph
denote	de note
anodyne	anodyne
sonority	sonorous ity
cleanse	cleanse
smoocher	smooch er
incurably	incurable ly
nightmarish	nightmare ish
defame	de fame
masterless	master less
freeholder	freehold er
safeness	safe ness
cunt	cunt
adaptation	adapt ation
confectionery	confection ery
disregard	disregard
yule	yule
slob	slob
cruelly	cruel ly
balance	balance
conscript	conscript
into	in to
southeastward	southeastward
machinate	machine ate
enjoyably	enjoyable ly
prostrate	prostrate
devil	devil
ting	ting
enthralled	enthralled
relevantly	relevant ly
national	national
ready	ready
ethnologically	ethnological ly
factor	factor
inquisitorial	inquisitor ial
wyvern	wyvern
lemur	lemur
orientalist	oriental ist
dynamic	dynamic
venomous	venom ous
weather	weather
fourth	fourth
liana	liana
graceless	grace less
gallantry	gallant ry
admiringly	admiring ly
scandalously	scandalous ly
anemone	anemone
valuer	value er
indefeasible	in defeasible
palsy	palsy
disgruntled	disgruntled
awkwardness	awkward ness
realize	real ize
trigger	trigger
rig	rig
breathlessness	breathless ness
booster	boost er
thermion	thermo ion
needy	need y
alluring	alluring
coat	coat
vole	vole
uncharitable	un charitable
limit	limit
pontificals	pontifical s
constitutionalize	constitutional ize
coupon	coupon
involuntariness	involuntary ness
contrariwise	contrary wise
ragged	rag ed
influential	influence ial
impetuously	impetuous ly
misjudge	mis judge
woman	woman
prepossess	pre possess
weeping	weeping
lateness	late ness
hit	hit
jumble	jumble
duplicator	duplicate or
algorithm	algorithm
corrosively	corrosive ly
obligingly	obliging ly
scarify	scar ify
godlike	god like
anthem	anthem
facer	face er
vest	vest
diabetic	diabetes ic
speciously	specious ly
overwhelmingly	overwhelming ly
callowness	callow ness
olden	old en
redistribution	redistribute ion
dalmatian	Dalmatia an
manhood	man hood
tonality	tonal ity
communism	commune ism
dismally	dismal ly
looks	looks
incarceration	incarcerate ion
beauteously	beauteous ly
display	display
cater	cater
shod	shod
wherein	where in
acceptability	acceptable ity
traditionalism	traditional ism
reaper	reap er
venous	vein ous
paving	paving
envious	envy ous
folklorist	folklore ist
employee	employ ee
indiscipline	in discipline
grumbling	grumbling
grippingly	gripping ly
lagoon	lagoon
whine	whine
outwards	outward s
electronics	electronic s
centre	centre
infinity	infinite y
tarantelle	tarantelle
compressibility	compressible ity
dyspeptic	dyspeptic
phobic	phobic
distinctive	distinction ive
mendaciously	mendacious ly
callosity	callous ity
eroticism	erotic ism
formlessly	formless ly
dare	dare
heptagonal	heptagon al
superman	super man
kirsch	kirsch
perversion	pervert ion
insalubrious	in salubrious
diametrically	diametrical ly
iconoclastic	iconoclast ic
twerp	twerp
confessor	confess or
little	little
progress	progress
seductive	seduction ive
likeness	like ness
humus	humus
she	she
punk	punk
vacantly	vacant ly
industrialist	industrialism ist
mettlesome	mettle some
tepidity	tepid ity
iambic	iamb ic
are	are
discourteously	discourteous ly
casserole	casserole
ghetto	ghetto
paints	paints
pulp	pulp
dolorous	dolour ous
unruliness	unruly ness
annunciation	announce ation
shoal	shoal
nog	nog
fieldsman	field s man
rift	rift
ardently	ardent ly
shew	shew
rebellion	rebel ion
cow	cow
intelligibly	intelligible ly
angelically	angelical ly
immorality	immoral ity
syllogistic	syllogism ic
offhanded	offhand ed
probing	probing
clink	clink
slighting	slighting
italic	italic
wood	wood
bask	bask
headachy	headache y
showily	showy ly
jive	jive
suck	suck
mew	mew
picnicker	picnic er
backfire	backfire
topaz	topaz
alcoholism	alcohol ism
adroitly	adroit ly
snort	snort
lettuce	lettuce
lamely	lame ly
anachronistically	anachronistic ally
rosin	rosin
growlingly	growling ly
cravenness	craven ness
sheltered	sheltered
mercenary	mercenary
piquancy	piquant ancy
vent	vent
drum	drum
indenture	indenture
foursome	four some
paunch	paunch
categorize	category ize
daydreamer	daydream er
cervical	cervix al
underarm	under arm
dixie	dixie
chemical	chemical
lettering	lettering
outboard	out board
misgiving	mis giving
risky	risk y
loco	loco
impressionist	impressionist
practised	practised
rehouse	re house
blond	blond
predominant	predominate ant
crooner	croon er
pacifier	pacify er
adroitness	adroit ness
wrinkly	wrinkle y
warmness	warm ness
misdeed	mis deed
wheat	wheat
festoon	festoon
scamper	scamp er
overbear	over bear
colourful	colour ful
aspiration	aspire ation
disproportionately	disproportionate ly
childhood	child hood
unnatural	un natural
ice	ice
eighty	eighty
epitomize	epitome ize
cryptical	crypt ical
slips	slips
carefulness	careful ness
bump	bump
fingerprint	fingerprint
unsparingly	unsparing ly
habit	habit
hotelier	hotel ier
pacesetter	pace set er
insult	insult
nonviolent	non violent
apocalyptically	apocalyptic ally
galleon	galleon
penetratively	penetrative ly
advanced	advanced
driving	driving
evergreen	evergreen
compatibly	compatible ly
wetting	wetting
subjectivity	subjective ity
toxicologist	toxicology ist
mathematically	mathematical ly
photography	photograph y
nurture	nurture
outback	outback
defrayal	defray al
alert	alert
pupate	pupa ate
blankly	blank ly
bit	bit
lakh	lakh
inflatable	inflate able
steadiness	steady ness
carbonization	carbonize ation
eastward	eastward
yawl	yawl
diffusion	diffuse ion
prosaically	prosaic ally
diligently	diligent ly
electrician	electricity ian
misquotation	misquote ation
boundlessly	boundless ly
preparedness	prepared ness
swallowtailed	swallow tail ed
mitigation	mitigate ion
cheapen	cheap en
walking	walking
plentifully	plentiful ly
garrison	garrison
suet	suet
lamentable	lament able
emollient	emollient
springy	spring y
subconsciousness	subconscious ness
decently	decent ly
abjection	abject ion
chub	chub
bistro	bistro
seamy	seam y
presuming	presuming
trendy	trendy
polypous	polyp ous
overdraft	over draft
penuriously	penurious ly
preach	preach
commercially	commercial ly
carbuncle	carbuncle
prehistorical	prehistory ical
noisy	noise y
admittedly	admit ed ly
simple	simple
changeably	changeable ly
navel	navel
bismuth	bismuth
weekly	week ly
jumpily	jumpy ly
inactivity	inactive ity
uncertainly	uncertain ly
fat	fat
bonded	bonded
pad	pad
oval	oval
skating	skating
heave	heave
wane	wane
refill	refill
disquieting	disquieting
modishly	modish ly
boorish	boor ish
coddle	coddle
principal	principle al
crumbly	crumble y
indent	in dent
retrial	re trial
delft	delft
submerged	submerged
marshy	marsh y
anthropoid	anthropoid
redaction	redact ion
corrective	correction ive
plainly	plain ly
denotation	denote ation
crosscountry	crosscountry
modernize	modern ize
villeinage	villein age
bonnet	bonnet
sneering	sneering
composite	composite
maidenhood	maiden hood
moil	moil
vagueness	vague ness
observingly	observing ly
preserve	preserve
dogmatical	dogma ical
inhuman	in human
appraisal	appraise al
latex	latex
warden	warden
rouse	rouse
wheresoever	wheresoever
bridle	bridle
insensate	in sense ate
cumin	cumin
educated	educated
survey	survey
speeding	speeding
anything	anything
running	running
ditch	ditch
white	white
ingrown	in grown
otherwise	other wise
euphemistically	euphemistic ally
democratize	democrat ize
kedgeree	kedgeree
intended	intended
rumble	rumble
rubber	rubber
conservationist	conservation ist
marten	marten
trope	trope
capital	capital
trafficker	traffic er
boggle	boggle
gasification	gasify ation
vein	vein
outplay	out play
affix	affix
bastinado	bastinado
steed	steed
plosive	plosive
disappointingly	disappointing ly
aforesaid	aforesaid
actinic	actinism ic
assuage	assuage
primitively	primitive ly
firth	firth
allopathic	allopathy ic
disfavour	dis favour
intellectual	intellectual
smugly	smug ly
will	will
decline	decline
statuary	statue ary
saute	saute
seventeenth	seventeen th
utilizable	utilize able
mouth	mouth
ringer	ring er
monitor	monitor
shuffler	shuffle er
cajole	cajole
drat	drat
multitudinously	multitudinous ly
thirtieth	thirtieth
harmlessly	harmless ly
inaugural	in augur al
fag	faggot
mistrust	mistrust
inedible	in edible
crank	crank
whereby	whereby
synthesizer	synthesize er
intentness	intent ness
erectness	erect ness
efficacious	efficacy ous
trample	trample
colonization	colonize ation
colloquial	colloquy al
unfortunate	unfortunate
hymn	hymn
conclave	conclave
imitator	imitate or
grieve	grieve
euphoric	euphoria ic
assignation	assign ation
attach	attach
wavy	wave y
knobby	knob y
keynote	keynote
extremities	extremities
legislator	legislate or
donnish	don ish
pope	pope
hypocritically	hypocritical ly
scholarly	scholar ly
digression	digress ion
stoneless	stone less
reverberation	reverberate ion
haggis	haggis
deadly	deadly
wattle	wattle
cork	cork
contender	contend er
reformative	reformation ive
saxophonist	saxophone ist
cockeyed	cock eye ed
consonant	consonant
mastic	mastic
divergence	divergent ence
ape	ape
lastly	last ly
extraneously	extraneous ly
knitting	knitting
dumpiness	dumpy ness
emir	emir
manoeuvrer	manoeuvre er
barn	barn
clingy	cling y
commensurably	commensurable ly
blotch	blotch
irritable	irritate able
cruet	cruet
sincerely	sincere ly
rubberize	rubber ize
ethnographic	ethnography ic
agitated	agitated
bolster	bolster
proposer	propose er
impassive	im passion ive
crying	crying
chickenhearted	chicken heart ed
deuced	deuce ed
romper	romp er
postal	post al
centrally	central ly
squareness	square ness
impracticality	impractical ity
magnificently	magnificent ly
pain	pain
flawless	flaw less
streamlet	stream let
caginess	cagey ness
deary	dear y
bobs	bob s
disinfection	disinfect ion
band	band
stagily	stagy ly
whenever	whenever
gropingly	grope ing ly
tempest	tempest
beard	beard
prevarication	prevaricate ion
fractiously	fractious ly
buffer	buffer
ethnographically	ethnographic ally
cubical	cube ical
crotchety	crotchet y
suitableness	suitable ness
vivisectionist	vivisection ist
starve	starve
overawe	over awe
socialize	social ize
bate	bate
sponginess	spongy ness
psalmody	psalm y
rarity	rare ity
staggeringly	staggering ly
flightiness	flighty ness
shag	shag
whereabouts	where about s
galosh	galosh
smallness	small ness
griminess	grimy ness
standoffishly	standoffish ly
foremost	fore most
utopian	utopia an
ambivalence	ambivalent ence
chieftainship	chieftain ship
convolute	convolute
metallurgical	metallurgy ical
offset	offset
prerequisite	pre requisite
vault	vault
sedately	sedate ly
outre	outre
eleventh	eleventh
blandness	bland ness
discerning	discerning
wealthily	wealthy ly
fillip	fillip
morbidity	morbid ity
uncertain	un certain
swot	swot
plunder	plunder
hyphenate	hyphen ate
cloth	cloth
fluidity	fluid ity
tolerable	tolerate able
wed	wed
ladder	ladder
matchlessly	matchless ly
relic	relic
carnally	carnal ly
maliciously	malicious ly
sorcerer	sorcery er
assegai	assegai
sextuplet	sextuplet
audition	audit ion
penurious	penury ous
serpent	serpent
sequin	sequin
agnosticism	agnostic ism
diacritic	diacritic
utter	utter
pharisaical	pharisee ical
cream	cream
downwind	downwind
wretchedly	wretched ly
ornamentally	ornamental ly
complexity	complex ity
supercargo	super cargo
bine	bine
stalwartly	stalwart ly
stated	stated
whirr	whirr
unskilled	un skilled
formlessness	formless ness
sociably	sociable ly
instinctive	instinct ive
concuss	concuss
babel	babel
moderation	moderate ion
runnel	runnel
diabolically	diabolical ly
prodigality	prodigal ity
freely	free ly
crave	crave
phagocyte	phagocyte
standoffishness	standoffish ness
potentiality	potential ity
ruddy	ruddy
flounce	flounce
organized	organized
projectile	projectile
pyorrhoea	pyorrhoea
bitumen	bitumen
sprit	sprit
aeration	aerate ion
bulgy	bulge y
disendow	dis endow
despicably	despicable ly
swine	swine
phut	phut
lubricator	lubricate or
gutturally	guttural ly
rower	row er
soaker	soak er
mountain	mountain
receptiveness	receptive ness
divergently	divergent ly
proof	proof
manometric	manometer ic
gazelle	gazelle
culturally	cultural ly
jungle	jungle
parsley	parsley
rendezvous	rendezvous
garishness	garish ness
work	work
piper	pipe er
directive	direction ive
scratch	scratch
narcissist	narcissism ist
assess	assess
swindle	swindle
harlot	harlot
professedly	professed ly
tidily	tidy ly
growth	grow th
destitution	destitute ion
unknown	un known
transcription	transcribe ion
doubtless	doubt less
undesirably	undesirable ly
totality	total ity
renunciation	renounce ation
earthling	earth ling
stoutly	stout ly
charivari	charivari
photograph	photograph
dictate	dictate
lusty	lust y
winnings	winning s
conservatively	conservative ly
pompous	pomp ous
incidence	incident ence
genie	genie
ferocious	ferocity ous
slenderness	slender ness
ion	ion
malcontented	malcontent ed
coup	coup
sorrow	sorrow
mollusc	mollusc
calla	calla
speak	speak
file	file
marketability	marketable ity
reforestation	reforest ation
pitifulness	pitiful ness
shakiness	shaky ness
candied	candied
reminiscences	reminiscences
sting	sting
twirl	twirl
unclad	un clad
imperative	imperative
drapery	drape ery
minutely	minute ly
then	then
foretaste	fore taste
curability	curable ity
worriedly	worried ly
trippingly	tripping ly
pusher	push er
loftily	lofty ly
tireless	tire less
intensely	intense ly
adversity	adverse ity
coiffured	coiffure ed
chinless	chin less
elaborately	elaborate ly
decimal	decimal
nosy	nose y
goodbye	goodbye
coastwise	coastwise
rutting	rut ing
aggregation	aggregate ion
shopping	shopping
sexually	sexual ly
reinforce	re enforce
racist	racist
pump	pump
ablutions	ablutions
mist	mist
caliph	caliph
japan	japan
hoarsely	hoarse ly
gaggle	gaggle
stark	stark
elusiveness	elusive ness
link	link
wise	wise
workable	work able
sequencing	sequence ing
funniness	funny ness
pacifist	pacifism ist
hooch	hooch
lychee	lychee
experience	experience
persecutor	persecute or
riverside	riverside
tearlessly	tearless ly
numismatics	numismatic s
detention	detain ion
legalization	legalize ation
letters	letters
fucker	fuck er
sizing	size ing
puce	puce
reputedly	reputed ly
misadventure	mis adventure
inorganically	inorganic ally
selector	select or
streamlined	streamlined
corroboration	corroborate ion
angling	angling
fiscally	fiscal ly
parliamentary	parliament ary
questioner	question er
syndication	syndicate ion
blasted	blasted
prophylactically	prophylactic ally
wariness	wary ness
occupy	occupy
varied	varied
avowal	avow al
unwilling	un willing
boisterously	boisterous ly
sighting	sighting
realness	real ness
rescuer	rescue er
whitening	whitening
hockey	hockey
melodiously	melodious ly
rehabilitate	re habilitate
copse	copse
limpidly	limpid ly
train	train
earthen	earth en
formalist	formalism ist
tranquillity	tranquil ity
baptismal	baptism al
middy	midshipman y
hardy	hard y
capably	capable ly
rigging	rigging
indivisibility	indivisible ity
unpretentiousness	unpretentious ness
indulge	indulge
functional	function al
adventure	adventure
priory	prior ory
towelling	towelling
anthologist	anthology ist
delightful	delight ful
closet	closet
meliorism	meliorate ism
jobless	jobless
vicariousness	vicarious ness
moreover	more over
directorate	director ate
sporadically	sporadic ally
leeringly	leering ly
deleteriously	deleterious ly
recorder	record er
foresight	fore sight
exaggeration	exaggerate ion
kip	kip
chambers	chambers
joylessness	joyless ness
instantaneousness	instantaneous ness
daintiness	dainty ness
aspidistra	aspidistra
narcissistically	narcissistic ally
gleefully	gleeful ly
agave	agave
dividers	divide er s
detrain	de train
philosophic	philosophy ic
dewiness	dewy ness
fate	fate
vaccinate	vaccine ate
untenable	un tenable
brush	brush
vividness	vivid ness
complacently	complacent ly
mascot	mascot
confidentiality	confidential ity
amphibious	amphibian ous
merchant	merchant
passionateness	passionate ness
dejectedly	dejected ly
assemblage	assemble age
gangrene	gangrene
heterosexually	heterosexual ly
canton	canton
movable	movable
love	love
peony	peony
slavishly	slavish ly
distrust	distrust
apparel	apparel
graphics	graphic s
privileged	privilege ed
trustee	trust ee
prehistorically	prehistorical ly
insulation	insulate ion
dinosaur	dinosaur
drill	drill
gerrymander	gerrymander
fourthly	fourth ly
invaluable	in valuable
pyramid	pyramid
unstring	un string
sisterhood	sister hood
proof	prove
lesser	lesser
inaptness	inapt ness
repentant	repent ant
henna	henna
purebred	purebred
eclectically	eclectic ally
maundy	maundy
decongestant	de congest ant
dug	dug
chivalrously	chivalrous ly
harbourer	harbour er
about	about
sapling	sap ling
sabra	sabra
stalwart	stalwart
pet	pet
despair	despair
admirably	admirable ly
tusk	tusk
breach	breach
sadist	sadism ist
corm	corm
disagreeably	disagreeable ly
semantics	semantic s
dunk	dunk
wrapping	wrapping
darkness	dark ness
sardine	sardine
satanic	Satan ic
zebra	zebra
smoker	smoke er
outbalance	out balance
reform	reform
mobile	mobile
obstructiveness	obstructive ness
unionize	union ize
purl	purl
refraction	refract ion
thermostatic	thermostat ic
fraternally	fraternal ly
venison	venison
eared	ear ed
neither	neither
lengthy	length y
fanatical	fanatic al
intermission	intermit ion
blister	blister
peep	peep
kittenishly	kittenish ly
mantilla	mantilla
forwards	forward s
provably	provable ly
congruently	congruent ly
solubility	soluble ity
dribble	dribble
emphasize	emphasis ize
accessibility	accessible ity
outwit	out wit
inaptly	inapt ly
starveling	starve ling
reviser	revise er
veterinarian	veterinary an
boastfully	boastful ly
substantive	substantive
booziness	boozy ness
abbot	abbot
desegregation	desegregate ion
argon	argon
fervently	fervent ly
verbena	verbena
hieroglyphics	hieroglyphic s
saxifrage	saxifrage
ravishing	ravishing
noiselessness	noiseless ness
nail	nail
sumac	sumac
continent	continent
grumpily	grumpy ly
retract	retract
dancer	dance er
halo	halo
sound	sound
venerable	venerate able
discursiveness	discursive ness
lovable	love able
entrenched	entrenched
mayoralty	mayoral ty
outcaste	out caste
reward	reward
journalist	journalism ist
conservatory	conservation ory
disorganize	dis organize
clavicle	clavicle
prepared	prepared
insensibility	insensible ity
subway	sub way
mains	mains
bloodlessness	bloodless ness
mizzen	mizzen
shelf	shelf
porterage	porter age
dub	dub
secularize	secular ize
criminal	criminal
nightmarishness	nightmarish ness
clan	clan
penetratingly	penetrating ly
christening	christening
pollen	pollen
capsule	capsule
moodily	moody ly
playgoer	play go er
preoccupy	pre occupy
exception	except ion
splodge	splodge
idem	idem
civilly	civil ly
drag	drag
reproachful	reproach ful
preschool	pre school
preoccupied	preoccupied
lyrics	lyrics
neatly	neat ly
musket	musket
tearing	tearing
impishness	impish ness
shrine	shrine
inadequacy	inadequate cy
alliance	ally ance
falcon	falcon
wriggler	wriggle er
breakage	break age
excessively	excessive ly
pituitary	pituitary
chug	chug
overnight	over night
moth	moth
lurid	lurid
overalls	overalls
shore	shore
mall	mall
fossilization	fossilize ation
haunting	haunting
winch	winch
complacence	complacent ence
pippin	pippin
lightship	light ship
spotless	spot less
rhododendron	rhododendron
communicably	communicable ly
con	con
grotesqueness	grotesque ness
hobble	hobble
pursue	pursue
lorn	lorn
beriberi	beriberi
weevil	weevil
hotly	hot ly
rung	rung
derogation	derogate ion
voluptuously	voluptuous ly
clannishness	clannish ness
realtor	realty or
hurtfully	hurtful ly
laxative	laxation ive
hosteller	hostel er
twelve	twelve
courageous	courage ous
tamable	tame able
jittery	jitters y
deceit	deceit
bindery	bind ery
petalled	petal ed
horribly	horrible ly
motherliness	motherly ness
fixedly	fixed ly
adjectival	adjective al
meaningless	meaning less
clam	clam
unalloyed	un alloyed
creek	creek
content	content
legalism	legal ism
foundress	founder ess
condition	condition
commemorative	commemoration ive
dowdily	dowdy ly
portals	portals
coxswain	coxswain
incorrigible	in corrigible
materialist	materialism ist
pruriently	prurient ly
misgovern	mis govern
seditious	sedition ous
somehow	some how
disjunction	dis junction
miscue	miscue
prospects	prospects
driver	drive er
father	father
alliteratively	alliterative ly
dismounted	dismounted
sottishly	sottish ly
acoustic	acoustic
unaware	un aware
worldliness	worldly ness
atheistical	atheist ical
pluck	pluck
evocative	evocation ive
cyst	cyst
thick	thick
swain	swain
surrey	surrey
puritan	puritan
ambassadorial	ambassador ial
motherly	mother ly
reflexes	reflexes
pricily	pricey ly
resentfully	resentful ly
would	would
sublimate	sublimate
gastronomic	gastronomy ic
exclusiveness	exclusive ness
pastry	pastry
impressiveness	impressive ness
accumulator	accumulate or
sepulchral	sepulchre al
waddle	waddle
testatrix	testatrix
yellowish	yellow ish
golden	gold en
dobbin	dobbin
ink	ink
studio	studio
infinitesimal	infinite al
straggler	straggle er
crumple	crumple
validly	valid ly
grounding	grounding
complaisantly	complaisant ly
goofy	goof y
ignition	ignite ion
indexer	index er
jollity	jolly ity
articulately	articulate ly
glare	glare
fauna	fauna
carafe	carafe
ghee	ghee
twig	twig
peninsula	peninsula
ornateness	ornate ness
squall	squall
quean	quean
torpidity	torpid ity
paranoiacally	paranoiac ally
brisk	brisk
officiousness	officious ness
flour	flour
evacuation	evacuate ion
uninhibitedly	uninhibited ly
thankfully	thankful ly
village	village
customary	custom ary
inextricable	in extricable
venomed	venom ed
disavowal	disavow al
screwy	screw y
falsification	falsify ation
copra	copra
reporter	report er
aristocratically	aristocratic ally
modestly	modest ly
pyrites	pyrites
significant	signify ant
refutation	refute ation
belted	belted
teem	teem
productiveness	productive ness
largely	large ly
pomposity	pompous ity
oddly	odd ly
bookmaker	book make er
meanie	mean ie
polarize	polar ize
confusedly	confused ly
fratricidal	fratricide al
damning	damning
crowd	crowd
inhumanity	inhuman ity
loathsomeness	loathsome ness
unquestioned	un questioned
snobbish	snob ish
junketing	junketing
middling	middle ing
crusader	crusade er
loyalist	loyal ist
inconsolable	in console able
frigidity	frigid ity
method	method
drear	drear
birth	bear th
religious	religious
xenophobic	xenophobia ic
entranced	entranced
advances	advances
indelicacy	indelicate cy
cancerous	cancer ous
paradoxically	paradoxical ly
automatic	automaton ic
filmy	film y
crudely	crude ly
narration	narrate ion
ponderable	ponder able
asparagus	asparagus
piously	pious ly
missus	missus
revolutionize	revolution ize
vermilion	vermilion
purism	pure ism
evil	evil
thirstily	thirsty ly
burr	burr
intolerantly	intolerant ly
teg	teg
hotfoot	hotfoot
unparalleled	un paralleled
fifth	fifth
shrapnel	shrapnel
purely	pure ly
glancingly	glancing ly
challenge	challenge
partita	partita
youthfulness	youthful ness
decolonization	decolonize ation
spuriousness	spurious ness
nineteenth	nineteenth
indolently	indolent ly
condenser	condense er
fancily	fancy ly
bodily	body ly
rodent	rodent
timidness	timid ness
daffodil	daffodil
envenom	en venom
bream	bream
giro	giro
metronome	metronome
sac	sac
pirate	pirate
fussiness	fussy ness
axle	axle
supporter	support er
crossover	cross over
doggy	dog y
silliness	silly ness
desensitize	de sensitize
vaccination	vaccinate ion
fornication	fornicate ion
fibber	fib er
vitrify	vitric ify
trumpeter	trumpet er
telegrapher	telegraph er
tracer	trace er
gambler	gamble er
naturalistically	naturalistic ally
pitiable	pity able
sectarianism	sectarian ism
bombastically	bombastic ally
intrusive	intrusion ive
anklet	ankle let
lovely	lovely
lamplighter	lamp light er
impracticably	impracticable ly
gladness	glad ness
instructress	instructor ess
syrup	syrup
shadowboxing	shadowboxing
expertness	expert ness
morn	morn
browse	browse
rein	rein
reach	reach
forcefully	forceful ly
citron	citron
boiler	boil er
genitals	genital s
immediateness	immediate ness
inpouring	inpouring
rust	rust
irresolution	irresolute ion
complainer	complain er
cello	cello
quiet	quiet
infinitely	infinite ly
convoy	convoy
fluoridize	fluoride ize
smirch	smirch
victoria	Victoria
equatorial	equator ial
ben	ben
angostura	angostura
archery	archer ery
suitor	suit or
drab	drab
rustication	rusticate ion
corruptly	corrupt ly
muddy	muddy
silicone	silicone
bathing	bathing
happy	hap y
ever	ever
symbol	symbol
resinate	resin ate
severally	several ly
revenue	revenue
miscellaneousness	miscellaneous ness
sizzle	sizzle
freebooter	free boot er
paranoid	paranoid
schema	schema
precision	precise ion
mouldy	mould y
melon	melon
magnanimously	magnanimous ly
stiffly	stiff ly
the	the
oast	oast
roamer	roam er
specimen	specimen
figure	figure
robust	robust
drowsiness	drowsy ness
centaur	centaur
tubby	tub y
adenoidally	adenoidal ly
toxic	toxin ic
defoliation	defoliate ion
rate	rate
stateside	stateside
argot	argot
cockle	cockle
cheat	cheat
codswallop	codswallop
catcall	catcall
hairless	hair less
bethel	bethel
thoughtful	thought ful
bolero	bolero
trustfulness	trustful ness
seventy	seven ty
distinction	distinct ion
ferociousness	ferocious ness
ineluctably	ineluctable ly
covertly	covert ly
noticeably	noticeable ly
shiny	shine y
fruitfulness	fruitful ness
feudatory	feudal ory
serviette	serviette
interrogative	interrogation ive
propagator	propagate or
conceivably	conceivable ly
vague	vague
surpassingly	surpassing ly
scallop	scallop
rebelliously	rebellious ly
highbrow	highbrow
freighter	freight er
careerist	career ist
unmask	un mask
schooling	schooling
underfed	under fed
morass	morass
closely	close ly
adaptable	adapt able
frills	frills
taunting	taunting
authoress	author ess
speakership	speaker ship
hoaxer	hoax er
flush	flush
heterodoxy	heterodox y
involuntarily	involuntary ly
scribble	scribble
pliable	ply able
incomprehension	in comprehension
altruistic	altruist ic
roue	roue
syllabication	syllabicate ion
befitting	befitting
archdeaconry	archdeacon ry
steady	steady
feat	feat
singular	singular
reliquary	relic ary
aeronautic	aeronaut ic
slit	slit
queerness	queer ness
cot	cot
provincially	provincial ly
cogitation	cogitate ion
mutability	mutable ity
shower	shower
sprawl	sprawl
persecution	persecute ion
spectacled	spectacle ed
brisket	brisket
oblong	oblong
eponymous	eponym ous
flying	flying
release	release
eventuality	eventual ity
southwards	southward s
herbalist	herbal ist
mine	mine
journalism	journal ism
luminously	luminous ly
forefoot	fore foot
ticklish	tickle ish
disafforest	dis afforest
patchouli	patchouli
uneconomic	un economic
purchasable	purchase able
ditto	ditto
unrestrained	un restrained
accession	accede ion
ermine	ermine
choppiness	choppy ness
unapproachable	un approachable
tintinnabulation	tintinnabulum ation
indistinguishably	indistinguishable ly
cosmetician	cosmetic ian
snowball	snowball
indigenously	indigenous ly
indemnification	indemnify ation
tinselly	tinsel y
carburet	carburet
blotter	blot er
proprietary	proprietor ary
trundle	trundle
memorialize	memorial ize
geocentric	geo centre ic
perm	perm
filtration	filtrate ion
credulity	credulous ity
technological	technology ical
rocks	rocks
side	side
woolliness	woolly ness
third	third
disobligingly	disobliging ly
sender	send er
reputation	repute ation
insane	in sane
demonstrative	demonstration ive
positional	position al
cinema	cinema
scattiness	scatty ness
aegis	aegis
controversialist	controversialism ist
instrumental	instrument al
terminably	terminable ly
extenuation	extenuate ion
thermoplastic	thermoplastic
unquestionably	unquestionable ly
potentate	potent ate
tariff	tariff
bordello	bordello
racist	racism ist
rigidly	rigid ly
transaction	transact ion
reserve	reserve
deaden	dead en
separation	separate ion
preponderantly	preponderant ly
canna	canna
squeaker	squeak er
heretically	heretical ly
retailer	retail er
prospector	prospect or
tepee	tepee
misapply	mis apply
deification	deify ation
slalom	slalom
horseshit	horseshit
elfish	elf ish
remilitarization	remilitarize ation
appearances	appearances
knockers	knockers
exogamous	exogamy ous
topically	topical ly
perjurer	perjure er
quavery	quaver y
wrangle	wrangle
sago	sago
aerodynamically	aerodynamic ally
crusted	crust ed
creakiness	creaky ness
barracks	barracks
wench	wench
incredibly	incredible ly
conveyer	convey er
boned	boned
nosiness	nosy ness
bestride	be stride
govern	govern
theologian	theology an
eight	eight
lump	lump
troublemaker	trouble make er
study	study
hurdle	hurdle
hectare	hectare
foreordain	fore ordain
praetorian	praetor ian
sectary	sect ary
delinquent	delinquent
girlishness	girlish ness
porpoise	porpoise
guano	guano
palatial	palace ial
nonassertive	non assertive
haul	haul
sadness	sad ness
graspingly	grasping ly
conditioned	conditioned
strangeness	strange ness
skinny	skin y
trust	trust
trainee	train ee
dangerously	dangerous ly
supremacist	supremacy ist
boob	boob
subconsciously	subconscious ly
correlative	correlative
alternate	alternate
laughingly	laughing ly
yachtsman	yacht s man
mantle	mantle
deucedly	deuced ly
joylessly	joyless ly
uncover	un cover
lucratively	lucrative ly
buster	bust er
casque	casque
unobtrusiveness	unobtrusive ness
powdery	powder y
penalize	penal ize
lesser	less er
delusion	delude ion
vividly	vivid ly
elated	elated
punt	punt
measurable	measure able
solicitousness	solicitous ness
supplementary	supplement ary
dabs	dab s
bloater	bloat er
tangential	tangent ial
interrogation	interrogate ion
outnumber	out number
formless	form less
pretended	pretended
consolidate	con solid ate
guard	guard
luff	luff
sparsely	sparse ly
rhetorical	rhetoric al
opportunely	opportune ly
affectionately	affectionate ly
prospective	prospect ive
adeptly	adept ly
misstate	mis state
permissiveness	permissive ness
dissimulate	dis simulate
past	past
leopardess	leopard ess
swear	swear
privet	privet
retroactively	retroactive ly
mutably	mutable ly
claw	claw
shortening	shortening
grin	grin
doer	do er
shake	shake
dislike	dis like
illuminations	illuminations
inequity	in equity
license	license
removal	remove al
virologist	virology ist
surrealist	surrealism ist
enmesh	en mesh
cataclysmic	cataclysm ic
guile	guile
chord	chord
retool	re tool
stout	stout
reef	reef
sunny	sun y
pardoner	pardon er
bisection	bisect ion
overhear	over hear
hop	hop
soft	soft
oligarch	oligarch
frumpy	frump y
snowiness	snowy ness
underplay	under play
sleeplessness	sleepless ness
drover	drove er
invasion	invade ion
nebula	nebula
quarterly	quarter ly
materially	material ly
sprinkle	sprinkle
maxim	maxim
clerical	cleric al
sans	sans
delouse	de louse
elfishly	elfish ly
contusion	contuse ion
scissor	scissors
stuffily	stuffy ly
abdication	abdicate ion
aquaplane	aquaplane
knacker	knack er
sleety	sleet y
broil	broil
octave	octave
nameless	name less
enraged	enraged
forebode	fore bode
cocoon	cocoon
skyjacker	skyjack er
ideologist	ideology ist
podginess	podgy ness
emulsify	emulsion ify
quibble	quibble
progressive	progress ive
jailer	jail er
upper	upper
mummification	mummify ation
threesome	three some
vengeful	venge ful
squib	squib
separability	separable ity
wild	wild
declension	decline ion
fatness	fat ness
immensely	immense ly
drip	drip
maize	maize
irregularly	irregular ly
curiosity	curious ity
niffy	niff y
pursuit	pursuit
faulty	fault y
unanimity	unanimous ity
thinkable	think able
tomb	tomb
guts	guts
concurrently	concurrent ly
data	data
peek	peek
unmindful	un mindful
wring	wring
restorative	restoration ive
squash	squash
lustiness	lusty ness
palatal	palatal
skiffle	skiffle
graphically	graphic ally
eschatological	eschatology ical
overdrive	over drive
matting	matting
smoke	smoke
swede	swede
inorganic	in organic
remission	remit ion
quarantine	quarantine
beta	beta
masonic	masonic
predominantly	predominant ly
fabrication	fabricate ion
citrus	citrus
maths	mathematics
misconceive	mis conceive
peevishly	peevish ly
funk	funk
shininess	shiny ness
viably	viable ly
accord	accord
counterfeit	counterfeit
inadmissibly	inadmissible ly
disruptive	disruption ive
turbot	turbot
containerize	container ize
brake	brake
demonstratively	demonstrative ly
faithlessness	faithless ness
nebulousness	nebulous ness
crate	crate
amalgamation	amalgamate ion
prohibitive	prohibition ive
tubing	tubing
guru	guru
intermediate	intermediate
tootle	tootle
mocking	mocking
impractically	impractical ly
kaleidoscopic	kaleidoscope ic
horrors	horrors
concretely	concrete ly
beau	beau
duet	duet
furiously	furious ly
congressional	congress al
stanchly	stanch ly
quest	quest
conductivity	conductive ity
mammy	mam y
gloatingly	gloat ing ly
lucid	lucid
nonwhite	non white
chivalrous	chivalry ous
perplexity	perplex ity
cove	cove
seneschal	seneschal
fidgets	fidget s
legibility	legible ity
suddenness	sudden ness
muchness	much ness
hazard	hazard
reversely	reverse ly
unbelievable	un believable
mill	mill
pottage	pot age
shackle	shackle
offices	offices
curmudgeon	curmudgeon
gravely	grave ly
futurity	future ity
mahatma	mahatma
equip	equip
genuinely	genuine ly
essential	essence ial
backhanded	backhanded
tastelessly	tasteless ly
salvage	salvage
thrill	thrill
irretrievably	irretrievable ly
jangle	jangle
philanthropical	philanthropy ical
weekend	weekend
inauspicious	in auspicious
squatter	squat er
goliath	Goliath
mastermind	mastermind
retouch	re touch
magnificence	magnificent ence
drearily	dreary ly
straight	straight
coign	coign
ballista	ballista
proportions	proportions
apoplectic	apoplexy ic
proton	proton
insanitary	in sanitary
allusive	allusion ive
intestate	in testate
inviolability	inviolable ity
wholesaler	wholesale er
admirable	admire able
congruously	congruous ly
malarial	malaria al
tutorial	tutorial
maladroitness	maladroit ness
bloody	blood y
impregnably	impregnable ly
someplace	some place
plagiarize	plagiarism ize
disaffiliate	dis affiliate
shrewd	shrewd
unbar	un bar
socialization	socialize ation
nip	nip
spray	spray
strange	strange
sublet	sub let
alkaline	alkali ine
yid	Yiddish
terpsichorean	Terpsichore an
doc	doctor
sacramental	sacrament al
newscaster	newscast er
hebdomadally	hebdomadal ly
chunk	chunk
sassy	sass y
yielding	yielding
keeper	keep er
rancidity	rancid ity
etcher	etch er
exemplify	example ify
dueller	duel er
pax	pax
tanning	tanning
percussive	percussion ive
elasticity	elastic ity
passing	passing
sightless	sight less
sapper	sap er
refreshments	refreshments
late	late
heavily	heavy ly
mute	mute
burden	burden
nonrestrictive	non restrictive
bode	bode
normal	normal
guillotine	guillotine
identification	identify ation
paladin	paladin
your	your
felucca	felucca
indestructibly	indestructible ly
bleachers	bleachers
pedigree	pedigree
maraud	maraud
toby	toby
perfunctoriness	perfunctory ness
frankfurter	Frankfurt er
extempore	extempore
scandalmongering	scandalmonger ing
ethereally	ethereal ly
advert	advertisement
outstrip	out strip
humane	humane
pig	pig
bigamous	bigamy ous
dowel	dowel
pardon	pardon
catsup	catsup
sprite	sprite
wigged	wig ed
stringently	stringent ly
distension	distend ion
complex	complex
mapping	mapping
nationalistically	nationalistic ally
precipitately	precipitate ly
scholarship	scholar ship
dumps	dumps
sacredness	sacred ness
snipe	snipe
tenderly	tender ly
dance	dance
namedropper	namedrop er
slating	slating
incestuous	incest ous
unlimited	un limited
sprout	sprout
township	town ship
depressingly	depressing ly
nag	nag
contumeliously	contumelious ly
principled	principle ed
plumpness	plump ness
proconsulate	proconsul ate
receipts	receipts
blessedly	blessed ly
staff	staff
collected	collected
gluttonously	gluttonous ly
relative	relation ive
zigzag	zigzag
forsaken	forsaken
everlastingly	everlasting ly
ought	ought
yacht	yacht
laudatory	laud ory
thickness	thick ness
musicianship	musician ship
surrogate	surrogate
wildly	wild ly
entomb	en tomb
thoughtlessness	thoughtless ness
cumulatively	cumulative ly
contrary	contrary
disgorge	dis gorge
limp	limp
eruditely	erudite ly
angle	angle
circular	circular
impertinence	impertinent ence
dizzy	dizzy
reinstate	re instate
outcrop	out crop
fierily	fiery ly
nationwide	nationwide
flavouring	flavouring
casting	casting
conductor	conduct or
stillness	still ness
circulation	circulate ion
privilege	privilege
bright	bright
rewards	rewards
literally	literal ly
trusteeship	trustee ship
wombat	wombat
infection	infect ion
flares	flares
retake	re take
swerve	swerve
prolapse	prolapse
uterine	uterus ine
wizardry	wizard ry
inexactness	inexact ness
uneducated	un educated
puncher	punch er
comment	comment
transplant	transplant
utterable	utter able
prefab	prefabrication
sea	sea
strainer	strain er
worthless	worth less
lovers	love er s
waxy	wax y
devilish	devilish
bafflingly	baffling ly
lazily	lazy ly
wealthy	wealth y
preternaturally	preternatural ly
probationer	probation er
feel	feel
pierce	pierce
flattery	flatter ery
mourner	mourn er
lunch	lunch
blow	blow
betrayer	betray er
suppression	suppress ion
jabberer	jabber er
treacherously	treacherous ly
popper	pop er
appetizingly	appetizing ly
heraldry	herald ry
legendary	legend ary
base	base
neuralgic	neuralgia ic
lob	lob
maiden	maiden
upholder	uphold er
spastic	spastic
trend	trend
enshrine	en shrine
incommensurable	in commensurable
unwittingly	unwitting ly
unlawfully	unlawful ly
corrugation	corrugate ion
magnetism	magnet ism
knot	knot
sever	sever
fewer	few er
narky	nark y
vinyl	vinyl
burst	burst
improperly	improper ly
restfully	restful ly
casuistical	casuist ical
canine	canine
chrome	chrome
disreputable	disrepute able
motorist	motor ist
colon	colon
orgasm	orgasm
declaim	de claim
purgatory	purgation ory
ireful	ire ful
unevenly	un even ly
slowness	slow ness
scrip	scrip
disillusioned	disillusioned
satin	satin
formulaic	formula ic
shocking	shocking
frigidness	frigid ness
mutter	mutter
slushy	slush y
tickler	tickle er
cash	cash
antithetically	antithetical ly
symbolist	symbolism ist
inscrutability	inscrutable ity
indissoluble	in dissoluble
epic	epic
rendering	rendering
singable	sing able
cairn	cairn
antacid	antacid
signal	signal
infra	infra
corrosive	corrosive
anus	anus
boohoo	boohoo
suppressiveness	suppressive ness
concertedly	concerted ly
protestingly	protesting ly
nullity	null ity
soulfulness	soulful ness
interim	interim
faultily	faulty ly
pert	pert
effeteness	effete ness
motionlessly	motionless ly
clockwise	clock wise
commons	common s
uninterested	un interested
ducat	ducat
illumination	illuminate ion
expectantly	expectant ly
indifference	indifferent ence
wigwam	wigwam
inconsequential	in consequential
nipper	nip er
subtenant	sub tenant
brass	brass
quartering	quartering
calligrapher	calligraphy er
unconventional	un conventional
reincarnate	reincarnate
overtime	over time
demagnetize	de magnet ize
mush	mush
foreword	fore word
spectral	spectre al
abettor	abet or
betwixt	betwixt
ropiness	ropey ness
discharge	discharge
marzipan	marzipan
wrestle	wrestle
disapprove	dis approve
pragmatically	pragmatic ally
reticulation	reticulate ion
paynim	paynim
frequent	frequent
senseless	sense less
merge	merge
quiff	quiff
bop	bebop
eulogist	eulogy ist
recite	re cite
specie	specie
twin	twin
stagnation	stagnate ion
tale	tale
lawfulness	lawful ness
governess	governor ess
gad	gad
hitchhiker	hitchhike er
unthinkable	un thinkable
enslave	en slave
politely	polite ly
delicacy	delicate cy
ignominious	ignominy ous
tram	tram
soporifically	soporific ally
requisite	requisite
grief	grieve
harp	harp
generally	general ly
priming	priming
cam	cam
stately	state ly
tungsten	tungsten
variably	variable ly
scandalize	scandal ize
sketchiness	sketchy ness
plaster	plaster
sonny	son y
immodestly	immodest ly
indescribable	in describable
joviality	jovial ity
inbuilt	in built
lazy	laze y
metaphor	metaphor
code	code
brownie	brown ie
restrictively	restrictive ly
pasturage	pasture age
constancy	constant ancy
demystification	demystify ation
misinform	mis inform
potholer	pothole er
harness	harness
snips	snips
fiat	fiat
barley	barley
dislike	dislike
doubtful	doubt ful
hireling	hire ling
beneficially	beneficial ly
impresario	impresario
active	action ive
flatten	flat en
oafishness	oafish ness
catastrophic	catastrophe ic
condescending	condescending
underline	under line
psychoanalytic	psychoanalysis ic
usurp	usurp
litterateur	litterateur
offstage	offstage
counterfeiter	counterfeit er
smacker	smack er
pendulously	pendulous ly
essential	essential
exorbitantly	exorbitant ly
crore	crore
crackling	crackling
theorem	theorem
coincidentally	coincidental ly
smoulder	smoulder
suede	suede
awkwardly	awkward ly
scab	scab
arena	arena
plunk	plunk
tinter	tint er
frightening	frightening
scruple	scruple
inquirer	inquire er
riskiness	risky ness
refugee	refuge ee
drudge	drudge
turn	turn
leasehold	leasehold
perceptiveness	perceptive ness
frilled	frill ed
magnification	magnify ation
airily	airy ly
strumpet	strumpet
resolve	resolve
weirdly	weird ly
numismatist	numismatic ist
ringlet	ring let
contented	contented
patience	patient ence
illumine	illumine
tamale	tamale
chump	chump
counteraction	counteract ion
itinerary	itinerate ary
intelligibility	intelligible ity
hip	hip
iota	iota
oxide	oxide
detour	detour
disallow	dis allow
fairish	fair ish
fore	fore
vandalize	vandal ize
cannibal	cannibal
blinder	blind er
exportable	export able
androgynous	androgyne ous
thine	thine
panties	pants y s
ravings	raving s
sweaty	sweat y
bohemian	Bohemia an
branch	branch
spare	spare
hookah	hookah
peacemaker	peace make er
piddling	piddling
insincere	in sincere
kitschy	kitsch y
leakiness	leaky ness
cantankerously	cantankerous ly
secessionist	secession ist
defalcation	defalcate ion
recalcitrant	recalcitrant
inflated	inflated
indoor	in door
cuirassier	cuirass ier
jewelled	jewel ed
libellous	libel ous
uncomfortably	uncomfortable ly
wimple	wimple
fountain	fountain
toucher	touch er
destructively	destructive ly
charmer	charm er
theistic	theist ic
pompously	pompous ly
burglarize	burglar ize
whippy	whip y
inhabitable	inhabit able
madness	mad ness
offensively	offensive ly
gilding	gilding
genetically	genetic ally
cyclically	cyclical ly
bayonet	bayonet
accidentally	accidental ly
precincts	precincts
argumentatively	argumentative ly
understudy	under study
deem	deem
observatory	observation ory
chauvinist	chauvinism ist
originator	originate or
subtlety	subtle ty
staggering	staggering
librarianship	librarian ship
equalization	equalize ation
facilities	facilities
loudmouthed	loudmouth ed
polemically	polemical ly
motorize	motor ize
gummy	gum y
breeze	breeze
teachable	teach able
witticism	witty ism
optative	optative
radiantly	radiant ly
welder	weld er
oxidization	oxidize ation
intellectually	intellectual ly
offshore	offshore
flashy	flash y
hopeless	hope less
tradesman	trade s man
desensitization	desensitize ation
racily	racy ly
thievish	thief ish
citation	cite ation
styrene	styrene
drinking	drinking
jumpiness	jumpy ness
myrrh	myrrh
angel	angel
mahjong	mahjong
low	low
venom	venom
sappy	sap y
ambit	ambit
ashes	ashes
aide	aide
operatic	opera ic
ensanguined	ensanguined
quantify	quantity ify
institutionalize	institutional ize
notification	notify ation
ontologically	ontological ly
valorous	valour ous
inlay	inlay
inmate	in mate
anteater	ant eater
campaign	campaign
terpsichorean	terpsichorean
plenteousness	plenteous ness
scaffold	scaffold
needless	need less
cowling	cowling
limitable	limit able
ghastliness	ghastly ness
post	post
illicitly	illicit ly
yob	yob
principally	principal ly
fluster	fluster
spice	spice
perfumier	perfume ier
wrestler	wrestle er
idleness	idle ness
testamentary	testament ary
aside	aside
misguidedly	misguided ly
chalky	chalk y
bloodthirstiness	bloodthirsty ness
oxygenize	oxygen ize
quod	quod
tittle	tittle
messuage	messuage
changeability	changeable ity
trilaterally	trilateral ly
clippie	clip ie
pitiably	pitiable ly
mindlessly	mindless ly
exhaustion	exhaust ion
pricking	pricking
diplomat	diplomat
uncommon	un common
disreputably	disreputable ly
matriarchal	matriarch al
sightliness	sightly ness
spelt	spelt
mire	mire
virulently	virulent ly
sifter	sift er
tights	tight s
flimsily	flimsy ly
vector	vector
restively	restive ly
underground	underground
stocks	stocks
badger	badger
fluorine	fluor ine
artistically	artistic ally
wallaby	wallaby
tat	tat
sublimation	sublimate ion
unconcerned	un concerned
worth	worth
desalination	desalinate ion
amusing	amusing
conceptualize	conceptual ize
liver	live er
falsify	false ify
obsessive	obsessive
key	key
smut	smut
western	western
cleave	cleave
limited	limited
antibiotically	antibiotic ally
whys	why s
mound	mound
pickaback	pickaback
aitch	aitch
upbeat	upbeat
solidification	solidify ation
maidenlike	maiden like
filtrate	filtrate
inventiveness	inventive ness
easiness	easy ness
reversibility	reversible ity
handsome	hand some
sierra	sierra
quern	quern
inestimably	inestimable ly
tactically	tactical ly
infract	infract
fuchsia	fuchsia
discountenance	dis countenance
strategist	strategy ist
fastening	fastening
carcinoma	carcinoma
forfeit	forfeit
adjectivally	adjectival ly
professional	professional
lilliputian	Lilliputian
burn	burn
wintery	winter y
spidery	spider y
busk	busk
rioter	riot er
icing	icing
paring	paring
innocence	innocent ence
umber	umber
humdrum	humdrum
elements	elements
overshot	over shot
detour	de tour
kurus	kurus
reprovingly	reproving ly
protectively	protective ly
recount	re count
besiege	be siege
fumigation	fumigate ion
softener	soften er
experiment	experiment
oiler	oil er
uncork	un cork
lusciousness	luscious ness
lesson	lesson
internationalist	internationalism ist
satisfying	satisfying
criminal	crime al
sparks	sparks
exclusive	exclusive
clairvoyant	clairvoyant
coloured	colour ed
treasonous	treason ous
secretarial	secretary al
imposing	imposing
affirmatively	affirmative ly
karate	karate
terms	terms
jaw	jaw
lusciously	luscious ly
papyrus	papyrus
exceptional	exception al
shaggily	shaggy ly
meaningfulness	meaningful ness
speleological	speleology ical
spectacularly	spectacular ly
quadrophonic	quadrophony ic
demagogy	demagogue y
flier	fly er
leech	leech
reincarnation	reincarnate ion
weakly	weak ly
internee	intern ee
blacken	black en
unceremonious	un ceremonious
inside	inside
subnormal	subnormal
popularly	popular ly
neigh	neigh
downstream	downstream
blindly	blind ly
lineal	line al
spatially	spatial ly
unclean	un clean
quickly	quick ly
uncoloured	un coloured
innocently	innocent ly
revision	revise ion
sceptically	sceptical ly
miller	mill er
crisscross	crisscross
blackly	black ly
wastage	waste age
aunt	aunt
mastication	masticate ion
procreation	procreate ion
largeness	large ness
dissoluble	dis soluble
lax	lax
joinery	join ery
ironclad	ironclad
decide	decide
squelch	squelch
why	why
boil	boil
riveting	riveting
instructional	instruction al
transitively	transitive ly
ten	ten
attitudinize	attitude ize
registration	register ation
elusory	elusion ory
frighteningly	frightening ly
prematurely	premature ly
touching	touching
illegality	illegal ity
wrinkle	wrinkle
pursuer	pursue er
threateningly	threatening ly
undertaker	undertake er
elision	elide ion
vet	vet
elucidatory	elucidation ory
leap	leap
inter	inter
lance	lance
replaceable	replace able
nonsensical	nonsense ical
tumbrel	tumbrel
nonpareil	nonpareil
discus	discus
arresting	arresting
fundamentalist	fundamentalism ist
starling	starling
tragedian	tragedy an
advantageous	advantage ous
impersonally	impersonal ly
elfishness	elfish ness
musty	must y
immaculately	immaculate ly
atrocity	atrocious ity
disorient	dis orient
thug	thug
above	above
dram	dram
league	league
fighting	fighting
deterrent	deterrent
armless	arm less
indeed	in deed
individual	individual
rhythmical	rhythm ical
whereon	whereon
conjunction	conjoin ion
burdensome	burden some
engrossingly	engrossing ly
ringside	ringside
dugong	dugong
wont	wont
parentage	parent age
fudge	fudge
successively	successive ly
eccentric	eccentric
bearing	bearing
contrition	contrite ion
poodle	poodle
scrambler	scramble er
bitingly	biting ly
unperson	un person
forger	forge er
illness	ill ness
space	space
clang	clang
secondly	second ly
cursed	cursed
interpreter	interpret er
pawpaw	pawpaw
psychiatric	psychiatry ic
wash	wash
barebacked	bareback ed
hornlike	horn like
insole	in sole
boaster	boast er
inflammation	inflame ation
jujitsu	jujitsu
finickity	finicky ity
wagon	wagon
cattish	cat ish
inhibitedly	inhibited ly
refuse	refuse
docility	docile ity
elaborateness	elaborate ness
radically	radical ly
cosset	cosset
vigil	vigil
domain	domain
verdict	verdict
kebab	kebab
peaky	peak y
accommodatingly	accommodating ly
cryptographic	cryptography ic
hauntingly	haunting ly
roman	Rome an
undercarriage	under carriage
pound	pound
tuner	tune er
gradualness	gradual ness
paddock	paddock
usher	usher
absentee	absent ee
hypothetical	hypothesis ical
checkmate	checkmate
unhappily	unhappy ly
mare	mare
bosky	bosk y
seethe	seethe
initiation	initiate ion
chest	chest
suzerainty	suzerain ty
serenely	serene ly
tropics	tropics
ventricle	ventricle
unfairly	unfair ly
esoterically	esoteric ally
briefing	briefing
incomparability	incomparable ity
slobber	slobber
derivative	derivation ive
immediacy	immediate cy
metaphorically	metaphorical ly
assumption	assume ion
affirmative	affirmation ive
flaccidity	flaccid ity
tobacconist	tobacco ist
nonaligned	non aligned
thieve	thief
statistics	statistics
unfortunate	un fortunate
harbour	harbour
outwardly	outward ly
sluggishly	sluggish ly
higher	higher
coloured	coloured
tan	tan
kola	kola
nun	nun
soundings	sounding s
costliness	costly ness
jeweller	jewel er
proven	proven
missing	missing
crabby	crab y
dish	dish
planking	planking
momma	momma
eldest	eldest
personalization	personalize ation
seedsman	seed s man
forward	forward
energetically	energetic ally
scrupulousness	scrupulous ness
nth	n th
fewness	few ness
foreskin	fore skin
chain	chain
unerringly	unerring ly
pettiness	petty ness
maggoty	maggot y
melee	melee
increase	increase
choice	choice
perpetually	perpetual ly
fin	fin
interchange	inter change
twirler	twirl er
jimmy	jimmy
concertina	concertina
respectfully	respectful ly
hoarder	hoard er
outport	out port
groove	groove
frilly	frill y
irresponsibly	irresponsible ly
aubergine	aubergine
drudgery	drudge ery
calcine	calcium ine
pellucidly	pellucid ly
biblical	bible ical
loamy	loam y
leftward	leftward
prorogation	prorogue ation
sleeve	sleeve
itemize	item ize
temperamentally	temperamental ly
discontent	discontent
atrophy	atrophy
companionable	companion able
malign	malign
starchy	starch y
anarchistically	anarchistic ally
pageant	pageant
terrific	terrify ic
polysyllabically	polysyllabic ally
incessant	in cease ant
hungrily	hungry ly
glumness	glum ness
installation	install ation
dhoti	dhoti
solid	solid
replace	re place
deceptive	deception ive
dress	dress
organism	organ ism
liqueur	liqueur
rush	rush
categorical	category ical
alone	alone
loopy	loop y
peeress	peer ess
annex	annex
sable	sable
flatness	flat ness
paunchy	paunch y
chairmanship	chairman ship
preciosity	precious ity
sarcastic	sarcasm ic
inexpensive	in expensive
luxuriantly	luxuriant ly
lint	lint
paint	paint
darts	darts
glorification	glorify ation
meteor	meteor
contestable	contest able
canonical	canon ical
conceal	conceal
drizzly	drizzle y
blandly	bland ly
converter	convert er
preparation	prepare ation
guardianship	guardian ship
bun	bun
certain	certain
goalie	goal ie
cough	cough
acceptably	acceptable ly
vibrantly	vibrant ly
sickish	sick ish
eightieth	eighty th
hale	hale
editorially	editorial ly
protect	protect
expensive	expense ive
races	races
gorse	gorse
exhibitionist	exhibitionism ist
scour	scour
opera	opera
tench	tench
ague	ague
borrower	borrow er
accommodation	accommodate ion
neglectful	neglect ful
lucent	lucent
creativity	creative ity
dissenting	dissenting
centennial	centennial
hollowness	hollow ness
divisively	divisive ly
hypo	hypo
syringe	syringe
normal	norm al
woof	woof
lissomly	lissom ly
undivided	un divided
pithiness	pithy ness
disinfect	dis infect
inflamed	inflamed
scroll	scroll
humanity	human ity
nainsook	nainsook
luckiness	lucky ness
praiseworthiness	praiseworthy ness
salad	salad
bohemian	bohemian
broadcaster	broadcast er
ramble	ramble
earful	ear ful
ventilator	ventilate or
holland	holland
alternatively	alternative ly
grouse	grouse
contributory	contribution ory
thanklessness	thankless ness
chap	chap
mature	mature
telegraphist	telegraph ist
toady	toady
veraciously	veracious ly
bulldozer	bulldoze er
discipline	discipline
spirit	spirit
amply	ample ly
combinations	combinations
quit	quit
thorn	thorn
sooty	soot y
ineffaceable	in efface able
succinctness	succinct ness
unhappy	un happy
precipitousness	precipitous ness
contrapuntally	contrapuntal ly
impassiveness	impassive ness
elementarily	elementary ly
old	old
poncy	ponce y
spiritualization	spiritualize ation
gland	gland
recommendation	recommend ation
distillation	distil ation
consolable	console able
smuggler	smuggle er
artistry	artist ry
governmental	government al
wig	wig
neat	neat
makeshift	makeshift
inscrutably	inscrutable ly
racketeering	racketeering
marram	marram
flee	flee
deadliness	deadly ness
self	self
copy	copy
fogginess	foggy ness
airs	airs
kersey	kersey
complainant	complain ant
extract	extract
imposingly	imposing ly
ladylike	lady like
stewardess	steward ess
neglectfulness	neglectful ness
pissed	pissed
woodcutter	woodcut er
fresco	fresco
daiquiri	daiquiri
commandant	command ant
decorously	decorous ly
bilateralism	bilateral ism
whole	whole
nugget	nugget
hideousness	hideous ness
paras	paratroops
merit	merit
dizzily	dizzy ly
precociously	precocious ly
hang	hang
parasitically	parasitical ly
praline	praline
retriever	retrieve er
appointee	appoint ee
selection	select ion
denim	denim
lawless	law less
piglet	pig let
rubbery	rubber y
loquaciousness	loquacious ness
ambassadress	ambassador ess
pardner	pardner
entertaining	entertaining
megrim	megrim
strength	strong th
originality	original ity
shaker	shake er
belligerence	belligerent ence
yeast	yeast
frazzle	frazzle
circumferential	circumference ial
misappropriate	mis appropriate
draconian	Draco ian
cosy	cosy
rattle	rattle
blusterer	bluster er
unbind	un bind
bronchitic	bronchia ic
eraser	erase er
adaptability	adaptable ity
inconsistent	in consistent
rooms	rooms
colicky	colic y
bigamist	bigamy ist
adoptive	adoption ive
unalienable	un alienable
scorer	score er
exploded	exploded
whale	whale
suffering	suffering
penitential	penitence ial
inbred	inbred
humanistic	humanist ic
crushing	crushing
stranded	stranded
rarely	rare ly
uselessness	useless ness
stalemate	stalemate
appellant	appeal ant
loaded	loaded
rimless	rim less
pumpkin	pumpkin
mistime	mis time
onshore	onshore
rather	rather
misfire	misfire
cleaner	clean er
noninterference	non interference
pious	pious
preservation	preserve ation
scintillate	scintillate
recuperation	recuperate ion
overgrown	over grown
quire	quire
effective	effect ive
verbal	verbal
shingly	shingle y
tickle	tickle
flies	flies
golf	golf
explicitly	explicit ly
closefisted	close fist ed
boot	boot
catalpa	catalpa
decay	decay
impassioned	impassioned
indicator	indicate or
surfing	surfing
cretonne	cretonne
cense	incense
thinker	think er
particularity	particular ity
peripatetically	peripatetic ally
pregnancy	pregnant ancy
perplexed	perplexed
pipe	pipe
buffet	buffet
few	few
stimulation	stimulate ion
restriction	restrict ion
demonetize	de monetize
liable	liable
obstructionism	obstruction ism
shagginess	shaggy ness
variously	various ly
solitarily	solitary ly
pusillanimously	pusillanimous ly
politically	political ly
comeliness	comely ness
straiten	strait en
disrobe	dis robe
inexpiably	inexpiable ly
nudge	nudge
fitful	fit ful
controversial	controversy al
banker	bank er
tormentor	torment or
decision	decide ion
walrus	walrus
deserter	desert er
invoice	invoice
alga	alga
sociologically	sociological ly
deliberation	deliberate ion
itchy	itch y
assorted	assorted
powder	powder
singularly	singular ly
phenomenally	phenomenal ly
ninety	nine ty
uppish	up ish
ancient	ancient
outright	out right
counterplot	counterplot
stoned	stoned
inadvertently	inadvertent ly
deception	deceive ion
bitterness	bitter ness
spearhead	spearhead
steps	steps
gang	gang
deckle	deckle
familial	family al
printer	print er
trenchantly	trenchant ly
bogus	bogus
snicker	snicker
nonviolently	nonviolent ly
living	living
bungler	bungle er
shah	shah
harrier	harry er
muddiness	muddy ness
stubborn	stubborn
remount	remount
fiddle	fiddle
thou	thou
pilot	pilot
felicitous	felicity ous
widgeon	widgeon
marge	marge
culottes	culotte s
jealously	jealous ly
tontine	Tonti ine
tonic	tonic
meld	meld
bittiness	bitty ness
thankless	thank less
unobtrusively	unobtrusive ly
sliver	sliver
clinically	clinical ly
cease	cease
embosomed	em bosom ed
vibration	vibrate ion
undersign	under sign
mundanely	mundane ly
sprinkling	sprinkling
taxability	taxable ity
residual	residue al
mechanistic	mechanism ic
slithery	slither y
spiel	spiel
frothy	froth y
profanation	profane ation
unaffected	un affected
roof	roof
prescriptivist	prescriptivism ist
imminence	imminent ence
withe	withe
inherit	inherit
shoulder	shoulder
mackintosh	mackintosh
heir	heir
compacted	compact ed
peddling	peddling
prosperous	prosper ous
wilderness	wild ness
reparations	reparations
crisp	crisp
rotundity	rotund ity
impecuniousness	impecunious ness
refulgence	refulgent ence
nut	nut
mollification	mollify ation
cage	cage
unfamiliar	un familiar
adhesive	adhesion ive
planless	plan less
cancerously	cancerous ly
discernibly	discernible ly
sighted	sight ed
anon	anon
stew	stew
authoritarianism	authoritarian ism
anna	anna
concernedly	concerned ly
blender	blend er
sharpshooter	sharp shoot er
carmine	carmine
astrakhan	astrakhan
nor	nor
sales	sales
loverlike	lover like
restlessness	restless ness
palate	palate
stridence	strident ence
squid	squid
satiric	satire ic
buff	buff
staunch	staunch
confederate	confederate
entail	entail
galloping	galloping
replay	replay
crimson	crimson
ally	ally
heartlessly	heartless ly
said	said
overtone	over tone
glamorization	glamorize ation
clever	clever
vacancy	vacant ancy
petitioner	petition er
helplessly	helpless ly
industrialize	industrial ize
climactic	climax ic
tranny	transistor y
radio	radio
sucrose	sucrose
typically	typical ly
which	which
adversely	adverse ly
scamper	scamper
ticking	tick ing
sentimentality	sentimental ity
purr	purr
arrogantly	arrogant ly
presentably	presentable ly
design	design
hedgehopper	hedgehop er
flirtatiously	flirtatious ly
jugful	jug ful
inequitably	inequitable ly
acid	acid
camphorate	camphor ate
coatee	coat ee
bole	bole
fidget	fidget
embezzler	embezzle er
quarterly	quarterly
power	power
coir	coir
conspiratorial	conspirator ial
proofreader	proofread er
northwesterly	northwest ly
locomotive	locomotive
anonymity	anonymous ity
pointer	point er
courageously	courageous ly
unalterably	un alterable ly
comfrey	comfrey
exam	examination
plaintively	plaintive ly
triteness	trite ness
defroster	defrost er
four	four
infatuate	in fatuous ate
mousy	mouse y
intellect	intellect
batch	batch
chastity	chaste ity
mists	mists
externalization	externalize ation
snugness	snug ness
chronicler	chronicle er
perverseness	perverse ness
burp	burp
sphincter	sphincter
marriage	marry age
plastics	plastic s
hyperbolic	hyperbola ic
thread	thread
clout	clout
unusually	unusual ly
horridness	horrid ness
spavin	spavin
taxable	tax able
scrupulous	scruple ous
burdensomeness	burdensome ness
stoolie	stool ie
hubby	husband y
shorts	short s
delineation	delineate ion
owner	own er
concordant	concord ant
moo	moo
crucially	crucial ly
redistribute	re distribute
carry	carry
midway	midway
braze	braze
geophysical	geophysics al
lee	lee
onerousness	onerous ness
healing	healing
snuffle	snuffle
utopia	utopia
gamma	gamma
devastatingly	devastating ly
barter	barter
indiscreetly	indiscreet ly
crazily	crazy ly
requiem	requiem
wearisome	weary some
fresher	fresh er
reposeful	repose ful
incorporation	incorporate ion
mellowness	mellow ness
equivalence	equivalent ence
sty	sty
preachify	preach ify
nonconformity	non conformity
plaintiff	plaintive
gouge	gouge
elevenses	eleven s es
croon	croon
footballer	football er
delimit	de limit
internationalization	internationalize ation
afloat	afloat
daily	daily
squiggly	squiggle y
expectancy	expectant ancy
roaring	roaring
inspiration	inspire ation
ail	ail
miserable	misery able
exemption	exempt ion
dolorously	dolorous ly
giant	giant
phone	phone
twitch	twitch
crassness	crass ness
agoraphobic	agoraphobic
overweeningly	overweening ly
valueless	value less
parts	parts
operationally	operational ly
expatriate	expatriate
pick	pick
dunce	dunce
shooting	shooting
extroversion	extrovert ion
tastefulness	tasteful ness
darky	dark y
finalist	final ist
discreetly	discreet ly
vetch	vetch
careless	care less
achievable	achieve able
inversely	inverse ly
intransigence	intransigent ence
creative	creation ive
shutter	shut er
covetous	covet ous
transcendentalist	transcendentalism ist
stodge	stodge
snap	snap
sequestered	sequestered
walker	walk er
trillionth	trillion th
excitable	excite able
larboard	larboard
eleven	eleven
conjunct	conjunct
quadruplicate	quadruplicate
attractiveness	attractive ness
mining	mining
soberly	sober ly
magical	magic al
goddam	goddam
encamp	en camp
excision	excise ion
pushily	pushy ly
truism	true ism
reword	re word
unionist	union ist
approval	approve al
insularity	insular ity
legislatively	legislative ly
shapely	shape ly
neutralizer	neutralize er
waspish	wasp ish
sericultural	sericulture al
limbless	limb less
scurry	scurry
excruciatingly	excruciating ly
wife	wife
galumph	galumph
faultless	fault less
horrify	horror ify
mince	mince
medically	medical ly
napkin	napkin
vivaciousness	vivacious ness
nonproliferation	non proliferation
aimlessly	aimless ly
oak	oak
chirpy	chirp y
benignantly	benignant ly
gimmick	gimmick
remark	re mark
republicanism	republican ism
bombastic	bombast ic
wrist	wrist
armed	armed
donjon	donjon
acrimonious	acrimony ous
capitalism	capital ism
voodooism	voodoo ism
praiseworthily	praiseworthy ly
balcony	balcony
bleat	bleat
emotionless	emotion less
upset	upset
purgation	purge ation
create	create
disjointedness	disjointed ness
shits	shits
horizontally	horizontal ly
borstal	borstal
counterclockwise	counterclockwise
pessimistically	pessimistic ally
porker	pork er
boastful	boast ful
preview	pre view
anchor	anchor
boundary	bound ary
perspiration	perspire ation
reciprocity	reciprocal ity
measure	measure
tarnish	tarnish
bedevil	be devil
mimosa	mimosa
nymph	nymph
weediness	weedy ness
hesitation	hesitate ion
nomination	nominate ion
ineradicable	in eradicable
chlorination	chlorinate ion
page	page
drummer	drum er
rewrite	re write
sellotape	sellotape
alveolar	alveolar
aspen	aspen
vastness	vast ness
therein	there in
acquisitiveness	acquisitive ness
comfort	comfort
racy	race y
bruise	bruise
borscht	borscht
wispy	wisp y
buggery	bugger ery
specs	spectacles
surefootedness	surefooted ness
typify	type ify
scald	scald
pandemic	pandemic
jovially	jovial ly
limpness	limp ness
nervous	nerve ous
muster	muster
tousle	tousle
downrightness	downright ness
commodiously	commodious ly
facilitation	facilitate ion
jubilation	jubilate ion
chauvinistically	chauvinistic ally
allowably	allowable ly
slickness	slick ness
greaser	grease er
passable	pass able
without	without
lukewarmness	lukewarm ness
kaolin	kaolin
incomprehensibility	incomprehensible ity
downhearted	down heart ed
invulnerable	in vulnerable
fugue	fugue
tip	tip
accentuate	accent ate
beseechingly	beseeching ly
polemics	polemics
parity	par ity
notary	note ary
kismet	kismet
peg	peg
indecorously	indecorous ly
joggle	joggle
loam	loam
primly	prim ly
herbage	herb age
uncommitted	un committed
speciousness	specious ness
libido	libido
grafter	graft er
absence	absent ence
forgiveness	forgive ness
extension	extend ion
principal	principal
perfectibility	perfectible ity
conically	conical ly
dementedly	demented ly
berry	berry
zoologist	zoology ist
his	his
forbearing	forbearing
overstuffed	over stuffed
attire	attire
bedeck	be deck
encyclical	en cyclical
surmise	surmise
prink	prink
masquerade	masquerade
rehear	re hear
undercurrent	under current
bubble	bubble
crossbred	crossbred
intangibility	intangible ity
recallable	recall able
stinger	sting er
sleepwalker	sleepwalk er
hereditarily	hereditary ly
facing	facing
concentrate	concentrate
characterization	characterize ation
tastefully	tasteful ly
orison	orison
mockery	mock ery
unasked	un asked
stanza	stanza
criminologist	criminology ist
underpay	under pay
wag	wag
endless	end less
teacher	teach er
giver	give er
carryout	carryout
vitalize	vital ize
objector	object or
squirrel	squirrel
superego	super ego
dissimilarity	dissimilar ity
nab	nab
symbolic	symbol ic
variegation	variegate ion
bloomers	bloomer s
struggle	struggle
saltness	salt ness
tailor	tailor
carnival	carnival
openness	open ness
conkers	conkers
indispensably	indispensable ly
slouching	slouching
solipsistic	solipsist ic
trochaic	trochaic
refrigeration	refrigerate ion
marble	marble
darling	darling
grotto	grotto
sahib	sahib
persevering	persevering
territorial	territory al
octagonal	octagon al
composed	composed
superannuation	superannuate ion
unman	un man
speechlessness	speechless ness
loop	loop
sometime	sometime
lioness	lion ess
trivially	trivial ly
breathtakingly	breathtaking ly
telegraphically	telegraphic ally
annuitant	annuity ant
fictitiously	fictitious ly
diametrical	diameter ical
thesaurus	thesaurus
profoundly	profound ly
deliberate	deliberate
measured	measured
riveter	rivet er
sturgeon	sturgeon
constitution	constitute ion
pending	pending
interracially	interracial ly
fishing	fishing
record	record
skateboard	skateboard
roughshod	roughshod
undoing	undoing
anaesthetist	anaesthesia ist
symmetric	symmetry ic
liveried	livery ed
gavotte	gavotte
wintry	winter y
extensively	extensive ly
feebleness	feeble ness
churchgoer	church go er
vary	vary
readiness	ready ness
wonders	wonders
frill	frill
pitifully	pitiful ly
pauperize	pauper ize
conk	conk
instructive	instruction ive
mellow	mellow
redden	red en
philosopher	philosophy er
dig	dig
philologically	philological ly
tincture	tincture
swingeing	swingeing
undeceive	un deceive
metallurgist	metallurgy ist
commutable	commute able
ugliness	ugly ness
skilful	skill ful
piggishness	piggish ness
unlike	unlike
turgidity	turgid ity
herbal	herb al
spryly	spry ly
dacoit	dacoit
conjunctive	conjunction ive
intro	introduction
relatedness	related ness
curative	curative
ambitiously	ambitious ly
professorially	professorial ly
pea	pea
stealthy	stealth y
aimlessness	aimless ness
flirtatious	flirtation ous
exploitation	exploit ation
hither	hither
alcohol	alcohol
tunnel	tunnel
ballistics	ballistic s
polio	polio
loudly	loud ly
playlet	play let
breather	breathe er
recharge	re charge
respite	respite
roadless	road less
reproduce	re produce
facility	facile ity
repentantly	repentant ly
musketry	musket ry
saint	saint
doctrinaire	doctrinaire
treason	treason
inbreeding	inbreeding
telling	telling
merchandise	merchandise
wonderful	wonder ful
needfully	needful ly
sedge	sedge
underhung	under hung
gripping	gripping
grandiloquence	grandiloquent ence
without	with out
repot	re pot
harvester	harvest er
royalty	royal ty
barricade	barricade
epoch	epoch
sofa	sofa
haze	haze
yardage	yard age
egoistically	egoistical ly
rick	rick
breakable	break able
actually	actual ly
irately	irate ly
crib	crib
outline	out line
lobe	lobe
gladiatorial	gladiator ial
significative	signification ive
muggins	muggins
semen	semen
booby	boob y
degree	degree
weep	weep
leaf	leaf
vestry	vest ry
leprous	leper ous
pauperization	pauperize ation
unlikely	un likely
plainswoman	plain s woman
lateral	lateral
extermination	exterminate ion
wreck	wreck
navigable	navigate able
numerical	number ical
officiate	office ate
clearly	clear ly
deformation	deform ation
primordially	primordial ly
handleable	handle able
unctuously	unctuous ly
carious	caries ous
convalescence	convalescent ence
reinsure	re insure
liberally	liberal ly
constrictive	constriction ive
percentage	percent age
tuberculous	tubercle ous
canonize	canon ize
jay	jay
kicks	kicks
slaughterer	slaughter er
penniless	penny less
compile	compile
shopper	shop er
curling	curling
beer	beer
printable	print able
philanthropically	philanthropic ally
milkiness	milky ness
mistakenly	mistaken ly
blather	blather
scruffy	scruff y
progressively	progressive ly
tamarisk	tamarisk
unceasing	un ceasing
vaporization	vaporize ation
rationality	rational ity
paramount	paramount
whey	whey
amateurishness	amateurish ness
specialize	special ize
equalitarian	equalitarian
orderly	order ly
anonymous	anonym ous
scatterbrained	scatter brain ed
crone	crone
pin	pin
bookable	book able
hijacker	hijack er
rehash	re hash
engulf	en gulf
tenuity	tenuous ity
daily	day ly
chow	chow
palaver	palaver
weeds	weeds
relief	relieve
dryad	dryad
human	human
gingko	gingko
apocalyptic	apocalypse ic
buoyancy	buoyant ancy
cunnilinctus	cunnilinctus
vintage	vintage
tremble	tremble
sure	sure
meretriciousness	meretricious ness
pay	pay
progression	progress ion
insubordinate	in subordinate
mornings	morning s
transcendently	transcendent ly
northeast	northeast
unprecedentedly	unprecedented ly
strategic	strategy ic
equivocally	equivocal ly
conveyancer	conveyance er
deposit	deposit
pyrotechnic	pyrotechny ic
jingoism	jingo ism
irrepressibly	irrepressible ly
noncommittal	non commit al
regulo	Regulo
distress	distress
philistinism	philistine ism
standoffish	stand off ish
separator	separate or
disagreeable	disagree able
career	career
friendlessness	friendless ness
pricey	price y
stonily	stony ly
vagina	vagina
ornamentation	ornament ation
periods	periods
curtly	curt ly
variant	variant
overtly	overt ly
militaristic	militarist ic
calendar	calendar
exaggerated	exaggerated
vibrancy	vibrant ancy
hoary	hoar y
fortunate	fortune ate
giggle	giggle
mucky	muck y
gall	gall
luck	luck
rectifier	rectify er
westerner	western er
rigmarole	rigmarole
huskily	husky ly
domination	dominate ion
ceremonial	ceremonial
stretcher	stretch er
princess	prince ess
havoc	havoc
nastily	nasty ly
scrimshaw	scrimshaw
presents	present s
leucotomize	leucotomy ize
embarrassingly	embarrassing ly
magenta	magenta
mad	mad
brown	brown
greasily	greasy ly
tired	tired
logging	logging
competitiveness	competitive ness
repression	repress ion
stubby	stub y
derequisition	de requisition
schizophrenically	schizophrenic ally
reconstitute	re constitute
sublimate	sublime ate
wandering	wandering
ordinance	ordinance
enzyme	enzyme
flabbergast	flabbergast
docker	dock er
methodologically	methodological ly
associate	associate
imbecile	imbecile
impish	imp ish
asphyxiate	asphyxia ate
disloyalty	disloyal ty
authority	author ity
tipsily	tipsy ly
precognition	pre cognition
thicken	thick en
skint	skint
temperately	temperate ly
duly	due ly
demagoguery	demagogue ery
creed	creed
qualify	quality ify
acting	acting
bell	bell
respond	respond
foredoom	fore doom
bazaar	bazaar
brothel	brothel
hibernation	hibernate ion
fosse	fosse
hurricane	hurricane
meaningfully	meaningful ly
pecker	peck er
quizzically	quizzical ly
saltiness	salty ness
depilatory	depilatory
bumper	bump er
substantiate	substance ate
oratorically	oratorical ly
incredible	in credible
vicissitude	vicissitude
illegibility	illegible ity
listless	list less
gulp	gulp
fresh	fresh
villainies	villainy s
weightlessness	weightless ness
younger	younger
willowy	willow y
photographic	photograph ic
psychotic	psychotic
quackery	quack ery
shut	shut
negotiation	negotiate ion
hair	hair
mesmeric	mesmerism ic
rejection	reject ion
overmuch	overmuch
incomparably	incomparable ly
curve	curve
snappishly	snappish ly
homosexuality	homosexual ity
tremolo	tremolo
collie	collie
improvidently	improvident ly
subdivision	subdivide ion
misanthropist	misanthrope ist
clownishness	clownish ness
friend	friend
deflation	deflate ion
daub	daub
externalize	external ize
cosily	cosy ly
caterwaul	caterwaul
toddle	toddle
alienate	alien ate
literately	literate ly
idealize	ideal ize
nonverbally	nonverbal ly
definitely	definite ly
crustiness	crusty ness
sloe	sloe
vaingloriously	vainglorious ly
tit	tit
abusively	abusive ly
stoke	stoke
haven	haven
incredulous	in credulous
rancorous	rancour ous
martini	martini
stage	stage
protectionism	protection ism
devitalization	devitalize ation
aseptically	aseptic ally
crumble	crumble
armada	armada
textile	textile
need	need
rights	rights
noncontributory	non contributory
staunchness	staunch ness
collocation	collocate ion
scone	scone
overtones	overtones
mascara	mascara
lukewarmly	lukewarm ly
pedantic	pedant ic
tacky	tack y
disruptively	disruptive ly
homesickness	homesick ness
unsex	un sex
rancorously	rancorous ly
swathe	swath
disunion	dis union
doleful	dole ful
forwardness	forward ness
jaws	jaws
impeller	impel er
louringly	louring ly
tube	tube
fink	fink
unsparing	un sparing
remedially	remedial ly
peace	peace
rateability	rateable ity
hum	hum
dishearten	dis hearten
transcendentalism	transcendental ism
shortsightedness	shortsighted ness
maverick	maverick
filmable	film able
roominess	roomy ness
interlard	inter lard
epidemic	epidemic
eve	eve
mediocrity	mediocre ity
heedfully	heedful ly
unscrupulousness	unscrupulous ness
owlish	owl ish
teasel	teasel
ship	ship
