krieger	krieg er
wolkig	wolke ig
intendantin	intendant in
abtretung	abtreten ung
pianistin	pianist in
deggendorfer	deggendorf er
radler	radeln er
politikfähigkeit	politikfähig keit
interviewer	interviewen er
selbstbetrüger	selbstbetrug er
schimpflich	schimpf lich
papierhütchen	papierhut chen
andalusierin	andalusien er in
tatzeugin	tatzeuge in
handlich	hand lich
polsterung	polstern ung
befürworterin	befürworten er in
humanisierung	humane isier ung
konfliktträchtigkeit	konfliktträchtig keit
bewährungshelferin	bewährungshelfer in
weichherzigkeit	weichherzig keit
verdächtig	verdacht ig
weindörfchen	weindorf chen
gegenseitigkeit	gegenseite ig keit
tarifvertraglich	tarifvertrag lich
reizung	reizen ung
elektriker	elektrik er
gewinnsüchtig	gewinnsucht ig
konsumsüchtig	konsumsucht ig
langenberger	langenberg er
jetztzeitig	jetztzeit ig
schaltung	schalten ung
verwaltungstechniker	verwaltungstechnik er
vaihinger	vaihingen er
uter	ute er
feindseligkeit	feindselig keit
doppelsieger	doppelsieg er
berufschüler	berufschule er
mißgünstig	mißgunst ig
versumpfung	ver sumpf ung
dorfpolitiker	dorfpolitik er
tartarin	tartare in
akkreditierung	akkreditieren ung
stockung	stocken ung
ballettchefin	ballettchef in
bewegungstherapeutin	bewegungstherapeut in
slawistin	slawe isch ist in
minnesänger	minnesang er
altbauer	altbau er
großhauser	großhaus er
operndirektorin	operndirektor in
überlinger	überlingen er
stromlos	strom los
aufklärer	aufklären er
fortbewegung	fortbewegen ung
kindesmörder	kindesmord er
schulforscherin	schulforscher in
manipulierbarkeit	manipulieren bar keit
staatsbanker	staatsbank er
konfliktfreudigkeit	konfliktfreude ig keit
diskussionsrednerin	diskussionsredner in
gebrechlichkeit	gebrech lich keit
verkünder	verkünden er
abenteuerlustig	abenteuerlust ig
haftfähigkeit	haftfähig keit
jordanierin	jordan ien er in
auswegslos	ausweg los
rostbratwürstchen	rostbratwurst chen
totschlägerin	totschlagen in
auftragsmörder	auftragsmord er
klempnerin	klempner in
schulsenatorin	schulsenator in
steuerzahlerin	steuerzahl er in
einklagbarkeit	einklagen bar keit
böblinger	böblingen er
wirtschaftskorrespondentin	wirtschaftskorrespondent in
momentaner	momentane er
trauzeugin	trauzeuge in
führungslos	führung los
artin	arte in
unverletzlich	un verletzen lich
mandatsträgerin	mandatsträger in
weiblich	weib lich
krisenanfälligkeit	krisenanfällig keit
abteilungsdirektorin	abteilungsdirektor in
krallig	krallen ig
gastreferentin	gastreferent in
übermüdung	über müde ung
verheimlichung	ver heimlich ung
jährlich	jähren lich
verstümmelung	verstümmeln ung
kapitalisierung	kapitale isier ung
umladung	umladen ung
einzeichnung	einzeichnen ung
kanalbauer	kanalbau er
schulpsychologin	schulpsychologe in
lebenskünstlerin	lebenskunst ler in
minimierung	minimieren ung
bereichsleiterin	bereichsleiter in
besteller	bestellen er
henneberger	henneberg er
leitung	leiten ung
produktionsleiterin	produktionsleiter in
ordnung	ordnen ung
mitstreiterin	mitstreiten in
näher	nähen e er
eigenmächtig	eigenmacht ig
trapezkünstlerin	trapezkünstler in
wassersparer	wassersparen er
allgemeingültigkeit	allgemeingültig keit
anstößig	anstoß ig
abartigkeit	abart ig keit
einzahlung	einzahlen ung
muffelig	muffel ig
maiberger	maiberg er
anfechtung	anfechten ung
prorektorin	prorektor in
profifußballer	profifußball er
strapazierbar	strapaze ier bar
transferierung	transfer ier ung
kassierin	kassier in
maler	malen er
nichtwähler	nichtwählen er
kniefällig	kniefall ig
ersttäter	ersttat er
streitbar	streiten bar
unterscheidbar	unterscheiden bar
pfiffigkeit	pfiff ig keit
charlottenburger	charlottenburg er
museumschefin	museumschef in
ingenieurswissenschaftlich	ingenieurswissenschaft lich
fernsehjournalistin	fernsehjournalist in
befindlich	befinden lich
innerstaatlich	inner staat lich
angliederung	angliedern ung
einberufbar	einberufen bar
unterströmung	unterströmen ung
gewöhnlichkeit	gewöhnen lich keit
weltläufigkeit	weltlauf ig keit
wurfgewaltig	wurfgewalt ig
einsatzplaner	einsatzplan er
alkoholikerin	alkohol iker in
trickbetrügerin	trickbetrug er in
unempfindlichkeit	un empfinden lich keit
teilzeitarbeiter	teilzeitarbeit er
hörfunkchefin	hörfunkchef in
vorbereitung	vorbereiten ung
amtsrichterin	amtsrichter in
nachahmer	nachahmen er
energiesparer	energiesparen er
vogelschauer	vogelschau er
faltung	falten ung
unbeweglichkeit	un bewegen lich keit
zirkusbesucher	zirkusbesuch er
bernerin	bern er in
vegetationslos	vegetation los
verwalterin	verwalten er in
unterstützerin	unterstützen er in
bezirkschefin	bezirkschef in
gelenkig	gelenk ig
pieter	piet er
unumkehrbar	un umkehren bar
eigenverantwortlichkeit	eigenverantwortlich keit
unverständlich	unverstand lich
eigennützig	eigennutz ig
amtsinhaberin	amtsinhaber in
bildungsexpertin	bildungsexperte in
kultivierung	kultivieren ung
laserdrucker	laserdruck er
humanistin	human ist in
anbahnung	anbahnen ung
wirkungsvoller	wirkungsvolle er
untermauerung	untermauern ung
füller	füllen er
flughafengesellschafter	flughafengesellschaft er
blockspieler	blockspiel er
verdampfung	ver dampf ung
betrüblich	betrüben lich
unzeitig	unzeit ig
gesamtschüler	gesamtschule er
studienleiterin	studienleiter in
realpolitiker	realpolitik er
freyberger	freyberg er
ergänzung	ergänzen ung
nichtraucher	nichtrauchen er
wohlgefällig	wohlgefallen ig
saugfähigkeit	saugfähig keit
züricherin	zürich er in
musikschullehrerin	musikschullehrer in
bibliotheksbesucher	bibliotheksbesuch er
kamerunerin	kamerun er in
ersatztorhüterin	ersatztorhüter in
beimischung	beimischen ung
taxiunternehmer	taxiunternehmen er
taxifahrerin	taxifahren er in
diebespärchen	diebespaar chen
übernachtung	übernachten ung
nachwuchswissenschaftlerin	nachwuchswissenschaftler in
beispielslos	beispielen los
verwandlungskünstlerin	verwandlungskunst ler in
moldauer	moldau er
blickfänger	blickfang er
arbeitswissenschaftlich	arbeitswissenschaft lich
dichtung	dichten ung
niederwerfung	niederwerfen ung
wahlberlinerin	wahlberliner in
hockeyspielerin	hockeyspielen er in
ruderin	ruder in
fügung	fügen ung
wahlmünchnerin	wahlmünchner in
ernährungswissenschaftlerin	ernährungswissenschaft ler in
besoldungsrechtlich	besoldungsrecht lich
liquidierung	liquide ier ung
unbeständigkeit	un beständig keit
entvölkerung	entvölkern ung
jugendhilfeplaner	jugendhilfeplan er
aufsässigkeit	aufsässig keit
cremetöpfchen	cremetopf chen
laienmusiker	laienmusik er
abschirmung	abschirmen ung
einspringer	einspringen er
verherrlichung	ver herr lich ung
strahlkräftig	strahlkraft ig
anschaulichkeit	anschauen lich keit
praktiker	praktik er
freistilringer	freistilringen er
venezianerin	venezianer in
schwammig	schwamm ig
sendlinger	sendling er
borstig	borste ig
polizeipräsidentin	polizeipräsident in
aspirantin	aspirant in
tischlein	tisch lein
graphikdesigner	graphikdesign er
vizeweltmeisterin	vizeweltmeister in
rudererin	rudern er in
beerdigung	beerdigen ung
volkssprachlich	volkssprache lich
biophysikerin	biophysik er in
kommunikationswissenschaftlerin	kommunikationswissenschaft ler in
messebesucher	messebesuch er
stuttgarter	stuttgart er
dauerparker	dauerparken er
ästhetiker	ästhetik er
wohlfahrtsstaatlich	wohlfahrtsstaat lich
augustin	auguste in
kupferstecherin	kupferstecher in
therapeutin	therapeut in
käsig	käsen ig
notlandung	notlanden ung
kandidatin	kandidat in
stückchen	stück chen
kulturministerin	kulturminister in
tateinheitlich	tateinheit lich
chinesin	china ese in
vernachlässigen	ver nachlassen ig
weiterreichung	weiterreichen ung
folgerung	folgern ung
entrichtung	entrichten ung
energetiker	energetik er
lyoner	lyon er
überweisung	über weise ung
nachtarbeiter	nachtarbeit er
insolvenzrechtlich	insolvenzrecht lich
konvertierbarkeit	konvertieren bar keit
kontrolleurin	kontrolleur in
wassertröpflein	wassertropfen lein
mathematikprofessorin	mathematikprofessor in
musikkritikerin	musikkritik er in
thronnachfolger	thronnachfolge er
aufsteiger	aufsteigen er
kulturbürgermeisterin	kulturbürgermeister in
spannungslos	spannen ung los
sumpfig	sumpf ig
flußschiffer	flußschiff er
musikerin	musik er in
hofheimerin	hofheim er in
männerfreundlich	männerfreund lich
kartenleger	kartenlegen er
gesundschreibung	gesundschreiben ung
verschnörkelung	ver schnörkel ung
verschiedenartigkeit	verschiedenartig keit
trommlerin	trommeln er in
provinzpolitiker	provinzpolitik er
bildungsministerin	bildungsminister in
rempler	rempeln er
tontäfelchen	tontafel chen
vortäuschung	vortäuschen ung
baudirektorin	baudirektor in
reichenberger	reichenberg er
umfriedung	um fried ung
diffamierung	diffamieren ung
menschenähnlichkeit	menschenähnlich keit
akademikerin	akademiker in
geistlichkeit	geist lich keit
lehner	lehen er
drehbar	drehen bar
sportpädagogin	sportpädagoge in
rottenberger	rottenberg er
überparteilichkeit	über partei lich keit
vorsichtigkeit	vorsicht ig keit
litauer	litauen er
teigig	teig ig
weiterleitung	weiterleiten ung
nachtschichtarbeiter	nachtschichtarbeit er
regierungspräsidentin	regierungspräsident in
glashauser	glashaus er
kehrer	kehre er
staatsrechtlich	staatsrecht lich
beherrschung	beherrschen ung
gebrauchslyriker	gebrauchslyrik er
überflüssigkeit	über flüssig keit
hanauerin	hanau er in
vermenschlichung	ver mensch lich e ung
abmagerung	abmagern ung
loslösung	loslösen ung
werbegrafiker	werbegrafik er
cheftrainerin	cheftrainer in
örtlichkeit	örtlich keit
namibierin	namibia er in
leiterin	leiten er in
disziplinarrechtlich	disziplinarrecht lich
wiederauferstehung	wiederauferstehen ung
delegierung	delegieren ung
ablenkung	ablenken ung
rückhaltslos	rückhalt los
politikwissenschaftlich	politikwissenschaft lich
wahlverliererin	wahlverlierer in
belohnung	belohnen ung
bauhauptgewerblich	bauhauptgewerbe lich
fremdrassig	fremdrasse ig
frauensteiner	frauenstein er
antichristlich	antichrist lich
italienerin	italien er in
osteuropäerin	osteuropäer in
baumlos	baum los
sorglos	sorge los
studienkollegin	studienkollege in
mergentheimer	mergentheim er
schrecklich	schreck lich
bienenzüchter	bienenzucht er
neuenburger	neuenburg er
privatgutachter	privatgutachten er
zieher	ziehen er
tanin	tan in
grundstücksverkäufer	grundstücksverkauf er
gutmütigkeit	gutmütig keit
unbestechlich	un bestechen lich
gottesauer	gottesaue er
angreiferin	angreifen er in
einwanderungsministerin	einwanderungsminister in
rottaler	rottal er
besitzerin	besitzen er in
verzückung	verzücken ung
scheckig	schecke ig
kirchenreformer	kirchenreform er
ungeschlechtlich	un geschlecht lich
vordenker	vordenken er
solotänzerin	solotanz er in
menschenwürdig	menschenwürde ig
weinberger	weinberg er
kalifornierin	kalifornien er in
erstickung	ersticken ung
martin	marte in
philosophielehrerin	philosophielehrer in
anstifterin	anstiften in
weißrussin	weißrusse in
wechselburger	wechselburg er
armbruster	armbrust er
erziehbar	erziehen bar
galerieleiterin	galerieleiter in
wissenschaftstheoretikerin	wissenschaftstheoretiker in
urlauberin	urlaube er in
glücksschweinchen	glücksschwein chen
kelkheimer	kelkheim er
spielgestalterin	spielgestalter in
seiler	seil er
ziellos	ziel los
landeschefin	landeschef in
herausgeber	herausgeben er
volksfeindlichkeit	volksfeind lich keit
nachwuchsmusikerin	nachwuchsmusiker in
thrakerin	thraker in
investmentsparer	investmentsparen er
entfaltung	entfalten ung
anhänglich	anhang lich
pfadfinderin	pfadfinder in
delegationsleiterin	delegationsleiter in
sternberger	sternberg er
sorgfältig	sorgfalt ig
hongkonger	hongkong er
rekordhalterin	rekordhalter in
wiedererweckung	wiedererwecken ung
wouter	wout er
scheidung	scheiden ung
schwermütig	schwermut ig
transportunternehmer	transportunternehmen er
veräußerung	veräußern ung
wissenschaftsfeindlichkeit	wissenschaftsfeindlich keit
urteilsfähigkeit	urteilsfähig keit
verantwortungslos	verantworten ung los
librettistin	librettist in
baller	ballen er
pastellfarbig	pastellfarbe ig
möglinger	möglingen er
überführung	überführen ung
dustin	dust in
weitschweifigkeit	weitschweifig keit
zufälligkeit	zufallen ig keit
leidensfähigkeit	leidensfähig keit
parteipolitiker	parteipolitik er
betriebsratslos	betriebsrat los
wartenberger	wartenberg er
physikstudentin	physikstudent in
ausführlich	ausfuhr lich
winterlich	winter lich
mutmaßlich	mutmaßen lich
schrulligkeit	schrulle ig keit
elfjähriger	elfjährig er
ungiftig	un giften ig
befeuerung	befeuern ung
panzerbauer	panzerbau er
streitsüchtig	streitsucht ig
vollendung	vollenden ung
krebsmediziner	krebsmedizin er
manipulierung	manipulieren ung
säuger	säugen er
voraussehbar	voraussehen bar
profiboxer	profiboxen er
bildungsreformer	bildungsreform er
gütersloher	gütersloh er
raubdrucker	raubdruck er
puffer	puff er
melderin	melden er in
einsetzung	einsetzen ung
kuwaiterin	kuwait er in
zuwendung	zuwenden ung
typisierung	type isch isier ung
lackierer	lack ier er
kapitalverbrecher	kapitalverbrechen er
gewichtheber	gewichtheben er
ringer	ringen er
firmengründerin	firmengründer in
staatschützer	staatschutz er
kultusministerin	kultusminister in
baugeschichtlich	baugeschichte lich
rezitatorin	rezitator in
überwinterung	über winter ung
rockmusikerin	rockmusik er in
verweiblichen	ver weib lich
entehrung	ent ehren e ung
kranführerin	kranführer in
seelentrösterin	seelentrost er in
scholastiker	scholastik er
fernhaltung	fernhalten ung
betriebstechniker	betriebstechnik er
besitzer	besitzen er
eder	ede er
enthüllung	enthüllen ung
nachlässig	nachlassen ig
eisenacher	eisenach er
holzhauser	holzhausen er
gegenspieler	gegenspiel er
verspätung	ver spät ung
innergenossenschaftlich	inner genossen schaft lich
handelsschüler	handelsschule er
vergegenständlichen	ver gegenstand lich
widerstandsunfähigkeit	widerstandsunfähig keit
schwergängigkeit	schwergängig keit
schnüfflerin	schnüffeln er in
zellennachbarin	zellennachbar in
flensburger	flensburg er
kaffeeverkäufer	kaffeeverkauf er
überbietung	überbieten ung
tanneberger	tanneberg er
beraterin	beraten er in
sanierer	sanieren er
merkwürdiger	merkwürde ig e er
bulgarin	bulgare in
birker	birk er
verslein	vers lein
schulmusiker	schulmusik er
lernfähigkeit	lernfähig keit
übungsleiterin	übungsleiter in
büchereileiterin	büchereileiter in
personalleiterin	personalleiter in
steigung	steigen ung
einbrecherin	einbrechen er in
reichern	reich er
kinnbärtchen	kinnbart chen
bereithaltung	bereithalten ung
raffgierig	raffgier ig
kartoffelbauer	kartoffelbau er
chemikerin	chemiker in
umschiffung	umschiffen ung
tatkräftig	tatkraft ig
warenförmig	warenform ig
drahtlos	draht los
jagdgesetzlich	jagdgesetz lich
gespannfahrer	gespannfahren er
symbolkräftig	symbolkraft ig
bürochefin	bürochef in
verschwendungssüchtig	verschwendungssucht ig
göttlich	gott lich
verkaufsleiterin	verkaufsleiter in
menschenartig	menschenart ig
mehrung	mehren ung
wiederveröffentlichung	wiederveröffentlichen ung
oberhauser	oberhausen er
funktionslos	funktion los
gefällig	gefälle ig
kindsmörderin	kindsmord er in
nordwestlich	nordwest lich
aufseherin	aufsehen in
zahlenmystiker	zahlenmystik er
dummschwätzer	dummschwatz er
kapellmeisterin	kapellmeister in
zollbeamtin	zollbeamte in
justizpolitiker	justizpolitik er
mannheimerin	mannheim er in
regensburger	regensburg er
tagesplaner	tagesplan er
autoteiler	autoteilen er
benotung	benoten ung
abiturientin	abiturient in
interpreter	interpret er
medikamentensüchtig	medikamentensucht ig
luxemburgerin	luxemburg er in
bereitung	bereiten ung
aufmachung	aufmachen ung
rötung	röten ung
sanftmütig	sanftmut ig
einkäuferin	einkaufen er in
floßfahrer	floßfahren er
wirtschaftsexpertin	wirtschaftsexperte in
medizinsoziologin	medizinsoziologe in
göteborger	göteborg er
künzelsauer	künzelsau er
nachzeichnung	nachzeichnen ung
fahrfähigkeit	fahrfähig keit
neukundin	neukunde in
einfaltslos	einfalt los
plieninger	plieningen er
herausgeberin	herausgeben er in
holztäfelchen	holztafel chen
judenfeindlichkeit	judenfeindlich keit
lebensspenderin	lebensspender in
skrupellos	skrupel los
sportfachlich	sportfach lich
kommunalwissenschaftlich	kommunalwissenschaft lich
zuständigkeit	zuständig keit
wilkin	wilke in
sprachkundig	sprachkunde ig
verlagerung	verlagern ung
kriegswirtschaftlich	kriegswirtschaft lich
heßlein	heß lein
wilhelmshavener	wilhelmshaven er
ahrensburger	ahrensburg er
klappbar	klappen bar
widernatürlichkeit	wider natürlich keit
unversöhnlichkeit	unversöhnlich keit
profilierung	profil ier ung
umfunktionierung	umfunktionieren ung
kleidung	kleiden ung
vernehmungsunfähigkeit	vernehmungsunfähig keit
schönhauser	schönhausen er
klarstellung	klarstellen ung
seifig	seifen ig
europakritiker	europakritik er
unerklärlich	un erklären lich
urkundlich	urkunde lich
innerlich	inner e lich
naturschützerin	naturschutz er in
dialektiker	dialektik er
skilangläufer	skilanglauf er
liebhaberin	liebhaben in
überraschungssiegerin	überraschungssieg er in
ettlinger	ettlingen er
kleinfischer	kleinfisch er
sklavenarbeiter	sklavenarbeit er
eingreifer	eingreifen er
tilgung	tilgen ung
stadtjugendpflegerin	stadtjugendpflege er in
parteigängerin	parteigänger in
erbeutung	er beuten ung
kaffeeanbauer	kaffeeanbau er
uraufführung	uraufführen ung
mexikanerin	mexikaner in
bereinigung	bereinigen ung
sinnbildlich	sinnbild lich
formalin	formale in
miefig	miefen ig
mechaniker	mechanik er
meisterlich	meister lich
irrwitzig	irrwitz ig
beugung	beugen ung
beleuchter	beleuchten er
songschreiber	songschreiben er
lichtenbergerin	lichtenberg er in
einmütigkeit	einmut ig keit
schulin	schule in
unterversorgung	unterversorgen ung
altenpfleger	altenpflege er
umweltreferentin	umweltreferent in
lauschig	lauschen ig
wallfahrerin	wallfahren in
anhänger	anhängen er
lösung	lösen ung
taxifahrer	taxifahren er
chaotin	chaot in
bestätigung	bestätigen ung
trüppchen	trupp chen
honigbrötchen	honigbrot chen
zeitungsverkäuferin	zeitungsverkauf er in
premierministerin	premierminister in
pilsner	pilsen er
wienerin	wien er in
inhaltslos	inhalt los
stationsleiterin	stationsleiter in
katzenliebhaberin	katzenliebhaber in
abschnittsleiterin	abschnittsleiter in
antwortlos	antwort los
behördenchefin	behördenchef in
hochsommerlich	hochsommer lich
nachinszenierung	nachinszenieren ung
nichtigkeit	nichtig keit
hirtin	hirt in
kommilitonin	kommilitone in
dehnung	dehnen ung
kiewer	kiew er
südpfälzer	südpfalz er
ungleichmäßigkeit	un gleichmaß ig keit
museumspädagogin	museumspädagoge in
narbig	narbe ig
selbstgenügsamkeit	selbstgenügsam keit
walfänger	walfang er
verletzlich	verletzen lich
istanbuler	istanbul er
eulenberger	eulenberg er
sortierung	sortieren ung
bezauberung	bezaubern ung
führerscheinlos	führerschein los
lärmschützer	lärmschutz er
lizenzgeberin	lizenzgeber in
verweisung	verweisen ung
soner	son er
werbung	werben ung
verderblich	verderb lich
jagdpächter	jagdpachten er
untertreibung	untertreiben ung
tiefbauarbeiter	tiefbauarbeit er
kleeberger	kleeberg er
alleinschuldig	alleinschuld ig
einsprachig	einsprache ig
pragerin	prag er in
pillenschlucker	pillenschlucken er
abrißarbeiter	abrißarbeit er
marter	marte er
zivilgesellschaftlich	zivilgesellschaft lich
jugendhilferechtlich	jugendhilferecht lich
physiklehrerin	physiklehrer in
sprachforscherin	sprachforscher in
zweckmäßigkeit	zweck mäßig keit
leibwächterin	leibwächter in
infizierung	infizieren ung
diskussionsteilnehmerin	diskussionsteilnehmer in
umweltsenatorin	umweltsenator in
rüstigkeit	rüstig keit
verfolgbar	verfolgen bar
betrachtung	betrachten ung
fachplaner	fachplan er
stromverbraucher	stromverbrauch er
einbildung	ein bild ung
verläßlich	verlaß lich
versteinerung	ver steiner ung
kulturhistorikerin	kulturhistorik er in
omnibusunternehmer	omnibusunternehmen er
systemdenker	systemdenken er
alleinunterhalterin	alleinunterhalter in
halbierung	halb ier ung
zoodirektorin	zoodirektor in
schnurrbärtig	schnurrbart ig
blaudrucker	blaudruck er
realschullehrerin	realschullehrer in
kleinbäuerlich	kleinbau er lich
simultanübersetzerin	simultanübersetzer in
vorhaltung	vorhalten ung
beschuldigen	be schuld ig
sensationssieger	sensationssieg er
muffigkeit	muff ig keit
herablassung	herablassen ung
unfallgegnerin	unfallgegner in
zergliederung	zergliedern ung
hamburgerin	hamburg er in
privatdozentin	privatdozent in
menschenräuber	menschenraub er
weiterbetreibung	weiterbetreiben ung
schauenburger	schauenburg er
mehrheitseigentümer	mehrheitseigentum er
veranlagung	veranlagen ung
notschlachtung	notschlachten ung
vertrauenslehrerin	vertrauenslehrer in
postkutscher	postkutsche er
mehrstimmigkeit	mehrstimmig keit
krachmacher	krachmachen er
schriftstellerkollegin	schriftstellerkollege in
duisburger	duisburg er
abmeldung	abmelden ung
heidin	heide in
bockwürstchen	bockwurst chen
seestädter	seestadt er
rohstofflich	rohstoff lich
eigensinnig	eigensinn ig
geheimnislos	geheim nis los
staatlichkeit	staat lich keit
fremdfinanzierung	fremdfinanzieren ung
unempfindlich	un empfinden lich
streifenpolizistin	streifenpolizist in
kurfürstlich	kurfürst lich
angeber	angeben er
privatspender	privatspende er
laborassistentin	laborassistent in
neckartaler	neckartal er
türmer	türmen er
widersprüchlichkeit	widerspruch lich keit
senatorin	senator in
illuminierung	illuminieren ung
trostberger	trostberg er
augenoptikerin	augenoptik er in
kurzbesucher	kurzbesuch er
hauptakteurin	hauptakteur in
ölarbeiter	ölarbeit er
existenzgründerin	existenzgründer in
spätwinterlich	spätwinter lich
theaterwissenschaftlerin	theaterwissenschaft ler in
unverkäuflich	un verkauf lich
mannschaftskollegin	mannschaftskollege in
schwarzafrikanerin	schwarzafrika aner in
unmutig	unmut ig
zusammenballung	zusammenballen ung
singer	singen er
aktionärin	aktionär in
ausformung	ausformen ung
theaterleiterin	theaterleiter in
freigeistig	freigeist ig
berufskundlich	berufskunde lich
verlegerin	verlegen er in
kurzurlauber	kurzurlaub er
überbringer	über bring er
mädchenmörder	mädchenmord er
niederlegung	niederlegen ung
töter	tote er
kultursenatorin	kultursenator in
politikstudentin	politikstudent in
ostjerusalemer	ostjerusalem er
aushändigung	aushändigen ung
falkenhagener	falkenhagen er
bildungssenatorin	bildungssenator in
klassespieler	klassespiel er
senkung	senken ung
irin	ire in
einmündung	einmünden ung
feldarbeiterin	feldarbeit er in
wiederbesetzung	wiederbesetzen ung
schwächlich	schwach e lich
reformfeindlichkeit	reformfeind lich keit
schnellsprecher	schnellsprechen er
wiederentdeckung	wiederentdecken ung
wagner	wagen er
uneinig	un eine ig
hiller	hille er
zeller	zell er
lebensberaterin	lebensberater in
vermessung	vermessen ung
immobilienbesitzer	immobilienbesitz er
botschafterin	botschaft er in
rechtskundig	rechtskunde ig
entführung	entführen ung
warin	ware in
bergsteigerin	bergsteigen er in
schulmediziner	schulmedizin er
musikantin	musikant in
schiefer	schief e er
unholdin	unholde in
zünftig	zunft ig
ungleichgewichtig	ungleichgewicht ig
ölabhängigkeit	ölabhängig keit
schneidig	schneiden ig
aidin	aide in
errettung	erretten ung
karmeliter	karmelit er
hochschulreformer	hochschulreform er
unzweideutigkeit	unzweideutig keit
sportpolitikerin	sportpolitik er in
verhütung	verhüten ung
tagebuchschreiber	tagebuchschreiben er
leiharbeiter	leiharbeit er
nachrichter	nachricht er
rechtlichkeit	recht lich keit
auslieferung	ausliefern ung
schauspieldirektorin	schauspieldirektor in
zeitplaner	zeitplan er
wissenschaftlichkeit	wissenschaft lich keit
großartigkeit	großartig keit
calin	cal in
kaufsüchtig	kaufsucht ig
nigerianerin	nigeria aner in
flensburgerin	flensburg er in
tüchtigkeit	tüchtig keit
erreger	erregen er
parteienvertreterin	parteienvertreter in
berghauser	berghaus er
beschlußunfähigkeit	beschlußunfähig keit
idealistin	ideale ist in
sechseckig	sechseck ig
tanzkritiker	tanzkritik er
unstimmig	un stimmen ig
diskriminierung	diskriminieren ung
textlich	texten lich
koblenzer	koblenz er
aussperrung	aussperren ung
seelsorgerin	seelsorge er in
erwähnung	erwähnen ung
wahlgewinnerin	wahlgewinn er in
aalener	aalen er
skifahrerin	skifahren er in
gegenteilig	gegenteil ig
abstufung	abstufen ung
jugendreferentin	jugendreferent in
vaterlandsverräterin	vaterlandsverrat er in
ober	oben er
sozialmieter	sozialmiete er
bombenbauer	bombenbauen er
fürsorgerin	fürsorge er in
erner	erne er
saftig	saft ig
giftmörderin	giftmord er in
ladenburger	ladenburg er
dubrovniker	dubrovnik er
genießerin	genießen er in
pfälzerin	pfalz er in
faltenröckchen	faltenrock chen
sicherheitspolitiker	sicherheitspolitik er
plastikkörbchen	plastikkorb chen
kommunalpolitiker	kommunalpolitik er
dankbarkeit	danken bar keit
ausfahrer	ausfahren er
anfällig	anfallen ig
überwälzung	überwälzen ung
hintergehung	hintergehen ung
polin	pol in
knaster	knast er
theatermacher	theatermachen er
verkantung	verkanten ung
wiesentaler	wiesental er
reaktionslos	reaktion los
vermännlichen	ver mann lich
artikulationsfähigkeit	artikulationsfähig keit
abbiegung	abbiegen ung
steinigung	steinigen ung
anhebung	anheben ung
firmensprecherin	firmensprecher in
anlehnung	anlehnen ung
mannschaftsspieler	mannschaftsspiel er
bewaldung	bewalden ung
naturverträglichkeit	naturverträglich keit
raubfischer	raubfischen er
halslos	hals los
athenerin	athene er in
deutung	deuten ung
gesundheitspolitikerin	gesundheitspolitik er in
justizsprecherin	justizsprecher in
steinecker	steineck er
entsorger	entsorgen er
feldmäuschen	feldmaus chen
althistorikerin	althistoriker in
bootfahrer	bootfahren er
marktforscherin	marktforscher in
schützer	schützen er
übermenschlich	übermensch lich
roßtaler	roßtal er
freudigkeit	freude ig keit
schwenkbar	schwenken bar
einbindung	einbinden ung
farbig	farbe ig
blättchen	blatt chen
regionalplaner	regionalplan er
tageszeitlich	tageszeit lich
cellistin	cellist in
bestandskräftig	bestandskraft ig
anästhesistin	anästhesie ist in
grillwürstchen	grillwurst chen
gesellig	gesellen ig
vertretung	vertreten ung
spitzenkämpfer	spitzenkampf er
schlesierin	schlesien er in
wirkungsgeschichtlich	wirkungsgeschichte lich
verwaltungsbeamtin	verwaltungsbeamte in
hinterberger	hinterberg er
vergünstigen	ver gunst ig
böhler	bohle er
verflüssigung	ver flüssig ung
oppositionsführerin	oppositionsführer in
eidlich	eid lich
höchstädter	höchstädt er
krebsverdächtig	krebsverdacht ig
numerierung	numerieren ung
gartenbauer	gartenbau er
weltmeisterlich	weltmeister lich
chin	che in
würfelig	würfel ig
drehbuchautorin	drehbuchautor in
ausreisewilliger	ausreisewillige n er
verwundung	verwunden ung
biedersteiner	biederstein er
hörfunkjournalistin	hörfunkjournalist in
ansteckung	anstecken ung
lokomotivbauer	lokomotivbau er
überwinder	überwinden er
überalterung	über alter ung
cannstatter	cannstatt er
parkbesucher	parkbesuch er
parteifunktionärin	parteifunktion är in
hausmeisterin	hausmeister in
haupttäterin	haupttat er in
bildner	bilden er
baumüller	baumüll er
pflegedienstleiterin	pflegedienstleiter in
raffung	raffen ung
einzelgesellschafter	einzelgesellschaft er
hauswirtschaftlich	hauswirt schaft lich
diskussionsleiterin	diskussionsleiter in
apfelbäumchen	apfelbaum chen
schwesterlich	schwester lich
realschülerin	realschule er in
gemeindepolitiker	gemeindepolitik er
obergutachter	obergutachten er
österreicher	österreich er
urbanisierung	urbane isier ung
taumelig	taumel ig
saunagänger	saunagang er
ausstellungsbesucherin	ausstellungsbesuch er in
dornburger	dornburg er
entwässerung	entwässern ung
gemeinnützig	gemeinnutz ig
vernachlässigen	ver nachlassen ig
rückraumspielerin	rückraumspieler in
überlebenskämpfer	überlebenskampf er
bräuer	brauen er
balder	balde er
hellhörigkeit	hellhörig keit
verzierung	verzieren ung
buchberger	buchberg er
engländerin	england er in
rosenheimer	rosenheim er
gemeindeblättchen	gemeindeblatt chen
versinnbildlichen	ver sinnbild lich
tierärztlich	tierarzt lich
memminger	memmingen er
akzentuierung	akzentuieren ung
arbeitsrechtlerin	arbeitsrecht ler in
berechnung	berechnen ung
frohsinnig	frohsinn ig
sinnvoller	sinnvollen er
verpflegung	verpflegen ung
elsner	elsen er
lautsprecherin	lautsprecher in
lehrer	lehren er
durchsetzung	durchsetzen ung
zeitzeugin	zeitzeuge in
liechtensteiner	liechtenstein er
beinhaltung	beinhalten ung
wohnsitzlos	wohnsitz los
bochumer	bochum er
zusammenlegung	zusammenlegen ung
staubkörnchen	staubkorn chen
lichtlein	licht lein
weilchen	weile chen
utopielos	utopie los
krimileser	krimilesen er
lateinamerikanerin	lateinamerika aner in
unterordnung	unterordnen ung
bezeichnung	bezeichnen ung
schaumburger	schaumburg er
zögerlich	zögern lich
weissagung	weissagen ung
musiklehrerin	musiklehre er in
zeremonienmeisterin	zeremonienmeister in
wohlig	wohl ig
sängerin	sang er in
teilprivatisierung	teilprivatisieren ung
frischhaltung	frischhalten ung
erfrierung	erfrieren ung
gänzlich	ganz e lich
theologieprofessorin	theologieprofessor in
ebenbürtigkeit	ebenbürtig keit
bestattung	bestatten ung
einverleibung	einverleiben ung
amtstierärztlich	amtstierarzt lich
bewehrung	bewehren ung
weiterbildung	weiterbilden ung
abstempelung	ab stempeln el ung
streichhölzchen	streichholz chen
kreisläuferin	kreislauf er in
pionierleiterin	pionierleiter in
selbstherrlichkeit	selbstherrlich keit
wuppertalerin	wuppertal er in
hundebesitzerin	hundebesitzer in
psychiatriepatientin	psychiatriepatient in
lenin	lene in
gemeindesekretärin	gemeindesekretär in
betriebswirtschaftlichkeit	betriebswirt schaft lich keit
goldschmiedemeisterin	goldschmiedemeister in
hagener	hagen er
erfolglos	erfolg los
präparierung	präparieren ung
arbeitsfähigkeit	arbeitsfähig keit
verflüchtigen	ver flüchten ig
springreiter	springreiten er
gastarbeiterin	gastarbeit er in
kerlchen	kerl chen
kriminalbeamtin	kriminalbeamte in
neuwähler	neuwahl er
donauwörther	donauwörth er
südoldenburger	südoldenburg er
primin	prim in
einsatzleiterin	einsatzleiter in
herzberger	herzberg er
saisonarbeiter	saisonarbeit er
zungenfertigkeit	zungenfertig keit
selbstlos	selbst los
werbetechniker	werbetechnik er
schäflein	schaf lein
sparpolitiker	sparpolitik er
fortführung	fortführen ung
studienfreundin	studienfreund in
demontierung	demontieren ung
ausführlichkeit	ausfuhr lich keit
ministerpräsidentin	ministerpräsident in
pflanzenzüchter	pflanzenzucht er
druckerin	drucken er in
amtschefin	amtschef in
verzichtbar	verzichten bar
feierlichkeit	feier lich keit
verpressung	verpressen ung
blutdurstig	blutdurst ig
optiker	optik er
einmaligkeit	einmalen ig keit
südwestlich	südwest lich
umweltministerin	umweltminister in
vaterlandsverräter	vaterlandsverrat er
durchführung	durchführen ung
vertrauensärztlich	vertrauensarzt lich
ausgleichbar	ausgleichen bar
verwaltungsgerichtlich	verwaltungsgericht lich
beliebigkeit	belieben ig keit
vorrichtung	vorrichten ung
singbar	singen bar
zwangslager	zwangslage er
zweitakter	zweitakt er
neuwagenkäufer	neuwagenkauf er
kuratorin	kurator in
theaterkritikerin	theaterkritik er in
verzweigung	ver zweig ung
verbiegung	ver biege ung
entstehung	entstehen ung
schönecker	schöneck er
diagnostiker	diagnostik er
schnapsbrenner	schnapsbrennen er
scheibchen	scheibe chen
deutschlandpolitiker	deutschlandpolitik er
landkäufer	landkauf er
oberschülerin	oberschule er in
kaltstellung	kaltstellen ung
entspannung	ent spanne ung
kompetenzlos	kompetenz los
klassenkämpferin	klassenkampf er in
zerkleinerung	zer klein ung
wüstenstürmer	wüstensturm er
einzeller	einzelle er
kantorin	kantor in
kirchentagspräsidentin	kirchentagspräsident in
beischläfer	beischlaf er
meßtechniker	meßtechnik er
zweizügigkeit	zweizügig keit
südbadener	südbaden er
europapolitikerin	europapolitik er in
wiesbadenerin	wiesbaden er in
löscher	löschen er
islamwissenschaftlerin	islamwissenschaft ler in
dampfer	dampfen er
senegalesin	senegalese in
auseinandersetzung	auseinandersetzen ung
abschwächung	ab schwach e ung
beförderung	befördern ung
oliver	oliv e er
verschlingung	ver schlinge ung
unaussprechbar	un aussprechen bar
hörigkeit	hörig keit
aufsetzer	aufsetzen er
schwulstig	schwulst ig
konzernchefin	konzernchef in
unterstellung	unterstellen ung
lindenbäumchen	lindenbaum chen
beteuerung	beteuern ung
konsumkritiker	konsumkritik er
pferdehalterin	pferdehalter in
unmittelbarkeit	un mitteln bar keit
ballettdirektorin	ballettdirektor in
bahntechniker	bahntechnik er
unbefahrbar	un befahren bar
kreditbetrüger	kreditbetrug er
bewirtung	bewirten ung
zuversichtlichkeit	zuversicht lich keit
standrechtlich	standrecht lich
leser	lese er
sonderschüler	sonderschule er
erblasserin	erblassen er in
reizbarkeit	reizen bar keit
leichtgläubigkeit	leichtgläubig keit
kokain	koka in
einreibung	ein reibe ung
sozialhilfeempfängerin	sozialhilfeempfänger in
sozialräumlich	sozialraum lich
instinktlos	instinkt los
zweckentfremdung	zweckentfremden ung
kutschenfahrer	kutschenfahren er
blutlos	bluten los
kernig	kernen ig
wahrheitssucher	wahrheitssuche er
rotenburger	rotenburg er
verhätschelung	verhätscheln ung
friedfertigkeit	friedfertig keit
stadtführerin	stadtführer in
faltig	falten ig
ungeheuerlich	ungeheuer lich
bundesjustizministerin	bundesjustizminister in
ansager	ansage er
bitterlich	bitter lich
stadträumlich	stadtraum lich
arifin	arif in
auffälligkeit	auffällig keit
wählerin	wählen er in
leistungssportlerin	leistungssport ler in
moskauer	moskau er
bühnenschauspielerin	bühnenschauspieler in
bühnentechniker	bühnentechnik er
schmuckdesignerin	schmuckdesign er in
neubürger	neuburg er
agraringenieurin	agraringenieur in
unionspolitikerin	unionspolitik er in
unnatürlichkeit	un natürlich keit
vermummung	ver mumm ung
wochengewinner	wochengewinn er
beschwichtigung	beschwichtigen ung
gewichtig	gewichten ig
aufleger	auflegen er
schichtarbeiterin	schichtarbeit er in
vertretbar	vertreten bar
jetziger	jetzig e n er
produktionsarbeiter	produktionsarbeit er
gesprächig	gespräch ig
fraktionschefin	fraktionschef in
starautorin	starautor in
angriffsspieler	angriffsspiel er
beistellung	beistellen ung
kirchenlehrer	kirchenlehre er
endlichkeit	ende lich keit
planerin	planen er in
sensationsreporterin	sensationsreporter in
sexualreformer	sexualreform er
einstellig	einstellen e ig
säuferin	saufen er in
reformfreudig	reformfreude ig
friedrichstädter	friedrichstadt er
ökopolitiker	ökopolitik er
klavierbegleiterin	klavierbegleiter in
stierstädter	stierstadt er
videokünstlerin	videokunst ler in
mitherausgeberin	mitherausgeber in
mathematikerin	mathematik er in
perserin	perser in
untergrundkämpfer	untergrundkampf er
kissinger	kissingen er
verfahrenstechniker	verfahrenstechnik er
stadtentwicklungssenatorin	stadtentwicklungssenator in
stadtschreiberin	stadtschreiber in
herzförmig	herzform ig
weiterverfolgung	weiterverfolgen ung
badestädter	badestadt er
kleinschreibung	kleinschreiben ung
kenianerin	kenia aner in
zusammengehörig	zusammengehören ig
tännchen	tann chen
rastlos	rast los
überehrgeizig	über ehrgeiz ig
notfallpatientin	notfallpatient in
lübecker	lübeck er
untersetzung	untersetzen ung
sonderberichterstatterin	sonderberichterstatter in
überfliegerin	über fliege er in
beziehung	beziehen ung
vorführung	vorführen ung
verfluchung	ver fluch ung
widerwärtigkeit	widerwärtig keit
bröckelig	bröckeln ig
wortgeschichtlich	wortgeschichte lich
agrarpolitiker	agrarpolitik er
schwetzinger	schwetzingen er
ratspräsidentin	ratspräsident in
weiterverarbeitung	weiterverarbeiten ung
löwenberger	löwenberg er
fabrikantin	fabrikant in
verwaltungsrechtlich	verwaltungsrecht lich
absperrung	absperren ung
verteufelung	ver teufel ung
universitätsabsolventin	universitätsabsolvent in
großwallstädter	großwallstadt er
verunglimpfung	verunglimpfen ung
gleichsetzung	gleichsetzen ung
gleichschaltung	gleichschalten ung
opelstädter	opelstadt er
voraussetzung	voraussetzen ung
weiterplanung	weiterplanen ung
naturgesetzlichkeit	naturgesetz lich keit
vergiftung	ver gift ung
dietzenbacher	dietzenbach er
anmerkung	anmerken ung
schuldenmacher	schuldenmachen er
violinistin	viola ine ist in
neuwerker	neuwerk er
vorgeblich	vorgeben lich
herrschsüchtig	herrschsucht ig
tropenmedizinerin	tropenmedizin er in
benachrichtigung	benachrichtigen ung
turniergewinner	turniergewinn er
einplanung	einplanen ung
locker	locke er
schutzherrin	schutzherr in
zwangarbeiterin	zwangarbeiter in
tütchen	tute chen
medienpolitiker	medienpolitik er
vollziehbar	vollziehen bar
aussteller	ausstellen er
olympiasieger	olympiasieg er
kommentatorin	kommentator in
oberkonservatorin	oberkonservator in
holsteiner	holstein er
heimkehrerin	heimkehren er in
alteigentümerin	alteigentum er in
persönchen	person chen
wehrpflichtig	wehrpflicht ig
vergeistigen	ver geist ig
verklärung	verklären ung
befehlsempfängerin	befehlsempfang er in
lettin	lette in
entrümpelung	entrümpeln ung
unkenrufer	unkenrufen er
fernmeldetechniker	fernmeldetechnik er
erdgeschichtlich	erdgeschichte lich
betriebsleiterin	betriebsleiter in
vollstrecker	vollstrecken er
otter	otte er
durchsichtig	durchsicht ig
zuschauerin	zuschauen er in
mehrkämpfer	mehrkampf er
kaper	kap er
karrieristin	karriere ist in
umweltdezernentin	umweltdezernent in
verpuppung	ver puppe ung
gelehrsamkeit	gelehrsam keit
neuanfänger	neuanfangen er
milderung	mildern ung
kantig	kanten ig
überformung	über form ung
bündnisfähigkeit	bündnisfähig keit
solotänzer	solotanz er
abstumpfung	abstumpfen ung
satanspriesterin	satanspriester in
jagdhornbläser	jagdhornblasen er
peter	pete er
säbelfechter	säbelfechten er
fehlerlos	fehlen er los
dachdecker	dachdecken er
spartenleiterin	spartenleiter in
fürsorger	fürsorge er
lämmchen	lamm chen
gastrednerin	gastredner in
kabarettistin	kabarett ist in
konsumfreudig	konsumfreude ig
fernsehkritikerin	fernsehkritik er in
karmelitin	karmelit in
nachträglich	nachtrag lich
wohnungskäufer	wohnungskauf er
naturkundlich	naturkunde lich
kulturwissenschaftlich	kulturwissenschaft lich
mühlberger	mühlberg er
rosenkönigin	rosenkönig in
allzeitig	allzeit ig
weinstädtchen	weinstadt chen
kurzhaarig	kurzhaar ig
kioskbesitzerin	kioskbesitzer in
meinung	meinen ung
frachter	fracht er
psychologieprofessorin	psychologieprofessor in
handarbeiterin	handarbeiten in
eiskunstläufer	eiskunstlaufen er
ingenieurwissenschaftlich	ingenieurwissenschaft lich
landwirtschaftsministerin	landwirtschaftsminister in
lernbar	lernen bar
slalomfahrer	slalomfahren er
bundesbildungsministerin	bundesbildungsminister in
supermächtig	supermacht ig
internistin	intern e ist in
schädlichkeit	schädlich keit
gegenwärtig	gegenwart ig
nuancierung	nuance ier ung
ausgrabung	ausgraben ung
platzhalterin	platzhalter in
servierer	servie ier er
ablichtung	ablichten ung
vollkornbrötchen	vollkornbrot chen
einkerbung	einkerben ung
buchhändlerin	buchhändler in
todesmutig	todesmut ig
sachlichkeit	sache lich keit
elfenbeintürmchen	elfenbeinturm chen
massenmörder	massenmorden er
vertrauenswürdigkeit	vertrauenswürdig keit
beeinflussung	beeinflussen ung
anständigkeit	anständig keit
stahlhelmer	stahlhelm er
rücker	ruck er
kunstgewerblich	kunstgewerbe lich
maskenspieler	maskenspiel er
kopierer	kopie ier er
minchen	min chen
häutung	häuten ung
ballung	ballen ung
architektin	architekt in
steiermärker	steiermark er
weiher	weihe er
ausstellungsmacher	ausstellungsmachen er
abneigung	abneigen ung
erfolgstrainerin	erfolgstrainer in
fußballerin	fußballen er in
medienforscherin	medienforscher in
mulattin	mulatte in
pfeifer	pfeife er
homosexuellenfeindlichkeit	homosexuellenfeindlich keit
zerbrechlichkeit	zer brechen lich keit
klassiker	klassik er
bohrung	bohren ung
nasenbohrer	nasenbohren er
aktenköfferchen	aktenkoffer chen
volksvertreterin	volksvertreter in
zudringlichkeit	zudringlich keit
greisin	greis e in
benennung	benennen ung
schöngeistig	schöngeist ig
verlierer	verlieren er
legitimierung	legitim e ier ung
nymphenburger	nymphenburg er
münchnerin	münchen er in
gastfreundlichkeit	gastfreund lich keit
vorsichtig	vorsicht ig
jugendpflegerin	jugendpflege er in
übelkeit	übel keit
didier	didi er
mißdeutung	mißdeuten ung
diskussionswürdigkeit	diskussionswürdig keit
unermeßlichkeit	unermeßlich keit
fachleiterin	fachleiter in
kartellamtlich	kartellamt lich
privatärztlich	privatarzt lich
vollbärtig	vollbart ig
übersiedler	übersiedeln er
wertpapierbesitzer	wertpapierbesitz er
antragssteller	antragsstelle er
heimsuchung	heimsuchen ung
entsorgungslager	entsorgungslage er
rollkunstläuferin	rollkunstlaufen er in
jungpolitikerin	jungpolitiker in
gipfelstürmer	gipfelsturm er
gestalter	gestalten er
kneipenbesucher	kneipenbesuch er
unbewohnbar	un bewohnen bar
friedensvertraglich	friedensvertrag lich
hofnachfolger	hofnachfolge er
volleyballspieler	volleyballspielen er
funktionstüchtigkeit	funktionstüchtig keit
volksschauspieler	volksschauspiel er
partnerschaftlich	partner schaft lich
denkmalwürdigkeit	denkmalwürdig keit
schnellfahrer	schnellfahren er
sonderpädagogin	sonderpädagoge in
kommandierung	kommandieren ung
eroberung	erobern ung
nationalstürmerin	nationalstürmer in
kauffreudigkeit	kauffreude ig keit
bastlerin	basteln er in
viktorin	viktor in
wunschdenker	wunschdenken er
konstanzer	konstanze er
programmleiterin	programmleiter in
unzugänglichkeit	un zugang lich keit
autobauer	autobau er
prüferin	prüfen er in
magnetisierung	magnet isch isier ung
fernsehsüchtig	fernsehsucht ig
primatenforscherin	primatenforscher in
unterstreichung	unterstreichen ung
vertragsrechtlich	vertragsrecht lich
rationierung	ration ier ung
unzerbrechlich	un zer brechen lich
schläger	schlag er
wiederholung	wiederholen ung
barfüßer	barfuß er
kerstin	kerst in
profilierungssüchtig	profilierungssucht ig
umständlich	umstand lich
kommissarin	kommissar in
füllung	füllen ung
zündler	zündeln er
streikfähigkeit	streikfähig keit
wiederaufhebung	wiederaufheben ung
überlegung	überlegen ung
verblutung	ver blut ung
überstürzung	überstürzen ung
beratung	beraten ung
gesinnungslos	gesinnung los
gottesdienstbesucherin	gottesdienstbesuch er in
oberreichenbacher	oberreichenbach er
bezugsfertigkeit	bezugsfertig keit
königsmacherin	königsmacher in
klassifizierung	klassifizieren ung
köstlich	kost lich
bautechniker	bautechnik er
kippbar	kippen bar
reformfähigkeit	reformfähig keit
übermächtigkeit	übermacht ig keit
vergesellschaftung	ver gesellschaft ung
ohrenzeugin	ohrenzeuge in
oberpfälzer	oberpfalz er
kriegsgegnerin	kriegsgegner in
düsseldorfer	düsseldorf er
naturwissenschaftlich	naturwissenschaft lich
verschanzung	ver schanze ung
irrläufer	irrlauf er
landesverräter	landesverrat er
freundlichkeit	freund lich keit
fürstlich	fürst lich
vorjährig	vorjahr ig
finkenberger	finkenberg er
besichtigung	besichtigen ung
metallarbeiter	metallarbeit er
freudenstädter	freudenstadt er
nachtclubbesitzerin	nachtclubbesitzer in
schmählich	schmähen lich
urmenschlich	urmensch lich
roßberger	roßberg er
zentralbanker	zentralbank er
wortgewaltig	wortgewalt ig
landesgeschäftsführerin	landesgeschäftsführer in
fernüberwachung	fernüberwachen ung
verteidigungsministerin	verteidigungsminister in
gesamtsieger	gesamtsieg er
weißenberger	weißenberg er
filmeinkäufer	filmeinkauf er
ausprägung	ausprägen ung
ortspolitiker	ortspolitik er
aufbietung	aufbieten ung
aberkennung	aberkennen ung
komprimierung	komprimieren ung
demütigung	demut ig ung
chemieingenieurin	chemieingenieur in
dessauer	dessau er
vergünstigung	ver gunst ig ung
vermögenslos	vermögen los
übertreiber	übertreiben er
sexualverbrecher	sexualverbrechen er
kastenförmig	kastenform ig
veranschaulichen	ver anschauen lich
unterernährung	unterernähren ung
mentorin	mentor in
mitinhaberin	mitinhaber in
befleckung	beflecken ung
unleserlich	un lese er lich
gallig	galle ig
altersforscherin	altersforscher in
friseurin	friseur in
reichhaltigkeit	reichhaltig keit
agrarwirtschaftlich	agrarwirtschaft lich
zwischenparteilich	zwischen partei lich
kaltentaler	kaltental er
schäfchen	schaf chen
mandeläugig	mandelauge ig
abgründig	abgrund ig
vereinswirtin	vereinswirt in
galopper	galopp er
unmittelbar	un mitteln bar
abmahnung	abmahnen ung
unsportlich	un sport lich
hochadelig	hochadel ig
stahlunternehmer	stahlunternehmen er
herzoglich	herzog lich
lesung	lesen ung
technisierung	technisch isier ung
straßenplaner	straßenplan er
beisitzerin	beisitzen er in
flüchtigkeit	flüchten ig keit
beeinflußbarkeit	beeinflußbar keit
rummelsburger	rummelsburg er
dornig	dorn ig
belustigung	belustigen ung
augsburger	augsburg er
begründung	begründen ung
unterkapitalisierung	unterkapitalisieren ung
klassenlos	klass los
neckarsulmer	neckarsulm er
steinberger	steinberg er
pfiffig	pfiff ig
araber	arab er
sparer	spar er
handlungsunfähigkeit	handlungsunfähig keit
wahrnehmung	wahrnehmen ung
kunstkritiker	kunstkritik er
diplomsportlehrerin	diplomsportlehrer in
rundfunkrechtlich	rundfunkrecht lich
rennfahrerin	rennfahrer in
alltäglich	alltag lich
lieferung	liefern ung
bergungsarbeiter	bergungsarbeit er
pointer	pointe er
militärmediziner	militärmedizin er
sozialstaatssekretärin	sozialstaatssekretär in
umwälzung	umwälzen ung
ausbrecherin	ausbrechen er in
anlagebetrüger	anlagebetrug er
zusammenführung	zusammenführen ung
athletin	athlet in
filmemacherin	filmemachen er in
wiedereinführung	wiedereinführen ung
gegenspielerin	gegenspiel er in
wiedervereinigung	wiedervereinigen ung
steuerpolitiker	steuerpolitik er
wahnsinnig	wahnsinn ig
betriebsseelsorger	betriebsseelsorge er
freizeitspieler	freizeitspiel er
torfstecher	torfstechen er
funktionsfähigkeit	funktionsfähig keit
wirkstofflos	wirkstoff los
scheckbetrüger	scheckbetrug er
kraftwerker	kraftwerk er
kläglichkeit	kläglich keit
hausbewohnerin	hausbewohner in
umweltpolitikerin	umweltpolitik er in
brotkörbchen	brotkorb chen
rückseitig	rückseite ig
häuslichkeit	häuslich keit
anspruchslos	anspruch los
schlagwerker	schlagwerk er
zurechtweisung	zurechtweisen ung
auflager	auflage er
interessenlos	interesse los
impulsgeberin	impulsgeber in
fahrschülerin	fahrschule er in
volkstümlichkeit	volkstümlich keit
ruhigstellung	ruhigstellen ung
textlos	text los
friedensstifterin	friedensstifter in
unvernünftig	unvernunft ig
teerung	teeren ung
schönhöfer	schönhof er
mäuslein	maus lein
geistlos	geist los
schürfer	schürfen er
zitherspieler	zitherspiel er
gewinnbar	gewinnen bar
krankenhausseelsorger	krankenhausseelsorge er
beschäftigung	beschäftigen ung
wahlbeobachterin	wahlbeobachter in
liliputanerin	liliput aner in
schuldlos	schuld los
umfänglich	umfang lich
vereinssprecherin	vereinssprecher in
joggerin	joggen er in
strangulierung	strangulieren ung
sicherheitstechniker	sicherheitstechnik er
schmerzlichkeit	schmerz lich keit
studentin	student in
unantastbarkeit	unantastbar keit
sitznachbarin	sitznachbar in
aufschlüsselung	aufschlüsseln ung
pärchen	paaren chen
vereinsamung	ver einsam ung
mühlheimer	mühlheim er
nachahmerin	nachahmen er in
brötchen	brot chen
plauderer	plaudern er
umgänglich	umgang lich
befürwortung	befürworten ung
durchmesser	durchmessen er
seeburger	seeburg er
kreismeisterin	kreismeister in
zinslos	zins los
ermächtigung	ermächtigen ung
herstellung	herstellen ung
sexarbeiter	sexarbeit er
erledigung	erledigen ung
einwilligung	einwilligen ung
unternehmerfreundlich	unternehmerfreund lich
musikkritiker	musikkritik er
ausbesserung	ausbessern ung
aufmunterung	aufmuntern ung
anfälligkeit	anfallen ig keit
schillern	schill er
traktätchen	traktat chen
vertriebsleiterin	vertriebsleiter in
beschämung	beschämen ung
hopfenbauer	hopfenbau er
verweichlichung	ver weich lich ung
kalbin	kalb in
faschistin	faschist in
pfaffenberger	pfaffenberg er
entmachtung	entmachten ung
zimmergenossin	zimmergenosse in
verdrängung	verdrängen ung
anruferin	anrufen er in
volksmusiker	volksmusik er
unbrauchbar	un brauchen bar
altbesitzer	altbesitz er
nennung	nennen ung
verwünschung	verwünschen ung
gesetzwidrigkeit	gesetzwidrig keit
zurückhaltung	zurückhalten ung
chemnitzer	chemnitz er
schulplaner	schulplan er
bieter	bieten er
geschmeidig	geschmeide ig
gastwirtin	gastwirt in
unabwendbar	un abwenden bar
beheizung	beheizen ung
vereitelung	ver eitel ung
wirtschafter	wirtschaften er
vertragspartnerin	vertragspartner in
abschiebung	abschieben ung
süßlich	süß lich
unterhaltsamkeit	unterhalt sam keit
betonbauer	betonbau er
regionalisierung	regionale isier ung
rucksäckchen	rucksack chen
kostendrücker	kostendruck er
fensterputzer	fensterputzen er
umweltplaner	umweltplan er
bundespräsidentin	bundespräsident in
sperrig	sperre ig
emsigkeit	emsig keit
zügelung	zügeln ung
bescherung	bescheren ung
umkehrbar	umkehren bar
ruhmlos	ruhm los
werber	werben er
schmuddelig	schmuddel ig
reichenbacher	reichenbach er
romantiker	romantik er
anstandslos	anstand los
straußberger	straußberg er
reuig	reue ig
verhüllung	ver hüllen ung
rechtsvertreterin	rechtsvertreter in
karosseriebauer	karosseriebau er
gänger	gang er
rundfunkjournalistin	rundfunkjournalist in
aktualisierung	aktualisieren ung
ferienhäuschen	ferienhaus chen
bordellchefin	bordellchef in
brüter	brüten er
beglaubigung	beglaubigen ung
wismarer	wismar er
bahnbauer	bahnbau er
stundung	stunden ung
hausbauer	hausbauen er
freimütig	freimut ig
flötenspieler	flötenspiel er
nachbestellung	nachbestellen ung
vollziehbarkeit	vollziehen bar keit
nachberuflich	nach beruf lich
eigengesetzlichkeit	eigengesetzlich keit
königsbauer	königsbau er
vermutung	vermuten ung
dynamisierung	dynamisch isier ung
ostpolitiker	ostpolitik er
brieflich	brief lich
blockflötistin	blockflöte ist in
ukrainerin	ukraine er in
unchristlichkeit	un chr ist lich keit
wiederherstellung	wiederherstellen ung
forscher	forschen er
ernährung	ernähren ung
unveränderlichkeit	un verändern lich keit
parteisprecherin	parteisprecher in
waldig	wald ig
schneidermeisterin	schneidermeister in
pädagogin	pädagoge in
leistungswillig	leistungswille ig
schnauzbärtig	schnauzbart ig
feldarbeiter	feldarbeit er
schürfung	schürfen ung
zwischenmenschlichkeit	zwischenmenschlich keit
erzeugung	erzeugen ung
stilberaterin	stilberater in
luftdurchlässigkeit	luftdurchlässig keit
dienstlich	dienst lich
versteigern	ver steige er
aushöhlung	aushöhlen ung
messerwerfer	messerwerfen er
grundstückskäufer	grundstückskauf er
eisig	eisen ig
behinderung	behindern ung
landespolizeilich	landespolizei lich
geringfügigkeit	geringfügig keit
fahrerlos	fahren er los
hexenmeisterin	hexenmeister in
überschaubar	überschauen bar
glücklich	glück lich
brummer	brummen er
raketentechniker	raketentechnik er
schlachter	schlachten er
semin	sem in
lebendig	leben e ig
energieministerin	energieminister in
odin	ode in
gießener	gießen er
färberin	farbe er in
vorstandssprecherin	vorstandssprecher in
bauingenieurin	bauingenieur in
parteispender	parteispende er
passagierin	passagier in
wahlsiegerin	wahlsieg er in
montierung	montieren ung
tannenbäumchen	tannenbaum chen
quereinsteigerin	quereinsteiger in
estin	este in
mittelamerikanerin	mittelamerika aner in
standfußballer	standfußball er
veröffentlichung	ver öffentlich ung
visapflichtig	visapflicht ig
verdickung	ver dick e ung
netzwerkerin	netzwerk er in
konzipierung	konzipieren ung
weltlich	welt lich
wirtschaftsprüferin	wirtschaftsprüfer in
begründungslos	begründen ung los
reifenberger	reifenberg er
knebelung	knebeln ung
baltin	balte in
einzigartigkeit	einzigartig keit
gymnasiallehrerin	gymnasiallehrer in
stadtarchivarin	stadtarchivar in
kooperationsfähigkeit	kooperationsfähig keit
sozialpsychologin	sozialpsychologe in
tanzer	tanz er
lieblingsschülerin	lieblingsschüler in
skilehrerin	skilehrer in
hauseigentümer	hauseigentum er
wildberger	wildberg er
sticker	sticken er
unschlagbar	un schlagen bar
organisierung	organisieren ung
überziehung	überziehen ung
hauswirtin	hauswirt in
bertin	bert in
gebrauchtwagenkäufer	gebrauchtwagenkauf er
zügigkeit	zügig keit
schulabgängerin	schulabgang er in
archivarin	archivar in
erteilung	erteilen ung
straßenfußballer	straßenfußball er
rentnerpärchen	rentnerpaar chen
vertraglich	vertragen lich
untergebener	untergeben er
strahler	strahlen er
rechtshänderin	rechtshänder in
verständigkeit	verständig keit
heizbar	heizen bar
eichelberger	eichelberg er
errichtung	errichten ung
einkleidung	einkleiden ung
verzollung	verzollen ung
summierung	summieren ung
kürzlich	kürzen lich
anschwemmung	an schwemmen e ung
rezipientin	rezipient in
jugendturner	jugendturnen er
lagerarbeiter	lagerarbeit er
amateurfußballer	amateurfußball er
schlichter	schlichten er
hauptabnehmerin	hauptabnehmer in
redaktionsleiterin	redaktionsleiter in
oldenburger	oldenburg er
bundesstatistiker	bundesstatistik er
ablieferung	abliefern ung
feuerschlucker	feuerschlucken er
kaffeepflanzer	kaffeepflanze er
vogelliebhaberin	vogelliebhaber in
strebung	streben ung
politologin	politologe in
eindringlich	eindringen lich
unumgänglich	un umgang lich
geschäftsführerin	geschäftsführer in
ökobauer	ökobau er
medizinstatistiker	medizinstatistik er
leidenschaftslos	leiden schaft los
bildlos	bild los
bundessprecherin	bundessprecher in
gesprächsunfähigkeit	gesprächsunfähig keit
setzerin	setzer in
untragbarkeit	un tragbar keit
florstädter	florstadt er
truppentransporter	truppentransport er
sechstägig	sechstag ig
lohnarbeiterin	lohnarbeit er in
hinwendung	hinwenden ung
lautlich	lauten lich
bergbauer	bergbau er
unangreifbarkeit	un angreifen bar keit
dechiffrierung	dechiffrieren ung
menschenrechtlerin	menschenrecht ler in
ansprechbar	ansprechen bar
minuszähler	minuszahl er
kunstflieger	kunstfliegen er
mehrheitsbesitzer	mehrheitsbesitz er
kriegslustig	kriegslust ig
zahnlos	zahn los
planegger	planegg er
maschinenarbeiterin	maschinenarbeit er in
login	log in
deklarationspflichtig	deklarationspflicht ig
postmitarbeiterin	postmitarbeiter in
anhängerin	anhängen er in
dentistin	dentist in
hochschullehrerin	hochschullehre er in
sozialwirtschaftlich	sozialwirtschaft lich
schreiberin	schreiben er in
nicaraguanerin	nicaragua aner in
selbstläufer	selbstlauf er
wasserspringer	wasserspringen er
überwachung	überwachen ung
skandinavierin	skandinavien er in
herausforderung	herausfordern ung
theaterspieler	theaterspielen er
chemielaborantin	chemielaborant in
siedlerin	siedler in
erwerblos	erwerb los
wetzlarer	wetzlar er
kulturgeschichtlich	kulturgeschichte lich
kitzelig	kitzel ig
straßenkehrer	straßenkehren er
erdarbeiter	erdarbeit er
thüringer	thüringen er
geizig	geizen ig
regiestudentin	regiestudent in
lieblingsspieler	lieblingsspiel er
matschig	matschen ig
hauptrednerin	hauptredner in
eindämmung	eindämmen ung
neubürgerlich	neuburg er lich
stimmrechtlos	stimmrecht los
zeitungsausträger	zeitungsaustragen er
dienstbotin	dienstbote in
medaillenlos	medaille los
versicherungsagentin	versicherungsagent in
werkschützer	werkschutz er
europafreundlich	europafreund lich
medienassistentin	medienassistent in
großanlagenbauer	großanlagenbau er
leverkusenerin	leverkusen er in
baskin	baske in
anzeiger	anzeigen er
entschärfung	entschärfen ung
individualrechtlich	individualrecht lich
offenburgerin	offenburg er in
judenmörder	judenmord er
unterschiedslos	unterschied los
hausfraulich	hausfrau lich
mutlos	mut los
unauffälligkeit	un auffällig keit
irakerin	irak er in
radin	rad in
arbeitsunfähigkeit	arbeitsunfähig keit
unentgeltlich	un entgelt lich
unkündbarkeit	un kündbar keit
mitmenschlich	mitmensch lich
träumer	träumen er
glaubenskämpfer	glaubenskampf er
hochstimmung	hochstimmen ung
süditaliener	süditalien er
brustschwimmer	brustschwimmen er
kennzeichnung	kennzeichnen ung
gastregisseurin	gastregisseur in
arbeitnehmerin	arbeitnehmer in
glashäuschen	glashaus chen
stimulierung	stimulieren ung
sozialgeschichtlich	sozialgeschichte lich
streuner	streunen er
exportabhängigkeit	exportabhängig keit
krankschreibung	krankschreiben ung
pflanzung	pflanzen ung
lebensmittelrechtlich	lebensmittelrecht lich
fußballspielerin	fußballspielen er in
hüter	hüten er
aufhellung	aufhellen ung
trübsalbläser	trübsalblasen er
ausarbeitung	ausarbeiten ung
soziologiestudentin	soziologiestudent in
zivildienstpflichtig	zivildienstpflicht ig
fernmelder	fernmelde er
erzwingung	erzwingen ung
bautzener	bautzen er
dämpfung	dämpfen ung
aquarellmalerin	aquarellmalen er in
fahrer	fahren er
dürrenberger	dürrenberg er
schutzwürdigkeit	schutzwürdig keit
rheinländerin	rheinland er in
serber	serbe er
ostkirchlich	ostkirche lich
nichtraucherin	nichtrauchen er in
galeriebesitzerin	galeriebesitzer in
funktionärin	funktionär in
schicksalslos	schicksal los
unbillig	unbill ig
schulamtsdirektorin	schulamtsdirektor in
imagepfleger	imagepflege er
westunternehmer	westunternehmen er
fachpolitiker	fachpolitik er
züchter	züchten er
maximierung	maxime ier ung
dringlich	dringen lich
zauberkünstlerin	zauberkunst ler in
menschenfreundlichkeit	menschenfreund lich keit
arbeitsamtsdirektorin	arbeitsamtsdirektor in
nachforderung	nachfordern ung
zehrung	zehren ung
zweiradfahrerin	zweiradfahren er in
lösbarkeit	lösen bar keit
zinngießer	zinngießen er
bewachung	bewachen ung
trockner	trocknen er
verwertung	verwerten ung
parawissenschaftlich	parawissenschaft lich
radiohörer	radiohören er
überlebenskünstlerin	überlebenskunst ler in
tagung	tagen ung
regieassistentin	regieassistent in
unerschöpflichkeit	unerschöpflich keit
weiterbildner	weiterbilden er
marktmeisterin	marktmeister in
freizeitlich	freizeit lich
angehörig	angehören ig
nebeneinanderstellung	nebeneinanderstellen ung
fotoreporterin	fotoreporter in
lästerer	lästern er
kielerin	kiel er in
farbenprächtig	farbenpracht ig
sternsinger	sternsingen er
rechtsberaterin	rechtsberater in
fortschrittlich	fortschritt lich
schwerbehinderung	schwerbehindern ung
weltrekordhalterin	weltrekordhalter in
seelenfänger	seelenfang er
oberin	obere in
auflockerung	auflockern ung
menschlich	mensch lich
ansässigkeit	ansässig keit
polenfeindlichkeit	polenfeindlich keit
stammspielerin	stammspieler in
moorburger	moorburg er
gesundheitspolitiker	gesundheitspolitik er
bauchredner	bauchreden er
rathauspolitiker	rathauspolitik er
redlich	reden lich
schlichtung	schlichten ung
großstädterin	großstadt er in
maier	maia er
fachfraulich	fachfrau lich
selbstgestaltung	selbstgestalten ung
waldbesitzer	waldbesitz er
weiterzahlung	weiterzahlen ung
sommerhäuschen	sommerhaus chen
chefreporterin	chefreporter in
nationalgeschichtlich	nationalgeschichte lich
wohnungsbauministerin	wohnungsbauminister in
schuftig	schuft ig
beruflich	beruf lich
vergleichbar	ver gleich bar
einrichtung	einrichten ung
parteiöffentlichkeit	parteiöffentlich keit
trompeterin	trompeten er in
landsberger	landsberg er
schulfachlich	schulfach lich
saftigkeit	saft ig keit
urgemütlich	ur gemüt lich
machbar	machen bar
dachauer	dachau er
zugbegleiterin	zugbegleiter in
leningrader	leningrad er
kreuzförmig	kreuzform ig
ausmusterung	aus muster ung
spötter	spotten er
eser	ese er
forstwirtschaftlich	forstwirt schaft lich
entschuldigung	entschuldigen ung
kolumbianerin	kolumbianer in
wohltätigkeit	wohltat ig keit
salzstreuer	salzstreuen er
verengung	verengen ung
gebärfähigkeit	gebärfähig keit
gutachtlich	gutachten lich
verhaftung	ver haft ung
abrüstungswillig	abrüstungswille ig
konzessionslos	konzession los
polospieler	polospiel er
lebenswichtigkeit	lebenswichtig keit
gaswäscher	gaswäsche er
völkerrechtlerin	völkerrecht ler in
avantgardemusiker	avantgardemusik er
meinungsforscherin	meinungsforscher in
schlitzohrig	schlitzohr ig
halbschattig	halbschatten ig
vormerkung	vormerken ung
schmalzbrötchen	schmalzbrot chen
sauberhaltung	sauberhalten ung
weiterzüchtung	weiterzüchten ung
oberlehrerin	oberlehrer in
holzklötzchen	holzklotz chen
kauzig	kauz ig
neuerlich	neuere lich
eichstätter	eichstätt er
direktionsassistentin	direktionsassistent in
erinnerung	erinnern ung
schillern	schill er
steinzeitlich	steinzeit lich
tauglich	taugen lich
anlieferung	anliefern ung
vermögensrechtlich	vermögensrecht lich
pittsburgher	pittsburgh er
kurfürstin	kurfürst in
stufig	stufe ig
friedenstifter	friedenstiften er
änderung	ändern ung
kletterer	klettern er
wirklicher	wirklichen er
amtsleiterin	amtsleiter in
schonung	schonen ung
heilbar	heilen bar
celestin	celeste in
selbstbezüglich	selbstbezug lich
kulturreferentin	kulturreferent in
blocker	block er
ideologiegeschichtlich	ideologiegeschichte lich
nachbarschaftshelferin	nachbarschaftshelfer in
jungforscherin	jungforscher in
kundenfreundlichkeit	kundenfreundlich keit
steckbrieflich	steckbrief lich
parteigenossin	parteigenosse in
architekturhistorikerin	architekturhistoriker in
protestwähler	protestwahl er
sinnesfreudig	sinnesfreude ig
heimatgeschichtlich	heimatgeschichte lich
fernsprecher	fernsprechen er
schulabgänger	schulabgang er
verderber	ver derb er
raumfahrtexpertin	raumfahrtexperte in
unterredung	unterreden ung
verunstaltung	verunstalten ung
integrationswillig	integrationswille ig
verlegung	verlegen ung
verfassungspolitiker	verfassungspolitik er
streitschlichter	streitschlichte er
republikflüchtig	republikflucht ig
filzig	filzen ig
schutzbedürftigkeit	schutzbedürftig keit
waldarbeiter	waldarbeit er
feinsinnigkeit	feinsinn ig keit
supertechniker	supertechnik er
verwesung	verwesen ung
rockmusiker	rockmusik er
halter	halten er
hänger	hängen er
polizeipraktiker	polizeipraktik er
überträger	übertragen er
überleiter	überleiten er
zeichenlehrer	zeichenlehre er
beschäftigungslos	beschäftigen ung los
vernehmbar	vernehmen bar
asiatin	asiate in
parteikritiker	parteikritik er
architekturkritiker	architekturkritik er
wiedererkennung	wiedererkennen ung
festigung	fest e ig ung
gewinner	gewinnen er
vorbildlichkeit	vorbilden lich keit
wahlfähigkeit	wahlfähig keit
medizinethiker	medizinethik er
abschreibung	abschreiben ung
sparkommissarin	sparkommissar in
umlagerung	umlagern ung
briefpartnerin	briefpartner in
fackelläufer	fackellauf er
zerrüttung	zerrütten ung
konradin	konrad in
vergleichbarkeit	ver gleich bar keit
nachschulung	nachschulen ung
seminarteilnehmerin	seminarteilnehmer in
nachbarrechtlich	nachbarrecht lich
eiszeitlich	eiszeit lich
koordinatorin	koordinator in
kameradschaftlichkeit	kamerad schaft lich keit
hochheimer	hochheim er
monopolistin	monopol ist in
florentiner	florentine er
diplomverwaltungswirtin	diplomverwaltungswirt in
verschlimmerung	ver schlimm ung
forscherin	forschen er in
riegelsberger	riegelsberg er
teilnehmer	teilnehmen er
försterin	förster in
ausschmückung	ausschmücken ung
freizeitpolitiker	freizeitpolitik er
solarkocher	solarkochen er
abartig	abart ig
weinbauer	weinbau er
benützer	benutzen er
kreuzbergerin	kreuzberg er in
käsebrötchen	käsebrot chen
pacer	pace er
hauptverdächtig	hauptverdacht ig
unanfechtbar	un anfechten bar
gottesdienstbesucher	gottesdienstbesuch er
hochleistungssportlerin	hochleistungssport ler in
annullierung	annullieren ung
einschmelzung	einschmelzen ung
chefredakteurin	chefredakteur in
bezahler	bezahlen er
pennerin	pennen in
kreisstädtchen	kreisstadt chen
theaterbesucherin	theaterbesuch er in
packung	packen ung
beiordnung	beiordnen ung
verdaulich	verdauen lich
staatsbesucher	staatsbesuch er
seelöwin	seelöwe in
mitteilung	mitteilen ung
besinnlich	besinnen lich
unerklärlichkeit	un erklären lich keit
landesmeisterin	landesmeister in
erfinderin	erfinden er in
bewegungslos	bewegen ung los
nutznießerin	nutznießer in
klavierspieler	klavierspielen er
verkehrssünder	verkehrssünde er
vernehmungsfähigkeit	vernehmungsfähig keit
reformierung	reform ier ung
schmarotzer	schmarotzen er
ortung	orten ung
zirkusartistin	zirkusartist in
wasserbauer	wasserbau er
brandmarkung	brandmarken ung
gespenstig	gespenst ig
ausrutscher	aus rutsch er
niveaulos	niveau los
deutschfreundlichkeit	deutschfreundlich keit
stallgefährtin	stallgefährte in
erwerber	erwerben er
zufügung	zufügen ung
konfliktfähigkeit	konfliktfähig keit
enttäuschung	enttäuschen ung
vergreisung	ver greis e ung
lobensteiner	lobenstein er
rückständig	rückstand ig
frühschwimmer	frühschwimmen er
sowjetbürgerin	sowjetbürger in
akkordarbeiter	akkordarbeit er
preislich	preis lich
fensterlos	fenster los
lehrmeisterin	lehrmeister in
kleinhandwerker	kleinhandwerk er
wiederernennung	wiederernennen ung
toilettenhäuschen	toilettenhaus chen
marxistin	marx ist in
detailfreudig	detailfreude ig
golferin	golf er in
abenteuerlich	abenteuer lich
restaurantkritiker	restaurantkritik er
lebensgefährtin	lebensgefährte in
gesamtheitlich	gesamt heit lich
notdürftig	notdurft ig
verwendung	verwenden ung
sibirier	sibirien er
wilmersdorfer	wilmersdorf er
montagearbeiter	montagearbeit er
abwertung	abwerten ung
einvernehmlich	einvernehmen lich
feldspieler	feldspiel er
kroneberger	kroneberg er
streuer	streuen er
altenessener	altenessen er
universitätsöffentlichkeit	universitätsöffentlich keit
auskunftsfreudig	auskunftsfreude ig
familienfreundlich	familienfreund lich
eigenmächtigkeit	eigenmacht ig keit
gruppenleiterin	gruppenleiter in
multimillionärin	multimillionär in
heiligsprechung	heiligsprechen ung
chefsekretärin	chefsekretär in
verkaufsmanagerin	verkaufsmanager in
bescheidener	bescheiden e er
dietzer	dietz er
bewahrung	bewahren ung
spreizung	spreizen ung
anwenderin	anwenden er in
wellenförmig	wellenform ig
krüppelig	krüppel ig
seifer	seife er
großstädter	großstadt er
firmenaufkäufer	firmenaufkauf er
offensivfähigkeit	offensivfähig keit
siebdrucker	siebdruck er
brunnenhäuschen	brunnenhaus chen
zuckung	zucken ung
lichtdesigner	lichtdesign er
nachdrücklichkeit	nachdruck lich keit
neuberger	neuberg er
utopistin	utopisch ist in
programmiererin	programm ier er in
waldhauser	waldhausen er
spezifizierung	spezifizieren ung
staatsrechtslehrer	staatsrechtslehre er
energieverbraucher	energieverbrauch er
übermittler	übermitteln er
streifig	streifen ig
überzeichnung	überzeichnen ung
schändlichkeit	schänden lich keit
teamkollegin	teamkollege in
überrumpelung	über rumpel ung
gemeinwirtschaftlich	gemeinwirtschaft lich
unzuständigkeit	unzuständig keit
ulmer	ulme er
kappung	kappen ung
bauarbeiter	bauarbeit er
yener	yen er
frühjährlich	frühjahr lich
unüberhörbar	un überhören bar
romanautorin	romanautor in
generalkoordinatorin	generalkoordinator in
rekordgewinner	rekordgewinn er
balinger	balingen er
bluessängerin	bluessänger in
esslinger	esslingen er
texanerin	texaner in
grazer	graz er
benutzerfreundlichkeit	benutzerfreundlich keit
aserbaidschaner	aserbaidschan er
stepper	steppen er
baulichkeit	bau lich keit
zahlungsunfähigkeit	zahlungsunfähig keit
ausrufer	ausrufen er
wärter	warten er
rutschig	rutschen ig
müllunternehmer	müllunternehmen er
studentenführerin	studentenführer in
einspeisung	einspeisen ung
einleitung	einleiten ung
lokalbesucher	lokalbesuch er
unschicklich	un schick e lich
zentralstaatlich	zentralstaat lich
vanillig	vanille ig
segelflieger	segelfliegen er
schrecklichkeit	schreck lich keit
pianospieler	pianospiel er
verringerung	ver ring ung
vollstreckbarkeit	vollstreckbar keit
nachfolger	nachfolgen er
degenfechter	degenfechten er
biberacher	biberach er
umbettung	umbetten ung
weiterbewilligung	weiterbewilligen ung
markenlos	mark los
volksschüler	volksschule er
schwindsüchtig	schwindsucht ig
bernadin	bernad in
patentrechtlich	patentrecht lich
badeurlauber	badeurlaub er
ausschließlich	aus schließen e lich
einzelstarter	einzelstart er
neuengammer	neuengamme er
verhandlungsunfähigkeit	verhandlungsunfähig keit
tamer	tam er
streiterin	streiten er in
privatschüler	privatschule er
stimmchen	stimme chen
königstädter	königstadt er
konservatorin	konservator in
studienanfänger	studienanfang er
gefängnisseelsorger	gefängnisseelsorge er
universitätsmediziner	universitätsmedizin er
tagungsteilnehmerin	tagungsteilnehmer in
unionspolitiker	unionspolitik er
änderbar	ändern bar
nachbarschaftlich	nachbar schaft lich
reiseveranstalterin	reiseveranstalter in
überbesetzung	überbesetzen ung
aburteilung	aburteilen ung
abwaschbar	abwaschen bar
tischlerin	tischler in
großbanker	großbank er
verhandlungswillig	verhandlungswille ig
unbezahlbar	un bezahlen bar
briefsteller	briefstelle er
ostpreußin	ostpreuße in
staatsschauspieler	staatsschauspiel er
exzeßtäter	exzeßtat er
landesligaspieler	landesligaspiel er
hoffnungslos	hoffnung los
entscheidung	entscheiden ung
unnachsichtig	un nachsicht ig
schuldirektorin	schuldirektor in
bewältigung	bewältigen ung
lieblichkeit	lieben lich keit
übellaunigkeit	übellaunig keit
perin	pere in
auswahlspielerin	auswahlspiel er in
falkenberger	falkenberg er
sackpfeifer	sackpfeife er
katalogisierung	katalog isier ung
hingebung	hingeben ung
talentlos	talent los
bedenkenlos	bedenken los
donaueschinger	donaueschingen er
verdeutschung	ver deutsch ung
festlichkeit	fest e lich keit
erfurterin	erfurt er in
solidaritätsarbeiter	solidaritätsarbeit er
knetbar	kneten bar
ebenmäßig	ebenmaß ig
zahlungsfähigkeit	zahlungsfähig keit
befehlsempfänger	befehlsempfang er
bedenklichkeit	bedenken lich keit
schenkung	schenken ung
radiojournalistin	radiojournalist in
geduldig	geduld ig
nachtschränkchen	nachtschrank chen
gutsherrin	gutsherr in
genossenschaftlich	genossen schaft lich
exportfähigkeit	exportfähig keit
speditionsunternehmer	speditionsunternehmen er
tauglichkeit	taugen lich keit
schweinsäuglein	schweinsaugen lein
körperlos	körper los
testpilotin	testpilot in
konkurrenzfähigkeit	konkurrenzfähig keit
leiblichkeit	leib lich keit
dramatiker	dramatik er
bandarbeiter	bandarbeit er
wasserwerker	wasserwerk er
streitlustig	streitlust ig
caritasdirektorin	caritasdirektor in
transplantationsmediziner	transplantationsmedizin er
brechter	brecht er
ersetzbarkeit	ersetzen bar keit
chiffrierung	chiffre ier ung
kaperung	kapern ung
kenntnislos	kenntnis los
dalmatiner	dalmatien er
überzeugungstäter	überzeugungstat er
begünstigung	begünstigen ung
abtrennbar	abtrennen bar
verkehrsplaner	verkehrsplan er
schulleiterin	schulleiter in
nagolder	nagold er
umschreibung	umschreiben ung
postlerin	post ler in
strebsamkeit	streben sam keit
drachenbauer	drachenbauen er
ausstattung	ausstatten ung
umbesetzung	umbesetzen ung
schauer	schau er
knechtung	knechten ung
färbung	färben ung
stichwortgeberin	stichwortgeber in
familienrichterin	familienrichter in
gesangssolistin	gesangssolist in
körnchen	korn chen
edinburgher	edinburgh er
filmautorin	filmautor in
kreispolitiker	kreispolitik er
vermehrungsfähigkeit	vermehrungsfähig keit
aufhebung	aufheben ung
afrikanerin	afrika aner in
obstanbauer	obstanbau er
unterzeichner	unterzeichnen er
schlager	schlagen er
metallunternehmer	metallunternehmen er
kirchhofer	kirchhof er
weitung	weiten ung
rechtlich	recht lich
eigentümlich	eigentum lich
kunstgeschichtlich	kunstgeschichte lich
vorsehung	vorsehen ung
zentrierung	zentrieren ung
klavierlehrerin	klavierlehrer in
widerlichkeit	widern lich keit
stammeskämpfer	stammeskampf er
verschwendung	ver schwende ung
banknachbarin	banknachbar in
lebensschützerin	lebensschutz er in
jordanier	jordan ien er
umformung	umformen ung
ansagerin	ansage er in
pflegeschülerin	pflegeschule er in
ausbaubar	ausbauen bar
kragenlos	kragen los
kochbuchautorin	kochbuchautor in
überanpassung	überanpassen ung
fischerstädtchen	fischerstadt chen
karin	kar in
widerwillig	widerwille ig
lebensabschnittspartnerin	lebensabschnittspartner in
reiniger	rein e ig er
aussiedelung	aussiedeln ung
rauschenberger	rauschenberg er
überbelichtung	überbelichten ung
gaswirtschaftlich	gaswirtschaft lich
starringer	starring er
erbauer	erbauen er
auslassung	auslassen ung
wettbewerbsunfähigkeit	wettbewerbsunfähig keit
bildermacher	bildermachen er
heiterkeit	heiter keit
einreihung	einreihen ung
steuerzahler	steuerzahl er
bröcker	brock er
antagonistin	antagonist in
widerlegung	widerlegen ung
schürer	schur er
reinrassigkeit	reinrassig keit
allgewaltig	allgewalt ig
dosenöffner	dosenöffnen er
rückkehrerin	rückkehr er in
jugendspielerin	jugendspiel er in
strandbesucher	strandbesuch er
zähmung	zähmen ung
abflußlos	abfluß los
vizeministerin	vizeminister in
besserung	bessern ung
anschlußfähigkeit	anschlußfähig keit
anbetung	anbeten ung
ankläger	anklagen er
rabenecker	rabeneck er
jugendärztlich	jugendarzt lich
sonderung	sondern ung
dokumentarfilmer	dokumentarfilm er
erwerbslos	erwerb los
staatssekretärin	staatssekretär in
projektierung	projekt ier ung
absolventin	absolvent in
dorfschullehrerin	dorfschullehrer in
parteisekretärin	parteisekretär in
heutig	heute ig
sandkörner	sandkorn er
sender	senden er
wendig	wenden ig
prüfung	prüfen ung
spaltbarkeit	spalten bar keit
richterin	richten er in
tabuierung	tabu ier ung
entdecker	entdecken er
treuhänder	treuhand er
wertstellung	wertstellen ung
hochschulprofessorin	hochschulprofessor in
eisenberger	eisenberg er
einbringung	einbringen ung
verarmung	ver arm e ung
anwendbarkeit	anwendbar keit
berufsständig	berufsstand ig
saisonarbeiterin	saisonarbeit er in
gewerblich	gewerbe lich
verheerung	ver heer ung
ohrwurmig	ohrwurm ig
lackierung	lack ier ung
rentenrechtlich	rentenrecht lich
ordensgründerin	ordensgründer in
büchermacher	büchermachen er
pharmareferentin	pharmareferent in
einkapselung	ein kapsel ung
ratlos	rate los
umleitung	umleiten ung
witzigkeit	witzig keit
weiterführung	weiterführen ung
beobachterin	beobachten er in
wohnlichkeit	wohnen lich keit
kanzlerberaterin	kanzlerberater in
bodenbesitzer	bodenbesitz er
wiederkäufer	wiederkauf er
faustkämpfer	faustkampf er
anforderung	anfordern ung
regenlos	regen los
gemeindeassistentin	gemeindeassistent in
landesumweltministerin	landesumweltminister in
entgleisung	entgleisen ung
gedichtbändchen	gedichtband chen
kirchlichkeit	kirche lich keit
wohlständig	wohlstand ig
nachdenklichkeit	nachdenken lich keit
ehrenbürger	ehrenburg er
baggerfahrer	baggerfahren er
kelterung	keltern ung
empfindlichkeit	empfinden lich keit
verbraucherschützerin	verbraucherschutz er in
wiesenburger	wiesenburg er
gruppierung	gruppe ier ung
sozialtechniker	sozialtechnik er
kartenlegerin	kartenlegen er in
vergnüglich	vergnügen lich
sprengung	sprengen ung
umschlingung	umschlingen ung
meckerer	meckern er
nordöstlich	nordost lich
kampftrinker	kampftrinken er
werbewirksamkeit	werbewirksam keit
unbilligkeit	unbill ig keit
oberassistentin	oberassistent in
zeitgenossin	zeitgenosse in
kemper	kemp er
kampffähigkeit	kampffähig keit
auffrischung	auffrischen ung
wiedergängerin	wiedergänger in
wolfsburger	wolfsburg er
klinker	klinke er
gastlichkeit	gast lich keit
kanufahrer	kanufahren er
peinigen	pein ig
straßenverkäuferin	straßenverkauf er in
trächtigkeit	trächtig keit
chemotechnikerin	chemotechniker in
unterbewertung	unterbewerten ung
schaffnerin	schaffen er in
arbeitsmarktpolitiker	arbeitsmarktpolitik er
zornig	zorn ig
schoßhündchen	schoßhund chen
vermögensverwalterin	vermögensverwalter in
finanzreferentin	finanzreferent in
oppositionspolitiker	oppositionspolitik er
beeinträchtigung	beeinträchtigen ung
befriedigung	befriedigen ung
prüfer	prüfen er
giftspritzer	giftspritze er
spitzenverdienerin	spitzenverdiener in
heimarbeiterin	heimarbeit er in
schinkenbrötchen	schinkenbrot chen
epileptikerin	epileptiker in
tagessiegerin	tagessieg er in
unstetig	un stet e ig
kontrabassistin	kontrabassist in
fahrschüler	fahrschule er
bernburger	bernburg er
legierung	legieren ung
volkswirtschaftlich	volkswirt schaft lich
turiner	ture in er
unerfüllbarkeit	un erfüllen bar keit
autoritätshörigkeit	autoritätshörig keit
unbeträchtlich	un betracht lich
forschungsleiterin	forschungsleiter in
spitzbogig	spitzbogen ig
fachverkäuferin	fachverkäufer in
sozialarbeiter	sozialarbeit er
inländerin	inländer in
unhörbarkeit	un hörbar keit
lebensgeschichtlich	lebensgeschichte lich
verwarnung	verwarnen ung
sanierungsbedürftigkeit	sanierungsbedürftig keit
vorwitzig	vorwitz ig
entmutigung	entmutigen ung
endverbraucher	endverbrauch er
selbstverwalter	selbstverwalten er
überplanung	überplanen ung
inniglich	innig lich
standesbeamtin	standesbeamte in
wahnwitzig	wahnwitz ig
hochwertigkeit	hochwertig keit
fürstbischöflich	fürstbischof lich
paraphrasierung	paraphrase ier ung
argentinier	argentine ien er
diplompsychologin	diplompsychologe in
goldin	gold in
parteifeindlich	parteifeind lich
halbjährlich	halbjahr lich
elektrifizierung	elektrifizieren ung
verzeihung	verzeihen ung
landurlauber	landurlaub er
nikotinabhängigkeit	nikotinabhängig keit
blondhaarig	blondhaar ig
schleifer	schleifen er
agrarunternehmer	agrarunternehmen er
streitig	streiten ig
amerikanistin	amerika anisch ist in
entgeltlich	entgelt lich
hemdsärmelig	hemdsärmel ig
empfehlung	empfehlen ung
anstiftung	anstiften ung
regionalligaspieler	regionalligaspiel er
sportlichkeit	sport lich keit
gewaltlos	gewalt los
gutsbesitzerin	gutsbesitzer in
elendiglich	elend ig lich
gewinnung	gewinnen ung
bahnwärterhäuschen	bahnwärterhaus chen
seerechtlich	seerecht lich
unsittlich	unsitte lich
museumswärterin	museumswärter in
angolanerin	angola aner in
dienstpflichtig	dienstpflicht ig
gartenbesitzerin	gartenbesitzer in
gemeingefährlichkeit	gemeingefährlich keit
staffelung	staffeln ung
verwaltungsrichterin	verwaltungsrichter in
gemüseverkäuferin	gemüseverkauf er in
kundenbetreuerin	kundenbetreuer in
austauschpartnerin	austauschpartner in
technikfeindlichkeit	technikfeindlich keit
täfelchen	tafel chen
salonlöwin	salonlöwe in
zweiradfahrer	zweiradfahren er
germanin	german in
textildesigner	textildesign er
unscheinbar	un scheinen bar
ungleichzeitig	un gleichzeit ig
unerreichbar	un erreichen bar
bader	baden er
arierin	ari er in
klarträumer	klartraum er
vergegenwärtigung	ver gegenwart ig ung
kampfgefährtin	kampfgefährte in
schauerlich	schau er lich
umfassung	umfassen ung
zukunftsträchtigkeit	zukunftsträchtig keit
duftig	duften ig
ersatzkandidatin	ersatzkandidat in
schwerlaster	schwerlast er
namenspatronin	namenspatron in
rechtspolitiker	rechtspolitik er
minderjährigkeit	minderjährig keit
technikerin	technik er in
aufnahmefähigkeit	aufnahmefähig keit
dimensionierung	dimension ier ung
mündlichkeit	mündlich keit
priorin	prior in
schnurrig	schnurren ig
bagdader	bagdad er
ehrenbürgerin	ehrenburg er in
druckunternehmer	druckunternehmen er
ausreißerin	ausreißen in
biotechniker	biotechnik er
verärgerung	ver ärger ung
regellos	regeln el los
zuordnung	zuordnen ung
pflegeschüler	pflegeschule er
büßer	büßen er
volksheldin	volksheld in
niederländer	niederlande er
finanzbeamtin	finanzbeamte in
aufrichtigkeit	aufrichten ig keit
krebspatientin	krebspatient in
krankenpflegerin	krankenpflege er in
wohnungsbesitzerin	wohnungsbesitz er in
lügner	lügen er
obstverkäuferin	obstverkauf er in
ermattung	ermatten ung
amsterdamerin	amsterdam er in
diplomvolkswirtin	diplomvolkswirt in
anführung	anführen ung
tätlichkeit	tätlich keit
generalsekretärin	generalsekretär in
frühgeschichtlich	frühgeschichte lich
erkundung	erkunden ung
einzelstaatlich	einzelstaat lich
entsorgungsunternehmer	entsorgungsunternehmen er
kulturplaner	kulturplan er
hochschätzung	hochschätzen ung
verwilderung	verwildern ung
firmenrechtlich	firmenrecht lich
fresser	fressen er
bluter	bluten er
erweckung	erwecken ung
auskleidung	auskleiden ung
wiederbegründung	wiederbegründen ung
holmer	holm er
aufstockung	aufstocken ung
brennbar	brennen bar
toaster	toast er
busfahrer	busfahren er
rohrleitungsbauer	rohrleitungsbau er
schwätzer	schwätzen er
reformfeindlich	reformfeind lich
unterhaltungskünstlerin	unterhaltungskunst ler in
kriegsfähigkeit	kriegsfähig keit
religionswissenschaftlich	religionswissenschaft lich
lauffreudig	lauffreude ig
beanstandungslos	be anstand ung los
senatsvertreterin	senatsvertreter in
spritzig	spritzen ig
weiterverbreitung	weiterverbreiten ung
pressereferentin	pressereferent in
bezirksmeisterin	bezirksmeister in
kirchenpolitiker	kirchenpolitik er
entwertung	entwerten ung
verschmutzung	ver schmutz ung
vererblich	ver erbe lich
zivilpolizistin	zivilpolizei ist in
regimegegnerin	regimegegner in
neutralisierung	neutrale isier ung
lindner	linden er
aussteiger	aussteigen er
anwendung	anwenden ung
niederberger	niederberg er
begradigung	begradigen ung
unterbringung	unterbringen ung
enteisung	enteisen ung
integrationsfähigkeit	integrationsfähig keit
vorbesprechung	vorbesprechen ung
urplötzlich	ur plötze lich
rinner	rinnen e er
gentechniker	gentechnik er
burgherrin	burgherr in
skiurlauber	skiurlaub er
landesdenkmalpfleger	landesdenkmalpflege er
anheuerung	anheuern ung
dauerbesucher	dauerbesuch er
sonderschullehrerin	sonderschullehrer in
einzementierung	einzementieren ung
kocher	kochen er
unfreundlich	un freund lich
lückenlos	lücke los
grundbesitzer	grundbesitz er
christlichkeit	chr ist lich keit
wunderlin	wunderle in
rundung	runden ung
schußwaffenbesitzer	schußwaffenbesitz er
geigenspieler	geigenspiel er
maierhofer	maierhof er
nordbadener	nordbaden er
ungarin	ungar in
trotzkistin	trotzkist in
augenblicklich	augenblick lich
bauplanungsrechtlich	bauplanungsrecht lich
dickfelligkeit	dickfellig keit
wochentäglich	wochentag lich
unbeachtlich	un be acht lich
bundesverfassungsrichterin	bundesverfassungsrichter in
ausbilderin	ausbilden er in
freigebig	freigeben ig
jugendrichterin	jugendrichter in
wettbewerblich	wettbewerb lich
rattenfängerin	rattenfang er in
fraktionsgeschäftsführerin	fraktionsgeschäftsführer in
lagerfähigkeit	lagerfähig keit
einbürgerung	ein bürgen ung
darmstädter	darmstadt er
zurücksetzung	zurücksetzen ung
unterwürfigkeit	unterwürfig keit
pressevertreterin	pressevertreter in
uneinsichtig	un einsicht ig
kaiserlich	kaiser lich
sennerin	sennen in
arbeitsministerin	arbeitsminister in
landtagspräsidentin	landtagspräsident in
fachoberschüler	fachoberschule er
unpäßlichkeit	unpäßlich keit
holzfäller	holzfällen er
empfindung	empfinden ung
tester	test er
kampflos	kampf los
lein	lee in
waffenbesitzer	waffenbesitz er
säuerlich	säuern lich
einrechnung	einrechnen ung
erweiterung	erweitern ung
aufrechterhaltung	aufrechterhalten ung
bändigung	bändigen ung
kater	kate er
schraffierung	schraffieren ung
wissenschaftsexpertin	wissenschaftsexperte in
gewerkschaftlich	gewerkschaft lich
wissenschaftlich	wissenschaft lich
wohnungspolitiker	wohnungspolitik er
einschlägig	einschlagen ig
redaktionssekretärin	redaktionssekretär in
vernebelung	ver nebeln el ung
stürmer	stürmen er
korbacher	korbach er
schicklichkeit	schick e lich keit
terrier	terra er
begründer	begründen er
kriminalpolizeilich	kriminalpolizei lich
sozialstaatlich	sozialstaat lich
abwanderung	abwandern ung
bedienerin	bedienen er in
zulassung	zulassen ung
schriftlos	schrift los
vorspannung	vorspannen ung
pickelig	pickel ig
abgängig	abgang ig
grantig	grant ig
oberbereiter	oberbereite er
schwärzlich	schwärzen lich
eignung	eignen ung
überfachlich	über fach lich
analysierbar	analyse ier bar
landesgesetzlich	landesgesetz lich
altväterlich	altvater lich
geiger	geigen er
musikredakteurin	musikredakteur in
staksig	staksen ig
eigenbetrieblich	eigenbetrieb lich
erholungsbedürftigkeit	erholungsbedürftig keit
einhebung	einheben ung
kursteilnehmerin	kursteilnehmer in
stemmer	stemmen er
idsteiner	idstein er
bodenreformer	bodenreform er
auftraggeberin	auftraggeber in
sozialpfleger	sozialpflege er
aufopferung	aufopfern ung
binder	binde er
nachpflanzung	nachpflanzen ung
unerträglich	un ertrag lich
anstellung	anstellen ung
usbekin	usbeke in
kirchengeschichtlich	kirchengeschichte lich
verselbständigung	ver selbständig ung
niederschlagung	niederschlagen ung
tanzschüler	tanzschule er
rentierzüchter	rentierzucht er
jurastudentin	jurastudent in
veranstaltungsbesucher	veranstaltungsbesuch er
neapolitanerin	neapolitaner in
risikofreudigkeit	risikofreude ig keit
planungsreferentin	planungsreferent in
kleinhaltung	kleinhalten ung
metin	mete in
ascher	asche er
plochinger	plochingen er
kopfarbeiter	kopfarbeit er
rasensprenger	rasensprengen er
ehrenberger	ehrenberg er
verletzlichkeit	verletzen lich keit
zähflüssigkeit	zähflüssig keit
nachrichtensprecherin	nachrichtensprecher in
alleingänger	alleingang er
nachrichtenchefin	nachrichtenchef in
empfängerin	empfang er in
überweltlich	über welt lich
zweistaatlichkeit	zweistaatlich keit
ausländerfeindlich	ausländerfeind lich
mittelbauer	mittelbau er
drahtig	draht ig
flügelspieler	flügelspiel er
einsperrung	einsperren ung
darbietung	darbieten ung
verweslich	verwesen lich
diskussionsfreudig	diskussionsfreude ig
lyrikerin	lyrik er in
kumulierung	kumulieren ung
konzernsprecherin	konzernsprecher in
hautverträglichkeit	hautverträglich keit
umgestaltung	um gestalt ung
spitzenspielerin	spitzenspiel er in
fischhändlerin	fischhändler in
verinnerlichen	ver inner e lich
läufer	lauf er
diabetikerin	diabetiker in
achteckig	achteck ig
mittelschüler	mittelschule er
zeitigen	zeit ig
pläuschchen	plausch chen
bürgerschaftspräsidentin	bürgerschaftspräsident in
piepser	piepsen er
übereignung	übereignen ung
sorgsamkeit	sorgsam keit
unmöglichkeit	un möglich keit
zellengenossin	zellengenosse in
wissenschaftssenatorin	wissenschaftssenator in
entdeckerin	entdecken er in
mündung	münden ung
einsteigerin	einsteigen er in
urnengänger	urnengang er
vorsängerin	vorsänger in
instrumentalistin	instrument al ist in
garantin	garant in
bauernfänger	bauernfang er
fernsehunternehmer	fernsehunternehmen er
erwerbsobstbauer	erwerbsobstbau er
porzellanmalerin	porzellanmaler in
fellbacherin	fellbach er in
wanderbar	wandern bar
regionalgeschichtlich	regionalgeschichte lich
sexualpädagogin	sexualpädagoge in
witwer	witwe er
verbitterung	ver bitter ung
schiffbar	schiffen bar
güler	gül er
ernährer	ernähren er
jünger	junge er
schmächtig	schmachten ig
wirtschaftsfreundlich	wirtschaftsfreund lich
zeitdiagnostiker	zeitdiagnostik er
umklammerung	um klammer ung
verpfändung	verpfänden ung
peiniger	pein ig er
kleinkrämer	kleinkram er
produktionsdesigner	produktionsdesign er
erfolgslos	erfolg los
übereilig	übereilen ig
mühlenberger	mühlenberg er
schwermetaller	schwermetall er
drogenkrieger	drogenkrieg er
einberufung	einberufen ung
betriebsamkeit	betriebsam keit
saarburger	saarburg er
abgabepflichtig	abgabepflicht ig
satellitenempfänger	satellitenempfang er
bauzeichnerin	bauzeichner in
tapferkeit	tapfer keit
versandung	versanden ung
fachwerkhäuschen	fachwerkhaus chen
finderin	finden er in
fehler	fehlen er
erhebung	erheben ung
vierteljährlich	vierteljahr lich
kirchenmusikerin	kirchenmusik er in
züchtung	züchten ung
nachweispflichtig	nachweispflicht ig
bildschirmarbeiter	bildschirmarbeit er
unverdächtig	un verdacht ig
übersättigung	übersättigen ung
altenpflegehelferin	altenpflegehelfer in
billardspieler	billardspielen er
nachmeldung	nachmelden ung
affekttäter	affekttat er
überfüllung	überfüllen ung
kanadier	kanada er
mauerbauer	mauerbau er
seegängig	seegang ig
vorzeitlich	vorzeit lich
benzin	benz in
trösterin	trost er in
badener	baden er
dillenburger	dillenburg er
wahlsieger	wahlsieg er
normalverbraucherin	normalverbraucher in
privatbesucher	privatbesuch er
mitspielerin	mitspielen er in
bluesmusiker	bluesmusik er
gesprächsfähigkeit	gesprächsfähig keit
verschlüsselung	ver schlüssel ung
theaterbesucher	theaterbesuch er
diskussionslos	diskussion los
starrsinnig	starrsinn ig
günzburger	günzburg er
zahler	zahlen er
verfinsterung	ver finster ung
fremdenfeindlich	fremdenfeind lich
heimkehrer	heimkehren er
physiker	physik er
tanzpädagogin	tanzpädagoge in
umerziehung	umerziehen ung
landschaftsschützer	landschaftsschutz er
ökonomin	ökonom in
schmuckdesigner	schmuckdesign er
körpersprachlich	körpersprache lich
blankenburger	blankenburg er
fanatikerin	fanatiker in
überwindbar	überwinden bar
entwöhnung	entwöhnen ung
rechtstaatlich	rechtstaat lich
kälbchen	kalben chen
historikerin	historik er in
bebauung	be bau ung
solospieler	solospiel er
entsendung	entsenden ung
unduldsamkeit	un dulden sam keit
waldorfschüler	waldorfschule er
schauberger	schauberg er
wunderbar	wundern bar
umschichtig	umschichten ig
motivlos	motiv los
innovationsfähigkeit	innovationsfähig keit
dorfhelferin	dorfhelfer in
lehramtsanwärterin	lehramtsanwärter in
reisefreudigkeit	reisefreude ig keit
jämmerlichkeit	jammer lich keit
genossenschaftlerin	genossen schaft ler in
bonner	bonne er
funktionsunfähigkeit	funktionsunfähig keit
josefstädter	josefstadt er
unbenutzbar	un benutzen bar
sterbenswörtchen	sterbenswort chen
vertreter	vertreten er
miststreuer	miststreue er
medienarbeiter	medienarbeit er
einschnürung	einschnüren ung
versteigerer	ver steige er er
umweltverträglichkeit	umweltverträglich keit
beliebig	belieben ig
kunstjournalistin	kunstjournalist in
aussöhnung	aussöhnen ung
behördlich	behörde lich
jugendamtsleiterin	jugendamtsleiter in
riesig	riese ig
spitzenkandidatin	spitzenkandidat in
erzherzogin	erzherzog in
einforderung	einfordern ung
informatikerin	informatik er in
lehrstuhlinhaberin	lehrstuhlinhaber in
programmplaner	programmplan er
tanker	tank er
hauptanteilseignerin	hauptanteilseigner in
blumensträußchen	blumenstrauß chen
einstufung	einstufen ung
tarifpolitiker	tarifpolitik er
ausräumung	ausräumen ung
aneignung	aneignen ung
überbewertung	überbewerten ung
lückenbüßerin	lückenbüßer in
lebensnotwendigkeit	lebensnotwendig keit
keglerin	kegler in
wahlhamburgerin	wahlhamburger in
lother	loth er
allein	allee in
pünktlichkeit	pünktlich keit
weinkönigin	weinkönig in
halbgöttlich	halbgott lich
weltbanker	weltbank er
objektleiterin	objektleiter in
friedenskämpfer	friedenskampf er
wiederaufarbeitung	wiederaufarbeiten ung
puter	pute er
entwurzelung	entwurzeln ung
überquerung	überqueren ung
marathonläuferin	marathonlaufen er in
feindlich	feinden lich
gegensätzlichkeit	gegensatz lich keit
mönchberger	mönchberg er
gasthörerin	gasthörer in
genußsüchtig	genußsucht ig
russischlehrerin	russischlehrer in
mägdlein	magd lein
bundespolitikerin	bundespolitik er in
pastellig	pastell ig
wahrnehmbar	wahrnehmen bar
lehmig	lehm ig
friedberger	friedberg er
verpflichtung	ver pflicht ung
doppelpartnerin	doppelpartner in
lustschlößchen	lustschloß chen
bundesgenossin	bundesgenosse in
erdinger	erding er
prozeßrechtlich	prozeßrecht lich
erreichbar	erreichen bar
altin	alt in
kunstturnerin	kunstturnen er in
deutlichkeit	deutlich keit
ruchlos	ruch los
liedersängerin	liedersänger in
kunsthistorikerin	kunsthistoriker in
anordnung	anordnen ung
bukarester	bukarest er
kleidchen	kleid chen
beibringung	beibringen ung
bäuchlein	bauch lein
schnürchen	schnur chen
untergeher	untergehen er
zusammenfassung	zusammenfassen ung
gynäkologin	gynäkologe in
deckelung	deckeln ung
trotzig	trotzen ig
pizzabäcker	pizzabacken er
gesundheitspolizeilich	gesundheitspolizei lich
arnstädter	arnstadt er
hauptschullehrerin	hauptschullehrer in
zahntechnikerin	zahntechnik er in
minderung	mindern ung
überladung	überladen ung
verfassungswidrigkeit	verfassungswidrig keit
landessiegerin	landessieg er in
gerichtsmedizinerin	gerichtsmedizin er in
musikliebhaberin	musikliebhaber in
rennläufer	rennlauf er
volksschauspielerin	volksschauspiel er in
großbetrüger	großbetrug er
gesellschafter	gesellschaft er
ausleitung	ausleiten ung
marlin	marle in
hochstapler	hochstapeln er
hauptankläger	hauptanklage er
sandig	sand ig
köhler	kohl er
bauunternehmerin	bauunternehmen er in
unschicklichkeit	un schick e lich keit
querulantin	querulant in
gewohnheitsrechtlich	gewohnheitsrecht lich
puppenstübchen	puppenstube chen
bildgewaltig	bildgewalt ig
dichterin	dichten er in
landeswahlleiterin	landeswahlleiter in
florettfechter	florettfechten er
direktkandidatin	direktkandidat in
schweinezüchter	schweinezucht er
jesuitenschüler	jesuitenschule er
gewichtslos	gewicht los
friedenspolitiker	friedenspolitik er
ablehnung	ablehnen ung
unverdaulichkeit	unverdaulich keit
hauptgutachter	hauptgutachten er
abtönung	abtönen ung
fotoredakteurin	fotoredakteur in
drogenverkäufer	drogenverkauf er
ausschließung	aus schließen e ung
partnerin	partner in
kürzung	kürzen ung
weichensteller	weichenstelle er
schwimmlehrerin	schwimmlehrer in
sorglich	sorge lich
ohrenschützer	ohrenschutz er
entlausung	entlausen ung
lebenslänglich	lebenslang e lich
problemslos	problem los
planwirtschaftlich	planwirtschaft lich
durchzieher	durchziehen er
fleckig	flecken ig
reiter	reiten er
einförmigkeit	einförmig keit
losverkäufer	losverkauf er
weggefährtin	weggefährte in
fremdsprachensekretärin	fremdsprachensekretär in
angehörigkeit	angehören ig keit
archäologin	archäologe in
wahlhelferin	wahlhelfer in
faßlich	faß lich
vorbildlich	vorbilden lich
vermeidbar	vermeiden bar
titelverteidigerin	titelverteidiger in
verzeihlich	verzeihen lich
fragestellerin	fragestelle er in
innerparteilich	inner partei lich
feller	fell er
zugehörig	zugehören ig
bemäntelung	bemänteln ung
wasserträgerin	wassertragen er in
musterschüler	musterschule er
wonneberger	wonneberg er
pädagogikstudentin	pädagogikstudent in
zairer	zaire er
flößer	floß er
taxierung	taxieren ung
anmaßung	anmaßen ung
programmgestalterin	programmgestalter in
bekleidung	be kleid ung
erwerbbar	erwerben bar
unterpächterin	unterpächter in
landschaftsgärtner	landschaftsgarten er
reiseunfähigkeit	reiseunfähig keit
neuburger	neuburg er
verschonung	verschonen ung
brandenburgerin	brandenburg er in
pfingsturlauber	pfingsturlaub er
hochtechnisierung	hochtechnisch isier ung
tatenlos	tate los
vollzeitschüler	vollzeitschule er
schalter	schalten er
überantwortung	überantworten ung
empfänger	empfang er
erstarkung	erstarken ung
weberhäuschen	weberhaus chen
unregelmäßigkeit	un regelmäßig keit
beweisfähigkeit	beweisfähig keit
aushebung	ausheben ung
krisenmanagerin	krisenmanager in
gebieterin	gebieten er in
seeberger	seebergen er
psychoanalytikerin	psychoanalytiker in
verabreichung	verabreichen ung
goldmedaillengewinnerin	goldmedaillengewinn er in
familienpfleger	familienpflege er
filmtechniker	filmtechnik er
entwicklungspolitiker	entwicklungspolitik er
trübsinnig	trübsinn ig
mitarbeiterin	mitarbeiten er in
heizungsbauer	heizungsbau er
kinderpsychologin	kinderpsychologe in
kindler	kindl er
buchhalterin	buchhalter in
krebsanfälligkeit	krebsanfällig keit
fleischig	fleisch ig
armbändchen	armband chen
hauptdarstellerin	hauptdarsteller in
gasverbraucher	gasverbrauch er
unstetigkeit	un stet e ig keit
überschreibung	überschreiben ung
achtbar	achten bar
abrechnung	abrechnen ung
filterung	filtern ung
erklärungslos	erklären ung los
geigenbauer	geigenbau er
sigmaringer	sigmaringen er
demütig	demut ig
residenzstädtchen	residenzstadt chen
neuartigkeit	neuartig keit
überbauung	überbauen ung
verstaatlichen	ver staat lich
jurorin	juror in
funker	funken er
eintrübung	eintrüben ung
besoldung	besolden ung
zwischenrufer	zwischenrufen er
ausführbar	ausführen bar
neandertalerin	neandertaler in
denunziantin	denunziant in
fürther	fürth er
alleinerzieher	alleinerziehen er
serienmörder	serienmord er
sozialpartnerschaftlich	sozialpartner schaft lich
jugendfreundlich	jugendfreund lich
einigung	einigen ung
vorbildung	vorbilden ung
nachempfindung	nachempfinden ung
entzündung	entzünden ung
wiederverwertung	wiederverwerten ung
demokratieverträglichkeit	demokratieverträglich keit
unselbständigkeit	un selbständig keit
bronzezeitlich	bronzezeit lich
natürlicher	natürlichen er
bodenlos	boden los
kreisgeschäftsführerin	kreisgeschäftsführer in
straffällig	straffall ig
übermächtig	übermacht ig
entkriminalisierung	entkriminalisieren ung
landhäuschen	landhaus chen
finalgegnerin	finalgegner in
verflüchtigung	ver flüchten ig ung
sündigen	sünde ig
jugendsekretärin	jugendsekretär in
gastgewerblich	gastgewerbe lich
netzwerker	netzwerk er
indonesierin	indonesien er in
umweltfreundlichkeit	umweltfreund lich keit
straßenarbeiter	straßenarbeit er
samenkörner	samenkorn er
genießbar	genießen bar
schuhverkäuferin	schuhverkauf er in
fachwissenschaftlich	fachwissen schaft lich
pariserin	paris er in
erstaunlich	erstaunen lich
journalistikstudentin	journalistikstudent in
lebenszeitlich	lebenszeit lich
vervollständigung	ver vollständig ung
meinungsmacher	meinungsmache er
pilzsucher	pilzsuche er
mitternächtlich	mitternacht lich
reformerin	reform er in
flüssigkeit	flüssig keit
atomphysiker	atomphysik er
ausländerrechtlich	ausländerrecht lich
polizeirechtlich	polizeirecht lich
hastig	hast ig
fernsehtauglichkeit	fernsehtauglich keit
verhinderung	verhindern ung
parteiarbeiter	parteiarbeit er
ortsamtsleiterin	ortsamtsleiter in
ärmlichkeit	ärmlich keit
paderborner	paderborn er
widerstandskämpferin	widerstandskampf er in
unfreundlichkeit	un freund lich keit
amtsvorgängerin	amtsvorgänger in
verbreiterung	ver breit ung
sekretärin	sekret är in
einstrahlung	ein strahl ung
spitzohrig	spitzohr ig
zwischenfinanzierung	zwischenfinanzieren ung
bläser	blase er
strafrechtlerin	strafrecht ler in
wellenchefin	wellenchef in
erscheinung	erscheinen ung
verschiffung	ver schiff ung
bergrechtlich	bergrecht lich
erlegung	erlegen ung
freudlos	freud los
rückläufer	rücklauf er
hilfspolizistin	hilfspolizei ist in
subventionierung	subvention ier ung
polizistenmörder	polizistenmord er
wahlkampfmanagerin	wahlkampfmanager in
anrufung	anrufen ung
protestlos	protest los
ausstellungsleiterin	ausstellungsleiter in
elsässerin	elsässer in
hauptbuchhalterin	hauptbuchhalter in
trapper	trappe er
rechtsgutachter	rechtsgutachten er
saumseligkeit	saumselig keit
aussätzig	aussatz ig
wohltäterin	wohltat er in
krankenpflegeschülerin	krankenpflegeschule er in
feinstofflichkeit	feinstofflich keit
münzenberger	münzenberg er
funkerin	funken er in
stimmlos	stimme los
lichtfleckchen	lichtfleck chen
bergbaulich	bergbau lich
theaterschauspielerin	theaterschauspieler in
neuzeitlich	neuzeit lich
deuter	deuten er
gemächlich	gemach lich
publikumswirksamkeit	publikumswirksam keit
schattig	schatten ig
oberösterreicher	oberösterreich er
miniröckchen	minirock chen
berufspolitikerin	berufspolitik er in
modedesignerin	modedesign er in
landesfürstlich	landesfürst lich
steptänzer	steptanz er
ungewöhnlichkeit	un gewöhnen lich keit
bombenwerfer	bombenwerfen er
gebieter	gebieten er
golffahrerin	golffahrer in
jazzmusiker	jazzmusik er
großbetrieblich	großbetrieb lich
betonarbeiter	betonarbeit er
maschinenstürmer	maschinensturm er
unbehaglichkeit	un behagen lich keit
kronenberger	kronenberg er
verzweiflungstäter	verzweiflungstat er
nachstellung	nachstellen ung
plünderer	plündern er
gülser	gülsen er
entschlußfreudig	entschlußfreude ig
bettler	betteln er
umarbeitung	um arbeit ung
bauchig	bauch ig
erwerbsloser	erwerbslose er
archivleiterin	archivleiter in
doppelmörder	doppelmord er
verlader	verladen er
sieger	siegen er
lorin	lore in
arbeitsrichterin	arbeitsrichter in
regreßpflichtig	regreßpflicht ig
niedlichkeit	niedlich keit
gleichzeitig	gleichzeit ig
darsteller	darstellen er
archivierung	archiv ier ung
schließung	schließen ung
filmwissenschaftlerin	filmwissenschaft ler in
gitarrenspieler	gitarrenspiel er
pokerspieler	pokerspiel er
förderungswürdigkeit	förderungswürdig keit
einübung	einüben ung
olympier	olympia er
heldenmutig	heldenmut ig
aufheller	aufhellen er
sozialberaterin	sozialberater in
schicksalsgenossin	schicksalsgenosse in
designer	design er
umzingelung	umzingeln ung
germain	germa in
grauhaarig	grauhaar ig
nordhessin	nordhesse in
jugendvertreterin	jugendvertreter in
machtpolitiker	machtpolitik er
madrider	madrid er
umkreisung	um kreis ung
aufwallung	aufwallen ung
absetzbar	absetzen bar
spendenfreudig	spendenfreude ig
erlernbarkeit	erlernbar keit
kaufkräftig	kaufkraft ig
mündigkeit	mündig keit
ausscheidung	ausscheiden ung
tiermedizinerin	tiermedizin er in
wattig	watte ig
konsumgenossenschaftlich	konsumgenossenschaft lich
nationalheldin	nationalheld in
untermieterin	untermiete er in
gefühllos	ge fühlen los
kirchenkritiker	kirchenkritik er
bahnsprecherin	bahnsprecher in
namibier	namibia er
saxophonistin	saxophon ist in
zufallstreffer	zufallstreffen er
großmütterchen	großmutter chen
metallerin	metall er in
vorhanglos	vorhang los
frühsommerlich	frühsommer lich
entsorgungsplaner	entsorgungsplan er
direktorin	direktor in
pinneberger	pinneberg er
geschichtlich	geschichte lich
neustädterin	neustadt er in
inselurlauber	inselurlaub er
kaufbar	kaufen bar
anbeter	anbeten er
schulsozialarbeiterin	schulsozialarbeit er in
anstaltsleiterin	anstaltsleiter in
flußfischer	flußfisch er
vorspiegelung	vorspiegeln ung
mittelfeldspieler	mittelfeldspiel er
londoner	london er
lehrgangsteilnehmerin	lehrgangsteilnehmer in
zeugung	zeugen ung
würger	würgen er
indoktrinierung	indoktrinieren ung
vögelchen	vogel chen
biophysiker	biophysik er
unwirksamkeit	unwirksam keit
freisprechung	freisprechen ung
gemüseanbauer	gemüseanbau er
vokalartistin	vokalartist in
zerschlagung	zer schlagen ung
tierfreundlich	tierfreund lich
oberschlesier	oberschlesien er
hausväterlich	hausvater lich
großmeisterlich	großmeister lich
unterlassung	unterlassen ung
problematisierung	problem atisch isier ung
verkehrspolizeilich	verkehrspolizei lich
sprachmächtigkeit	sprachmächtig keit
rufmörder	rufmord er
vietnamkrieger	vietnamkrieg er
ausschabung	ausschaben ung
schwindler	schwindeln er
ingenieurwissenschaftlerin	ingenieurwissenschaft ler in
rotzig	rotzen ig
bezeugung	bezeugen ung
unternehmer	unternehmen er
schulpflichtig	schulpflicht ig
kehlig	kehle ig
fortpflanzungsfähigkeit	fortpflanzungsfähig keit
gartenplaner	gartenplan er
übersäuerung	übersäuern ung
torhäuschen	torhaus chen
profisportlerin	profisport ler in
sauberkeit	sauber keit
oberhausenerin	oberhausen er in
schöpfer	schöpfen er
hintersteiner	hinterstein er
komponistin	komponist in
verkrampfung	ver krampf ung
tontechnikerin	tontechnik er in
überschätzung	überschätzen ung
königsmörder	königsmord er
schulreformer	schulreform er
stromlinienförmig	stromlinienform ig
konjunkturanfälligkeit	konjunkturanfällig keit
eigenheimbauer	eigenheimbau er
bundesministerin	bundesminister in
schreckenberger	schreckenberg er
orientierung	orient ier ung
betreuerin	betreuen er in
straffälliger	straffälligen er
briefschreiberin	briefschreiber in
verfassung	verfassen ung
kleinstädtchen	kleinstadt chen
löber	lob er
hochschullehrer	hochschullehre er
punktezähler	punktezahl er
zeitungsverkäufer	zeitungsverkauf er
türmchen	turm chen
haider	haid er
aachener	aachen er
nachteilig	nachteil ig
schlächter	schlachten er
konvertierbar	konvertieren bar
präsidentin	präsident in
merlin	merle in
schönredner	schönreden er
entwicklungsgeschichtlich	entwicklungsgeschichte lich
gläubig	glauben ig
speisung	speisen ung
messechefin	messechef in
anregung	anregen ung
turnlehrerin	turnlehrer in
schriftsteller	schriftstelle er
sünderbänkchen	sünderbank chen
unaufrichtig	un aufrichten ig
respektlos	respekt los
faltenlos	falten los
spendierfreudigkeit	spendierfreude ig keit
nürnberger	nürnberg er
schlucker	schlucken er
weiterbeschäftigung	weiterbeschäftigen ung
verwachsung	verwachsen ung
kittchen	kitt chen
vierteljährig	vierteljahr ig
straffähigkeit	straffähig keit
benutzer	benutzen er
weltbürgerin	weltbürger in
stadtpatronin	stadtpatron in
landflüchtig	landflucht ig
eingebung	eingeben ung
danziger	danzig er
verlagschefin	verlagschef in
glaslos	glas los
garnisonsstädtchen	garnisonsstadt chen
weltläufig	weltlauf ig
aufnahmeleiterin	aufnahmeleiter in
haarlos	haar los
rüsselsheimer	rüsselsheim er
parteiförmig	parteiform ig
funktionsträgerin	funktionsträger in
justizbeamtin	justizbeamte in
slalomläufer	slalomlauf er
tempelbauer	tempelbau er
formbar	formen bar
graphikdesignerin	graphikdesign er in
regierungskritiker	regierungskritik er
förderung	fördern ung
rechtslehrer	rechtslehre er
drangsalierung	drangsal ier ung
verdunkelung	ver dunkel ung
träger	trage er
außenangreiferin	außenangreifer in
bewohnbar	bewohnen bar
yorkerin	york er in
heiner	heinen er
zigarettenverkäuferin	zigarettenverkauf er in
entwicklungsplaner	entwicklungsplan er
gemächlichkeit	gemach lich keit
überraschungslos	über rasch ung los
freudig	freude ig
kunstsinnigkeit	kunstsinn ig keit
mercedesfahrerin	mercedesfahrer in
landestrainerin	landestrainer in
geschwisterlichkeit	geschwister lich keit
hüttenstädter	hüttenstadt er
verabredung	verabreden ung
konsequenzlos	konsequenz los
honorierung	honorieren ung
dogmatiker	dogmatik er
heidenheimer	heidenheim er
wässerig	wässern ig
australier	australien er
hauptaktionärin	hauptaktionär in
stärkung	stärken ung
münzer	münz er
modeschöpferin	modeschöpfer in
regierungslos	regieren ung los
kavaliershäuschen	kavaliershaus chen
folker	folke er
überbetrieblich	über betrieb lich
graphikerin	graphik er in
hohepriesterin	hohepriester in
anstößigkeit	anstoß ig keit
einschärfung	einschärfen ung
wohnungsverwalterin	wohnungsverwalter in
oppositionslos	opposition los
organistin	organist in
fahrradfreundlichkeit	fahrradfreund lich keit
münchenerin	münchen er in
farbigkeit	farbe ig keit
golfspielerin	golfspiel er in
karrieremacher	karrieremachen er
regierungspolitiker	regierungspolitik er
selbstverwaltung	selbstverwalten ung
alterspräsidentin	alterspräsident in
unwirklich	un wirken lich
autoverleiher	autoverleih er
maskierung	maske ier ung
unentbehrlich	un entbehren lich
ausnutzung	ausnutzen ung
fortsetzerin	fortsetzen er in
teamgefährtin	teamgefährte in
befrachtung	befrachten ung
mathelehrerin	mathelehrer in
kleinlich	klein lich
lizenznehmerin	lizenznehmer in
eichung	eichen ung
verläßlichkeit	verlaß lich keit
fotodesigner	fotodesign er
augenfänger	augenfang er
psychiaterin	psychiater in
plattenkäufer	plattenkauf er
projektmanagerin	projektmanager in
telefonseelsorger	telefonseelsorge er
durchschlagkräftig	durchschlagkraft ig
farbenstädter	farbenstadt er
grifflos	griff los
rechtsextremistin	rechtsextrem e ist in
weinbautechniker	weinbautechnik er
zusammenrottung	zusammenrotten ung
parteipolitikerin	parteipolitik er in
huldigung	huld ig ung
spießigkeit	spießen ig keit
harlemer	harlem er
danzigerin	danzig er in
verhältnismäßigkeit	verhältnis mäßig keit
unterstaatssekretärin	unterstaatssekretär in
anzeigepflichtig	anzeigepflicht ig
zuschüttung	zuschütten ung
rahmig	rahm ig
sympathieträgerin	sympathieträger in
reformwillig	reformwille ig
hundeführerin	hundeführer in
abbaubar	abbauen bar
teufelsberger	teufelsberg er
kunstvermittlerin	kunstvermittler in
innerbetrieblich	inner betrieb lich
genfer	genf er
freitaler	freital er
einstig	einst ig
mitgestalter	mitgestalten er
strippenzieher	strippenziehen er
geistesgeschichtlich	geistesgeschichte lich
vielfältigkeit	vielfalt ig keit
sinnlich	sinn lich
kreditfähigkeit	kreditfähig keit
unlösbarkeit	un lösen bar keit
aufklärung	aufklären ung
unpünktlichkeit	un pünktlich keit
herrenberger	herrenberg er
wiederkäuer	wiederkäuen er
beifällig	beifallen ig
tschernobyler	tschernobyl er
tübinger	tübingen er
benachteiligung	benachteiligen ung
wüstenstädtchen	wüstenstadt chen
nachzählung	nachzählen ung
träumerin	träumen er in
wanderfreudig	wanderfreude ig
generalunternehmer	generalunternehmen er
jugoslawin	jugoslawe in
bundesdurchschnittlich	bundesdurchschnitt lich
gärtringer	gärtringen er
rummelsberger	rummelsberg er
bedürfnislos	bedürfen nis los
kartenverkäuferin	kartenverkauf er in
gebrechlich	gebrech lich
verfassungsgeschichtlich	verfassungsgeschichte lich
sinnfälligkeit	sinnfällig keit
bitburger	bitburg er
umweltpolitiker	umweltpolitik er
bücherleser	bücherlesen er
kostengünstiger	kostengünstige er
unanstößig	un anstoß ig
geschäftsstellenleiterin	geschäftsstellenleiter in
großformatig	großformat ig
austräger	austragen er
straßenbauarbeiter	straßenbauarbeit er
facharbeiter	facharbeit er
rechtsförmig	rechtsform ig
innovationsfreudig	innovationsfreude ig
umweltschädlichkeit	umweltschädlich keit
integrierbar	integrieren bar
gartenfreundin	gartenfreund in
gemeindearbeiter	gemeindearbeit er
verwahrlosung	verwahrlosen ung
vorsorglich	vorsorgen lich
abendlich	abend lich
landwirtschaftsschüler	landwirtschaftsschule er
beleidiger	beleidigen er
krankheitsanfälligkeit	krankheitsanfällig keit
artikelschreiber	artikelschreiben er
touristikunternehmer	touristikunternehmen er
entflechtung	entflechten ung
umlegung	umlegen ung
widerrufung	widerrufen ung
ehrwürdigkeit	ehrwürde ig keit
anpassung	anpassen ung
pazifistin	pazifisch ist in
nervig	nerven ig
zehnkämpfer	zehnkampf er
einschaltung	einschalten ung
einzelsieger	einzelsieg er
denkmalpfleger	denkmalpflege er
krankenpflegeschüler	krankenpflegeschule er
sprechbar	sprechen bar
russin	russe in
zuzahlung	zuzahlen ung
regulierung	regulieren ung
botengänger	botengang er
dreitausender	dreitausend er
reisefähigkeit	reisefähig keit
beratungslehrerin	beratungslehrer in
wandlungsfähigkeit	wandlungsfähig keit
vermessungstechniker	vermessungstechnik er
erprobung	erproben ung
schlußläuferin	schlußläufer in
wortspieler	wortspiel er
investitionsfreudigkeit	investitionsfreude ig keit
briefeschreiberin	briefeschreiben er in
filmwissenschaftlich	filmwissenschaft lich
offiziersschüler	offiziersschule er
benutzerin	benutzen er in
nachsichtig	nachsicht ig
abholzung	abholzen ung
übertreibung	übertreiben ung
restaurantbesitzerin	restaurantbesitzer in
japanerin	japan er in
transportierbar	transport ier bar
ziegenzüchter	ziegenzucht er
fremdenführerin	fremdenführer in
zauberin	zauber in
farmer	farm er
klavierschülerin	klavierschule er in
favoritin	favorit in
organisatorin	organisator in
transportunfähigkeit	transportunfähig keit
wipper	wippe er
verwirklichung	ver wirken lich ung
bundesrechtlich	bundesrecht lich
schöpferin	schöpfen er in
sammlerin	sammler in
vereinigen	ver eine ig
grundlos	grund los
schiersteiner	schierstein er
vereinbarkeit	vereinbar keit
unüberwindbar	un überwinden bar
leinenlos	leinen los
harmonisierung	harmonisch isier ung
brudermörder	brudermord er
überschlägig	überschlagen ig
mitarbeitervertreterin	mitarbeitervertreter in
verschuldung	ver schuld ung
altensteiger	altensteig er
eichenberger	eichenberg er
musikpädagogin	musikpädagoge in
medienkritiker	medienkritik er
doppelagentin	doppelagent in
fahndung	fahnden ung
klärchen	klar chen
choreographin	choreograph in
versinnbildlichung	ver sinnbild lich ung
fuchsig	fuchsen ig
leidensgefährtin	leidensgefährte in
fotokünstlerin	fotokunst ler in
kreditwürdigkeit	kreditwürdig keit
sichtung	sichten ung
bundesbanker	bundesbank er
verehrerin	verehren er in
bildungsfähigkeit	bildungsfähig keit
folger	folgen e er
anschmiegsamkeit	anschmiegen sam keit
erneuerer	erneuern er
zweitligaspieler	zweitligaspiel er
schwerelos	schwer e los
halsstarrigkeit	halsstarrig keit
knöpfchen	knopf chen
flüsterer	flüstern er
novemberlich	november lich
anglistin	anglist in
zugführerin	zugführer in
nachrechnung	nachrechnen ung
fütterung	füttern ung
kriminaldirektorin	kriminaldirektor in
papierlos	papier los
assoziierung	assoziieren ung
ideologiekritiker	ideologiekritik er
theaterdirektorin	theaterdirektor in
landessprecherin	landessprecher in
songschreiberin	songschreiben er in
religionskritiker	religionskritik er
falschschreibung	falschschreiben ung
heilkundig	heilkunde ig
straßenfahrer	straßenfahren er
gruftig	gruft ig
tibeterin	tibet er in
gottesdienstlich	gottesdienst lich
einsiedler	einsiedeln er
gemeindevertreterin	gemeindevertreter in
württemberger	württemberg er
anwohnerin	anwohner in
überhitzung	überhitzen ung
dezimierung	dezimieren ung
kellnerin	kellner in
zusammenschaltung	zusammenschalten ung
oberschlesierin	oberschlesien er in
trockenlegung	trockenlegen ung
doppelsinnigkeit	doppelsinn ig keit
regionalwissenschaftlich	regionalwissenschaft lich
anziehung	anziehen ung
beweispflichtig	beweispflicht ig
dienstrechtlich	dienstrecht lich
ablagerung	ablagern ung
untertunnelung	untertunneln ung
verschreibung	verschreiben ung
dreckig	dreck ig
allmächtigkeit	allmacht ig keit
ausdrucksfähigkeit	ausdrucksfähig keit
reinlichkeit	rein lich keit
verquickung	ver quick ung
aussparung	aussparen ung
zugrundelegung	zugrundelegen ung
bundesbürgerin	bundesbürger in
diplomtheologin	diplomtheologe in
krankmeldung	krankmelden ung
bäcker	backen er
holztechniker	holztechnik er
handgreiflichkeit	handgreiflich keit
osttiroler	osttirol er
aquarellmaler	aquarellmalen er
rainer	rain er
bewunderung	bewundern ung
aufhetzung	aufhetzen ung
autodesigner	autodesign er
wahlleiterin	wahlleiter in
anspruchsvoller	anspruchsvollen er
normalgewichtig	normalgewicht ig
inbrünstig	inbrunst ig
kunstspringer	kunstspringen er
laupheimer	laupheim er
teilbarkeit	teilen bar keit
basisaktivistin	basisaktivist in
französischlehrerin	französischlehrer in
überbrückung	überbrücken ung
gerichtsreporterin	gerichtsreport er in
spitzenmanagerin	spitzenmanager in
opernliebhaberin	opernliebhaber in
beleidigung	beleidigen ung
lautlos	laute los
segmentierung	segment ier ung
universitätspräsidentin	universitätspräsident in
antragsstellerin	antragsstelle er in
fährschiffer	fährschiff er
meisterung	meistern ung
beschimpfung	be schimpf ung
senker	senke er
selbsttätigkeit	selbsttätig keit
weitervermietung	weitervermieten ung
rundlich	rund lich
chancenlos	chance los
freitäglich	freitag lich
statistiker	statistik er
großherzogin	großherzog in
ravensburgerin	ravensburg er in
nachfrager	nachfragen er
linienrichterin	linienrichter in
senatsplaner	senatsplan er
ehrung	ehren ung
augenfälligkeit	augenfällig keit
korrekter	korrekte n er
schwimmerin	schwimmen er in
amtsärztlich	amtsarzt lich
sportfischer	sportfischen er
anhänglichkeit	anhang lich keit
kurierin	kuri er in
pastoralreferentin	pastoralreferent in
formalisierung	formale isier ung
stillstellung	stillstellen ung
regierungsvertreterin	regierungsvertreter in
sozialpolitiker	sozialpolitik er
sinnsucher	sinnsuche er
tübingerin	tübingen er in
absolvierung	absolvieren ung
verminderung	ver minder ung
grabräuber	grabraub er
autowerker	autowerk er
langweilig	langweilen ig
spielertrainerin	spielertrainer in
bilderfeindlichkeit	bilderfeindlich keit
werksärztlich	werksarzt lich
hotelbesitzerin	hotelbesitzer in
zerstückelung	zerstückeln ung
handwerklich	handwerk lich
zwischenzeitlich	zwischenzeit lich
schlaflos	schlaf los
schlangenartig	schlangenart ig
baumwollpflanzer	baumwollpflanze er
auswirkung	auswirken ung
meierhofer	meierhof er
berufsgenossenschaftlich	berufsgenossenschaft lich
spätmittelalterlich	spätmittelalter lich
unveränderlich	un verändern lich
briefträgerin	briefträger in
priesterlich	priester lich
physikerin	physik er in
verehrer	verehren er
ausspähung	ausspähen ung
brüderchen	bruder chen
stopfer	stopfen er
poetin	poet in
klosterschülerin	klosterschule er in
saisonsieger	saisonsieg er
versicherungsnehmerin	versicherungsnehmer in
stahlbetonbauer	stahlbetonbau er
gleichgewichtigkeit	gleichgewicht ig keit
sünderin	sünde er in
klohäuschen	klohaus chen
knochig	knochen ig
mobilisierung	mobil isier ung
rheinpfälzer	rheinpfalz er
zutraulichkeit	zutrauen lich keit
wanderlustig	wanderlust ig
musterkläger	musterklage er
zuneigung	zuneigen ung
unnahbarkeit	unnahbar keit
fragesteller	fragestelle er
zusammengehörigkeit	zusammengehören ig keit
härtung	härten ung
gängig	gang ig
patentierbar	patente ier bar
studiendirektorin	studiendirektor in
informatiker	informatik er
verbesserung	verbessern ung
schaller	schallen er
trostpflästerchen	trostpflaster chen
nebenklägervertreterin	nebenklägervertreter in
schnitter	schnitte er
streichung	streichen ung
bürgerfreundlichkeit	bürgerfreund lich keit
neukäufer	neukauf er
konkretisierung	konkrete isier ung
beherzigung	beherzigen ung
erziehungsministerin	erziehungsminister in
frauenberger	frauenberg er
gutenberger	gutenberg er
bomber	bomben er
verjährung	verjähren ung
algerierin	algerien er in
dämmerung	dämmern ung
spannung	spannen ung
gewalttäter	gewalttat er
kulturwissenschaftlerin	kulturwissenschaft ler in
hecker	heck er
klatschsüchtig	klatschsucht ig
uhrmacherin	uhrmacher in
wirbelig	wirbel ig
vordringlich	vordringen lich
zurichtung	zurichten ung
brüller	brüllen er
antiheldin	antiheld in
stararchitektin	stararchitekt in
oberflächlichkeit	oberfläche lich keit
substanzlos	substanz los
leichtathletin	leichtathlet in
bewegungsunfähigkeit	bewegungsunfähig keit
stimmig	stimmen ig
decodierung	decodieren ung
wirklichkeit	wirken lich keit
bewertung	bewerten ung
reimer	reimen er
vergrößerung	vergrößern ung
trennung	trennen ung
adelberger	adelberg er
säufer	saufen er
reiser	reisen er
eindringlicher	eindringen lich e er
eifelstädtchen	eifelstadt chen
unterjochung	unterjochen ung
steuerflüchtig	steuerflucht ig
wehrlos	wehr los
konstituierung	konstituieren ung
auswechselung	auswechseln ung
anfechtbar	anfechten bar
fuhrunternehmer	fuhrunternehmen er
hilfsschüler	hilfsschule er
vierkantig	vierkant ig
finanzwirtschaftlich	finanzwirt schaft lich
terrain	terra in
modernisierung	modern isier ung
stadtplaner	stadtplan er
schulversager	schulversagen er
terrassierung	terrasse ier ung
temposünder	temposünde er
anlegerschützer	anlegerschutz er
ahnung	ahnen ung
koller	koll er
grundstückseigentümerin	grundstückseigentum er in
freigänger	freigang er
tierquäler	tierqual er
friedensaktivistin	friedensaktivist in
abtragung	abtragen ung
cafer	cafe er
mitwisserin	mitwissen er in
unglaublich	unglaube lich
durchschnittlich	durchschnitt lich
verweltlichung	ver welt lich ung
produktdesigner	produktdesign er
ludwigsburgerin	ludwigsburg er in
anrufbar	anrufen bar
regierungschefin	regierungschef in
verbrennung	verbrennen ung
eilig	eilen ig
simulantin	simulant in
vordergründig	vordergrund ig
ensemblespieler	ensemblespiel er
verbildlichung	ver bild lich ung
tanzbar	tanzen bar
straßburger	straßburg er
dazugehörig	dazugehören ig
aufrichtung	aufrichten ung
einheitlichkeit	einheit lich keit
einreichung	einreichen ung
überfälligkeit	überfall ig keit
pressung	pressen ung
wildwüchsig	wildwuchs ig
übersetzerin	übersetzen er in
unternehmerin	unternehmen er in
tauschbar	tauschen bar
realisierung	real isier ung
bescheinigung	bescheinigen ung
potsdamerin	potsdam er in
ernennung	ernennen ung
einzelbauer	einzelbau er
leichtgewichtig	leichtgewichten ig
bremsung	bremsen ung
domstädter	domstadt er
koppelung	koppeln ung
militärmusiker	militärmusik er
sportlich	sport lich
korndörfer	korndorf er
weiterschiebung	weiterschieben ung
anhörung	anhören ung
chorführerin	chorführer in
unkörperlich	un körper lich
westöstlicher	westöstlich e n er
überläufer	überlaufen er
bebilderung	bebildern ung
verharmlosung	ver harmlos ung
körperfeindlichkeit	körperfeindlich keit
türöffner	türöffnen er
verfassungsrechtlichkeit	verfassungsrecht lich keit
kontrastierung	kontrast ier ung
lösbar	lösen bar
schriftführerin	schriftführer in
hofmeisterin	hofmeister in
exzentriker	exzentrik er
haupterbin	haupterbe in
untergrabung	untergraben ung
engelsberger	engelsberg er
erlernung	erlernen ung
leistungsfeindlichkeit	leistungsfeindlich keit
massig	masse ig
wiederauffindung	wiederauffinden ung
klangsinnlichkeit	klangsinn lich keit
kriegsdienstgegnerin	kriegsdienstgegner in
geldgierig	geldgier ig
bogenförmig	bogenform ig
möbelverkäufer	möbelverkauf er
klößchen	kloß chen
mörderin	morden er in
einlieferung	einliefern ung
bundesgrenzschützer	bundesgrenzschutz er
zustellung	zustellen ung
befehligen	befehl ig
widerstandslos	widerstand los
wallung	wallen ung
gründung	gründen ung
oberkasseler	oberkassel er
zimperlichkeit	zimperlich keit
waldlos	wald los
zementierung	zement ier ung
schlößchen	schloß chen
geschichtenerzählerin	geschichtenerzählen er in
brettener	bretten er
kränklich	kränken lich
verstellung	verstellen ung
wendigkeit	wenden ig keit
erforderlichkeit	erforderlich keit
trübung	trüben ung
passivraucher	passivrauchen er
glattstellung	glattstellen ung
militärsprecherin	militärsprecher in
tibeter	tibet er
preßburger	preßburg er
friseurmeisterin	friseurmeister in
untauglich	un taugen lich
erkennung	erkennen ung
fürtherin	fürth er in
innsbrucker	innsbruck er
naturräumlich	naturraum lich
entblößer	ent bloß e er
baseballspieler	baseballspiel er
verdinglichung	ver ding lich ung
kleinbesitzer	kleinbesitz er
vereinheitlichen	ver einheit lich
beraubung	be raub ung
griesheimerin	griesheim er in
blicklos	blicken los
freistaatlich	freistaat lich
jasager	jasagen er
furchtbarkeit	furchtbar keit
herforderin	herford er in
spielgefährtin	spielgefährte in
nassauer	nassau er
ziegelbauer	ziegelbau er
heilerziehungspfleger	heilerziehungspflege er
staatschefin	staatschef in
vietnamesin	vietnam ese in
verhetzung	ver hetze ung
sozialbürgermeisterin	sozialbürgermeister in
zahlung	zahlen ung
privatgärtner	privatgarten er
sozialarbeiterin	sozialarbeit er in
reservierung	reserve ier ung
juniorpartnerin	juniorpartner in
necker	neck er
unkontrollierbar	un kontrolle ier bar
großbäuerlich	großbau er lich
unmäßigkeit	un mäßig keit
planungsrechtlich	planungsrecht lich
seligenstädter	seligenstadt er
schärfung	schärfen ung
floristin	flora ist in
anleitung	anleiten ung
widerlich	widern lich
ehrenamtlich	ehrenamt lich
arbeitssenatorin	arbeitssenator in
kraushaarig	kraushaar ig
außergewöhnlich	außer gewöhnen lich
abkanzelung	abkanzeln ung
zuspitzung	zuspitzen ung
verbeugung	verbeugen ung
ausübung	ausüben ung
sultanin	sultan in
verachtung	verachten ung
barbier	barbie er
bäckerin	backen er in
kleingärtner	kleingarten er
nachfolgekandidatin	nachfolgekandidat in
bildhauerin	bildhauen er in
verminung	verminen ung
schulpolitiker	schulpolitik er
hebung	heben ung
nachbarbauer	nachbarbau er
arbeitgeberin	arbeitgeber in
sportmediziner	sportmedizin er
oberstufenschüler	oberstufenschule er
besiedelung	besiedeln ung
städter	stadt er
verbreitung	ver breit ung
saldierung	saldieren ung
abedin	abed in
fünftausender	fünftausend er
zweifler	zweifeln er
absichtlichkeit	absicht lich keit
näherung	nähern ung
verwunderung	verwundern ung
kulturdezernentin	kulturdezernent in
unausführbar	un ausführen bar
olympiastarter	olympiastart er
fahrkartenverkäuferin	fahrkartenverkauf er in
schwermütigkeit	schwermut ig keit
vorstellbar	vorstellen bar
gemeinschaftsfähigkeit	gemeinschaftsfähig keit
kreisjugendpfleger	kreisjugendpflege er
spaziergänger	spaziergang er
malaysier	malaysia er
verfolgerin	verfolgen er in
kernphysiker	kernphysik er
verflechtung	verflechten ung
turniertänzer	turniertanzen er
befehligen	befehl ig
ehrendoktorin	ehrendoktor in
rechtzeitigkeit	rechtzeitig keit
kameradschaftlich	kamerad schaft lich
schlußfolgerung	schlußfolgern ung
friedensarbeiter	friedensarbeit er
handelsvertreterin	handelsvertreter in
unvereinbarkeit	un vereinbar keit
schleicher	schleichen e er
komplikationslos	komplikation los
wassertreter	wassertreten er
frevler	freveln er
strahlenforscherin	strahlenforscher in
weltenbummlerin	weltenbummler in
profitsüchtig	profitsucht ig
kirchenpatronin	kirchenpatron in
schullehrerin	schullehrer in
gedanklich	gedanke lich
kokainabhängigkeit	kokainabhängig keit
nachlieferung	nachliefern ung
streicherin	streichen er in
vorlesung	vorlesen ung
steuerbetrüger	steuerbetrug er
volkskirchlich	volkskirche lich
allgemeinverständlichkeit	allgemeinverständlich keit
oberallgäuer	oberallgäu er
umgangssprachlich	umgangssprache lich
anzahlung	anzahlen ung
geschichtswissenschaftlich	geschichtswissen schaft lich
kunstkäufer	kunstkauf er
frauenministerin	frauenminister in
bissigkeit	bissen ig keit
küster	küste er
politikprofessorin	politikprofessor in
bundesschatzmeisterin	bundesschatzmeister in
vernarbung	ver narbe ung
langnasig	langnase ig
jazzmusikerin	jazzmusik er in
spender	spenden er
sozialversicherungspflichtig	sozialversicherungspflicht ig
eisenzeitlich	eisenzeit lich
detailfreudigkeit	detailfreude ig keit
landeigentümer	landeigentum er
hoheitlich	hoheit lich
drachin	drache in
kartenleser	kartenlesen er
einweihung	einweihen ung
aufpasserin	aufpassen in
mittäglich	mittag lich
unerschütterlichkeit	unerschütterlich keit
korruptionsverdächtig	korruptionsverdacht ig
stifterin	stiften er in
radfahrerin	radfahren er in
water	waten er
elternvertreterin	elternvertreter in
vernetzer	ver netz er
brander	branden er
raver	rave n er
bauchtänzerin	bauchtanzen er in
harfenspieler	harfenspiel er
herausarbeitung	herausarbeiten ung
spreeathener	spreeathen er
senatskollegin	senatskollege in
abführung	abführen ung
tellerwäscher	tellerwaschen er
ultragiftig	ultragift ig
zeitarbeiter	zeitarbeit er
filmregisseurin	filmregisseur in
einzelbesucher	einzelbesuch er
ausstellungsbesucher	ausstellungsbesuch er
tamilin	tamile in
versprecher	versprechen er
salin	sal in
rechtskräftig	rechtskraft ig
raubkopierer	raubkopieren er
planierung	planie ier ung
überfällig	überfall ig
agenturchefin	agenturchef in
vergegenständlichen	ver gegenstand lich
forster	forst er
küstenstädtchen	küstenstadt chen
reaktivierung	reaktion iv ier ung
medizinerin	medizin er in
nahostexpertin	nahostexperte in
tankstellenräuber	tankstellenraub er
üblichkeit	üblich keit
stofflichkeit	stoff lich keit
wahlgewinner	wahlgewinn er
bearbeiterin	bearbeiten er in
habgierig	habgier ig
trinker	trinken er
jogger	joggen er
stimmrechtslos	stimmrecht los
keulenschwinger	keulenschwingen er
unterdrücker	unterdrücken er
quäler	quälen er
olivier	olivia er
adelig	adele ig
engelberger	engelberg er
landesrechtlich	landesrecht lich
ausnahmespielerin	ausnahmespieler in
steuerabzugsfähigkeit	steuerabzugsfähig keit
christoper	christop er
führerin	führen er in
zwischenschaltung	zwischenschalten ung
unendlich	un ende lich
fragensteller	fragenstelle er
schwerpflegebedürftigkeit	schwerpflegebedürftig keit
kratzig	kratzen ig
besatzungshoheitlich	besatzungshoheit lich
lustfeindlichkeit	lustfeindlich keit
versinnlichen	ver sinn lich
niederösterreicher	niederösterreich er
innovationsfreudigkeit	innovationsfreude ig keit
pfandleiher	pfandleihe er
bräunlich	bräunen lich
fachkundig	fachkunde ig
versteifung	ver steif ung
kritikerin	kritik er in
filmschauspielerin	filmschauspieler in
rechtsgeschäftlich	rechtsgeschäft lich
hürdensprinter	hürdensprint er
robbenfänger	robbenfang er
vorbehaltlich	vorbehalten lich
kassenzahnärztlich	kassenzahnarzt lich
querdenker	querdenken er
flötenspielerin	flötenspiel er in
friedensforscherin	friedensforscher in
tourismusministerin	tourismusminister in
stadtteilpolitiker	stadtteilpolitik er
rumpelig	rumpel ig
spiegelung	spiegeln ung
arbeitsgesellschaftlich	arbeitsgesellschaft lich
baumeisterin	baumeister in
untauglichkeit	un taugen lich keit
unsachlich	un sache lich
gestaltungsfähigkeit	gestaltungsfähig keit
buckelig	buckel ig
beruhigung	beruhigen ung
paarläufer	paarlaufen er
tanzpartnerin	tanzpartner in
verkäuflichkeit	verkauf lich keit
fachreferentin	fachreferent in
hermannstädter	hermannstadt er
popsängerin	popsänger in
goldschmiedin	goldschmiede in
rikschafahrer	rikschafahren er
freizügigkeit	freizügig keit
bewacher	bewachen er
verweichlichen	ver weich lich
unterbindung	unterbinden ung
genußfähigkeit	genußfähig keit
herausfordererin	herausforderer in
abenteurerin	abenteuer er in
übersichtlichkeit	übersichten lich keit
tiefschläfer	tiefschlaf er
entkräftung	entkräften ung
filmkritikerin	filmkritik er in
rückkehrer	rückkehr er
agrarministerin	agrarminister in
propagierung	propagieren ung
abscheulichkeit	abscheu lich keit
eichberger	eichberg er
wachhäuschen	wachhaus chen
verschwörung	verschwören ung
maschinenführerin	maschinenführer in
zuziehung	zuziehen ung
schreier	schreien er
sicherheitslager	sicherheitslage er
irrtümlich	irrtum lich
vertauschung	vertauschen ung
reihenhäuschen	reihenhaus chen
einbettung	einbetten ung
bremerin	bremen er in
ballettlehrerin	ballettlehrer in
verschlammung	ver schlamm ung
einsitzer	einsitzen er
bohrer	bohren er
weiterbearbeitung	weiterbearbeiten ung
fürstenberger	fürstenberg er
betzenberger	betzenberg er
ableitung	ableiten ung
abwerbung	abwerben ung
porträtistin	porträt ist in
freiin	frei e in
innerbehördlich	inner behörde lich
kammersängerin	kammersänger in
naturgeschichtlich	naturgeschichte lich
schopflocher	schopfloch er
absonderlichkeit	absondern lich keit
fachberaterin	fachberater in
übermütig	übermut ig
chicagoer	chicago er
tarifrechtlich	tarifrecht lich
berufsfähigkeit	berufsfähig keit
unabhängigkeit	un abhängen ig keit
mißlich	miß lich
textverständlichkeit	textverständlich keit
kulturamtsleiterin	kulturamtsleiter in
nahkämpfer	nahkampf er
wiederverwendbar	wiederverwenden bar
rheinauer	rheinaue er
chinin	che in in
steigerungsfähigkeit	steigerungsfähig keit
fahnenflüchtiger	fahnenflüchtige n er
verrückung	verrücken ung
gehorsamkeit	gehorsam keit
tutorin	tutor in
weiterveräußerung	weiterveräußern ung
landwirtin	landwirt in
mitbegründerin	mitbegründer in
starreporterin	starreporter in
einbecker	einbeck er
pendler	pendeln er
eisesser	eisesse er
altehrwürdigkeit	altehrwürdig keit
festschreibung	festschreiben ung
unhöflich	un hof lich
bergführerin	bergführer in
fachbereichsleiterin	fachbereichsleiter in
langener	lange n er
graubärtig	graubart ig
verschleierung	ver schleier ung
einsichtsfähigkeit	einsichtsfähig keit
unterbelegung	unter beleg ung
seehafer	seehafen er
standardmäßig	standardmaßen ig
sangesfreudig	sangesfreude ig
belgierin	belgien er in
facharbeiterin	facharbeit er in
schwimmer	schwimmen er
bezahlbar	bezahlen bar
lästerung	lästern ung
kühler	kühlen er
ideengeschichtlich	ideengeschichte lich
radschläger	radschlagen er
henkellos	henkel los
filmemacher	filmemachen er
verdrahtung	ver draht ung
boxer	boxen er
übertragbarkeit	übertragen bar keit
entzifferung	entziffern ung
traditionspfleger	traditionspflege er
saisonabhängigkeit	saisonabhängig keit
regionalpolitiker	regionalpolitik er
fraktionslos	fraktion los
schiffsbauer	schiffsbau er
landesbanker	landesbank er
fünfmalig	fünfmal ig
bremser	bremsen e er
fischfänger	fischfang er
bangladescher	bangladesch er
machtlos	macht los
winkelbauer	winkelbau er
kunsthandwerker	kunsthandwerk er
vermittelbar	vermitteln bar
besetzer	besetzen er
vorbildlos	vorbild los
nachrichtenredakteurin	nachrichtenredakteur in
bibelforscherin	bibelforscher in
verkäufer	verkaufen er
zurückziehung	zurückziehen ung
berufsboxer	berufsboxen er
verkehrlich	verkehren lich
leinensäckchen	leinensack chen
bewohnerin	bewohnen er in
vergeistigen	ver geist ig
nörgler	nörgeln er
einmütig	einmut ig
mecklenburger	mecklenburg er
eintägig	eintag ig
geldsäckchen	geldsack chen
klassenleiterin	klassenleiter in
rieger	riege er
orgelbauer	orgelbau er
aussonderung	aussondern ung
grenzpolizeilich	grenzpolizei lich
anlagenbauer	anlagenbau er
großmeisterin	großmeister in
gewerkschafterin	gewerkschaft er in
armlos	arm e los
laienschauspielerin	laienschauspieler in
verstaatlichen	ver staat lich
vereinskameradin	vereinskamerad in
verteidigung	verteidigen ung
jugendmeisterin	jugendmeister in
mannschaftssieger	mannschaftssieg er
philosophiedozentin	philosophiedozent in
sprachauffälligkeit	sprachauffällig keit
holzhacker	holzhacken er
hochachtung	hochachten ung
nationaltorhüterin	nationaltorhüter in
schattenspieler	schattenspiel er
kaltenberger	kaltenberg er
städtebauer	städtebau er
aufgeklärter	aufgeklärte n er
blaustichig	blaustich ig
nuklearmediziner	nuklearmedizin er
reaktionsfähigkeit	reaktionsfähig keit
oboistin	oboe ist in
illusionslos	illusion los
verschränkung	verschränken ung
kemptener	kempten er
metallgewerkschafter	metallgewerkschaft er
belegung	belegen ung
stumpfsinnig	stumpfsinn ig
unzuverlässigkeit	unzuverlässig keit
flugblattverteiler	flugblattverteilen er
emigrantin	emigrant in
verzettelung	verzetteln ung
felsig	felsen ig
kaufwillig	kaufwille ig
verwirrung	ver wirre ung
parteilichkeit	partei lich keit
prozentpünktchen	prozentpunkt chen
chefideologin	chefideologe in
sozialhilferechtlich	sozialhilferecht lich
ausbildungsleiterin	ausbildungsleiter in
tessiner	tessin er
frauenmörder	frauenmord er
verwehung	ver weh ung
freiherrlich	freiherr lich
alltagstauglichkeit	alltagstauglich keit
gesprächsleiterin	gesprächsleiter in
wirtschaftsberaterin	wirtschaftsberater in
wiederherrichtung	wiederherrichten ung
schleimig	schleimen ig
verlobung	verloben ung
rüger	rüge er
roulettespieler	roulettespiel er
mündchen	mund chen
deutschlandkorrespondentin	deutschlandkorrespondent in
rokokoschlößchen	rokokoschloß chen
ungesellig	un gesellen ig
schulärztlich	schularzt lich
bereitstellung	bereitstellen ung
steuerlich	steuer lich
restlich	rest lich
denkmalspfleger	denkmalspflege er
angster	angst er
sexualforscherin	sexualforscher in
selbstpflücker	selbstpflücken er
fahrigkeit	fahr ig keit
kindsmörder	kindsmord er
lochung	lochen ung
erpresserin	erpressen in
anfänglich	anfang lich
fernsehkritiker	fernsehkritik er
wiederbeschaffung	wiederbeschaffen ung
kupferarbeiter	kupferarbeit er
schwerstarbeiter	schwerstarbeit er
kahlköpfigkeit	kahlkopf ig keit
täschchen	tasche chen
barbesucher	barbesuch er
ladendiebin	ladendieb in
junker	junk er
heraufsetzung	heraufsetzen ung
barpianistin	barpianist in
zuschauer	zuschauen er
hauptkommissarin	hauptkommissar in
geringachtung	geringachten ung
kartenspieler	kartenspielen er
gauklerin	gaukeln er in
voraussetzungslos	voraussetzen ung los
widmung	widmen ung
dramaturgin	dramaturg in
holztürmchen	holzturm chen
einzäunung	einzäunen ung
erfindung	erfinden ung
mehrheitseigentümerin	mehrheitseigentum er in
bezichtigung	bezichtigen ung
lebendigkeit	leben e ig keit
einzeltäter	einzeltat er
bayreuther	bayreuth er
abkapselung	abkapseln ung
langlebigkeit	langlebig keit
aufrüttelung	aufrütteln ung
ergreifung	ergreifen ung
verzinslich	ver zins lich
telefonanrufer	telefonanrufen er
kippenberger	kippenberg er
trickbetrüger	trickbetrug er
nachzahlung	nachzahlen ung
prämiierung	prämiieren ung
gesellschafterin	gesellschaft er in
einatmung	einatmen ung
widerstandskämpfer	widerstandskampf er
angstlos	angst los
wichtig	wicht ig
darstellbar	darstellen bar
vorahnung	vorahnen ung
alterung	altern ung
rippchen	rippe chen
hauptbelastungszeugin	hauptbelastungszeuge in
gerin	ger in
bremserin	bremsen e er in
ziegenbärtig	ziegenbart ig
elin	ele in
schildern	schild er
schornsteinfegerin	schornsteinfegen er in
heilpraktikerin	heilpraktiker in
richtungslos	richtung los
monarchistin	monarch isch ist in
versammlungsrechtlich	versammlungsrecht lich
staatsbürgerlich	staatsbürger lich
bauplaner	bauplan er
ungeistig	ungeist ig
würzig	würzen ig
schwimmbadbesucher	schwimmbadbesuch er
interventionsfähigkeit	interventionsfähig keit
großherzigkeit	großherzig keit
lübeckerin	lübeck er in
langwierigkeit	langwierig keit
bewerber	bewerben er
hilfsbedürftigkeit	hilfsbedürftig keit
unbelehrbarkeit	un belehren bar keit
militärexpertin	militärexperte in
brandgefährlich	brandgefahr lich
aufarbeitung	aufarbeiten ung
zügellos	zügel los
ausnüchterung	ausnüchtern ung
verständlich	verstand lich
versteigern	ver steige er
falschspieler	falschspiel er
wiederverwendbarkeit	wiederverwenden bar keit
einfassung	einfassen ung
unübersichtlich	un übersichten lich
motivationslos	motivation los
vergoldung	ver gold ung
lebensfeindlichkeit	lebensfeind lich keit
plattenverkäufer	plattenverkauf er
vorläufig	vorlaufen ig
rächer	rächen er
staatsverbrecher	staatsverbrechen er
verkrüppelung	ver krüppel ung
überwirklich	über wirken lich
widerspenstigkeit	widerspenstig keit
mentalmagier	mentalmagie er
unmännlich	un mann lich
theoriegeschichtlich	theoriegeschichte lich
enthaltsamkeit	enthalten sam keit
hochstämmig	hochstamm ig
knurrig	knurren ig
setzung	setzen ung
mitverantwortlich	mitverantworten lich
unmenschlich	unmensch lich
farbfernseher	farbfernsehen er
selbstzahlerin	selbstzahler in
beschilderung	beschildern ung
verbildung	ver bild ung
belastbarkeit	belastbar keit
schulelternsprecherin	schulelternsprecher in
bürgin	bürge in
juniorenmeisterin	juniorenmeister in
ballspieler	ballspielen er
gitarrenschüler	gitarrenschule er
weiterqualifizierung	weiterqualifizieren ung
entsorgungspflichtig	entsorgungspflicht ig
spurensucher	spurensuchen er
individualisierung	individualisieren ung
bierbrauer	bierbrauen er
kartenverkäufer	kartenverkauf er
regierungsamtlich	regierungsamt lich
selbstgefällig	selbstgefallen ig
beschützer	beschützen er
münchner	münchen er
befragung	befragen ung
atomfrachter	atomfracht er
rostockerin	rostock er in
sexualmörder	sexualmord er
voreilig	vor eilen ig
hofgärtner	hofgarten er
nicolin	nicole in
sinnenfreudig	sinnenfreude ig
auffüllung	auffüllen ung
enterbung	enterben ung
theatermusiker	theatermusik er
rächerin	rächen er in
gruppenführerin	gruppenführer in
überprüfbar	überprüfen bar
verstimmung	ver stimme ung
vervielfachung	vervielfachen ung
ordnungsmäßigkeit	ordnen ung mäßig keit
urzeitlich	urzeit lich
überredung	überreden ung
entschlackung	entschlacken ung
romanschriftstellerin	romanschriftsteller in
gottähnlichkeit	gottähnlich keit
vollzugsbeamtin	vollzugsbeamte in
wattenscheider	wattenscheid er
vertiefung	vertiefen ung
ausfällig	ausfallen ig
beier	bea er
geschäftsmäßigkeit	geschäft mäßig keit
vollzähligkeit	vollzählig keit
überheblichkeit	überheben lich keit
frühzeitlich	frühzeit lich
splittern	splitt er
verderblichkeit	verderb lich keit
haltbarkeit	halten bar keit
firmenchefin	firmenchef in
säuberung	säubern ung
freisetzung	freisetzen ung
bundestagsvizepräsidentin	bundestagsvizepräsident in
landtagsvizepräsidentin	landtagsvizepräsident in
herausbildung	herausbilden ung
sonderschulpädagogin	sonderschulpädagoge in
ausgrenzung	ausgrenzen ung
optimistischer	optimist isch e n er
unwiderstehlichkeit	unwiderstehlich keit
lebensunfähigkeit	lebensunfähig keit
präsidentschaftskandidatin	präsidentschaftskandidat in
geller	gellen er
abstoßung	abstoßen ung
gratulantin	gratulant in
verfilmung	ver film ung
fokussierung	fokus ier ung
hochbauer	hochbau er
schränkchen	schrank chen
zeitungskäufer	zeitungskauf er
änderungsschneiderin	änderungsschneider in
verhandlungspartnerin	verhandlungspartner in
sprüchlein	spruch lein
umweltschützerin	umweltschutz er in
zeitungsausträgerin	zeitungsaustragen er in
modellierer	modell ier er
pflegehelferin	pflegehelfer in
ungebärdigkeit	ungebärdig keit
spielerin	spielen el er in
außenministerin	außenminister in
zagreber	zagreb er
umsichtigkeit	umsicht ig keit
arbeitsvertraglich	arbeitsvertrag lich
rechtswissenschaftlerin	rechtswissenschaft ler in
romanistin	roma anisch ist in
obrigkeitshörigkeit	obrigkeitshörig keit
verkündung	verkünden ung
haushaltsrechtlich	haushaltsrecht lich
aussagekräftig	aussagekraft ig
überfütterung	überfüttern ung
brecher	brechen er
überzahlung	über zahl ung
unbußfertigkeit	un bußfertig keit
schwieberdinger	schwieberdingen er
landshuter	landshut er
lechtaler	lechtal er
sterblichkeit	sterben lich keit
astin	ast in
kringelig	kringel ig
gewichtigkeit	gewichten ig keit
unnachgiebigkeit	un nachgiebig keit
kunstturner	kunstturnen er
malaiin	malaie in
heimatstädtchen	heimatstadt chen
kokainsüchtig	kokainsucht ig
kassenärztlich	kassenarzt lich
einsteller	einstellen er
unterfütterung	unterfüttern ung
codierung	code ier ung
geschmacklos	geschmack los
böblingerin	böblingen er in
katzenbesitzerin	katzenbesitzer in
mathematiker	mathematik er
trotzköpfchen	trotzkopf chen
nachbesserung	nachbessern ung
blumenzüchter	blumenzucht er
sozialneider	sozialneid er
verkleinerung	ver klein ung
mailänderin	mailand er in
gemeindepfarrerin	gemeindepfarrer in
bearbeiter	bearbeiten er
zivilisierung	zivil e isier ung
pferdchen	pferd chen
ingenieurstudentin	ingenieurstudent in
rührseligkeit	rührselig keit
kinogängerin	kinogang er in
dialogfähigkeit	dialogfähig keit
sträußchen	strauß chen
einseitigkeit	einseitig keit
arglos	arg los
pantöffelchen	pantoffel chen
theaterpädagogin	theaterpädagoge in
südwürttemberger	südwürttemberg er
kreisspieler	kreisspiel er
geldbesitzer	geldbesitz er
höflich	hof lich
seniorchefin	seniorchef in
christoffer	christoff er
osteroder	osterode er
uller	ulle er
verschönerung	ver schön ung
allgemeinmedizinerin	allgemeinmedizin er in
straßenkreuzer	straßenkreuz er
vorstädter	vorstadt er
spitzer	spitz e er
oranienburger	oranienburg er
greifbar	greifen bar
industriegesellschaftlich	industriegesellschaft lich
ortsvorsteherin	ortsvorsteher in
rädchen	rad chen
dunstig	dunst ig
holzschnitzer	holzschnitzen er
weiterverwertung	weiterverwerten ung
tranig	tran ig
handköfferchen	handkoffer chen
banksprecherin	banksprecher in
süchtigkeit	sucht ig keit
agitatorin	agitator in
geheimdienstlich	geheimdienst lich
verrechnung	verrechnen ung
erwägung	erwägen ung
lutscher	lutschen er
unsichtbar	un sichten bar
staatsvertraglich	staatsvertrag lich
anstandlos	anstand los
unhöflichkeit	un hof lich keit
übeltäterin	übeltat er in
dschungelkämpfer	dschungelkampf er
überschuldung	überschulden ung
auffassung	auffassen ung
aufspaltung	auf spalt ung
erhärtung	erhärten ung
schauspielerin	schauspielen er in
muslimin	muslime in
werttransporter	werttransport er
kombattantin	kombattant in
becker	beck er
bestrahlung	be strahl ung
berlinerin	berlin er in
allacher	allach er
nationalspieler	nationalspiel er
romanheldin	romanheld in
schalterbeamtin	schalterbeamte in
gastspielerin	gastspiel er in
bridgespieler	bridgespielen er
vereinnahmung	vereinnahmen ung
körperverträglichkeit	körperverträglich keit
sindelfinger	sindelfingen er
pensionswirtin	pensionswirt in
stückeschreiber	stückeschreiben er
vereidigung	vereidigen ung
weitsichtigkeit	weitsicht ig keit
kritiker	kritik er
ministeriumssprecherin	ministeriumssprecher in
kulturpreisträgerin	kulturpreisträger in
dickhäuter	dickhaut er
formierung	form ier ung
manipulierbar	manipulieren bar
strahlung	strahlen ung
sexualwissenschaftlerin	sexualwissen schaft ler in
museumsmitarbeiterin	museumsmitarbeiter in
halbjährig	halbjahr ig
müllsortierer	müllsortieren er
regsamkeit	regen sam keit
wiedereinstellung	wiedereinstellen ung
trampolinturner	trampolinturnen er
mitläufer	mitlaufen er
jugendschöffin	jugendschöffe in
sossenheimer	sossenheim er
blumenverkäufer	blumenverkauf er
verbindung	verbinden ung
indianerin	indien aner in
stolzenberger	stolzenberg er
ukrainer	ukraine er
seniorenmeisterin	seniorenmeister in
unterwanderung	unterwandern ung
volksläufer	volkslauf er
überzählig	überzahl ig
abnutzung	ab nutz ung
stauer	stauen er
dekorateurin	dekorateur in
theatergeschichtlich	theatergeschichte lich
regelmäßigkeit	regelmäßig keit
herleitung	herleiten ung
erhöhung	erhöhen ung
raucher	rauchen er
stahlwerker	stahlwerk er
aussagelos	aussagen e los
fortpflanzung	fortpflanzen ung
reagenzgläschen	reagenzglas chen
putzsüchtig	putzsucht ig
oberflächlich	oberfläche lich
unsinnigkeit	unsinn ig keit
handballerin	handballen er in
verständnislos	verständnis los
sonderbarkeit	sondern bar keit
kassenhäuschen	kassenhaus chen
ausschöpfung	ausschöpfen ung
überwölbung	überwölben ung
helfer	helfen er
schößchen	schoß chen
golfplatzbauer	golfplatzbau er
protokollierung	protokoll ier ung
wiederverheiratung	wiederverheiraten ung
bestechung	bestechen ung
einpendler	einpendeln er
heider	heide er
futterneider	futterneid er
gleichmäßig	gleichmaß ig
grünlich	grün e lich
menner	menne er
unpassierbar	un passieren bar
landschaftsplanerin	landschaftsplan er in
mißmutig	mißmut ig
herrlich	herr lich
sichtbarlich	sichten bar lich
parteiunabhängigkeit	parteiunabhängig keit
zeitungsmacher	zeitungsmachen er
mundartdichterin	mundartdichter in
abnehmer	abnehmen er
feldberger	feldberg er
verinnerlichen	ver inner e lich
bremerhavener	bremerhaven er
vertragslos	vertrag los
zeitgeistlich	zeitgeist lich
seniorin	seniore in
prostituiertenmörder	prostituiertenmord er
stadtplanerin	stadtplan er in
hauptabteilungsleiterin	hauptabteilungsleiter in
torschützenkönigin	torschützenkönig in
verhaltensauffälligkeit	verhaltensauffällig keit
überarbeitung	überarbeiten ung
anbieterin	anbieten er in
gesetzlich	gesetz lich
undurchdringlichkeit	undurchdringlich keit
publizistin	publizist in
überkreuzung	überkreuzen ung
jobsucher	jobsuche er
entscheidungsunfähigkeit	entscheidungsunfähig keit
häufung	häufen ung
bildlich	bild lich
eigenständigkeit	eigenständig keit
lokführerin	lokführer in
syrerin	syr er in
mayer	may er
abdecker	abdecken er
beschaulich	beschauen lich
fahrzeugbauer	fahrzeugbau er
grundstückseigentümer	grundstückseigentum er
hockeyspieler	hockeyspielen er
polterig	poltern ig
gesundheitsschützer	gesundheitsschutz er
zukunftslos	zukunft los
preiswürdigkeit	preiswürdig keit
kinogänger	kinogang er
faltblättchen	faltblatt chen
unfallfahrerin	unfallfahrer in
programmatiker	programmatik er
expertin	experte in
kanalarbeiter	kanalarbeit er
subventionsbetrüger	subventionsbetrug er
fügsamkeit	fügen sam keit
gutwilligkeit	gutwillig keit
mehrheitsgesellschafterin	mehrheitsgesellschaft er in
fahrdienstleiterin	fahrdienstleiter in
wählbarkeit	wählen bar keit
anrufer	anrufen er
auslagerung	auslagern ung
unterschiedlos	unterschied los
sportwissenschaftlich	sportwissenschaft lich
schäbig	schabe ig
basketballer	basketball er
gesamtgesellschaftlich	gesamtgesellschaft lich
entwirrbar	entwirren bar
selbstfinanzierung	selbstfinanzieren ung
fleischlos	fleisch los
konturlos	kontur los
umständlichkeit	umstand lich keit
spiegelberger	spiegelberg er
schlauchförmig	schlauchform ig
jazztrompeter	jazztrompete er
kindermacher	kindermachen er
eigennützigkeit	eigennutz ig keit
obrigkeitsstaatlich	obrigkeitsstaat lich
überhebung	überheben ung
anbauer	anbauen er
unterbeschäftigung	unterbeschäftigen ung
barrikadenkämpfer	barrikadenkampf er
schwerbeschädigung	schwerbeschädigen ung
landeskundlich	landeskunde lich
lenkbar	lenken bar
andalusier	andalusien er
patrizier	patrizia er
bremer	bremen er
bundeskanzlerin	bundeskanzler in
spitzenpolitikerin	spitzenpolitik er in
äthiopier	äthiopien er
schlagfertigkeit	schlagfertig keit
zwischenbetrieblich	zwischen betrieb lich
gesprächsteilnehmerin	gesprächsteilnehmer in
schweriner	schwer e in er
warzig	warze ig
siegburger	siegburg er
finanzberaterin	finanzberater in
geruchslos	geruch los
kalkulierbar	kalkulieren bar
gerichtsgutachter	gerichtsgutachten er
jugendministerin	jugendminister in
autofahrer	autofahren er
geheimpolizeilich	geheimpolizei lich
teheraner	teheran er
parlamentarierin	parlamentarier in
weihung	weihen ung
unvorsichtigkeit	un vorsicht ig keit
besinnlichkeit	besinnen lich keit
zwischengesellschaftlich	zwischengesellschaft lich
einzelstarterin	einzelstart er in
konsumfreudigkeit	konsumfreude ig keit
entstörung	entstören ung
mehrstündig	mehrstunde ig
laienspieler	laienspiel er
gelnhausener	gelnhausen er
herrschaftslos	herrschaft los
reaktorbauer	reaktorbau er
unterschiedlich	unterschied lich
taucherin	tauchen er in
festrednerin	festredner in
valer	val er
protokollchefin	protokollchef in
prophezeiung	prophezeien ung
vampirin	vampir in
geldverleiher	geldverleih er
vereinfachung	ver einfach ung
einzellig	einzelle ig
küstenschützer	küstenschutz er
vizekönigin	vizekönig in
lohndrücker	lohndruck er
benutzbarkeit	benutzen bar keit
tragfähigkeit	tragfähig keit
projektplaner	projektplan er
landesstatistiker	landesstatistik er
kindergärtner	kindergarten er
arbeiter	arbeiten er
antipolitiker	antipolitik er
somalier	somalia er
wahlbeamtin	wahlbeamte in
erbauerin	erbauen er in
treuhandpräsidentin	treuhandpräsident in
waffentauglichkeit	waffentauglich keit
unvergleichbar	un ver gleich bar
aufbereitung	aufbereiten ung
süchtig	sucht ig
einfühlung	einfühlen ung
verfassungsfeindlich	verfassungsfeind lich
wirtschaftsfreundlichkeit	wirtschaftsfreund lich keit
entfremdung	entfremden ung
sätzchen	satz chen
schloßherrin	schloßherr in
gefräßigkeit	gefräßig keit
wohltätig	wohltat ig
vergewaltiger	ver gewaltige er
königsberger	königsberg er
figürlich	figur lich
bundesligaspielerin	bundesligaspiel er in
lehrmeisterlich	lehrmeister lich
verkaufsständer	verkaufsstand er
protestlerin	protest ler in
unerbittlichkeit	unerbittlich keit
presserechtlich	presserecht lich
energiewirtschaftlich	energiewirtschaft lich
nichtswürdigkeit	nichtswürdig keit
wertbeständigkeit	wertbeständig keit
schriftstellerin	schriftstelle er in
strapazierfähigkeit	strapazierfähig keit
rentnerin	rentner in
medaillengewinner	medaillengewinn er
besprechung	besprechen ung
makellos	makel los
untermischung	untermischen ung
bauchrednerin	bauchreden er in
cutterin	cutter in
auskühlung	aus kühl ung
spinnerin	spinnen in
ostfriesin	ostfriese in
verleger	verlegen er
innerlichkeit	inner e lich keit
verfügbarkeit	verfügbar keit
jungunternehmerin	jungunternehmen er in
außenseiterin	außenseite er in
erfüllbar	erfüllen bar
überängstlichkeit	über ängstlich keit
sportsenatorin	sportsenator in
dienststellenleiterin	dienststellenleiter in
schäbigkeit	schabe ig keit
engländer	england er
pointenlos	pointe los
benutzung	benutzen ung
tödlich	tod lich
männlichkeit	mann lich keit
wörtchen	wort chen
materialistin	materiale ist in
ausrichterin	ausrichten er in
selbstdenker	selbstdenken er
sozialwissenschaftlich	sozialwissenschaft lich
übertragbar	übertragen bar
umdrehung	umdrehen ung
folterung	foltern ung
kriegsverbrecher	kriegsverbrechen er
verbin	verb in
militärgerichtlich	militärgericht lich
vogelschützer	vogelschutz er
genießer	genießen er
gefängnisdirektorin	gefängnisdirektor in
korbflechterin	korbflechten er in
bildlichkeit	bild lich keit
schlagersängerin	schlagersänger in
gründlichkeit	gründen lich keit
verhängung	verhängen ung
dezernentin	dezernent in
werktäglich	werktag lich
unschädlichkeit	un schädlich keit
eiskunstläuferin	eiskunstlaufen er in
frauenrechtlerin	frauenrecht ler in
europafeindlichkeit	europafeindlich keit
schnittig	schnitte ig
überglücklich	über glück lich
elektroinstallateurin	elektroinstallateur in
feinfühligkeit	feinfühlig keit
biologiestudentin	biologiestudent in
gelsenkirchener	gelsenkirchen er
registrierung	registrieren ung
ostseestädter	ostseestadt er
trassierung	trasse ier ung
vorstellung	vorstellen ung
bernauer	bernau er
hauptgewinner	hauptgewinn er
lektorin	lektor in
ritter	ritt er
aufforderung	auffordern ung
knobler	knobeln er
fischzüchter	fischzucht er
oberlippenbärtchen	oberlippenbart chen
parteiführerin	parteiführer in
gleichmäßigkeit	gleichmaß ig keit
botaniker	botanik er
arbeitsgerichtlich	arbeitsgericht lich
surrealistin	surreal ist in
abbildbar	abbilden bar
überträgerin	übertragen er in
nachprüfung	nachprüfen ung
kunstfeindlichkeit	kunstfeindlich keit
landesgeschichtlich	landesgeschichte lich
jungfräulichkeit	jungfrau lich keit
heilig	heil e ig
europatauglichkeit	europatauglich keit
belästigung	belästigen ung
beschuldigung	be schuld ig ung
gleichmütigkeit	gleichmut ig keit
plazierung	plazieren ung
kleber	kleben er
überanstrengung	überanstrengen ung
risikolos	risiko los
erlaubnispflichtig	erlaubnispflicht ig
weltpolitiker	weltpolitik er
schmiegsamkeit	schmiegen sam keit
macher	machen er
antonin	anton in
rheintaler	rheintal er
speicherbar	speichern bar
fernsehansagerin	fernsehansager in
generalintendantin	generalintendant in
arbeitsvermittlerin	arbeitsvermittler in
herbstlich	herbst lich
schnörkellos	schnörkel los
anhalter	anhalten er
schlückchen	schluck chen
seligkeit	selig keit
österreicherin	österreich er in
glatzköpfig	glatzkopf ig
lossprechung	lossprechen ung
zahlungspflichtig	zahlungspflicht ig
erzbischöflich	erzbischof lich
agrartechniker	agrartechnik er
reformunfähigkeit	reformunfähig keit
verflüchtigen	ver flüchten ig
rücksichtlos	rücksicht los
rechtspfleger	rechtspflege er
solinger	solingen er
jugendläufer	jugendlauf er
hörfunkdirektorin	hörfunkdirektor in
zeugungsunfähigkeit	zeugungsunfähig keit
freipressung	freipressen ung
bildungsplaner	bildungsplan er
tierhalterin	tierhalter in
konzeptionslos	konzeption los
plätzchen	platz chen
konditorin	konditor in
ausweitung	ausweiten ung
polizeireporterin	polizeireport er in
anfertigung	anfertigen ung
winzigkeit	winzig keit
kulturkritikerin	kulturkritik er in
athener	athene er
ausständig	ausstand ig
pfarrvikarin	pfarrvikar in
heppenheimer	heppenheim er
lever	lev er
umwelttechniker	umwelttechnik er
kleinbauer	kleinbau er
rostiger	rostige n er
nachdenklich	nachdenken lich
fünfhunderter	fünfhundert er
kostbarkeit	kostbar keit
abberufung	abberufen ung
scheißer	scheißen er
helferin	helfen er in
spielführerin	spielführer in
entschlußlos	entschluß los
neidlos	neiden los
lackiererin	lack ier er in
zerlegung	zerlegen ung
selbstbediener	selbstbedienen er
titelgewinner	titelgewinn er
wohnungswirtschaftlich	wohnungswirtschaft lich
naturgesetzmäßigkeit	naturgesetz mäßig keit
waffenrechtlich	waffenrecht lich
ketzerin	ketzer in
schrullig	schrulle ig
wertschätzung	wertschätzen ung
wikinger	wiking er
humanwissenschaftlich	humanwissenschaft lich
ausgliederung	ausgliedern ung
anwärterin	anwärter in
papstwähler	papstwahl er
zierlich	zieren lich
selbstverständlichkeit	selbstverständlich keit
geräteturner	geräteturnen er
hochwürdig	hochwürden ig
badehäuschen	badehaus chen
blocher	bloch er
lockenköpfchen	lockenkopf chen
stichhaltigkeit	stichhaltig keit
rührung	rühren ung
sozialschädlichkeit	sozialschädlich keit
abzweigung	abzweigen ung
ehrwürdig	ehrwürde ig
wörtlich	wort lich
kommunikationsfähigkeit	kommunikationsfähig keit
parteikollegin	parteikollege in
nichtpolitiker	nichtpolitik er
arrondierung	arrondieren ung
objektkünstlerin	objektkunst ler in
verarbeitung	verarbeiten ung
kündigung	kündigen ung
freier	frei e er
beerdigungsunternehmer	beerdigungsunternehmen er
humorlos	humor los
bergwanderung	bergwandern ung
plattfüßig	plattfuß ig
krippenbauer	krippenbau er
fälligkeit	fällig keit
wassertrinker	wassertrinken er
lebendspender	lebendspende er
birnenförmig	birnenform ig
bahnradfahrer	bahnradfahren er
altenpflegerin	altenpflege er in
gleichwertigkeit	gleichwertig keit
ruppigkeit	ruppig keit
elektromechaniker	elektromechanik er
randecker	randeck er
kommunikationsdesigner	kommunikationsdesign er
soziologin	soziologe in
fettleibigkeit	fettleibig keit
aufzeichnung	aufzeichnen ung
begriffslos	begriff los
einwirkung	einwirken ung
eichhörnchen	eichhorn chen
unordentlichkeit	un ordentlich keit
könner	können er
schmalzlockig	schmalzlocken ig
darstellung	darstellen ung
jugendbildungsreferentin	jugendbildungsreferent in
volkskundlich	volkskunde lich
verstärker	ver stark e er
kommunikationswissenschaftlich	kommunikationswissenschaft lich
nachwuchsautorin	nachwuchsautor in
bundestagspräsidentin	bundestagspräsident in
inhaftierung	inhaftieren ung
hauslehrerin	hauslehrer in
evin	eve in
hitzebeständigkeit	hitzebeständig keit
bloßstellung	bloßstellen ung
grundpfandrechtlich	grundpfandrecht lich
puppenspielerin	puppenspielen er in
fraulich	frau lich
bruchlos	bruch los
hauptgesellschafterin	hauptgesellschafter in
überordnung	überordnen ung
frühzeitig	frühzeit ig
beziehungslos	beziehen ung los
ferienarbeiter	ferienarbeit er
weichlich	weich lich
mutterlos	mutter los
schieber	schieben er
stellerin	stellen er in
bildhauer	bildhauen er
namensrechtlich	namensrecht lich
rechtswissenschaftlich	rechtswissenschaft lich
stationierung	stationieren ung
vorrednerin	vorredner in
fachhochschüler	fachhochschule er
ersatzbewerberin	ersatzbewerber in
ausländerin	ausland er in
nuklearphysiker	nuklearphysik er
schälung	schälen ung
taunusstädtchen	taunusstadt chen
wiedererteilung	wiedererteilen ung
schirmchen	schirm chen
wackelig	wackeln ig
polizeibeamtin	polizeibeamte in
ungefällig	un gefälle ig
projektleiterin	projektleiter in
bundesverfassungsgerichtlich	bundesverfassungsgericht lich
kindermörderin	kindermord er in
tiroler	tirol er
dekodierung	dekodieren ung
autoknacker	autoknacken er
mandatslos	mandat los
verschüttung	ver schütte ung
maschinenbaulich	maschinenbau lich
nutzfahrzeugbauer	nutzfahrzeugbau er
henner	henn er
magerkeit	mager keit
korntaler	korntal er
tröpfchen	tropf chen
neugieriger	neugierige n er
wertminderung	wertmindern ung
blumenverkäuferin	blumenverkauf er in
schlittenfahrer	schlittenfahren er
verständlichkeit	verstand lich keit
titelträgerin	titelträger in
wiedererrichtung	wiedererrichten ung
fernsehreporterin	fernsehreporter in
radlos	rad los
dämpfig	dämpfen ig
ätzung	ätzen ung
langläufig	langlaufen ig
großfürstin	großfürst in
mater	mate er
straßenverkäufer	straßenverkauf er
behaarung	behaaren ung
marburger	marburg er
borussin	borusse in
formbarkeit	formen bar keit
talmudschüler	talmudschule er
schaffung	schaffen ung
verlagssprecherin	verlagssprecher in
anrüchigkeit	anrüchig keit
auslandskorrespondentin	auslandskorrespondent in
klebrigkeit	klebrig keit
hochherzigkeit	hochherzig keit
ghanaer	ghana er
karriereberaterin	karriereberater in
zappelig	zappeln ig
frankfurterin	frankfurt er in
einpflanzung	einpflanzen ung
wirtschaftsinformatiker	wirtschaftsinformatik er
gräfin	gräf in
gattungsgeschichtlich	gattungsgeschichte lich
entwendung	entwenden ung
abschaltung	abschalten ung
jähzornig	jähzorn ig
befreier	befreien er
leistungslos	leistung los
erfreulich	erfreuen lich
kompromißunfähigkeit	kompromißunfähig keit
entlassung	entlassen ung
verstellbar	verstellen bar
unscheinbarkeit	un scheinen bar keit
sozialamtsleiterin	sozialamtsleiter in
fehldeutung	fehldeuten ung
finanzplaner	finanzplan er
verschärfung	ver scharf e ung
flüchtlingskommissarin	flüchtlingskommissar in
anrechnung	anrechnen ung
bundesgesundheitsministerin	bundesgesundheitsminister in
aktionsfähigkeit	aktionsfähig keit
offenbarer	offenbaren er
skispringer	skispringen er
willigen	wille ig
krümmung	krümmen ung
frauenfreundlichkeit	frauenfreund lich keit
tangotänzerin	tangotanzen er in
hochverdiener	hochverdienen er
oberbürgermeisterkandidatin	oberbürgermeisterkandidat in
radrennfahrerin	radrennfahrer in
einbestellung	einbestellen ung
sprachschüler	sprachschule er
mitbestimmungspflichtig	mitbestimmungspflicht ig
heilbrunner	heilbrunnen er
verkehrsunternehmer	verkehrsunternehmen er
transportarbeiter	transportarbeit er
verlautbarung	verlautbaren ung
listenführerin	listenführer in
wasserkocher	wasserkochen er
würzburger	würzburg er
riesenberger	riesenberg er
kunstfertigkeit	kunstfertig keit
versicherer	versichern er
empfindlich	empfinden lich
flugtauglichkeit	flugtauglich keit
programmkoordinatorin	programmkoordinator in
mehrheitsfähigkeit	mehrheitsfähig keit
auspowerung	auspowern ung
vollwertig	vollwert ig
lichtempfindlichkeit	lichtempfindlich keit
beifahrerin	beifahrer in
erforschung	er forsch ung
billiglohnarbeiter	billiglohnarbeit er
illustratorin	illustrator in
ausbeutung	ausbeuten ung
treter	treten er
wandelbar	wandeln bar
freimütigkeit	freimut ig keit
pitter	pitt er
nachmittagsschläfchen	nachmittagsschlaf chen
mittelfeldspielerin	mittelfeldspiel er in
kränkung	kränken ung
sittsamkeit	sittsam keit
mecklenburgerin	mecklenburg er in
versagung	versagen ung
tropfenförmig	tropfenform ig
morastig	morast ig
verführer	verführen er
polizeireporter	polizeireport er
verstaatlichung	ver staat lich ung
besserwisser	besserwissen er
optimistin	optimist in
mißlichkeit	miß lich keit
deutschlehrerin	deutschlehrer in
zufällig	zufallen ig
einsatzfähigkeit	einsatzfähig keit
raumpflegerin	raumpfleger in
hilfsarbeiter	hilfsarbeit er
ungeheuerlichkeit	ungeheuer lich keit
fremdsprachig	fremdsprache ig
internatsschülerin	internatsschule er in
abwendbar	abwenden bar
inger	inge er
lärmig	lärmen ig
katzenartig	katzenart ig
rundfunkmoderatorin	rundfunkmoderator in
selbstüberzeugung	selbstüberzeugen ung
schmutzig	schmutz ig
aufblähung	aufblähen ung
beurteilung	beurteilen ung
kulturlos	kultur los
springer	springen er
kinderbuchautorin	kinderbuchautor in
quantenphysiker	quantenphysik er
schulrektorin	schulrektor in
schuldig	schuld ig
millionenbetrüger	millionenbetrug er
kitschig	kitsch ig
sozialplaner	sozialplan er
spielfähigkeit	spielfähig keit
amtsträgerin	amtsträger in
verfassungsschützer	verfassungsschutz er
gastlich	gast lich
tauberbischofsheimer	tauberbischofsheim er
versuchung	versuchen ung
spurlos	spuren los
moskauerin	moskau er in
einklagbar	einklagen bar
vollblütig	vollblüte ig
neubürgerin	neuburg er in
dauermieter	dauermiete er
freudenberger	freudenberg er
fernsehschauspielerin	fernsehschauspieler in
requisiteurin	requisiteur in
sittlichkeitsverbrecher	sittlichkeitsverbrechen er
seufzer	seufzen er
verlängerung	ver lange n ung
sinnig	sinnen ig
leiter	leiten er
wirkungslos	wirken ung los
unerklärbar	un erklären bar
übergebührlich	über gebühren lich
schiedsrichterin	schiedsrichter in
verrußung	ver ruß ung
bevollmächtigung	bevollmächtigen ung
sonderlich	sondern lich
friedensarbeiterin	friedensarbeit er in
handelbar	handeln bar
gleitschirmflieger	gleitschirmfliegen er
marcellin	marcelle in
zeitkritiker	zeitkritik er
nivellierung	nivellieren ung
vogelhäuschen	vogelhaus chen
lästigkeit	lästig keit
biberacherin	biberach er in
ignorantin	ignorant in
hörer	hören er
menschenrechtswidrigkeit	menschenrechtswidrig keit
zweisprachigkeit	zweisprachig keit
zivilrichterin	zivilrichter in
streiter	streiten er
rekordnationalspielerin	rekordnationalspieler in
hauptmieterin	hauptmieter in
bergstädtchen	bergstadt chen
wohnungsunternehmer	wohnungsunternehmen er
eindeutigkeit	eindeutig keit
verneinung	ver nein ung
bestäubung	bestäuben ung
trendelburger	trendelburg er
ilker	ilke er
klingenberger	klingenberg er
autostopper	autostopp er
siegener	siegen er
dreher	drehen er
jahresdurchschnittlich	jahresdurchschnitt lich
schriftlichkeit	schrift lich keit
anzeigenblättchen	anzeigenblatt chen
schweineleber	schweineleben er
faulenzer	faulenzen er
entzweiung	entzweien ung
pensionierung	pension ier ung
bundesrichterin	bundesrichter in
schöntaler	schöntal er
japaner	japan er
lockung	locken ung
anmutig	anmuten ig
entbehrlich	entbehren lich
pressechefin	pressechef in
wortführerin	wortführer in
rehabilitierung	rehabilitieren ung
entwürdigung	entwürdigen ung
operettensängerin	operettensänger in
babysitter	babysitte er
trinkfreudigkeit	trinkfreudig keit
verdrehung	verdrehen ung
degenfechterin	degenfechten er in
niederländerin	niederlande er in
protzig	protz ig
zivilisationskritiker	zivilisationskritik er
tabakraucher	tabakrauchen er
liberalisierung	liberal isier ung
kommunalpolitikerin	kommunalpolitik er in
tempelchen	tempel chen
sozialhelferin	sozialhelfer in
kinderfeindlichkeit	kinderfeindlich keit
wirtschaftswissenschaftlerin	wirtschaftswissen schaft ler in
ländlich	lände lich
gutheißung	gutheißen ung
technikkritiker	technikkritik er
denkmalschutzwürdigkeit	denkmalschutzwürdig keit
einfriedung	einfrieden ung
stadionbesucher	stadionbesuch er
päpstlich	papst lich
seinsgeschichtlich	seinsgeschichte lich
überflieger	über fliege er
institutsleiterin	institutsleiter in
mehrheitseignerin	mehrheitseigner in
werbegrafikerin	werbegrafik er in
überbetonung	überbetonen ung
vertragsarbeiterin	vertragsarbeiter in
steinhagener	steinhagen er
torhüterin	torhüter in
fünfprozentig	fünfprozent ig
klagbar	klagen bar
denkmöglichkeit	denkmöglich keit
westlich	weste lich
amateurboxer	amateurboxen er
männlich	mann lich
wattenscheiderin	wattenscheid er in
unehrlich	unehre lich
kampfrichterin	kampfrichter in
superstürmer	supersturm er
negerin	neger in
andienung	andienen ung
schulung	schulen ung
patientin	patient in
stadtgeschichtlich	stadtgeschichte lich
silbermedaillengewinnerin	silbermedaillengewinner in
zeitungsredakteurin	zeitungsredakteur in
gemeinwesenarbeiter	gemeinwesenarbeit er
angriffsunfähigkeit	angriffsunfähig keit
einsparung	ein spar ung
langsamfahrer	langsamfahren er
chorsängerin	chorsänger in
dumpfig	dumpfe ig
komödiantin	komödiant in
karlsteiner	karlstein er
allzuständigkeit	allzuständig keit
moritzburger	moritzburg er
versklavung	ver sklave ung
leutseligkeit	leutselig keit
burgunder	burgunde er
berchtesgadener	berchtesgaden er
vorreiterin	vorreiten in
birminghamer	birmingham er
verweltlichen	ver welt lich
referatsleiterin	referatsleiter in
viehtransporter	viehtransport er
verdeutlichung	ver deutlich ung
kreuzung	kreuzen ung
maschinenarbeiter	maschinenarbeit er
gießer	gießen er
traber	traben er
drogendealer	drogendeal er
ermordung	ermorden ung
lagerleiterin	lagerleiter in
liverpooler	liverpool er
weinberghäuschen	weinberghaus chen
verrenkung	ver renke ung
genesung	genesen ung
fagottistin	fagott ist in
menschlichkeit	mensch lich keit
installationskünstlerin	installationskunst ler in
klägerin	klage er in
verwundbarkeit	verwundbar keit
devisenrechtlich	devisenrecht lich
degenerierung	degenerieren ung
verführung	verführen ung
stürmerin	stürmen er in
wieger	wiegen e er
abfahrtsläufer	abfahrtslauf er
medizintechniker	medizintechnik er
verschiebbar	verschieben bar
haftung	haften ung
freiburgerin	freiburg er in
pekinger	peking er
töpferin	topf er in
quittierung	quitt ier ung
slawin	slawe in
huldigen	huld ig
karikaturistin	karikatur ist in
würdigkeit	würdig keit
rachsüchtig	rachsucht ig
autowäscher	autowaschen er
sachkundig	sachkunde ig
wundertätigkeit	wundertat ig keit
vorrangig	vorrang ig
dörflich	dorf lich
ertüchtigung	ertüchtigen ung
gelegenheitskäufer	gelegenheitskauf er
konfliktfreudig	konfliktfreude ig
schmerzlos	schmerz los
erleuchtung	er leuchten e ung
strichlein	strich lein
verwerflich	verwerfen lich
tauberbischofsheimerin	tauberbischofsheim er in
opiatabhängigkeit	opiatabhängig keit
umfangreicher	umfangreiche er
hohepriesterlich	hohepriester lich
fahrkartenverkäufer	fahrkartenverkauf er
spießig	spießen ig
marktgängigkeit	marktgängig keit
lenkung	lenken ung
papiermacher	papiermache er
abgeltung	abgelten ung
witzeerzähler	witzeerzählen er
flaumig	flaum ig
chikagoer	chikago er
kopenhagener	kopenhagen er
verkehrstüchtigkeit	verkehrstüchtig keit
spätherbstlich	spätherbste lich
sektenchefin	sektenchef in
versachlichen	ver sache lich
wehleidigkeit	wehleid ig keit
schwertkämpfer	schwertkampf er
einwanderung	einwandern ung
vollbesetzung	vollbesetzen ung
wettbewerbsfähigkeit	wettbewerbsfähig keit
bombenattentäter	bombenattentat er
iserlohner	iserlohn er
anleger	anlegen er
versammlungsbesucher	versammlungsbesuch er
krankengymnastin	krankengymnast in
sublimierung	sublime ier ung
würstchenverkäuferin	würstchenverkäufer in
fernsehmoderatorin	fernsehmoderator in
torger	torge er
wolfsburgerin	wolfsburg er in
pflasterung	pflastern ung
geschäftstüchtigkeit	geschäftstüchtig keit
willenlos	wille los
farbenfreudig	farbenfreude ig
exhibitionistin	exhibition ist in
vorweihnachtlich	vor weihnachten lich
brüderlein	bruder lein
einwechselung	einwechseln ung
pfarramtlich	pfarramt lich
bettchen	bett chen
vorgeschichtlich	vorgeschichte lich
tiefbauer	tiefbau er
weiter	weit e er
schmierer	schmieren er
friedlichkeit	frieden lich keit
stadtpolitiker	stadtpolitik er
experimentalphysiker	experimentalphysik er
morgig	morgen ig
ehrgeizig	ehrgeiz ig
steher	stehen er
anspielung	anspielen ung
heilbronnerin	heilbronn er in
bottroper	bottrop er
teilfinanzierung	teilfinanzieren ung
ostholsteiner	ostholstein er
umweltexpertin	umweltexperte in
bettlerin	betteln er in
bedeutungslos	bedeuten ung los
unflätig	unflat ig
ungläubig	un glauben ig
befeuchtung	be feucht ung
kugelstoßer	kugelstoßen er
zuerkennung	zuerkennen ung
durchmusterung	durch muster ung
festsitzung	festsitzen ung
thailänder	thailand er
unsterblich	un sterben lich
pilotin	pilot in
sammelbändchen	sammelband chen
filmstudentin	filmstudent in
naturrechtlich	naturrecht lich
universalerbin	universalerbe in
gebührenpflichtig	gebührenpflicht ig
koblenzerin	koblenz er in
sachgebietsleiterin	sachgebietsleiter in
pilzesucher	pilzesuche n er
nicolin	nicol in
verteiler	verteilen er
lautenspieler	lautenspiel er
rechtsmediziner	rechtsmedizin er
aktivensprecherin	aktivensprecher in
gladbacher	gladbach er
fußballer	fußballen er
sandkörnchen	sandkorn chen
formung	formen ung
hollander	holland er
rostocker	rostock er
rechtfertigung	rechtfertigen ung
polizeichefin	polizeichef in
naturschützer	naturschutz er
rentenversicherungspflichtig	rentenversicherungspflicht ig
zauberer	zaubern er
erklärbar	erklären bar
kassandrarufer	kassandraruf er
stadtgärtner	stadtgarten er
großunternehmer	großunternehmen er
unüberbietbar	un überbieten bar
beschwörer	beschwören er
schuldfähigkeit	schuldfähig keit
risikopatientin	risikopatient in
fotokopierer	fotokopieren er
malerin	malen er in
wassersucher	wassersuche er
untersucher	untersuchen er
nukleartechniker	nukleartechnik er
vorstandssekretärin	vorstandssekretär in
freiheitskämpferin	freiheitskampf er in
geschwätzigkeit	schwatz sfx ig keit
geruchlos	geruch los
internierung	intern e ier ung
verallgemeinerbar	ver allgemein bar
router	route er
veränderlich	verändern lich
neuensteiner	neuenstein er
berufsberaterin	berufsberater in
bibliotheksleiterin	bibliotheksleiter in
rührigkeit	rühren ig keit
unterstufenlehrerin	unterstufenlehrer in
bundesgeschäftsführerin	bundesgeschäftsführer in
eberstädter	eberstadt er
ankurbelung	ankurbeln ung
belebung	beleben ung
nachfüllung	nachfüllen ung
wiedereroberung	wiedererobern ung
disziplinlos	disziplin los
gaststättenrechtlich	gaststättenrecht lich
monarchin	monarch in
nachwuchsregisseurin	nachwuchsregisseur in
erniedrigung	erniedrigen ung
helmchen	helm chen
pferdezüchter	pferdezucht er
immobilienunternehmer	immobilienunternehmen er
unbestimmbar	un bestimmen bar
inderin	inder in
fremdenfreundlichkeit	fremdenfreundlich keit
reisefreudig	reisefreude ig
museumsleiterin	museumsleiter in
reinigung	rein e ig ung
leipziger	leipzig er
firmin	firm e in
heimatdichterin	heimatdichter in
seiltänzerin	seiltanzen in
werbeblättchen	werbeblatt chen
raketenbauer	raketenbau er
gerichtsmediziner	gerichtsmedizin er
lumpig	lumpen ig
einprägung	einprägen ung
schulministerin	schulminister in
gesinnungsethiker	gesinnungsethik er
überbeschäftigung	überbeschäftigen ung
entdeckung	entdecken ung
zottelig	zottel ig
senkrechtstarter	senkrechtstart er
todeskandidatin	todeskandidat in
vereinheitlichung	ver einheit lich ung
asylpolitiker	asylpolitik er
erkennungsdienstlich	erkennungsdienst lich
wohnung	wohnen ung
urlauber	urlaube er
konsolidierung	konsolidieren ung
einradfahrer	einradfahren er
quedlinburger	quedlinburg er
löslichkeit	löslich keit
märchenkönigin	märchenkönig in
abhängig	abhängen ig
trennbar	trennen bar
entgiftung	entgiften ung
bestrafung	bestrafen ung
kulturpolitiker	kulturpolitik er
clubleiterin	clubleiter in
spätsommerlich	spätsommer lich
erzieher	erziehen er
gewalttätigkeit	gewalttat ig keit
hausbesitzerin	hausbesitz er in
heimatpfleger	heimatpflege er
fragwürdigkeit	fragwürdig keit
fleischverkäufer	fleischverkauf er
unternehmung	unternehmen ung
weißbärtig	weißbart ig
genforscherin	genforscher in
degradierung	degradieren ung
fernsehlos	fernsehen los
schichtarbeiter	schichtarbeit er
verherrlichen	ver herr lich
entwicklungssoziologin	entwicklungssoziologe in
rosenberger	rosenberg er
vernunftlos	vernunft los
friedensnobelpreisträgerin	friedensnobelpreisträger in
genehmigungspflichtig	genehmigungspflicht ig
anlagerung	anlagern ung
einträchtigkeit	eintracht ig keit
befreiungskämpfer	befreiungskampf er
erfinder	erfinden er
wahrsager	wahrsagen er
sechsmalig	sechsmal ig
stoppelig	stoppel ig
annehmbar	annehmen bar
phantasielos	phantasie los
kleintransporter	kleintransport er
breslauer	breslau er
erstreckung	er strecken e ung
englischlehrerin	englischlehrer in
zusicherung	zusichern ung
wechselseitigkeit	wechselseitig keit
westenberger	westenberg er
bewirkung	bewirken ung
krimiautorin	krimiautor in
walzwerker	walzwerk er
gardinenlos	gardine los
zahlungskräftig	zahlungskraft ig
eigentumsrechtlich	eigentumsrecht lich
tröpflein	tropf lein
ordnungsamtsleiterin	ordnungsamtsleiter in
regierungssprecherin	regierungssprecher in
tanner	tanne er
überempfindlichkeit	über empfinden lich keit
erfahrung	erfahren ung
präzisierung	präzis e ier ung
schönfärbung	schönfärben ung
begründerin	begründen er in
aushilfskellnerin	aushilfskellner in
unheilbarkeit	un heilen bar keit
antreiber	antreiben er
ermittlungsrichterin	ermittlungsrichter in
selbstbestimmung	selbstbestimmen ung
beaufsichtigung	be aufsicht ung
marketingleiterin	marketingleiter in
sortierbar	sortieren bar
galeristin	galerie ist in
pflegedirektorin	pflegedirektor in
gretchen	gret chen
gesprächspartnerin	gesprächspartner in
enteignung	enteignen ung
gesundheitsgefährlich	gesundheitsgefahr lich
immobilienmaklerin	immobilienmakler in
reeder	reede er
verstopfung	verstopfen ung
verbraucherschützer	verbraucherschutz er
zugänglich	zugang lich
kreuzberger	kreuzberg er
autobesitzerin	autobesitz er in
bemühung	bemühen ung
heimgärtner	heimgarten er
doppelgängerin	doppelgänger in
lichttechniker	lichttechnik er
geldspender	geldspende er
iller	ille er
justierung	justieren ung
verherrlichen	ver herr lich
verbandsdirektorin	verbandsdirektor in
rauchbar	rauchen bar
oberstufenschülerin	oberstufenschule er in
grüner	grün e er
mitverantwortung	mitverantworten ung
verdiener	verdienen er
nichtarbeiter	nichtarbeit er
pragmatikerin	pragmatik er in
teilbar	teilen bar
übergangslos	übergang los
schauspiellehrerin	schauspiellehrer in
bogenberger	bogenberg er
kontaktfreudigkeit	kontaktfreudig keit
unüberschaubar	un überschauen bar
beschreibbar	beschreiben bar
breitensportlich	breitensport lich
benützung	benützen ung
begierig	begier ig
jeromin	jerome in
trommler	trommeln er
unwirtschaftlichkeit	un wirtschaften lich keit
verräuchern	ver rauchen er
techniker	technik er
kronstädter	kronstadt er
zuweisung	zuweisen ung
finanzdezernentin	finanzdezernent in
rottweiler	rottweil er
steuersparer	steuersparen er
kursleiterin	kursleiter in
erfrischung	er frisch ung
beschäftigungspflichtig	beschäftigungspflicht ig
nellinger	nellingen er
verdächtigen	verdacht ig
sonderbar	sondern bar
spielsüchtig	spielsucht ig
finanzierbar	finanz ier bar
schulsiegerin	schulsieger in
araberin	arab er in
obstbauer	obstbau er
hain	hae in
kontextlos	kontext los
rettung	retten ung
vertäfelung	vertäfeln ung
instrumentenbauer	instrumentenbau er
konstantin	konstante in
scharfsichtigkeit	scharfsicht ig keit
unbedenklich	un bedenken lich
holzarbeiter	holzarbeit er
abschürfung	abschürfen ung
fachhandwerker	fachhandwerk er
pappig	pappen ig
mittelbäuerlich	mittelbau er lich
sicherheitsexpertin	sicherheitsexperte in
schläfrigkeit	schlaf rig keit
käfertaler	käfertal er
demokratisierung	demokrat isch isier ung
teemeisterin	teemeister in
vorrätig	vorrat ig
aufwertung	aufwerten ung
restaurateurin	restaurateur in
leverkusener	leverkusen er
eigensinnigkeit	eigensinn ig keit
krankmacher	krankmachen er
schälchen	schal chen
alain	ala in
marsberger	marsberg er
fechter	fechten er
durchlässigkeit	durchlässig keit
tötung	töten ung
reiseunternehmer	reiseunternehmen er
kinderpfleger	kinderpflege er
langenerin	lange n er in
privatbesitzer	privatbesitz er
zahnärztlich	zahnarzt lich
empfindsamkeit	empfinden sam keit
heizung	heizen ung
demaskierung	demaskieren ung
sauger	saugen er
stricker	stricken er
hamelner	hameln er
eritreerin	eritreer in
wildecker	wildeck er
fleischlich	fleisch lich
domin	dom in
aussendung	aussenden ung
reuelos	reue los
töpfern	topf er
erstarrung	erstarren ung
vorchristlich	vor chr ist lich
flughafensprecherin	flughafensprecher in
aufführung	aufführen ung
unwohnlich	un wohnen lich
serienmörderin	serienmord er in
schuldrechtlich	schuldrecht lich
hochkommissarin	hochkommissar in
dienstunfähigkeit	dienstunfähig keit
wildensteiner	wildenstein er
väterchen	vater chen
bereisung	bereisen ung
ausstaffierung	ausstaffieren ung
langhaarig	langhaar ig
landschaftsplaner	landschaftsplan er
müllerin	mull er in
offenhaltung	offenhalten ung
neinsager	neinsagen er
rüdesheimer	rüdesheim er
vergasung	vergasen ung
steinhofer	steinhof er
keyboardspieler	keyboardspiel er
verkalkung	ver kalk ung
naturgesetzlich	naturgesetz lich
palmer	palme er
barrikadenbauer	barrikadenbau er
musikschüler	musikschule er
ausrichtung	ausrichten ung
erdrosselung	erdrosseln ung
sieglos	siegen los
grimmigkeit	grimm e ig keit
sexualfeindlichkeit	sexualfeindlich keit
finanzierung	finanz ier ung
herbeiführung	herbeiführen ung
robin	robe in
interessentin	interessent in
vergewaltigung	ver gewaltige ung
gerichtsvollzieherin	gerichtsvollzieher in
hochspannung	hochspannen ung
trainer	train er
allgemeinmediziner	allgemeinmedizin er
schwärmerin	schwärmen er in
biederkeit	bieder keit
vizechefin	vizechef in
magersüchtig	magersucht ig
steinbrecher	steinbrech er
tigerin	tiger in
großväterlich	großvater lich
erschlaffung	erschlaffen ung
vorarbeiterin	vorarbeiten er in
außenspielerin	außenspieler in
frührentnerin	frührentner in
verbandssprecherin	verbandssprecher in
etikettierung	etikette ier ung
organspender	organspenden er
plünderung	plündern ung
regimekritikerin	regimekritik er in
bewerberin	bewerben er in
unflätigkeit	unflat ig keit
fachwerkstädtchen	fachwerkstadt chen
fleischer	fleisch er
scharfsinnig	scharfsinn ig
schädigung	schädigen ung
spielfreudig	spielfreude ig
eröffnung	eröffnen ung
stromverkäufer	stromverkauf er
schwinger	schwingen er
langläufer	langlaufen er
berger	berg er
geigenspielerin	geigenspiel er in
kaninchenzüchter	kaninchenzucht er
ingolstädterin	ingolstadt er in
schwerstverbrecher	schwerstverbrechen er
musikwissenschaftlich	musikwissenschaft lich
aktienrechtlich	aktienrecht lich
verdienstlich	verdienst lich
umweltberaterin	umweltberater in
patronin	patrone in
abdankung	abdanken ung
redseligkeit	redselig keit
differenzierung	differenz ier ung
aufzählung	aufzählen ung
wechsler	wechseln er
verdaulichkeit	verdauen lich keit
hochschulabsolventin	hochschulabsolvent in
beschreibung	beschreiben ung
langbeinig	langbein ig
vizemeisterin	vizemeister in
kundin	kunde in
verfassungsgerichtlich	verfassungsgericht lich
akteurin	akteur in
multimediakünstlerin	multimediakünstler in
handwerker	handwerk er
filmhochschüler	filmhochschule er
rostig	rost ig
meinungsführerin	meinungsführer in
agrarwissenschaftlerin	agrarwissenschaft ler in
stückelung	stückeln ung
knochenmarkspender	knochenmarkspende er
heimarbeiter	heimarbeit er
ponyreiterin	ponyreiten er in
telefonistin	telefon isch ist in
gesetzlichkeit	gesetz lich keit
künstlerin	künstler in
lebensfeindlich	lebensfeind lich
versachlichung	ver sache lich ung
nachbearbeitung	nachbearbeiten ung
überspitzung	über spitz e ung
gefühlsseligkeit	gefühlsselig keit
filmheldin	filmheld in
filmjournalistin	filmjournalist in
bläserin	blase er in
verwaltung	verwalten ung
scherer	schere er
benutzbar	benutzen bar
tokioer	tokio er
sündig	sünde ig
käufer	kaufen er
staatsdichterin	staatsdichter in
chorleiterin	chorleiter in
kaffeepflücker	kaffeepflücken er
nachvollziehbar	nachvollziehen bar
großmütterlich	großmutter lich
nationalistin	nationale ist in
krampfig	krampf ig
bürgerin	bürgen in
großtanker	großtank er
magier	magie er
menschenfeindlich	menschenfeind lich
landessieger	landessieg er
sitzungspräsidentin	sitzungspräsident in
korruptionsanfälligkeit	korruptionsanfällig keit
pferdepflegerin	pferdepfleger in
schartig	scharte ig
freiberuflerin	freiberufler in
treuherzig	treuherz ig
meuchler	meucheln er
übersetzbar	übersetzen bar
mitfahrerin	mitfahren er in
bürgersöhnchen	bürgersohn chen
doppelspieler	doppelspiel er
kindergärtnerin	kindergarten er in
geistesgegenwärtig	geistesgegenwart ig
oldenburgerin	oldenburg er in
urgewaltig	urgewalt ig
aussprechbar	aussprechen bar
vergeudung	vergeuden ung
muttermörder	muttermord er
pfälzer	pfalz er
mönchengladbacher	mönchengladbach er
drogenbesitzer	drogenbesitz er
zigarrenraucher	zigarrenrauchen er
westbesucher	westbesuch er
erzeuger	erzeugen er
obdachloser	obdachlose n er
straftäterin	straftat er in
magdeburgerin	magdeburg er in
grenzenlos	grenzen e los
adelung	adeln ung
abhebung	abheben ung
schmähung	schmähen ung
partisanenkämpfer	partisanenkampf er
südöstlich	südost lich
stadtförster	stadtforst er
zeichnung	zeichnen ung
monatlich	monat lich
demeter	demet er
absteiger	absteigen er
frankensteiner	frankenstein er
erstligaspieler	erstligaspiel er
verankerung	verankern ung
familienähnlichkeit	familienähnlich keit
zürcherin	zürcher in
absendung	absenden ung
wettbewerbsschützer	wettbewerbsschutz er
biomediziner	biomedizin er
öffentlichkeitsarbeiter	öffentlichkeitsarbeit er
irrung	irren ung
kümmeltürkin	kümmeltürke in
schneelos	schnee los
verkehrung	verkehren ung
gewaltsamkeit	gewalt sam keit
ausbrecher	ausbrechen er
widerruflich	widerrufen lich
lageristin	lager ist in
mailänder	mailand er
erpressung	erpressen ung
eilfertigkeit	eilfertig keit
großmannsüchtig	großmannsucht ig
gefängniswärterin	gefängniswärter in
sexualberaterin	sexualberater in
drosselung	drosseln ung
köcher	kochen er
wegbegleiterin	wegbegleiter in
schlierseer	schliersee er
überreichlich	über reich lich
erntearbeiter	erntearbeit er
aktivistin	akt iv ist in
wirtschaftsministerin	wirtschaftsminister in
modellbauer	modellbau er
söhnchen	sohn chen
bauwirtschaftlich	bauwirtschaft lich
plasmaphysiker	plasmaphysik er
zwillingspärchen	zwillingspaar chen
stücklein	stück lein
blumig	blume ig
vornehmlich	vornehm lich
umweltgutachter	umweltgutachten er
herzlich	herz lich
gesetzgeberin	gesetzgeber in
panikmacher	panikmache er
ticketverkäufer	ticketverkauf er
rußig	rußen ig
friedrichshagener	friedrichshagen er
öffentlichkeitsreferentin	öffentlichkeitsreferent in
echterdinger	echterdingen er
landesjustizministerin	landesjustizminister in
schiedsrichterlich	schiedsrichter lich
ergötzung	ergötzen ung
waffenbauer	waffenbau er
kämpfer	kämpfen er
spielverderberin	spielverderber in
kostümbildnerin	kostümbildner in
religionsgeschichtlich	religionsgeschichte lich
räuber	rauben er
bietigheimer	bietigheim er
sozialrichterin	sozialrichter in
radiomacher	radiomachen er
halterin	halten er in
abenteurer	abenteuer er
steuerung	steuern ung
fettig	fetten ig
seelsorglich	seelsorge lich
kurzlebigkeit	kurzlebig keit
hektiker	hektik er
rechtsnachfolger	rechtsnachfolge er
sieder	siede er
melker	melken er
außenseiter	außenseite er
anilin	anil in
rodgauer	rodgau er
betriebswirtin	betriebswirt in
ortskundiger	ortskundige n er
schlosserin	schlosser in
kriegstreiberin	kriegstreiben er in
kühlung	kühlen ung
theaterautorin	theaterautor in
sündigen	sünde ig
deponierung	deponie ier ung
zollrechtlich	zollrecht lich
verproviantierung	verproviantieren ung
wiedererkennbarkeit	wiedererkennen bar keit
sinologin	sinologe in
verzichtspolitiker	verzichtspolitik er
fokker	fokke er
busfahrerin	busfahren er in
mutwillig	mutwille ig
unumgänglichkeit	un umgang lich keit
erzeugerin	erzeugen er in
leichtsinnig	leichtsinn ig
hinterlegung	hinterlegen ung
esin	ese in
zielstrebigkeit	zielstrebig keit
fleißig	fleiß ig
gegensätzlich	gegensatz lich
vikarin	vikar in
unwirtlichkeit	unwirtlich keit
geldzähler	geldzählen er
bockig	bocken ig
modulationsfähigkeit	modulationsfähig keit
kitzbüheler	kitzbühel er
prüfbar	prüfen bar
alin	ale in
jugendarbeiter	jugendarbeit er
beter	beten er
braunschweiger	braunschweig er
umweltingenieurin	umweltingenieur in
masselos	masse los
verteilerin	verteilen er in
fußballanhänger	fußballanhang er
norditaliener	norditalien er
verneigung	ver neige ung
sauerstofflos	sauerstoff los
wiederaufrichtung	wiederaufrichten ung
rückversicherer	rückversichern er
lederarbeiter	lederarbeit er
schwierigkeit	schwierig keit
australierin	australien er in
monopolisierung	monopol isier ung
modellierung	modell ier ung
überbevölkerung	überbevölkern ung
baumpflanzer	baumpflanzen er
geistlich	geist lich
schiffbauer	schiffbau er
umweglos	umweg los
kunsträuber	kunstraub er
verkaufsfähigkeit	verkaufsfähig keit
freischaltung	freischalten ung
vogelwärter	vogelwarten er
denkwürdigkeit	denkwürdig keit
erhaltung	erhalten ung
holzbänkchen	holzbank chen
freiberger	freiberg er
erfahrungslos	erfahren ung los
sendung	senden ung
militärpolitiker	militärpolitik er
kokapflanzer	kokapflanze er
laiendarstellerin	laiendarsteller in
managerin	managen er in
göppinger	göppingen er
lachszüchter	lachszucht er
beinsteiner	beinstein er
possierlichkeit	possierlich keit
heger	hege er
leiner	leine er
maurer	mauer er
zerstäuber	zer stäuben er
intrigantin	intrigant in
streuung	streuen ung
schönsein	schönsee in
universitätsprofessorin	universitätsprofessor in
bringer	bring er
werkzeugmaschinenbauer	werkzeugmaschinenbau er
internatsschüler	internatsschule er
zollamtlich	zollamt lich
zwischenzeitig	zwischenzeit ig
strafrichterin	strafrichter in
verdinglichen	ver ding lich
alper	alp er
bodendenkmalpfleger	bodendenkmalpflege er
stammtischpolitiker	stammtischpolitik er
nachzüchtung	nachzüchten ung
einstimmigkeit	einstimmen ig keit
transportfähigkeit	transportfähig keit
entscheidungsträgerin	entscheidungsträger in
betriebsärztlich	betriebsarzt lich
guerillakämpfer	guerillakampf er
versager	versagen er
abmessung	abmessen ung
patin	pate in
kabellos	kabel los
starrköpfig	starrkopf ig
beischläferin	beischlaf er in
tipper	tippen er
jungautorin	jungautor in
teehäuschen	teehaus chen
aufteilung	aufteilen ung
wehleidig	wehleid ig
brünstig	brunst ig
streifengänger	streifengang er
landräuber	landraub er
versenkung	versenken ung
programmchefin	programmchef in
banner	bannen er
schauspieler	schauspielen er
absetzung	absetzen ung
geschichtsstudentin	geschichtsstudent in
nordschleswiger	nordschleswig er
umweltwissenschaftlerin	umweltwissen schaft ler in
befürworter	befürworten er
zwischenkirchlich	zwischen kirche lich
unrichtigkeit	un richten ig keit
sittenwidrigkeit	sittenwidrig keit
unvorstellbar	un vorstellen bar
beachtlich	be acht lich
ravensburger	ravensburg er
freizeitsportlich	freizeitsport lich
stahlarbeiter	stahlarbeit er
kaltherzigkeit	kaltherzig keit
abhärtung	abhärten ung
spendung	spenden ung
einzelkläger	einzelklage er
vortrefflichkeit	vor trefflich keit
unrechtmäßigkeit	unrecht mäßig keit
wurstbrötchen	wurstbrot chen
arbeitswillig	arbeitswille ig
rücksichtslos	rücksicht los
grafiker	grafik er
nachzieher	nachziehen er
verfolger	verfolgen er
eßbarkeit	eßbar keit
lärmempfindlichkeit	lärmempfindlich keit
kriegsplaner	kriegsplan er
beantworter	be antwort er
lauenburger	lauenburg er
integrierung	integrieren ung
verschleppung	ver schleppe ung
faltbar	falten bar
trecker	treck er
mäßigkeit	mäßig keit
kraftwerksbauer	kraftwerksbau er
musikstudentin	musikstudent in
prozeßvertreterin	prozeßvertreter in
einbetonierung	einbetonieren ung
pflichtig	pflichten ig
wiederaufführung	wiederaufführen ung
heuchler	heucheln er
kulturbotschafter	kulturbotschaft er
sättigung	sättigen ung
ostarbeiter	ostarbeit er
ängstlichkeit	ängstlich keit
familienpflegerin	familienpflege er in
wasserläufer	wasserlauf er
pollenkörner	pollenkorn er
einsilbigkeit	einsilbig keit
schnapsgläschen	schnapsglas chen
anwenderfreundlichkeit	anwenderfreundlich keit
jugendturnerin	jugendturnen er in
hochverräter	hochverrat er
verkleidung	verkleiden ung
auslegung	auslegen ung
stellvertreter	stellvertreten er
vergeltung	vergelten ung
pflänzchen	pflanzen chen
verlustig	verlust ig
stecher	stechen er
zündung	zünden ung
linkshänderin	linkshänder in
bereicherung	bereichern ung
vereisung	vereisen ung
anteilig	anteilen ig
gesichtslos	gesicht los
rückversicherung	rückversichern ung
schreiner	schrein er
chefdesignerin	chefdesigner in
startläuferin	startläufer in
stattlich	statt lich
vermengung	vermengen ung
jugendbetreuerin	jugendbetreuer in
ermittlerin	ermitteln er in
entsorgung	entsorgen ung
entspannungspolitiker	entspannungspolitik er
hehlerin	hehl er in
notierung	notieren ung
magierin	magie er in
reinigen	rein e ig
untergliederung	untergliedern ung
ritterlich	ritt er lich
hündchen	hund chen
ellipsenförmig	ellipsenform ig
niederträchtig	niedertracht ig
notizbüchlein	notizbuch lein
telefonseelsorgerin	telefonseelsorge er in
friedchen	fried chen
verkettung	ver kette ung
öffentlichkeit	öffentlich keit
vertonung	ver ton ung
programmfüller	programmfülle er
neuhofer	neuhof er
konjunkturabhängigkeit	konjunkturabhängig keit
gießenerin	gießen er in
literaturprofessorin	literaturprofessor in
rathäuslich	rathaus lich
sonnenhütchen	sonnenhut chen
massenschlächter	massenschlacht er
erlöserin	erlösen er in
umgehung	umgehen ung
schwammigkeit	schwamm ig keit
nachbarlich	nachbar lich
übertariflich	über tarif lich
eheberaterin	eheberater in
extremistin	extrem ist in
richter	richten er
hitzköpfig	hitzkopf ig
ziehung	ziehen ung
wankelmütig	wankelmut ig
außenwirtschaftsrechtlich	außenwirtschaftsrecht lich
protektorin	protektor in
öffner	öffnen er
breslauerin	breslau er in
flugmediziner	flugmedizin er
hofheimer	hofheim er
ermutigung	ermutigen ung
präzedenzlos	präzedenz los
politiklehrerin	politiklehrer in
friedenswillig	friedenswille ig
merkbar	merken bar
tyrannin	tyrann in
pfläumchen	pflaume chen
marienburger	marienburg er
gewerkschaftsfunktionärin	gewerkschaftsfunktion är in
mitteilungsblättchen	mitteilungsblatt chen
ingenieurin	ingenieur in
ebenmäßigkeit	ebenmaß ig keit
großschreibung	großschreiben ung
machtteilhaber	machtteilhabe er
reizbar	reizen bar
zusammenziehung	zusammenziehen ung
fotojournalistin	fotojournalist in
parlamentssprecherin	parlamentssprecher in
beschränkung	beschränken ung
pflüger	pflug er
langweiler	langweilen er
wohnungseigentümerin	wohnungseigentum er in
landeskonservatorin	landeskonservator in
meter	mete er
nichtkenner	nichtkennen er
familienforscherin	familienforscher in
mutmaßung	mutmaßen ung
strafverteidigerin	strafverteidiger in
hager	hagen er
hingerichteter	hingerichtet e n er
nordin	nord in
fesselung	fesseln ung
punktlos	punkt los
flauschig	flausch ig
jamaikanerin	jamaika aner in
mehrkämpferin	mehrkampf er in
auflehnung	auflehnen ung
unterweisung	unterweisen ung
allgegenwärtigkeit	allgegenwart ig keit
hauptstädter	hauptstadt er
landesschatzmeisterin	landesschatzmeister in
verhärtung	ver hart e ung
sehnig	sehnen ig
einlieferer	einliefern er
kunstsammlerin	kunstsammler in
ungelenkig	un gelenk ig
hilfswillig	hilfswille ig
versetzung	versetzen ung
widersinnig	widersinn ig
kriegführer	kriegführen er
straflos	strafen los
politiker	politik er
öffnung	öffnen ung
verletzung	verletzen ung
langmütig	langmut ig
vertreterin	vertreten er in
bonnerin	bonne er in
tiergärtner	tiergarten er
sozialdemokratin	sozialdemokrat in
sozialhilfebedürftigkeit	sozialhilfebedürftig keit
polizeisprecherin	polizeisprecher in
klarinettistin	klarinette ist in
kritikfreudigkeit	kritikfreudig keit
unbrauchbarkeit	un brauchen bar keit
bejahung	bejahen ung
geltungssüchtig	geltungssucht ig
klatschreporterin	klatschreporter in
wissenschaftsgeschichtlich	wissenschaftsgeschichte lich
uneinlösbar	un einlösen bar
entziehung	entziehen ung
nebenberuflich	nebenberuf lich
korrektorin	korrektor in
armenier	armenien er
packerin	packen er in
konservierung	konserve ier ung
mißachtung	mißachten ung
augenoptiker	augenoptik er
kühltransporter	kühltransport er
handelspolitiker	handelspolitik er
trittbrettfahrer	trittbrettfahren er
tourismusunternehmer	tourismusunternehmen er
innenpolitiker	innenpolitik er
hehler	hehl er
gruppensieger	gruppensieg er
wundertätigen	wundertat ig
wehmütig	wehmut ig
zweitkandidatin	zweitkandidat in
erblindung	er blind ung
wiedereinsetzung	wiedereinsetzen ung
kopierbar	kopie ier bar
kriminalkommissarin	kriminalkommissar in
umsteiger	um steig er
hanauer	hanau er
norweger	norwegen er
bundessieger	bundessieg er
filmverleiher	filmverleih er
abfertigung	abfertigen ung
steigerbar	steigern bar
gartenbauschüler	gartenbauschule er
längenmäßig	längenmaß ig
lagerung	lagern ung
betriebswirtschaftsstudentin	betriebswirtschaftsstudent in
versöhnung	versöhnen ung
schaffner	schaffen er
bundesbauministerin	bundesbauminister in
vorjahresgewinner	vorjahresgewinn er
volksfeindlich	volksfeind lich
verewigung	ver ewig ung
wünschbarkeit	wünschen bar keit
verführerin	verführen er in
nobelpreisträgerin	nobelpreisträger in
aktivurlauber	aktivurlaub er
christofer	christof er
vollbeschäftigung	vollbeschäftigen ung
kubanerin	kuba aner in
umverteilung	umverteilen ung
beiläufigkeit	beiläufig keit
fahrradfahrerin	fahrradfahren er in
lehrerin	lehren er in
mehlig	mehl ig
turnierspieler	turnierspiel er
durchschlagskräftig	durchschlagskraft ig
festlich	fest e lich
fernsehmacher	fernsehmachen er
traktorfahrer	traktorfahren er
sportministerin	sportminister in
radfreundlich	radfreund lich
unheilbar	un heilen bar
würfelchen	würfel chen
skiflieger	skifliegen er
glückstädter	glückstadt er
linkshändigkeit	linkshändig keit
fußgängerin	fußgänger in
tunnelbauer	tunnelbau er
hühnchen	huhn chen
versucher	versuchen er
katastrophenschützer	katastrophenschutz er
sicherung	sichern ung
wiederherstellbar	wiederherstellen bar
nachkolorierung	nachkolorieren ung
kioskverkäufer	kioskverkauf er
abwechselung	abwechseln ung
findigkeit	findig keit
erbin	erbe in
sahin	sah in
aufdeckung	aufdecken ung
jugendschützer	jugendschutz er
täterin	tat er in
züchterin	züchten er in
bewässerung	bewässern ung
umwertung	um wert ung
düngung	düngen ung
handelsministerin	handelsminister in
dresdner	dresden er
ansehnlichkeit	ansehnlich keit
bundesstaatlich	bundesstaat lich
zueignung	zueignen ung
republikanerin	republik aner in
berufsrechtlich	berufsrecht lich
jauchzer	jauchzen er
herrscher	herrschen er
mietvertraglich	mietvertrag lich
klangmagier	klangmagie er
vermesser	vermessen er
passantin	passant in
naziverbrecher	naziverbrechen er
friedrichsdorfer	friedrichsdorf er
rechtsinhaberin	rechtsinhaber in
erheblich	erheben lich
ausländerfeindlichkeit	ausländerfeind lich keit
fernsehtechniker	fernsehtechnik er
märchenerzählerin	märchenerzählen er in
zerrung	zerren ung
armseligkeit	armselig keit
wägelchen	wägen chen
gesundheitssenatorin	gesundheitssenator in
nordseefischer	nordseefisch er
obergerichtlich	obergericht lich
entscheidungsfähigkeit	entscheidungsfähig keit
kranzberger	kranzberg er
fortpflanzungsmediziner	fortpflanzungsmedizin er
weiterfinanzierung	weiterfinanzieren ung
gewinnträchtigkeit	gewinnträchtig keit
finalsieger	finalsieg er
alphastrahler	alphastrahl er
türker	türke er
abschleppunternehmer	abschleppunternehmen er
designerin	design er in
geheimhaltungsbedürftigkeit	geheimhaltungsbedürftig keit
rastplätzchen	rastplatz chen
rentenexpertin	rentenexperte in
gewährung	gewähren ung
speicherung	speichern ung
befremdlich	befremden lich
investmentbanker	investmentbank er
ermöglichung	ermöglichen ung
überbeanspruchung	überbeanspruchen ung
schneeberger	schneeberg er
kriminalisierung	kriminal isier ung
berufspraktikantin	berufspraktikant in
kosmetiker	kosmetik er
forschungspolitiker	forschungspolitik er
rotter	rotte er
sever	seven er
kreisarchäologin	kreisarchäologe in
gebirgig	gebirge ig
binnenwirtschaftlich	binnenwirtschaft lich
zerschmetterung	zerschmettern ung
sanktionslos	sanktion los
vollzeitig	vollzeit ig
gesundheitsurlauber	gesundheitsurlaub er
hausherrin	hausherr in
sachsenhauser	sachsenhausen er
steinbauer	steinbau er
vermählung	vermählen ung
pfleger	pflegen er
ereignislos	ereignis los
ganztagsschüler	ganztagsschule er
auffindung	auffinden ung
gutachterin	gutachten er in
hainburger	hainburg er
algerier	algerien er
hobbygärtnerin	hobbygärtner in
mäntelchen	mantel chen
unappetitlich	un appetit lich
eindeckung	eindecken ung
anschauung	anschauen ung
diener	dienen er
regenerierung	regenerieren ung
nichtarbeitslos	nichtarbeit los
gesinnungsgenossin	gesinnungsgenosse in
gefügigkeit	ge fuge keit
koalitionspolitiker	koalitionspolitik er
kontaktfähigkeit	kontaktfähig keit
unfruchtbar	un fruchten bar
ausnahmeathletin	ausnahmeathlet in
widerstandsfähigkeit	widerstandsfähig keit
lokalisierung	lokal isier ung
beflaggung	beflaggen ung
vergeistigung	ver geist ig ung
sänger	sang er
falter	falten er
gerichtspräsidentin	gerichtspräsident in
vorauszahlung	vorauszahlen ung
auflassung	auflassen ung
beschwerlich	be schwer lich
genferin	genf er in
rechtsgültigkeit	rechtsgültig keit
sprachgeschichtlich	sprachgeschichte lich
zwickauer	zwickau er
zurückstellung	zurückstellen ung
hauptverursacherin	hauptverursacher in
einstellung	einstellen ung
erneuerungsfähigkeit	erneuerungsfähig keit
regung	regen ung
drogenpolitiker	drogenpolitik er
artgenossin	artgenosse in
restauratorin	restaurator in
achtundsechziger	achtundsechzig er
drogensüchtig	drogensucht ig
verinnerlichung	ver inner e lich ung
anzeigenverkäufer	anzeigenverkauf er
gegnerin	gegner in
tröger	trog er
feministin	feminist in
beatmung	beatmen ung
rechtsnachfolgerin	rechtsnachfolge er in
schächter	schacht er
pfandleiherin	pfandleihe er in
einkaufbar	einkaufen bar
lateinlehrerin	lateinlehrer in
zinker	zinke er
oehler	oehl er
marketenderin	marketender in
unehelich	un ehe lich
mitbewohnerin	mitbewohner in
köpper	kopp er
schafscherer	schafscheren er
rollstuhlfahrerin	rollstuhlfahren er in
terminplaner	terminplan er
motorenbauer	motorenbau er
oberhofer	oberhof er
europaministerin	europaminister in
eingruppierung	eingruppieren ung
haushaltswirtschaftlich	haushaltswirtschaft lich
wahrung	wahren ung
gestaltung	gestalten ung
korrespondentin	korrespondent in
aufstellung	aufstellen ung
hafenarbeiter	hafenarbeit er
blockierer	block ier er
josefin	josef in
mediziner	medizin er
konfessionsloser	konfessionslose n er
röttger	röttgen er
jungfräulich	jungfrau lich
abflachung	abflachen ung
rückhaltlos	rückhalt los
nachdichter	nach dicht er
osterurlauber	osterurlaub er
gesamtstaatlich	gesamtstaat lich
bürgermeisterstellvertreterin	bürgermeisterstellvertreter in
bedeutsamkeit	bedeuten sam keit
hauswirtschafter	hauswirt schaft er
montäglich	montag lich
beilegung	beilegen ung
zuckerrohrschneider	zuckerrohrschneiden er
thailänderin	thailand er in
lächerlichkeit	lächerlich keit
pelzträgerin	pelzträger in
vatermörder	vatermord er
verstauchung	verstauchen ung
waldbaulich	waldbau lich
propagandistin	propaganda ist in
möbeldesigner	möbeldesign er
geistesarbeiter	geistesarbeit er
kastanienwäldchen	kastanienwald chen
neuzeller	neuzelle er
sühnung	sühnen ung
aussetzung	aussetzen ung
psychologin	psychologe in
wissensdurstig	wissensdurst ig
vergeblich	vergeben lich
klinkenputzer	klinkenputzen er
lebenstüchtigkeit	lebenstüchtig keit
parteireformer	parteireform er
überschwenglichkeit	überschwenglich keit
gewaltverbrecher	gewaltverbrechen er
punktsieger	punktsieg er
verkapselung	ver kapsel ung
schahin	schah in
schwerstpflegebedürftigkeit	schwerstpflegebedürftig keit
meineidig	meineid ig
fürsorglichkeit	fürsorge lich keit
freikirchlich	freikirche lich
begehung	begehen ung
brackig	brack ig
verlagslektorin	verlagslektor in
buchbinder	buchbinden er
baumgartner	baumgarten er
beständigkeit	beständig keit
pflanzenschützer	pflanzenschutz er
saitenwürstchen	saitenwurst chen
industriestädtchen	industriestadt chen
ausreisepflichtig	ausreisepflicht ig
beschwörung	beschwören ung
endlich	ende lich
nachmessung	nachmessen ung
ehrensenatorin	ehrensenator in
özer	özen er
körbchen	korb chen
farbdrucker	farbdruck er
frauenfreundlich	frauenfreund lich
buchenwäldchen	buchenwald chen
kurdenpolitiker	kurdenpolitik er
wölbung	wölben ung
viertplazierter	viertplazierte n er
altmeisterlich	altmeister lich
uneigennützigkeit	un eigennutz ig keit
hersteller	herstellen er
konzeptkünstlerin	konzeptkunst ler in
syrer	syr er
passierbar	passieren bar
namensgeberin	namensgeber in
darstellerin	darstellen er in
absonderlich	absondern lich
rückenschwimmer	rückenschwimmen er
fürstlichkeit	fürst lich keit
gefängnisinsassin	gefängnisinsasse in
aufwendung	aufwenden ung
senkrechtstarterin	senkrechtstart er in
schächtelchen	schachtel chen
königshofer	königshof er
vorturnerin	vorturnen in
sparwillig	sparwille ig
gegenkandidatin	gegenkandidat in
kirchenmusiker	kirchenmusik er
einfügung	einfügen ung
fallschirmspringer	fallschirmspringen er
verbraucherin	verbrauchen er in
schmerzunempfindlichkeit	schmerzunempfindlich keit
spitzenpolitiker	spitzenpolitik er
chefbuchhalterin	chefbuchhalter in
kinderärztlich	kinderarzt lich
dämpfer	dämpfen er
mosbacher	mosbach er
verleumdung	verleumden ung
unternehmensrechtlich	unternehmensrecht lich
ergebung	ergeben ung
unterspannung	unterspannen ung
übernehmer	übernehmen er
eiförmig	eiform ig
ausheilung	aus heil ung
leserin	lese er in
objektlos	objekt los
professorin	professor in
äthiopierin	äthiopien er in
höflichkeit	hof lich keit
giebelhäuschen	giebelhaus chen
klärung	klären ung
gemütlich	gemüt lich
teepflanzer	teepflanze er
überfreundlich	über freund lich
professionalisierung	professional isier ung
betonhäuschen	betonhaus chen
schneckenhäuschen	schneckenhaus chen
tragödin	tragöde in
missetäter	missetat er
familiensenatorin	familiensenator in
lohnbuchhalterin	lohnbuchhalter in
denkerin	denker in
ständestaatlich	ständestaat lich
kirchenbauer	kirchenbau er
schönberger	schönberg er
insektenforscherin	insektenforscher in
heidelberger	heidelberg er
wirkungsmächtig	wirkungsmacht ig
ligaspieler	ligaspiel er
borbecker	borbeck er
ehrfurchtslos	ehrfurcht los
steuerexpertin	steuerexperte in
unhandlich	un hand lich
leipzigerin	leipzig er in
vermehrung	ver mehr ung
festbesucherin	festbesucher in
verfolgung	verfolgen ung
heillos	heil los
zähringer	zähringen er
hauptkassiererin	hauptkassierer in
rüsselsheimerin	rüsselsheim er in
cottbuser	cottbus er
architekturgeschichtlich	architekturgeschichte lich
gewerkschaftlerin	gewerkschaft ler in
demütigen	demut ig
gästespielerin	gästespieler in
heiligenhäuschen	heiligenhaus chen
materielos	materie los
unterhaltungsmusiker	unterhaltungsmusik er
hochschulpräsidentin	hochschulpräsident in
knackig	knacken ig
zentralörtlich	zentralort lich
verätzung	verätzen ung
grenzwächter	grenzwacht er
kicker	kicken er
ernüchterung	ernüchtern ung
märtyrerin	märtyrer in
häufigkeit	häufen ig keit
suchtabhängigkeit	suchtabhängig keit
verstädterung	verstädtern ung
richtig	richten ig
anwaltsgehilfin	anwaltsgehilfe in
bildkräftig	bildkraft ig
kunstfreundin	kunstfreund in
anpassungsfähigkeit	anpassungsfähig keit
gegenständlichkeit	gegenstand lich keit
sozialversicherungsrechtlich	sozialversicherungsrecht lich
vertilgung	vertilgen ung
ausländerfreundlich	ausländerfreund lich
amtsvorsteherin	amtsvorsteher in
miniaturisierung	miniatur isier ung
hildesheimer	hildesheim er
denkmalrechtlich	denkmalrecht lich
dompfarrer	dompfarre er
vormundschaftsgerichtlich	vormundschaftsgericht lich
walschützer	walschutz er
skizzierung	skizze ier ung
zwielichtig	zwielicht ig
operationsfähigkeit	operationsfähig keit
nachdenklicher	nachdenklichen er
fremdarbeiterin	fremdarbeit er in
fliegerin	fliegen er in
lüneburger	lüneburg er
erstürmung	erstürmen ung
kränzchen	kranz chen
einbeinig	einbein ig
gesundheitsstaatssekretärin	gesundheitsstaatssekretär in
wachschützer	wachschutz er
entledigung	entledigen ung
pflegerin	pflegen er in
reinwaschung	reinwaschen ung
ökotester	ökotest er
vizepräsidentin	vizepräsident in
grimmig	grimm e ig
hausärztlich	hausarzt lich
tanzlustig	tanzlust ig
stadtratskandidatin	stadtratskandidat in
fehlbesetzung	fehlbesetzen ung
berner	bern er
fängerin	fangen in
sommersprossig	sommersprosse ig
biochemikerin	biochemiker in
länderkundlich	länderkunde lich
kachelofenbauer	kachelofenbau er
zertrümmerung	zer trümmer ung
abriegelung	abriegeln ung
steinhäger	steinhagen er
fettnäpfchen	fettnapf chen
selbstsüchtig	selbstsucht ig
menschheitsgeschichtlich	menschheitsgeschichte lich
störanfälligkeit	störanfällig keit
kurzsichtig	kurzsicht ig
anschuldigung	anschuldigen ung
starter	starten er
versicherungsbetrüger	versicherungsbetrug er
parlamentskollegin	parlamentskollege in
häuserkämpfer	häuserkampf er
umtauschbar	um tausch bar
romin	rom in
bedenklich	bedenken lich
busenfreundin	busenfreund in
enkelin	enkel in
unersetzbar	un ersetzen bar
wohnungslos	wohnen ung los
schellenberger	schellenberg er
zoobesucher	zoobesuch er
fortschrittsgläubig	fortschrittsglaube ig
steinbrunner	steinbrunnen er
nervlich	nerv lich
pappschächtelchen	pappschachtel chen
packer	packen er
handlichkeit	hand lich keit
freiheitlich	frei heit lich
schmalspurig	schmalspur ig
rückbezüglich	rückbezug lich
petersburger	petersburg er
pharmakologin	pharmakologe in
krankenversicherungspflichtig	krankenversicherungspflicht ig
erlangung	erlangen ung
widerspruchslos	widerspruch los
pfarrerlos	pfarre er los
koordinierung	koordinieren ung
gravierung	gravieren ung
reformpolitiker	reformpolitik er
hochschuldozentin	hochschuldozent in
verlosung	verlosen ung
pfeiferaucher	pfeiferauchen er
vorstadthäuschen	vorstadthaus chen
stammeskrieger	stammeskrieg er
unzüchtig	un züchten ig
albstädter	albstadt er
nebenklägerin	nebenklage er in
gewerkschaftsaktivistin	gewerkschaftsaktivist in
michelstädter	michelstadt er
selbstmitleidig	selbstmitleid ig
legalisierung	legale isier ung
schalung	schalen ung
weiterwanderung	weiterwandern ung
küchengehilfin	küchengehilfe in
zimmervermieterin	zimmervermieter in
lehrgangsleiterin	lehrgangsleiter in
klassenverräter	klassenverrat er
tagesbesucher	tagesbesuch er
teiler	teilen er
reparaturfreundlichkeit	reparaturfreundlich keit
bauwerker	bauwerk er
rationalisierung	rationale isier ung
krakauer	krakau er
ressortchefin	ressortchef in
bedienungsfreundlichkeit	bedienungsfreundlich keit
programmierer	programm ier er
unwirtschaftlich	un wirtschaften lich
nötigung	nötigen ung
verbrüderung	ver bruder ung
meßbarkeit	meßbar keit
serienheldin	serienheld in
fremdbestimmung	fremdbestimmen ung
kinobesucher	kinobesuch er
eistänzer	eistanzen er
tränkung	tränken ung
kölnerin	köln er in
konstanzerin	konstanze er in
kioskverkäuferin	kioskverkauf er in
aktivierung	akt iv e ier ung
überbringung	über bring ung
herrichtung	herrichten ung
lieferer	liefern er
haarig	haaren ig
hälmchen	halm chen
gesprächigkeit	gespräch ig keit
vergällung	vergällen ung
ideologin	ideologe in
zeitfahrer	zeitfahren er
überdeutlichkeit	über deutlich keit
ernstlich	ernst lich
godesberger	godesberg er
räumung	räumen ung
hauswirtschafterin	hauswirt schaft er in
reformer	reform er
schwarzarbeiterin	schwarzarbeiten in
garnierung	garn ier ung
redakteurin	redakteur in
westpolitiker	westpolitik er
glücklos	glück los
vermarktbar	ver markt bar
gutsherrlich	gutsherr lich
verwitterung	verwittern ung
projektmitarbeiterin	projektmitarbeiter in
ringelschwänzchen	ringelschwanz chen
etablierung	etablieren ung
verseuchung	ver seuche ung
harheimer	harheim er
bausenatorin	bausenator in
lebensweltlich	lebenswelt lich
unanständigkeit	un anständig keit
zündhölzchen	zündholz chen
ausnützung	ausnützen ung
germanistikprofessorin	germanistikprofessor in
bestattungsunternehmer	bestattungsunternehmen er
grabungstechniker	grabungstechnik er
reservistin	reserve ist in
schleusung	schleusen ung
kirchgänger	kirchgang er
fachgutachter	fachgutachten er
werfer	werfen er
wesselin	wessel in
studienabsolventin	studienabsolvent in
wirksamkeit	wirksam keit
veränderbar	verändern bar
ankündigung	ankündigen ung
isolierung	isolieren ung
gesundheitsministerin	gesundheitsminister in
fernsehregisseurin	fernsehregisseur in
brüsseler	brüssel er
akin	ake in
tüchlein	tuch lein
franzensbader	franzensbad er
streicher	streichen er
folgenlos	folgen e los
lokalblättchen	lokalblatt chen
mystiker	mystik er
staatsbürgerin	staatsbürger in
perfektionistin	perfektion ist in
lehramtsstudentin	lehramtsstudent in
begegnung	begegnen ung
kirchenpfleger	kirchenpflege er
offenlegung	offenlegen ung
ostschweizer	ostschweiz er
unterminierung	unterminieren ung
neustifter	neustift er
übermalung	über mal ung
taubenzüchter	taubenzucht er
fechterin	fechten er in
vollzugshelferin	vollzugshelfer in
landeshauptstädter	landeshauptstadt er
geschäftsleiterin	geschäftsleiter in
gottgefälligkeit	gottgefällig keit
wiederentstehung	wiederentstehen ung
wildbader	wildbad er
wiedereingliederung	wiedereingliedern ung
sachbuchautorin	sachbuchautor in
rasenmäher	rasenmähen er
seniorenbetreuerin	seniorenbetreuer in
parapsychologin	parapsychologe in
kurzweilig	kurzweil ig
bundestrainerin	bundestrainer in
wohnungsinhaberin	wohnungsinhaber in
garmischer	garmisch er
balkongärtner	balkongarten er
anklägerin	anklagen er in
zehntausender	zehntausend er
rotkreuzhelferin	rotkreuzhelfer in
waldhofer	waldhof er
hindernisläufer	hindernislauf er
bußfertigkeit	bußfertig keit
kassiererin	kassieren er in
kerntechniker	kerntechnik er
stiernackig	stiernacken ig
staatsministerin	staatsminister in
logistiker	logistik er
schwächung	schwächen ung
ernährungsberaterin	ernährungsberater in
nachversteuerung	nachversteuern ung
gerüstbauer	gerüstbau er
salonfähigkeit	salonfähig keit
allgäuerin	allgäu er in
winterurlauber	winterurlaub er
näherin	nähen e er in
schmittlein	schmitt lein
charlottenburgerin	charlottenburg er in
tauscher	tausch er
sportpolitiker	sportpolitik er
dreifaltigkeit	dreifaltig keit
pflanzlich	pflanzen lich
gelenkigkeit	gelenk ig keit
belüftung	belüften ung
golfspieler	golfspiel er
suppig	suppe ig
randlos	rand los
wirtschaftsprofessorin	wirtschaftsprofessor in
marionettenspieler	marionettenspiel er
eigenartigkeit	eigenart ig keit
ausläufer	auslauf er
negierung	negieren ung
steuerfachgehilfin	steuerfachgehilfe in
lutzer	lutz er
dickköpfig	dickkopf ig
nachdrücklich	nachdruck lich
aussiedler	aussiedeln er
untertänigkeit	untertane ig keit
silberhaarig	silberhaar ig
scharrer	scharre er
tunesier	tunesien er
fremdenfeindlichkeit	fremdenfeind lich keit
luftschiffer	luftschiff er
klanglich	klang lich
nachehelich	nach ehe lich
altenstädter	altenstadt er
liebenzeller	liebenzell er
verbauung	verbauen ung
obermeisterin	obermeister in
einschulung	einschulen ung
schotter	schotten er
verglasung	ver glas ung
unterhaltspflichtig	unterhaltspflicht ig
schnellstarter	schnellstart er
zurücklassung	zurücklassen ung
ebersberger	ebersberg er
kunsthandwerkerin	kunsthandwerk er in
ortenberger	ortenberg er
muttersprachlich	muttersprache lich
unmerklich	un merken lich
flossenbürger	flossenburg er
müller	mull er
niedrigkeit	niedrig keit
unterteilbar	unterteilen bar
unfaßlich	un faß lich
vogelmännchen	vogelmann chen
klavierschüler	klavierschule er
masochistin	masochist in
schöpfung	schöpfen ung
kritikfähigkeit	kritikfähig keit
schuldnerberaterin	schuldnerberater in
baströckchen	bastrock chen
komiker	komik er
maserung	masern ung
männerlos	mann los
lateinschüler	lateinschule er
befürchtung	befürchten ung
herrin	herr in
lässigkeit	lässig keit
erschwerung	erschweren ung
peinlichkeit	peinlich keit
rotschwänzchen	rotschwanz chen
zustimmung	zustimmen ung
kaltblütigkeit	kaltblut ig keit
vereinbarung	vereinbaren ung
kurpfälzer	kurpfalz er
burgenbauer	burgenbau er
finnin	finne in
versiegelung	ver siegel ung
textildesignerin	textildesign er in
journalistenschüler	journalistenschule er
visualisierung	visual isier ung
mahler	mahl er
dilettantin	dilettant in
abwegigkeit	abweg ig keit
solistin	solist in
datentechniker	datentechnik er
klotzig	klotzen ig
sinsheimer	sinsheim er
kräftigung	kräftigen ung
vielfarbigkeit	vielfarbig keit
winkelig	winkel ig
insiderin	insider in
täuber	taube er
unternehmensberaterin	unternehmensberater in
vortänzerin	vortanzen in
anpflanzung	anpflanzen ung
umstellung	umstellen ung
hanifin	hanife in
rotterdamer	rotterdam er
wahlbetrüger	wahlbetrug er
tierfänger	tierfang er
begleiter	begleiten er
selbstmörderin	selbstmord er in
kriegerin	krieg er in
abstellung	abstellen ung
gastschülerin	gastschüler in
ungemütlich	un gemüt lich
baumschützer	baumschutz er
altmeisterin	altmeister in
ehrengerichtlich	ehrengericht lich
eckerlein	eck er lein
gesamtsiegerin	gesamtsieg er in
klassenfeindlich	klassenfeind lich
altenseelsorger	altenseelsorge er
versicherungsvertreterin	versicherungsvertreter in
einspritzung	einspritzen ung
traditionslos	tradition los
tagwerker	tagwerk er
austragung	austragen ung
arbeitslos	arbeit los
verräuchern	ver rauchen er
vermieterin	vermieten er in
erbaulich	erbauen lich
schwätzchen	schwatz chen
wintertauglichkeit	wintertauglich keit
besatzungsrechtlich	besatzungsrecht lich
jugendpolitiker	jugendpolitik er
straßenkämpfer	straßenkampf er
leerung	leeren ung
nachwuchsschauspielerin	nachwuchsschauspieler in
verteidigungsplaner	verteidigungsplan er
parteienkritiker	parteienkritik er
beweglichkeit	bewegen lich keit
verpflanzung	ver pflanzen e ung
testamentsvollstreckerin	testamentsvollstrecker in
derbysieger	derbysieg er
ersatzspielerin	ersatzspieler in
begnadigung	begnadigen ung
ablegung	ablegen ung
steuerrechtlich	steuerrecht lich
astrologin	astrologe in
glückssucher	glückssuche er
provinzstädtchen	provinzstadt chen
roggenbrötchen	roggenbrot chen
kreuzigung	kreuz ig ung
lokalpolitikerin	lokalpolitik er in
ablehner	ablehnen er
abfassung	abfassen ung
reformbedürftigkeit	reformbedürftig keit
steuerungsfähigkeit	steuerungsfähig keit
rückstandslos	rückstand los
hallenberger	hallenberg er
wohnungsbesitzer	wohnungsbesitz er
folgsamkeit	folgen sam keit
arzthelferin	arzthelfer in
türsteherin	türsteher in
forellenzüchter	forellenzucht er
normung	normen ung
zäunchen	zaun chen
steuerberaterin	steuerberater in
theoriefeindlichkeit	theoriefeindlich keit
wohlgefälligkeit	wohlgefallen ig keit
denkmalschützer	denkmalschutz er
walter	walt er
linzer	linz er
blaublütig	blaublut ig
breitenbrunner	breitenbrunn er
helmer	helm er
kanzlerin	kanzler in
tagungsleiterin	tagungsleiter in
verelendung	ver elend ung
gesundheitsberaterin	gesundheitsberater in
ersetzung	ersetzen ung
kaputtmacher	kaputtmachen er
vorführer	vorführen er
tricktechniker	tricktechnik er
kirchberger	kirchberg er
polizeistaatlich	polizeistaat lich
untertänig	untertane ig
höcker	hocken er
kartin	karte in
entwicklungspsychologin	entwicklungspsychologe in
bewußtlos	bewußte los
köfferchen	koffer chen
arbeiterin	arbeiten er in
aufschüttung	aufschütten ung
kutscher	kutsche er
undurchsichtigkeit	un durchsicht ig keit
feierlich	feier lich
fristlos	frist los
heroin	hero in
archivpfleger	archivpflege er
hainer	hae in er
schachspielerin	schachspielen er in
neubrandenburgerin	neubrandenburg er in
verfechterin	verfechten in
kanzlerkandidatin	kanzlerkandidat in
haustechniker	haustechnik er
verkehrsrechtlich	verkehrsrecht lich
landarbeiter	landarbeit er
darlegung	darlegen ung
verbildlichen	ver bild lich
armeesprecherin	armeesprecher in
gleichmacher	gleichmachen er
bangkoker	bangkok er
unabsichtlich	un absicht lich
dienerin	dienen er in
handlungsfähigkeit	handlungsfähig keit
pfefferkörner	pfefferkorn er
einstufig	einstufen ig
wellenreiter	wellenreiten er
wahrnehmbarkeit	wahrnehmen bar keit
eingliederung	eingliedern ung
aberwitzigkeit	aberwitz ig keit
bananenförmig	bananenform ig
erwerbsunfähigkeit	erwerbsunfähig keit
balltreter	balltreten er
aufregung	aufregen ung
finder	finden er
filmgeschichtlich	filmgeschichte lich
einzelbetrieblich	einzelbetrieb lich
gemahlin	gemahl in
kunstprofessorin	kunstprofessor in
wertlos	wert los
deckmäntelchen	deckmantel chen
kinderschützer	kinderschutz er
entbehrlichkeit	entbehren lich keit
mannigfaltigkeit	mannigfaltig keit
vollziehung	vollziehen ung
geschlechtsgenossin	geschlechtsgenosse in
zähler	zahl er
umarmung	umarmen ung
bemessung	bemessen ung
berufsunfähigkeit	berufsunfähig keit
unredlich	un reden lich
unartig	unart ig
rheinländer	rheinland er
reinberger	reinberg er
asylbewerberin	asylbewerber in
simin	sime in
nacheiszeitlich	nacheiszeit lich
waldbauer	waldbau er
torsteherin	torsteher in
einwerbung	einwerben ung
sterilisierung	steril e isier ung
melancholikerin	melancholiker in
kunstkritikerin	kunstkritik er in
mitteleuropäerin	mitteleuropäer in
eigenartig	eigenart ig
zusammenhanglos	zusammenhang los
beschädigung	beschädigen ung
festigen	fest e ig
dudelsackpfeifer	dudelsackpfeife er
drucklos	drucken los
rechnerin	rechnen er in
störung	stören ung
sektenführerin	sektenführer in
frontkämpfer	frontkampf er
hauptverbrecher	hauptverbrechen er
kleintierzüchter	kleintierzucht er
kulturarbeiter	kulturarbeit er
geldfälscher	geldfälschen er
unglücklich	unglück lich
klassenlehrerin	klassenlehrer in
generalisierung	generalisieren ung
erringung	erringen ung
finanzchefin	finanzchef in
bereifung	bereifen ung
schiller	schill er
skandinavier	skandinavien er
unternehmungslustig	unternehmungslust ig
ostberliner	ostberlin er
kunstschüler	kunstschule er
machtgierig	machtgier ig
bundeseinheitlich	bundeseinheit lich
haller	hall er
täter	tat er
veranschlagung	veranschlagen ung
kulturanthropologin	kulturanthropologe in
waggonbauer	waggonbau er
langwellig	langwelle ig
pathologin	pathologe in
siegelsberger	siegelsberg er
machtpolitikerin	machtpolitik er in
theoretikerin	theoretiker in
hauseigentümerin	hauseigentum er in
gehirnlos	gehirn los
nordspanier	nordspanien er
fachlich	fach lich
futterhäuschen	futterhaus chen
schwarzbrenner	schwarzbrennen er
frühmittelalterlich	frühmittelalter lich
metrofahrer	metrofahren er
symbolisierung	symbol isch isier ung
vieldeutigkeit	vieldeutig keit
amtskollegin	amtskollege in
realisierbarkeit	real isier bar keit
zuversichtlich	zuversicht lich
tierzüchter	tierzucht er
einzelspieler	einzelspiel er
bedachung	bedachen ung
veränderung	verändern ung
erschießung	erschießen ung
betäubung	betäuben ung
späher	spähen er
verkehrszähler	verkehrszahl er
fensterlein	fenster lein
abspaltung	abspalten ung
bundesvorstandssprecherin	bundesvorstandssprecher in
einwendung	einwenden ung
bläulich	blau e lich
verkehrsmediziner	verkehrsmedizin er
brückenbauer	brückenbauen er
wartepflichtig	wartepflicht ig
leidensgenossin	leidensgenosse in
terroristin	terror ist in
gastkünstlerin	gastkünstler in
vereinslos	verein los
frühaufsteherin	frühaufstehen er in
rückgängig	rückgang ig
sodener	soden er
kompromißlos	kompromiß los
amtsnachfolgerin	amtsnachfolge er in
ungültigkeit	un gültig keit
giftmörder	giftmord er
tanzfreudig	tanzfreude ig
albanier	albanien er
phrasierung	phrase ier ung
ermahnung	ermahnen ung
heilsgeschichtlich	heilsgeschichte lich
unentwirrbar	un entwirren bar
berichterstatterin	berichterstatten er in
einordnung	einordnen ung
tatsächlichkeit	tatsächlich keit
höherwertigkeit	höherwertig keit
abendschüler	abendschule er
hinterhältigkeit	hinterhalten ig keit
internationalisierung	internationale isier ung
tatverdächtig	tatverdacht ig
vergegenständlichung	ver gegenstand lich ung
aufsichtsbehördlich	aufsichtsbehörde lich
berücksichtigung	berücksichtigen ung
regelung	regeln ung
feinmechanikerin	feinmechanik er in
entthronung	entthronen ung
marktleiterin	marktleiter in
undankbar	un danken bar
schäfer	schaf er
restlos	rest los
weinsberger	weinsberg er
drohung	drohen ung
kupplerin	kuppler in
zermartern	zer marte er
folterer	foltern er
spartanerin	sparta aner in
immigrantin	immigrant in
ausführer	ausführen er
messestädter	messestadt er
göttlichkeit	gott lich keit
wirtschaftsfeindlichkeit	wirtschaftsfeindlich keit
denkmalsschützer	denkmalsschutz er
torwärter	torwart er
federung	federn ung
weberin	web er in
pharmazeutin	pharmazeut in
natürlichkeit	natürlich keit
sexsüchtig	sexsucht ig
filmkünstlerin	filmkunst ler in
fußpflegerin	fußpflege er in
ingelheimer	ingelheim er
verleihung	verleihen ung
veränderungswillig	veränderungswille ig
vorkämpferin	vorkämpfer in
offenbarung	offenbaren ung
industriemeisterin	industriemeister in
vernichtung	ver nichte ung
umschließung	umschließen ung
landarbeiterin	landarbeit er in
stellungslos	stellung los
liebeslustig	liebeslust ig
offenherzigkeit	offenherzig keit
konfessionslos	konfession los
pforzheimerin	pforzheim er in
geringschätzung	geringschätzen ung
freibadbesucher	freibadbesuch er
neubrandenburger	neubrandenburg er
nacherfassung	nacherfassen ung
nebenamtlich	nebenamt lich
stiefväterlich	stiefvater lich
fürsprecherin	fürsprecher in
zusammenhangslos	zusammenhang los
hohensteiner	hohenstein er
kuchenbäcker	kuchenbacken er
friedenscamper	friedenscamp er
verfemung	ver feme ung
südtirolerin	südtirol er in
verhandlungsfähigkeit	verhandlungsfähig keit
klimaschützer	klimaschutz er
starnberger	starnberg er
eigenwillig	eigenwille ig
arbeitsschutzrechtlich	arbeitsschutzrecht lich
josephin	joseph in
heilpädagogin	heilpädagoge in
nachqualifizierung	nachqualifizieren ung
schattenkönigin	schattenkönig in
arzneimittelrechtlich	arzneimittelrecht lich
ervin	erve in
markierung	markieren ung
abonnentin	abonnent in
virtuosin	virtuose in
zärtlichkeit	zärtlich keit
überprüfer	überprüfen er
zwangsarbeiter	zwangsarbeit er
demilitarisierung	demilitarisieren ung
zugig	zug ig
streitigkeit	streiten ig keit
heftigkeit	heftig keit
jakober	jakob er
verbürgerlichen	ver bürgen lich
segelfliegerin	segelfliegen er in
bürgerrechtlich	bürgerrecht lich
ungleichmäßig	un gleichmaß ig
tabakanbauer	tabakanbau er
stadttürmer	stadtturm er
einhelligkeit	einhellig keit
bratschistin	bratsche ist in
platzanweiserin	platzanweiser in
weltmarktfähigkeit	weltmarktfähig keit
berührung	berühren ung
parkplatzsucher	parkplatzsuche er
ratifizierung	ratifizieren ung
verklebung	ver klebe ung
nordkoreanerin	nordkorea aner in
privatschülerin	privatschule er in
fertigkeit	fertig keit
schlachtenbummlerin	schlachtenbummler in
überdachung	über dach ung
ortsansässigkeit	ortsansässig keit
langweiligkeit	langweilen ig keit
unvorsichtig	un vorsicht ig
glaubenskrieger	glaubenskrieg er
nutzbarkeit	nutzen bar keit
regenbogenfarbig	regenbogenfarbe ig
wurmig	wurmen ig
wasserlos	wasser los
beisetzung	beisetzen ung
kärglichkeit	kärglich keit
erlöser	erlösen er
gemüseverkäufer	gemüseverkauf er
verpackung	verpacken ung
stetigkeit	stet e ig keit
lebensabschnittsgefährtin	lebensabschnittsgefährte in
urwüchsigkeit	urwüchsig keit
wissenschaftsjournalistin	wissenschaftsjournal ist in
kapitalkräftig	kapitalkraft ig
rechtsförmlich	rechtsform lich
mittelmäßigkeit	mittelmaß ig keit
landespolitikerin	landespolitik er in
gemeindepastorin	gemeindepastor in
türkenfeindlichkeit	türkenfeindlich keit
übervorteilung	übervorteilen ung
tierschutzrechtlich	tierschutzrecht lich
hinrichtung	hinrichten ung
nachmieterin	nachmieter in
vollsperrung	vollsperren ung
zuhörerin	zuhören er in
weitergeltung	weitergelten ung
vereinsrechtlich	vereinsrecht lich
biegung	biegen ung
lichtenberger	lichtenberg er
vordenkerin	vordenken er in
marketingchefin	marketingchef in
solotrompeter	solotrompete er
dornberger	dornberg er
beklemmung	beklemmen ung
sprintweltmeisterin	sprintweltmeister in
mitkämpferin	mitkämpfen in
provozierung	provozieren ung
haschischraucher	haschischrauchen er
unkindlich	un kind lich
unschlüssigkeit	un schlüssig keit
violinspieler	violinspiel er
kleinstunternehmer	kleinstunternehmen er
sexualtäter	sexualtat er
grämlich	grämen lich
unerfüllbar	un erfüllen bar
teilchenphysiker	teilchenphysik er
kajakfahrer	kajakfahren er
festsetzung	festsetzen ung
unterbesetzung	unterbesetzen ung
jazzsängerin	jazzsänger in
befolgung	befolgen ung
knacker	knacken er
bekämpfung	bekämpfen ung
inhaltlos	inhalt los
hauptschülerin	hauptschule er in
verblödung	ver blöd e ung
erhitzung	erhitzen ung
titelheldin	titelheld in
wohltäter	wohltat er
friedrichshainer	friedrichshain er
lähmung	lähmen ung
feindlichkeit	feinden lich keit
unbestechlichkeit	un bestechen lich keit
multiinstrumentalistin	multiinstrumentalist in
maskenbildnerin	maskenbildner in
aussteuerung	aussteuern ung
grundgesetzlich	grundgesetz lich
breitenberger	breitenberg er
kraftfahrerin	kraftfahrer in
einsichtigkeit	einsicht ig keit
bilderstürmer	bildersturm er
unverständlichkeit	unverstand lich keit
bildungswissenschaftlich	bildungswissenschaft lich
religionslehrerin	religionslehre er in
achtsamkeit	achten sam keit
greifer	greifen er
nebenklagevertreterin	nebenklagevertreter in
anmeldepflichtig	anmeldepflicht ig
mittlerin	mittler e in
qualifizierung	qualifizieren ung
weiternutzung	weiternutzen ung
nikotinsüchtig	nikotinsucht ig
zusammensetzung	zusammensetzen ung
baulich	bau lich
altenheimbewohnerin	altenheimbewohner in
streikbrecherin	streikbrecher in
gleichmütig	gleichmut ig
konditionierung	kondition ier ung
bieterin	bieten er in
quintin	quinte in
siebenbürger	siebenbürge n er
nachwuchsläuferin	nachwuchsläufer in
friedrichshafener	friedrichshafen er
beträchtlich	betracht lich
tabakpflanzer	tabakpflanze er
gehirnwäscher	gehirnwäsche er
leichtfertigkeit	leichtfertig keit
sudaner	sudan er
bezirksamtsleiterin	bezirksamtsleiter in
alltagsgeschichtlich	alltagsgeschichte lich
postgewerkschafter	postgewerkschaft er
stufenlos	stufe los
vegetarierin	vegetarier in
diplomökonomin	diplomökonom in
unaufrichtigkeit	un aufrichten ig keit
wärmetauscher	wärmetausch er
unternehmenssprecherin	unternehmenssprecher in
undeutlichkeit	un deutlich keit
gastspieler	gastspiel er
cremig	creme ig
drachenflieger	drachenfliegen er
industriearbeiter	industriearbeit er
spiralig	spirale ig
perspektivelos	perspektive los
versorgungslager	versorgungslage er
einsamkeit	einsam keit
hirnlos	hirn los
schwanzlos	schwanz los
begrifflich	begriff lich
gesundheitlich	gesund heit lich
dieter	dieten er
kontrollierbar	kontrolle ier bar
erheiterung	erheitern ung
kransberger	kransberg er
verdächtigen	verdacht ig
ernährungswissenschaftlich	ernährungswissenschaft lich
dränger	drang er
datenschützerin	datenschutz er in
ergründung	ergründen ung
gegenstandslos	gegenstand los
römerzeitlich	römerzeit lich
schaustellerin	schausteller in
siegenerin	siegen er in
diätassistentin	diätassistent in
abfallrechtlich	abfallrecht lich
sportstudentin	sportstudent in
blattmacher	blattmachen er
fernschüler	fernschule er
allgegenwärtig	allgegenwart ig
beanspruchung	be anspruch ung
arbeitsrechtlich	arbeitsrecht lich
schüler	schule er
grausamkeit	grauen sam keit
abschöpfung	abschöpfen ung
grundbesitzerin	grundbesitz er in
bankräuberin	bankraub er in
strafrechtlich	strafrecht lich
gottesfürchtig	gottesfurcht ig
belehrbar	belehren bar
umsetzung	umsetzen ung
abbestellung	abbestellen ung
popmusiker	popmusik er
erwerbswirtschaftlich	erwerbswirtschaft lich
anlegerin	anlegen er in
milchig	milch ig
putzig	putzen ig
opernsängerin	opernsänger in
überholung	überholen ung
vermieter	vermieten er
niederschlesier	niederschlesien er
staatsrechtlerin	staatsrecht ler in
fallensteller	fallenstelle er
kalender	kalenden er
ernährerin	ernähren er in
zitterig	zittern ig
unachtsamkeit	un achten sam keit
pseudowissenschaftlich	pseudowissenschaft lich
spionin	spion in
lieblingsschauspielerin	lieblingsschauspieler in
festtäglich	festtag lich
oppositionspolitikerin	oppositionspolitik er in
bieger	biege er
eisenbahnbauer	eisenbahnbau er
maastrichter	maastricht er
dogger	dogge er
unzweckmäßigkeit	un zweck mäßig keit
gräulich	grau lich
freiräumlich	freiräumen lich
christopher	christophe er
völkerrechtlich	völkerrecht lich
aufsichtsrechtlich	aufsichtsrecht lich
informantin	informant in
reparaturanfälligkeit	reparaturanfällig keit
theorielos	theorie los
tierpfleger	tierpflege er
belanglos	belang los
ausleihung	ausleihen ung
zahnarzthelferin	zahnarzthelfer in
bürgerrechtlerin	bürgerrecht ler in
verhaltensforscherin	verhaltensforscher in
verstrickung	ver strick ung
erkundigung	erkundigen ung
beherrscher	beherrschen er
kieler	kiel er
romantikerin	romantik er in
leistungsfähigkeit	leistungsfähig keit
spaltung	spalten ung
langläuferin	langlaufen er in
anzüglichkeit	anzug lich keit
berufsschullehrerin	berufsschullehrer in
verhandlungsführerin	verhandlungsführer in
frühlingslüftchen	frühlingsluft chen
neufundländer	neufundland er
sportwissenschaftlerin	sportwissenschaft ler in
bevölkerung	bevölkern ung
rodlerin	rod ler in
verteidigerin	verteidigen er in
ausspülung	ausspülen ung
freihaltung	freihalten ung
industrieministerin	industrieminister in
reformfreudigkeit	reformfreude ig keit
tänzer	tanz er
konfliktlos	konflikt los
hochmütig	hochmut ig
raumplanerin	raumplan er in
sternchen	stern chen
teilzeitig	teilzeit ig
rechenschaftspflichtig	rechenschaftspflicht ig
briefwähler	briefwahl er
mitschülerin	mitschüler in
angstgegnerin	angstgegner in
partnerschüler	partnerschule er
europäerin	europäer in
kirchgängerin	kirchgang er in
lottospieler	lottospielen er
würdelos	würde los
lärmgutachter	lärmgutachten er
drehbuchschreiberin	drehbuchschreiben er in
entschuldbar	entschulden bar
belastungszeugin	belastungszeuge in
musiker	musik er
tätowierung	tätowieren ung
verdauung	verdauen ung
trainerin	train er in
leichtlebigkeit	leichtlebig keit
familienrechtlich	familienrecht lich
kriegsberichter	kriegsbericht er
erlassung	erlassen ung
ausdrücklich	ausdrücken lich
zwiespältig	zwiespalt ig
nachnominierung	nachnominieren ung
steuerehrlichkeit	steuerehrlich keit
schwarzbauer	schwarzbau er
verkündigung	verkündigen ung
bedienung	bedienen ung
italiener	italien er
hausleiterin	hausleiter in
umfahrung	umfahren ung
umsichtig	umsicht ig
brettspieler	brettspiel er
wichtigkeit	wicht ig keit
färber	farbe er
wahrscheinlichkeit	wahrscheinlich keit
pfleglich	pflegen lich
einschränkung	einschränken ung
abwendung	abwenden ung
abschaffung	abschaffen ung
gewichtung	gewichten ung
parlamentsvizepräsidentin	parlamentsvizepräsident in
passauer	passau er
kürner	küren er
hoffnungsvoller	hoffnungsvollen er
hundezüchter	hundezucht er
fixierbar	fix ier bar
ramin	ram in
lebensfähigkeit	lebensfähig keit
schlößlein	schloß lein
unwillig	unwille ig
südafrikanerin	südafrika aner in
kaufbeurener	kaufbeuren er
anfängerin	anfangen er in
opernbesucher	opernbesuch er
laufbahnrechtlich	laufbahnrecht lich
geschäftemacher	geschäftemachen er
ministrantin	ministrant in
filialleiterin	filialleiter in
zeichner	zeichnen er
privatverbraucher	privatverbrauch er
verdeckung	ver deck ung
segler	segeln er
übererfüllung	übererfüllen ung
stromsparer	stromsparen er
unabsetzbar	un absetzen bar
abnabelung	abnabeln ung
entschleierung	entschleiern ung
eisverkäufer	eisverkauf er
unübersehbar	un übersehen bar
ausstellung	ausstellen ung
gefühlsduselig	gefühlsdusel ig
stadtverordnetenvorsteherin	stadtverordnetenvorsteher in
karolin	karol in
auszehrung	auszehren ung
ganzheitlich	ganz heit lich
kindermörder	kindermord er
freundin	freund in
stallarbeiter	stallarbeit er
fachgruppenleiterin	fachgruppenleiter in
kratzer	kratzen er
ausstoßung	ausstoßen ung
jungarbeiterin	jungarbeiter in
ärmellos	ärmel los
winterschläfer	winterschlaf er
fahrerin	fahren er in
existenzfähigkeit	existenzfähig keit
sozialministerin	sozialminister in
anbringung	anbringen ung
industriegeschichtlich	industriegeschichte lich
elendig	elend ig
sistierung	sistieren ung
redenschreiberin	redenschreiber in
kunstwissenschaftlich	kunstwissenschaft lich
akkordeonspielerin	akkordeonspiel er in
seelentröster	seelentrost er
verliererin	verlieren er in
leistungsschwimmerin	leistungsschwimmer in
feuerwerker	feuerwerk er
rumänin	rumäne in
warschauer	warschau er
schlittschuhläufer	schlittschuhlaufen er
lebensreformer	lebensreform er
marktbesucher	marktbesuch er
aktionskünstlerin	aktionskunst ler in
backnanger	backnang er
fahrtüchtigkeit	fahrtüchtig keit
kettung	ketten ung
dienstherrin	dienstherr in
wurstigkeit	wurstig keit
schatzmeisterin	schatzmeister in
bildungspolitiker	bildungspolitik er
auskunftsfreudigkeit	auskunftsfreude ig keit
sonneberger	sonneberg er
raubgierig	raubgier ig
lebensschützer	lebensschutz er
fabrikarbeiter	fabrikarbeit er
verbilligung	ver billig ung
arbeitssüchtig	arbeitssucht ig
dividendenfähigkeit	dividendenfähig keit
altmühltaler	altmühltal er
westkollegin	westkollege in
prächtig	pracht ig
rundfunksprecherin	rundfunksprecher in
inhaberin	inhaber in
mitteltaler	mitteltal er
turin	ture in
fließbandarbeiter	fließbandarbeit er
befremdung	befremden ung
pater	pate er
adventlich	advent lich
verwöhnung	verwöhnen ung
kreuzer	kreuzen er
scheinheiligkeit	scheinheilig keit
sittlichkeit	sitte lich keit
verkohlung	ver kohle ung
eierwerfer	eierwerfen er
ruhmsüchtig	ruhmsucht ig
waffeneinkäufer	waffeneinkauf er
wirtschafterin	wirtschaften er in
neunecker	neuneck er
priesterin	priester in
explosionsgefährlich	explosionsgefahr lich
kampfeslustig	kampfeslust ig
lebenslänglicher	lebenslang e lich e n er
bühnengestalter	bühnengestalt er
fremdartigkeit	fremdartig keit
staatsekretärin	staatsekretär in
zweimalig	zweimal ig
frauensenatorin	frauensenator in
gesundheitsdezernentin	gesundheitsdezernent in
atommülltransporter	atommülltransport er
kostümierung	kostüm ier ung
baumartig	baumart ig
gelegenheitsarbeiter	gelegenheitsarbeit er
austauschbar	austauschen bar
königlich	könig lich
herforder	herford er
mainzer	mainz er
sindelfingerin	sindelfingen er in
bucher	buche er
beweglich	bewegen lich
bekanntmachung	bekanntmachen ung
tablettensüchtig	tablettensucht ig
überholbar	überholen bar
sozialhilfebetrüger	sozialhilfebetrug er
friedlos	friede los
grabungsleiterin	grabungsleiter in
absenderin	absenden er in
samin	same in
farmarbeiter	farmarbeit er
bewaffnung	bewaffnen ung
entsetzlichkeit	entsetzen lich keit
atemlos	atem los
schaumberger	schaumberg er
wälzer	wälzen er
transfusionsmediziner	transfusionsmedizin er
blutspender	blutspende er
überzeugungstäterin	überzeugungstat er in
nichtbesitzer	nichtbesitz er
massenwirksamkeit	massenwirksam keit
befreiung	befreien ung
eigentümlichkeit	eigentum lich keit
farbspritzer	farbspritze er
leuchtkräftig	leuchtkraft ig
tontechniker	tontechnik er
dorin	dore in
zickig	zicken ig
kunstreiterin	kunstreiter in
staatsschützer	staatsschutz er
lindauer	lindau er
lagerbar	lagern bar
wasserträger	wassertragen er
einschreibung	einschreiben ung
jesulein	jesu lein
unteilbarkeit	un teilen bar keit
gleichnamigkeit	gleichnamig keit
vielstimmigkeit	vielstimmig keit
hinderung	hindern ung
jugendforscherin	jugendforscher in
naturschiefer	naturschiefe er
stetig	stet e ig
isin	ise in
braunschweigerin	braunschweig er in
stellenbewerberin	stellenbewerber in
bayernspieler	bayernspiel er
schlemmer	schlemmen er
kurzwellenempfänger	kurzwellenempfang er
urweltlich	urwelt lich
naturschutzrechtlich	naturschutzrecht lich
absentierung	absentieren ung
gruppenbetreuerin	gruppenbetreuer in
starjournalistin	starjournalist in
kongreßteilnehmerin	kongreßteilnehmer in
lauterberger	lauterberg er
sozialverantwortlichkeit	sozialverantwortlich keit
widersacherin	widersacher in
eilbedürftigkeit	eilbedürftig keit
neuseeländer	neuseeland er
zerbrechlich	zer brechen lich
durchschaubar	durchschauen bar
vilbeler	vilbel er
volkspolizistin	volkspolizei ist in
spitzensportlerin	spitzensport ler in
verderberin	ver derb er in
einträchtig	eintracht ig
marburgerin	marburg er in
hinterlassung	hinterlassen ung
klientin	klient in
vollsortimenter	vollsortiment er
mißverständlichkeit	mißverständlich keit
gardistin	gard ist in
zweikämpfer	zweikampf er
glücksspielerin	glücksspiel er in
titellos	titel los
asylsucher	asylsuche er
kunsthändlerin	kunsthändler in
vergütung	vergüten ung
golfer	golf er
tiertransporter	tiertransport er
nichtwählerin	nichtwählen er in
kerner	kern er
überwältigung	überwältigen ung
schrumpfung	schrumpfen ung
hemdchen	hemd chen
nachbarstädtchen	nachbarstadt chen
selbsternennung	selbsternennen ung
beiruter	beirut er
besitzlos	besitzen los
ergebnislos	ergebnis los
nutzer	nutzen er
ermangelung	ermangeln ung
schülerin	schule er in
ehrlichkeit	ehrlich keit
liebenswürdigkeit	liebenswürdig keit
aktienkäufer	aktienkauf er
