protect	protect
approval	approve al
nebulosity	nebulous ity
constant	constant
shallowly	shallow ly
dishonour	dishonour
bigotry	bigot ry
clanger	clang er
overcast	over cast
fissionable	fission able
amphibious	amphibian ous
loquaciousness	loquacious ness
jesuitical	Jesuit ical
boundary	bound ary
unwieldy	un wield y
polarize	polar ize
jug	jug
system	system
whoosh	whoosh
scantiness	scanty ness
fetter	fetter
unprejudiced	un prejudiced
covert	covert
unusually	unusual ly
devilishly	devilish ly
insincere	in sincere
grating	grating
nonsmoker	non smoker
skirmisher	skirmish er
renovator	renovate or
tweeter	tweet er
cuirassier	cuirass ier
bleachers	bleachers
symbol	symbol
conceal	conceal
irateness	irate ness
condition	condition
fag	faggot
reposeful	repose ful
calyx	calyx
impetuosity	impetuous ity
inspectorate	inspector ate
surprising	surprising
admiring	admiring
lychee	lychee
carcinoma	carcinoma
bottom	bottom
fibre	fibre
classify	class ify
johnny	johnny
progressive	progress ive
illuminations	illuminations
generously	generous ly
cunning	cunning
cravat	cravat
bewildering	bewildering
probe	probe
unwittingly	unwitting ly
shortening	shortening
contiguousness	contiguous ness
creativeness	creative ness
touching	touching
dueller	duel er
scab	scab
widgeon	widgeon
outcaste	out caste
aspersion	asperse ion
groove	groove
corporal	corporal
paint	paint
paramount	paramount
generosity	generous ity
comprehensibility	comprehensible ity
moth	moth
proton	proton
apache	apache
vilification	vilify ation
pedigree	pedigree
deserter	desert er
adulterate	adultery ate
principal	principle al
joylessly	joyless ly
despairingly	despairing ly
seducer	seduce er
ism	ism
fierce	fierce
doggone	doggone
bureau	bureau
scoff	scoff
doer	do er
intransigence	intransigent ence
cater	cater
waver	wave er
constrictive	constriction ive
steady	steady
hookah	hookah
vermifuge	vermifuge
mocking	mocking
person	person
potholer	pothole er
monarchist	monarchist
skylark	skylark
emollient	emollient
sacredly	sacred ly
amends	amend s
willingly	willing ly
integral	integer al
increase	increase
trauma	trauma
expensively	expensive ly
pulverization	pulverize ation
gangrene	gangrene
ireful	ire ful
solvent	solvent
downtown	downtown
deaden	dead en
topping	topping
animal	animal
notary	note ary
sculptor	sculpt or
inscrutability	inscrutable ity
woollen	wool en
pouch	pouch
scald	scald
blotch	blotch
lifeless	life less
snappishly	snappish ly
oratorically	oratorical ly
greasily	greasy ly
debunker	debunk er
impressionist	impressionist
impertinence	impertinent ence
starveling	starve ling
taro	taro
spastic	spastic
drudgery	drudge ery
roguishly	roguish ly
raftsman	raft s man
superman	super man
victoriously	victorious ly
contagiously	contagious ly
unconsciousness	unconscious ness
sightless	sight less
captain	captain
hungrily	hungry ly
anon	anon
barbel	barbel
constitutive	constitution ive
engineer	engineer
nescience	nescient ence
instinctive	instinct ive
avocet	avocet
scour	scour
unvarnished	un varnished
rich	rich
arse	arse
manure	manure
inactivity	inactive ity
rival	rival
fortuitously	fortuitous ly
gingerly	gingerly
procreation	procreate ion
zeppelin	zeppelin
intensely	intense ly
methyl	methyl
fledge	fledge
unrelentingly	unrelenting ly
eminently	eminent ly
crucially	crucial ly
intercollegiate	inter collegiate
antipodean	antipodes an
plagiarize	plagiarism ize
topper	top er
protein	protein
remorsefulness	remorseful ness
specialize	special ize
divan	divan
hijacker	hijack er
schizophrenic	schizophrenia ic
inanimate	in animate
devitalization	devitalize ation
excusably	excusable ly
lethargically	lethargic ally
immutability	immutable ity
inlay	inlay
apprehension	apprehend ion
sponginess	spongy ness
contradiction	contradict ion
toad	toad
horseshit	horseshit
unwarranted	un warranted
official	office ial
ungainliness	ungainly ness
flier	fly er
retire	retire
deadliness	deadly ness
naturalist	naturalism ist
orphan	orphan
pigheaded	pig head ed
misgovern	mis govern
malapropism	Malaprop ism
impurity	impure ity
jittery	jitters y
scurrility	scurrilous ity
brutalization	brutalize ation
swear	swear
watchfulness	watchful ness
gracelessness	graceless ness
lip	lip
smuggle	smuggle
pare	pare
ashamed	a shame ed
creeps	creeps
parity	par ity
mongol	mongol
habitable	habitation able
neap	neap
mandragora	mandragora
platypus	platypus
release	release
scattiness	scatty ness
meanie	mean ie
nut	nut
boxing	boxing
squeamishness	squeamish ness
meantime	meantime
narcissus	narcissus
pessimistically	pessimistic ally
beholder	behold er
reft	bereft
rustproof	rustproof
trustfully	trustful ly
scrupulous	scruple ous
canvass	canvass
duplicator	duplicate or
eroticism	erotic ism
cornice	cornice
thinkable	think able
sumac	sumac
formation	form ation
sexist	sexism ist
fancifully	fanciful ly
address	address
frond	frond
incompatibility	incompatible ity
cosiness	cosy ness
ogress	ogre ess
basil	basil
confide	confide
bargee	barge ee
diacritic	diacritic
mobile	mobile
expeditionary	expedition ary
stomachful	stomach ful
coldness	cold ness
savoy	savoy
drip	drip
formalism	formal ism
superficially	superficial ly
tilth	till th
obscenely	obscene ly
misfit	mis fit
roomy	room y
metallurgical	metallurgy ical
splotchy	splotch y
hooch	hooch
phagocyte	phagocyte
zing	zing
culturally	cultural ly
cock	cock
sulks	sulk s
rewards	rewards
pauperization	pauperize ation
barter	barter
fictitiously	fictitious ly
unbar	un bar
scaly	scale y
wretched	wretch ed
phonetics	phonetic s
corruptly	corrupt ly
statics	static s
elfishness	elfish ness
prepay	pre pay
senate	senate
royally	royal ly
acceptably	acceptable ly
encircle	en circle
elusory	elusion ory
teacher	teach er
ounce	ounce
astigmatic	astigmatism ic
counterfeiter	counterfeit er
deplane	de plane
pox	pox
underneath	under beneath
cautiously	cautious ly
impish	imp ish
aphasic	aphasic
priggish	prig ish
thread	thread
permissively	permissive ly
anachronistically	anachronistic ally
assassinate	assassin ate
sporting	sporting
fives	fives
massage	massage
datum	datum
fourthly	fourth ly
snuffer	snuff er
frowsty	frowst y
brawny	brawn y
retool	re tool
fumbler	fumble er
degenerate	degenerate
noisy	noise y
strait	strait
ghastliness	ghastly ness
profoundly	profound ly
expediently	expedient ly
thoughtlessly	thoughtless ly
deliberation	deliberate ion
popper	pop er
suddenness	sudden ness
shame	shame
individualization	individualize ation
wrestle	wrestle
listless	list less
jeweller	jewel er
specificity	specific ity
horribly	horrible ly
purism	pure ism
particularize	particular ize
industrialize	industrial ize
supinely	supine ly
scram	scram
filtrate	filter ate
exceptionable	exception able
sabre	sabre
decolonization	decolonize ation
gouge	gouge
space	space
solipsist	solipsism ist
fortunate	fortune ate
morello	morello
tropics	tropics
prestidigitator	prestidigitation or
gentleness	gentle ness
reflexive	reflexive
lie	lie
nationalist	nationalist
govern	govern
display	display
metal	metal
nippiness	nippy ness
relative	relative
raspingly	rasping ly
standoffishly	standoffish ly
cybernetics	cybernetic s
demographer	demography er
ale	ale
factor	factor
hoariness	hoary ness
tamarisk	tamarisk
brown	brown
combat	combat
pupation	pupate ion
gusher	gush er
modishly	modish ly
quietly	quiet ly
leprous	leper ous
stylistic	stylist ic
ecological	ecology ical
significative	signification ive
grafter	graft er
rigging	rigging
idiotic	idiot ic
snowiness	snowy ness
fully	full ly
lechery	lecher ery
indent	in dent
debatable	debate able
sideslip	sideslip
walking	walking
reformer	reform er
syllogistic	syllogism ic
stalwart	stalwart
obliteration	obliterate ion
loverlike	lover like
extremity	extreme ity
hundredth	hundredth
aphasic	aphasia ic
agonized	agonized
sadistically	sadistic ally
ownerless	owner less
fruition	fruit ion
parts	parts
tragical	tragedy ical
dactylic	dactyl ic
research	research
cloister	cloister
bucketful	bucket ful
offhand	offhand
pamper	pamper
unequalness	unequal ness
fluffy	fluff y
deification	deify ation
asthmatically	asthmatic ally
swindle	swindle
revisionism	revision ism
alpinism	alpine ism
preparedness	prepared ness
zircon	zircon
moo	moo
gasification	gasify ation
brawn	brawn
sophisticate	sophisticate
draughts	draughts
encompass	en compass
implication	imply ation
overshot	over shot
glut	glut
brewery	brew ery
rasp	rasp
bass	bass
crib	crib
symmetric	symmetry ic
waken	wake en
touched	touched
dolorous	dolour ous
secularizer	secularize er
forge	forge
prudence	prudent ence
engagingly	engaging ly
witlessly	witless ly
biodegradable	bio degrade able
outright	out right
wherein	where in
bit	bit
success	success
materialist	materialism ist
tastefully	tasteful ly
mercenary	mercenary
onerously	onerous ly
swerve	swerve
apocalyptic	apocalypse ic
overflow	overflow
experience	experience
pawpaw	pawpaw
futurity	future ity
file	file
squander	squander
spent	spent
cadger	cadge er
veined	vein ed
transitively	transitive ly
exogamous	exogamy ous
glue	glue
chiropractor	chiropractic or
wobbly	wobble y
overall	over all
dewiness	dewy ness
evil	evil
whey	whey
faddish	fad ish
caviller	cavil er
pastel	pastel
lough	lough
insanitary	in sanitary
persuasive	persuasion ive
profitably	profitable ly
boots	boots
explorative	exploration ive
nicknack	nicknack
gamely	game ly
skilful	skill ful
incapability	incapable ity
colloquial	colloquy al
emigrant	emigrate ant
cove	cove
solar	solar
ravings	raving s
central	centre al
frequently	frequent ly
overprint	overprint
riveter	rivet er
propagator	propagate or
passionate	passion ate
crash	crash
legato	legato
demonstration	demonstrate ion
woollens	woollen s
cohesive	cohesion ive
swoon	swoon
unsex	un sex
sultrily	sultry ly
rust	rust
slut	slut
disregard	disregard
streamlined	streamlined
brandy	brandy
buoyant	buoy ant
binding	binding
certifiable	certify able
peculiarity	peculiar ity
morbidity	morbid ity
aspen	aspen
puncher	punch er
shah	shah
manumission	manumit ion
travelling	travelling
gluttonously	gluttonous ly
needs	needs
slushy	slush y
marge	marge
parsley	parsley
natural	natural
comically	comic ally
syndication	syndicate ion
translation	translate ion
thermionics	thermionic s
puffed	puffed
hyphenate	hyphen ate
ion	ion
angelically	angelical ly
fiddling	fiddling
personalities	personalities
conditional	condition al
blithesome	blithe some
sprit	sprit
vibrancy	vibrant ancy
contest	contest
lissomly	lissom ly
fashionable	fashion able
paving	paving
methanol	methanol
unstop	un stop
emotion	emote ion
bicycle	bicycle
spindle	spindle
dreamlessly	dreamless ly
scamper	scamp er
scoundrelly	scoundrel y
tops	tops
ticking	tick ing
mummify	mummy ify
tubing	tubing
foreknowledge	fore knowledge
gluttony	glutton y
scurrilously	scurrilous ly
stillness	still ness
comment	comment
chilblained	chilblain ed
strategist	strategy ist
permissiveness	permissive ness
breathiness	breathy ness
sateen	sateen
nose	nose
teem	teem
knickers	knickerbockers
roup	roup
repressed	repressed
rhymed	rhymed
lance	lance
compensation	compensate ion
gritty	grit y
dissembler	dissemble er
blackberrying	blackberry ing
peculiar	peculiar
intended	intended
befitting	befitting
rotter	rot er
sourness	sour ness
visually	visual ly
grab	grab
thermionic	thermion ic
discredit	dis credit
owlish	owl ish
frequent	frequent
glossary	gloss ary
admirably	admirable ly
appellant	appeal ant
detrain	de train
sighted	sight ed
stars	stars
biff	biff
cymbalist	cymbal ist
unconsidered	un considered
vaccinate	vaccine ate
zoologist	zoology ist
enticingly	enticing ly
unskilled	un skilled
wagon	wagon
exemption	exempt ion
graceless	grace less
newsy	news y
ambit	ambit
squiggly	squiggle y
peripatetically	peripatetic ally
inbreeding	inbreeding
fag	fag
uninhibited	un inhibited
believer	believe er
cognomen	cognomen
cinnamon	cinnamon
insulator	insulate or
executioner	execution er
booklet	book let
wielder	wield er
gospel	gospel
dipper	dip er
buggered	buggered
calypso	calypso
paramour	paramour
bridal	bride al
chuck	chuck
capsule	capsule
lengthen	length en
such	such
neglectfulness	neglectful ness
neighbour	neighbour
snobbishly	snobbish ly
rarity	rare ity
trachea	trachea
repentant	repentant
optician	optics ian
idle	idle
guinea	guinea
steadily	steady ly
ladder	ladder
stigmatize	stigma ize
fraternally	fraternal ly
democratically	democratic ally
cry	cry
outwit	out wit
fend	fend
vindictively	vindictive ly
objectivity	objective ity
unloose	un loose
openheartedness	openhearted ness
oust	oust
relive	re live
robust	robust
stranded	stranded
toucher	touch er
inferiority	inferior ity
shepherdess	shepherd ess
felon	felon
insole	in sole
practised	practised
gybe	gybe
exhalation	exhale ation
employee	employ ee
nineteenth	nineteenth
fortnightly	fortnightly
uncommonly	uncommon ly
sorrowful	sorrow ful
slumberous	slumber ous
clinically	clinical ly
misapply	mis apply
topically	topical ly
downhearted	down heart ed
vivaciously	vivacious ly
healthiness	healthy ness
reprint	reprint
facilitation	facilitate ion
simplification	simplify ation
execrably	execrable ly
zenith	zenith
badly	bad ly
buzzer	buzz er
fetishist	fetishism ist
hop	hop
staggers	staggers
chauvinist	chauvinist
formlessness	formless ness
crisp	crisp
cerise	cerise
turn	turn
cretonne	cretonne
coster	costermonger
scintillate	scintillate
bathe	bath
bloody	blood y
laicize	laic ize
simoon	simoon
moistness	moist ness
pronounceable	pronounce able
quartering	quartering
breakage	break age
din	din
campaigner	campaign er
archaeological	archaeology ical
outsmart	out smart
curdle	curdle
strangle	strangle
misdeed	mis deed
truss	truss
exasperatedly	exasperated ly
impassiveness	impassive ness
amortization	amortize ation
endearingly	endearing ly
utmost	out most
rumble	rumble
arrogantly	arrogant ly
tension	tense ion
mollification	mollify ation
daiquiri	daiquiri
knot	knot
garrison	garrison
dryad	dryad
shrive	shrive
destitution	destitute ion
aggregation	aggregate ion
bookishly	bookish ly
nonviolently	nonviolent ly
structural	structure al
snail	snail
prowess	prowess
spirit	spirit
wordiness	wordy ness
humanity	human ity
gambler	gamble er
boiler	boil er
chief	chief
relic	relic
utter	utter
stalk	stalk
unabashed	un abashed
grumpily	grumpy ly
test	test
lend	lend
rascal	rascal
tumescence	tumescent ence
perceptiveness	perceptive ness
nonintervention	non intervention
provisional	provision al
pedantic	pedant ic
leathery	leather y
indicator	indicate or
trump	trump
form	form
glide	glide
sales	sales
stoep	stoep
climactic	climax ic
cloddish	clod ish
antiseptic	antiseptic
wearable	wear able
assumption	assume ion
lord	lord
tariff	tariff
conceptualize	conceptual ize
amalgamation	amalgamate ion
singe	singe
sandbag	sandbag
subjection	subject ion
combinations	combinations
asp	asp
bestowal	bestow al
lavender	lavender
bewitching	bewitching
calligrapher	calligraphy er
atheistical	atheist ical
offset	offset
butt	butt
haphazardly	haphazard ly
temptation	tempt ation
carol	carol
desensitization	desensitize ation
purgation	purge ation
verso	verso
vanity	vain ity
steeple	steeple
theft	theft
voluptuousness	voluptuous ness
solid	solid
solitarily	solitary ly
expectation	expect ation
appointed	appointed
sahib	sahib
perry	perry
personification	personify ation
beatification	beatify ation
overpay	over pay
ambassadorial	ambassador ial
causal	cause al
distressing	distressing
grimace	grimace
indecipherability	indecipherable ity
knacker	knack er
cleanser	cleanse er
sunken	sunken
comer	come er
anodyne	anodyne
loaded	loaded
unceremonious	un ceremonious
weirdly	weird ly
python	python
coiffured	coiffure ed
effusion	effuse ion
marten	marten
tenuously	tenuous ly
careerist	career ist
unaccountably	unaccountable ly
scamper	scamper
immaturity	immature ity
secure	secure
sapphire	sapphire
legendary	legend ary
temptingly	tempting ly
reinsure	re insure
indigence	indigent ence
rhinoceros	rhinoceros
politician	politics ian
perfectibility	perfectible ity
fabrication	fabricate ion
elementarily	elementary ly
fuck	fuck
meaningfulness	meaningful ness
hulk	hulk
pitifully	pitiful ly
filmable	film able
bisexual	bisexual
introverted	introvert ed
jihad	jihad
bittiness	bitty ness
citrus	citrus
away	away
longwise	long wise
lemur	lemur
homogeneously	homogeneous ly
entresol	entresol
gent	gent
recommend	re commend
seditious	sedition ous
retentiveness	retentive ness
elevenses	eleven s es
clubbable	club able
loam	loam
unfamiliar	un familiar
fort	fort
misspend	mis spend
gaunt	gaunt
backfire	backfire
broadmindedness	broadminded ness
piddling	piddling
bread	bread
sea	sea
scoundrel	scoundrel
inexcusably	inexcusable ly
sprout	sprout
administration	administer ation
ballistics	ballistic s
canine	canine
educationally	educational ly
underline	under line
jobbery	job ery
rationalist	rationalism ist
pennon	pennon
uncompromisingly	uncompromising ly
equestrian	equestrian
catalpa	catalpa
bun	bun
bilabial	bilabial
conspiratorial	conspirator ial
frighten	fright en
counterplot	counterplot
downer	down er
bundle	bundle
selector	select or
kinky	kink y
contingently	contingent ly
rhythmically	rhythmical ly
archdeaconry	archdeacon ry
sheepishness	sheepish ness
wingless	wing less
barn	barn
incomparability	incomparable ity
condescension	condescend ion
impulsively	impulsive ly
brutality	brutal ity
cage	cage
everlastingly	everlasting ly
intimately	intimate ly
aide	aide
narcotic	narcotic
couscous	couscous
chilly	chill y
disqualification	disqualify ation
cosily	cosy ly
gloweringly	glower ing ly
gallantry	gallant ry
secularize	secular ize
upbeat	upbeat
medlar	medlar
sharply	sharp ly
carafe	carafe
nipper	nip er
statehood	state hood
dull	dull
miserably	miserable ly
stoppage	stop age
youthfulness	youthful ness
deepen	deep en
refloat	re float
advantageous	advantage ous
progress	progress
borzoi	borzoi
vixenish	vixen ish
denominator	denominate or
satrap	satrap
without	without
uncharted	un charted
institutional	institution al
bestir	be stir
falsies	false ie s
complacence	complacent ence
domestically	domestic ally
percipience	percipient ence
interaction	interact ion
chinless	chin less
leave	leave
seconds	second s
quod	quod
ormolu	ormolu
pictorial	pictorial
frump	frump
etymologist	etymology ist
peelings	peeling s
cahoots	cahoots
convoy	convoy
vindication	vindicate ion
obsessive	obsessive
more	more
mindful	mind ful
mistime	mis time
cleanly	clean ly
decarbonize	de carbonize
nous	nous
checker	check er
coincidental	coincidence al
splits	splits
spotless	spot less
lightweight	lightweight
jealously	jealous ly
sorter	sort er
inebriation	inebriate ion
flares	flares
injurious	injury ous
gibingly	gibing ly
backwardly	backward ly
fewness	few ness
removal	remove al
federalist	Federalist
burial	bury al
print	print
haricot	haricot
criminologist	criminology ist
infection	infect ion
merchandise	merchandise
scribble	scribble
mythologist	mythology ist
ruination	ruin ation
firth	firth
bait	bait
mound	mound
choreographer	choreography er
conservationist	conservation ist
restrictively	restrictive ly
langur	langur
preciously	precious ly
limn	limn
manhood	man hood
swagger	swagger
bedeck	be deck
depilatory	depilatory
occasional	occasion al
bonesetter	bone set er
each	each
repairer	repair er
weekend	weekend
overtime	over time
powerlessly	powerless ly
copeck	copeck
diagnostic	diagnosis ic
electrocution	electrocute ion
elfishly	elfish ly
missy	miss y
freakishly	freakish ly
nonconformity	non conformity
prodigality	prodigal ity
crumble	crumble
trumpeter	trumpet er
wombat	wombat
unrelenting	un relenting
phrase	phrase
slogan	slogan
congruently	congruent ly
faintly	faint ly
disagree	dis agree
crusade	crusade
unstudied	un studied
continuity	continuous ity
tactless	tact less
yen	yen
doc	doctor
conic	cone ic
silliness	silly ness
wrinkly	wrinkle y
bolster	bolster
recce	recce
unfaltering	un faltering
weather	weather
conversationally	conversational ly
elongate	e long ate
rage	rage
gingerly	ginger ly
rapid	rapid
deed	deed
hearth	hearth
concretely	concrete ly
blackly	black ly
backhanded	backhanded
jive	jive
dissimulate	dis simulate
blindly	blind ly
disprove	dis prove
pimple	pimple
preach	preach
slither	slither
grotto	grotto
alkali	alkali
understudy	understudy
flannels	flannels
tidily	tidy ly
hellishly	hellish ly
unparalleled	un paralleled
activate	active ate
entertaining	entertaining
squirt	squirt
atypically	atypical ly
masonic	masonic
school	school
ghost	ghost
substantive	substance ive
psychedelic	psychedelic
smith	smith
teeter	teeter
simile	simile
lounge	lounge
encyclical	en cyclical
outline	out line
unblushing	un blushing
yob	yob
sectary	sect ary
annex	annex
interrogation	interrogate ion
woman	woman
hairless	hair less
phone	phone
nonflammable	non flammable
finickity	finicky ity
speechless	speech less
revitalization	revitalize ation
pally	pall y
napkin	napkin
simulation	simulate ion
intent	intent
servo	servo
scourge	scourge
invidiously	invidious ly
unhinge	un hinge
sneer	sneer
professional	professional
misinterpretation	misinterpret ation
inbuilt	in built
clank	clank
lands	lands
tinkle	tinkle
meld	meld
woodenly	wooden ly
moderation	moderate ion
unbecomingly	unbecoming ly
malign	malign
homicidal	homicide al
opportunism	opportune ism
prep	prep
deterrent	deterrent
achievable	achieve able
efficaciously	efficacious ly
millionth	millionth
teaspoonful	teaspoon ful
tastefulness	tasteful ness
adamant	adamant
loudly	loud ly
narcissist	narcissism ist
nippers	nip er s
prehistorical	prehistory ical
ovarian	ovary an
revolting	revolting
index	index
noddle	noddle
cornered	cornered
screwdriver	screw drive er
professional	profession al
convalescence	convalescent ence
sleety	sleet y
middy	midshipman y
stubbornly	stubborn ly
economic	economy ic
ask	ask
schooling	schooling
indulgence	indulgent ence
communicably	communicable ly
closefisted	close fist ed
disruptive	disruption ive
licence	license
armoury	armour y
marble	marble
constructor	construct or
epitomize	epitome ize
goalie	goal ie
rag	rag
pryingly	prying ly
coldly	cold ly
aforesaid	aforesaid
frills	frills
pragmatically	pragmatic ally
gutturally	guttural ly
outstrip	out strip
premonition	pre monition
closely	close ly
seventieth	seventy th
mummification	mummify ation
wood	wood
tine	tine
intactness	intact ness
disgraceful	disgrace ful
alkaline	alkali ine
modesty	modest y
homelessness	homeless ness
menace	menace
disorganize	dis organize
direfully	direful ly
exactingly	exacting ly
antacid	antacid
pillar	pillar
sheila	sheila
chicken	chicken
magenta	magenta
fiddle	fiddle
illegibility	illegible ity
hag	hag
militarist	militarism ist
attractive	attraction ive
mayday	mayday
depravity	deprave ity
gage	gage
amoebic	amoeba ic
contrary	contrary
officiously	officious ly
modernist	modernist
providently	provident ly
prenatal	pre natal
echo	echo
gesture	gesture
torridly	torrid ly
tuck	tuck
days	days
requiem	requiem
nutritiously	nutritious ly
instructress	instructor ess
ordered	ordered
cubical	cube ical
marsh	marsh
moulding	moulding
infirmity	infirm ity
anonymous	anonym ous
proud	proud
cinch	cinch
ballista	ballista
miff	miff
theologian	theology an
bobbin	bobbin
remilitarization	remilitarize ation
maidenly	maiden ly
flour	flour
disembowel	dis em bowel
acid	acid
mistranslation	mistranslate ion
ayah	ayah
plucky	pluck y
schnorkel	schnorkel
pious	pious
friendlessness	friendless ness
button	button
maidenhood	maiden hood
creakily	creaky ly
quizzically	quizzical ly
hooter	hoot er
toothy	tooth y
foreplay	fore play
plus	plus
wrinkle	wrinkle
sulphonamide	sulphonamide
cable	cable
vaunter	vaunt er
twitterer	twitter er
nimbleness	nimble ness
accommodations	accommodations
objurgation	objurgate ion
nearness	near ness
thousandfold	thousandfold
tearlessly	tearless ly
pleasurably	pleasurable ly
nineteenth	nineteen th
facilely	facile ly
tinniness	tinny ness
ooze	ooze
denominate	de nominate
caressingly	caressing ly
wrongfully	wrongful ly
reflexes	reflexes
swill	swill
refutable	refute able
furiousness	furious ness
unadvisedly	unadvised ly
dullness	dull ness
attentiveness	attentive ness
ungenerous	un generous
noble	noble
plastered	plastered
scolding	scolding
stalwartly	stalwart ly
sextette	sextette
orders	orders
terminate	terminate
studio	studio
animation	animate ion
clearly	clear ly
enshrine	en shrine
callowness	callow ness
cliched	cliche ed
fetishist	fetishist
saxifrage	saxifrage
reciprocation	reciprocate ion
prolongation	prolong ation
balconied	balcony ed
mendaciously	mendacious ly
faggot	faggot
smut	smut
hopeless	hope less
concert	concert
coif	coif
knocker	knock er
dye	dye
crusader	crusade er
sensor	sense or
stead	stead
ungrudging	un grudging
compression	compress ion
dissoluble	dis soluble
misuse	misuse
latecomer	late come er
drummer	drum er
hysterics	hysteric s
inside	inside
link	link
checkers	checkers
capriciously	capricious ly
internee	intern ee
playfulness	playful ness
stuffing	stuffing
inclusive	inclusion ive
shrinkage	shrink age
shorten	short en
howling	howling
boorish	boor ish
overtly	overt ly
zealousness	zealous ness
sect	sect
abdication	abdicate ion
chairmanship	chairman ship
retell	re tell
ton	ton
least	least
league	league
dumps	dumps
epic	epic
squareness	square ness
mass	mass
eft	eft
pointillist	pointillism ist
wrongheaded	wrong head ed
batter	bat er
ink	ink
leprechaun	leprechaun
prohibitive	prohibition ive
cackle	cackle
malevolence	malevolent ence
principally	principal ly
insensitively	insensitive ly
beautifully	beautiful ly
area	area
decompression	decompress ion
nationalistically	nationalistic ally
dynamo	dynamo
sooty	soot y
incarnation	incarnate ion
afoot	afoot
sectional	section al
grievous	grief ous
harlotry	harlot ry
factorize	factor ize
potheen	potheen
whereto	whereto
psychoanalytic	psychoanalysis ic
lectern	lectern
cumbersome	cumber some
grot	grot
bedaub	be daub
ramekin	ramekin
dissension	dissent ion
mayoral	mayor al
sue	sue
disputation	dispute ation
proximately	proximate ly
tutu	tutu
anchoress	anchorite ess
pitiful	pity ful
unperson	un person
jumper	jump er
chicle	chicle
smilax	smilax
palliation	palliate ion
bacchanalian	bacchanal ian
communicable	communicate able
pregnancy	pregnant ancy
hello	hello
provincial	provincial
darkness	dark ness
ambassadress	ambassador ess
gynaecologist	gynaecology ist
girlish	girl ish
fleet	fleet
shaving	shaving
poised	poised
assignation	assign ation
floral	flora al
gladly	glad ly
quaver	quaver
feel	feel
possessed	possessed
township	town ship
wizardry	wizard ry
trivialize	trivial ize
bannock	bannock
simply	simple ly
cumbrous	cumber ous
volunteer	volunteer
panelling	panelling
unimpeachably	unimpeachable ly
haulier	haul ier
scope	scope
ploy	ploy
saurian	saurian
charger	charge er
antibiotic	antibiotic
guilefully	guileful ly
crank	crank
funerary	funeral ary
mirthfully	mirthful ly
anomalously	anomalous ly
unevenly	un even ly
small	small
nourish	nourish
inmate	in mate
shag	shag
ticket	ticket
indescribable	in describable
goddess	god ess
lakh	lakh
shelf	shelf
obligatory	obligation ory
incomprehensible	in comprehensible
disquieting	disquieting
detour	de tour
discus	discus
creel	creel
euphonious	euphony ous
undistinguished	un distinguished
expatriate	expatriate
fieriness	fiery ness
rockiness	rocky ness
punishing	punishing
letter	letter
playlet	play let
handleable	handle able
indiscreetly	indiscreet ly
bigamist	bigamy ist
modern	modern
squatter	squat er
legislatively	legislative ly
philologically	philological ly
inclusively	inclusive ly
atrocity	atrocious ity
patchily	patchy ly
indigenously	indigenous ly
roof	roof
mighty	might y
reliably	reliable ly
viable	viable
retake	re take
circulation	circulate ion
frankfurter	Frankfurt er
compactly	compact ly
yak	yak
vicariousness	vicarious ness
anonymity	anonymous ity
lustre	lustre
conceivably	conceivable ly
tat	tat
nightmarishly	nightmarish ly
evidence	evident ence
dewy	dew y
sticker	stick er
discontent	discontent
billsticker	bill stick er
knightly	knight ly
grid	grid
anarchistically	anarchistic ally
rock	rock
bolero	bolero
jobless	job less
peacemaker	peace make er
rallentando	rallentando
collected	collected
discipline	discipline
invincibly	invincible ly
whites	white s
easiness	easy ness
morn	morn
hark	hark
tinter	tint er
corrupt	corrupt
orderly	order ly
impressionable	impression able
braggadocio	braggadocio
blotter	blot er
fogginess	foggy ness
donkey	donkey
brilliantine	brilliant ine
cocoon	cocoon
whereby	whereby
oafishness	oafish ness
sacramental	sacrament al
writhe	writhe
sluggish	slug ish
prospect	prospect
nog	nog
fractiously	fractious ly
dalesman	dale s man
frothy	froth y
crabwise	crab wise
planless	plan less
showery	shower y
coign	coign
engraving	engraving
strangeness	strange ness
bowler	bowl er
sonny	son y
insecure	in secure
other	other
whaler	whale er
endurable	endure able
scintilla	scintilla
blister	blister
clockwise	clock wise
penitently	penitent ly
awfully	awful ly
spareness	spare ness
secrecy	secret cy
vivaciousness	vivacious ness
hurtfully	hurtful ly
elector	elect or
determinative	determination ive
sermon	sermon
undivided	un divided
fixedly	fixed ly
drover	drove er
milkiness	milky ness
fingerprint	fingerprint
fatuously	fatuous ly
immodestly	immodest ly
incongruity	incongruous ity
alga	alga
constipated	constipated
utilizable	utilize able
factually	factual ly
bereft	bereft
farcically	farcical ly
cruet	cruet
figuratively	figurative ly
psychotically	psychotic ally
whereupon	whereupon
motionlessly	motionless ly
achieve	achieve
sorrow	sorrow
indefiniteness	indefinite ness
gall	gall
curmudgeon	curmudgeon
puree	puree
pearliness	pearly ness
scarcity	scarce ity
statistics	statistics
orchestration	orchestrate ion
honorific	honorific
righteousness	righteous ness
swizzle	swizzle
calomel	calomel
exiguously	exiguous ly
loathing	loathing
oxidization	oxidize ation
jujitsu	jujitsu
lucent	lucent
surgically	surgical ly
exaggerated	exaggerated
fussiness	fussy ness
proconsulate	proconsul ate
dressing	dressing
proof	prove
subpoena	subpoena
conventional	convention al
punk	punk
wallow	wallow
significant	signify ant
rompers	rompers
dissent	dissent
bounciness	bouncy ness
timely	time ly
mislay	mis lay
interminably	interminable ly
haggis	haggis
dare	dare
armlet	arm let
foretaste	fore taste
overcrop	over crop
elated	elated
brothel	brothel
forward	forward
inkily	inky ly
protestingly	protesting ly
separability	separable ity
lovingly	loving ly
voluble	voluble
ranee	ranee
slog	slog
revise	revise
reviser	revise er
stagily	stagy ly
badger	badger
creole	creole
sureness	sure ness
outwards	outward s
squab	squab
sonant	sonant
cauterize	cautery ize
dint	dint
horned	horn ed
despotically	despotic ally
nigh	nigh
loco	loco
profitlessly	profitless ly
gob	gob
ladylike	lady like
reproof	reproof
educationalist	educational ist
hennaed	henna ed
plainness	plain ness
soundness	sound ness
polemically	polemical ly
rights	rights
unremittingly	unremitting ly
lyric	lyric
spanner	span er
poisoner	poison er
roneo	roneo
divulgence	divulge ence
entranced	entranced
expertness	expert ness
plague	plague
ribbon	ribbon
tire	tire
catatonic	catatonia ic
glumness	glum ness
sentinel	sentinel
resurgence	resurgent ence
eurhythmy	eurhythmy
rattle	rattle
objective	objective
flirt	flirt
distressful	distress ful
mollycoddle	mollycoddle
overmantel	over mantel
satin	satin
childishly	childish ly
misfire	misfire
presents	present s
prink	prink
maudlin	maudlin
spook	spook
hank	hank
tickle	tickle
adjudication	adjudicate ion
trample	trample
gauzy	gauze y
skyjacker	skyjack er
stinginess	stingy ness
torpidity	torpid ity
sacredness	sacred ness
cyclically	cyclical ly
tracery	trace ery
comb	comb
sluggishness	sluggish ness
equipped	equipped
recalcitrancy	recalcitrant ancy
leveller	level er
praline	praline
genre	genre
groin	groin
mahatma	mahatma
paraplegic	paraplegic
disinfection	disinfect ion
impulse	impulse
abrasively	abrasive ly
nurse	nurse
inopportunely	inopportune ly
indeterminable	in determinable
desegregation	desegregate ion
riskiness	risky ness
dumper	dump er
bug	bug
unease	un ease
immaculately	immaculate ly
teak	teak
arquebus	arquebus
lantern	lantern
summat	summat
bulb	bulb
valorous	valour ous
monkey	monkey
faultily	faulty ly
topgallant	topgallant
bellicose	bellicose
mongoose	mongoose
masterful	master ful
hieroglyphic	hieroglyph ic
opera	opera
creative	creation ive
conception	conceive ion
streamlet	stream let
eighteen	eighteen
sadist	sadism ist
raceme	raceme
consolidate	con solid ate
gondolier	gondola ier
invader	invade er
knoll	knoll
ironclad	ironclad
unhealthy	un healthy
enzyme	enzyme
lock	lock
cantaloup	cantaloup
net	net
sulphuric	sulphur ic
utensil	utensil
expedition	expedite ion
atrophy	atrophy
blessedly	blessed ly
nullah	nullah
initiate	initiate
demagogy	demagogue y
engulf	en gulf
politicization	politicize ation
degeneratively	degenerative ly
screwy	screw y
navigable	navigate able
underlie	under lie
regulo	Regulo
frilly	frill y
mackintosh	mackintosh
nonsensical	nonsense ical
expertly	expert ly
wily	wile y
impress	impress
fifty	five ty
wheezy	wheeze y
authorization	authorize ation
sword	sword
pylon	pylon
energetically	energetic ally
irreproachably	irreproachable ly
indiscipline	in discipline
gored	gore ed
insubordination	insubordinate ion
licensee	license ee
crawler	crawl er
causation	cause ation
newsiness	newsy ness
acquaintanceship	acquaintance ship
lewdness	lewd ness
printer	print er
staidness	staid ness
fatal	fate al
loom	loom
fink	fink
entreaty	entreat y
masochistic	masochist ic
trippingly	tripping ly
unbearably	unbearable ly
disruptively	disruptive ly
pad	pad
hierarchically	hierarchical ly
daintiness	dainty ness
interact	inter act
alternatively	alternative ly
improbably	improbable ly
prohibitionist	prohibition ist
honeycomb	honeycomb
charmer	charm er
caper	caper
embroidery	embroider ery
parry	parry
actuate	act ate
disinter	dis inter
remould	remould
hoyden	hoyden
luck	luck
rankness	rank ness
sturgeon	sturgeon
whirr	whirr
overseer	oversee er
fruitfulness	fruitful ness
puff	puff
commonness	common ness
cylindrically	cylindrical ly
alarming	alarming
coco	coco
vestry	vest ry
coy	coy
negus	negus
logging	logging
pied	pie ed
steps	steps
mayoress	mayor ess
radio	radio
incorporate	in corporate
dome	dome
resplendence	resplendent ence
laurelled	laurel ed
thermion	thermo ion
racing	racing
sophist	sophism ist
theological	theology ical
fountain	fountain
most	most
abstinence	abstinent ence
repentant	repent ant
method	method
auburn	auburn
sound	sound
march	march
handsome	hand some
unknowing	un knowing
appalling	appalling
embarrassingly	embarrassing ly
safeguard	safeguard
haze	haze
rhapsody	rhapsody
corrugation	corrugate ion
enplane	en plane
haft	haft
return	return
makeshift	makeshift
straight	straight
roue	roue
thane	thane
scandalmongering	scandalmonger ing
dispensation	dispense ation
delightful	delight ful
mistakenly	mistaken ly
luff	luff
sublimate	sublime ate
potentiality	potential ity
involuntarily	involuntary ly
precognition	pre cognition
capitalist	capitalist
monotonously	monotonous ly
rebelliously	rebellious ly
gelatin	gelatin
journalistically	journalistic ally
archer	arch er
striated	striated
zoning	zoning
restorative	restoration ive
dude	dude
inessential	inessential
uselessly	useless ly
twirler	twirl er
hosteller	hostel er
maiden	maiden
suffragan	suffragan
dress	dress
uncommon	un common
staunch	staunch
pebbly	pebble y
alone	alone
suavely	suave ly
abilities	abilities
imperative	imperative
beneficence	beneficent ence
soporifically	soporific ally
absorption	absorb ion
sassy	sass y
tenderly	tender ly
flee	flee
perennially	perennial ly
fluently	fluent ly
pule	pule
torrent	torrent
hem	hem
fifteenth	fifteenth
tiresomely	tiresome ly
orthopaedics	orthopaedic s
infinitive	infinitive
helping	helping
lukewarmness	lukewarm ness
mick	mick
negotiator	negotiate or
nap	nap
sib	sib
chaff	chaff
mew	mew
supra	supra
heraldry	herald ry
gavotte	gavotte
suppose	suppose
plenteousness	plenteous ness
excuse	excuse
taxidermist	taxidermy ist
loath	loath
plantain	plantain
inconsistent	in consistent
concurrently	concurrent ly
deliberate	deliberate
copper	copper
unquestionably	unquestionable ly
miscarry	mis carry
primness	prim ness
subnormal	sub normal
shop	shop
lank	lank
reproductive	re productive
tactful	tact ful
ten	ten
rectifier	rectify er
untangle	un tangle
penalty	penal ty
sedge	sedge
sporadically	sporadic ally
gad	gad
jocose	jocose
wolfsbane	wolf s bane
doctor	doctor
undercart	under cart
prepack	pre pack
fruity	fruit y
viciously	vicious ly
plurality	plural ity
rateability	rateable ity
largeish	large ish
maverick	maverick
inch	inch
fairness	fair ness
statesman	state s man
fetching	fetching
troy	troy
warder	ward er
beau	beau
crate	crate
overnight	over night
within	with in
chump	chump
conditioned	conditioned
mutely	mute ly
footle	footle
faeces	faeces
infestation	infest ation
imaginable	imagine able
inflamed	inflamed
clippers	clippers
overgrown	over grown
cow	cow
dramatic	drama ic
westerner	western er
myrmidon	Myrmidon
curtness	curt ness
bobs	bob s
churchgoer	church go er
gerrymander	gerrymander
rapt	rapt
envious	envy ous
staging	staging
comfrey	comfrey
receivable	receive able
bustle	bustle
inoffensive	in offensive
expressionless	expression less
polygamous	polygamy ous
slackness	slack ness
fluoridization	fluoridize ation
grossness	gross ness
victual	victual
sheen	sheen
unearthly	un earthly
cautionary	caution ary
tench	tench
molasses	molasses
seventeenth	seventeen th
trustfulness	trustful ness
yeomanry	yeoman ry
floss	floss
disgust	disgust
transfusion	transfuse ion
horizontally	horizontal ly
wakefulness	wakeful ness
canvas	canvas
suction	suck ion
anaesthetist	anaesthesia ist
undoing	undoing
scrofula	scrofula
milch	milch
burg	burg
beastliness	beastly ness
ineffably	ineffable ly
lightly	light ly
sixtieth	sixtieth
proprietor	propriety or
remould	re mould
porosity	porous ity
war	war
contusion	contuse ion
jailer	jail er
despoil	de spoil
stagnation	stagnate ion
integrated	integrated
fresher	fresh er
barbed	barb ed
unfortunate	unfortunate
capaciously	capacious ly
considered	considered
pinkish	pink ish
cautiousness	cautious ness
particularity	particular ity
sierra	sierra
cheerfulness	cheerful ness
androgynous	androgyne ous
lineage	line age
intelligibly	intelligible ly
corruption	corrupt ion
poker	poke er
oligarch	oligarch
weirdness	weird ness
whale	whale
spinach	spinach
tempest	tempest
liveliness	lively ness
difficult	difficult
drift	drift
artistically	artistic ally
embolden	em bold en
fledged	fledged
woad	woad
motor	motor
gosling	goose ling
trail	trail
virologist	virology ist
foredoom	fore doom
pantheist	pantheism ist
clandestinely	clandestine ly
dolorously	dolorous ly
angling	angling
libellous	libel ous
regnant	reign ant
bearing	bearing
fortunately	fortunate ly
ebb	ebb
luminously	luminous ly
dissociation	dissociate ion
specs	spectacles
shopper	shop er
anteater	ant eater
skew	skew
speediness	speedy ness
refuse	refuse
dispassionately	dispassionate ly
abdominal	abdomen al
incarnate	incarnate
pacesetter	pace set er
cantankerously	cantankerous ly
gulp	gulp
dispiritedly	dispirited ly
unfortunate	un fortunate
bar	bar
indwell	in dwell
razzle	razzle
litter	litter
visitant	visit ant
parenthood	parent hood
disturbed	disturbed
omnipresence	omnipresent ence
resourcefully	resourceful ly
overarm	overarm
muggins	muggins
wakeful	wake ful
outstay	out stay
rushy	rush y
temperamental	temperament al
pestilential	pestilence ial
soaker	soak er
shack	shack
pompous	pomp ous
tittle	tittle
participant	participate ant
reach	reach
detergent	detergent
unbind	un bind
tare	tare
myopic	myopia ic
vacantly	vacant ly
lamprey	lamprey
cajole	cajole
innocence	innocent ence
pupate	pupa ate
devotions	devotions
rendezvous	rendezvous
surmise	surmise
further	further
adeptly	adept ly
aimlessly	aimless ly
geographically	geographical ly
mistaken	mistaken
boned	boned
assorted	assorted
tributary	tribute ary
flaccidity	flaccid ity
impassioned	impassioned
toughly	tough ly
commutable	commute able
deceitfulness	deceitful ness
rowdiness	rowdy ness
shaker	shake er
adhesive	adhesion ive
probability	probable ity
frightened	frightened
lamp	lamp
plentiful	plenty ful
normal	normal
portraitist	portrait ist
punctiliously	punctilious ly
subcutaneous	sub cutaneous
facility	facile ity
interchange	interchange
glimmer	glimmer
actually	actual ly
woodpecker	wood peck er
flick	flick
deputize	deputy ize
tired	tired
overhear	over hear
unknown	un known
garble	garble
race	race
nope	nope
overdose	over dose
extemporization	extemporize ation
rains	rains
teasel	teasel
bolt	bolt
standoffishness	standoffish ness
concomitantly	concomitant ly
chukka	chukka
spectacle	spectacle
bedevil	be devil
tumbrel	tumbrel
trigger	trigger
glutton	glutton
fornication	fornicate ion
monstrously	monstrous ly
thermoplastic	thermoplastic
styrene	styrene
rusticity	rustic ity
sunbather	sunbathe er
motley	motley
incubation	incubate ion
breech	breech
prospector	prospect or
clannishness	clannish ness
tear	tear
typify	type ify
smithy	smith y
venison	venison
downhill	downhill
sectarianism	sectarian ism
provocative	provocation ive
primal	prime al
calla	calla
forepart	fore part
boost	boost
angst	angst
personify	person ify
mention	mention
jingle	jingle
technicality	technical ity
abjuration	abjure ation
definable	define able
fervently	fervent ly
fiftieth	fiftieth
sceptically	sceptical ly
hearse	hearse
wry	wry
piteously	piteous ly
suitableness	suitable ness
hereunder	here under
signification	signify ation
projectile	projectile
hymen	hymen
rouble	rouble
cattiness	catty ness
fate	fate
accentuate	accent ate
youthfully	youthful ly
flatness	flat ness
elation	elate ion
rover	rove er
droppings	dropping s
garage	garage
piously	pious ly
wreck	wreck
penetratively	penetrative ly
librarianship	librarian ship
scene	scene
broil	broil
surplus	surplus
deceiver	deceive er
doubly	double ly
hypochondriac	hypochondriac
disgorge	dis gorge
abettor	abet or
fidget	fidget
vary	vary
unlike	un like
diet	diet
mellowness	mellow ness
chopper	chop er
fierily	fiery ly
lenience	lenient ence
nearly	near ly
erudition	erudite ion
unalterably	un alterable ly
whiskers	whiskers
programme	programme
vertebral	vertebra al
overlong	over long
pinch	pinch
grudge	grudge
affirmatively	affirmative ly
besiege	be siege
crushing	crushing
wetness	wet ness
pulpy	pulp y
shares	shares
incurable	in curable
recuperation	recuperate ion
inter	inter
ambitiously	ambitious ly
yardage	yard age
parabolically	parabolical ly
regretful	regret ful
cloth	cloth
quarantine	quarantine
craze	craze
pasturage	pasture age
ginger	ginger
jasmine	jasmine
informant	inform ant
clan	clan
ageing	ageing
hexagonal	hexagon al
brake	brake
otiose	otiose
optative	optative
pulpit	pulpit
nasalize	nasal ize
involuntary	in voluntary
daemon	daemon
sulphate	sulphur ate
succubus	succubus
hoydenish	hoyden ish
justness	just ness
savoury	savour y
sapiently	sapient ly
habit	habit
kurus	kurus
purebred	purebred
safeness	safe ness
transcendently	transcendent ly
sure	sure
wold	wold
manila	Manila
frighteningly	frightening ly
collaborate	col labour ate
harmattan	harmattan
nadir	nadir
effervescence	effervescent ence
formless	form less
unwilling	un willing
fat	fat
rhomboidal	rhomboid al
ticklish	tickle ish
diner	dine er
briskly	brisk ly
sweeping	sweeping
accidental	accident al
condone	condone
heave	heave
festivity	festive ity
scruple	scruple
dislike	dislike
doggedness	dogged ness
film	film
site	site
inexpiably	inexpiable ly
bascule	bascule
commodiously	commodious ly
entrenched	entrenched
stated	stated
supplementary	supplement ary
consequentially	consequential ly
starkly	stark ly
quintessentially	quintessential ly
quantify	quantity ify
essential	essential
crooner	croon er
carat	carat
wag	wag
anticlockwise	anticlockwise
waspish	wasp ish
unprecedentedly	unprecedented ly
untinged	un tinged
pruriently	prurient ly
busby	busby
devastation	devastate ion
chickenhearted	chicken heart ed
adaptable	adapt able
shipboard	ship board
divisiveness	divisive ness
lack	lack
pencil	pencil
key	key
anode	anode
mark	mark
eddy	eddy
saline	salt ine
bad	bad
tranquil	tranquil
clairvoyant	clairvoyant
computer	compute er
laze	laze
corker	cork er
shy	shy
burst	burst
cancel	cancel
disproportion	dis proportion
slavishly	slavish ly
lineal	line al
instructional	instruction al
waddle	waddle
asthma	asthma
proven	proven
immorality	immoral ity
trepan	trepan
arithmetician	arithmetic ian
brashly	brash ly
merciful	mercy ful
height	height
dust	dust
slap	slap
acquisitively	acquisitive ly
marshal	marshal
defroster	defrost er
heck	heck
whereat	whereat
decay	decay
thievishness	thievish ness
inconsequential	in consequential
wife	wife
foolish	fool ish
polder	polder
feeder	feed er
betwixt	betwixt
carpet	carpet
metaphor	metaphor
anklet	ankle let
severely	severe ly
thunderous	thunder ous
ragged	rag ed
effectualness	effectual ness
mill	mill
desalinize	de saline ize
shuck	shuck
plaint	plaint
yield	yield
wigwam	wigwam
albumen	albumen
illusionist	illusion ist
long	long
mascot	mascot
rollicking	rollicking
gutsy	guts y
palliasse	palliasse
introspective	introspection ive
chap	chap
impeller	impel er
eightieth	eighty th
starry	star y
shale	shale
dejected	dejected
intelligence	intelligent ence
peckish	peck ish
stagnantly	stagnant ly
weak	weak
duckling	duck ling
chick	chick
liturgically	liturgical ly
germ	germ
ephemerally	ephemeral ly
devitalize	de vitalize
ganger	gang er
swingeing	swingeing
rub	rub
uphill	uphill
lint	lint
bindery	bind ery
sneaking	sneaking
wizard	wizard
realistically	realistic ally
perfectionist	perfection ist
adjectival	adjective al
prefab	prefabrication
introvert	introvert
immobilize	immobile ize
circumferential	circumference ial
toppingly	topping ly
inmost	in most
porcelain	porcelain
ketchup	ketchup
eulogist	eulogy ist
raft	raft
bright	bright
irritation	irritate ion
flute	flute
aspiration	aspire ation
confirmation	confirm ation
equivalence	equivalent ence
combustion	combust ion
cordial	cordial
wrestler	wrestle er
sojourn	sojourn
infinity	infinite y
sequestered	sequestered
cluck	cluck
citron	citron
racketeering	racketeering
emulsify	emulsion ify
extemporaneousness	extemporaneous ness
apprehensively	apprehensive ly
convenience	convenient ence
geometrical	geometry ical
supertax	super tax
decencies	decencies
unclean	un clean
composedly	composed ly
wrongly	wrong ly
surpliced	surplice ed
revolutionize	revolution ize
wait	wait
visualize	visual ize
openheartedly	openhearted ly
insipid	insipid
overt	overt
kinetics	kinetic s
verdict	verdict
leucotomize	leucotomy ize
thicken	thick en
solidus	solidus
ornamentation	ornament ation
beginner	begin er
dowsing	dowsing
rhododendron	rhododendron
whereon	whereon
sepulchral	sepulchre al
vulgarization	vulgarize ation
tuner	tune er
philanthropically	philanthropic ally
penniless	penny less
stanza	stanza
compiler	compile er
timothy	timothy
falsification	falsify ation
communism	commune ism
unaccustomed	un accustomed
leech	leech
elegiacal	elegy al
sardine	sardine
murkily	murky ly
creditor	credit or
trilaterally	trilateral ly
thrush	thrush
mathematically	mathematical ly
diabolically	diabolical ly
utilitarian	utilitarian
unobtrusively	unobtrusive ly
accumulative	accumulation ive
correlate	correlate
flasher	flash er
skive	skive
sonority	sonorous ity
pluck	pluck
paternally	paternal ly
dough	dough
fruit	fruit
remark	re mark
additive	addition ive
perfidiousness	perfidious ness
betrothed	betrothed
serial	serial
quantitatively	quantitative ly
genus	genus
loathe	loath
subject	subject
miserliness	miserly ness
argon	argon
gorse	gorse
crackling	crackling
defenceless	defence less
maddening	maddening
extemporize	extempore ize
merit	merit
diffraction	diffract ion
ambitious	ambition ous
disaffect	dis affect
excitability	excitable ity
manatee	manatee
expressionism	expression ism
thug	thug
cinema	cinema
disconcert	dis concert
disjunction	dis junction
prolapse	prolapse
repot	re pot
spoon	spoon
separate	separate
pastrami	pastrami
hoaxer	hoax er
walrus	walrus
boastfully	boastful ly
serpent	serpent
soap	soap
supercargo	super cargo
unanimity	unanimous ity
chipmunk	chipmunk
delusion	delude ion
seminarist	seminary ist
poplar	poplar
neat	neat
warrantor	warrant or
stork	stork
shrewd	shrewd
philosophic	philosophy ic
groat	groat
directive	direction ive
merciless	mercy less
jeep	jeep
foremost	foremost
indulgently	indulgent ly
predicatively	predicative ly
cannibal	cannibal
reverently	reverent ly
scrimshaw	scrimshaw
review	re view
colonizer	colonize er
cowling	cowling
soundings	sounding s
mayor	mayor
etiolation	etiolate ion
direct	direct
chivalrous	chivalry ous
eleventh	eleventh
manicure	manicure
powerful	power ful
seedily	seedy ly
prostration	prostrate ion
chunk	chunk
zebra	zebra
buffoonery	buffoon ery
root	root
cockle	cockle
dampish	damp ish
penuriously	penurious ly
quickly	quick ly
glossy	gloss y
diploma	diploma
thanklessly	thankless ly
intellect	intellect
dejection	deject ion
puritan	puritan
hesitantly	hesitant ly
induction	induct ion
laxative	laxation ive
sadden	sad en
paladin	paladin
mastermind	mastermind
manhattan	manhattan
intensify	intense ify
total	total
boisterously	boisterous ly
mono	mono
salvation	salvage ation
melon	melon
question	question
adversely	adverse ly
examiner	examine er
which	which
vocalize	vocal ize
whopper	whop er
fifth	fifth
unwind	un wind
negative	negative
quadrophonic	quadrophony ic
gluey	glue y
smelly	smell y
spuriousness	spurious ness
swain	swain
floor	floor
occasionally	occasional ly
inanimately	inanimate ly
penalize	penal ize
smell	smell
lowness	low ness
kindle	kindle
banker	bank er
unnecessarily	unnecessary ly
jag	jag
jumpiness	jumpy ness
pile	pile
weevil	weevil
epileptic	epilepsy ic
hauntingly	haunting ly
swinishly	swinish ly
generality	general ity
weed	weed
greyness	grey ness
skip	skip
leopardess	leopard ess
cheapness	cheap ness
motherly	mother ly
stuffiness	stuffy ness
chesty	chest y
headachy	headache y
sash	sash
saw	saw
rote	rote
quintal	quintal
incredulous	in credulous
jimmy	jimmy
heir	heir
grumbling	grumbling
borrower	borrow er
bunk	bunk
pipe	pipe
bate	bate
nattily	natty ly
ream	ream
desensitize	de sensitize
herbal	herb al
insatiate	in satiate
moaner	moan er
inconceivable	in conceivable
redolence	redolent ence
malcontented	malcontent ed
bequest	be quest
cholerically	choleric ally
uppish	up ish
dismember	dis member
trusteeship	trustee ship
weeds	weeds
tress	tress
dunk	dunk
monitor	monitor
eight	eight
locomotive	locomotive
reticulation	reticulate ion
swordsmanship	swordsman ship
mimosa	mimosa
rush	rush
unearth	un earth
isolationist	isolationism ist
undeceive	un deceive
toby	toby
canoeist	canoe ist
joyfully	joyful ly
pockmarked	pockmark ed
cougar	cougar
incineration	incinerate ion
heterosexually	heterosexual ly
bombastically	bombastic ally
dubbing	dubbing
vandalize	vandal ize
coir	coir
oval	oval
salivation	salivate ion
stinker	stink er
hollow	hollow
serve	serve
insertion	insert ion
irresolution	irresolute ion
assessor	assess or
extension	extend ion
edict	edict
wrapping	wrapping
complexity	complex ity
bisexuality	bisexual ity
maraschino	maraschino
prissiness	prissy ness
payable	pay able
church	church
dip	dip
stucco	stucco
sweep	sweep
masturbatory	masturbation ory
impishness	impish ness
amorousness	amorous ness
reiteration	reiterate ion
matriarchal	matriarch al
confiscation	confiscate ion
chivy	chivy
forefinger	fore finger
portentously	portentous ly
daydreamer	daydream er
anus	anus
semolina	semolina
sweetly	sweet ly
temperateness	temperate ness
pushing	pushing
masturbation	masturbate ion
fascinatingly	fascinating ly
lamentable	lament able
goof	goof
tendril	tendril
algebra	algebra
flavour	flavour
proposer	propose er
percentage	percent age
renewal	renew al
guilelessly	guileless ly
propeller	propel er
vitalization	vitalize ation
nick	nick
modestly	modest ly
cheapen	cheap en
winch	winch
umbrella	umbrella
iota	iota
tributary	tributary
wainscoted	wainscot ed
hyphenation	hyphenate ion
grievousness	grievous ness
aeronautical	aeronaut ical
dispossessed	dispossessed
westwards	westward s
perpetually	perpetual ly
fixate	fix ate
voyeuristically	voyeuristic ally
egotism	ego ism
fatefully	fateful ly
wise	wise
those	those
ulster	ulster
talus	talus
jerkin	jerkin
confectionery	confection ery
jettison	jettison
seniority	senior ity
peevishly	peevish ly
extremely	extreme ly
soccer	soccer
unionize	union ize
clink	clink
gelding	gelding
exceptional	exception al
inaccuracy	inaccurate cy
respectfully	respectful ly
bemuse	be muse
eligibly	eligible ly
astir	astir
archaism	archaic ism
typical	type ical
frigidness	frigid ness
thousandth	thousandth
appointee	appoint ee
dangerous	danger ous
underplay	under play
whole	whole
stately	state ly
amplify	ample ify
faithfully	faithful ly
girlie	girl ie
mousse	mousse
selection	select ion
windy	wind y
mush	mush
discernibly	discernible ly
autumn	autumn
bismuth	bismuth
snook	snook
cistern	cistern
rubbery	rubber y
nameless	name less
event	event
bashfulness	bashful ness
dogmatical	dogma ical
stony	stone y
interpose	inter pose
spurt	spurt
heartlessly	heartless ly
deterministic	determinism ic
determine	determine
occupier	occupy er
redo	re do
replace	re place
hurdle	hurdle
twister	twist er
rearward	rearward
respectability	respectable ity
discourteously	discourteous ly
ringer	ring er
incestuous	incest ous
wain	wain
horrific	horrify ic
remilitarize	re militarize
onerousness	onerous ness
authoress	author ess
generator	generate or
seriatim	seriatim
hectare	hectare
doll	doll
irrigable	irrigate able
patience	patient ence
sumptuously	sumptuous ly
era	era
sybarite	Sybaris ite
disquiet	disquiet
dishy	dish y
interchange	inter change
discredit	discredit
bothersome	bother some
smirch	smirch
rower	row er
recommendation	recommend ation
thinness	thin ness
cuirass	cuirass
merchant	merchant
rawness	raw ness
would	would
oaken	oak en
supporter	support er
overawe	over awe
appointments	appointments
workable	work able
occupy	occupy
paraplegic	paraplegia ic
sighting	sighting
paras	paratroops
louse	louse
smacker	smack er
creation	create ion
ashes	ashes
epidemic	epidemic
scoffer	scoff er
herb	herb
barrelled	barrelled
seamless	seam less
titillation	titillate ion
nerves	nerves
myopically	myopic ally
cussed	cussed
moreover	more over
rooms	rooms
telephotographic	telephotography ic
intentness	intent ness
unspeakable	un speakable
protection	protect ion
dumbly	dumb ly
illuminating	illuminating
tarantelle	tarantelle
confiscatory	confiscation ory
semaphore	semaphore
cynicism	cynic ism
unbeknownst	unbeknownst
crumple	crumple
indelicacy	indelicate cy
sis	sister
productiveness	productive ness
voodooism	voodoo ism
vicissitude	vicissitude
coupon	coupon
devilish	devilish
guileful	guile ful
scorching	scorching
quarterly	quarter ly
bodily	body ly
signaller	signal er
prosperous	prosper ous
foreknow	fore know
sabra	sabra
lusciousness	luscious ness
exclusiveness	exclusive ness
punt	punt
dementedly	demented ly
convert	convert
fact	fact
machinery	machine ery
flagellation	flagellate ion
cordiality	cordial ity
beat	beat
gibbon	gibbon
overdrive	over drive
pennant	pennant
indestructibly	indestructible ly
venomed	venom ed
shew	shew
charivari	charivari
bream	bream
baggy	bag y
irrationality	irrational ity
evanescence	evanescent ence
urbanization	urbanize ation
suborbital	sub orbital
questioningly	questioning ly
incumbent	incumbent
beneficently	beneficent ly
familial	family al
emphatically	emphatic ally
impersonator	impersonate or
millionfold	millionfold
tousle	tousle
catastrophe	catastrophe
rally	rally
megalithic	megalith ic
tyrannical	tyrant ical
materialistic	materialist ic
washing	washing
donjon	donjon
interpreter	interpret er
greyish	grey ish
notability	notable ity
ceremoniously	ceremonious ly
puss	puss
creativity	creative ity
helper	help er
meditatively	meditative ly
ornamentally	ornamental ly
balm	balm
fortifiable	fortify able
griminess	grimy ness
operational	operation al
liberally	liberal ly
relatively	relative ly
virginity	virgin ity
caboose	caboose
biretta	biretta
debt	debt
abbot	abbot
metronome	metronome
ritualistic	ritualist ic
psychologically	psychological ly
intolerable	in tolerable
crowd	crowd
dixie	dixie
cussedly	cussed ly
etcher	etch er
levant	levant
harness	harness
variableness	variable ness
racist	racism ist
gullibly	gullible ly
flax	flax
controller	control er
woody	wood y
undercarriage	under carriage
sundries	sundry s
snobby	snob y
pommel	pommel
dew	dew
confidentiality	confidential ity
becoming	becoming
topaz	topaz
sarcastic	sarcasm ic
happen	happen
stammering	stammering
sincere	sincere
reborn	re born
sheepish	sheep ish
purge	purge
conditional	conditional
apostate	apostasy ate
following	following
telegraphically	telegraphic ally
tan	tan
ruggedly	rugged ly
pantingly	pant ing ly
defencelessly	defenceless ly
viva	viva
wash	wash
deary	dear y
rouse	rouse
winnings	winning s
surrealist	surrealism ist
nonfiction	non fiction
howdah	howdah
manufacture	manufacture
gainful	gain ful
sentimentalism	sentimental ism
navel	navel
frill	frill
stoutly	stout ly
registration	register ation
sidetrack	sidetrack
technological	technology ical
carbonize	carbon ize
canalize	canal ize
soundly	sound ly
stoke	stoke
documentary	document ary
dishonest	dis honest
teleologist	teleology ist
alpinist	alpinism ist
disyllabic	disyllable ic
inquisitorial	inquisitor ial
radically	radical ly
disingenuousness	disingenuous ness
crumbly	crumble y
blender	blend er
loamy	loam y
tights	tight s
balcony	balcony
thievish	thief ish
paints	paints
steel	steel
casing	casing
phut	phut
supernova	super nova
sightly	sight ly
unleash	un leash
barbaric	barbarian ic
groggily	groggy ly
garrulity	garrulous ity
reservation	reserve ation
prefigure	pre figure
fuchsia	fuchsia
abstainer	abstain er
crustiness	crusty ness
shadowboxing	shadowboxing
picket	picket
smugly	smug ly
sadism	Sade ism
agnosticism	agnostic ism
scone	scone
crispness	crisp ness
nightly	nightly
interpellation	interpellate ion
mist	mist
cattish	cat ish
groundlessly	groundless ly
wench	wench
edgily	edgy ly
softness	soft ness
explanatory	explanation ory
clavicle	clavicle
mellow	mellow
cod	cod
alluring	alluring
accost	accost
effeminately	effeminate ly
disarray	dis array
holland	holland
patella	patella
jobber	job er
habitation	habit ation
ben	ben
stratify	stratum ify
anthropophagous	anthropophagy ous
mosque	mosque
foolishness	foolish ness
overall	overall
mesmeric	mesmerism ic
premier	premier
foolishly	foolish ly
fitfully	fitful ly
gropingly	grope ing ly
muted	muted
mechanize	mechanic ize
smoothness	smooth ness
tannin	tannin
modally	modal ly
depravation	deprave ation
plumpness	plump ness
downwind	downwind
limpidly	limpid ly
lilt	lilt
prize	prize
symbolic	symbol ic
money	money
gingko	gingko
nebulousness	nebulous ness
tailor	tailor
cynically	cynical ly
shrine	shrine
spectacularly	spectacular ly
wager	wage er
candidly	candid ly
gnu	gnu
supple	supple
changeability	changeable ity
uptown	uptown
encyclopedically	encyclopedic ally
purely	pure ly
bumper	bump er
glint	glint
nun	nun
bury	bury
understate	under state
dishful	dish ful
tormentor	torment or
feasibly	feasible ly
ethnologically	ethnological ly
presumptive	presumption ive
piggyback	piggyback
tabulator	tabulate or
preclusion	preclude ion
campus	campus
sedately	sedate ly
loin	loin
finalist	final ist
doddery	dodder y
perniciousness	pernicious ness
acclimatization	acclimatize ation
scenery	scene ery
readiness	ready ness
regretfulness	regretful ness
spatial	space ial
whitening	whitening
insularity	insular ity
seneschal	seneschal
archly	arch ly
smoker	smoke er
angel	angel
jerk	jerk
hurricane	hurricane
phobic	phobic
mural	mural
syrup	syrup
allopathically	allopathical ly
steadiness	steady ness
priestess	priest ess
interpolation	interpolate ion
laxative	laxative
type	type
timorousness	timorous ness
miaou	miaou
noticeable	notice able
foolhardiness	foolhardy ness
moodily	moody ly
chronicle	chronicle
largeness	large ness
wildly	wild ly
docker	dock er
balance	balance
totally	total ly
healing	healing
antibiotically	antibiotic ally
petrologist	petrology ist
facilities	facilities
secretarial	secretary al
rubric	rubric
pacifically	pacific ally
plutocratic	plutocrat ic
solicitously	solicitous ly
glutinous	gluten ous
harass	harass
hubbub	hubbub
defame	de fame
influentially	influential ly
quire	quire
gilding	gilding
conjunction	conjoin ion
vein	vein
lean	lean
regression	regress ion
mists	mists
soberly	sober ly
engrossingly	engrossing ly
exhibitionistic	exhibitionist ic
expectancy	expectant ancy
oak	oak
irresponsibly	irresponsible ly
altruistic	altruist ic
moot	moot
journalist	journalism ist
effeteness	effete ness
faultless	fault less
hornet	hornet
megrim	megrim
rustless	rust less
ineligibility	ineligible ity
japan	japan
exchangeable	exchange able
incontinent	in continent
guillotine	guillotine
latticed	lattice ed
futurist	futurism ist
jocund	jocund
quoin	quoin
minimize	minimal ize
applied	applied
audit	audit
unaffected	un affected
seminal	semen al
councillor	council or
infirmary	infirm ary
shutter	shut er
breather	breathe er
compulsorily	compulsory ly
anecdotal	anecdote al
bellyful	belly ful
unbelief	un belief
thankfully	thankful ly
lyceum	lyceum
confusedly	confused ly
derby	derby
cotton	cotton
palatial	palace ial
colourful	colour ful
hog	hog
demonstrably	demonstrable ly
hideousness	hideous ness
wonder	wonder
libidinousness	libidinous ness
workmanlike	workman like
clang	clang
torridity	torrid ity
tartly	tart ly
avert	avert
malmsey	malmsey
vitrify	vitric ify
overstep	over step
effectiveness	effective ness
coincidence	coincident ence
juice	juice
underweight	under weight
laurels	laurels
usurp	usurp
shagginess	shaggy ness
conclave	conclave
ferociousness	ferocious ness
treasonous	treason ous
continual	continue al
crispy	crisp y
sleeplessness	sleepless ness
tacky	tack y
downheartedly	downhearted ly
dope	dope
tiller	till er
rarely	rare ly
iambic	iamb ic
catastrophic	catastrophe ic
bag	bag
ranger	range er
vibrantly	vibrant ly
prepossessing	prepossessing
simple	simple
pekoe	pekoe
booziness	boozy ness
spotlessness	spotless ness
floater	float er
marijuana	marijuana
coincidentally	coincidental ly
mockery	mock ery
pursuer	pursue er
codswallop	codswallop
memento	memento
underworld	under world
meaningless	meaning less
compendiously	compendious ly
bestrew	be strew
servilely	servile ly
mare	mare
titled	title ed
venomously	venomous ly
impracticality	impractical ity
formally	formal ly
band	band
graduation	graduate ion
placidity	placid ity
boys	boys
lusciously	luscious ly
allegorically	allegorical ly
rewrite	re write
misinform	mis inform
curling	curling
cellist	cello ist
occidental	Occident al
abundantly	abundant ly
epicurean	epicure an
attar	attar
friability	friable ity
orgasm	orgasm
ichneumon	ichneumon
octavo	octavo
stoned	stoned
jumble	jumble
mulishness	mulish ness
heftily	hefty ly
textile	textile
contumeliously	contumelious ly
mover	move er
wine	wine
pathological	pathology ical
incommunicable	in communicable
interim	interim
trestle	trestle
darts	darts
christening	christening
greenish	green ish
powdery	powder y
vault	vault
cracksman	crack s man
breathlessness	breathless ness
governing	governing
rumbling	rumbling
oppressiveness	oppressive ness
kaolin	kaolin
enkindle	en kindle
washable	wash able
remarkable	remark able
chambers	chambers
inequity	in equity
the	the
mortality	mortal ity
psychoanalytical	psychoanalysis ical
percussive	percussion ive
incredibly	incredible ly
ruinous	ruin ous
opprobriously	opprobrious ly
chalkiness	chalky ness
dethrone	de throne
sottishly	sottish ly
lawless	law less
barbarously	barbarous ly
paynim	paynim
bruiser	bruise er
crop	crop
draconian	Draco ian
morphine	morphia ine
undefended	un defended
candelabra	candelabra
jockey	jockey
slanderer	slander er
clarty	clarts y
counteraction	counteract ion
fichu	fichu
similarly	similar ly
octopus	octopus
splice	splice
inextricably	inextricable ly
sleepiness	sleepy ness
lave	lave
offensively	offensive ly
parachute	parachute
gibe	gibe
panga	panga
deucedly	deuced ly
pecker	peck er
provision	provide ion
sellotape	sellotape
cleverness	clever ness
refreshments	refreshments
ineffaceable	in efface able
traditionalism	traditional ism
frizzle	frizzle
awkwardness	awkward ness
freehanded	free hand ed
metricate	metric ate
strip	strip
rowdy	rowdy
wastage	waste age
liqueur	liqueur
paternalistically	paternalistic ally
benefactress	benefactor ess
supernumerary	super numerary
acidic	acid ic
goodnight	goodnight
immense	immense
excitable	excite able
heroine	hero ine
efficacity	efficacious ity
conviviality	convivial ity
harelipped	hare lip ed
demerara	demerara
toughie	tough ie
thanklessness	thankless ness
singularize	singular ize
jobless	jobless
sappy	sap y
skateboard	skateboard
persecution	persecute ion
arrack	arrack
slavey	slave y
keeps	keep s
phallic	phallus ic
numb	numb
briar	briar
contrapuntally	contrapuntal ly
recallable	recall able
tussle	tussle
reduplicate	re duplicate
sleek	sleek
insensate	in sense ate
inconsequentiality	inconsequential ity
radioactivity	radioactive ity
retread	re tread
fevered	fever ed
irreconcilably	irreconcilable ly
autobiographical	autobiography ical
burglarize	burglar ize
captivate	captive ate
allowable	allow able
acrimoniously	acrimonious ly
wantonly	wanton ly
hide	hide
vaingloriously	vainglorious ly
stowage	stow age
parboil	parboil
godlessness	godless ness
pitilessly	pitiless ly
roughcast	roughcast
dative	dative
invite	invitation
pusher	push er
acidulous	acidulate ous
are	are
well	well
inaugural	in augur al
chemically	chemical ly
predictability	predictable ity
buff	buff
catalogue	catalogue
deposit	deposit
concordant	concord ant
infra	infra
dismounted	dismounted
encipher	en cipher
sigh	sigh
euphemistically	euphemistic ally
calumniate	calumny ate
hurdler	hurdle er
illicitly	illicit ly
village	village
can	can
private	private
centrifugal	centrifuge al
faddishly	faddish ly
resuscitation	resuscitate ion
gregariousness	gregarious ness
waverer	waver er
ancient	ancient
felony	felon y
decorously	decorous ly
vale	vale
affirmation	affirm ation
stingo	stingo
astutely	astute ly
outbrave	out brave
trainable	train able
unanswered	un answered
inadvertently	inadvertent ly
alike	a like
seductively	seductive ly
instrumentation	instrument ation
godlike	god like
nitrate	nitre ate
fratricidal	fratricide al
rattler	rattle er
deletion	delete ion
motorize	motor ize
retrial	re trial
embosomed	em bosom ed
republican	republic an
requisite	requisite
likeness	like ness
nicety	nice ty
inflammatory	inflammation ory
squall	squall
infrequently	infrequent ly
mountain	mountain
keynote	keynote
palaver	palaver
courtly	court ly
subatomic	sub atomic
incandescently	incandescent ly
laughingly	laughing ly
recurrently	recurrent ly
rubber	rubber
shipping	shipping
peg	peg
haunting	haunting
sociably	sociable ly
slatted	slat ed
colonist	colony ist
recognizable	recognize able
ropey	rope y
goodbye	goodbye
spin	spin
timeless	time less
dogmatically	dogmatic ally
ineffectively	ineffective ly
spryly	spry ly
coverlet	cover let
substantiate	substance ate
vain	vain
cutter	cut er
ting	ting
insuperably	insuperable ly
litterateur	litterateur
sender	send er
younger	younger
kelvin	Kelvin
criminal	crime al
hither	hither
galosh	galosh
afloat	afloat
thickly	thick ly
probingly	probing ly
propitiously	propitious ly
scree	scree
quibble	quibble
unerringly	unerring ly
unsullied	un sullied
unctuously	unctuous ly
prospects	prospects
uncommitted	un committed
unlikely	un likely
tractability	tractable ity
valetudinarian	valetudinarian
active	action ive
deplorable	deplore able
whys	why s
rig	rig
surrey	surrey
neighbourly	neighbour ly
belt	belt
casuistry	casuist ry
irrigation	irrigate ion
eye	eye
stodgy	stodge y
create	create
arbitrariness	arbitrary ness
poove	poove
double	double
proofreader	proofread er
bazooka	bazooka
maritally	marital ly
conformation	conform ation
hang	hang
sweaty	sweat y
hypo	hypo
fez	fez
peace	peace
clerk	clerk
capillarity	capillary ity
minutely	minute ly
compatibly	compatible ly
stubborn	stubborn
mimetic	mimesis ic
determined	determined
neutralizer	neutralize er
nearsighted	near sight ed
million	million
impressiveness	impressive ness
wheat	wheat
wrongful	wrong ful
yacht	yacht
internationalist	internationalism ist
intertribal	inter tribal
ought	ought
ideologist	ideology ist
equip	equip
dividers	divide er s
thickening	thickening
feline	feline
salutation	salute ation
immediateness	immediate ness
uprightness	upright ness
indignity	in dignity
candle	candle
bagful	bag ful
plumbing	plumbing
effeminacy	effeminate cy
untiringly	untiring ly
frown	frown
day	day
unarmed	un armed
dory	dory
secularist	secularism ist
commemorative	commemoration ive
warship	war ship
politically	political ly
morphological	morphology ical
checkmate	checkmate
pug	pug
overload	overload
unseemliness	unseemly ness
spunky	spunk y
erection	erect ion
obviously	obvious ly
obese	obese
grass	grass
hoarsely	hoarse ly
broaden	broad en
disconcertingly	disconcerting ly
alternately	alternate ly
unholy	un holy
sever	sever
bole	bole
invertebrate	in vertebrate
bombastic	bombast ic
clog	clog
polio	polio
undertake	under take
someplace	some place
decimalize	decimal ize
sleepwalker	sleepwalk er
romper	romp er
trapper	trap er
mishit	mishit
tattered	tatter ed
villainies	villainy s
vaccine	vaccine
impact	impact
obstructive	obstruction ive
billowy	billow y
authoritarian	authoritarian
featherweight	featherweight
gamesman	game s man
supposing	supposing
wriggler	wriggle er
recount	re count
bosky	bosk y
wild	wild
finitely	finite ly
swelter	swelter
shakiness	shaky ness
journalism	journal ism
limp	limp
fleece	fleece
copra	copra
control	control
transcription	transcribe ion
happy	hap y
bougainvillaea	bougainvillaea
eighty	eight ty
evaluate	e value ate
fain	fain
covetous	covet ous
tocsin	tocsin
alien	alien
overweight	over weight
sophisticated	sophisticated
letters	letters
wristy	wrist y
proportionate	proportion ate
preserve	preserve
parlance	parlance
misconceive	mis conceive
predominantly	predominant ly
reafforestation	reafforest ation
livable	live able
diversity	diverse ity
preciosity	precious ity
earthling	earth ling
extermination	exterminate ion
budding	budding
decimal	decimal
dance	dance
spavin	spavin
telegrapher	telegraph er
subordination	subordinate ion
distillation	distil ation
secretively	secretive ly
coppery	copper y
carver	carve er
unionist	union ist
adoration	adore ation
gist	gist
bisection	bisect ion
educator	educate or
miffed	miffed
entrant	enter ant
nainsook	nainsook
peregrination	peregrinate ion
proclamation	proclaim ation
sloshed	sloshed
swine	swine
reinstate	re instate
clarinettist	clarinet ist
exploitation	exploit ation
amorphous	a morph ous
lithograph	lithograph
moisturize	moisture ize
shapely	shape ly
incorrigibility	incorrigible ity
tastily	tasty ly
discountenance	dis countenance
stodginess	stodgy ness
protector	protect or
benightedly	benighted ly
showily	showy ly
webbed	webbed
mahjong	mahjong
deflationary	deflation ary
unsparingly	unsparing ly
mutton	mutton
woof	woof
chubbiness	chubby ness
lettering	lettering
porcine	pork ine
undesirably	undesirable ly
kiss	kiss
pope	pope
snicker	snicker
hornless	horn less
intercession	intercede ion
biblical	bible ical
aeration	aerate ion
eurhythmic	eurhythmy ic
moil	moil
withdrawn	withdrawn
late	late
threateningly	threatening ly
buggery	bugger ery
deserving	deserving
suck	suck
outfit	outfit
itchy	itch y
redness	Red ness
underarm	under arm
obligingly	obliging ly
tope	tope
flitch	flitch
anthem	anthem
recess	recess
indirectness	indirect ness
inchoative	inchoate ive
skill	skill
dose	dose
affirmative	affirmation ive
semantics	semantic s
staggering	staggering
supplanter	supplant er
swat	swat
quadrillion	quadrillion
snicker	snick er
graft	graft
disgruntled	disgruntled
offence	offend ence
downright	downright
traditionalist	traditionalism ist
complex	complex
hassle	hassle
startlingly	startling ly
housing	housing
progression	progress ion
nirvana	nirvana
frames	frames
stupefaction	stupefy ion
testily	testy ly
moppet	moppet
sizing	size ing
courageously	courageous ly
marzipan	marzipan
parer	pare er
prosaically	prosaic ally
convent	convent
satisfying	satisfying
possessively	possessive ly
effusiveness	effusive ness
stimulation	stimulate ion
gemmed	gem ed
inconstant	in constant
phalarope	phalarope
sensitivity	sensitive ity
posit	posit
fetid	fetid
catsup	catsup
evaporate	e vapour ate
lawyer	law er
distinction	distinct ion
movable	move able
sympathizingly	sympathizing ly
protectively	protective ly
argue	argue
unconditionally	unconditional ly
accuser	accuse er
undercurrent	under current
galumph	galumph
roadless	road less
commensurably	commensurable ly
ambivalently	ambivalent ly
tenantry	tenant ry
scrounge	scrounge
tyrannically	tyrannical ly
torturer	torture er
caster	cast er
silvery	silver y
therein	there in
vengefully	vengeful ly
sweetness	sweet ness
forecast	fore cast
internalization	internalize ation
complacently	complacent ly
refrigeration	refrigerate ion
appro	approval
prematurely	premature ly
server	serve er
dibber	dib er
unscrupulous	un scrupulous
kidder	kid er
reportedly	report ed ly
snootily	snooty ly
toxicologist	toxicology ist
oversell	over sell
about	about
lyrics	lyrics
chlorination	chlorinate ion
rationally	rational ly
hot	hot
wavy	wave y
shipment	ship ment
remedially	remedial ly
joggle	joggle
compulsion	compel ion
lyrically	lyrical ly
egg	egg
measured	measured
fraudulence	fraudulent ence
treacherously	treacherous ly
toddler	toddle er
submerged	submerged
spikenard	spikenard
caliph	caliph
offhanded	offhand ed
brinksmanship	brink s man ship
incredible	in credible
betrayer	betray er
flannel	flannel
swatter	swat er
ride	ride
vagina	vagina
unassumingly	unassuming ly
placket	placket
grammar	grammar
functionalist	functionalist
reification	reify ation
impersonally	impersonal ly
perspicuously	perspicuous ly
blow	blow
ellipse	ellipse
terpsichorean	Terpsichore an
wheaten	wheat en
licentiousness	licentious ness
gnaw	gnaw
cubic	cube ic
shrift	shrift
unbroken	un broken
botanize	botany ize
creosote	creosote
jellaba	jellaba
beggarliness	beggarly ness
conjunct	conjunct
confederate	confederate
cellarage	cellar age
sanctimoniously	sanctimonious ly
restiveness	restive ness
grower	grow er
shore	shore
unbecoming	un becoming
outlaw	out law
trucking	truck ing
contentiously	contentious ly
convivially	convivial ly
spectral	spectre al
stun	stun
limitable	limit able
spar	spar
convolute	convolute
prenatally	prenatal ly
reward	reward
conscript	conscript
exultation	exult ation
interchangeably	interchangeable ly
fatherhood	father hood
priming	priming
yachtsman	yacht s man
rudeness	rude ness
racism	race ism
admittedly	admit ed ly
marcher	march er
ever	ever
heckler	heckle er
vociferousness	vociferous ness
appealingly	appealing ly
quean	quean
crackle	crackle
lucratively	lucrative ly
surrogate	surrogate
terminally	terminal ly
grieve	grieve
variable	vary able
presence	present ence
practice	practise
rustication	rusticate ion
monolithically	monolithic ally
guile	guile
garishness	garish ness
precipitously	precipitous ly
afore	afore
precision	precise ion
indistinguishably	indistinguishable ly
illness	ill ness
vertically	vertical ly
unseasoned	un seasoned
sacrificial	sacrifice ial
unfriendly	un friendly
underclothing	under clothing
gratis	gratis
algorithmic	algorithm ic
outweigh	out weigh
jackdaw	jackdaw
beard	beard
cretinous	cretin ous
flabbiness	flabby ness
discreetly	discreet ly
unnaturally	unnatural ly
patty	patty
mood	mood
mastication	masticate ion
freeload	free load
politicalize	political ize
pulchritudinous	pulchritude ous
pauperism	pauper ism
pureblooded	pure blood ed
homey	home y
lurid	lurid
pedestal	pedestal
scatterbrained	scatter brain ed
recriminatory	recrimination ory
lividly	livid ly
inhibitedly	inhibited ly
pilferer	pilfer er
forcefully	forceful ly
overhand	over hand
arsonist	arson ist
churlishness	churlish ness
mummer	mum er
fetish	fetish
uncertainly	uncertain ly
bough	bough
timidness	timid ness
lamplighter	lamp light er
cyst	cyst
dodger	dodge er
hypnotize	hypnotism ize
donnishly	donnish ly
saurian	Sauria an
inexactness	inexact ness
nosh	nosh
enervate	e nerve ate
chastely	chaste ly
preservation	preserve ation
millinery	milliner ery
quern	quern
coagulation	coagulate ion
filbert	filbert
clippie	clip ie
spurn	spurn
laboriousness	laborious ness
venous	vein ous
peddling	peddling
sprint	sprint
tannery	tan ery
fastness	fast ness
multitudinously	multitudinous ly
sperm	sperm
appraisal	appraise al
pending	pending
peon	peon
commendation	commend ation
worrisome	worry some
borough	borough
bast	bast
eagerly	eager ly
conceivable	conceive able
treasurer	treasury er
county	count y
thank	thank
proportionable	proportion able
maxim	maxim
raver	rave er
manic	mania ic
nebula	nebula
accidentally	accidental ly
fearless	fear less
crypt	crypt
capture	capture
kip	kip
outpost	out post
bludgeon	bludgeon
risibility	risible ity
coastwise	coastwise
overbid	overbid
gudgeon	gudgeon
germination	germinate ion
chaperon	chaperon
fold	fold
slickness	slick ness
compline	compline
superego	super ego
chord	chord
whorled	whorl ed
exhaustion	exhaust ion
professorial	professor ial
specie	specie
bubble	bubble
hotelier	hotel ier
musicianship	musician ship
ape	ape
astrakhan	astrakhan
scallop	scallop
buoyantly	buoyant ly
sow	sow
nought	nought
vintage	vintage
tipsily	tipsy ly
cab	cab
laughably	laughable ly
brusqueness	brusque ness
wetly	wet ly
freeholder	freehold er
encamp	en camp
fit	fit
admirable	admire able
nonviolent	non violent
gland	gland
turbot	turbot
slobber	slobber
despicably	despicable ly
undertaking	undertaking
vacancy	vacant ancy
rewire	re wire
elliptically	elliptical ly
defiantly	defiant ly
jumpily	jumpy ly
four	four
dispossess	dis possess
hose	hose
sepulchre	sepulchre
syllabication	syllabicate ion
outdoors	out doors
taker	take er
worthless	worth less
scholarly	scholar ly
intercommunicate	inter communicate
badness	bad ness
moderator	moderate or
chancy	chance y
prudential	prudence ial
centralize	central ize
decoder	decode er
lease	lease
scrounger	scrounge er
romanticize	romantic ize
transmutation	transmute ation
revenue	revenue
leaderless	leader less
defrayal	defray al
surface	surface
putt	putt
pelisse	pelisse
complainer	complain er
bearded	beard ed
echelon	echelon
attach	attach
circular	circular
summarily	summary ly
stringently	stringent ly
shouting	shouting
yachtswoman	yacht s woman
aft	aft
courageous	courage ous
forest	forest
domination	dominate ion
nurture	nurture
submergence	submerge ence
ethnographic	ethnography ic
mineralogist	mineralogy ist
myrrh	myrrh
leap	leap
showy	show y
demonetize	de monetize
temperately	temperate ly
domineering	domineering
dunce	dunce
desultorily	desultory ly
whittler	whittle er
serviceableness	serviceable ness
constitutionalize	constitutional ize
pressurization	pressurize ation
idealist	idealism ist
aerobatics	aerobatic s
composite	composite
indecorously	indecorous ly
class	class
irreverence	irreverent ence
bravery	brave ery
mammal	mammal
slithery	slither y
twin	twin
transpiration	transpire ation
unthinkable	un thinkable
softly	soft ly
punily	puny ly
lorn	lorn
fictionalization	fictionalize ation
restrictive	restriction ive
moisten	moist en
misappropriate	mis appropriate
incline	incline
nautically	nautical ly
pretended	pretended
ability	able ity
laconism	laconic ism
inboard	in board
mollusc	mollusc
malcontent	malcontent
refill	refill
usurer	usury er
fore	fore
interphone	inter phone
ulna	ulna
vent	vent
pyre	pyre
bring	bring
vole	vole
instructor	instruct or
tannic	tannin ic
acceptable	accept able
triumphant	triumph ant
mentally	mental ly
beach	beach
cleverly	clever ly
replay	replay
collusion	collude ion
eve	eve
nastily	nasty ly
musket	musket
slightingly	slighting ly
delinquent	delinquent
patriarchal	patriarch al
sparse	sparse
genuinely	genuine ly
beget	be get
unobtrusiveness	unobtrusive ness
consumptive	consumption ive
hostel	hostel
harper	harp er
terpsichorean	terpsichorean
coloured	coloured
mindlessly	mindless ly
enraged	enraged
dozily	dozy ly
sewing	sewing
tame	tame
dash	dash
necklet	neck let
desalination	desalinate ion
pursue	pursue
unhappy	un happy
beggary	beggar y
duly	due ly
laurel	laurel
shortsighted	short sight ed
porridge	porridge
special	special
outback	outback
uprising	up rise ing
tacitly	tacit ly
inverse	inverse
destructive	destruction ive
illiteracy	illiterate cy
carnivorous	carnivore ous
knout	knout
husky	husk y
stupor	stupor
knockers	knockers
philatelist	philately ist
carnival	carnival
ablutions	ablutions
unlimited	un limited
castle	castle
worst	worst
shilling	shilling
novitiate	novice ate
parliamentary	parliament ary
thoughtful	thought ful
preschool	pre school
electrician	electricity ian
solo	solo
mispronounce	mis pronounce
divot	divot
brew	brew
abominably	abominable ly
sartorially	sartorial ly
costing	costing
stubby	stub y
raisin	raisin
speculative	speculation ive
slit	slit
team	team
weakly	weak ly
sometimes	some times
cerebrate	cerebrum ate
shitty	shit y
befog	be fog
neurotic	neurotic
demagogic	demagogy ic
spaciously	spacious ly
voluptuary	voluptuous ary
pod	pod
prohibition	prohibit ion
answerably	answerable ly
canalization	canalize ation
enviable	envy able
experiment	experiment
sacrifice	sacrifice
unfailingly	unfailing ly
centrist	centrist
freewheel	free wheel
multiple	multiple
quickness	quick ness
eighth	eight th
murderer	murder er
aphid	aphid
yang	yang
gorgeousness	gorgeous ness
butch	butch
dangle	dangle
idiotically	idiotic ally
rapist	rape ist
cerebrally	cerebral ly
wreathe	wreath
smooch	smooch
breeding	breeding
shopping	shopping
observingly	observing ly
pitiable	pity able
deflection	deflect ion
laugh	laugh
balaclava	balaclava
canonical	canon ical
preoccupy	pre occupy
collision	collide ion
huff	huff
alertness	alert ness
ingeniously	ingenious ly
window	window
legalization	legalize ation
chi	chi
crabby	crab y
lengthy	length y
somehow	some how
mercurially	mercurial ly
foundress	founder ess
representation	represent ation
tackle	tackle
thoroughness	thorough ness
humidify	humid ify
militaristic	militarist ic
forthrightness	forthright ness
pushy	push y
freemasonry	Freemason ry
fusil	fusil
concentrate	concentrate
hazardousness	hazardous ness
vest	vest
terminal	terminus al
eunuch	eunuch
reciter	recite er
theatrical	theatre ical
screw	screw
scalar	scalar
speechlessness	speechless ness
broadcaster	broadcast er
mod	mod
mundanely	mundane ly
wriggle	wriggle
statuary	statue ary
suspenders	suspenders
unfairly	unfair ly
solidification	solidify ation
hermit	hermit
inquirer	inquire er
apparel	apparel
concuss	concuss
remodel	re model
slumbrous	slumber ous
polypous	polyp ous
pagan	pagan
toupee	toupee
retroactively	retroactive ly
externalization	externalize ation
varied	varied
unstring	un string
probationer	probation er
kicks	kicks
ineffectually	ineffectual ly
including	including
flagellant	flagellate ant
motorist	motor ist
ally	ally
perjurer	perjure er
rehash	rehash
emotionless	emotion less
think	think
futurism	future ism
declarable	declare able
ignite	ignite
angelical	angel ical
pear	pear
declamatory	declamation ory
dynamite	dynamic ite
crux	crux
coatee	coat ee
babyish	baby ish
ewe	ewe
codling	codling
medico	medico
lob	lob
coastguardsman	coastguard s man
assegai	assegai
embattled	em battle ed
realtor	realty or
conjunctive	conjunction ive
independently	independent ly
undersign	under sign
giant	giant
shoe	shoe
slickly	slick ly
completeness	complete ness
cryptographically	cryptographic ally
calibration	calibrate ion
dependability	dependable ity
pomposity	pompous ity
dangerously	dangerous ly
benzol	benzol
hyphen	hyphen
spew	spew
fundamentally	fundamental ly
boundlessly	boundless ly
dreaminess	dreamy ness
neatly	neat ly
drunk	drunk
irrelevancy	irrelevant ancy
muster	muster
withering	withering
pup	pup
deductive	deduction ive
thrum	thrum
bathos	bathos
inflatable	inflate able
southwards	southward s
configuration	con figure ation
roomer	room er
qualification	qualify ation
quietness	quiet ness
amateurishness	amateurish ness
manioc	manioc
charming	charming
curability	curable ity
toucan	toucan
preservable	preserve able
monopolistically	monopolistic ally
greeting	greeting
impatiently	impatient ly
armed	armed
parsimoniousness	parsimonious ness
delightfully	delightful ly
tango	tango
jump	jump
crore	crore
unpleasant	un pleasant
certain	certain
providential	providence ial
filtration	filtrate ion
acreage	acre age
amorality	amoral ity
otherwise	other wise
exhilarating	exhilarating
figure	figure
frankly	frank ly
fluidity	fluid ity
proverbial	proverb ial
fighter	fight er
mutter	mutter
suspension	suspend ion
reversibility	reversible ity
abjection	abject ion
stubble	stubble
seigneur	seigneur
roar	roar
voluptuously	voluptuous ly
voyage	voyage
horsemanship	horseman ship
mismanage	mis manage
dug	dug
infract	infract
relentless	relent less
brisk	brisk
unlawfully	unlawful ly
verbosity	verbose ity
shocker	shock er
joylessness	joyless ness
veterinarian	veterinary an
brand	brand
arresting	arresting
flawless	flaw less
muscled	muscle ed
curatorship	curator ship
process	process
kepi	kepi
redress	re dress
nitric	nitre ic
intermix	inter mix
fumigate	fume ate
rodent	rodent
nebulous	nebula ous
ceremonial	ceremonial
asphalt	asphalt
roaring	roaring
schedule	schedule
immensely	immense ly
strings	strings
receptiveness	receptive ness
recharge	re charge
profligate	profligate
peninsula	peninsula
unsexed	unsexed
numerical	number ical
buffet	buffet
riffle	riffle
insidiously	insidious ly
infectious	infection ous
plainly	plain ly
kindling	kindling
reviler	revile er
rug	rug
agoraphobic	agoraphobic
town	town
offices	offices
pretentiously	pretentious ly
unutterably	unutterable ly
demagogue	demagogue
disdainful	disdain ful
cracker	crack er
chin	chin
tack	tack
seemingly	seeming ly
scrimp	scrimp
continent	continent
bland	bland
buzz	buzz
gastronomically	gastronomic ally
persevering	persevering
maidenlike	maiden like
punitive	punish ive
algorithm	algorithm
fluoridize	fluoride ize
desecrate	de consecrate
realizable	realize able
monumentally	monumental ly
corrosion	corrode ion
tambourine	tambour ine
asparagus	asparagus
transplant	transplant
inexcusable	in excusable
bellow	bellow
price	price
auditory	audition ory
contrariness	contrary ness
distress	distress
branch	branch
stonily	stony ly
blouse	blouse
treasonably	treasonable ly
beseechingly	beseeching ly
deprecation	deprecate ion
phizog	phizog
misspelling	misspelling
fearfully	fearful ly
researcher	research er
demobilization	demobilize ation
interlard	inter lard
disfavour	dis favour
mortification	mortify ation
sadness	sad ness
surprisedly	surprised ly
pitilessness	pitiless ness
toiler	toil er
dauntless	daunt less
captivity	captive ity
nationwide	nationwide
unemployable	un employable
corporately	corporate ly
armorial	armoury al
incapacitate	incapacity ate
cubism	cube ism
vibration	vibrate ion
nth	n th
absently	absent ly
modelling	modelling
pillager	pillage er
advisory	advise ory
obstructiveness	obstructive ness
draughtsman	draught s man
slimly	slim ly
standing	standing
rather	rather
superciliousness	supercilious ness
drinking	drinking
allopathic	allopathy ic
eyelet	eye let
zany	zany
survey	survey
unhappily	unhappy ly
indisposition	in disposition
grape	grape
shuffler	shuffle er
ablative	ablative
dazedly	daze ed ly
also	also
musical	music al
willowy	willow y
imperialist	imperialist
dissolutely	dissolute ly
claret	claret
traumatic	trauma ic
alumna	alumna
plaintively	plaintive ly
roll	roll
amazing	amazing
trust	trust
sexagenarian	sexagenary ian
fraternize	fraternal ize
ammo	ammunition
whin	whin
ponderables	ponderable s
ultimo	ultimo
synthetically	synthetic ally
veining	vein ing
robustness	robust ness
forgetfulness	forgetful ness
nightmarish	nightmare ish
caliphate	caliph ate
sonorously	sonorous ly
riffraff	riffraff
cachet	cachet
frolic	frolic
chorus	chorus
contrariwise	contrary wise
niggardliness	niggardly ness
never	never
orange	orange
teens	teens
yellowish	yellow ish
affront	affront
harvester	harvest er
cupola	cupola
saltiness	salty ness
poetry	poet ry
snare	snare
watt	watt
psephologist	psephology ist
palace	palace
impeachable	impeach able
thoughtlessness	thoughtless ness
inconvertible	in convertible
underpay	under pay
condom	condom
chiffon	chiffon
spell	spell
numismatics	numismatic s
incompressible	in compressible
precedented	precedent ed
dart	dart
coat	coat
delineation	delineate ion
unbridled	un bridled
turbulently	turbulent ly
pyramid	pyramid
waxy	wax y
vengeful	venge ful
frog	frog
rose	rose
behead	be head
few	few
ignition	ignite ion
magnanimously	magnanimous ly
gaudily	gaudy ly
powered	power ed
lovers	love er s
should	should
lunch	lunch
demagoguery	demagogue ery
hitchhiker	hitchhike er
lesser	less er
porker	pork er
identically	identical ly
palate	palate
excepted	excepted
insurmountable	in surmountable
decadent	decadent
ventilator	ventilate or
frugality	frugal ity
satiric	satire ic
sin	sin
causatively	causative ly
head	head
valid	valid
emphysema	emphysema
tensely	tense ly
calendar	calendar
milk	milk
lure	lure
copy	copy
indecently	indecent ly
shortsightedness	shortsighted ness
defalcation	defalcate ion
bonus	bonus
derequisition	de requisition
dictatorial	dictator ial
dish	dish
goddam	goddam
fortnightly	fortnight ly
duenna	duenna
alexic	alexia ic
reprehensibly	reprehensible ly
inconsiderable	in considerable
perverseness	perverse ness
phlegm	phlegm
tamable	tame able
add	add
corrosive	corrosive
tranquillity	tranquil ity
alternate	alternate
pamphlet	pamphlet
human	human
snipe	snipe
jay	jay
bigotedly	bigoted ly
argumentatively	argumentative ly
unmistakable	un mistakable
industrialist	industrialism ist
educated	educated
running	running
colloquially	colloquial ly
wealthily	wealthy ly
armless	arm less
disharmonious	disharmony ous
humbug	humbug
beetling	beetling
piffling	piffling
unmistakably	unmistakable ly
musician	music ian
sleuth	sleuth
jejunely	jejune ly
platonically	platonic ally
holystone	holystone
seamer	seam er
ungratefully	ungrateful ly
rebellion	rebel ion
executive	executive
indestructibility	indestructible ity
hack	hack
tickler	tickle er
identification	identify ation
bruise	bruise
testate	testate
rakish	rake ish
attire	attire
congruously	congruous ly
wifelike	wife like
outcrop	out crop
design	design
tunefulness	tuneful ness
cursed	cursed
spoil	spoil
nocturnally	nocturnal ly
misdeal	misdeal
exorbitantly	exorbitant ly
obsessive	obsession ive
sip	sip
unbuckle	un buckle
braid	braid
console	console
shark	shark
mason	mason
intermission	intermit ion
desegregate	de segregate
originality	original ity
ready	ready
louringly	louring ly
malignancy	malignant ancy
aside	aside
clam	clam
none	none
inevitability	inevitable ity
knobbly	knob ly
paddock	paddock
forsaken	forsaken
depiction	depict ion
ineffability	ineffable ity
skittles	skittles
galleon	galleon
workmanship	workman ship
alimentary	aliment ary
excruciatingly	excruciating ly
aggregate	aggregate
surefootedness	surefooted ness
profanation	profane ation
pointsman	point s man
retractable	retract able
guard	guard
kola	kola
misjudge	mis judge
brick	brick
stomp	stomp
squash	squash
subway	sub way
lute	lute
scaffold	scaffold
oblong	oblong
poky	poke y
diametrical	diameter ical
phoney	phoney
submissiveness	submissive ness
reefer	reef er
throughout	through out
sideswipe	sideswipe
bode	bode
huge	huge
harmlessly	harmless ly
griddle	griddle
needy	need y
lastly	last ly
punchiness	punchy ness
brassy	brass y
mourn	mourn
tally	tally
busker	busk er
nonrestrictive	non restrictive
shiftlessness	shiftless ness
correlative	correlative
rendering	rendering
gods	gods
pushily	pushy ly
schist	schism ist
clamour	clamour
graphically	graphic ally
stretch	stretch
disconnected	disconnected
preventively	preventive ly
mad	mad
tranny	transistor y
trillionth	trillion th
snidely	snide ly
piper	pipe er
childish	child ish
offstage	offstage
viably	viable ly
snappily	snappy ly
determiner	determine er
octave	octave
downstream	downstream
consensus	consensus
incorrectly	incorrect ly
sneering	sneering
directness	direct ness
cravenness	craven ness
satanic	Satan ic
voluntary	volunteer ary
father	father
nothingness	nothing ness
catapult	catapult
macadam	macadam
sociologist	sociology ist
polysyllabically	polysyllabic ally
unplayable	un playable
need	need
predestination	predestine ation
dramatist	drama ist
barring	barring
reminiscences	reminiscences
camphorate	camphor ate
sparsely	sparse ly
pettiness	petty ness
missus	missus
nutritive	nutrition ive
sprawl	sprawl
heartiness	hearty ness
saga	saga
slouching	slouching
quantifiable	quantify able
tube	tube
quirk	quirk
loudmouthed	loudmouth ed
diffusion	diffuse ion
floridly	florid ly
pardoner	pardon er
hush	hush
qualitatively	qualitative ly
leaseholder	leasehold er
gloom	gloom
jovially	jovial ly
superior	superior
stoolie	stool ie
flimsily	flimsy ly
wrought	wrought
higher	higher
jocosely	jocose ly
hit	hit
damp	damp
reed	reed
masculinity	masculine ity
shackle	shackle
wiry	wire y
invulnerable	in vulnerable
leftward	leftward
fortieth	fortieth
incomplete	in complete
trashy	trash y
remedial	remedy al
offing	off ing
childhood	child hood
inconspicuous	in conspicuous
cosset	cosset
premature	pre mature
opinionated	opinion ate ed
fibber	fib er
burthen	burthen
ulterior	ulterior
louvred	louvre ed
subordinate	subordinate
intercommunication	intercommunicate ion
zippy	zip y
qualify	quality ify
remover	remove er
endlessly	endless ly
overmaster	over master
boaster	boast er
facings	facings
carriage	carry age
sensation	sense ation
overweeningly	overweening ly
centrally	central ly
foreordain	fore ordain
wont	wont
specked	speck ed
maw	maw
deceptive	deception ive
outre	outre
suppressiveness	suppressive ness
adjectivally	adjectival ly
canter	canter
misanthropy	misanthrope y
agriculturalist	agricultural ist
ret	ret
thick	thick
designedly	design ed ly
bask	bask
incisive	incision ive
baby	baby
incapably	incapable ly
adviser	advise er
cohesively	cohesive ly
formlessly	formless ly
crabbed	crabbed
denotation	denote ation
snappish	snap ish
curtain	curtain
integrate	integer ate
virgin	virgin
rift	rift
miserable	misery able
fallibility	fallible ity
salad	salad
frightening	frightening
ravenously	ravenous ly
shipbuilding	ship building
geometric	geometry ic
panic	panic
unapproachable	un approachable
magnetism	magnet ism
easily	easy ly
substantiation	substantiate ion
sphere	sphere
progesterone	progesterone
cousinly	cousin ly
convulse	convulse
misguide	mis guide
hideously	hideous ly
relief	relieve
offhandedness	offhanded ness
blankness	blank ness
substantival	substantive al
leash	leash
singer	sing er
lea	lea
wetting	wetting
complementary	complement ary
inedibly	inedible ly
terracotta	terracotta
antecedence	antecedent ence
stuffily	stuffy ly
tempestuousness	tempestuous ness
smelliness	smelly ness
inadmissibly	inadmissible ly
pithiness	pithy ness
ravel	ravel
vivacity	vivacious ity
mature	mature
corroboration	corroborate ion
salaciousness	salacious ness
exceedingly	exceeding ly
amputee	amputate ee
tillage	till age
prescriptivist	prescriptivism ist
cumin	cumin
jugful	jug ful
externalize	external ize
fuggy	fug y
forte	forte
sleigh	sleigh
attainable	attain able
standoffish	stand off ish
eschatological	eschatology ical
wonderingly	wonder ing ly
miscellaneousness	miscellaneous ness
beardless	beard less
shipbuilder	ship builder
spindly	spindle y
hearty	heart y
miscue	miscue
photograph	photograph
anopheles	anopheles
undomesticated	un domesticated
generally	general ly
mitigation	mitigate ion
bespangled	be spangle ed
dowdily	dowdy ly
jaundice	jaundice
balloon	balloon
trustee	trust ee
tenthly	tenth ly
dumpling	dump ling
vulnerability	vulnerable ity
reseat	re seat
mammy	mam y
davit	davit
peasant	peasant
lawn	lawn
beatifically	beatific ally
bran	bran
dizzy	dizzy
western	western
disappointingly	disappointing ly
impromptu	impromptu
endeavour	endeavour
subnormal	subnormal
tightness	tight ness
divisively	divisive ly
vegetarianism	vegetarian ism
bald	bald
nobble	nobble
foreskin	fore skin
snout	snout
altruist	altruism ist
aspidistra	aspidistra
murky	murk y
sociologically	sociological ly
ashen	ash en
separable	separate able
canyon	canyon
assay	assay
herbage	herb age
foulness	foul ness
satyric	satyr ic
climb	climb
incongruously	incongruous ly
scrip	scrip
fowler	fowl er
kitschy	kitsch y
aggressive	aggression ive
infertility	infertile ity
loosen	loose en
antithetically	antithetical ly
briefing	briefing
graceful	grace ful
gladiatorial	gladiator ial
freedom	free dom
gladness	glad ness
straitened	straitened
igloo	igloo
pertinacity	pertinacious ity
acumen	acumen
camper	camp er
waffle	waffle
sub	sub
meagre	meagre
uneventfulness	uneventful ness
comeliness	comely ness
skating	skating
hatefulness	hateful ness
distribution	distribute ion
villeinage	villein age
innumerable	in numerable
introduction	introduce ion
horny	horn y
chipping	chip ing
awry	awry
prescribed	prescribed
lukewarmly	lukewarm ly
urbanely	urbane ly
stunningly	stunning ly
painter	paint er
octagonal	octagon al
vogue	vogue
jabberer	jabber er
bifocals	bifocal s
magical	magic al
posturing	posturing
plunk	plunk
hooker	hook er
ensanguined	ensanguined
twiggy	twig y
parole	parole
blasted	blasted
southeaster	southeast er
unreasonable	un reasonable
banjo	banjo
prestressed	pre stressed
trusty	trusty
reminiscence	reminiscent ence
middling	middle ing
flush	flush
sluggishly	sluggish ly
purposely	purpose ly
purchasable	purchase able
tattoo	tattoo
homosexuality	homosexual ity
internationalize	international ize
conically	conical ly
pontificate	pontiff ate
subtitle	sub title
numeracy	numerate cy
precedence	precedent ence
futuristic	futurist ic
variously	various ly
noncontributory	non contributory
tuneful	tune ful
notarize	notary ize
inward	inward
into	in to
motto	motto
restlessness	restless ness
protuberant	protuberate ant
ugliness	ugly ness
dabs	dab s
gaminess	gamy ness
deceptively	deceptive ly
podginess	podgy ness
striking	striking
meteorite	meteor ite
shallows	shallow s
madness	mad ness
unlike	unlike
symbolist	symbolism ist
brainy	brain y
deeply	deep ly
herbalist	herbal ist
randiness	randy ness
pull	pull
pacifism	pacific ism
retriever	retrieve er
flinty	flint y
arachnid	arachnid
unnatural	un natural
upset	upset
agglomeration	agglomerate ion
conductress	conductor ess
holloa	holloa
vaccination	vaccinate ion
poisonously	poisonous ly
horse	horse
blur	blur
undated	un dated
motherliness	motherly ness
pliers	ply er s
plating	plating
acceptation	accept ation
logarithmic	logarithm ic
tootle	tootle
fib	fib
shady	shade y
ditch	ditch
genie	genie
berry	berry
suppressor	suppress or
trenchantly	trenchant ly
mocha	mocha
dashed	dashed
curt	curt
pooch	pooch
aspirin	aspirin
subdued	subdued
domestication	domesticate ion
singleness	single ness
son	son
feebleminded	feeble mind ed
cragged	crag ed
chum	chum
road	road
eviscerate	e viscera ate
shriek	shriek
amicably	amicable ly
conga	conga
fauna	fauna
vulgarity	vulgar ity
frilled	frill ed
goliath	Goliath
carelessly	careless ly
perspicaciously	perspicacious ly
perplexity	perplex ity
repute	repute
rusticate	rustic ate
outrange	out range
lid	lid
aquaplane	aquaplane
carve	carve
suffering	suffering
jubilation	jubilate ion
stocks	stocks
preachify	preach ify
tee	tee
handiness	handy ness
fresh	fresh
pirate	pirate
grounding	grounding
pronominally	pronominal ly
nonverbally	nonverbal ly
wherein	wherein
cower	cower
oiler	oil er
wretchedly	wretched ly
staunchness	staunch ness
railroad	railroad
retouch	re touch
iniquitous	iniquity ous
pageant	pageant
drowsiness	drowsy ness
assuage	assuage
participial	participle ial
vat	vat
roasting	roasting
next	next
cloudiness	cloudy ness
undeniably	undeniable ly
rum	rum
shingly	shingle y
fugue	fugue
uninterruptedly	uninterrupted ly
teeth	teeth
disloyalty	disloyal ty
remorselessly	remorseless ly
trait	trait
codification	codify ation
thirdly	third ly
inflame	in flame
manometrical	manometer ical
fragility	fragile ity
focal	focus al
advanced	advanced
preoccupied	preoccupied
temper	temper
crone	crone
hastiness	hasty ness
equivocally	equivocal ly
pilfer	pilfer
bookmaker	book make er
amiably	amiable ly
solace	solace
disobligingly	disobliging ly
emphasize	emphasis ize
dislike	dis like
harshness	harsh ness
khaki	khaki
conservatively	conservative ly
gild	gild
refugee	refuge ee
fiance	fiance
overstuffed	over stuffed
reasonableness	reasonable ness
stiffly	stiff ly
unfavourably	unfavourable ly
coffers	coffers
confrontation	confront ation
openness	open ness
fluky	fluke y
strong	strong
stateside	stateside
metropolitan	metropolitan
ethics	ethics
unbelievable	un believable
existential	existence ial
highbrow	highbrow
declaim	de claim
monarchical	monarch ical
repossession	repossess ion
better	better
scoopful	scoop ful
sagely	sage ly
ruins	ruins
upper	upper
uncharitable	un charitable
straightness	straight ness
forestall	fore stall
cholesterol	cholesterol
thirstily	thirsty ly
penurious	penury ous
classic	classic
dour	dour
debtor	debt or
bawd	bawd
relay	re lay
scramble	scramble
sparks	sparks
rodeo	rodeo
backbreakingly	backbreaking ly
ignominiously	ignominious ly
armada	armada
grief	grieve
interracially	interracial ly
thermostatic	thermostat ic
blackguard	blackguard
groan	groan
gen	gen
strictly	strict ly
axiomatically	axiomatic ally
gird	gird
reversely	reverse ly
molar	molar
forehead	fore head
condenser	condense er
idealization	idealize ation
individualism	individual ism
envenom	en venom
muckraker	muckrake er
colonization	colonize ation
cannily	canny ly
concomitant	concomitant
drearily	dreary ly
kibosh	kibosh
regularization	regularize ation
luckiness	lucky ness
depressive	depression ive
fair	fair
calm	calm
bazaar	bazaar
draggled	draggled
costliness	costly ness
reticulated	reticulated
prevarication	prevaricate ion
swallowtailed	swallow tail ed
ness	ness
hugely	huge ly
stew	stew
threaten	threat en
insolvent	in solvent
entrap	en trap
lax	lax
hospitalize	hospital ize
flabbergast	flabbergast
crotchety	crotchet y
stumpy	stump y
annunciation	announce ation
haunch	haunch
operatic	opera ic
heckle	heckle
herculean	Hercules an
grown	grown
chivalrously	chivalrous ly
sympathies	sympathies
illegality	illegal ity
stapler	staple er
friskiness	frisky ness
underfed	under fed
thesaurus	thesaurus
fraught	fraught
elevated	elevated
drum	drum
movable	movable
loyalist	loyal ist
reproachful	reproach ful
canteen	canteen
pang	pang
clinical	clinic al
bulldozer	bulldoze er
rerun	re run
thus	thus
boar	boar
leaded	lead ed
toffee	toffee
expectantly	expectant ly
alert	alert
amplification	amplify ation
wispy	wisp y
heretical	heretic al
ethyl	ethyl
arthritic	arthritic
twig	twig
bastinado	bastinado
uppity	up ity
national	national
carnally	carnal ly
pocket	pocket
perm	perm
discourse	dis course
winning	winning
blockade	blockade
thickness	thick ness
irately	irate ly
wig	wig
understaffed	under staffed
seventy	seventy
heedfully	heedful ly
skywards	skyward s
fumigation	fumigate ion
round	round
bey	bey
enwrap	en wrap
ostrich	ostrich
totter	totter
liquor	liquor
inferior	inferior
ignominious	ignominy ous
lecherousness	lecherous ness
mitre	mitre
bibliographer	bibliography er
crying	crying
rein	rein
stoup	stoup
sermonize	sermon ize
gigantically	gigantic ally
mildness	mild ness
repression	repress ion
unguarded	un guarded
tawdriness	tawdry ness
primula	primula
bayonet	bayonet
bilateralism	bilateral ism
legislator	legislate or
snap	snap
morsel	morsel
detour	detour
dynamic	dynamic
insure	in sure
griper	gripe er
appetizingly	appetizing ly
fencer	fence er
fractiousness	fractious ness
sequencing	sequence ing
billet	billet
toil	toil
sombreness	sombre ness
reciprocity	reciprocal ity
fastening	fastening
tumult	tumult
limit	limit
entail	entail
blushingly	blushing ly
flagrancy	flagrant ancy
counterfeit	counterfeit
bridge	bridge
dear	dear
overhang	overhang
benighted	be night ed
sassafras	sassafras
qualifications	qualifications
graphics	graphic s
honesty	honest y
adoringly	adoring ly
entrench	en trench
genealogical	genealogy ical
tarboosh	tarboosh
theorem	theorem
vaulting	vaulting
mannerism	manner ism
automatic	automaton ic
greed	greed
confectioner	confection er
mousy	mouse y
coup	coup
grouse	grouse
toady	toady
choice	choice
sickish	sick ish
cud	cud
maliciously	malicious ly
junkie	junk ie
canna	canna
mum	mum
resentful	resent ful
defoliation	defoliate ion
armful	arm ful
crotch	crotch
insane	in sane
immensity	immense ity
protocol	protocol
circa	circa
parentage	parent age
white	white
tiara	tiara
flashy	flash y
pitifulness	pitiful ness
heaviness	heavy ness
plumb	plumb
snooper	snoop er
lazily	lazy ly
dispirit	dis spirit
beriberi	beriberi
strength	strong th
placed	placed
quarterly	quarterly
paperhanger	paper hang er
carapace	carapace
noninterference	non interference
jaw	jaw
fermentation	ferment ation
driving	driving
batch	batch
theistically	theistical ly
larboard	larboard
tattler	tattle er
bloke	bloke
bumptiousness	bumptious ness
causelessly	causeless ly
eaves	eaves
portrait	portrait
please	please
evangelism	evangel ism
witticism	witty ism
ably	able ly
racist	racist
suggestive	suggestion ive
belay	belay
surely	sure ly
aseptically	aseptic ally
feminist	feminist
homoeopathically	homoeopathic ally
imperturbably	imperturbable ly
spinet	spinet
easel	easel
bill	bill
corsair	corsair
winsomeness	winsome ness
ground	ground
gambling	gambling
overstrung	over strung
reliability	reliable ity
nonassertive	non assertive
docility	docile ity
brotherliness	brotherly ness
expectant	expect ant
smitten	smitten
pottage	pot age
smoulder	smoulder
primordially	primordial ly
stupidity	stupid ity
mileage	mile age
latter	latter
tec	detective
wonders	wonders
unalienable	un alienable
unloosen	un loosen
purl	purl
obstructionist	obstructionism ist
yucca	yucca
lovely	lovely
plaintiff	plaintive
null	null
cook	cook
proportions	proportions
alienate	alien ate
porous	pore ous
victoria	Victoria
adversity	adverse ity
majestical	majesty ical
declaratory	declaration ory
scissor	scissors
reactively	reactive ly
tranquilly	tranquil ly
arrester	arrest er
synchronization	synchronize ation
thrill	thrill
readdress	re address
inexorably	inexorable ly
indiscernible	in discernible
stress	stress
faithlessness	faithless ness
baptismal	baptism al
forging	forging
delimit	de limit
piquancy	piquant ancy
strategic	strategy ic
dislocate	dis locate
lark	lark
agave	agave
chock	chock
recite	re cite
hanky	handkerchief y
olive	olive
experimentation	experiment ation
borscht	borscht
carryout	carryout
venom	venom
falconry	falcon ry
articulated	articulated
despair	despair
goal	goal
underwrite	under write
seasonal	season al
quackery	quack ery
track	track
dyspeptic	dyspeptic
wanker	wank er
therapeutical	therapy ical
pharisaical	pharisee ical
sloppiness	sloppy ness
directly	directly
pearly	pearl y
sublime	sublime
incrementally	incremental ly
individual	individual
proprietary	proprietor ary
secretly	secret ly
insalubrious	in salubrious
invigilator	invigilate or
digs	digs
tarpaulin	tarpaulin
inflammation	inflame ation
rehabilitation	rehabilitate ion
obsolescence	obsolescent ence
roadside	roadside
crusted	crust ed
gratifying	gratifying
above	above
abstruseness	abstruse ness
professor	profess or
quit	quit
mechanistic	mechanism ic
needfully	needful ly
inedible	in edible
episcopalian	episcopalian
inopportuneness	inopportune ness
helplessly	helpless ly
unmindful	un mindful
duel	duel
offshore	offshore
minim	minim
cos	cos
triumphal	triumph al
placenta	placenta
maraud	maraud
associate	associate
jig	jig
topographical	topography ical
disclose	dis close
nomination	nominate ion
telegraphist	telegraph ist
upholstery	upholster ery
little	little
tradesman	trade s man
plantation	plant ation
her	her
default	de fault
early	early
adaptability	adaptable ity
exaltation	exalt ation
decompress	de compress
spiritualization	spiritualize ation
rapturously	rapturous ly
ironically	ironic ally
inconsequentially	inconsequential ly
trifle	trifle
daemonic	daemon ic
memorialize	memorial ize
spore	spore
liveried	livery ed
executive	execution ive
corroborative	corroboration ive
feint	feint
feast	feast
reputedly	reputed ly
anachronistic	anachronism ic
legibility	legible ity
lewdly	lewd ly
tidal	tide al
boodle	boodle
aerodynamically	aerodynamic ally
copulative	copulative
collapse	collapse
credulity	credulous ity
tearing	tearing
snips	snips
duet	duet
doubtless	doubt less
subdivision	subdivide ion
patchouli	patchouli
lathery	lather y
maximal	maximum al
scarify	scar ify
whiff	whiff
outwardly	outward ly
trope	trope
quince	quince
disendow	dis endow
morally	moral ly
worriedly	worried ly
sanctities	sanctities
saint	saint
assess	assess
contrast	contrast
pestle	pestle
decimalization	decimalize ation
any	any
snugness	snug ness
convener	convene er
literally	literal ly
itinerary	itinerate ary
habitat	habitat
delay	delay
accusing	accusing
knowingly	knowing ly
oxygenize	oxygen ize
painless	pain less
savage	savage
avowal	avow al
lemon	lemon
draught	draught
domed	dome ed
hotly	hot ly
calve	calf
intolerantly	intolerant ly
untimely	un timely
decision	decide ion
boom	boom
impassive	im passion ive
efficacious	efficacy ous
displeasing	displeasing
dreaded	dreaded
stationer	station er
couth	couth
inarticulately	inarticulate ly
embarrassing	embarrassing
stutteringly	stuttering ly
cease	cease
possibly	possible ly
questioner	question er
scummy	scum y
dialectics	dialectic s
biographically	biographical ly
cravenly	craven ly
attraction	attract ion
ancestral	ancestor al
inertness	inert ness
extempore	extempore
vexation	vex ation
sands	sands
char	char
shut	shut
bordello	bordello
understudy	under study
cleanse	cleanse
rehouse	re house
sedulously	sedulous ly
phlox	phlox
hard	hard
pessimist	pessimism ist
isolationism	isolation ism
mistrustfully	mistrustful ly
vestige	vestige
common	common
submersion	submerse ion
fiat	fiat
babel	babel
murphy	murphy
degeneracy	degenerate cy
regularly	regular ly
nankeen	nankeen
gaily	gay ly
horn	horn
forenoon	fore noon
breathily	breathy ly
reform	reform
quarrelsome	quarrel some
electronics	electronic s
lag	lag
epileptic	epileptic
boner	bone er
exultant	exult ant
brawniness	brawny ness
ideal	ideal
angostura	angostura
foot	foot
admission	admit ion
tenderness	tender ness
mediocrity	mediocre ity
approbation	approbate ion
exclusive	exclusive
perspiration	perspire ation
darling	darling
inappropriate	in appropriate
phenomenally	phenomenal ly
affected	affected
validate	valid ate
format	format
pain	pain
supervisor	supervise or
asphyxiate	asphyxia ate
successively	successive ly
reign	reign
dismast	dis mast
kernel	kernel
peony	peony
outport	out port
fish	fish
drollness	droll ness
apoplectic	apoplexy ic
methylate	methyl ate
cabaret	cabaret
henna	henna
neighbourliness	neighbourly ness
vertebra	vertebra
naturalism	natural ism
lateral	lateral
oratory	oration ory
squat	squat
fishing	fishing
girdle	girdle
wretch	wretch
sleaziness	sleazy ness
portals	portals
lament	lament
textured	texture ed
deadly	deadly
circuit	circuit
towelling	towelling
quiescence	quiescent ence
ineluctably	ineluctable ly
accrue	accrue
anthropoid	anthropoid
quango	quango
disarm	dis arm
interdenominational	inter denominational
disreputably	disreputable ly
personation	personate ion
formulaic	formula ic
compacted	compact ed
lummox	lummox
indistinctness	indistinct ness
flesh	flesh
scholarship	scholar ship
equalitarian	equalitarian
doubt	doubt
improvidently	improvident ly
booby	boob y
bats	bats
tediously	tedious ly
delimitate	de limit ate
switch	switch
content	content
teetotaller	teetotal er
selectively	selective ly
shifty	shift y
false	false
foreigner	foreign er
daily	daily
mistrust	mistrust
evaporation	evaporate ion
celibacy	celibate cy
gorgon	gorgon
beloved	beloved
cosmetic	cosmetic
pettishly	pettish ly
purposeless	purpose less
preparation	prepare ation
operation	operate ion
moderations	moderation s
deception	deceive ion
worth	worth
turgidity	turgid ity
midweek	midweek
advisable	advise able
outwear	out wear
cash	cash
adhesive	adhesive
loop	loop
pertinence	pertinent ence
parasitic	parasite ic
obliquely	oblique ly
hair	hair
numismatist	numismatic ist
constancy	constant ancy
adorable	adore able
beauteously	beauteous ly
burdensomeness	burdensome ness
dissenting	dissenting
tomboyish	tomboy ish
donnish	don ish
conduciveness	conducive ness
conjectural	conjecture al
bopper	bop er
psalmody	psalm y
discompose	dis compose
conceitedly	conceited ly
callow	callow
vague	vague
womanliness	womanly ness
mandolin	mandolin
fancily	fancy ly
freckled	freckle ed
funnel	funnel
lynch	lynch
sabbatical	Sabbath ical
oast	oast
idiot	idiot
uncouple	un couple
indenture	indenture
professed	professed
mucky	muck y
replenish	re plenish
skate	skate
sexually	sexual ly
retrieval	retrieve al
flutter	flutter
deflation	deflate ion
commodore	commodore
mugger	mug er
misgive	mis give
encase	en case
cough	cough
tanner	tan er
tedious	tedium ous
ravishing	ravishing
pax	pax
scenarist	scenario ist
pouf	pouf
lunge	lunge
alchemist	alchemy ist
prioress	prior ess
variant	variant
dobbin	dobbin
elusiveness	elusive ness
ransom	ransom
inviolability	inviolable ity
pom	pom
debauch	debauch
conciliatory	conciliation ory
committed	committed
conch	conch
infraction	infract ion
formalist	formalism ist
prosper	prosper
currish	cur ish
explanation	explain ation
unscrupulousness	unscrupulous ness
reinforce	re enforce
aegis	aegis
delicately	delicate ly
precociously	precocious ly
competence	competent ence
booking	booking
discipleship	disciple ship
magnificence	magnificent ence
prefix	prefix
availability	available ity
homeliness	homely ness
worrying	worrying
mall	mall
disassociate	dis associate
motions	motions
advantageously	advantageous ly
invaluable	in valuable
lacrosse	lacrosse
incision	incise ion
insensibility	insensible ity
softener	soften er
superintend	super intend
paranoid	paranoid
gentian	gentian
popery	pope ery
derogation	derogate ion
illogically	illogical ly
nugget	nugget
spiel	spiel
perisher	perish er
complaisantly	complaisant ly
loaf	loaf
importunately	importunate ly
forwardness	forward ness
clique	clique
barracks	barracks
slothfully	slothful ly
flue	flue
bloodily	bloody ly
singular	singular
serviceably	serviceable ly
instruction	instruct ion
pendulously	pendulous ly
spatially	spatial ly
certainly	certain ly
pate	pate
ambulant	amble ant
anthologized	anthologized
impregnably	impregnable ly
hesitation	hesitate ion
muzzily	muzzy ly
treacherous	treachery ous
vocal	vocal
drag	drag
residual	residue al
breathless	breath less
deodorize	de odour ize
barely	bare ly
narration	narrate ion
tight	tight
thoughtfulness	thoughtful ness
untimeliness	untimely ness
wigged	wig ed
jaundiced	jaundiced
venturer	venture er
mastiff	mastiff
orientalist	oriental ist
yeast	yeast
prescriptive	prescription ive
demonstrative	demonstration ive
tuberculous	tubercle ous
yawl	yawl
incessant	in cease ant
orison	orison
jazzily	jazzy ly
dyne	dyne
domiciliary	domicile ary
magus	magus
careless	care less
swollen	swollen
solicitousness	solicitous ness
solicitation	solicit ation
tracer	trace er
resonator	resonate or
shall	shall
mammoth	mammoth
earliness	early ness
extrication	extricate ion
feeble	feeble
bongo	bongo
crossbred	crossbred
eruditely	erudite ly
atom	atom
hardy	hard y
downrightness	downright ness
fordable	ford able
selfishness	selfish ness
namedropper	namedrop er
tardily	tardy ly
prognosticator	prognosticate or
makings	making s
feed	feed
ballast	ballast
regions	regions
appropriately	appropriate ly
stalemate	stalemate
purport	purport
insult	insult
surefootedly	surefooted ly
pertinaciously	pertinacious ly
indifferent	in different
enormous	enormity ous
base	base
furiously	furious ly
rightist	right ist
fiendishly	fiendish ly
storm	storm
stutterer	stutter er
feasibility	feasible ity
renter	rent er
spoof	spoof
metaphorically	metaphorical ly
bump	bump
urinate	urine ate
uncomfortably	uncomfortable ly
domain	domain
loftily	lofty ly
living	living
auk	auk
casting	casting
plight	plight
accretion	accrete ion
polygamist	polygamy ist
integument	in tegument
squeeze	squeeze
disaffiliate	dis affiliate
fluorescence	fluorescent ence
gibbet	gibbet
geisha	geisha
velar	velar
unutterable	un utterable
acrimonious	acrimony ous
thither	thither
incompetence	incompetent ence
permeation	permeate ion
bitterness	bitter ness
undock	un dock
ratter	rat er
entangle	en tangle
molecule	molecule
cicada	cicada
ringlet	ring let
squeamishly	squeamish ly
anything	anything
folklorist	folklore ist
imposing	imposing
mannered	manner ed
necessitous	necessity ous
inexplicably	inexplicable ly
raptly	rapt ly
failing	failing
lesson	lesson
exportable	export able
divergently	divergent ly
vastness	vast ness
sketchiness	sketchy ness
handful	hand ful
petitioner	petition er
adulterant	adulterate ant
frightfully	frightful ly
niffy	niff y
vituperation	vituperate ion
inhabitable	inhabit able
sensibility	sensible ity
lusty	lust y
humanist	humanist
maggoty	maggot y
schema	schema
quarters	quarters
expeditious	expedition ous
terrific	terrify ic
satanically	satanic ally
damages	damages
angle	angle
itemize	item ize
humus	humus
dissemination	disseminate ion
dexterously	dexterous ly
wealthy	wealth y
paring	paring
bullshit	bullshit
maize	maize
flaccid	flaccid
adoptive	adoption ive
blockage	block age
demolition	demolish ion
noon	noon
schizophrenically	schizophrenic ally
primitive	primitive
dot	dot
icing	icing
efface	efface
wandering	wandering
abnegation	abnegate ion
flapper	flap er
fiancee	fiancee
relish	relish
effects	effects
dejectedly	dejected ly
inattentiveness	inattentive ness
recurve	re curve
meagreness	meagre ness
tangential	tangent ial
pointer	point er
symmetrical	symmetry ical
centaur	centaur
doleful	dole ful
aesthetically	aesthetic ally
item	item
strange	strange
juggle	juggle
depressing	depressing
incomparable	in comparable
retort	retort
unconvincing	un convincing
incorporation	incorporate ion
bane	bane
pumpkin	pumpkin
council	council
snobbishness	snobbish ness
commercially	commercial ly
concerned	concerned
extravagantly	extravagant ly
military	military
premaritally	premarital ly
perfunctoriness	perfunctory ness
typesetter	typeset er
conkers	conkers
prosperity	prosperous ity
accord	accord
cense	incense
dacoit	dacoit
timpani	timpani
profanely	profane ly
uterine	uterus ine
compile	compile
valueless	value less
genitally	genital ly
biscuit	biscuit
doctrinaire	doctrinaire
luxuriantly	luxuriant ly
determinism	determine ism
cleave	cleave
reel	reel
ail	ail
unfeigned	un feigned
regret	regret
uniquely	unique ly
beery	beer y
papadum	papadum
internationalization	internationalize ation
must	must
fustiness	fusty ness
vermin	vermin
dig	dig
jaws	jaws
amuck	amuck
leaf	leaf
victim	victim
installation	install ation
disapprove	dis approve
scrapings	scraping s
nudge	nudge
piss	piss
soft	soft
perplexed	perplexed
separation	separate ion
wearisome	weary some
blandness	bland ness
gayness	gay ness
typically	typical ly
cumulatively	cumulative ly
recompense	recompense
crew	crew
quavery	quaver y
cringe	cringe
organ	organ
fleshy	flesh y
dramatize	drama ize
invalidation	invalidate ion
incandescence	incandescent ence
criminal	criminal
jangle	jangle
insured	insured
inorganic	in organic
guarantee	guarantee
curl	curl
disrobe	dis robe
predetermination	predetermine ation
devastatingly	devastating ly
channel	channel
claw	claw
recovery	recover ery
succour	succour
predestine	pre destine
thorny	thorn y
tolerantly	tolerant ly
dun	dun
fours	fours
chemical	chemical
inlay	in lay
vindictiveness	vindictive ness
stick	stick
suede	suede
obligation	oblige ation
tobacconist	tobacco ist
shimmer	shimmer
projectionist	projection ist
incommensurable	in commensurable
metamorphic	meta morph ic
forfeit	forfeit
dishearten	dis hearten
ladyship	lady ship
transcendentalism	transcendental ism
receipts	receipts
blather	blather
miscast	mis cast
brad	brad
slattern	slattern
halibut	halibut
jungle	jungle
typographer	typography er
intestate	in testate
gimmick	gimmick
sublimate	sublimate
lira	lira
ascendant	ascend ant
nonpareil	nonpareil
reformatory	reformation ory
anna	anna
incompetently	incompetent ly
splashy	splash y
literately	literate ly
continental	continent al
resolvable	resolve able
directorate	director ate
estimation	estimate ion
wyvern	wyvern
manna	manna
incomprehension	in comprehension
meliorism	meliorate ism
abbe	abbe
remission	remit ion
leotard	leotard
killingly	killing ly
nonwhite	non white
games	games
flatten	flat en
bedding	bed ing
instate	in state
many	many
mordantly	mordant ly
cam	cam
coquettishly	coquettish ly
obstructionism	obstruction ism
snug	snug
barebacked	bareback ed
ruby	ruby
carious	caries ous
veranda	veranda
remand	remand
introductory	introduction ory
planking	planking
foreword	fore word
boyhood	boy hood
pizzicato	pizzicato
swamp	swamp
locality	local ity
ambivalence	ambivalent ence
bethel	bethel
pandemic	pandemic
abhorrence	abhorrent ence
backer	back er
capacity	capacious ity
gazelle	gazelle
tragedian	tragedy an
weigh	weigh
centennial	centennial
fructification	fructify ation
undercut	under cut
gabble	gabble
give	give
rightful	right ful
nativity	native ity
dishorn	dis horn
side	side
contestable	contest able
neuralgic	neuralgia ic
characterization	characterize ation
snarl	snarl
burp	burp
revitalize	re vitalize
meanderingly	meandering ly
uneducated	un educated
glancingly	glancing ly
onshore	onshore
idealize	ideal ize
slim	slim
operationally	operational ly
wholesaler	wholesale er
yid	Yiddish
priggishness	priggish ness
tallow	tallow
speeding	speeding
mizzen	mizzen
warmth	warm th
saintlike	saint like
imprudence	imprudent ence
prompt	prompt
plasterer	plaster er
flightless	flight less
prepossess	pre possess
richness	rich ness
boneheaded	bone head ed
restricted	restricted
reputation	repute ation
sixteenth	sixteen th
cuneiform	cuneiform
intact	intact
shooting	shooting
customary	custom ary
respond	respond
partitively	partitive ly
skiver	skive er
guiltless	guilt less
cartographer	cartography er
tropically	tropical ly
mortise	mortise
discerning	discerning
paradoxically	paradoxical ly
deformed	deformed
ruddy	ruddy
laughing	laughing
willow	willow
shell	shell
brigandage	brigand age
knob	knob
chummy	chum y
hereabouts	here about s
exemplary	example ary
unofficially	unofficial ly
brae	brae
speleological	speleology ical
wardress	warder ess
prurience	prurient ence
uncivil	un civil
perfumier	perfume ier
phonics	phonic s
taper	taper
gainings	gaining s
speakable	speak able
drawl	drawl
screamingly	scream ing ly
abusively	abusive ly
tripper	trip er
acclaim	acclaim
modernism	modern ism
cad	cad
crane	crane
staff	staff
drown	drown
specialization	specialize ation
physicist	physics ist
vacuity	vacuous ity
shod	shod
corrosively	corrosive ly
answer	answer
kilo	kilo
hymnal	hymn al
eponymous	eponym ous
pyorrhoea	pyorrhoea
esoterically	esoteric ally
bugger	bugger
mannerly	manner ly
peck	peck
incurably	incurable ly
timelessly	timeless ly
microfilm	microfilm
hatful	hat ful
racily	racy ly
cunnilinctus	cunnilinctus
damning	damning
parr	parr
health	heal th
forgiving	forgiving
inflexibly	inflexible ly
merge	merge
rigmarole	rigmarole
bafflingly	baffling ly
uselessness	useless ness
trochaic	trochaic
mallow	mallow
packed	packed
ditto	ditto
bronchitic	bronchia ic
authenticate	authentic ate
tod	tod
overmuch	overmuch
dominoes	dominoes
fidgets	fidget s
unsparing	un sparing
disappointedly	disappointed ly
contumelious	contumely ous
recoverable	recover able
unquestioning	un questioning
strophe	strophe
chalky	chalk y
knotty	knot y
toilet	toilet
straiten	strait en
tontine	Tonti ine
postal	post al
slay	slay
protectionism	protection ism
epoch	epoch
bohemian	bohemian
counterclockwise	counterclockwise
skateboarder	skateboard er
eraser	erase er
exertion	exert ion
resourcefulness	resourceful ness
pompously	pompous ly
verbena	verbena
prospective	prospect ive
rambunctiously	rambunctious ly
pram	perambulator
superannuation	superannuate ion
inorganically	inorganic ally
ruminative	rumination ive
chop	chop
hymn	hymn
brace	brace
derivative	derivation ive
attractiveness	attractive ness
freewheeling	freewheeling
interrelationship	interrelation ship
shits	shits
conviction	convict ion
misbegotten	mis begotten
blonde	blonde
incorrigible	in corrigible
shininess	shiny ness
unlock	un lock
wed	wed
theatre	theatre
borstal	borstal
bonds	bonds
realize	real ize
scrappy	scrap y
pidgin	pidgin
listenable	listen able
unrestrained	un restrained
salesman	sale s man
inexpensive	in expensive
gummy	gum y
plum	plum
junketing	junketing
storyteller	story tell er
pliable	ply able
flightiness	flighty ness
fuss	fuss
broadly	broad ly
vetch	vetch
ice	ice
spray	spray
governess	governor ess
congressional	congress al
scanty	scant y
philosopher	philosophy er
reforest	re forest
visitor	visit or
hedgehopper	hedgehop er
dues	dues
wanly	wan ly
soil	soil
tram	tram
portly	port ly
chub	chub
flirtatiously	flirtatious ly
northeaster	northeast er
equation	equate ion
unconventional	un conventional
contrition	contrite ion
vestal	Vesta al
scraps	scraps
pertinently	pertinent ly
substitute	substitute
ogreishly	ogreish ly
whorl	whorl
generalize	general ize
hazily	hazy ly
lightship	light ship
seduction	seduce ion
mizzle	mizzle
drat	drat
hyperbolic	hyperbola ic
manned	manned
applaud	applaud
uninterested	un interested
landwards	landward s
toast	toast
strategically	strategic ally
subjectivity	subjective ity
fulsomeness	fulsome ness
solubility	soluble ity
whereabouts	where about s
shudder	shudder
ballooning	balloon ing
professionalism	professional ism
slob	slob
spaciousness	spacious ness
cork	cork
polyglot	polyglot
exam	examination
peeler	peel er
alcoholism	alcohol ism
freebooter	free boot er
subcontinent	sub continent
simulated	simulated
iconoclastic	iconoclast ic
bronze	bronze
slalom	slalom
intro	introduction
supperless	supper less
toddle	toddle
consecutively	consecutive ly
bestride	be stride
reprovingly	reproving ly
footballer	football er
hogshead	hog s head
creamer	cream er
inadequacy	inadequate cy
hereditarily	hereditary ly
risky	risk y
tenet	tenet
drab	drab
rapacity	rapacious ity
stark	stark
immovably	immovable ly
inculcation	inculcate ion
grovel	grovel
want	want
adenoidally	adenoidal ly
vassal	vassal
shunt	shunt
asking	asking
ignorant	ignore ant
sketcher	sketch er
distension	distend ion
undertow	under tow
avail	avail
eighty	eighty
prickly	prickle y
finable	fine able
idolatrous	idolatry ous
matting	matting
sociability	sociable ity
once	once
thieve	thief
sincerely	sincere ly
spume	spume
politely	polite ly
contented	contented
boil	boil
quotable	quote able
misapprehend	mis apprehend
conductivity	conductive ity
caginess	cagey ness
shear	shear
miserly	miser ly
dungaree	dungaree
affray	affray
abnormally	abnormal ly
adaptation	adapt ation
realness	real ness
palatable	palate able
obey	obey
toneless	tone less
deformation	deform ation
peremptorily	peremptory ly
irregular	irregular
princess	prince ess
muscatel	muscatel
queerness	queer ness
vertebrate	vertebra ate
niggler	niggle er
starve	starve
sultanate	sultan ate
partnership	partner ship
wintry	winter y
consonant	consonant
subtly	subtle ly
medically	medical ly
vex	vex
correlative	correlation ive
impecuniousness	impecunious ness
wrangle	wrangle
hobnob	hobnob
debut	debut
undernourish	under nourish
freehand	freehand
pasteurize	Pasteur ize
aurally	aural ly
insulation	insulate ion
controversial	controversy al
fillet	fillet
emblematically	emblematic ally
career	career
impressionist	impressionism ist
absentee	absent ee
tonal	tone al
rioter	riot er
elusive	elusion ive
revisionist	revisionism ist
competitiveness	competitive ness
mods	moderations
hartebeest	hartebeest
clerically	clerical ly
parlous	parlous
sans	sans
buster	bust er
equator	equate or
filminess	filmy ness
clarify	clear ify
loopy	loop y
preliterate	pre literate
containerize	container ize
fiscally	fiscal ly
sublet	sub let
enchantingly	enchanting ly
eastward	eastward
bestiality	bestial ity
aureola	aureola
grimness	grim ness
privileged	privilege ed
slacken	slack en
rimless	rim less
fundamentalist	fundamentalism ist
reincarnation	reincarnate ion
overlong	overlong
cashmere	cashmere
falcon	falcon
reputably	reputable ly
canker	canker
bankruptcy	bankrupt cy
persuasion	persuade ion
plainswoman	plain s woman
knowledgeably	knowledgeable ly
squid	squid
familiarly	familiar ly
cull	cull
procrastination	procrastinate ion
trusting	trusting
seriousness	serious ness
cudgel	cudgel
homesickness	homesick ness
systematically	systematic ally
unlawful	un lawful
goner	gone er
complicatedness	complicated ness
footage	foot age
vandal	vandal
caterwaul	caterwaul
bod	bod
collocation	collocate ion
vividly	vivid ly
jewelled	jewel ed
quarry	quarry
pyrites	pyrites
elision	elide ion
curve	curve
casque	casque
tamale	tamale
discrepancy	discrepant ancy
plunderer	plunder er
paroxysm	paroxysm
muddy	muddy
archetypal	archetype al
unflappable	un flap able
bathing	bathing
sorcerer	sorcery er
extraneously	extraneous ly
hollowly	hollow ly
faulty	fault y
verge	verge
rancorously	rancorous ly
license	license
palmy	palm y
baptize	baptism ize
cello	cello
disengaged	dis engaged
raggedness	ragged ness
acceptability	acceptable ity
constructional	construction al
con	con
horrors	horrors
creakiness	creaky ness
sprinkling	sprinkling
loan	loan
suppliant	suppliant
lexically	lexical ly
ingrown	in grown
insert	insert
intermediate	intermediate
melodic	melody ic
neglectful	neglect ful
bonnet	bonnet
droplet	drop let
actinic	actinism ic
ballad	ballad
fresco	fresco
fudge	fudge
despicable	despise able
scratch	scratch
overtones	overtones
reporter	report er
remind	re mind
annexation	annex ation
succumb	succumb
sliver	sliver
whiner	whine er
fuller	full er
dacha	dacha
demystification	demystify ation
photographic	photograph ic
jingo	jingo
impractically	impractical ly
saunterer	saunter er
sled	sled
distributional	distribution al
institutionalize	institutional ize
haven	haven
abaft	abaft
ripely	ripe ly
demagnetize	de magnet ize
hoarder	hoard er
nil	nil
copyholder	copyhold er
calculus	calculus
coagulant	coagulate ant
boldfaced	bold face ed
frumpy	frump y
pomp	pomp
conference	confer ence
indissoluble	in dissoluble
turner	turn er
dinosaur	dinosaur
falls	falls
amusing	amusing
cavalierly	cavalier ly
grasping	grasping
heptagonal	heptagon al
officiousness	officious ness
coupe	coupe
collie	collie
singable	sing able
elements	elements
blinder	blind er
supplicant	supplicate ant
nosedive	nosedive
befall	be fall
vigil	vigil
vagueness	vague ness
deacon	deacon
cellar	cellar
suppression	suppress ion
squib	squib
authoritarianism	authoritarian ism
tunneller	tunnel er
worldliness	worldly ness
curiosity	curious ity
provincially	provincial ly
pure	pure
cunt	cunt
extensively	extensive ly
cosignatory	cosignatory
impresario	impresario
gloomily	gloomy ly
beggarly	beggar ly
adolescent	adolescent
befit	be fit
terrifically	terrific ally
grotesquely	grotesque ly
jewellery	jewel ery
slinger	sling er
incommodiously	incommodious ly
dictate	dictate
plaster	plaster
reservedly	reserved ly
automatically	automatic ally
chestnut	chestnut
driver	drive er
pusillanimously	pusillanimous ly
flakiness	flaky ness
wall	wall
diagonal	diagonal
innately	innate ly
anglicize	anglicism ize
transaction	transact ion
enlist	en list
synthetic	synthesis ic
thankfulness	thankful ness
yew	yew
stentorian	Stentor ian
emotionally	emotional ly
southeastward	southeastward
neither	neither
chantry	chant ry
inventiveness	inventive ness
place	place
tit	tit
dram	dram
developmentally	developmental ly
substratum	sub stratum
airily	airy ly
effusive	effusion ive
sternwheeler	stern wheel er
hiking	hiking
outspokenly	outspoken ly
challenge	challenge
intractable	in tractable
calf	calf
scarab	scarab
economist	economy ist
inexpressibly	inexpressible ly
glittering	glittering
foundation	found ation
jaggy	jag y
frigidity	frigid ity
dub	dub
siesta	siesta
demoralize	de moral ize
glow	glow
optional	option al
shavings	shaving s
prebendary	prebend ary
underbid	under bid
bilingual	bilingual
incursion	incur ion
forgiveness	forgive ness
colourlessly	colourless ly
permissibly	permissible ly
palpation	palpate ion
going	going
mirth	mirth
alveolar	alveolar
tarragon	tarragon
blameless	blame less
reason	reason
cyclist	cycle ist
commune	commune
twelfth	twelve th
confab	confabulate
ghetto	ghetto
purgatory	purgation ory
harrow	harrow
degeneration	degenerate ion
recording	recording
toothsome	tooth some
trainee	train ee
wariness	wary ness
reckoning	reckoning
mantle	mantle
motive	motive
tailless	tail less
grippingly	gripping ly
ranker	rank er
clerihew	clerihew
tonality	tonal ity
sericultural	sericulture al
note	note
effectives	effective s
inimitably	inimitable ly
circularize	circular ize
pixie	pixie
wonderful	wonder ful
wattle	wattle
incongruousness	incongruous ness
undue	un due
asbestos	asbestos
blench	blench
personalization	personalize ation
menially	menial ly
straggler	straggle er
spacing	spacing
runner	run er
exploded	exploded
gleefully	gleeful ly
gastronomic	gastronomy ic
mesa	mesa
pig	pig
dinginess	dingy ness
maxi	maximum
plate	plate
heedfulness	heedful ness
diffidently	diffident ly
responsiveness	responsive ness
discard	discard
hearken	hark en
unroll	un roll
contumaciously	contumacious ly
superstitiously	superstitious ly
cupping	cupping
snake	snake
kapok	kapok
psychiatric	psychiatry ic
narky	nark y
casserole	casserole
verbal	verbal
tucker	tuck er
malarial	malaria al
move	move
study	study
serenely	serene ly
crescendo	crescendo
cream	cream
helmet	helmet
earthen	earth en
crag	crag
divergence	divergent ence
absence	absent ence
indifference	indifferent ence
fibrous	fibre ous
naval	navy al
chevron	chevron
dodderingly	doddering ly
sponsor	sponsor
stainless	stain less
fanatical	fanatic al
cuffs	handcuffs
rustic	rustic
drawing	drawing
gala	gala
alliteratively	alliterative ly
lush	lush
inappropriateness	inappropriate ness
insignificant	in significant
hysterical	hysteria ical
cheerful	cheer ful
theosophist	theosophy ist
stratagem	stratagem
rotten	rot en
awkwardly	awkward ly
ratch	ratchet
inpouring	inpouring
bop	bebop
bloater	bloat er
scurry	scurry
indelicately	indelicate ly
sixthly	sixth ly
reproachable	reproach able
indiscreet	in discreet
injustice	in justice
compliant	comply ant
manometrically	manometrical ly
like	like
printable	print able
witching	witch ing
narcissistically	narcissistic ally
naturalistically	naturalistic ally
bloomers	bloomer s
conservatory	conservation ory
disused	disuse ed
salient	salient
foolhardy	fool hard y
hers	her s
geophysical	geophysics al
typewritten	typewritten
frivolously	frivolous ly
disfigure	dis figure
pawkiness	pawky ness
tenaciously	tenacious ly
country	country
stare	stare
aisle	aisle
penitential	penitence ial
reword	re word
silence	silent ence
pudendum	pudendum
mountaineer	mountaineer
coating	coating
aspirant	aspire ant
slangily	slangy ly
perversion	pervert ion
successive	succession ive
polysyllabic	polysyllable ic
stout	stout
retired	retired
trivially	trivial ly
lubricator	lubricate or
rubberize	rubber ize
basely	base ly
numerically	numerical ly
yule	yule
ritualistically	ritualistic ally
energize	energy ize
ceramics	ceramic s
bop	bop
driveller	drivel er
desperado	desperado
olden	old en
whenever	whenever
precise	precise
planet	planet
hebdomadally	hebdomadal ly
adventure	adventure
respectable	respect able
unexceptionably	unexceptionable ly
freethinker	free thinker
congestion	congest ion
passing	passing
tenon	tenon
quagga	quagga
rueful	rue ful
environmental	environment al
addict	addict
conjunctive	conjunctive
battleship	battle ship
trilingually	trilingual ly
quest	quest
lubricant	lubricate ant
spectacled	spectacle ed
mend	mend
theatrically	theatrical ly
overbear	over bear
autumnal	autumn al
longish	long ish
bunkered	bunker ed
ball	ball
sulphuretted	sulphuretted
meteor	meteor
rehear	re hear
phantasmic	phantasm ic
lovelorn	lovelorn
usurpation	usurp ation
audibly	audible ly
roach	roach
shaggily	shaggy ly
palmistry	palmist ry
friend	friend
meaninglessness	meaningless ness
demented	demented
specimen	specimen
sifter	sift er
intellectually	intellectual ly
come	come
synthesizer	synthesize er
opaquely	opaque ly
consumer	consume er
immediately	immediately
correctness	correct ness
oceanographer	oceanography er
osteopathy	osteopath y
naturalness	natural ness
roamer	roam er
agronomist	agronomy ist
literalness	literal ness
principles	principles
reproduce	re produce
troublesome	trouble some
informality	informal ity
hubby	husband y
register	register
bushed	bush ed
disarrange	dis arrange
coequal	coequal
rerun	rerun
dryer	dry er
sinner	sin er
wadding	wadding
biped	biped
comfortless	comfort less
scandalously	scandalous ly
intellectual	intellectual
detention	detain ion
compensatory	compensation ory
amp	amp
tastelessly	tasteless ly
impetuously	impetuous ly
eleven	eleven
gate	gate
retract	retract
monotheistic	monotheism ic
mutiny	mutiny
greaser	grease er
propellant	propellant
soused	soused
misunderstanding	misunderstanding
uninhibitedly	uninhibited ly
margin	margin
immobility	immobile ity
companionable	companion able
clingy	cling y
quitter	quit er
lateen	lateen
peep	peep
mutably	mutable ly
acidify	acid ify
elementary	element ary
devalue	de value
windcheater	wind cheat er
thirtieth	thirtieth
picnicker	picnic er
staggeringly	staggering ly
idem	idem
whaling	whaling
outer	out er
recollection	recollect ion
xenophobic	xenophobia ic
eternity	eternal ity
invulnerably	invulnerable ly
ownership	owner ship
viscosity	viscous ity
mooch	mooch
diabetic	diabetes ic
stationery	stationer ery
raccoon	raccoon
resinate	resin ate
recitative	recitation ive
pugilistic	pugilist ic
cargo	cargo
rancidity	rancid ity
corrective	correction ive
sizzle	sizzle
blissfulness	blissful ness
its	its
wen	wen
miller	mill er
reverberation	reverberate ion
jolly	jolly
psychiatrist	psychiatry ist
outdate	out date
heal	heal
aptness	apt ness
equably	equable ly
shaddock	shaddock
inauspicious	in auspicious
stow	stow
artifact	artifact
lucid	lucid
staginess	stagy ness
facileness	facile ness
stays	stays
consolable	console able
rustiness	rusty ness
puerperal	puerperium al
piebald	piebald
how	how
musty	must y
knee	knee
prepared	prepared
progressively	progressive ly
suggestion	suggest ion
tidy	tidy
fixed	fixed
overalls	overalls
costumier	costume ier
undulation	undulate ion
jawbreaker	jaw break er
rousing	rousing
cyclostyle	cyclostyle
assemblage	assemble age
argot	argot
antiquated	antiquated
affectionately	affectionate ly
intermingle	inter mingle
acorn	acorn
ropiness	ropey ness
unionization	unionize ation
drily	dry ly
pituitary	pituitary
acquisitiveness	acquisitive ness
rehabilitate	re habilitate
enslave	en slave
dismally	dismal ly
metro	Metro
muckraking	muckraking
communications	communications
marbles	marbles
chauvinist	chauvinism ist
sad	sad
lawfulness	lawful ness
drapery	drape ery
haul	haul
mire	mire
old	old
train	train
love	love
lectureship	lecture ship
tireless	tire less
heretically	heretical ly
matchlessly	matchless ly
spicily	spicy ly
itchiness	itchy ness
rosin	rosin
boast	boast
severally	several ly
gait	gait
burden	burden
inhumanity	inhuman ity
shaking	shaking
golf	golf
clamorously	clamorous ly
squarely	square ly
kaleidoscopic	kaleidoscope ic
writing	writing
cabin	cabin
backbiter	backbite er
innocently	innocent ly
bet	bet
riveting	riveting
superficiality	superficial ity
overriding	overriding
astride	astride
carbonization	carbonize ation
constitution	constitute ion
praise	praise
cheap	cheap
lightness	light ness
mine	mine
amorphously	amorphous ly
chill	chill
meekly	meek ly
mince	mince
steal	steal
speciousness	specious ness
funniness	funny ness
bootless	boot less
beer	beer
confines	confine s
unruliness	unruly ness
sparrow	sparrow
alumnus	alumnus
elevator	elevate or
passionateness	passionate ness
separator	separate or
permanence	permanent ence
primly	prim ly
gravel	gravel
lobe	lobe
dumbness	dumb ness
redistribute	re distribute
pard	pardner
booster	boost er
teat	teat
puniness	puny ness
coltishly	coltish ly
plastering	plaster ing
beneficially	beneficial ly
wooded	wood ed
northwester	northwest er
mystically	mystical ly
adventurer	adventure er
facer	face er
component	component
stammeringly	stammering ly
gratuitous	gratuity ous
post	post
umpire	umpire
integrally	integral ly
canton	canton
lay	lay
golly	golliwog y
benevolently	benevolent ly
tufted	tuft ed
rejoicing	rejoicing
languorous	languor ous
mildly	mild ly
collectedly	collected ly
turps	turps
plosive	plosive
cancerous	cancer ous
dispenser	dispense er
fearsome	fear some
filtrate	filtrate
inflated	inflated
pace	pace
light	light
feminist	feminism ist
villain	villain
parasitical	parasite ical
upholsterer	upholster er
nomadically	nomadic ally
lingam	lingam
briskness	brisk ness
thrift	thrift
thievery	thief ery
enthralled	enthralled
jaunt	jaunt
aperient	aperient
rationalistic	rationalist ic
croon	croon
rigorously	rigorous ly
melodramatic	melodrama ic
fruitlessness	fruitless ness
gecko	gecko
snort	snort
unkindly	unkind ly
entertainingly	entertaining ly
freelance	free lance
spry	spry
gallon	gallon
promptness	prompt ness
drivel	drivel
starless	star less
daisy	daisy
culottes	culotte s
tinker	tinker
becalmed	be calm ed
bungler	bungle er
disadvantageous	disadvantage ous
blighter	blight er
browse	browse
wane	wane
choicely	choice ly
thence	thence
today	today
diagrammatical	diagram ical
lisp	lisp
elfish	elf ish
evaluation	evaluate ion
discursiveness	discursive ness
ejaculation	ejaculate ion
brass	brass
twerp	twerp
enable	en able
tall	tall
bookable	book able
misanthropist	misanthrope ist
pellucidly	pellucid ly
onside	onside
skinny	skin y
mushy	mush y
jaggedly	jagged ly
disproportionately	disproportionate ly
sibylline	sibyl ine
dribble	dribble
east	east
orchestrate	orchestra ate
desecration	desecrate ion
bridle	bridle
promiscuously	promiscuous ly
condescending	condescending
tip	tip
sentimentality	sentimental ity
resolve	resolve
turf	turf
tigerish	tiger ish
crosscountry	crosscountry
torque	torque
stretcher	stretch er
glare	glare
thrall	thrall
curliness	curly ness
nullify	null ify
motorcyclist	motorcycle ist
liable	liable
seethe	seethe
trachoma	trachoma
clip	clip
starchy	starch y
shocking	shocking
yahoo	yahoo
blearily	bleary ly
sleeve	sleeve
stamen	stamen
salmon	salmon
philistinism	philistine ism
presumptively	presumptive ly
bud	bud
whop	whop
distributively	distributive ly
felicitous	felicity ous
augur	augur
illustrative	illustration ive
mother	mother
metaphysical	metaphysics al
unmask	un mask
singly	single ly
accumulator	accumulate or
eat	eat
kwacha	kwacha
aristocratically	aristocratic ally
pacifier	pacify er
hurray	hurray
authority	author ity
leastwise	least wise
legitimatize	legitimate ize
believably	believable ly
carry	carry
spider	spider
insipidity	insipid ity
account	account
reportage	report age
underhung	under hung
knead	knead
excessively	excessive ly
darning	darning
hammock	hammock
poodle	poodle
boo	boo
tote	tote
arena	arena
loo	loo
palliative	palliative
inactivate	inactive ate
limpness	limp ness
undermine	under mine
rancorous	rancour ous
benumbed	be numb ed
usher	usher
undercut	undercut
authorize	author ize
cataclysmic	cataclysm ic
enunciation	enunciate ion
rung	rung
hybrid	hybrid
blooming	bloom ing
teachable	teach able
ontologically	ontological ly
wreath	wreath
vesicle	vesicle
char	charwoman
mourner	mourn er
contrarily	contrary ly
unclaimed	un claimed
measliness	measly ness
bison	bison
hint	hint
chancellery	chancellor ery
ibex	ibex
simper	simper
indispensably	indispensable ly
filmy	film y
ranks	ranks
palatially	palatial ly
heuristically	heuristic ally
bottleful	bottle ful
arduously	arduous ly
header	head er
campaign	campaign
prosodic	prosody ic
principled	principle ed
lever	lever
ascendancy	ascendant ancy
trendy	trendy
roadworthiness	roadworthy ness
disincline	dis incline
slighting	slighting
firmly	firm ly
presentiment	pre sentiment
editorially	editorial ly
algebraically	algebraic ally
ninetieth	ninety th
wallaby	wallaby
trawl	trawl
skiffle	skiffle
grotesqueness	grotesque ness
pacifist	pacifism ist
menstruation	menstruate ion
nymph	nymph
odds	odd s
ancestress	ancestor ess
declaration	declare ation
increasingly	increase ing ly
creditable	credit able
gargoyle	gargoyle
imperfection	imperfect ion
plankton	plankton
grater	grate er
parch	parch
denim	denim
ossification	ossify ation
crosscheck	crosscheck
sicken	sick en
timbre	timbre
loudspeaker	loud speak er
kitchen	kitchen
forehand	fore hand
marketing	marketing
pointed	pointed
sniffles	sniffles
gown	gown
box	box
doctrinal	doctrine al
uneconomical	un economical
limy	lime y
judiciously	judicious ly
foremost	fore most
transcendentalist	transcendentalism ist
venerable	venerate able
soloist	solo ist
talent	talent
scrag	scrag
negotiation	negotiate ion
skint	skint
pump	pump
ethereally	ethereal ly
covertly	covert ly
distrust	distrust
mantilla	mantilla
admonishing	admonishing
kink	kink
latitudinal	latitude al
bygone	bygone
rummy	rummy
bract	bract
immobilization	immobilize ation
emptiness	empty ness
tunnel	tunnel
vestigially	vestigial ly
commendatory	commendation ory
lathi	lathi
outlay	outlay
said	said
uncover	un cover
harmoniousness	harmonious ness
intentionally	intentional ly
oboe	oboe
harbour	harbour
chichi	chichi
gunge	gunge
tubby	tub y
drench	drench
cervical	cervix al
hibernation	hibernate ion
array	array
presuming	presuming
limbless	limb less
adventuresome	adventure some
electricly	electric ly
hustler	hustle er
alphabetical	alphabet ical
partial	part ial
muslin	muslin
choosy	choose y
mapping	mapping
mistiness	misty ness
stage	stage
affirmative	affirmative
guru	guru
uncharitably	uncharitable ly
regionally	regional ly
found	found
indicative	indication ive
bather	bathe er
delirious	delirium ous
embezzler	embezzle er
source	source
donation	donate ion
thankless	thank less
transcendentally	transcendental ly
heavyhearted	heavy heart ed
sickening	sickening
scrambler	scramble er
manful	man ful
skein	skein
precipitately	precipitate ly
extensiveness	extensive ness
shallowness	shallow ness
prophetically	prophetic ally
charm	charm
joviality	jovial ity
formative	formation ive
beam	beam
brim	brim
owner	own er
snowball	snowball
misdeal	mis deal
dwelling	dwelling
caravanning	caravanning
hope	hope
foal	foal
horridness	horrid ness
detachedly	detached ly
incidentals	incidentals
empress	emperor ess
much	much
commissioner	commission er
indecisively	indecisive ly
astrological	astrology ical
reveller	revel er
bedimmed	be dim ed
adorn	adorn
hieroglyphics	hieroglyphic s
complement	complement
pontificals	pontifical s
pliancy	pliant ancy
lioness	lion ess
consulate	consul ate
salt	salt
city	city
satisfactorily	satisfactory ly
outnumber	out number
hunch	hunch
intangibility	intangible ity
judge	judge
corny	corn y
bloodlessness	bloodless ness
osculation	osculate ion
functional	function al
hobnailed	hobnail ed
meed	meed
undersexed	under sex ed
years	years
creed	creed
pay	pay
pith	pith
tyrannous	tyrant ous
plaice	plaice
ninth	ninth
colon	colon
foible	foible
pallet	pallet
succinctness	succinct ness
stole	stole
elimination	eliminate ion
bisexually	bisexual ly
weediness	weedy ness
alley	alley
influx	in flux
elevation	elevate ion
immediacy	immediate cy
trombonist	trombone ist
spidery	spider y
roost	roost
perspicuity	perspicuous ity
lilliputian	Lilliputian
prude	prude
sabotage	sabotage
fitful	fit ful
sentimentalize	sentimental ize
commonage	common age
feebleness	feeble ness
sty	sty
miscall	mis call
syringe	syringe
camping	camping
bestial	beast ial
tearfully	tearful ly
pretence	pretend ence
disagreeably	disagreeable ly
pricey	price y
conversation	converse ation
calibrate	calibre ate
distinctive	distinction ive
servility	servile ity
poncy	ponce y
centre	centre
horsewhip	horsewhip
concisely	concise ly
lagoon	lagoon
chic	chic
unman	un man
remake	re make
relaxing	relaxing
laudability	laudable ity
blacken	black en
valuer	value er
priggishly	priggish ly
diverting	diverting
unpretentiously	unpretentious ly
buoyancy	buoyant ancy
caucus	caucus
stridence	strident ence
fleshings	flesh ing s
safecracker	safe crack er
exception	except ion
solipsistic	solipsist ic
springy	spring y
shun	shun
brownie	brown ie
exhumation	exhume ation
compare	compare
wooden	wood en
calculably	calculable ly
coddle	coddle
conversion	convert ion
hue	hue
dancer	dance er
nervelessly	nerveless ly
inequitably	inequitable ly
conveyer	convey er
eastwards	eastward s
runnel	runnel
adroitness	adroit ness
mornings	morning s
welder	weld er
gesticulation	gesticulate ion
bard	bard
veraciously	veracious ly
burnous	burnous
disbeliever	disbelieve er
tulip	tulip
done	done
mansions	mansions
sloe	sloe
pitiably	pitiable ly
cuss	cuss
reconsideration	reconsider ation
conductor	conduct or
seamy	seam y
benefit	benefit
riverside	riverside
lynx	lynx
galloping	galloping
pounding	pounding
indemnification	indemnify ation
mouldy	mould y
complicated	complicated
healthful	health ful
diametrically	diametrical ly
bracing	bracing
safe	safe
admiration	admire ation
membrane	membrane
metabolize	metabolism ize
hollowness	hollow ness
appellant	appellant
subtlety	subtle ty
surveying	surveying
microscopically	microscopic ally
providing	providing
enormously	enormous ly
worker	work er
gammon	gammon
outrigger	out rig er
healer	heal er
likely	likely
sapper	sap er
footslogging	footslogging
tubful	tub ful
genitals	genital s
unfurnished	un furnished
illumination	illuminate ion
aesthetical	aesthete ical
testatrix	testatrix
grave	grave
unfailing	un failing
dredge	dredge
backing	backing
streaky	streak y
inaudible	in audible
changelessly	changeless ly
work	work
knobby	knob y
predominant	predominate ant
sheer	sheer
outcaste	outcaste
end	end
attitudinize	attitude ize
disintegrate	dis integrate
soulfulness	soulful ness
variegation	variegate ion
accessibility	accessible ity
fluid	fluid
prime	prime
final	final
prettily	pretty ly
libido	libido
outbalance	out balance
salvage	salvage
yaw	yaw
harlot	harlot
kebab	kebab
dent	dent
wring	wring
dread	dread
efflorescence	efflorescent ence
studiously	studious ly
recitation	recite ation
turban	turban
defeatist	defeatism ist
evergreen	evergreen
machinate	machine ate
unbeknown	unbeknown
sordidly	sordid ly
boob	boob
brisket	brisket
breathtakingly	breathtaking ly
nail	nail
engaging	engaging
will	will
trackless	track less
buckle	buckle
sapling	sap ling
memoirs	memoirs
bullheadedly	bullheaded ly
counterattack	counterattack
strumpet	strumpet
crimp	crimp
confidently	confident ly
electoral	elector al
cohesiveness	cohesive ness
drill	drill
demob	demob
wonted	wont ed
tenuity	tenuous ity
chiffonier	chiffon ier
chain	chain
dowel	dowel
crave	crave
compassionately	compassionate ly
self	self
satirical	satire ical
hobble	hobble
revival	revive al
signal	signal
symbolically	symbolic ally
tepidity	tepid ity
frothily	frothy ly
warble	warble
renegade	renegade
fatalistic	fatalist ic
doge	doge
sometime	sometime
coke	coke
renascent	re nascent
psychiatrically	psychiatric ally
sampan	sampan
attributive	attribute ive
tenpins	tenpins
plentifully	plentiful ly
forkful	fork ful
fascination	fascinate ion
meeting	meeting
sequin	sequin
torpidness	torpid ness
backwardness	backward ness
indefinably	indefinable ly
luckless	luck less
casuistical	casuist ical
devil	devil
unkind	un kind
solver	solve er
joke	joke
alternative	alternative
cardigan	cardigan
incidence	incident ence
client	client
slaughterer	slaughter er
burr	burr
clumsily	clumsy ly
radioactively	radioactive ly
realm	realm
locker	lock er
magnification	magnify ation
inundation	inundate ion
cruelly	cruel ly
bird	bird
medication	medicate ion
catcall	catcall
guano	guano
dissimilarity	dissimilar ity
ode	ode
dehorn	de horn
trafficker	traffic er
raucously	raucous ly
appear	appear
prod	prod
peek	peek
raglan	raglan
lyrical	lyric al
leftist	leftist
brush	brush
unfounded	un founded
sottish	sot ish
dhoti	dhoti
malleability	malleable ity
willingness	willing ness
mousiness	mousy ness
serviette	serviette
palatinate	palatine ate
psychokinetically	psychokinetic ally
grin	grin
bawdily	bawdy ly
sofa	sofa
notional	notion al
transship	trans ship
secessionist	secession ist
rurally	rural ly
papery	paper y
heartlessness	heartless ness
yoke	yoke
versify	verse ify
imam	imam
disallow	dis allow
meretriciousness	meretricious ness
dudgeon	dudgeon
provider	provide er
glad	glad
degree	degree
foursome	four some
dimness	dim ness
fossilization	fossilize ation
sandiness	sandy ness
scrupulousness	scrupulous ness
sensuousness	sensuous ness
daffodil	daffodil
explicitly	explicit ly
anthrax	anthrax
disfrock	dis frock
conk	conk
deem	deem
barm	barm
disafforest	dis afforest
mighty	mighty
certified	certified
ribaldry	ribald ry
burdensome	burden some
harp	harp
dearness	dear ness
invigilation	invigilate ion
unsaid	un said
hypothetical	hypothesis ical
intrusive	intrusion ive
mascara	mascara
toy	toy
fret	fret
academic	academy ic
dashingly	dashing ly
lobbyist	lobby ist
triplet	triple let
omission	omit ion
soldierlike	soldier like
related	related
curative	curative
beautiful	beauty ful
unasked	un asked
equalization	equalize ation
outboard	out board
consolidation	consolidate ion
boohoo	boohoo
martini	martini
facing	facing
leeringly	leering ly
closet	closet
belligerence	belligerent ence
daily	day ly
contraceptive	contraception ive
bohemian	Bohemia an
insubordinate	in subordinate
marram	marram
paunch	paunch
theistic	theist ic
blabber	blab er
teeming	teeming
indulge	indulge
girlishness	girlish ness
smooth	smooth
disputable	dispute able
fatness	fat ness
truism	true ism
opulence	opulent ence
law	law
imitator	imitate or
cricket	cricket
exhibitionist	exhibitionism ist
bypass	bypass
multitudinousness	multitudinous ness
acting	acting
sweater	sweat er
highly	high ly
fool	fool
relationship	relation ship
seasoning	seasoning
niggling	niggling
nuttiness	nutty ness
neigh	neigh
boggle	boggle
disorderly	disorder ly
dedication	dedicate ion
billposter	bill post er
twirl	twirl
bitingly	biting ly
priestlike	priest like
ringside	ringside
seek	seek
recuperative	recuperation ive
dynamically	dynamic ally
ship	ship
bursary	bursar y
bulbous	bulb ous
amply	ample ly
huntress	hunter ess
kind	kind
bairn	bairn
elephantine	elephant ine
hospitably	hospitable ly
ghoulishness	ghoulish ness
soppy	sop y
havoc	havoc
teal	teal
vitalize	vital ize
preview	pre view
hoary	hoar y
prickliness	prickly ness
technically	technical ly
sinless	sin less
unclad	un clad
hockey	hockey
hairiness	hairy ness
practician	practise ian
wan	wan
musically	musical ly
canasta	canasta
still	still
objectively	objective ly
telephotography	telephotograph y
bull	bull
relative	relation ive
volume	volume
squeaker	squeak er
complainingly	complain ing ly
paranoiacally	paranoiac ally
rand	rand
pleasantness	pleasant ness
acoustic	acoustic
suggest	suggest
deckle	deckle
sage	sage
jingoism	jingo ism
vomit	vomit
renunciation	renounce ation
transistorize	transistor ize
involuntariness	involuntary ness
recalcitrant	recalcitrant
newscaster	newscast er
mercilessly	merciless ly
sightliness	sightly ness
deathlessly	deathless ly
tactically	tactical ly
specifically	specific ally
pasty	pasty
measure	measure
erectness	erect ness
formalist	formalist
froth	froth
shred	shred
mnemonic	mnemonic
reconstitute	re constitute
bloodthirstiness	bloodthirsty ness
rook	rook
relevantly	relevant ly
first	first
capitalism	capital ism
indivisibility	indivisible ity
genetically	genetic ally
warden	warden
disdainfully	disdainful ly
freshen	fresh en
incomprehensibility	incomprehensible ity
jurisprudence	jurisprudent ence
senseless	sense less
lovable	love able
archery	archer ery
insubstantial	in substantial
sombre	sombre
john	john
residuary	residue ary
commemoration	commemorate ion
militarism	military ism
telephone	telephone
observation	observe ation
rationalize	rational ize
