menguraikan	men urai kan
berkenaan	ber kena an
tolong	tolong
puasa	puasa
budayanya	budaya nya
belenggu	belenggu
mengejutkan	men kejut kan
merambah	men rambah
menjualnya	men jual nya
dirintis	di rintis
utama	utama
yakub	yakub
dilaksanakan	di laksana kan
paus	paus
asistennya	asisten nya
menggoreng	men goreng
penampungan	pen tampung an
mengefisienkan	men efisien kan
rutinitas	rutinitas
diakuinya	di aku i nya
mendulang	men dulang
ketat	ketat
menghindari	men hindar i
mengobarkan	men kobar kan
menyaring	men saring
disusul	di susul
entrinya	entri nya
mengorban	men korban
menjauhi	men jauh i
dinyatakannya	di nyata kan nya
menganiaya	men aniaya
efeknya	efek nya
diajarkan	di ajar kan
terpetakan	ter peta kan
pengunjuk	pen unjuk
carinya	cari nya
dibenarkan	di benar kan
bumi	bumi
pembedahan	pen bedah an
istilahnya	istilah nya
buruh	buruh
mekar	mekar
minumnya	minum nya
menyimpan	men simpan
keluarga	keluarga
melupakan	men lupa kan
berlaga	ber laga
teladanku	teladan ku
berkendara	ber kendara
terlayani	ter layan i
mengarahkanku	men arah kan ku
prasarana	prasarana
rupa	rupa
bersimpati	ber simpati
dikoleksi	di koleksi
diterapkannya	di terap kan nya
tawa	tawa
perpanjangan	per panjang an
memperdulikan	men perduli kan
sekrup	sekrup
pembantuan	pen bantu an
bantuannya	bantu an nya
balasannya	balas an nya
rencananya	rencana nya
haluan	halu an
ceritanya	cerita nya
dibesarkan	di besar kan
penilik	pen tilik
dievaluasi	di evaluasi
perdanya	perda nya
mempersoalkan	men soal kan
memunculkan	men muncul kan
panik	panik
menyita	men sita
ibarat	ibarat
memancing	men pancing
mengeruk	men keruk
menimbun	men timbun
egois	egois
mengadministrasikan	men administrasi kan
terutang	ter utang
keterampilannya	keterampilan nya
ditunjukan	di tunjuk an
rinciannya	rinci an nya
menjunjung	men junjung
bersekolah	ber sekolah
lamban	lamban
mengerahkan	men kerah kan
majikannya	majikan nya
jauh	jauh
sangka	sangka
pembagian	pen bagi an
malas	malas
penagihan	pen tagih an
gawang	gawang
cahaya	cahaya
menggoyahkan	men goyah kan
lingkup	lingkup
tradisi	tradisi
mendua	men dua
riba	riba
pesanan	pesan an
fungsi	fungsi
cokelat	cokelat
warganya	warga nya
pembongkaran	pen bongkar an
peninjau	pen tinjau
dipaparkan	di papar kan
memperpendek	men pendek
rawan	rawan
berkurang	ber kurang
mawar	mawar
bertambahnya	ber tambah nya
akut	akut
kandangnya	kandang nya
mengucapkan	men ucap kan
ditegakkan	di tegak kan
biarkan	biar kan
ketidakwaspadaan	ke tidak waspada an
terkuno	ter kuno
melampaui	men lampau i
ditelaah	di telaah
terjaganya	ter jaga nya
audit	audit
bersepeda	ber sepeda
kucilkan	kucil kan
nyeri	nyeri
menjanjikan	men janji kan
keluarnya	keluar nya
persalinannya	per salin an nya
membutakan	men buta kan
ironis	ironis
dipakai	di pakai
konservatif	konservatif
antarsektor	antar sektor
mengakumulasi	men akumulasi
dititipkannya	di titip kan nya
fotokopinya	fotokopi nya
bi	bi
ujar	ujar
pengaruhi	pengaruh i
mengubur	men kubur
berlutut	ber lutut
kompensasi	kompensasi
membujuk	men bujuk
intensifnya	intensif nya
mengevakuasi	men evakuasi
intensitas	intensitas
melenceng	men lenceng
internasional	internasional
baki	bak i
hewan	hewan
membajak	men bajak
indikasi	indikasi
pohon	pohon
menjerat	men jerat
pembatalan	pen batal an
dititipkan	di titip kan
bersasaran	ber sasar an
asrama	asrama
nelayan	nelayan
alur	alur
susu	susu
penggoda	pen goda
bermukim	ber mukim
kuponnya	kupon nya
ragam	ragam
pinggiran	pinggir an
mengubah	men ubah
mulutku	mulut ku
gawangnya	gawang nya
lengkap	lengkap
akumulasi	akumulasi
ajaran	ajar an
pengganti	pen ganti
sawit	sawit
mengaliri	men alir i
allahnya	allah nya
pencobaan	pen coba an
ritel	ritel
semapan	se mapan
fasilitasi	fasilitas i
mengenalinya	men kenal i nya
petinggi	petinggi
menyanggah	men sanggah
sebidang	se bidang
menyelubungi	men selubung i
penolongku	pen tolong ku
jaga	jaga
dibilang	di bilang
percepatan	per cepat an
diparkir	di parkir
seni	seni
secepat	se cepat
mengontrak	men kontrak
secanggih	se canggih
laki	laki
berbuntut	ber buntut
mewah	mewah
harinya	hari nya
melonjak	men lonjak
terparah	ter parah
struktural	struktural
wawasannya	wawasan nya
mewarnai	men warna i
triwulan	triwulan
meresahkan	men resah kan
positif	positif
ditutup	di tutup
titik	titik
diinginkan	di ingin kan
teramati	ter amati
stoknya	stok nya
dilampiri	di lampir i
diterus	di terus
meja	meja
pelebaran	pen lebar an
memutakhirkan	men mutakhir kan
menegarkan	men tegar kan
diperdalam	di per dalam
difirmankan	di firman kan
pengungsi	pen ungsi
tikus	tikus
penginjil	pen injil
manajemen	manajemen
membantunya	men bantu nya
rahasia	rahasia
mengemudikan	men kemudi kan
berdamai	ber damai
membentang	men bentang
memperbaharui	men baharu i
menumpuk	men tumpuk
seprovinsi	se provinsi
membantu	men bantu
mengunggah	men unggah
jajarannya	jajar an nya
disarankan	di saran kan
menendang	men tendang
pengatur	pen atur
berintensitas	ber intensitas
pengangkutan	pen angkut an
tersingkirnya	ter singkir nya
menyepakatinya	men sepakat i nya
bantuan	bantu an
berusia	ber usia
angsa	angsa
penutup	pen tutup
kubu	kubu
bunga	bunga
akurasi	akurasi
seadat	se adat
pergeseran	per geser an
merepresentasikan	men representasi kan
ketidakpedulian	ke tidak peduli an
konseptual	konseptual
fasilitasnya	fasilitas nya
diskriminasi	diskriminasi
udang	udang
kuatirmu	kuatir mu
relevannya	relevan nya
operasionalnya	operasional nya
dukun	dukun
perda	perda
pil	pil
wawancara	wawancara
agenda	agenda
berkeluh	ber keluh
menghitung	men hitung
menyertifikasi	men sertifikasi
memulangkan	men pulang kan
pantauan	pantau an
nonmiskin	nonmiskin
bulanan	bulan an
akbar	akbar
penganut	pen anut
beku	beku
administratif	administratif
baitul	baitul
menerangi	men terang i
mengawasinya	men awas i nya
sibuknya	sibuk nya
perkataan	per kata an
dipeluk	di peluk
permintaan	per minta an
sektor	sektor
serap	serap
ditanya	di tanya
belakangnya	belakang nya
menjangkaunya	men jangkau nya
dukungannya	dukung an nya
silam	silam
tongkat	tongkat
yakin	yakin
lini	lini
agustus	agustus
berlipat	ber lipat
naik	naik
palungan	palung an
memperkarakan	men perkara kan
risiko	risiko
tanyakan	tanya kan
popularitas	popularitas
review	review
dihubungkan	di hubung kan
muslihat	muslihat
arif	arif
terabaikan	ter abai kan
tuntutannya	tuntut an nya
ayam	ayam
pemantau	pen pantau
penggratisan	pen gratis an
dipromosikan	di promosi kan
tentaranya	tentara nya
diandalkan	di andal kan
kepemimpinan	kepemimpinan
berkeluarga	ber keluarga
beternak	beternak
evaluasi	evaluasi
disoroti	di sorot i
hotelnya	hotel nya
berhubung	ber hubung
oknum	oknum
menyanyikan	men nyanyi kan
tekankan	tekan kan
roboh	roboh
dibanyak	di banyak
dukungan	dukung an
pulau	pulau
antarnegara	antar negara
sabaran	sabar an
klasifikasi	klasifikasi
perbudakan	per budak an
menabrakkannya	men tabrak kan nya
terlewatkan	ter lewat kan
terbunuh	ter bunuh
relevansinya	relevansi nya
budaknya	budak nya
ungkap	ungkap
canggung	canggung
menabung	men tabung
mengintervensi	men intervensi
mendapat	men dapat
seefisien	se efisien
diskon	diskon
berkampanye	ber kampanye
obligasi	obligasi
dewa	dewa
1950an	1950 an
jurang	jurang
sabuk	sabuk
guntingan	gunting an
gerutuan	gerutu an
pelukan	peluk an
memberdayakan	men ber daya kan
kamus	kamus
timbul	timbul
permainan	per main an
kumiliki	ku milik i
maksimal	maksimal
pemberitahuannya	pen beritahu an nya
sinar	sinar
ibuku	ibu ku
teknologi	teknologi
madu	madu
dibangun	di bangun
kendala	kendala
korea	korea
kalkulasi	kalkulasi
beracun	ber racun
beradu	ber adu
dihindari	di hindar i
tempati	tempat i
ketidakseragaman	ke tidak seragam an
dikutuk	di kutuk
menganggapnya	men anggap nya
diajarnya	di ajar nya
hindari	hindar i
diakibatkannya	di akibat kan nya
tempat	tempat
perampingan	pen ramping an
bilang	bilang
damai	damai
mutu	mutu
hapuskan	hapus kan
salahnya	salah nya
menyuruh	men suruh
menolong	men tolong
nonpeserta	non peserta
persawahan	per sawah an
doktrin	doktrin
berkontribusi	ber kontribusi
penentu	pen tentu
mencobai	men coba i
ajalnya	ajal nya
poin	poin
terorganisir	ter organisir
kebunnya	kebun nya
menyembuhkannya	men sembuh kan nya
mengembalikannya	men kembali kan nya
menentu	men tentu
mengenakan	men kena kan
pemimpinnya	pen pimpin nya
menyerahkan	men serah kan
antarpengukuran	antar pen ukur an
indah	indah
memanfaatkannya	men manfaat kan nya
mendaratkan	men darat kan
zaitun	zaitun
anugerahkan	anugerah kan
diramalkan	di ramal kan
penimbunan	pen timbun an
nasional	nasional
dipotong	di potong
disejajarkan	di sejajar kan
permasyarakatan	per masyarakat an
berangsur	ber angsur
mengendurkan	men kendur kan
melegakan	men lega kan
ditepatinya	di tepat i nya
memperlambat	men lambat
melaporkan	men lapor kan
menghanguskan	men hangus kan
membalikkan	men balik kan
terlaksananya	ter laksana nya
membohongi	men bohong i
penjaminnya	pen jamin nya
percakapan	per cakap an
situ	situ
topi	top i
terpenting	ter penting
menceritakan	men cerita kan
menggemakan	men gema kan
disampaikan	di sampai kan
produktifitas	produktifitas
dicap	di cap
menerkam	men terkam
periang	pen riang
balon	balon
eksekutif	eksekutif
liga	liga
normal	normal
didistribusikan	di distribusi kan
realistis	realistis
tandan	tandan
rekonstruksinya	rekonstruksi nya
persaudaraan	per saudara an
dongeng	dongeng
kompas	kompas
henti	henti
wisatawan	wisata wan
pengaruhnya	pengaruh nya
dayanya	daya nya
asosiasi	asosiasi
persidangan	per sidang an
penyulingan	pen suling an
ditaruhnya	di taruh nya
didirikannya	di diri kan nya
berdampak	ber dampak
mempelajari	men pelajar i
berlokasi	ber lokasi
diprediksi	di prediksi
alarm	alarm
palang	palang
disahkannya	di sah kan nya
mengukir	men ukir
jurus	jurus
kereta	kereta
terjerumus	ter jerumus
dialirkan	di alir kan
mungil	mungil
kasihmu	kasih mu
areal	areal
bermigrasi	ber migrasi
mendambakan	men damba kan
nyamuk	nyamuk
tingkatan	tingkat an
menurunkannya	men turun kan nya
jenazah	jenazah
dibakukan	di baku kan
penyalurannya	pen salur an nya
kertasnya	kertas nya
menuntunnya	men tuntun nya
perajin	pen rajin
pembatasan	pen batas an
pengangkut	pen angkut
grup	grup
integritasnya	integritas nya
karakteristik	karakteristik
keponakan	keponakan
mengefektifkan	men efektif kan
disaksikan	di saksi kan
pengolahan	pen olah an
terhentinya	ter henti nya
diperburuk	di per buruk
mengenyahkan	men enyah kan
mengencangkan	men kencang kan
eksploitasi	eksploitasi
saraf	saraf
mendatang	men datang
lereng	lereng
bungkusan	bungkus an
memposisikan	men posisi kan
analis	analis
tergantung	ter gantung
pembeli	pen beli
operasinya	operasi nya
dibuat	di buat
galangan	galang an
kondisi	kondisi
integritas	integritas
sejahtera	sejahtera
meluncur	men luncur
melunasi	men lunas i
mengungkapkannya	men ungkap kan nya
iseng	iseng
memilikinya	men milik i nya
pasokan	pasok an
tenteram	tenteram
perkasa	perkasa
menyepakati	men sepakat i
simak	simak
memperkosa	men perkosa
dianalisis	di analisis
akunting	akunting
dikenakan	di kena kan
diputuskan	di putus kan
pengalokasian	pen alokasi an
terkelompok	ter kelompok
keikutsertaannya	ke ikutserta an nya
kanannya	kanan nya
jatuhnya	jatuh nya
berargumen	ber argumen
memperhadapkan	men hadap kan
kapasitasnya	kapasitas nya
makanannya	makan an nya
tubuh	tubuh
menaiki	men naik i
pemanis	pen manis
seru	seru
kerabatnya	kerabat nya
berseberangan	ber seberang an
absennya	absen nya
ingini	ingin i
melodi	melodi
jembatan	jembatan
cela	cela
selesaikan	selesai kan
periode	periode
terbelakang	ter belakang
berkebangsaan	ber ke bangsa an
dilampirkan	di lampir kan
bertanggungjawab	ber tanggungjawab
kartunya	kartu nya
judi	judi
bersertifikat	ber sertifikat
menyeberang	men seberang
berutang	ber utang
dicurigai	di curiga i
prioritas	prioritas
mendarat	men darat
pemerintah	pen perintah
diperingan	di per ringan
penghalau	pen halau
personal	personal
terbenamnya	ter benam nya
serapan	serap an
merampingkan	men ramping kan
asumsi	asumsi
sumbernya	sumber nya
nuklir	nuklir
belanda	belanda
mempublikasikan	men publikasi kan
memandu	men pandu
tertanam	ter tanam
seyogyanya	se yogya nya
dikuasai	di kuasa i
pengeluaran	pen keluar an
lorong	lorong
penerima	pen terima
dikelolanya	di kelola nya
gadis	gadis
kisah	kisah
penundukan	pen tunduk an
pesawat	pesawat
ditempuhnya	di tempuh nya
antarprovinsi	antar provinsi
kutuk	kutuk
atraksi	atraksi
entri	entri
gembira	gembira
sobekan	sobek an
seusia	se usia
perjumpaan	per jumpa an
kapnya	kap nya
antarruangan	antar ruang an
pamannya	paman nya
dipinjam	di pinjam
berbunga	ber bunga
pelaksanaan	pen laksana an
navigasi	navigasi
usah	usah
bendahara	bendahara
penganyam	pen anyam
mengirim	men kirim
diacuhkan	di acuh kan
airnya	air nya
cepatnya	cepat nya
tuntut	tuntut
tungku	tungku
dibalik	di balik
memproyeksikan	men proyeksi kan
kasus	kasus
rendah	rendah
menyadarinya	men sadar i nya
menjamur	men jamur
tunjangan	tunjang an
digali	di gali
jumat	jumat
islami	islam i
dividen	dividen
edisi	edisi
mengejutkannya	men kejut kan nya
peradilan	per adil an
berperan	ber peran
isteri	isteri
pilih	pilih
fotonya	foto nya
pemancing	pen pancing
perlukan	perlu kan
menyurati	men surat i
dampaknya	dampak nya
menyobek	men sobek
membakarmu	men bakar mu
paksa	paksa
disambut	di sambut
abdikan	abdi kan
seumpama	se umpama
ditempeli	di tempel i
kalkun	kalkun
terbaik	ter baik
antartingkat	antar tingkat
paginya	pagi nya
dikelilingi	di keliling i
terjaga	ter jaga
projek	projek
pedih	pedih
mempersempit	men sempit
disibukkan	di sibuk kan
penampilan	pen tampil an
bulan	bulan
bersaat	ber saat
penangguhan	pen tangguh an
susunan	susun an
penyebaran	pen sebar an
pengabdiannya	pen abdi an nya
inisial	inisial
publikasi	publikasi
televisi	televisi
kejam	kejam
ikannya	ikan nya
pengoleksi	pen koleksi
penanggung	pen tanggung
menampung	men tampung
sesamamu	se sama mu
melewatinya	men lewat i nya
jebol	jebol
tersimpan	ter simpan
dimandatkan	di mandat kan
bab	bab
menyerbu	men serbu
dimaksud	di maksud
mencondongkan	men condong kan
menerobos	men terobos
citra	citra
pemelihara	pen pelihara
keringnya	kering nya
rudal	rudal
berujar	ber ujar
penggorengan	pen goreng an
menguatkannya	men kuat kan nya
sulut	sulut
tercemar	ter cemar
diadaptasi	di adaptasi
pergaulan	per gaul an
melaksanakan	men laksana kan
ketidakpekaan	ke tidak peka an
berkomitmen	ber komitmen
berpikirnya	ber pikir nya
membayangkan	men bayang kan
putraku	putra aku
berbuat	ber buat
harta	harta
berwibawa	ber wibawa
bermunculan	ber muncul an
serangga	serangga
disingkapkan	di singkap kan
menyemburkan	men sembur kan
dananya	dana nya
terhambat	ter hambat
penggusuran	pen gusur an
mei	mei
imunisasinya	imunisasi nya
memuliakan	men mulia kan
penyangga	pen sangga
artikel	artikel
daerah	daerah
sentuhan	sentuh an
diurutkan	di urut kan
ditanggapi	di tanggap i
diolesi	di oles i
gugur	gugur
menandingi	men tanding i
melipatgandakan	men lipatganda kan
kawan	kawan
konsultan	konsultan
dijualnya	di jual nya
granat	granat
jujur	jujur
ham	ham
mutlak	mutlak
menumpahkan	men tumpah kan
kotamadya	kotamadya
memaksanya	men paksa nya
menyalahgunakannya	men salahguna kan nya
persamaan	per sama an
merawat	men rawat
menduplikasi	men duplikasi
unik	unik
pengetahuan	pengetahuan
kelihatannya	ke lihat an nya
komisi	komisi
tabrak	tabrak
relatifnya	relatif nya
keberadaannya	keberadaan nya
terumbu	terumbu
diredam	di redam
melemah	men lemah
tersisih	ter sisih
latarbelakang	latarbelakang
penyiangan	pen siang an
sampelnya	sampel nya
fleksibilitas	fleksibilitas
bermuara	ber muara
dianugerahkan	di anugerah kan
makro	makro
mataku	mata aku
pengasih	pen kasih
dipenuhi	di penuh i
pengguna	pen guna
manufaktur	manufaktur
beragama	ber agama
cek	cek
pinjamannya	pinjam an nya
bobroknya	bobrok nya
tangkapannya	tangkap an nya
usulan	usul an
mengesahkan	men sah kan
terserah	ter serah
dipacu	di pacu
stiker	stiker
memerintahkan	men perintah kan
pipi	pipi
diperbaruinya	di per baru i nya
berpagar	ber pagar
haus	haus
binatang	binatang
ruu	ruu
dikompensasi	di kompensasi
dipetakan	di peta kan
pelempar	pen lempar
ketidaktransparanan	ke tidak transparan an
mengukurkan	men ukur kan
tongkatnya	tongkat nya
kostum	kostum
terkumpul	ter kumpul
ketidakakuratan	ke tidak akurat an
dikumandangkan	di kumandang kan
berkelahi	ber kelahi
sesamaku	se sama aku
adil	adil
pancing	pancing
bertanda	ber tanda
menerus	men terus
kamar	kamar
diagnostik	diagnostik
peminatnya	pen minat nya
berdampingan	ber damping an
mengajak	men ajak
september	september
ditahan	di tahan
dibelanjakan	di belanja kan
penopang	pen topang
janggal	janggal
usia	usia
dikonsolidasi	di konsolidasi
semudah	se mudah
kulit	kulit
penyuapan	pen suap an
jari	jari
kakeknya	kakek nya
menganggarkan	men anggar kan
dikenal	di kenal
memasyarakat	men masyarakat
dituangkan	di tuang kan
pala	pala
geluti	gelut i
menunggu	men tunggu
dicakup	di cakup
elpiji	elpiji
menjalin	men jalin
terakhirnya	ter akhir nya
pengabdian	pen abdi an
disidangkan	di sidang kan
menyesali	men sesal i
usianya	usia nya
mengkonfirmasi	men konfirmasi
pemberkasan	pen berkas an
cadangannya	cadang an nya
menggagas	men gagas
penghinaan	pen hina an
pertobatannya	per tobat an nya
gusar	gusar
prevalensinya	prevalensi nya
skandalnya	skandal nya
mencetak	men cetak
menjajakan	men jaja kan
terungkap	ter ungkap
menempuh	men tempuh
dimenangkan	di menang kan
nonpertaniannya	non per tani an nya
penempatan	pen tempat an
penyaliban	pen salib an
esok	esok
mengadunya	men adu nya
luasan	luas an
gerejanya	gereja nya
terancam	ter ancam
kapasitas	kapasitas
menghalau	men halau
nafsunya	nafsu nya
kesudahan	ke sudah an
kambing	kambing
sorenya	sore nya
bercela	ber cela
sorot	sorot
mencuri	men curi
dihindarinya	di hindar i nya
detak	detak
melempar	men lempar
nonmuslim	nonmuslim
ciri	ciri
ikat	ikat
hormati	hormat i
dipicu	di picu
dikaruniai	di karunia i
merangkum	men rangkum
rekrut	rekrut
kupelajari	ku pelajar i
menyekolahkan	men sekolah kan
tertundanya	ter tunda nya
membereskan	men beres kan
pendapat	pen dapat
penalti	penalti
berteguh	ber teguh
dilukis	di lukis
pembersihan	pen bersih an
mengkoordinasikan	men koordinasi kan
jauhnya	jauh nya
terkunci	ter kunci
memanggil	men panggil
penggandaan	pen ganda an
bajakannya	bajak an nya
kepemimpinannya	kepemimpinan nya
kuku	kuku
dibekali	di bekal i
menangnya	menang nya
prosesnya	proses nya
mengabdikan	men abdi kan
memperkokoh	men kokoh
prihatin	prihatin
lokasi	lokasi
komitmennya	komitmen nya
akad	akad
menganyam	men anyam
berjasa	ber jasa
ngomongnya	ngomong nya
daftar	daftar
astronot	astronot
rambutnya	rambut nya
berdasar	ber dasar
cobaan	coba an
pengacau	pen kacau
pakar	pakar
juruselamat	juruselamat
tembak	tembak
lesunya	lesu nya
jawaban	jawab an
sekecil	se kecil
mudahnya	mudah nya
mendewakan	men dewa kan
kenaikan	ke naik an
memodifikasi	men modifikasi
mengikat	men ikat
jangkauan	jangkau an
bersesuaian	ber sesuai an
pertempuran	per tempur an
lusinan	lusin an
menakjubkan	men takjub kan
menyiasati	men siasat i
pandang	pandang
didapatkannya	di dapat kan nya
prevalensi	prevalensi
menyasar	men sasar
bergoncang	ber goncang
transformasi	transformasi
didekatnya	di dekat nya
dagingnya	daging nya
turunkan	turun kan
lkm	lkm
dimuliakan	di mulia kan
dikelompokkan	di kelompok kan
memisahkannya	men pisah kan nya
menghapusnya	men hapus nya
idenya	ide nya
pengaturan	pen atur an
bersejarah	ber sejarah
kirim	kirim
ekstra	ekstra
memaknai	men makna i
memadamkan	men madam kan
dididik	di didik
beragam	ber ragam
kedengarannya	ke dengar an nya
urusanku	urus an ku
disumbangkan	di sumbang kan
disertifikasi	di sertifikasi
menggugah	men gugah
menghentikan	men henti kan
sutradara	sutradara
singa	singa
dibuatnya	di buat nya
botol	botol
dermaga	dermaga
volumenya	volume nya
ikatan	ikat an
berawalan	ber awal an
mendengarkannya	men dengar kan nya
sinarnya	sinar nya
beban	beban
asam	asam
mengundurkan	men undur kan
batas	batas
didaur	di daur
pengembalian	pen kembali an
bersabda	ber sabda
indikatornya	indikator nya
perujukan	pen rujuk an
tempuh	tempuh
reporter	reporter
berikut	ber ikut
jurnalisme	jurnalisme
dimasukkannya	di masuk kan nya
miliarder	miliarder
terintegrasi	ter integrasi
jalurnya	jalur nya
paradigma	paradigma
pengeras	pen keras
parfum	parfum
diuntungkan	di untung kan
kelihatan	ke lihat an
pasukannya	pasukan nya
tahanan	tahan an
sapi	sapi
murahnya	murah nya
dengar	dengar
berguna	ber guna
efektif	efektif
menyetujui	men setuju i
dibayangkan	di bayang kan
kumpulkan	kumpul kan
konstituen	konstituen
wajan	wajan
pelindungnya	pen lindung nya
batinnya	batin nya
merancang	men rancang
keluhannya	keluh an nya
didesentralisasikan	di desentralisasi kan
memperbolehkan	men boleh kan
profesional	profesional
bertumpu	ber tumpu
kartun	kartun
dukanya	duka nya
pemandangannya	pen pandang an nya
antarguru	antar guru
limpahan	limpah an
berkarier	ber karier
dasawarsa	dasawarsa
penambang	pen tambang
rumah	rumah
serius	serius
penyebarluasan	pen sebarluas an
tangkap	tangkap
gugusan	gugus an
katanya	kata nya
penasihat	penasihat
timbal	timbal
mencerna	men cerna
kebangunan	ke bangun an
biaya	biaya
menderita	men derita
pertanggungjawabannya	per tanggungjawab an nya
pendefinisian	pen definisi an
nuansa	nuansa
dirumuskan	di rumus kan
kuba	kuba
penyelamat	pen selamat
disuruh	di suruh
merumput	men rumput
kabel	kabel
mencairnya	men cair nya
tengah	tengah
cadang	cadang
polanya	pola nya
lutut	lutut
pemanfaatan	pen manfaat an
dijelaskan	di jelas kan
kamera	kamera
menangis	men tangis
serok	se rok
berorganisasi	ber organisasi
menggantung	men gantung
ujarnya	ujar nya
membasahi	men basah i
perimbangan	per imbang an
keping	keping
roda	roda
disamping	di samping
seekor	se ekor
diakhiri	di akhir i
bersekutu	ber sekutu
bersedih	ber sedih
beritakan	berita kan
kuat	kuat
makannya	makan nya
oposisi	oposisi
substansinya	substansi nya
pengelompokan	pen kelompok an
pemberi	pen beri
otomotif	otomotif
satuan	satu an
pukulan	pukul an
merealokasikan	men realokasi kan
konservasi	konservasi
praktek	praktek
wol	wol
asas	asas
pengunduran	pen undur an
bergulat	ber gulat
tertular	ter tular
penyerahannya	pen serah an nya
termotivasi	ter motivasi
menggadaikan	men gadai kan
deras	deras
jarimu	jari mu
aus	aus
tenar	tenar
pancuran	pancur an
maraknya	marak nya
patroli	patroli
pasalnya	pasal nya
mencadangkan	men cadang kan
dikaburkan	di kabur kan
alat	alat
semampu	se mampu
termuda	ter muda
pembahasannya	pen bahas an nya
panglima	panglima
penyaluran	pen salur an
video	video
antarkomoditas	antar komoditas
wujud	wujud
menyamarkannya	men samar kan nya
kusut	kusut
terbangun	ter bangun
balau	balau
mengunjungi	men kunjung i
diloloskan	di lolos kan
diselaraskan	di selaras kan
reksa	reksa
dilanjutkan	di lanjut kan
pencocokan	pen cocok an
merontokkan	men rontok kan
sentral	sentral
tercapai	ter capai
rumor	rumor
titipan	titip an
gugus	gugus
bermacam	ber macam
kesenjangan	kesenjangan
dibengkokkan	di bengkok kan
aktivis	aktivis
pengecualian	pengecualian
tertindas	ter tindas
pengusulan	pen usul an
pengumumannya	pen umum an nya
melengkapinya	men lengkap i nya
antarkeyakinan	antar ke yakin an
kerangka	kerangka
ditakuti	di takut i
seraya	se raya
terdata	ter data
pemborosan	pen boros an
membungkamkan	men bungkam kan
bencana	bencana
menyepelekan	men sepele kan
pentingnya	penting nya
isapan	isap an
meninggikan	men tinggi kan
sewajarnya	se wajar nya
tobat	tobat
petunjuknya	petunjuk nya
berdarah	ber darah
tujukan	tuju kan
membelokkan	men belok kan
konotasi	konotasi
berakar	ber akar
insya	insya
registrasi	registrasi
peregangan	pen regang an
bertobat	ber tobat
muncul	muncul
sekurangnya	se kurang nya
perijinan	per ijin an
beregenerasi	ber regenerasi
kuasa	kuasa
terpengaruh	ter pengaruh
invasi	invasi
disyukuri	di syukuri
berliku	ber liku
liat	liat
menghalangimu	men halang i mu
perantaraan	perantara an
meniru	men tiru
kuyakini	ku yakin i
ramai	ramai
mengunyah	men kunyah
merevisi	men revisi
sebutan	sebut an
utangnya	utang nya
menginginkanku	men ingin kan ku
meringankan	men ringan kan
kecurigaan	ke curiga an
pertengahan	per tengah an
penekanan	pen tekan an
didarati	di darat i
keeratan	ke erat an
bertuliskan	ber tulis kan
berkabungnya	berkabung nya
dilingkupi	di lingkup i
memedomani	men pedoman i
berjanji	ber janji
moneter	moneter
bahagiaku	bahagia aku
diperbuat	di per buat
patriotik	patriotik
dicengkeram	di cengkeram
didalam	di dalam
kartu	kartu
ibunya	ibu nya
kunjungi	kunjung i
ketua	ketua
menginvestasikan	men investasi kan
diperbuatnya	di per buat nya
bertanam	ber tanam
terbawa	ter bawa
tercepat	ter cepat
dipersulit	di per sulit
ikhlas	ikhlas
lembut	lembut
masanya	masa nya
paruh	paruh
dialokasikan	di alokasi kan
pemilihan	pen pilih an
pacu	pacu
dipertegas	di per tegas
membagikannya	men bagi kan nya
terhebat	ter hebat
kabarnya	kabar nya
punya	punya
kata	kata
detail	detail
berlindung	ber lindung
kira	kira
penetapannya	pen tetap an nya
diyakini	di yakin i
menanjak	men tanjak
dihanguskan	di hangus kan
diawali	di awal i
kelahirannya	ke lahir an nya
berdatangan	ber datang an
puskesmasnya	puskesmas nya
menghiasi	men hias i
dipertimbangkan	di per timbang kan
kaki	kaki
gencar	gencar
butuhkan	butuh kan
tertumpuk	ter tumpuk
sekarat	se karat
anjlok	anjlok
menuju	men tuju
pembina	pen bina
terhubungi	ter hubung i
angkat	angkat
sebagian	sebagian
balik	balik
meninggalkan	men tinggal kan
bertepatan	ber tepat an
terdaftar	ter daftar
tekun	tekun
dinamakan	di nama kan
sukacitaku	sukacita aku
medali	medali
nominasi	nominasi
memerbaiki	men perbaiki
cabangnya	cabang nya
pencapaian	pen capai an
diperingatkan	di per ingat kan
penerbangan	pen terbang an
meneruskannya	men terus kan nya
pembukuannya	pen buku an nya
tepatnya	tepat nya
beralkohol	ber alkohol
ras	ras
junjunganku	junjung an ku
dikombinasikan	di kombinasi kan
penataan	pen tata an
dihiasi	di hias i
saringan	saring an
sanksi	sanksi
berlibur	ber libur
berawak	ber awak
membagikan	men bagi kan
kisaran	kisar an
didasarkan	di dasar kan
kontraktor	kontraktor
menginterpretasikannya	men interpretasi kan nya
kucapai	ku capai
dicocokkan	di cocok kan
menargetkan	men target kan
memburu	men buru
nonusaha	non usaha
ketidaksabaran	ke tidak sabar an
pisang	pisang
terlarang	ter larang
awan	awan
turnamen	turnamen
didedikasikan	di dedikasi kan
didukung	di dukung
diluputkan	di luput kan
ketidaksiapan	ke tidak siap an
gabus	gabus
merisaukan	men risau kan
bernapas	ber napas
konseling	konseling
tertua	ter tua
antarorangtua	antar orangtua
demobilisasi	demobilisasi
pengemudi	pen kemudi
diangkut	di angkut
pembiusan	pen bius an
mapan	mapan
dijumpainya	di jumpa i nya
diukur	di ukur
pemilihannya	pen pilih an nya
kaosnya	kaos nya
ketuanya	ketua nya
menghentikannya	men henti kan nya
kehadirannya	ke hadir an nya
terganggu	ter ganggu
memandangi	men pandang i
rincian	rinci an
tolak	tolak
bertempat	ber tempat
pelajari	pelajar i
berkilauan	ber kilau an
layak	layak
berbenturan	ber bentur an
diproses	di proses
dadaku	dada aku
slogan	slogan
pertukaran	per tukar an
terjebak	ter jebak
akurasinya	akurasi nya
direstrukturisasi	di restrukturisasi
renggang	renggang
lirik	lirik
kecewa	kecewa
disepakati	di sepakat i
mendokumentasi	men dokumentasi
bersihkan	bersih kan
capaian	capai an
mengklaim	men klaim
pendapatan	pen dapat an
menamainya	men nama i nya
diberitakannya	di berita kan nya
maju	maju
dahaga	dahaga
pemeringkatan	pen peringkat an
permennya	permen nya
tunggakan	tunggak an
girangnya	girang nya
inisiatifnya	inisiatif nya
sekiranya	sekira nya
dikejar	di kejar
konser	konser
teriakku	teriak ku
penggunanya	pen guna nya
menduga	men duga
prinsip	prinsip
perdesaan	per desa an
contohnya	contoh nya
menyemprotkan	men semprot kan
mempekerjakan	men pekerja kan
1990an	1990 an
cemerlang	cemerlang
potongan	potong an
membicarakannya	men bicara kan nya
menghormati	men hormat i
terorganisasi	ter organisasi
terjaminnya	ter jamin nya
dagangannya	dagang an nya
konsumsinya	konsumsi nya
berdirinya	ber diri nya
pengemis	pen kemis
tersita	ter sita
ciptakan	cipta kan
diimunisasi	di imunisasi
dipunyai	di punya i
setuju	setuju
merancangkan	men rancang kan
kawasan	kawasan
perbuatan	per buat an
upacara	upacara
memperkirakan	men kira kan
penyusunannya	pen susun an nya
bubungan	bubung an
dijahit	di jahit
akasia	akasia
dicontoh	di contoh
pemeluk	pen peluk
kompleks	kompleks
langit	langit
bandara	bandara
ayatnya	ayat nya
menanam	men tanam
pengasapan	pen asap an
pedang	pedang
meninjau	men tinjau
antikemiskinan	anti ke miskin an
suntik	suntik
menandakan	men tanda kan
perkebunan	per kebun an
ketidaksanggupan	ke tidak sanggup an
koneksi	koneksi
mengupas	men kupas
pelajaran	pelajar an
teologiku	teologi ku
bertubuh	ber tubuh
ditempelkan	di tempel kan
tuntasnya	tuntas nya
memprediksikan	men prediksi kan
figur	figur
ketidaktepatan	ke tidak tepat an
mesra	mesra
sistemnya	sistem nya
tersingkat	ter singkat
informasinya	informasi nya
perpindahan	per pindah an
terjadi	ter jadi
perlindungan	per lindung an
pemutar	pen putar
evaluasinya	evaluasi nya
produser	produser
menginduk	men induk
peneguhan	pen teguh an
keluarkan	keluar kan
mengulang	men ulang
dusta	dusta
arus	arus
siap	siap
menyandarkan	men sandar kan
rukun	rukun
telepon	telepon
pikirannya	pikir an nya
korelasi	korelasi
dimaksudkan	di maksud kan
evolusi	evolusi
perenungannya	pen renung an nya
temanku	teman ku
ketidakpastian	ke tidak pasti an
mengabaikan	men abai kan
daratnya	darat nya
perkiraan	per kira an
pencabutan	pen cabut an
memobilisasi	men mobilisasi
menahannya	men tahan nya
diresmikan	di resmi kan
petinju	pen tinju
kakak	kakak
antri	antri
mamalia	mamalia
tergoda	ter goda
mendesak	men desak
sanggup	sanggup
mencirikan	men ciri kan
gagal	gagal
menghadapi	men hadap i
pengendali	pen kendali
teman	teman
dipengaruhi	di pengaruh i
tebangan	tebang an
pasang	pasang
polandia	polandia
diplomatik	diplomatik
separuh	se paruh
sinyal	sinyal
verifikasi	verifikasi
menutup	men tutup
disurvei	di survei
berkulit	ber kulit
pakunya	paku nya
mengetahuinya	men ketahui nya
penuhi	penuh i
truknya	truk nya
residual	residual
berbeban	ber beban
natalnya	natal nya
menyatakan	men nyata kan
balok	balok
dihadirkan	di hadir kan
ungkapan	ungkap an
menghangatkan	men hangat kan
meminati	men minat i
informasi	informasi
pendaftar	pen daftar
buahnya	buah nya
ukuran	ukur an
mengambilnya	men ambil nya
merelokasi	men relokasi
pergolakan	per golak an
kecaman	kecam an
mengudara	men udara
bertepuk	ber tepuk
membosankan	men bosan kan
dibenci	di benci
letaknya	letak nya
kamarmu	kamar mu
persimpangan	per simpang an
kucingnya	kucing nya
terpenuhi	men penuh i
madunya	madu nya
berinvestasi	ber investasi
terungkapkan	ter ungkap kan
dampingannya	damping an nya
ketidakefektifan	ke tidak efektif an
menabrak	men tabrak
kontes	kontes
perbuatanmu	per buat an mu
bergiat	ber giat
kebutuhanmu	ke butuh an mu
ketanggapan	ke tanggap an
rakyat	rakyat
pencair	pen cair
direncanakan	di rencana kan
umatnya	umat nya
berhembus	ber hembus
berkenan	ber kenan
administrasinya	administrasi nya
kafein	kafein
mengingatkannya	men ingat kan nya
tanamnya	tanam nya
kualifikasi	kualifikasi
penghimpunan	pen himpun an
perikanannya	per ikan an nya
sepoi	sepoi
untung	untung
bepergian	bepergian
hancurnya	hancur nya
menuntutnya	men tuntut nya
menggelapkan	men gelap kan
inisiatif	inisiatif
tarik	tarik
menantang	men tantang
buruknya	buruk nya
terkecil	ter kecil
menyusu	men susu
pemberdayaannya	pemberdayaan nya
lingkar	lingkar
membuang	men buang
kemarau	kemarau
pengirimannya	pen kirim an nya
perkara	perkara
menetap	men tetap
lintasan	lintas an
tinggal	tinggal
kaisar	kaisar
belasan	belas an
optimal	optimal
penerapannya	pen terap an nya
pembedaan	pen beda an
pas	pas
memandunya	men pandu nya
gelapnya	gelap nya
konstruksi	konstruksi
interiornya	interior nya
biologis	biologis
sadari	sadar i
pengarung	pen karung
irak	irak
sayapnya	sayap nya
terbentur	ter bentur
bongkar	bongkar
komplek	komplek
menempati	men tempat i
terbitkan	terbit kan
produktif	produktif
membunuh	men bunuh
tafsirannya	tafsir an nya
menyeberanginya	men seberang i nya
modal	modal
diimplementasikan	di implementasi kan
dilansir	di lansir
mengirimnya	men kirim nya
dilaluinya	di lalu i nya
berserah	ber serah
sesuatu	sesuatu
konsorsium	konsorsium
relasi	relasi
urgensi	urgensi
transaksinya	transaksi nya
didaftar	di daftar
menggaji	men gaji
dibantu	di bantu
syairnya	syair nya
mula	mula
puncak	puncak
memfasilitasi	men fasilitas i
agen	agen
zakat	zakat
tatapan	tatap an
menakutkan	men takut kan
aib	aib
bawahnya	bawah nya
mendukakan	men duka kan
menyenangkan	men senang kan
menganut	men anut
disangka	di sangka
menyalahgunakan	men salahguna kan
dilangsungkan	di langsung kan
yahudi	yahudi
setara	setara
menata	men tata
setianya	setia nya
pra	pra
mengakses	men akses
mengupayakan	men upaya kan
selepas	se lepas
menjurus	men jurus
terakomodasinya	ter akomodasi nya
memprioritaskan	men prioritas kan
menghantarkan	men hantar kan
deregulasi	deregulasi
berpesta	ber pesta
muslimah	muslimah
wewenangnya	wewenang nya
bersamanya	ber sama nya
kulkas	kulkas
dominan	dominan
menjulang	men julang
dilayani	di layan i
karier	karier
hamil	hamil
mirip	mirip
tumpang	tumpang
berwenang	ber wenang
batang	batang
berdana	ber dana
antarklub	antar klub
ambruknya	ambruk nya
membikin	men bikin
alamiah	alamiah
menggantinya	men ganti nya
tembaga	tembaga
mengunci	men kunci
mengalirnya	men alir nya
abu	abu
sosis	sosis
ketidakseimbangan	ke tidak seimbang an
berminat	ber minat
palsu	palsu
penggenapan	pen genap an
otaknya	otak nya
penderitaan	pen derita an
depanmu	depan mu
hibur	hibur
khawatir	khawatir
peminjam	pen pinjam
berlomba	ber lomba
pemerasan	pen peras an
bell	bell
bubar	bubar
pendiri	pen diri
tiang	tiang
penyimpangan	pen simpang an
kairo	kairo
salju	salju
guru	guru
diaudit	di audit
gelarnya	gelar nya
menukar	men tukar
buku	buku
dikembalikannya	di kembali kan nya
bertumbuh	ber tumbuh
remajanya	remaja nya
diharuskan	di harus kan
adanya	ada nya
faktanya	fakta nya
beratnya	berat nya
jasad	jasad
terdekat	ter dekat
rupiah	rupiah
membelikan	men beli kan
pelat	pelat
menuangkan	men tuang kan
diredakan	di reda kan
laptop	laptop
mengurutkan	men urut kan
menoleh	men toleh
penayangan	pen tayang an
mengurai	men urai
padang	padang
doa	doa
biasa	biasa
menguasainya	men kuasa i nya
memperkecil	men kecil
berkeadilan	ber ke adil an
berarti	ber arti
ditampar	di tampar
pemalsuan	pen palsu an
terpukau	ter pukau
lompatan	lompat an
rangkuman	rangkum an
pelayaran	pen layar an
berkenalan	ber kenal an
militernya	militer nya
fisiknya	fisik nya
dilekatkan	di lekat kan
terealisasikan	ter realisasi kan
perhitungan	per hitung an
didapat	di dapat
balai	bala i
transportasinya	transportasi nya
komentarnya	komentar nya
langkahku	langkah ku
mahasiswa	mahasiswa
antusias	antusias
dikonfirmasikan	di konfirmasi kan
sahabat	sahabat
efisiensi	efisiensi
voltase	voltase
bertanggung	ber tanggung
melobi	men lobi
matang	matang
diterimanya	di terima nya
memberontak	men berontak
bapak	bapak
imbalan	imbalan
dianjurkan	di anjur kan
rumusan	rumus an
berdusta	ber dusta
pangsa	pangsa
utara	utara
strategis	strategis
membiayainya	men biaya i nya
pergerakan	per gerak an
tajam	tajam
dijelang	di jelang
sawah	sawah
antargenerasi	antar generasi
menyeret	men seret
diusung	di usung
tipe	tipe
pembuat	pen buat
dibawah	di bawah
mengintegrasikan	men integrasi kan
menyajikan	men saji kan
diuruskan	di urus kan
membuatku	men buat ku
diganti	di ganti
dimobilisasi	di mobilisasi
bangkit	bangkit
kitabnya	kitab nya
antariksa	antariksa
keturunannya	ke turun an nya
adik	adik
menyatu	men satu
tuliskan	tulis kan
langsing	langsing
memperoleh	men peroleh
modifikasi	modifikasi
berhubungan	ber hubung an
pengerukan	pen keruk an
versi	versi
renungan	renung an
mengijinkan	men ijin kan
tulangku	tulang ku
punyai	punya i
hambatan	hambat an
samudera	samudera
kelasnya	kelas nya
kasihi	kasih i
anggukan	angguk an
burung	burung
tetangga	tetangga
mekanik	mekanik
kelimpahan	ke limpah an
karibia	karibia
takarannya	takar an nya
menguras	men kuras
menegur	men tegur
pempublikasian	pen publikasi an
dijabarkan	di jabar kan
mengandalkan	men andal kan
memediasi	men mediasi
mengendarainya	men kendara i nya
bereaksi	ber reaksi
pewawancara	pen wawancara
penyamaran	pen samar an
teliti	teliti
diperolehnya	di peroleh nya
bumbu	bumbu
panjangnya	panjang nya
kutukan	kutuk an
norma	norma
menyingkir	men singkir
bakat	bakat
dimusyawarahkan	di musyawarah kan
sisiku	sisi ku
pelengkap	pen lengkap
asian	asian
tanggapan	tanggap an
terendah	ter rendah
ketidakberhasilan	ke tidak berhasil an
produksi	produksi
ditendang	di tendang
lingkungannya	lingkung an nya
coba	coba
bantalan	bantal an
didiskusikan	di diskusi kan
terindah	ter indah
asa	asa
merekonstruksi	men rekonstruksi
prakarsa	prakarsa
ajuan	aju an
dimotivasi	di motivasi
operatornya	operator nya
anggota	anggota
dihitung	di hitung
saingan	saing an
purnama	purnama
bijaksana	bijaksana
pembuatnya	pen buat nya
tanam	tanam
ditolak	di tolak
berkemungkinan	ber kemungkinan
antarresponden	antar responden
lerengan	lereng an
adakan	ada kan
termasuk	ter masuk
fokusnya	fokus nya
mengikutsertakan	men ikutserta kan
perlombaan	per lomba an
seberat	se berat
pengupahan	pen upah an
relasinya	relasi nya
langkahnya	langkah nya
didapatkan	di dapat kan
alunan	alun an
stasiun	stasiun
dijatuhkan	di jatuh kan
perumusan	pen rumus an
parsial	parsial
dipublikasikan	di publikasi kan
majelis	majelis
mengkoordinir	men koordinir
berduka	ber duka
menyingkapkan	men singkap kan
doanya	doa nya
melaju	men laju
muslim	muslim
bertetanggaan	ber tetangga an
terhampar	ter hampar
benak	benak
kompilasi	kompilasi
diskusi	diskusi
kalender	kalender
berlalu	ber lalu
macam	macam
krim	krim
ketelanjangan	ke telanjang an
perdamaian	per damai an
seakurat	se akurat
diremajakan	di remaja kan
dendam	dendam
dikapalkan	di kapal kan
batin	batin
jangkau	jangkau
mendasar	men dasar
juli	juli
kuadratnya	kuadrat nya
siswanya	siswa nya
meracuni	men racun i
terlipat	ter lipat
perekonomiannya	per ekonomi an nya
nafsumu	nafsu mu
gemuruh	gemuruh
kepercayaannya	ke percaya an nya
menjangkau	men jangkau
mengklasifikasikan	men klasifikasi kan
tercakup	ter cakup
subjek	subjek
sana	sana
wortel	wortel
mogok	mogok
penggilingan	pen giling an
max	max
memperlengkapi	men lengkap i
dibaca	di baca
alkitab	alkitab
kehendaknya	kehendak nya
penyambutan	pen sambut an
riil	riil
takaran	takar an
gol	gol
merpati	merpati
dimata	di mata
didiami	di diam i
yakini	yakin i
kaget	kaget
busuk	busuk
personel	personel
memasuki	men masuk i
diinspirasikan	di inspirasi kan
wabah	wabah
dikoreksi	di koreksi
tradisionalnya	tradisional nya
perdananya	perdana nya
perancang	pen rancang
marak	marak
tumpuan	tumpu an
mengagumi	men kagum i
menantu	menantu
sukar	sukar
kolonel	kolonel
liberalisasi	liberalisasi
afiliasi	afiliasi
penunggakan	pen tunggak an
manfaat	manfaat
skala	skala
tergabung	ter gabung
penerjemahan	pen terjemah an
didengar	di dengar
girang	girang
disediakan	di sedia kan
balita	balita
dipukul	di pukul
lapaknya	lapak nya
kala	kala
kampusnya	kampus nya
besi	besi
antarvariabel	antar variabel
pembimbing	pen bimbing
dikeringkan	di kering kan
warisannya	waris an nya
seindah	se indah
diakui	di aku i
asalnya	asal nya
buatan	buat an
dilupakannya	di lupa kan nya
serumit	se rumit
penjatahan	pen jatah an
terserak	ter serak
huni	huni
berdaulat	ber daulat
obsesi	obsesi
mengenang	men kenang
hinaan	hina an
kitab	kitab
memperberat	men berat
email	email
pemicu	pen picu
didukungnya	di dukung nya
meredam	men redam
penyaringan	pen saring an
dagingku	daging ku
penegasan	pen tegas an
tertampung	ter tampung
terpadu	ter padu
melemparkan	men lempar kan
catatannya	catat an nya
tertancap	ter tancap
pengasuhan	pen asuh an
ceritakan	cerita kan
bersedia	ber sedia
pembenaran	pen benar an
sekadar	se kadar
berkelimpahan	ber ke limpah an
pengamatannya	pengamat an nya
diagendakan	di agenda kan
tersisa	ter sisa
kunjungannya	kunjung an nya
dipraktekkan	di praktek kan
matematika	matematika
min	min
dikalahkan	di kalah kan
terdesak	ter desak
mengutamakan	men utama kan
marinir	marinir
memberitakan	men berita kan
cerminan	cermin an
juni	juni
dihentikan	di henti kan
berlangsung	ber langsung
penginjilannya	pen injil an nya
tenun	tenun
menyelam	men selam
merdeka	merdeka
terbukti	ter bukti
menyikat	men sikat
kompetitif	kompetitif
membimbingnya	men bimbing nya
restoran	restoran
semburan	sembur an
duniawi	duniawi
meninggalkannya	men tinggal kan nya
jijik	jijik
pasiennya	pasien nya
memikulnya	men pikul nya
diketahuinya	di ketahui nya
pariwisata	pariwisata
dihafalkan	di hafal kan
pengepakan	pen kepak an
pengarahan	pen arah an
mengarahkan	men arah kan
terkorup	ter korup
maut	maut
tersirat	ter sirat
menggugahnya	men gugah nya
bantu	bantu
bunyinya	bunyi nya
tingkah	tingkah
klub	klub
dikagumi	di kagum i
mengakibatkan	men akibat kan
semangat	semangat
imajinasi	imajinasi
kejadian	ke jadi an
wilayahnya	wilayah nya
mengalokasi	men alokasi
rute	rute
merehabilitasi	men rehabilitasi
lampu	lampu
simpang	simpang
menganalisis	men analisis
mengusahakan	men usaha kan
survey	survey
diawasi	di awas i
kerabat	kerabat
tertuju	ter tuju
menginterupsi	men interupsi
pudar	pudar
penguatan	pen kuat an
adiknya	adik nya
bersiul	ber siul
aspek	aspek
lesu	lesu
perahu	perahu
relatif	relatif
sasarannya	sasar an nya
ketidakefisienan	ke tidak efisien an
diminatinya	di minat i nya
riang	riang
disipliner	disipliner
tunduk	tunduk
susukan	susu kan
diubah	di ubah
mengerikan	men ngeri kan
dominannya	dominan nya
membersihkan	men bersih kan
sukarela	sukarela
pelabuhan	pen labuh an
diteliti	di teliti
legitimasi	legitimasi
persekutuan	per sekutu an
ketidakselarasan	ke tidak selaras an
ekspresi	ekspresi
penyalur	pen salur
seadanya	se ada nya
menakar	men takar
penunjukan	pen tunjuk an
mempermasalahkan	men masalah kan
yunani	yunani
grosir	grosir
mengasingkan	men asing kan
perdarahan	per darah an
pengaruh	pengaruh
deretan	deret an
janda	janda
gunung	gunung
regulasi	regulasi
tahunnya	tahun nya
pasar	pasar
cengkeraman	cengkeram an
makmur	makmur
bertempur	ber tempur
tulus	tulus
peniru	pen tiru
beliau	beliau
demam	demam
menyinergikan	men sinergi kan
dimonitor	di monitor
peristiwa	peristiwa
payah	payah
terbangnya	terbang nya
kiri	kiri
perjuangannya	per juang an nya
profesinya	profesi nya
tagihan	tagih an
menggolkan	men gol kan
berandil	ber andil
undi	undi
pembekalan	pen bekal an
ternama	ter nama
tegak	tegak
geram	geram
menantangnya	men tantang nya
pemasoknya	pen pasok nya
musim	musim
sumberdaya	sumberdaya
merekrut	men rekrut
menjangkiti	men jangkit i
lautan	laut an
akurat	akurat
wawancarai	wawancara i
mengapit	men apit
berserikat	ber serikat
bayangannya	bayang an nya
truk	truk
pembantu	pen bantu
seriusnya	serius nya
profesionalismenya	profesionalisme nya
menteri	menteri
menilik	men tilik
isterimu	isteri mu
siklus	siklus
dicukur	di cukur
penembakan	pen tembak an
kampanyenya	kampanye nya
keturunanmu	ke turun an mu
sajian	saji an
rekreasi	rekreasi
dimutakhirkan	di mutakhir kan
mulut	mulut
mengaksesnya	men akses nya
kumulatif	kumulatif
digunakan	di guna kan
setujui	setuju i
tertolak	ter tolak
seabad	se abad
rintisan	rintis an
muliakan	mulia kan
dipilihnya	di pilih nya
cacat	cacat
pemberitaan	pen berita an
dituntaskan	di tuntas kan
mengkaji	men kaji
sebaran	sebar an
dampak	dampak
terpelihara	ter pelihara
permanennya	permanen nya
melanda	men landa
penghargaan	pen harga an
konvensi	konvensi
politis	politis
sekantung	se kantung
kamu	kamu
sedekah	sedekah
proteinnya	protein nya
mengangsur	men angsur
kukatakan	ku kata kan
gizinya	gizi nya
mencarinya	men cari nya
terapkan	terap kan
taninya	tani nya
acara	acara
diserap	di serap
ditimbang	di timbang
menggandeng	men gandeng
sekerjanya	se kerja nya
ubin	ubin
gulung	gulung
pintas	pintas
menyinergikannya	men sinergi kan nya
suaraku	suara aku
paruhnya	paruh nya
ibu	ibu
turun	turun
racun	racun
mereda	men reda
ketetapan	ke tetap an
insiden	insiden
mewakilkan	men wakil kan
sebetulnya	se betul nya
pengecualiannya	pengecualian nya
mempertahankan	men tahan kan
godaan	goda an
perluasan	per luas an
kontak	kontak
penekanannya	pen tekan an nya
fasilitator	fasilitator
tuanya	tua nya
allah	allah
urus	urus
melapor	men lapor
menghantam	men hantam
golongan	golong an
administrator	administrator
antarbadan	antar badan
dirampungkan	di rampung kan
diperberat	di per berat
bau	bau
terdokumentasi	ter dokumentasi
sangkakala	sangkakala
pengukur	pen ukur
pujikan	puji kan
menghadirkan	men hadir kan
jakarta	jakarta
pendistribusiannya	pen distribusi an nya
beralih	ber alih
merebak	men rebak
dipraktikkan	di praktik kan
mengedarkan	men edar kan
umur	umur
terobosan	terobos an
jemaatnya	jemaat nya
pengganggu	pen ganggu
tuan	tuan
berfokus	ber fokus
pemurah	pen murah
lumpuh	lumpuh
berkelanjutan	ber ke lanjut an
optimis	optimis
aksara	aksara
ambruk	ambruk
melatih	men latih
meriamnya	meriam nya
gemilang	gemilang
identitasnya	identitas nya
foto	foto
mendisiplinkan	men disiplin kan
dermaganya	dermaga nya
lanjutnya	lanjut nya
dibawanya	di bawa nya
empuk	empuk
panitia	panitia
sungai	sungai
dililiti	di lilit i
bisnisnya	bisnis nya
menarifkan	men tarif kan
pelayananku	pen layan an ku
walikota	walikota
seiman	se iman
mendermakan	men derma kan
peri	pen ri
tercabut	ter cabut
seikhlasnya	se ikhlas nya
bayar	bayar
antardusun	antar dusun
penderita	pen derita
berkesusahan	ber ke susah an
bungsu	bungsu
keliling	keliling
penguasanya	pen kuasa nya
spesifik	spesifik
santunan	santun an
pemulihan	pen pulih an
demo	demo
noninfrastruktur	non infrastruktur
mengusung	men usung
sedih	sedih
penempelan	pen tempel an
kekasihnya	kekasih nya
mendesentralisasikannya	men desentralisasi kan nya
peninjauan	pen tinjau an
populer	populer
kakiku	kaki ku
dimensi	dimensi
sahabatku	sahabat ku
tepuk	tepuk
almamater	almamater
tambal	tambal
selebar	se lebar
melayu	melayu
rapat	rapat
disucikan	di suci kan
mengamanatkan	men amanat kan
melaut	men laut
terang	terang
dihormati	di hormat i
dibahas	di bahas
fitur	fitur
pendelegasian	pen delegasi an
bahkan	bah kan
menjauhkan	men jauh kan
berkerabat	ber kerabat
menikahinya	men nikah i nya
mentransfer	men transfer
diterbangkan	di terbang kan
satelit	satelit
pemilikan	pen milik an
bertengger	bertengger
menopang	men topang
kompetensi	kompetensi
menyuntikkan	men suntik kan
separuhnya	se paruh nya
menyebarluaskan	men sebarluas kan
penampilannya	pen tampil an nya
terjal	terjal
evakuasi	evakuasi
bising	bising
bertakhta	ber takhta
bertekad	ber tekad
partai	partai
bobot	bobot
kosmetik	kosmetik
cangkang	cangkang
menguatkan	men kuat kan
penuaan	pen tua an
pahatan	pahat an
sejelas	se jelas
mengimbangi	men imbang i
salam	salam
ban	ban
sepedanya	sepeda nya
migrasi	migrasi
pengurus	pen urus
ciptanya	cipta nya
didambakannya	di damba kan nya
disadarkan	di sadar kan
mempersiapkannya	men siap kan nya
pembangunan	pen bangun an
dipersatukan	di per satu kan
investasi	investasi
menghampiri	men hampiri
penghambat	pen hambat
letusan	letus an
menitipkan	men titip kan
pengusung	pen usung
khazanah	khazanah
berpengetahuan	ber pengetahuan
remeh	remeh
luangkan	luang kan
bebanmu	beban mu
penjajahan	pen jajah an
tukang	tukang
bulannya	bulan nya
menjawab	men jawab
perhiasan	per hias an
ditembus	di tembus
milik	milik
selamat	selamat
pahamnya	paham nya
diterjunkan	di terjun kan
menyeleksi	men seleksi
pemanfaatannya	pen manfaat an nya
aniaya	aniaya
curian	curi an
dijejali	di jejal i
seintensif	se intensif
memangkas	men pangkas
kasar	kasar
tempatkan	tempat kan
menerima	men terima
aduk	aduk
peritel	pen ritel
omzet	omzet
disesatkan	di sesat kan
dipasang	di pasang
kategori	kategori
merapi	men rapi
tingginya	tinggi nya
perhentian	per henti an
sayang	sayang
menjabarkan	men jabar kan
lihat	lihat
ditelepon	di telepon
teduh	teduh
mencipratkan	men ciprat kan
ginjal	ginjal
pengekspor	pen ekspor
pengadaan	pen ada an
sembunyikan	sembunyi kan
mantap	mantap
langgengnya	langgeng nya
polusi	polusi
berinovasi	ber inovasi
diarahkan	di arah kan
ganda	ganda
antarstatus	antar status
drama	drama
rata	rata
sekunder	sekunder
cina	cina
dilanda	di landa
mengharmoniskan	men harmonis kan
angkutan	angkut an
tubuhnya	tubuh nya
ditebang	di tebang
sensasi	sensasi
berharganya	ber harga nya
tukar	tukar
dinyatakan	di nyata kan
nonpersonel	non personel
rapuh	rapuh
berlebih	ber lebih
napas	napas
pembawa	pen bawa
sesamanya	se sama nya
memonopoli	men monopoli
mendistorsi	men distorsi
merealokasi	men realokasi
penunjang	pen tunjang
belajarnya	belajar nya
rela	rela
berserakan	ber serak an
menaklukkan	men takluk kan
berkata	ber kata
absen	absen
hiasan	hias an
minatnya	minat nya
saleh	saleh
sarangnya	sarang nya
bertujuan	ber tuju an
membatasi	men batas i
kehendakku	kehendak ku
mata	mata
menangisi	men tangis i
surutnya	surut nya
berkurangnya	ber kurang nya
kabur	kabur
ibaratnya	ibarat nya
pendapatnya	pen dapat nya
searah	se arah
paparan	papar an
separah	se parah
kecenderungan	kecenderungan
pelanggar	pen langgar
perbaikannya	per baik an nya
berbicara	ber bicara
format	format
pembengkakan	pen bengkak an
penyusun	pen susun
anggaran	anggar an
bersih	bersih
menyegarkan	men segar kan
berpacaran	ber pacar an
penyetoran	pen setor an
resmi	resmi
manajer	manajer
prosedurnya	prosedur nya
subjektivitasnya	subjektivitas nya
terkurung	ter kurung
lonjakan	lonjak an
ketidakaktifan	ke tidak aktif an
membidik	men bidik
afrika	afrika
berpindah	ber pindah
tariknya	tarik nya
bapa	bapa
pandangan	pandang an
jalur	jalur
penyegaran	pen segar an
pemakaman	pen makam an
menyesatkan	men sesat kan
terpanjang	ter panjang
praktis	praktis
semasa	se masa
menyalami	men salam i
berjangka	ber jangka
terdiam	ter diam
teh	teh
dirusak	di rusak
berwujud	ber wujud
cincin	cincin
indeks	indeks
pembacaan	pen baca an
gangguan	ganggu an
serbuan	serbu an
dilema	dilema
kabar	kabar
menyambutnya	men sambut nya
sepele	sepele
mencampuri	men campur i
pengingat	pen ingat
diberitakan	di berita kan
tetes	tetes
konkrit	konkrit
diseret	di seret
anggarannya	anggar an nya
ongkosnya	ongkos nya
penyusutan	pen susut an
bersumber	ber sumber
nutrisi	nutrisi
pemberitahuan	pen beritahu an
tersentuh	ter sentuh
bruto	bruto
melestarikan	men lestari kan
bernyanyi	ber nyanyi
pengadministrasiannya	pen administrasi an nya
memulihkan	men pulih kan
mencatat	men catat
mempercepat	men cepat
memerlukannya	men perlu kan nya
teraniaya	ter aniaya
kritis	kritis
melantik	men lantik
ditembak	di tembak
pembeliannya	pen beli an nya
intens	intens
beroperasinya	ber operasi nya
misi	misi
bola	bola
pita	pita
diindonesiakan	di indonesia kan
baju	baju
diprotes	di protes
penimbangan	pen timbang an
memuncak	men puncak
mayat	mayat
mencolok	men colok
memfoto	men foto
tanda	tanda
mengutip	men kutip
panah	panah
menyemangati	men semangat i
melihatnya	men lihat nya
pelayannya	pen layan nya
tarifnya	tarif nya
aceh	aceh
mencocokkannya	men cocok kan nya
pemain	pen main
munafik	munafik
semaksimal	se maksimal
mempererat	men erat
sifat	sifat
bungkusnya	bungkus nya
diminimalkan	di minimal kan
terserap	ter serap
sendirian	sendiri an
elektronik	elektronik
singkat	singkat
membetulkan	men betul kan
pengaduan	pen adu an
polisi	polisi
terjepit	ter jepit
memimpikan	men mimpi kan
bertambah	ber tambah
dilumpuhkan	di lumpuh kan
memproses	men proses
produsen	produsen
barangnya	barang nya
dataran	datar an
membongkar	men bongkar
memperluas	men luas
penghematan	pen hemat an
berpawai	ber pawai
merenovasi	men renovasi
pantai	pantai
elemen	elemen
merambat	men rambat
mengeram	men eram
penertiban	pen tertib an
dibawahinya	di bawah i nya
putri	putri
mengkonfirmasikan	men konfirmasi kan
reguler	reguler
terindikasi	ter indikasi
menghafal	men hafal
mengasuransi	men asuransi
berhentinya	ber henti nya
menyuap	men suap
lipatan	lipat an
memburuknya	men buruk nya
rombongan	rombong an
bahasanya	bahasa nya
terintimidasi	ter intimidasi
buta	buta
melarang	men larang
ditangan	di tangan
bekasi	bekas i
sekelilingnya	se keliling nya
status	status
perhutanan	per hutan an
ikan	ikan
menyebutnya	men sebut nya
mendistribusikan	men distribusi kan
terbalik	ter balik
peraturan	per atur an
penjualannya	pen jual an nya
tidurnya	tidur nya
menantikan	menanti kan
nasibnya	nasib nya
program	program
kerah	kerah
gantungan	gantung an
ditebus	di tebus
urutan	urut an
dikte	dikte
camat	camat
membujuknya	men bujuk nya
firaun	firaun
waris	waris
melemparkannya	men lempar kan nya
pasifik	pasifik
berpenumpang	ber pen tumpang
penyeludupan	pen seludup an
penyeludup	pen seludup
membengkak	men bengkak
kebohongan	ke bohong an
terjangan	terjang an
pihak	pihak
mekanismenya	mekanisme nya
komunis	komunis
rotasi	rotasi
potensial	potensial
memerintahkannya	men perintah kan nya
meyakini	men yakin i
kebalikan	ke balik an
iman	iman
jabodetabek	jabodetabek
teladannya	teladan nya
diklasifikasi	di klasifikasi
telaah	telaah
kupercaya	ku percaya
memanjang	men panjang
mutasi	mutasi
menjaga	men jaga
pengangkatan	pen angkat an
tangki	tangki
diputus	di putus
dilibatkannya	di libat kan nya
beradaptasi	ber adaptasi
pacuan	pacu an
mengakomodasikan	men akomodasi kan
terakreditasi	ter akreditasi
renangnya	renang nya
menyimpannya	men simpan nya
pangkalan	pangkal an
arah	arah
nonpertanian	non per tani an
akhirat	akhirat
denyut	denyut
pencacahan	pen cacah an
kelamin	kelamin
domestik	domestik
sepakbola	sepakbola
abaikan	abai kan
menyalin	men salin
pencarian	pen cari an
kuman	kuman
memungkinkan	memungkinkan
mengoleksi	men koleksi
karir	karir
mengikrarkan	men ikrar kan
trend	trend
diijinkan	di ijin kan
permohonan	per mohon an
pengaturnya	pen atur nya
lantang	lantang
tersadar	ter sadar
pengiring	pen iring
aktor	aktor
pembekuan	pen beku an
menindak	men tindak
klasiknya	klasik nya
lazim	lazim
bidan	bidan
rindukan	rindu kan
pengkoordinasian	pen koordinasi an
akuisisi	akuisisi
kaidah	kaidah
resolusi	resolusi
didiskualifikasi	di diskualifikasi
jurnal	jurnal
berkepanjangan	ber ke panjang an
sampul	sampul
kakinya	kaki nya
mengorelasikan	men korelasi kan
mengampuni	men ampun i
gulungan	gulung an
tanggung	tanggung
alias	alias
bertahun	ber tahun
stratanya	strata nya
hubungi	hubung i
beraktivitas	ber aktivitas
diujicobakan	di ujicoba kan
beraturan	ber atur an
khasiatnya	khasiat nya
koordinasinya	koordinasi nya
dianugerahi	di anugerah i
terisolasi	ter isolasi
bertatap	ber tatap
penindasan	pen tindas an
dicapai	di capai
simpulan	simpul an
bawakan	bawa kan
aborsi	aborsi
transisi	transisi
dipalsukan	di palsu kan
meksiko	meksiko
bukit	bukit
penafsir	pen tafsir
dibedakan	di beda kan
langka	langka
parameter	parameter
mencocokkan	men cocok kan
melampirkan	men lampir kan
merusak	men rusak
dipelajarinya	di pelajar i nya
berdoa	ber doa
suspensi	suspensi
alternatif	alternatif
kehendaki	kehendak i
capnya	cap nya
beranggotakan	ber anggota kan
menerjemahkannya	men terjemah kan nya
menyuruhnya	men suruh nya
devisa	devisa
segar	segar
mencintai	men cinta i
unggas	unggas
samping	samping
melewati	men lewat i
petunjuk	petunjuk
dikendalikan	di kendali kan
membelenggu	men belenggu
maksimum	maksimum
didorong	di dorong
goyang	goyang
keterampilan	keterampilan
perkuliahan	per kuliah an
miliknya	milik nya
pengguliran	pen gulir an
sekolah	sekolah
tragedi	tragedi
jelek	jelek
jarinya	jari nya
pertanyaannya	per tanya an nya
mencanangkan	men canang kan
sebanding	se banding
makna	makna
dilunasi	di lunas i
kecolongan	kecolongan
mengelilingi	men keliling i
pengalokasiannya	pen alokasi an nya
menerimanya	men terima nya
lapar	lapar
karib	karib
dihasilkannya	di hasil kan nya
ventilasi	ventilasi
penghujat	pen hujat
penjualan	pen jual an
ramainya	ramai nya
padinya	padi nya
renang	renang
departemennya	departemen nya
menyisakan	men sisa kan
penjara	penjara
vulkanik	vulkanik
partisipasinya	partisipasi nya
rekornya	rekor nya
bayaran	bayar an
renovasi	renovasi
merosot	merosot
dicacah	di cacah
menjagaku	men jaga aku
sesederhana	se sederhana
munculnya	muncul nya
menekan	men tekan
organik	organik
berniat	ber niat
hamparan	hampar an
beraninya	berani nya
tuhan	tuhan
giat	giat
kimiawi	kimiawi
berpelukan	ber peluk an
tersisihkan	ter sisih kan
cantik	cantik
meneg	meneg
penalaran	pen nalar an
sebanyak	se banyak
transaksi	transaksi
penelitiannya	pen teliti an nya
pembidiknya	pen bidik nya
sesuai	sesuai
jerman	jerman
tergali	ter gali
ala	ala
menurunnya	men turun nya
berita	berita
jinak	jinak
dilembagakan	di lembaga kan
cetak	cetak
basi	bas i
menyiramnya	men siram nya
realisasinya	realisasi nya
lahan	lahan
penyiarnya	pen siar nya
nonpungutan	non pungut an
berartinya	ber arti nya
kentalnya	kental nya
merayakan	men raya kan
pandangannya	pandang an nya
tulang	tulang
perbaiki	perbaiki
minat	minat
menjawabnya	men jawab nya
tentunya	tentu nya
kau	kau
menggratiskan	men gratis kan
pengambil	pen ambil
menyadari	men sadar i
dimusnahkan	di musnah kan
peternakan	peternakan
antagonis	antagonis
mendalami	men dalam i
fragmen	fragmen
penyelarasan	pen selaras an
sukacitamu	sukacita mu
perannya	peran nya
lewat	lewat
teralihkan	ter alih kan
ditekuninya	di tekun i nya
jamu	jamu
kandungannya	kandung an nya
mengoptimalkan	men optimal kan
penggantiannya	pen ganti an nya
membagi	men bagi
proses	proses
anut	anut
berbisnis	ber bisnis
teleskop	teleskop
pemilu	pemilu
pemajuan	pen maju an
pengolahannya	pen olah an nya
perumahan	pen rumah an
ketidakmampuan	ke tidak mampu an
goreng	goreng
belakangku	belakang ku
bersikap	ber sikap
seramai	se ramai
dipelajari	di pelajar i
diabaikannya	di abai kan nya
tombol	tombol
prediksi	prediksi
korup	korup
penghancuran	pen hancur an
kuota	kuota
karyawannya	karya wan nya
bunyi	bunyi
materi	materi
efektifnya	efektif nya
mendaur	men daur
mencangkul	men cangkul
mencukur	men cukur
solo	solo
privasi	privasi
penitipan	pen titip an
ukiran	ukir an
disinyalir	di sinyalir
diperiksa	di periksa
dililit	di lilit
persembunyiannya	per sembunyi an nya
dadanya	dada nya
kuncinya	kunci nya
kenangan	kenang an
perkumpulan	per kumpul an
skeptis	skeptis
terorisme	terorisme
bermoral	ber moral
dielaborasi	di elaborasi
melimpahi	men limpah i
ide	ide
pengulangan	pen ulang an
kaumnya	kaum nya
terbelah	ter belah
keriput	keriput
tahapan	tahap an
terpajangnya	ter pajang nya
leher	leher
visi	visi
menjumpai	men jumpa i
semangnya	semang nya
nurani	nurani
disiapkan	di siap kan
kesempatan	kesempatan
terarah	ter arah
meningkat	men tingkat
menorehkan	men toreh kan
ternak	ternak
bloknya	blok nya
ditanyai	di tanya i
seniman	seniman
menulis	men tulis
sebaliknya	sebaliknya
tuduh	tuduh
olahragawan	olahraga wan
meneguhkan	men teguh kan
membanjirnya	men banjir nya
karya	karya
menangani	men tangan i
salib	salib
sudut	sudut
citranya	citra nya
berbentuk	ber bentuk
gejalanya	gejala nya
mengenangnya	men kenang nya
mengintensifkan	men intensif kan
arahnya	arah nya
mengadili	men adil i
nikah	nikah
pengubah	pen ubah
pengembaliannya	pen kembali an nya
akademis	akademis
ditjen	ditjen
dibiaya	di biaya
kotoran	kotor an
hilangkan	hilang kan
mengungguli	men unggul i
berpotensial	ber potensial
kenalan	kenal an
meletusnya	men letus nya
terlempar	ter lempar
merujuk	men rujuk
teringat	ter ingat
diternakkan	di ternak kan
intensi	intens i
ditaruh	di taruh
musiknya	musik nya
negatifnya	negatif nya
terpisahkan	ter pisah kan
arab	arab
cerah	cerah
mesjid	mesjid
terampuh	ter ampuh
ulah	ulah
ajarannya	ajar an nya
vakum	vakum
terselip	ter selip
kerjasama	kerjasama
penanganan	pen tangan an
faktor	faktor
pendahulunya	pendahulu nya
jawabannya	jawab an nya
surgawinya	surgawi nya
karakter	karakteri
rajaku	raja aku
memecat	men pecat
penggenapannya	pen genap an nya
terdampak	ter dampak
pemberontakan	pen berontak an
dituju	di tuju
pemblokiran	pen blokir an
menanggulangi	men tanggulang i
merinci	men rinci
perenungan	pen renung an
kepimpinan	ke pimpin an
mendiskriminasi	men diskriminasi
disentuh	di sentuh
harfiah	harfiah
berkilau	ber kilau
bertanya	ber tanya
berair	ber air
minoritas	minoritas
tersungkur	ter sungkur
kantornya	kantor nya
daunnya	daun nya
laksana	laksana
jadinya	jadi nya
daging	daging
liar	liar
diharapkan	di harap kan
surabaya	surabaya
pertengkaran	per tengkar an
berderet	ber deret
ditanam	di tanam
upahan	upah an
suntikan	suntik an
diikutsertakannya	di ikutserta kan nya
penghuninya	pen huni nya
disiapkannya	di siap kan nya
mengelompok	men kelompok
terpadat	ter padat
perawatannya	pen rawat an nya
memberhentikan	men ber henti kan
militan	militan
pertunjukan	per tunjuk an
diminum	di minum
betul	betul
mereduksi	men reduksi
melamar	men lamar
bedah	bedah
melupakanku	men lupa kan ku
pembasmi	pen basmi
mewakili	men wakil i
mukamu	muka kamu
lain	lain
telur	telur
tatap	tatap
kirinya	kiri nya
menunggak	men tunggak
pabrikan	pabrik an
berkesan	ber kesan
penerbang	pen terbang
mengkritik	men kritik
perpajakan	per pajak an
berganti	ber ganti
perakitan	pen rakit an
ganjil	ganjil
inspirasi	inspirasi
menyanggupi	men sanggup i
menembak	men tembak
atlet	atlet
pemenuhannya	pen penuh an nya
dipamerkan	di pamer kan
dimediasi	di mediasi
sifatnya	sifat nya
rekaan	reka an
diterima	di terima
bersemayam	ber semayam
sepupu	sepupu
gerakan	gerak an
presiden	presiden
seumur	se umur
menangkis	men tangkis
terparkir	ter parkir
perkantoran	per kantor an
lunas	lunas
pelantikan	pen lantik an
karunia	karunia
smp	smp
memperhitungkan	men hitung kan
terdalam	ter dalam
pembajakan	pen bajak an
terbelenggu	ter belenggu
kasusnya	kasus nya
kandidat	kandidat
meratap	men ratap
dikhawatirkannya	di khawatir kan nya
memperbesar	men besar
direkam	di rekam
konteksnya	konteks nya
menerpa	men terpa
dosennya	dosen nya
dilucuti	di lucut i
kudanya	kuda nya
wakilnya	wakil nya
penerus	pen terus
bajaknya	bajak nya
terpikirkan	ter pikir kan
bertingkah	ber tingkah
mendampingi	men damping i
perselisihan	per selisih an
suksesi	sukses i
mendukung	men dukung
berbahan	ber bah an
komoditas	komoditas
mencobanya	men coba nya
pemimpin	pen pimpin
kualitasnya	kualitas nya
ketatnya	ketat nya
menyeragamkan	men seragam kan
mengeluarkannya	men keluar kan nya
mengasuh	men asuh
terdesentralisasi	ter desentralisasi
klaim	klaim
pindahan	pindah an
miskinnya	miskin nya
stempelnya	stempel nya
metrik	metrik
menegakkan	men tegak kan
diyakinkan	di yakin kan
terjauh	ter jauh
jemput	jemput
terkoordinir	ter koordinir
memperingati	men ingat i
tradisional	tradisional
penakluk	pen takluk
kadar	kadar
buka	buka
permen	permen
kenalannya	kenal an nya
diwarnai	di warna i
menegaskan	men tegas kan
tercurah	ter curah
jahitan	jahit an
hemat	hemat
namanya	nama nya
bohong	bohong
membayangi	men bayang i
keinginannya	ke ingin an nya
prostat	prostat
karakternya	karakteri nya
bersamaan	ber sama an
pertanyaan	per tanya an
buktinya	bukti nya
demokratis	demokratis
nampak	nampak
menghabiskannya	men habis kan nya
pemikir	pen pikir
bermanfaat	ber manfaat
digunakannya	di guna kan nya
bulat	bulat
jatuh	jatuh
digerakkan	di gerak kan
terlampau	ter lampau
didampinginya	di damping i nya
hening	hening
bos	bos
dusun	dusun
mengintimidasi	men intimidasi
rahmat	rahmat
menantunya	menantu nya
berlanjutnya	ber lanjut nya
arsitektur	arsitektur
mengoleskan	men oles kan
laporannya	lapor an nya
ditawan	di tawan
kombinasi	kombinasi
pertumbuhan	per tumbuh an
perayaan	pen raya an
perdagangan	per dagang an
ditingkatkan	di tingkat kan
wawasan	wawasan
berdekatan	ber dekat an
silahkan	silahkan
ambang	ambang
terendam	ter rendam
anggrek	anggrek
disemayamkan	di semayam kan
diseimbangkan	di seimbang kan
repot	repot
ketidaktersediaan	ke tidak tersedia an
perkataanku	per kata an ku
ayahnya	ayah nya
iurannya	iuran nya
ditekankan	di tekan kan
menugaskan	men tugas kan
terikatnya	ter ikat nya
usul	usul
menatapnya	men tatap nya
perbantahan	per bantah an
disalin	di salin
susah	susah
area	area
bakatnya	bakat nya
berpemerintahan	ber pen perintah an
profesor	profesor
membuangnya	men buang nya
barang	barang
hancur	hancur
memperbaiki	men baik i
ditempatkan	di tempat kan
ekor	ekor
sarapan	sarapan
berkabut	ber kabut
berpendidikan	ber pen didik an
terlewatnya	ter lewat nya
sahut	sahut
meratapinya	men ratap i nya
bibinya	bibi nya
selektifnya	selektif nya
merusakkannya	men rusak kan nya
pengidentifikasian	pen identifikasi an
dipenjarakan	di penjara kan
dititipi	di titip i
pilihannya	pilih an nya
artis	artis
persepsinya	persepsi nya
memodernisasi	men modernisasi
meletakkan	men letak kan
bermerk	ber merk
gembiranya	gembira nya
contoh	contoh
pertobatan	per tobat an
tabah	tabah
menyembah	men sembah
pembaruannya	pen baru an nya
penggelapan	pen gelap an
sulit	sulit
berfikir	ber fikir
utusannya	utus an nya
perekrutan	pen rekrut an
paksaan	paksa an
menerbitkan	men terbit kan
menjelaskannya	men jelas kan nya
persendian	per sendi an
dirobek	di robek
bersusah	ber susah
liter	liter
tuntunan	tuntun an
merestui	men restu i
klip	klip
pakaiannya	pakai an nya
tandatangani	tandatangan i
membesarkan	men besar kan
langkanya	langka nya
pembicaranya	pen bicara nya
disusunnya	di susun nya
berkebun	ber kebun
lelaki	lelaki
mengukuhkan	men kukuh kan
warna	warna
memungut	men pungut
lapangan	lapang an
perencanaannya	pen rencana an nya
diperhitungkan	di per hitung kan
mainkan	main kan
penebal	pen tebal
ketahanan	ke tahan an
perekat	pen rekat
dihadapkan	di hadap kan
diminati	di minat i
mencantumkan	men cantum kan
mengumpat	men umpat
kulalui	ku lalu i
penulis	pen tulis
bawah	bawah
pendendam	pen dendam
menghibur	men hibur
bisikan	bisik an
dianggapnya	di anggap nya
bibit	bibit
menciprat	men ciprat
kagumi	kagum i
strata	strata
upahnya	upah nya
membacakan	men baca kan
rezim	rezim
mensahkan	men sah kan
definisi	definisi
menikahkan	men nikah kan
dibelenggu	di belenggu
besarnya	besar nya
menyeluruh	menyeluruh
terhimpun	ter himpun
ditularkan	di tular kan
jantan	jantan
layar	layar
pencairannya	pen cair an nya
tatapannya	tatap an nya
melintas	men lintas
toleransi	toleransi
salehnya	saleh nya
meninjunya	men tinju nya
iri	iri
meminum	men minum
ucapan	ucap an
ditantang	di tantang
tangan	tangan
logam	logam
jasanya	jasa nya
pungli	pungli
memberlakukan	men ber laku kan
dijaga	di jaga
maret	maret
dipajaki	di pajak i
mengeringkan	men kering kan
bom	bom
dialokasi	di alokasi
lekat	lekat
terberatnya	ter berat nya
sektarian	sektarian
selai	sela i
akta	akta
lancar	lancar
mengontak	men kontak
kukasihi	ku kasih i
ejekan	ejek an
direktorat	direktorat
jenjang	jenjang
ditulisi	di tulis i
rekapitulasi	rekapitulasi
encer	encer
pungutan	pungut an
diakomodasikan	di akomodasi kan
pembuangan	pen buang an
piring	piring
pertentangan	per tentang an
dihadapi	di hadap i
membungkam	men bungkam
wirausaha	wirausaha
jadi	jadi
susut	susut
ringkasannya	ringkas an nya
berbulu	ber bulu
pemanah	pen panah
penyederhanaan	pen sederhana an
kisarannya	kisar an nya
narkotika	narkotika
melalaikan	men lalai kan
usulannya	usul an nya
diperkenan	di per kenan
pertemanan	per teman an
anjingnya	anjing nya
repotnya	repot nya
mentransformasikan	men transformasi kan
menggabungkan	men gabung kan
rancangan	rancang an
sejarah	sejarah
gerai	gerai
memadai	memadai
ditimpa	di timpa
penyuling	pen suling
konvensional	konvensional
mitra	mitra
membangkitkan	men bangkit kan
mengomentari	men komentar i
penyerahan	pen serah an
menerangkan	men terang kan
penanggulangan	pen tanggulang an
rekonstruksi	rekonstruksi
kreditnya	kredit nya
simbolis	simbolis
mendongkrak	men dongkrak
reformis	reformis
seismik	seismik
modul	modul
responsnya	respons nya
ketidakberanian	ke tidak berani an
medan	medan
disisihkan	di sisih kan
betina	betina
brutonya	bruto nya
manisnya	manis nya
menyelesaikan	men selesai kan
otonominya	otonomi nya
diusir	di usir
digantikan	di ganti kan
khas	khas
percekcokan	per cekcok an
wajar	wajar
memfotonya	men foto nya
federal	federal
kalah	kalah
menghilangkan	men hilang kan
mual	mual
eksteriornya	eksterior nya
menyiarkannya	men siar kan nya
bercermin	ber cermin
memfasilitas	men fasilitas
tahap	tahap
rumitnya	rumit nya
realokasi	realokasi
hubungannya	hubung an nya
eropa	eropa
dibangunkan	di bangun kan
mencabut	men cabut
kunjung	kunjung
rasionya	rasio nya
kreativitas	kreativitas
seisi	se isi
stabilitas	stabilitas
perkreditan	per kredit an
momen	momen
kelelawar	kelelawar
penjudi	pen judi
saing	saing
menyerukan	men seru kan
tes	tes
berkewajiban	ber ke wajib an
diinstruksikan	di instruksi kan
bakti	bakti
injeksikan	injeksi kan
diadakan	di ada kan
rendahan	rendah an
diraihnya	di raih nya
melangkah	men langkah
ketidaksesuaian	ke tidak sesuai an
direnovasinya	di renovasi nya
relevansi	relevansi
berpandangan	ber pandang an
setir	setir
teriak	teriak
mengelola	men kelola
menggelikan	men geli kan
sini	sini
pencetakan	pen cetak an
paket	paket
ketidakjelasan	ke tidak jelas an
belah	belah
dermawan	derma wan
gelisah	gelisah
bala	bala
pemakaian	pen pakai an
sisinya	sisi nya
penajaman	pen tajam an
penuntut	pen tuntut
diwariskan	di waris kan
dicuri	di curi
meraih	men raih
supir	supir
membatalkan	men batal kan
arsip	arsip
terpana	terpana
merintangi	men rintang i
menyingkap	men singkap
terkejut	ter kejut
mewaspadai	men waspada i
menyetujuinya	men setuju i nya
hadiah	hadiah
rekan	rekan
kemas	kemas
prospeknya	prospek nya
melayaninya	men layan i nya
dunia	dunia
manja	manja
pangan	pangan
penyajian	pen saji an
terbenam	ter benam
sedihan	sedih an
dikompromikan	di kompromi kan
tercapainya	ter capai nya
mengharapkannya	men harap kan nya
buruannya	buru an nya
buah	buah
akomodasi	akomodasi
restrukturisasi	restrukturisasi
kadaluarsa	kadaluarsa
dipukuli	di pukul i
mencoreng	men coreng
dihimbau	di himbau
peranan	peran an
misterius	misterius
perbendaharaannya	per bendahara an nya
dibolehkan	di boleh kan
reformasi	reformasi
musyawarah	musyawarah
pembuatannya	pen buat an nya
berimbas	ber imbas
yunus	yunus
disalibkan	di salib kan
disetor	di setor
tertinggi	ter tinggi
pelihara	pelihara
lucu	lucu
mental	mental
menjatuhkan	men jatuh kan
literatur	literatur
celah	celah
menyetir	men setir
pencuri	pen curi
mengagunkan	men agun kan
aturan	atur an
persemaian	per semai an
kawin	kawin
terlatih	ter latih
kuperintahkan	ku perintah kan
enumerasi	enumerasi
capai	capai
mengambilkanku	men ambil kan ku
bergabung	ber gabung
menyeringai	men seringai
semangatnya	semangat nya
berkeliling	ber keliling
reaktor	reaktor
gamblang	gamblang
menyamakan	men sama kan
jemaat	jemaat
dimaksudkannya	di maksud kan nya
dinding	dinding
analogi	analog i
pengusiran	pen usir an
akademi	akademi
merogoh	men rogoh
pengertiannya	pengertian nya
karpet	karpet
mencemari	men cemar i
mendengar	men dengar
teratur	ter atur
dituntut	di tuntut
dikukuhkan	di kukuh kan
bagus	bagus
menanami	men tanam i
sengketa	sengketa
membengkokkan	men bengkok kan
menepis	men tepis
diambilnya	di ambil nya
mengidentifikasi	men identifikasi
pembaruan	pen baru an
beresiko	ber resiko
merekam	men rekam
perut	perut
sd	sd
mengkreditnya	men kredit nya
monitor	monitor
sesi	sesi
kehadiran	ke hadir an
pelajarannya	pelajar an nya
berlatar	ber latar
ukraina	ukraina
menyangga	men sangga
metodologi	metodologi
berbobot	ber bobot
rayakan	raya kan
menugasi	men tugas i
mengumandangkan	men kumandang kan
tinggalnya	tinggal nya
kristal	kristal
kekasih	kekasih
memaafkan	men maaf kan
dimekarkan	di mekar kan
korelasinya	korelasi nya
ajang	ajang
selaras	selaras
beraneka	ber aneka
kebutuhanku	ke butuh an ku
terdukung	ter dukung
diperhadapkan	di per hadap kan
penetrasi	penetrasi
tingkatannya	tingkat an nya
tiket	tiket
aktifitasnya	aktifitas nya
empunya	empunya
mempengaruhi	men pengaruh i
disinggung	di singgung
pizza	pizza
kananmu	kanan mu
merawati	men rawat i
ditambahkannya	di tambah kan nya
merangkap	men rangkap
menaikan	men tai kan
wajah	wajah
absolut	absolut
pengantar	pen antar
diperintahkan	di perintah kan
berpendapatan	ber pen dapat an
mengganti	men ganti
mengaduk	men aduk
pendetanya	pendeta nya
gigitannya	gigit an nya
galian	gali an
baca	baca
tali	tali
koloni	koloni
celana	celana
perjuangan	per juang an
pencucian	pen cuci an
tersandung	ter sandung
teratas	ter atas
advokat	advokat
biayanya	biaya nya
menginjakkan	men injak kan
berkeliaran	ber ke liar an
bengkok	bengkok
disiram	di siram
mendadak	mendadak
pesaingnya	pesaing nya
mempertimbangkan	men timbang kan
diurai	di urai
ditunjukkannya	di tunjuk kan nya
dibebaskan	di bebas kan
sebijaksana	se bijaksana
menginformasikan	men informasi kan
bernalar	ber nalar
mengatakannya	men kata kan nya
ditugaskan	di tugas kan
mencapainya	men capai nya
pengantarnya	pen antar nya
personelnya	personel nya
dikatakannya	di kata kan nya
terhalangi	ter halang i
meluangkan	men luang kan
mempekerjakannya	men pekerja kan nya
fitnah	fitnah
menyangkali	men sangkal i
terwujudnya	ter wujud nya
berotoritas	ber otoritas
esa	esa
pucuk	pucuk
menggantikan	men ganti kan
pemberian	pen beri an
pembiayaannya	pen biaya an nya
diulangi	di ulang i
mengingatkan	men ingat kan
pematang	pen matang
menulari	men tular i
mengamati	men amati
akui	aku i
derita	derita
perumpamaan	per umpama an
serangan	serang an
bapanya	bapa nya
kita	kita
menyusutnya	men susut nya
juruselamatku	juruselamat ku
dibayarkan	di bayar kan
mendaftar	men daftar
tolongku	tolong ku
takut	takut
perilakunya	perilaku nya
mampuan	mampu an
koran	koran
terbit	terbit
diterbitkan	di terbit kan
mengancam	men ancam
jahe	jahe
pendiam	pen diam
tanggungjawab	tanggungjawab
biografi	biografi
konferensi	konferensi
diperdakan	di perda kan
kunyah	kunyah
puja	puja
populasinya	populasi nya
lembab	lembab
pengadilan	pen adil an
nikel	nikel
dikhawatirkan	di khawatir kan
butir	butir
pengkhianatan	pen khianat an
menggendong	men gendong
melukai	men luka i
pembayarannya	pen bayar an nya
menirukan	men tiru kan
persiapan	per siap an
pencerahan	pen cerah an
cair	cair
perhatiannya	per hati an nya
menjabat	men jabat
pendidikan	pen didik an
benar	benar
berteman	ber teman
sinkronisasi	sinkronisasi
dibebani	di beban i
tujuannya	tuju an nya
diperoleh	di peroleh
bibirnya	bibir nya
pemesanan	pen pesan an
penyelesai	pen selesai
penahanan	pen tahan an
pembelanjaan	pen belanja an
pemeliharaan	pen pelihara an
setingkat	se tingkat
mengulas	men ulas
terwujud	ter wujud
pemusik	pen musik
petang	petang
antusiasmenya	antusiasme nya
bercirikan	ber ciri kan
lalai	lalai
perekonomian	per ekonomi an
dilalui	di lalu i
mengencerkan	men encer kan
malaikat	malaikat
berterus	ber terus
pbb	pbb
kuatir	kuatir
merobohkan	men roboh kan
terpinggirkan	ter pinggir kan
vonis	vonis
meresponnya	men respon nya
diperkirakannya	di per kira kan nya
yatim	yatim
meluap	men luap
surga	surga
kawal	kawal
terbentuk	ter bentuk
buruan	buru an
merata	men rata
melemahkan	men lemah kan
menyaksikannya	men saksi kan nya
melanggengkannya	men langgeng kan nya
obatan	obat an
infrastrukturnya	infrastruktur nya
kronis	kronis
inovasi	inovasi
menghamparkan	men hampar kan
kotorannya	kotor an nya
swalayan	swalayan
berurusan	ber urus an
rehabilitasinya	rehabilitasi nya
artikelnya	artikel nya
pilihan	pilih an
umumnya	umum nya
pertalian	per tali an
penyembuhan	pen sembuh an
membungkuk	men bungkuk
bersahabat	ber sahabat
managemen	managemen
tertulis	ter tulis
dimuntahkan	di muntah kan
tersapu	ter sapu
disetorkan	di setor kan
kaum	kaum
penyelesaian	pen selesai an
tugasku	tugas ku
nonbank	non bank
pertanggungan	per tanggung an
digelar	di gelar
menjadikannya	men jadi kan nya
karirnya	karir nya
skotlandia	skotlandia
inggris	inggris
perhambaan	per hamba an
buang	buang
tambang	tambang
goncangan	goncang an
diderita	di derita
harga	harga
terbesar	ter besar
taati	taat i
dibentuknya	di bentuk nya
antikristus	anti kristus
setahun	se tahun
terjawab	ter jawab
dinikahinya	di nikah i nya
dijunjung	di junjung
terbayang	ter bayang
memuja	men puja
gagang	gagang
mengoper	men koper
menyombongkan	men sombong kan
percayanya	percaya nya
audio	audio
terpalang	ter palang
daerahnya	daerah nya
tulisannya	tulis an nya
jantung	jantung
rekomendasi	rekomendasi
dibiayai	di biaya i
reaktif	reaktif
flanel	flanel
jagung	jagung
rasio	rasio
dipahami	di paham i
sedetik	se detik
imannya	iman nya
terkungkung	ter kungkung
debitur	debitur
mengulangnya	men ulang nya
peranannya	peran an nya
pengajaran	pen ajar an
ingatan	ingat an
klinik	klinik
dites	di tes
aktris	aktris
pengetatan	pen ketat an
ringkas	ringkas
ditarik	di tarik
merencanakan	men rencana kan
permohonannya	per mohon an nya
berkorban	ber korban
menyedot	men sedot
santai	santai
tiketnya	tiket nya
diambil	di ambil
ubi	ubi
meragukan	men ragu kan
berpisah	ber pisah
tantangannya	tantang an nya
tebalnya	tebal nya
memeliharamu	men pelihara mu
mulia	mulia
menenangkan	men tenang kan
pelanggannya	pen langgan nya
luput	luput
daun	daun
bertahap	ber tahap
pengintegrasian	pen integrasi an
kontraktornya	kontraktor nya
agunan	agun an
dinasehati	di nasehat i
bensin	bensin
mengenal	men kenal
didera	di dera
pengikat	pen ikat
mikro	mikro
cemburu	cemburu
artistik	artistik
paman	paman
curahan	curah an
sekadarnya	se kadar nya
mengaktifkan	men aktif kan
tugasnya	tugas nya
menyuburkan	men subur kan
seteguh	se teguh
keterlibatannya	ke terlibat an nya
persepsi	persepsi
mencarikan	men cari kan
ditinjau	di tinjau
landas	landas
swedia	swedia
mengasihinya	men kasih i nya
pemanjaan	pen manja an
pajaknya	pajak nya
bakteri	bakteri
menusuk	men tusuk
semacam	se macam
perolehannya	peroleh an nya
lontong	lontong
bilik	bilik
rambut	rambut
prestasi	prestasi
sangkaan	sangka an
piringan	piring an
topinya	top i nya
menengah	men tengah
berbelok	ber belok
rawa	rawa
konsep	konsep
antikomunis	anti komunis
dewasa	dewasa
menyangkut	men sangkut
acak	acak
balasan	balas an
pengambilalihan	pen ambilalih an
mentalitas	mentalitas
penyisihan	pen sisih an
ramalannya	ramal an nya
kolam	kolam
emas	emas
keliru	keliru
teknik	teknik
injil	injil
diprioritaskan	di prioritas kan
angsuran	angsur an
restorasi	restorasi
bersintesis	ber sintesis
pikun	pikun
irigasi	irigasi
siaran	siar an
denda	denda
iklim	iklim
menumpas	men tumpas
diselamatkan	di selamat kan
mediasi	mediasi
berkuda	ber kuda
serang	serang
perjanjian	per janji an
menko	menko
kontrak	kontrak
dicermati	di cermat i
bangsanya	bangsa nya
timbang	timbang
mobil	mobil
diwajibkan	di wajib kan
listriknya	listrik nya
kedengaran	ke dengar an
menyadarkan	men sadar kan
penanganannya	pen tangan an nya
masalahnya	masalah nya
akrab	akrab
mengklarifikasi	men klarifikasi
dihapus	di hapus
efektifitas	efektifitas
pengerasan	pen keras an
belalai	belalai
berjuang	ber juang
prasarananya	prasarana nya
tampilan	tampil an
koper	koper
melambangkan	men lambang kan
perpipaan	per pipa an
mengabulkan	men kabul kan
memaparkan	men papar kan
perkenalan	per kenal an
biar	biar
perenang	pen renang
nonmakanan	non makan an
sumatra	sumatra
bernegara	ber negara
berlanjut	ber lanjut
izinnya	izin nya
pangkal	pangkal
tunggakannya	tunggak an nya
memanggilnya	men panggil nya
beraib	ber aib
berumur	ber umur
dikeluhkan	di keluh kan
triwulanan	triwulan an
mewujudkan	men wujud kan
penyelenggaraan	pen selenggara an
penyampaiannya	pen sampai an nya
diteladani	di teladan i
mengorganisasikan	men organisasi kan
penggunaan	pen guna an
simpatinya	simpati nya
menangkal	men tangkal
arena	arena
uraian	urai an
banyaknya	banyak nya
memprihatinkan	men prihatin kan
pesannya	pesan nya
mengestimasi	men estimasi
diperantarai	di perantara i
ditabrakkan	di tabrak kan
melumpuhkan	men lumpuh kan
menghina	men hina
dimapankan	di mapan kan
sayuran	sayur an
brasil	brasil
sepesawat	se pesawat
kapas	kapas
bodohnya	bodoh nya
rodanya	roda nya
mendistribusi	men distribusi
menapaki	men tapak i
pembinaan	pen bina an
perbendaharaan	per bendahara an
mahasiswanya	mahasiswa nya
dosen	dosen
praktisnya	praktis nya
partikel	partikel
mulianya	mulia nya
dihadapinya	di hadap i nya
piala	piala
penulisannya	pen tulis an nya
menambah	men tambah
terletak	ter letak
pengenalan	pen kenal an
nonkontrak	non kontrak
pagi	pagi
merenung	men renung
dikompensasikan	di kompensasi kan
berpegang	ber pegang
berkelompok	ber kelompok
kenal	kenal
ekonomis	ekonomis
perpisahannya	per pisah an nya
nonreguler	non reguler
pelayanan	pen layan an
mengobati	men obat i
insentif	insentif
pernikahan	per nikah an
naungan	naung an
dibubarkannya	di bubar kan nya
cukai	cuka i
mengejarnya	men kejar nya
harganya	harga nya
halus	halus
kritikus	kritikus
memberitahuku	men beritahu ku
maksimalnya	maksimal nya
ayahmu	ayah mu
jati	jati
kuartal	kuartal
berimbang	ber imbang
menyucikan	men suci kan
rohaninya	rohani nya
keraskan	keras kan
pewaris	pen waris
memperjuangkan	men juang kan
pengasinan	pen asin an
setoran	setor an
memelihara	men pelihara
kertas	kertas
terbanyak	ter banyak
transparan	transparan
muridnya	murid nya
lanjut	lanjut
terhenti	ter henti
dipisahkan	di pisah kan
rapi	rapi
tambah	tambah
kotornya	kotor nya
diungkapkan	di ungkap kan
motornya	motor nya
penglihatan	penglihatan
pemisah	pen pisah
membekaskan	men bekas kan
terbebani	ter beban i
panenan	panen an
putuskan	putus kan
mempercayai	men percaya i
menjerit	men jerit
keluarganya	keluarga nya
terposisikan	ter posisi kan
tenda	tenda
meregangkan	men regang kan
dikabulkan	di kabul kan
laporkan	lapor kan
diingat	di ingat
sejauh	se jauh
mengabarkan	men kabar kan
takluk	takluk
dijangkau	di jangkau
makhluk	makhluk
pembunuhan	pen bunuh an
revisi	revisi
sesempurna	se sempurna
dihadiri	di hadir i
sepak	sepak
pembiayaan	pen biaya an
finansial	finansial
rubuh	rubuh
november	november
mengungkapkan	men ungkap kan
sambutan	sambut an
pengrajin	pen rajin
coraknya	corak nya
pengajuannya	pen aju an nya
bagian	bagi an
penciptaan	pen cipta an
teriknya	terik nya
balap	balap
pelan	pelan
mengingatmu	men ingat mu
direalisasikan	di realisasi kan
pasaran	pasar an
kutanggung	ku tanggung
rontokan	rontok an
koperasi	koperasi
dikenalnya	di kenal nya
penyerang	pen serang
dipatuhi	di patuh i
menempel	men tempel
cangkul	cangkul
kandungan	kandung an
meliputi	men liput i
goyah	goyah
tersobek	ter sobek
penghalang	pen halang
diakumulasikannya	di akumulasi kan nya
cuci	cuci
menyokong	men sokong
olahannya	olah an nya
seimbang	seimbang
panggil	panggil
nonperdagangan	non per dagang an
membina	men bina
dipekerjakan	di pekerja kan
sepengetahuan	se pengetahuan
tercium	ter cium
berkabung	berkabung
melandasi	men landas i
kondusif	kondusif
babak	babak
terpola	ter pola
percobaan	per coba an
sekretariat	sekretariat
rumit	rumit
beredar	ber edar
mengacuhkan	men acuh kan
menepi	men tepi
diwujudkan	di wujud kan
transplantasi	transplantasi
penelitinya	pen teliti nya
semalam	se malam
mengira	men kira
rekannya	rekan nya
terkemuka	ter kemuka
rekening	rekening
tunggangan	tunggang an
diprakarsai	di prakarsa i
cucu	cucu
melebihkan	men lebih kan
menjadikan	men jadi kan
relawan	rela wan
pangkat	pangkat
presentase	presentase
filosofi	filosofi
turbin	turbin
melancarkan	men lancar kan
puding	puding
wanita	wanita
kegemaran	ke gemar an
cerdik	cerdik
taktik	taktik
santapan	santap an
sopan	sopan
pemodal	pen modal
diangsur	di angsur
keras	keras
gerilyawan	gerilya wan
mentari	mentari
antartahun	antar tahun
allahmu	allah mu
berproduksi	ber produksi
mengganggu	men ganggu
perawat	pen rawat
ingat	ingat
barat	barat
hayatnya	hayat nya
perampokan	pen rampok an
mengasihimu	men kasih i mu
mobilitas	mobilitas
memikat	men pikat
geografis	geografis
menghasilkan	men hasil kan
persampahan	per sampah an
terkoyak	ter koyak
blok	blok
tontonan	tonton an
iuran	iuran
latar	latar
situs	situs
paham	paham
politik	politik
manusia	manusia
mengalir	men alir
digalakkan	di galak kan
penjahitan	pen jahit an
suaminya	suami nya
menyuratkan	men surat kan
persetujuan	per setuju an
nontarif	non tarif
dipanggil	di panggil
membusukkan	men busuk kan
peneliti	pen teliti
terciptanya	ter cipta nya
tambahannya	tambah an nya
pertanaman	per tanam an
penyelenggara	pen selenggara
menghiburku	men hibur ku
barunya	baru nya
kacang	kacang
tepi	tepi
beranggapan	ber anggap an
yayasan	yayasan
penerbitan	pen terbit an
selera	selera
diberikannya	di beri kan nya
memperkaya	men kaya
lengkung	lengkung
bercerai	ber cerai
bertunangan	ber tunang an
panti	panti
berusaha	ber usaha
berhitung	ber hitung
perwakilannya	per wakil an nya
postingan	posting an
masyarakatnya	masyarakat nya
berpulangnya	ber pulang nya
ayah	ayah
ketidakpuasannya	ke tidak puas an nya
berpendapat	ber pen dapat
mempersiapkan	men siap kan
terselubung	ter selubung
perhubungan	per hubung an
diperbolehkan	di per boleh kan
kelam	kelam
ditunjukkan	di tunjuk kan
divalidasi	di validasi
posisinya	posisi nya
hadapannya	hadap an nya
membakar	men bakar
tersembunyi	ter sembunyi
sasaran	sasar an
mempertanggungjawabkannya	men tanggungjawab kan nya
aneh	aneh
dibuatkan	di buat kan
kokoh	kokoh
sarang	sarang
percayai	percaya i
pembagi	pen bagi
memantapkan	men mantap kan
jambangan	jambang an
pidatonya	pidato nya
rekapitulasinya	rekapitulasi nya
tanah	tanah
selangit	se langit
bernama	ber nama
server	server
berselang	ber selang
apik	apik
pemula	pen mula
menggiatkan	men giat kan
jemu	jemu
ditujukan	di tuju kan
mencoba	men coba
melintasinya	men lintas i nya
tersajikan	ter saji kan
dikurangi	di kurang i
kisahnya	kisah nya
mengubahkan	men ubah kan
lazimnya	lazim nya
membayang	men bayang
memasukannya	men pasukan nya
puncaknya	puncak nya
aktual	aktual
sepakat	sepakat
menyesal	men sesal
puji	puji
siaga	siaga
ditaklukkan	di takluk kan
penyimpanan	pen simpan an
berasaskan	ber asas kan
memajang	men pajang
desain	desain
mengapung	men apung
rumahnya	rumah nya
kontraknya	kontrak nya
asuhan	asuh an
tonton	tonton
berujung	ber ujung
plastiknya	plastik nya
ampun	ampun
gajinya	gaji nya
memudar	men pudar
mengimani	men iman i
membekukan	men beku kan
pembaru	pen baru
berskala	ber skala
penggantinya	pen ganti nya
unta	unta
berkebalikan	ber ke balik an
terbaring	ter baring
mengemban	men emban
memberiku	men beri ku
cabai	cabai
paskah	paskah
klien	klien
atletik	atletik
tersedot	ter sedot
diraih	di raih
ditunjang	di tunjang
tuaku	tua aku
serinci	se rinci
dibuang	di buang
terlama	ter lama
menganggur	men anggur
merajalela	men rajalela
psikologis	psikologis
tabungannya	tabung an nya
lingkaran	lingkar an
segi	segi
digendong	di gendong
memproteksi	men proteksi
dimintai	di minta i
mengklasifikasi	men klasifikasi
bayangan	bayang an
ribut	ribut
sewaktu	se waktu
implementasinya	implementasi nya
wc	wc
diembannya	di emban nya
ditata	di tata
ladang	ladang
diklasifikasikan	di klasifikasi kan
dikonversi	di konversi
meramaikan	men ramai kan
mantan	mantan
anugerah	anugerah
jabatannya	jabat an nya
pertaniannya	per tani an nya
halnya	hal nya
diliputi	di liput i
vertikal	vertikal
berlangganan	ber langgan an
bawahmu	bawah mu
debu	debu
aktivitas	aktivitas
set	set
hatiku	hati ku
depan	depan
maksud	maksud
terjangkaunya	ter jangkau nya
disadari	di sadar i
fleksibel	fleksibel
teraman	ter aman
bercukur	ber cukur
jabar	jabar
penentuannya	pen tentu an nya
mempublikasikannya	men publikasi kan nya
cerminkan	cermin kan
menjelajahi	men jelajah i
induknya	induk nya
dibacanya	di baca nya
bergulir	ber gulir
sup	sup
berterima	ber terima
jarahan	jarah an
merayu	men rayu
pidato	pidato
sepuasnya	se puas nya
berakibat	ber akibat
gratis	gratis
kukira	ku kira
pembaca	pen baca
eksklusif	eksklusif
ilmu	ilmu
dipersoalkan	di per soal kan
antarpemilik	antar pen milik
uap	uap
mencakupi	men cakup i
es	es
pendingin	pen dingin
penanggulangannya	pen tanggulang an nya
selamatkanku	selamat kan ku
menunduk	men tunduk
letusannya	letus an nya
ditinggikan	di tinggi kan
janjinya	janji nya
wasitnya	wasit nya
merotasi	men rotasi
terhibur	ter hibur
berbasiskan	ber basis kan
pencetus	pen cetus
dituliskan	di tulis kan
bertindak	ber tindak
impor	impor
hakekatnya	hakekat nya
satker	satker
tercoreng	ter coreng
menciptakan	men cipta kan
keruh	keruh
diproduksi	di produksi
mengganggunya	men ganggu nya
ilmiah	ilmiah
gemar	gemar
campak	campak
arisan	arisan
farmasi	farmasi
famili	famili
ongkos	ongkos
pelaksananya	pen laksana nya
lalui	lalu i
bapamu	bapa mu
administrasi	administrasi
ditetapkan	di tetap kan
persneling	persneling
penarik	pen tarik
luwes	luwes
mengungkap	men ungkap
penggodokan	pen godok an
penerimanya	pen terima nya
perencanaan	pen rencana an
berbenah	ber benah
dikunjunginya	di kunjung i nya
kebobolan	ke bobol an
ragu	ragu
pesona	pesona
menghadapinya	men hadap i nya
dirobohkan	di roboh kan
defensif	defensif
persembahan	per sembah an
dikenakannya	di kena kan nya
sayap	sayap
topeng	topeng
kamboja	kamboja
antusiasme	antusiasme
mendorongnya	men dorong nya
belokan	belok an
menanggungnya	men tanggung nya
marah	marah
menyusuri	men susur i
menayangkan	men tayang kan
dipersembahkan	di per sembah kan
tantangan	tantang an
berkeberatan	ber ke berat an
kirimu	kiri mu
dikepalai	di kepala i
berasas	ber asas
melukiskan	men lukis kan
andalan	andal an
diremehkan	di remeh kan
berakting	ber akting
kakaknya	kakak nya
memagari	men pagar i
diatasi	di atas i
talak	talak
kurs	kurs
tersendiri	ter sendiri
dokumennya	dokumen nya
alas	alas
ditahun	di tahun
muluk	muluk
terkalahkan	terkalahkan
dipikirnya	di pikir nya
surat	surat
menegakkannya	men tegak kan nya
bara	bara
dipanen	di panen
berdetak	ber detak
matriks	matriks
berperkara	ber perkara
menangkapnya	men tangkap nya
dikirim	di kirim
jaksa	jaksa
kuhadapi	ku hadap i
skornya	skor nya
album	album
abjad	abjad
tangerang	tangerang
soal	soal
dimampukan	di mampu kan
timnya	tim nya
menggarap	men garap
pegangan	pegang an
berdasarkan	ber dasar kan
kenang	kenang
memusyawarahkannya	men musyawarah kan nya
anggun	anggun
menimbulkan	men timbul kan
proteksi	proteksi
menyentak	men sentak
berbadan	ber badan
rekonsiliasi	rekonsiliasi
dicairkan	di cair kan
punah	punah
bapaknya	bapak nya
pergumulan	per gumul an
peranakan	per anak an
terdepan	ter depan
pengimplementasian	pen implementasi an
mengawasi	men awas i
jatuhkan	jatuh kan
menyederhanakan	men sederhana kan
dijelajahi	di jelajah i
penumpangan	pen tumpang an
imunisasi	imunisasi
sesuatunya	sesuatu nya
rajanya	raja nya
investigasinya	investigasi nya
diperkuat	di per kuat
diciptakan	di cipta kan
bertarung	ber tarung
perkawinan	per kawin an
khusus	khusus
kering	kering
ditiru	di tiru
respon	respon
pembenci	pen benci
mencairkannya	men cair kan nya
latihan	latih an
pembukuan	pen buku an
berkuasa	ber kuasa
riset	riset
jeratan	jerat an
muka	muka
bata	bata
pintar	pintar
ketidakkonsistenan	ke tidak konsisten an
menghimpun	men himpun
mengitariku	men kitar i ku
ketidakseriusan	ke tidak serius an
gadai	gadai
menyibukkan	men sibuk kan
hartamu	harta mu
sepanjang	se panjang
ri	ri
jarak	jarak
memperlancar	men lancar
lemahnya	lemah nya
sejawatnya	se jawat nya
hasilnya	hasil nya
mengutuknya	men kutuk nya
bertiup	ber tiup
meneruskan	men terus kan
pencuci	pen cuci
sapu	sapu
lelakinya	lelaki nya
tender	tender
didialogkan	di dialog kan
tuntas	tuntas
sikap	sikap
diolah	di olah
silakan	silakan
artinya	arti nya
suasana	suasana
mengurangkan	men kurang kan
cabang	cabang
bercacat	ber cacat
kuliah	kuliah
segan	segan
menakjubkannya	men takjub kan nya
pemekaran	pen mekar an
menggulingkan	men guling kan
longgar	longgar
mengeliminasi	men eliminasi
terhalang	ter halang
permodalan	per modal an
terbuai	ter buai
kalangan	kalangan
bintang	bintang
lembu	lembu
koordinasi	koordinasi
singkatan	singkat an
pt	pt
menetes	men tetes
wajahnya	wajah nya
lubang	lubang
tekad	tekad
penyusup	pen susup
khayalan	khayal an
melemparinya	men lempar i nya
hal	hal
perekam	pen rekam
bersentuhan	ber sentuh an
mengikut	men ikut
terelakkan	ter elak kan
menerapkan	men terap kan
bersandarkan	ber sandar kan
tamak	tamak
penghilang	pen hilang
pergulatan	per gulat an
akses	akses
pemandu	pen pandu
bus	bus
rencana	rencana
individu	individu
bayarkan	bayar kan
mimpi	mimpi
alkohol	alkohol
pelupa	pen lupa
menanggapinya	men tanggap i nya
pandai	pandai
kredibilitas	kredibilitas
menelaah	men telaah
kantor	kantor
alamnya	alam nya
ditukar	di tukar
menolongnya	men tolong nya
direformasi	di reformasi
ditolong	di tolong
garis	garis
tasnya	tas nya
menjual	men jual
pencakar	pen cakar
alfabet	alfabet
menembus	men tembus
pemda	pemda
hangus	hangus
upayanya	upaya nya
terpintar	ter pintar
diskualifikasi	diskualifikasi
menebarkan	men tebar kan
diperdamaikan	di per damai kan
tingkat	tingkat
menghapuskan	men hapus kan
kancing	kancing
lantai	lantai
meluncurkan	men luncur kan
indera	indera
berdiskusi	ber diskusi
terobsesi	ter obsesi
konsekuensi	konsekuensi
pendangkalan	pen dangkal an
pelembagaan	pen lembaga an
bermotor	ber motor
bermakna	ber makna
yupiter	yupiter
obatnya	obat nya
perseroan	perseroan
antarlembaga	antar lembaga
tokonya	toko nya
membanting	men banting
ditontonnya	di tonton nya
komedi	komedi
senior	senior
sebatas	se batas
mustahil	mustahil
pengelolanya	pen kelola nya
persahabatan	per sahabat an
kredibel	kredibel
putusan	putus an
tersendat	tersendat
takutkan	takut kan
lintas	lintas
kehendak	kehendak
pembatalannya	pen batal an nya
ternaknya	ternak nya
pelayan	pen layan
menggali	men gali
mengguncang	men guncang
jauhkan	jauh kan
memperlemah	men lemah
melipat	men lipat
mengendalikan	men kendali kan
dilupakan	di lupa kan
islam	islam
menimbang	men timbang
mencicipi	men cicip i
mengokohkan	men kokoh kan
kepalanya	kepala nya
menuntut	men tuntut
pelikan	pelik an
tumpangan	tumpang an
penerjemah	pen terjemah
merelokasikan	men relokasi kan
dipertahankan	di per tahan kan
gemuk	gemuk
berakal	ber akal
dekan	dek an
dilihat	di lihat
memukulnya	men pukul nya
teknisnya	teknis nya
erat	erat
institusi	institusi
jenderal	jenderal
ambisi	ambisi
pemisahan	pen pisah an
bakan	bak an
artian	arti an
seseorang	seseorang
menstimulasi	men stimulasi
dugaan	duga an
amandemen	amandemen
ukurannya	ukur an nya
tarif	tarif
pangeran	pangeran
menempuhnya	men tempuh nya
terjamin	ter jamin
sejumlah	se jumlah
pinjam	pinjam
pertanahan	per tanah an
penolakan	pen tolak an
atap	atap
dijadikannya	di jadi kan nya
mengakomodasi	men akomodasi
sibuk	sibuk
penanya	pen tanya
dipanggang	di panggang
melatihnya	men latih nya
menaruh	men taruh
mengusir	men usir
berinisiatif	ber inisiatif
galeri	galeri
berkhotbah	ber khotbah
menyapu	men sapu
memaksimalkan	men maksimal kan
lambannya	lamban nya
aksesibilitas	aksesibilitas
memandikan	men mandi kan
negosiasi	negosiasi
arti	arti
diatasnya	di atas nya
ratap	ratap
ungkapkan	ungkap kan
senapan	senapan
mengulangi	men ulang i
ludah	ludah
antikekerasan	anti ke keras an
pengamanan	pen aman an
bersantai	ber santai
juang	juang
menyalurkan	men salur kan
punggung	punggung
ampuh	ampuh
haknya	hak nya
ketidakmunculan	ke tidak muncul an
protes	protes
diterjang	di terjang
berternak	ber ternak
terbawah	ter bawah
pencegah	pen cegah
seusai	se usai
diluncurkan	di luncur kan
dijajaki	di jajak i
ketidakharmonisan	ke tidak harmonis an
penjaminan	pen jamin an
dipetik	di petik
jadwalnya	jadwal nya
diantar	di antar
melupakannya	men lupa kan nya
soda	soda
disebut	di sebut
cita	cita
legislasi	legislasi
memperlihatkan	men lihat kan
efektivitasnya	efektivitas nya
tampung	tampung
enggannya	enggan nya
baku	baku
mengalahkan	men kalah kan
pengobatan	pen obat an
bertuan	ber tuan
memujikan	men puji kan
perolehan	peroleh an
rasial	rasial
layaknya	layak nya
game	game
tokoh	tokoh
mempersoalkannya	men soal kan nya
moto	moto
sejalan	se jalan
ditempel	di tempel
visinya	visi nya
dipegang	di pegang
cepat	cepat
gelang	gelang
anunya	anu nya
menyusahkan	men susah kan
pulangnya	pulang nya
sindikat	sindikat
detik	detik
menaatinya	men taat i nya
usang	usang
bermusyawarah	ber musyawarah
mengartikan	men arti kan
wadah	wadah
bawa	bawa
menggunting	men gunting
bergejolak	ber gejolak
menyimaknya	men simak nya
ganti	ganti
tertib	tertib
pengendalian	pen kendali an
penghentian	pen henti an
memindahkan	men pindah kan
menghilang	men hilang
menjamurnya	men jamur nya
serigala	serigala
mati	mati
hariannya	hari an nya
sehat	sehat
dijabat	di jabat
penyadaran	pen sadar an
terperangkap	ter pen rangkap
enumerasinya	enumerasi nya
tampungnya	tampung nya
mewarisi	men waris i
pekerjanya	pekerja nya
dipikat	di pikat
menaikkan	men naik kan
mencemaskan	men cemas kan
nada	nada
merubuhkan	men rubuh kan
bermimpi	ber mimpi
memetakan	men peta kan
terkenal	ter kenal
seminggu	se minggu
dekonsentrasi	dekonsentrasi
didengungkan	di dengung kan
memeriksanya	men periksa nya
pelajar	pelajar
olah	olah
mempraktekkan	men praktek kan
protokol	protokol
orang	orang
ketidaklengkapan	ke tidak lengkap an
membawa	men bawa
selandia	selandia
mengatasi	men atas i
menyelenggarakannya	men selenggara kan nya
telanjang	telanjang
melompat	men lompat
menanganinya	men tangan i nya
dikonsumsi	di konsumsi
meneladani	men teladan i
ampas	ampas
komunikasi	komunikasi
jam	jam
bergemuruh	ber gemuruh
antarkelompok	antar kelompok
antarpulau	antar pulau
potong	potong
fluktuasi	fluktuasi
dianiaya	di aniaya
bersalin	ber salin
terbang	terbang
diadukan	di adu kan
media	media
melacak	men lacak
pengintai	pen intai
terpaksa	ter paksa
sebenarnya	se benar nya
melangsungkan	men langsung kan
berkunjung	ber kunjung
kliring	kliring
penebus	pen tebus
sederhanakan	sederhana kan
penghasilannya	pen hasil an nya
tumbuh	tumbuh
pengangsuran	pen angsur an
dipilih	di pilih
perbedaan	per beda an
antarjenis	antar jenis
dimasukkan	di masuk kan
terdalamnya	ter dalam nya
menyelidiki	men selidik i
diinterogasi	di interogasi
pengeluarannya	pen keluar an nya
berumput	ber rumput
sampingan	samping an
diperlebar	di per lebar
darahnya	darah nya
sesak	sesak
membuka	men buka
bergantian	ber ganti an
tabung	tabung
cuacanya	cuaca nya
berharap	ber harap
bergereja	ber gereja
memedulikan	men peduli kan
rak	rak
sinerginya	sinergi nya
ahlinya	ahli nya
darussalam	darussalam
penjangkauan	pen jangkau an
diklaim	di klaim
cermin	cermin
situasi	situasi
semang	semang
pengertian	pengertian
gantung	gantung
dikoordinasikan	di koordinasi kan
keharusan	ke harus an
wakili	wakil i
motif	motif
angkanya	angka nya
monitornya	monitor nya
pendanaannya	pen dana an nya
sejuk	sejuk
lautnya	laut nya
auditor	auditor
membesar	men besar
mengungsi	men ungsi
koreksi	koreksi
dikerahkan	di kerah kan
buaian	buai an
menghindarkan	men hindar kan
dibangku	di bangku
mengajukan	men aju kan
sumber	sumber
kalung	kalung
memberitahukan	men beritahu kan
menjenguk	men jenguk
dilimpahkan	di limpah kan
sumberdayanya	sumberdaya nya
komersial	komersial
minumannya	minum an nya
terdefinisi	ter definisi
mengkonsultasikannya	men konsultasi kan nya
struktur	struktur
bersembunyi	ber sembunyi
penanda	pen tanda
mengajari	men ajar i
pengawas	pen awas
diampuni	di ampun i
merumuskannya	men rumus kan nya
kotanya	kota nya
berjumpa	ber jumpa
hina	hina
menganjurkan	men anjur kan
pertandingan	per tanding an
ismail	ismail
bercampur	ber campur
meluluskan	men lulus kan
barisan	baris an
keran	keran
lemparan	lempar an
mendebarkan	men debar kan
bidang	bidang
disebutkan	di sebut kan
israel	israel
telaknya	telak nya
tersebarnya	ter sebar nya
daur	daur
kompromi	kompromi
berprinsip	ber prinsip
pengajar	pen ajar
kuno	kuno
melimpah	men limpah
mendaftarkannya	men daftar kan nya
mapannya	mapan nya
mendatangkan	men datang kan
berperingkat	ber peringkat
senang	senang
membekas	men bekas
mandi	mandi
kerinduan	ke rindu an
bertengkar	ber tengkar
deklarasi	deklarasi
menggoyang	men goyang
menjatuhi	men jatuh i
dibakar	di bakar
sombong	sombong
rehabilitasi	rehabilitasi
motonya	moto nya
mendoakan	men doa kan
rujukan	rujuk an
gading	gading
pengumpulan	pen kumpul an
menkeu	menkeu
mandiri	mandiri
pembukaan	pen buka an
berkoordinasi	ber koordinasi
menolak	men tolak
dirumahkan	di rumah kan
pengangguran	pen anggur an
udara	udara
menguat	men kuat
sosialnya	sosial nya
asin	asin
perputaran	per putar an
bimbang	bimbang
mendidik	men didik
usus	usus
rendahkan	rendah kan
menyikapi	men sikap i
iklan	iklan
aparatnya	aparat nya
mengemudi	men kemudi
wacana	wacana
memfotokopi	men fotokopi
mengadu	men adu
membutuhkannya	men butuh kan nya
dianutnya	di anut nya
jebakan	jebak an
pencapaiannya	pen capai an nya
halal	halal
semak	semak
mendaratkannya	men darat kan nya
mengadukan	men adu kan
berulang	ber ulang
subjektivitas	subjektivitas
kutub	kutub
turunnya	turun nya
penyinaran	pen sinar an
spanyol	spanyol
kiosnya	kios nya
bersifat	ber sifat
menganan	men kanan
produk	produk
beragi	ber ragi
mendominasi	men dominasi
anyaman	anyam an
fakta	fakta
menunggangi	men tunggang i
memperdalam	men dalam
membacanya	men baca nya
pembuatan	pen buat an
bacaan	baca an
kandang	kandang
tektonik	tektonik
sarana	sarana
sejawat	se jawat
batasan	batas an
menyengsarakan	men sengsara kan
pemilahan	pen pilah an
terasing	ter asing
ekstrim	ekstrim
oktober	oktober
terjual	ter jual
bernomor	ber nomor
daratannya	darat an nya
membahu	men bahu
soalnya	soal nya
merakit	men rakit
ringkasan	ringkas an
retribusinya	retribusi nya
saudaranya	saudara nya
mengasihi	men kasih i
penyelang	pen selang
gumpalan	gumpal an
dilantunkan	di lantun kan
dikontrak	di kontrak
setangkai	se tangkai
belikan	beli kan
sepenting	se penting
serakah	serakah
azas	azas
pembayar	pen bayar
dimanipulasi	di manipulasi
hanyut	hanyut
menyebarnya	men sebar nya
memakainya	men pakai nya
konsolidasi	konsolidasi
diperkenalkannya	di per kenal kan nya
memperbincangkan	men bincang kan
diulas	di ulas
terbantu	ter bantu
tersiar	ter siar
pelelangan	pen lelang an
antarpemangku	antar pen pangku
menjelaskan	men jelas kan
dibiarkan	di biar kan
penambah	pen tambah
disalib	di salib
perkelahian	per kelahi an
memberatkan	men berat kan
berdurasi	ber durasi
pertokoan	per toko an
penjala	pen jala
dihancurkan	di hancur kan
asli	asli
pembelajaran	pen belajar an
tindak	tindak
berjabat	ber jabat
fosil	fosil
bawaan	bawa an
memahaminya	men paham i nya
ditemani	di teman i
semprot	semprot
divonis	di vonis
berkendaraan	ber kendara an
anonim	anonim
bermutu	ber mutu
melekatnya	men lekat nya
sampannya	sampan nya
mertua	mertua
konkret	konkret
menghilangnya	men hilang nya
pencemaran	pen cemar an
diteruskan	di terus kan
terhambatnya	ter hambat nya
termulia	ter mulia
surut	surut
dicontohkan	di contoh kan
kebal	kebal
sirkuit	sirkuit
terakhir	ter akhir
perintah	perintah
sekelompok	se kelompok
perceraiannya	per cerai an nya
patah	patah
merayakannya	men raya kan nya
ketinggalan	ke tinggal an
diperpanjang	di per panjang
tersalurkan	ter salur kan
memeliharaku	men pelihara aku
nasionalnya	nasional nya
tentara	tentara
pemberangkatannya	pen berangkat an nya
fiskal	fiskal
berdosa	ber dosa
operasional	operasional
jadwal	jadwal
berpenghasilan	ber pen hasil an
mengkompromikan	men kompromi kan
ditanggulangi	di tanggulang i
disajikan	di saji kan
sukacitanya	sukacita nya
kedudukan	ke duduk an
dicanangkan	di canang kan
tajamnya	tajam nya
menggolongkan	men golong kan
ulama	ulama
dipantau	di pantau
persalinan	per salin an
dibatasi	di batas i
gantinya	ganti nya
akibatkan	akibat kan
menggiring	men giring
infrastruktur	infrastruktur
pengiriman	pen kirim an
jiwaku	jiwa aku
bobotnya	bobot nya
diterapkan	di terap kan
kumuh	kumuh
tertunda	ter tunda
menghadap	men hadap
mendinginkan	men dingin kan
agresif	agresif
membimbing	men bimbing
lunak	lunak
otoritasnya	otoritas nya
menamakan	men nama kan
mendekat	men dekat
diwarisi	di waris i
gosip	gosip
menebang	men tebang
berjubahkan	ber jubah kan
terowongan	terowongan
akuratnya	akurat nya
antipesawat	anti pesawat
dipertanyakan	di per tanya kan
dengarkan	dengar kan
antardesa	antar desa
dikaji	di kaji
meminjamnya	men pinjam nya
bantahan	bantah an
mencukupinya	men cukup i nya
rindu	rindu
sumbangan	sumbang an
dipertanggungjawabkan	di per tanggungjawab kan
tuju	tuju
standarisasi	standarisasi
mentargetkan	men target kan
listrik	listrik
melanggar	men langgar
delegasi	delegasi
dilengkapi	di lengkap i
bayangkan	bayang kan
dianut	di anut
konfrontasi	konfrontasi
memperingatkan	men ingat kan
ucapannya	ucap an nya
menggerakkan	men gerak kan
dikontrakkan	di kontrak kan
diam	diam
penuntun	pen tuntun
sejam	se jam
menua	men tua
jalinan	jalin an
menjala	men jala
terpenjara	ter penjara
disuapi	di suap i
difasilitasi	di fasilitas i
tabrakan	tabrak an
terpancar	ter pancar
bersantap	ber santap
berperang	ber perang
penjamuran	pen jamur an
konstitusi	konstitusi
melayani	men layan i
akal	akal
pungut	pungut
kuotanya	kuota nya
ibadah	ibadah
cukupi	cukup i
rintangan	rintang an
murka	murka
menggosokkan	men gosok kan
semenit	se menit
infeksi	infeksi
dibagikan	di bagi kan
penggelembungan	pen gelembung an
penggundulan	pen gundul an
diunggah	di unggah
disebarluaskan	di sebarluas kan
mengimpor	men impor
curah	curah
memayungi	men payung i
menyumbang	men sumbang
serikat	serikat
direkapitulasi	di rekapitulasi
malapetaka	malapetaka
keperluan	ke perlu an
atom	atom
politiknya	politik nya
pertolongannya	per tolong an nya
ranjang	ranjang
urbanisasi	urbanisasi
kuantitas	kuantitas
melanjutkannya	men lanjut kan nya
diperlunak	di per lunak
disisi	di sisi
menuntun	men tuntun
tundukkan	tunduk kan
rohani	rohani
manajerial	manajerial
menggunakannya	men guna kan nya
selidiki	selidik i
tindihnya	tindih nya
kerinduannya	ke rindu an nya
partisipasi	partisipasi
realis	realis
balistik	balistik
kanwil	kanwil
bikin	bikin
parahnya	parah nya
tercetak	ter cetak
seleksi	seleksi
mandat	mandat
mencerahkan	men cerah kan
dipatok	di patok
halaman	halaman
mengikutinya	men ikut i nya
doktor	doktor
berfluktuasi	ber fluktuasi
terlindungi	ter lindung i
cairan	cair an
berpraktik	ber praktik
lahirnya	lahir nya
jawabku	jawab ku
perpustakaan	perpustakaan
sedekahmu	sedekah mu
eceran	ecer an
digabungkan	di gabung kan
rintangannya	rintang an nya
dikawal	di kawal
mengembalikan	men kembali kan
mengusulkan	men usul kan
lobi	lobi
menangi	menang i
direkomendasikan	di rekomendasi kan
tabungan	tabung an
sulitnya	sulit nya
pacarku	pacar ku
bermalam	ber malam
beranggaran	ber anggar an
tunggu	tunggu
judul	judul
berhak	ber hak
pembebanan	pen beban an
efektivitas	efektivitas
menelan	men telan
ragi	ragi
kuatkan	kuat kan
menabur	men tabur
tertutupi	ter tutup i
pencinta	pen cinta
rekaman	rekam an
merangkul	men rangkul
dibuktikan	di bukti kan
mensyukuri	men syukuri
sesignifikan	se signifikan
ketidaksetaraan	ke tidak setara an
mendakwa	men dakwa
pemeta	pen peta
jalar	jalar
prosedur	prosedur
mempromosikan	men promosi kan
menyiasatinya	men siasat i nya
diciptakannya	di cipta kan nya
melanggarnya	men langgar nya
kawannya	kawan nya
dibunuh	di bunuh
diangkat	di angkat
komersialnya	komersial nya
penyelesaiannya	pen selesai an nya
pelapor	pen lapor
busuknya	busuk nya
mendekati	men dekat i
bercocok	ber cocok
diadopsi	di adopsi
armada	armada
menyiapkan	men siap kan
tikar	tikar
diukir	di ukir
pemogokan	pen mogok an
dilacak	di lacak
united	united
almamaternya	almamater nya
percetakan	per cetak an
uang	uang
perbincangan	per bincang an
berupaya	ber upaya
memasang	men pasang
institusinya	institusi nya
pemburu	pen buru
dahsyat	dahsyat
kesehariannya	keseharian nya
etis	etis
ubah	ubah
kemunduran	ke mundur an
doaku	doa aku
masai	masa i
sebisa	se bisa
petani	petani
mengutus	men utus
direvisi	di revisi
perpisahan	per pisah an
antarkeluarga	antar keluarga
diperlukan	di perlu kan
ajaib	ajaib
sangkut	sangkut
menjaganya	men jaga nya
minimum	minimum
teroris	teroris
pendekatannya	pen dekat an nya
terpolusi	ter polusi
olokan	olok an
saljumu	salju mu
berwilayah	ber wilayah
pemenuhan	pen penuh an
keseharian	keseharian
melemahnya	men lemah nya
penyembah	pen sembah
sebaik	se baik
reputasi	reputasi
disembelih	di sembelih
hadirnya	hadir nya
waktunya	waktu nya
disenangi	di senang i
pembalasan	pen balas an
pembahas	pen bahas
dikenai	di kena i
menonjolkan	men tonjol kan
kesannya	kesan nya
menyedihkan	men sedih kan
pastikan	pasti kan
perobohan	pen roboh an
eternit	eternit
didaftarkan	di daftar kan
meminimalkan	men minimal kan
statusnya	status nya
sebangsaku	se bangsa aku
kembalikan	kembali kan
kompleksnya	kompleks nya
dinormalkan	di normal kan
pengarah	pen arah
pelataran	pen latar an
dipermainkan	di per main kan
mengisolasi	men isolasi
defisit	defisit
isterinya	isteri nya
dilarang	di larang
lantunan	lantun an
tertawaan	ter tawa an
terjembatani	ter jembatan i
negaranya	negara nya
dikurung	di kurung
salinannya	salin an nya
netral	netral
mematikan	men mati kan
banjir	banjir
kebutuhan	ke butuh an
terakomodasi	ter akomodasi
seporsi	se porsi
penyembahan	pen sembah an
diembankan	di emban kan
menggapai	men gapai
disatukan	di satu kan
ditusuk	di tusuk
dipelihara	di pelihara
diorganisasi	di organisasi
pengepungan	pen kepung an
berprasangka	ber prasangka
bulanannya	bulan an nya
mewawancarainya	men wawancara i nya
orientasi	orientasi
tampaknya	tampak nya
ruang	ruang
cerai	cerai
mahkamah	mahkamah
asal	asal
kutempatkan	ku tempat kan
hatimu	hati mu
pikiranmu	pikir an mu
diterbitkannya	di terbit kan nya
belanjanya	belanja nya
dibentuk	di bentuk
kecilnya	kecil nya
kemukakan	kemuka kan
saji	saji
intelektual	intelektual
menggandakan	men ganda kan
koordinator	koordinator
dikasihi	di kasih i
mengikatnya	men ikat nya
minimalnya	minimal nya
kabarkan	kabar kan
bangunannya	bangun an nya
memperkenankan	men kenan kan
periksa	periksa
akademik	akademik
ketimun	ketimun
antarbidang	antar bidang
terserang	ter serang
meminjam	men pinjam
tengahnya	tengah nya
meraup	men raup
badak	badak
dikonfirmasi	di konfirmasi
sabar	sabar
panggang	panggang
privasinya	privasi nya
remaja	remaja
kampus	kampus
pemeran	pen peran
buntu	buntu
dimasukinya	di masuk i nya
getah	getah
olimpiade	olimpiade
mengeluarkan	men keluar kan
penyeleksian	pen seleksi an
realitas	realitas
terperinci	ter pen rinci
memadainya	memadai nya
fakir	fakir
bakar	bakar
waduk	waduk
mempertegas	men tegas
pemberontak	pen berontak
sumatera	sumatera
kelapanya	kelapa nya
sumbangannya	sumbang an nya
mengurusi	men urus i
datangnya	datang nya
independent	independent
menentukan	men tentu kan
pemangku	pen pangku
bernoda	ber noda
hatinya	hati nya
mengisahkan	men kisah kan
abstrak	abstrak
kualitas	kualitas
kamp	kamp
antargereja	antar gereja
komprehensif	komprehensif
pejabat	pejabat
wibawa	wibawa
dibenahi	di benah i
cerita	cerita
apatis	apatis
memprediksi	men prediksi
berdampaknya	ber dampak nya
wangi	wangi
ceroboh	ceroboh
direktur	direktur
aduannya	adu an nya
sholat	sholat
sisanya	sisa nya
debutnya	debut nya
badannya	badan nya
memerdekakan	men merdeka kan
indahnya	indah nya
tata	tata
umurku	umur ku
durian	duri an
pergantian	per ganti an
mendiskusikan	men diskusi kan
neraka	neraka
kristen	kristen
dibariskan	di baris kan
pesawatnya	pesawat nya
pengalih	pen alih
dipilah	di pilah
berhutang	ber hutang
bersamaku	ber sama aku
mengirimi	men kirim i
prasangka	prasangka
kebungkaman	ke bungkam an
terbitnya	terbit nya
mencintaiku	men cinta i ku
dikorbankan	di korban kan
persoalannya	per soal an nya
terpanggil	ter panggil
seiring	seiring
menggadai	men gadai
pedoman	pedoman
melunasinya	men lunas i nya
pemuji	pen puji
penggerak	pen gerak
pekerjaanku	pekerja an ku
pembebasan	pen bebas an
pinjaman	pinjam an
triwulanannya	triwulan an nya
naiknya	naik nya
dokumen	dokumen
maraton	maraton
terhormat	ter hormat
noda	noda
diikutinya	di ikut i nya
penebusan	pen tebus an
perusahaannya	per usaha an nya
penggantian	pen ganti an
mengkombinasikan	men kombinasi kan
misalnya	misal nya
bersengketa	ber sengketa
bergegas	ber gegas
terpecahkan	ter pecah kan
berpakaian	ber pakai an
selusin	se lusin
konstan	konstan
kalanya	kala nya
melindungi	men lindung i
dikelola	di kelola
urut	urut
pemerintahannya	pen perintah an nya
karyawan	karya wan
skema	skema
penjahat	pen jahat
gereja	gereja
mengelolanya	men kelola nya
menyalurkannya	men salur kan nya
ramping	ramping
didokumentasikan	di dokumentasi kan
disebutnya	di sebut nya
berkeyakinan	ber ke yakin an
dikehendaki	di kehendak i
takuti	takut i
bungkus	bungkus
rate	rate
berkekurangan	ber ke kurang an
akuntabilitas	akuntabilitas
penarikan	pen tarik an
dikemas	di kemas
mencari	men cari
hungaria	hungaria
tema	tema
perairan	per air an
gelora	gelora
mempersembahkan	men sembah kan
mengajarku	men ajar ku
tumbuhnya	tumbuh nya
ayat	ayat
melawannya	men lawan nya
ditinggalkannya	di tinggal kan nya
benua	benua
gayanya	gaya nya
nuraninya	nurani nya
menggembirakan	men gembira kan
habis	habis
tenaga	tenaga
menggalang	men galang
eksekusinya	eksekusi nya
prestise	prestise
skalanya	skala nya
mereproduksinya	men reproduksi nya
dicicil	di cicil
legenda	legenda
olahan	olah an
agroindustri	agroindustri
celaka	celaka
beda	beda
apresiasi	apresiasi
memperbaikinya	men baik i nya
berorang	ber orang
pendesentralisasian	pen desentralisasi an
mengkhususkan	men khusus kan
talentanya	talenta nya
negarawan	negara wan
respons	respons
menampilkan	men tampil kan
interaksi	interaksi
zaman	zaman
tropis	tropis
pengasingan	pen asing an
instruksi	instruksi
proporsinya	proporsi nya
awet	awet
larut	larut
diberatkan	di berat kan
terawat	ter rawat
mengkomunikasikan	men komunikasi kan
aktif	aktif
gugup	gugup
penyayang	pen sayang
mengikutkan	men ikut kan
melintasi	men lintas i
studinya	studi nya
talenta	talenta
terlantar	terlantar
mencatatkan	men catat kan
membiarkan	men biar kan
indikator	indikator
radio	radio
santrinya	santri nya
perbaikan	per baik an
dirjen	dirjen
diredupkan	di redup kan
efisiennya	efisien nya
diasosiasikan	di asosiasi kan
pers	pers
resah	resah
melukainya	men luka i nya
memiliki	men milik i
terpinggir	ter pinggir
sepihak	se pihak
gugat	gugat
tertata	ter tata
berkeramik	ber keramik
loncatan	loncat an
tenaganya	tenaga nya
asteroid	asteroid
lulus	lulus
tetangganya	tetangga nya
kumuhnya	kumuh nya
dukung	dukung
menuruni	men turun i
antarkuota	antar kuota
rumput	rumput
pendampingan	pen damping an
validitas	validitas
mengucap	men ucap
firdaus	firdaus
globalisasi	globalisasi
kuil	kuil
cuma	cuma
penambahan	pen tambah an
sulaman	sulam an
panci	panci
mendesaknya	men desak nya
kaca	kaca
keikutsertaan	ke ikutserta an
penanaman	pen tanam an
pasangannya	pasang an nya
longsor	longsor
hapus	hapus
dipuji	di puji
bahan	bah an
terpaut	ter paut
mengangkatnya	men angkat nya
berpengaruh	ber pengaruh
analisisnya	analisis nya
mengakhiri	men akhir i
peningkatan	pen tingkat an
memberinya	men beri nya
studi	studi
dekat	dekat
mengantri	men antri
ketidakterbukaan	ke tidak terbuka an
penuntutan	pen tuntut an
mencurangi	men curang i
berbincang	ber bincang
penderitaannya	pen derita an nya
menang	menang
bekas	bekas
dikembalikan	di kembali kan
kontroversi	kontroversi
antardaerah	antar daerah
memformatnya	men format nya
ditimbulkan	di timbul kan
katalog	katalog
penakut	pen takut
ambulan	ambulan
distorsi	distorsi
spesialis	spesialis
anehnya	aneh nya
mengumumkan	men umum kan
memperketat	men ketat
terdapat	ter dapat
memarkir	men parkir
bermain	ber main
diucapkan	di ucap kan
mengolah	men olah
waktu	waktu
pembatas	pen batas
penjagaan	pen jaga an
tindakannya	tindak an nya
mengadakan	men ada kan
debiturnya	debitur nya
bermasyarakat	ber masyarakat
pemangkasan	pen pangkas an
cintanya	cinta nya
jiwanya	jiwa nya
mengasari	men kasar i
ibukota	ibukota
pengembaraan	pen kembara an
dicegat	di cegat
jangkauannya	jangkau an nya
pemberantasan	pen berantas an
direndahkan	di rendah kan
memisahkan	men pisah kan
berbahasa	ber bahasa
penutupnya	pen tutup nya
tutur	tutur
provinsi	provinsi
internal	internal
tangkapan	tangkap an
memenuhi	men penuh i
perlintasan	per lintas an
bervariasinya	ber variasi nya
memenangi	men menang i
gizi	gizi
mempertaruhkan	men taruh kan
indikasinya	indikasi nya
menyetorkan	men setor kan
menyinggung	men singgung
mertuanya	mertua nya
internet	internet
kesan	kesan
penjelasan	pen jelas an
renovasinya	renovasi nya
corak	corak
belajar	belajar
diadakannya	di ada kan nya
bersalah	ber salah
terlembagakan	ter lembaga kan
memilihnya	men pilih nya
mencela	men cela
memotret	men potret
pautnya	paut nya
dihilangkan	di hilang kan
berpihak	ber pihak
menunggunya	men tunggu nya
menyebabkannya	men sebab kan nya
memikirkannya	men pikir kan nya
mengedipkan	men kedip kan
mengelompokkannya	men kelompok kan nya
dipimpin	di pimpin
pengusahaan	pen usaha an
lambai	lambai
membidangi	men bidang i
penagih	pen tagih
merekatkan	men rekat kan
menguntungkan	men untung kan
bermaksud	ber maksud
penghormatan	pen hormat an
tunjukkan	tunjuk kan
menahan	men tahan
bertingkat	ber tingkat
ketidaksuburan	ke tidak subur an
memeriksakan	men periksa kan
penelitian	pen teliti an
rasuli	rasul i
sekehendaknya	se kehendak nya
unggulan	unggul an
menyelamatkannya	men selamat kan nya
aparatur	aparatur
memicu	men picu
sendirinya	sendiri nya
peta	peta
mempercayainya	men percaya i nya
dagang	dagang
solusinya	solusi nya
medis	medis
denpasar	denpasar
bedanya	beda nya
dipastikan	di pasti kan
memuat	men muat
metode	metode
pabrik	pabrik
jala	jala
berteriak	ber teriak
kain	kain
utusan	utus an
kami	kami
menyampaikan	men sampai kan
dikoordinasi	di koordinasi
adaptasi	adaptasi
menggelisahkan	men gelisah kan
kupon	kupon
mengarah	men arah
komoditasnya	komoditas nya
duga	duga
perlengkapan	per lengkap an
memekakkan	men pekak kan
perabotan	perabot an
tahan	tahan
lensa	lensa
makamnya	makam nya
mendatangi	men datang i
pendeta	pendeta
menuduh	men tuduh
membahas	men bahas
jajaran	jajar an
penugasan	pen tugas an
terencana	ter rencana
moyang	moyang
mengevaluasi	men evaluasi
relevan	relevan
menyalahi	men salah i
jajak	jajak
perindustrian	per industri an
emosionalnya	emosional nya
penjaja	pen jaja
model	model
menurunkan	men turun kan
mengajarkannya	men ajar kan nya
asalan	asal an
komandannya	komandan nya
kendalikan	kendali kan
meluas	men luas
asramanya	asrama nya
secepatnya	se cepat nya
bingung	bingung
kembali	kembali
tunggal	tunggal
tahunan	tahun an
olahraga	olahraga
baru	baru
alumni	alumni
pendokumentasian	pen dokumentasi an
mengelompokkan	men kelompok kan
bandung	bandung
berputar	ber putar
membaca	men baca
dewan	dewan
sabet	sabet
memilihkan	men pilih kan
eksperimen	eksperimen
tebang	tebang
berfungsi	ber fungsi
peralihan	per alih an
pesatnya	pesat nya
revolusi	revolusi
pengrusakan	pen rusak an
cemas	cemas
dihapuskan	di hapus kan
banyak	banyak
penyemprot	pen semprot
tergusur	ter gusur
gelandang	gelandang
menyingkirkan	men singkir kan
penjabaran	pen jabar an
menyederhanakannya	men sederhana kan nya
lokalnya	lokal nya
mencerminkan	men cermin kan
teguran	tegur an
pelaksanaannya	pen laksana an nya
pasukan	pasukan
sumur	sumur
makanan	makan an
bertalian	ber tali an
memihak	men pihak
perbukitan	per bukit an
minimnya	minim nya
raksasa	raksasa
stempel	stempel
bergurau	ber gurau
mengingkari	men ingkar i
memperbudak	men budak
terstruktur	ter struktur
traktor	traktor
terinformasi	ter informasi
logika	logika
volume	volume
penipu	pen tipu
dilemahkan	di lemah kan
mengesampingkan	men kesamping kan
menggelitik	men gelitik
terheran	ter heran
pendamping	pen damping
lebih	lebih
potret	potret
hargai	harga i
uangnya	uang nya
kekalnya	kekal nya
dijumlahkan	di jumlah kan
cocok	cocok
sayangnya	sayang nya
dicurahkannya	di curah kan nya
memprosesnya	men proses nya
terdiri	ter diri
lipat	lipat
wewenang	wewenang
atmosfir	atmosfir
sulam	sulam
ditumpuk	di tumpuk
rambutmu	rambut mu
desember	desember
kalimat	kalimat
gerbang	gerbang
terseret	ter seret
reproduksi	reproduksi
disisipkan	di sisip kan
pinang	pinang
perhatikan	perhatikan
komitmen	komitmen
ditelan	di telan
berlatih	ber latih
pembibitan	pen bibit an
instalasi	instalasi
pelestarian	pen lestari an
bersepakat	ber sepakat
menindaklanjutinya	men tindaklanjut i nya
sehebat	se hebat
klasik	klasik
pasca	pasca
pengkaji	pen kaji
penurunan	pen turun an
gunting	gunting
mengacu	men acu
memukau	men pukau
menebus	men tebus
dikucilkan	di kucil kan
mengasumsikan	men asumsi kan
memanen	men panen
sebaiknya	se baik nya
terinspirasi	ter inspirasi
mengusulkannya	men usul kan nya
tamu	tamu
tandai	tanda i
bersemangat	ber semangat
adu	adu
tas	tas
deskripsi	deskripsi
ranting	ranting
utang	utang
mengaburkan	men kabur kan
memanjatkan	men panjat kan
kerumunan	kerumun an
biskuit	biskuit
penindakan	pen tindak an
membolehkan	men boleh kan
membelakangi	men belakang i
pergelangan	per gelang an
layang	layang
menuding	men tuding
menggulirkan	men gulir kan
kas	kas
mangsanya	mangsa nya
kreatif	kreatif
umpan	umpan
dirancang	di rancang
angkatan	angkat an
pertambahan	per tambah an
perjamuan	per jamu an
ditayangkan	di tayang kan
penuh	penuh
menggarisbawahi	men garisbawah i
sampah	sampah
membela	men bela
menyelaraskan	men selaras kan
omzetnya	omzet nya
penengah	pen tengah
bantal	bantal
berdomisili	ber domisili
komentar	komentar
perburuan	per buru an
disiarkan	di siar kan
opini	opini
patuh	patuh
radikal	radikal
timbangan	timbang an
dicabut	di cabut
kipas	kipas
tempatmu	tempat mu
mendirikannya	men diri kan nya
berkondisi	ber kondisi
kubur	kubur
opsi	opsi
jutaan	juta an
turki	turki
pengucuran	pen kucur an
kluster	kluster
dimaksimalkan	di maksimal kan
terpasang	ter pasang
bergantung	ber gantung
melengkapi	men lengkap i
pundi	pundi
penyediaan	pen sedia an
teologi	teologi
capaiannya	capai an nya
digandakan	di ganda kan
acuan	acu an
diusulkan	di usul kan
yakinkan	yakin kan
bergumul	ber gumul
menyembur	men sembur
mengalokasikan	men alokasi kan
perampok	pen rampok
menghargai	men harga i
menggagalkan	men gagal kan
bentukan	bentuk an
menggulung	men gulung
bunuh	bunuh
bobrok	bobrok
jasa	jasa
persentase	persentase
april	april
murah	murah
legal	legal
kebangkitan	ke bangkit an
piutang	piutang
tangkai	tangkai
berkeinginan	ber ke ingin an
jatahnya	jatah nya
fungsinya	fungsi nya
disodorkan	di sodor kan
prospek	prospek
pihaknya	pihak nya
sesuainya	sesuai nya
jenis	jenis
pengetahuannya	pengetahuan nya
berobatnya	ber obat nya
merebut	men rebut
melebur	men lebur
pedihnya	pedih nya
jantungnya	jantung nya
dihubungi	di hubung i
pembelian	pen beli an
penjembatanan	pen jembatan an
menikahi	men nikah i
kusampaikan	ku sampai kan
berhenti	ber henti
mencicil	men cicil
jelas	jelas
menggenggam	men genggam
dinas	dinas
tua	tua
bekerja	bekerja
pakai	pakai
dalih	dalih
dimakamkan	di makam kan
definisinya	definisi nya
penggunaannya	pen guna an nya
ketidaktaatan	ke tidak taat an
piranti	piranti
pendahulu	pendahulu
perizinan	per izin an
batal	batal
kalifornia	kalifornia
budaya	budaya
dindingnya	dinding nya
ular	ular
asean	asean
dicoret	di coret
digembalakan	di gembala kan
berkarya	ber karya
antardesanya	antar desa nya
logo	logo
saudaramu	saudara mu
terpuruk	ter puruk
melontarkan	men lontar kan
mengkhianati	men khianat i
dialihkan	di alih kan
penggolongan	pen golong an
penguburan	pen kubur an
objek	objek
plastik	plastik
ditabung	di tabung
bertanah	ber tanah
komunitasnya	komunitas nya
senjatanya	senjata nya
diwawancara	di wawancara
lawatan	lawatan
penargetannya	pen target an nya
gali	gali
penghitungan	pen hitung an
kendalanya	kendala nya
bergemar	ber gemar
menanggulanginya	men tanggulang i nya
penggugat	pen gugat
minum	minum
mengabari	men kabar i
etnik	etnik
akibatnya	akibat nya
as	as
operator	operator
meredakan	men reda kan
komite	komite
dihibur	di hibur
hartanya	harta nya
asisten	asisten
ofensif	ofensif
siswa	siswa
tungkunya	tungku nya
kelompoknya	kelompok nya
profil	profil
panggung	panggung
departemen	departemen
disimpulkan	di simpul kan
ditoleransi	di toleransi
penghulu	pen hulu
menaati	men taat i
mengejar	men kejar
pasarnya	pasar nya
raih	raih
martabat	martabat
pemetaan	pen peta an
antarwaktu	antar waktu
berkesimpulan	ber ke simpul an
mampukan	mampu kan
dagangan	dagang an
permusuhan	per musuh an
pengorbanannya	pen korban an nya
antarindustri	antar industri
disalahgunakan	di salahguna kan
seutuhnya	se utuh nya
nomor	nomor
sel	sel
ditulis	di tulis
datang	datang
terkoordinasi	ter koordinasi
pelik	pelik
mencekik	men cekik
rona	rona
puluhan	puluh an
tergolong	ter golong
terpahat	ter pahat
gelas	gelas
pigmen	pigmen
sekolahan	sekolah an
bersenjatakan	ber senjata kan
merumuskan	men rumus kan
ajar	ajar
diagram	diagram
didominasi	di dominasi
menyusul	men susul
omongan	omong an
dipungut	di pungut
hayati	hayat i
ditunda	di tunda
jarangnya	jarang nya
menenun	men tenun
membebani	men beban i
merealisasikannya	men realisasi kan nya
menyeimbangkan	men seimbang kan
belakang	belakang
kupas	kupas
kurungan	kurung an
bernuansa	ber nuansa
tertimpa	ter timpa
kotor	kotor
pemahaman	pen paham an
berlumur	ber lumur
selengkap	se lengkap
busana	busana
pertumbuhannya	per tumbuh an nya
tempuhnya	tempuh nya
dilabuhkan	di labuh kan
dipergunakan	di per guna kan
penuturan	pen tutur an
berhala	berhala
digital	digital
dipandu	di pandu
disapa	di sapa
jadwalku	jadwal ku
lahir	lahir
berpindahnya	ber pindah nya
mesir	mesir
perguliran	per gulir an
deposito	deposito
mempersulit	men sulit
juri	juri
merealisasikan	men realisasi kan
iblis	iblis
aksesnya	akses nya
dipilihkan	di pilih kan
kategorisasi	kategorisasi
turunan	turun an
bersukacita	ber sukacita
dramatis	dramatis
dipajang	di pajang
setapak	se tapak
melonjaknya	men lonjak nya
tepian	tepi an
memaksa	men paksa
ingatannya	ingat an nya
antarpengurus	antar pen urus
bentuknya	bentuk nya
diajak	di ajak
kokpitnya	kokpit nya
disidang	di sidang
belakangmu	belakang mu
bertumpuk	ber tumpuk
subur	subur
dicerminkan	di cermin kan
memikirkan	men pikir kan
mempersingkat	men singkat
awalnya	awal nya
perbelanjaan	per belanja an
simbol	simbol
tangganya	tangga nya
misteri	misteri
warisnya	waris nya
dirinci	di rinci
mendasarkan	men dasar kan
rangkap	rangkap
dibabat	di babat
digabung	di gabung
pipa	pipa
mendapatkannya	men dapat kan nya
mendamaikan	men damai kan
diurut	di urut
terhilang	ter hilang
ditandai	di tanda i
distrik	distrik
cuaca	cuaca
suku	suku
menyelamatkan	men selamat kan
penenun	pen tenun
suratnya	surat nya
realisasi	realisasi
bagiannya	bagi an nya
memindai	men pindai
memandang	men pandang
pengurusan	pen urus an
dikeluarkan	di keluar kan
dihina	di hina
warnanya	warna nya
wiraswasta	wiraswasta
unit	unit
hilangnya	hilang nya
jatah	jatah
penegakan	pen tegak an
melaluinya	men lalu i nya
sintesis	sintesis
sampaikan	sampai kan
fisika	fisika
dilewati	di lewat i
musuhmu	musuh mu
dikoordinir	di koordinir
bermitra	ber mitra
jumlahnya	jumlah nya
menyebrangi	men sebrang i
layanan	layan an
raja	raja
menguburkan	men kubur kan
tanamkan	tanam kan
cadangan	cadang an
sains	sains
perdagangannya	per dagang an nya
melatarbelakanginya	men latarbelakang i nya
kabul	kabul
terinfeksi	ter infeksi
memamerkannya	men pamer kan nya
pendata	pen data
kemunculannya	ke muncul an nya
bergelar	ber gelar
penggemar	pen gemar
menyayangkan	men sayang kan
pertunjukannya	per tunjuk an nya
dokumentasi	dokumentasi
penting	penting
medalinya	medali nya
mengabaikannya	men abai kan nya
rancu	rancu
berasumsi	ber asumsi
mayoritas	mayoritas
tekanan	tekan an
menolaknya	men tolak nya
berbau	ber bau
menyerupai	men serupa i
hiburan	hibur an
disimpulkannya	di simpul kan nya
pangkuannya	pangku an nya
pujian	puji an
hidung	hidung
menumpang	men tumpang
paduan	padu an
bergema	ber gema
keinginan	ke ingin an
pengairan	pen air an
menumpasnya	men tumpas nya
bergunanya	ber guna nya
menamai	men nama i
ditinggal	di tinggal
tidurku	tidur ku
bawang	bawang
mempermudah	men mudah
diberi	di beri
berkawan	ber kawan
perikanan	per ikan an
intim	intim
suruh	suruh
rusaknya	rusak nya
baris	baris
abad	abad
memedihkan	men pedih kan
korban	korban
kuduskan	kudus kan
bergulingan	ber guling an
musium	musium
manis	manis
bocor	bocor
skemanya	skema nya
keledai	keledai
difoto	di foto
pemilik	pen milik
didalamnya	di dalam nya
dikatakan	di kata kan
memajukan	men maju kan
tertolong	ter tolong
kuabaikan	ku abai kan
takutnya	takut nya
gaji	gaji
berjarak	ber jarak
sedarah	se darah
hebatnya	hebat nya
pria	pria
difungsikan	di fungsi kan
pelemparan	pen lempar an
dunianya	dunia nya
ratu	ratu
mekanis	mekanis
pemeriksaan	pen periksa an
menentang	men tentang
rutinitasnya	rutinitas nya
diasingkan	di asing kan
takhta	takhta
web	web
peminat	pen minat
selayaknya	se layak nya
pandu	pandu
diikat	di ikat
mengamankan	men aman kan
tereliminasi	ter eliminasi
pendalaman	pen dalam an
bertekun	ber tekun
tersalib	ter salib
bersaudara	ber saudara
hutan	hutan
terperhatikan	ter perhatikan
purba	purba
pengering	pen kering
bercahaya	ber cahaya
peraga	pen raga
penularan	pen tular an
lunturnya	luntur nya
lucunya	lucu nya
antrinya	antri nya
dicetak	di cetak
ketidakadaan	ke tidak ada an
berkumpul	ber kumpul
termahal	ter mahal
diadili	di adil i
sambungan	sambung an
diwakilkan	di wakil kan
mengejek	men ejek
didenda	di denda
anjurkan	anjur kan
diaplikasikan	di aplikasi kan
lanjuti	lanjut i
lupakan	lupa kan
kabut	kabut
payudara	payudara
melewatkan	men lewat kan
laporan	lapor an
dihasilkan	di hasil kan
kusebut	ku sebut
ditabur	di tabur
habitat	habitat
mil	mil
konsensus	konsensus
memberkati	men berkat i
menetapkan	men tetap kan
ancaman	ancam an
terdidik	ter didik
bervariasi	ber variasi
bersandar	ber sandar
permata	permata
pencukur	pen cukur
pengumuman	pen umum an
ditangkap	di tangkap
terpandang	ter pandang
mengingat	men ingat
menceritakannya	men cerita kan nya
terlupakan	ter lupa kan
penekan	pen tekan
jurnalnya	jurnal nya
menanamkan	men tanam kan
peredaran	per edar an
filipina	filipina
pembeda	pen beda
diincar	di incar
penyuluhan	pen suluh an
penerimaannya	pen terima an nya
hakekat	hakekat
premi	premi
prinsipnya	prinsip nya
memerankan	men peran kan
urusan	urus an
sepeda	sepeda
terberat	ter berat
memperebutkan	men rebut kan
dinasnya	dinas nya
kiriman	kirim an
menyusui	men susu i
babakan	babak an
menyiangi	men siang i
bima	bima
diungkap	di ungkap
berdialog	ber dialog
mendelegasikan	men delegasi kan
mencalonkan	men calon kan
diingatkan	di ingat kan
langganan	langgan an
mengaktifkannya	men aktif kan nya
dilihatnya	di lihat nya
menginspirasi	men inspirasi
diagnosanya	nyagnosa nya
perburuhan	per buruh an
meneliti	men teliti
menghiburnya	men hibur nya
antarpeserta	antar peserta
membuat	men buat
tonggak	tonggak
darahku	darah ku
bebasnya	bebas nya
mengetuk	men ketuk
otak	otak
dianggap	di anggap
korupsi	korupsi
sadar	sadar
nya	nya
antarprogram	antar program
lelah	lelah
kental	kental
ketidakpercayaan	ke tidak percaya an
susulan	susul an
dia	dia
menjadi	men jadi
reka	reka
pemaksaan	pen paksa an
berwawasan	ber wawasan
diletakkan	di letak kan
dipersiapkan	di per siap kan
frekuensinya	frekuensi nya
diperingkat	di peringkat
semeriah	se meriah
penjahit	pen jahit
berharga	ber harga
familinya	famili nya
desanya	desa nya
peti	peti
izin	izin
seksual	seksual
keberangkatannya	ke berangkat an nya
mengoreksi	men koreksi
takjub	takjub
pelibatan	pen libat an
pelabuh	pen labuh
berdiam	ber diam
dihalangi	di halang i
tidur	tidur
berlandaskan	ber landas kan
dikeraskan	di keras kan
kandangmu	kandang mu
pengumpul	pen kumpul
akibat	akibat
mengarsipkan	men arsip kan
teladan	teladan
membombardir	men bombardir
antarinstansi	antar instansi
menopangnya	men topang nya
kutipan	kutip an
dimerdekakan	di merdeka kan
stakeholder	stakeholder
mewariskan	men waris kan
penyebutan	pen sebut an
menghiraukan	men hirau kan
memucat	men pucat
profesionalnya	profesional nya
anti	anti
kerasnya	keras nya
pembentukan	pen bentuk an
posko	posko
nyawaku	nyawa aku
berfungsinya	ber fungsi nya
melecehkan	men leceh kan
penjadwalan	pen jadwal an
sebulan	se bulan
mempunyai	men punya i
dijadikan	di jadi kan
jahit	jahit
disegarkan	di segar kan
pembangunannya	pen bangun an nya
menggelar	men gelar
total	total
alkitabnya	alkitab nya
diledakkan	di ledak kan
tuamu	tua mu
mengutarakan	men utara kan
taiwan	tai wan
pemanfaatnya	pen manfaat nya
berkreasi	ber kreasi
membodohi	men bodoh i
bicaranya	bicara nya
menyesuaikan	men sesuai kan
bergaul	ber gaul
adegan	adegan
penyuluh	pen suluh
penulisan	pen tulis an
tips	tips
membatasinya	men batas i nya
tempel	tempel
pisau	pisau
mawarnya	mawar nya
jeruknya	jeruk nya
pulsa	pulsa
sedihnya	sedih nya
skandal	skandal
praktik	praktik
berorientasi	ber orientasi
disalahkan	di salah kan
terjalin	ter jalin
digenggam	di genggam
penyampaian	pen sampai an
halangan	halang an
mengartikannya	men arti kan nya
bahtera	bahtera
memboikotnya	men boikot nya
seks	seks
pendisiplinan	pen disiplin an
berlalunya	ber lalu nya
menulisnya	men tulis nya
pendirian	pen diri an
pengesahan	pen sah an
menghubungi	men hubung i
damaskus	damaskus
alih	alih
januari	januari
katak	katak
puas	puas
ditanyakan	di tanya kan
berinduk	ber induk
reputasinya	reputasi nya
tujuan	tuju an
menaruhnya	men taruh nya
nonkonsumsi	non konsumsi
implementasi	implementasi
menginvestigasi	men investigasi
terdahulu	terdahulu
mengamatinya	men amati nya
guna	guna
menggoncangkan	men goncang kan
peluncuran	pen luncur an
desa	desa
mengairi	men air i
menjatahkan	men jatah kan
didiktekan	di dikte kan
diputar	di putar
tersier	tersier
ajakan	ajak an
membendung	men bendung
dicatatkan	di catat kan
universitas	universitas
bertumbuhnya	ber tumbuh nya
silang	silang
mencurahkan	men curah kan
implikasinya	implikasi nya
nyatanya	nyata nya
minimal	minimal
mengimplementasi	men implementasi
perlengkapannya	per lengkap an nya
induk	induk
nopember	nopember
sedunia	se dunia
independen	independen
petik	petik
mengelak	men elak
gempa	gempa
hubunganmu	hubung an mu
tambaknya	tambak nya
ditiadakan	di tiada kan
memacu	men pacu
dikeluarkannya	di keluar kan nya
belalang	belalang
bersalju	ber salju
dirumahmu	di rumah mu
dilatarbelakangi	di latarbelakang i
dirampok	di rampok
buyut	buyut
lilin	lilin
multinasional	multinasional
emisi	emisi
ditambah	di tambah
membunuhnya	men bunuh nya
toko	toko
penyumbang	pen sumbang
benturan	bentur an
cetakan	cetak an
depkeu	depkeu
memformulasikan	men formulasi kan
stok	stok
tercanggih	ter canggih
asalkan	asal kan
makan	makan
tindakan	tindak an
sepatah	se patah
pemegang	pen pegang
penyelenggaraannya	pen selenggara an nya
pegawai	pegawai
pemindahan	pen pindah an
regenerasi	regenerasi
tetap	tetap
temannya	teman nya
york	york
terkini	terkini
mikrofon	mikrofon
tuanku	tuan ku
jambu	jambu
komersil	komersil
terkandung	ter kandung
dimilikinya	di milik i nya
purbakala	purbakala
tercatat	ter catat
demonstrasi	demonstrasi
potensialnya	potensial nya
menghimpunkan	men himpun kan
gawat	gawat
pasta	pasta
menurun	men turun
diupah	di upah
representasi	representasi
radiasi	radiasi
pepohonan	pepohonan
sendiri	sendiri
pemuridan	pen murid an
hubunganku	hubung an ku
dewasanya	dewasa nya
terima	terima
menceburkan	men cebur kan
ditampilkan	di tampil kan
memerlukan	men perlu kan
kapal	kapal
menyelenggarakan	men selenggara kan
naikkan	naik kan
direkrut	di rekrut
sepucuk	se pucuk
peningkatannya	pen tingkat an nya
logonya	logo nya
bercanda	ber canda
waspada	waspada
amanat	amanat
prajurit	prajurit
cap	cap
jembatannya	jembatan nya
pai	pai
peternakannya	peternakan nya
memperkenalkan	men kenal kan
panggilan	panggil an
memancingnya	men pancing nya
memikul	men pikul
didirikan	di diri kan
perangkap	pen rangkap
jarum	jarum
suplemen	suplemen
muat	muat
terwakili	ter wakil i
verifikasinya	verifikasi nya
berteknologi	ber teknologi
menjejali	men jejal i
warga	warga
membolos	men bolos
dipikirkannya	di pikir kan nya
terburuk	ter buruk
terprogram	ter program
dieliminasi	di eliminasi
pengadministrasian	pen administrasi an
konvoi	konvoi
merekomendasi	men rekomendasi
terusik	ter usik
penahan	pen tahan
dihormatinya	di hormat i nya
saksi	saksi
masa	masa
diratifikasi	di ratifikasi
serendah	se rendah
renungkan	renung kan
kelopak	kelopak
pilihnya	pilih nya
setia	setia
kasih	kasih
siang	siang
diktenya	dikte nya
memberitahu	men beritahu
mencium	men cium
pertahanan	per tahan an
warganegara	warganegara
mengirimkannya	men kirim kan nya
menyuarakan	men suara kan
ditaburkan	di tabur kan
pembubaran	pen bubar an
berencana	ber rencana
ruh	ruh
dilanjutkannya	di lanjut kan nya
dana	dana
putaran	putar an
terpangkas	ter pangkas
penonton	pen tonton
fokus	fokus
ketidaksetiaan	ke tidak setia an
terkena	ter kena
bangsawan	bangsa wan
peredam	pen redam
meluasnya	men luas nya
diatur	di atur
membeberkan	men beber kan
perahunya	perahu nya
dihuni	di huni
kemajuannya	ke maju an nya
mengaplikasikan	men aplikasi kan
lembar	lembar
dicurahkan	di curah kan
nyanyiannya	nyanyi an nya
bergembira	ber gembira
rendahnya	rendah nya
sanjungan	sanjung an
jumlah	jumlah
melanggankan	men langgan kan
berpaling	ber paling
mengherankan	men heran kan
menunda	men tunda
pengucapan	pen ucap an
mahabintangnya	mahabintang nya
eksportir	eksportir
keluar	keluar
susahnya	susah nya
doakan	doa kan
dilemparkan	di lempar kan
seruan	seru an
alergi	alergi
difokuskan	di fokus kan
mengumpulkannya	men kumpul kan nya
tagih	tagih
amarahnya	amarah nya
mengalokasikannya	men alokasi kan nya
mengimunisasi	men imunisasi
jengkel	jengkel
perwujudan	per wujud an
prosedural	prosedural
persiapannya	per siap an nya
perintis	pen rintis
kebalikannya	ke balik an nya
kuingat	ku ingat
pegunungan	pegunungan
selasa	selasa
diseberangi	di seberang i
setulusnya	se tulus nya
membusuk	men busuk
analisis	analisis
mencurigai	men curiga i
membungkus	men bungkus
menguap	men uap
ditekan	di tekan
dikecewakan	di kecewa kan
menyempurnakan	men sempurna kan
ledakan	ledak an
posisi	posisi
penafsiran	pen tafsir an
diperlukannya	di perlu kan nya
simpan	simpan
menandai	men tanda i
penghubung	pen hubung
belanjaan	belanja an
personil	personil
saudara	saudara
menghujat	men hujat
mutakhir	mutakhir
potensi	potensi
hasrat	hasrat
juruselamatnya	juruselamat nya
membatu	men batu
peringatan	per ingat an
maksudnya	maksud nya
ayu	ayu
lidahnya	lidah nya
topik	topik
anak	anak
substansi	substansi
berdiri	ber diri
pesat	pesat
nasib	nasib
sah	sah
gembalakan	gembala kan
menyediakan	men sedia kan
investasinya	investasi nya
tertabrak	ter tabrak
nota	nota
parlemen	parlemen
diundur	di undur
mempergunakan	men guna kan
mengukur	men ukur
ajaibnya	ajaib nya
diraup	di raup
harapkan	harap kan
gunakan	guna kan
berpikir	ber pikir
nontunai	nontunai
imbangannya	imbang an nya
dilibatkan	di libat kan
dihadiahi	di hadiah i
penalarannya	pen nalar an nya
pengalengan	pen kaleng an
detektif	detektif
berambisi	ber ambisi
menahun	men tahun
pencairan	pen cair an
hari	hari
mingguan	minggu an
kembalinya	kembali nya
pengungsian	pen ungsi an
hadir	hadir
teori	teori
menginginkannya	men ingin kan nya
simpulkan	simpul kan
bidikan	bidik an
membicarakan	men bicara kan
mahabintang	mahabintang
tersebar	ter sebar
dusunnya	dusun nya
dipasok	di pasok
juru	juru
putus	putus
mengetahui	men ketahui
seimannya	se iman nya
perbankan	per bank an
eternitnya	eternit nya
memperkatakan	men kata kan
bersorak	ber sorak
sempurna	sempurna
budimu	budi mu
diperkenalkan	di per kenal kan
didengarnya	di dengar nya
diboboli	di bobol i
seharga	se harga
pendistribusi	pen distribusi
genetik	genetik
gilir	gilir
pengelolaannya	pen kelola an nya
menyulitkan	men sulit kan
milyaran	milyar an
dikumpulkan	di kumpul kan
taurat	taurat
diseleksi	di seleksi
pestanya	pesta nya
taksi	taksi
terjangkit	ter jangkit
mengetuai	men ketua i
terpentingnya	ter penting nya
pahlawan	pahlawan
digadai	di gadai
duduk	duduk
tercemarnya	ter cemar nya
anakku	anak ku
jariku	jari ku
melangkahkan	men langkah kan
dapatkan	dapat kan
parkir	parkir
menikah	men nikah
membelah	men belah
rabu	rabu
mematuhi	men patuh i
bank	bank
penyelaras	pen selaras
ditanggungnya	di tanggung nya
bergengsi	ber gengsi
membiarnya	men biar nya
menegangkan	men tegang kan
instansinya	instansi nya
ribuan	ribu an
membanggakan	men bangga kan
dipersepsikan	di persepsi kan
pengaudit	pen audit
dikompilasi	di kompilasi
menyebabkan	men sebab kan
mereview	men review
dicarinya	di cari nya
pengampunan	pen ampun an
kapalnya	kapal nya
aspirasi	aspirasi
pengarahannya	pen arah an nya
bertenun	ber tenun
mengingini	men ingin i
tafsiran	tafsir an
beradik	ber adik
pembimbingan	pen bimbing an
terenggut	ter renggut
kontribusinya	kontribusi nya
perhitungannya	per hitung an nya
dikasihinya	di kasih i nya
benda	benda
tertatanya	ter tata nya
bis	bis
dihapuskannya	di hapus kan nya
cakap	cakap
berbatu	ber batu
menipu	men tipu
perzinaan	per zina an
dibatalkan	di batal kan
positifnya	positif nya
niatan	niat an
obyeknya	obyek nya
diversifikasi	diversifikasi
penyitaan	pen sita an
luas	luas
pemilih	pen pilih
goyangkan	goyang kan
dikuburkan	di kubur kan
dibungakan	di bunga kan
penggabungan	pen gabung an
gampang	gampang
dioperasikan	di operasi kan
otoritas	otoritas
pejabatnya	pejabat nya
ajak	ajak
prestasinya	prestasi nya
dasarnya	dasar nya
keluh	keluh
pemutakhirannya	pen mutakhir an nya
gua	gua
biji	biji
meramalkan	men ramal kan
berotak	ber otak
alam	alam
membawakan	men bawa kan
menyumbangkan	men sumbang kan
diindikasikan	di indikasi kan
porsi	porsi
berkualitas	ber kualitas
presentasi	presentasi
dimengerti	di mengerti
pemilihnya	pen pilih nya
diutus	di utus
dekade	dekade
memetik	men petik
terbebas	ter bebas
saus	saus
inflasi	inflasi
penciumannya	pen cium an nya
diharapkannya	di harap kan nya
lembaran	lembar an
dibuka	di buka
persaingannya	per saing an nya
berhikmat	ber hikmat
menginterpretasikan	men interpretasi kan
genggam	genggam
impiannya	impian nya
pengayaan	pen kaya an
kudengar	ku dengar
kios	kios
dilatihnya	di latih nya
dicerna	di cerna
berkarakteristik	ber karakteristik
bangga	bangga
sembuh	sembuh
ikuti	ikut i
terpopuler	ter populer
tinggalkan	tinggal kan
menelepon	men telepon
perceraian	per cerai an
agamanya	agama nya
ilustrasi	ilustrasi
insinyur	insinyur
lengan	lengan
menjejakkan	men jejak kan
membalasnya	men balas nya
lambang	lambang
mengedit	men edit
usahakan	usaha kan
mendistribusikannya	men distribusi kan nya
dilatih	di latih
berekspresi	ber ekspresi
narkoba	narkoba
sempurnanya	sempurna nya
mengijonkan	men ijon kan
berperilaku	ber perilaku
istana	istana
semusim	se musim
lontar	lontar
radius	radius
menipisnya	men tipis nya
hebat	hebat
pemiliknya	pen milik nya
didoakan	di doa kan
mendetail	men detail
imbas	imbas
ngerinya	ngeri nya
konversi	konversi
dipulau	di pulau
dikonsentrasikan	di konsentrasi kan
tragis	tragis
produktivitas	produktivitas
surgawi	surgawi
gelap	gelap
memilah	men pilah
anekdot	anekdot
terekspresikan	ter ekspresi kan
pengasuh	pen asuh
hadapi	hadap i
pikirkan	pikir kan
mendefinisikan	men definisi kan
memperpanjang	men panjang
meminimalisasi	men minimalisasi
didatangkan	di datang kan
penjelajah	pen jelajah
tetapkan	tetap kan
disana	di sana
ikutan	ikut an
menggema	men gema
mainnya	main nya
bercerita	ber cerita
konsumen	konsumen
dihimpun	di himpun
diterlantarkan	di terlantar kan
bulu	bulu
kuatnya	kuat nya
diibaratkan	di ibarat kan
musik	musik
beribadah	ber ibadah
kantong	kantong
diserahkannya	di serah kan nya
negatif	negatif
pesan	pesan
pencantuman	pen cantum an
dinikahkan	di nikah kan
saksama	saksama
rp	rp
terhisap	ter hisap
selebihnya	se lebih nya
letih	letih
pasal	pasal
dipisah	di pisah
berbeda	ber beda
memasukan	men pasukan
editorialnya	editorial nya
tercela	ter cela
instansi	instansi
digodok	di godok
mencukupkan	men cukup kan
bermuatan	ber muat an
uu	uu
genggaman	genggam an
ilahi	ilahi
analisi	analis i
bersenjata	ber senjata
merosotnya	merosot nya
kacau	kacau
tim	tim
jungkir	jungkir
syafaat	syafaat
hibah	hibah
tertutup	ter tutup
menghancurkan	men hancur kan
kejatuhan	ke jatuh an
patokan	patok an
antarkomunitas	antar komunitas
memilih	men pilih
menghadiri	men hadir i
ramalan	ramal an
dipedulikan	di peduli kan
memberantas	men berantas
diasumsikan	di asumsi kan
terpandai	ter pandai
condong	condong
menular	men tular
terhutang	ter hutang
terpilihnya	ter pilih nya
berpuasa	ber puasa
kehinaan	ke hina an
athena	athena
ternyata	ter nyata
pendaftaran	pen daftar an
antarsekolah	antar sekolah
antardepartemen	antar departemen
pengikatan	pen ikat an
edaran	edar an
terpikir	ter pikir
sukses	sukses
pekan	pekan
diurus	di urus
pemuka	pen muka
ditargetkan	di target kan
metrologi	metrologi
goncangkan	goncang kan
dipikirkan	di pikir kan
penutupan	pen tutup an
menyiratkan	men sirat kan
perlawanan	per lawan an
menghantui	men hantu i
permintaannya	per minta an nya
pendanaan	pen dana an
pencoretan	pen coret an
orangtuaku	orangtua aku
khususnya	khusus nya
pelanggaran	pen langgar an
menerpanya	men terpa nya
mencermatinya	men cermat i nya
antarjenjang	antar jenjang
tembusan	tembus an
menggelora	men gelora
pengamatan	pengamat an
harapannya	harap an nya
pendaratan	pen darat an
peduli	peduli
populasi	populasi
berlimpahnya	ber limpah nya
pembantaian	pen bantai an
membobol	men bobol
mencelakakan	men celaka kan
selimut	selimut
disiplin	disiplin
diemban	di emban
tuli	tuli
sahabatnya	sahabat nya
menggetarkan	men getar kan
terduga	ter duga
berkekuatan	ber ke kuat an
diajar	di ajar
diinformasikan	di informasi kan
terkelola	ter kelola
pola	pola
cairnya	cair nya
heran	heran
amatir	amatir
tebusan	tebus an
etnis	etnis
mentah	mentah
memancarkan	men pancar kan
mencapai	men capai
optimistis	optimistis
tembakau	tembakau
keluhan	keluh an
jamak	jamak
trendi	trend i
panel	panel
gigih	gigih
pemikiran	pen pikir an
penebangan	pen tebang an
syair	syair
rekor	rekor
memungutnya	men pungut nya
imanmu	iman mu
pertambangan	per tambang an
motor	motor
pelacakan	pen lacak an
dipadati	di padat i
wasit	wasit
jendela	jendela
berpulang	ber pulang
agama	agama
ketidakstabilan	ke tidak stabil an
menyeberangi	men seberang i
terbaca	ter baca
diberlakukan	di ber laku kan
diduga	di duga
saluran	salur an
membahasnya	men bahas nya
gemuruhnya	gemuruh nya
mampu	mampu
hadapanku	hadap an ku
ishak	ishak
mengabdi	men abdi
pohonnya	pohon nya
kiranya	kira nya
terulang	ter ulang
sederhana	sederhana
dampingan	damping an
kupenuhi	ku penuh i
istimewa	istimewa
diakumulasikan	di akumulasi kan
antartingkatan	antar tingkat an
dominasi	dominasi
rakyatnya	rakyat nya
menunjukkan	men tunjuk kan
dipesan	di pesan
pembahasan	pen bahas an
menyimpang	men simpang
ditopang	di topang
sipil	sipil
refleksi	refleksi
dipulihkan	di pulih kan
pengangkatannya	pen angkat an nya
berani	berani
makam	makam
jaraknya	jarak nya
kepercayaan	ke percaya an
gunanya	guna nya
terimakasih	terimakasih
permukaan	per muka an
diingatnya	di ingat nya
taksir	taksir
pilot	pilot
diwakilinya	di wakil i nya
kuburan	kubur an
menambang	men tambang
kinerjanya	kinerja nya
dijadwalkan	di jadwal kan
pesanannya	pesan an nya
berpartisipasi	ber partisipasi
menyingsingkan	men singsing kan
menipis	men tipis
dihakimi	di hakim i
perdana	perdana
senilai	se nilai
handuk	handuk
norwegia	norwegia
penggaduhan	pen gaduh an
robot	robot
dorongan	dorong an
pengelolaan	pen kelola an
aktifitas	aktifitas
transportasi	transportasi
pemecatan	pen pecat an
diamanatkan	di amanat kan
letak	letak
tampil	tampil
menjiwai	men jiwa i
dikenang	di kenang
canggih	canggih
merubah	men rubah
kayu	kayu
dibutuhkannya	di butuh kan nya
kuminta	ku minta
ditimbulkannya	di timbul kan nya
direka	di reka
orangtua	orangtua
penurunannya	pen turun an nya
membencinya	men benci nya
pendamai	pen damai
berotot	ber otot
masjid	masjid
membangkitkanku	men bangkit kan ku
konsultasi	konsultasi
bergiliran	ber gilir an
kemungkinan	kemungkinan
terucap	ter ucap
implikasi	implikasi
nyanyian	nyanyi an
nafas	nafas
matiku	mati ku
pelecehan	pen leceh an
hulu	hulu
tersayat	ter sayat
meledak	men ledak
diambang	di ambang
merindukan	men rindu kan
disangkal	di sangkal
bernaung	ber naung
mendayagunakan	men dayaguna kan
disangga	di sangga
perabot	perabot
kubuang	ku buang
dipercayai	di percaya i
militer	militer
angka	angka
terkendali	ter kendali
dimakannya	di makan nya
kendaraan	kendara an
sabda	sabda
penyatuan	pen satu an
kepergianku	ke pergi an ku
perusakan	pen rusak an
sengit	sengit
dibayar	di bayar
sesampainya	se sampai nya
tetapnya	tetap nya
kendaraannya	kendara an nya
lukanya	luka nya
penyehatan	pen sehat an
andil	andil
berduri	ber duri
antarpengadilan	antar pen adil an
menyantuni	men santun i
menggigitnya	men gigit nya
tiruan	tiru an
terkesan	ter kesan
masyarakat	masyarakat
mencairkan	men cair kan
percontohan	per contoh an
memanennya	men panen nya
terkepung	ter kepung
tutup	tutup
diidentifikasi	di identifikasi
katalis	katalis
memperjelas	men jelas
mendidiknya	men didik nya
terlihat	ter lihat
dinikahi	di nikah i
libur	libur
tercipta	ter cipta
dilaksanakannya	di laksana kan nya
teknis	teknis
percayakan	percaya kan
kasihnya	kasih nya
lokal	lokal
kencang	kencang
mikroskop	mikroskop
menggumamkan	men gumam kan
hektar	hektar
darah	darah
mengemuka	men kemuka
anjing	anjing
melimpahnya	men limpah nya
emosi	emosi
cukurnya	cukur nya
butuh	butuh
arahan	arah an
aktivitasnya	aktivitas nya
fakultas	fakultas
suami	suami
mengosongkannya	men kosong kan nya
pesaing	pesaing
menyatakannya	men nyata kan nya
asap	asap
sedahsyat	se dahsyat
disembuhkan	di sembuh kan
didata	di data
pengorbanan	pen korban an
primer	primer
kerasukan	ke rasuk an
ditentukan	di tentu kan
dilelang	di lelang
situsnya	situs nya
teruskan	terus kan
menghindar	men hindar
penyanyi	pen nyanyi
terdengar	ter dengar
pertimbangannya	per timbang an nya
jerat	jerat
penandatangan	pen tandatangan
mengkonsultasikan	men konsultasi kan
kepalamu	kepala mu
tersambar	ter sambar
menjauh	men jauh
lewatkan	lewat kan
pemberkatan	pen berkat an
menambahkan	men tambah kan
pendatang	pen datang
daya	daya
basah	basah
secangkir	se cangkir
merangsang	men rangsang
mengidentifikasikan	men identifikasi kan
menjadwal	men jadwal
pedagang	pedagang
dipasarkan	di pasar kan
terdorong	ter dorong
mendata	men data
nonaset	non aset
memancar	men pancar
dimiliki	di milik i
mencetuskan	men cetus kan
karung	karung
melelehkan	men leleh kan
ukur	ukur
kriminal	kriminal
disebarkan	di sebar kan
dipadukan	di padu kan
nonkayu	non kayu
gerutu	gerutu
tulisan	tulis an
absah	absah
ambivalen	ambivalen
memamerkan	men pamer kan
selektif	selektif
menyembuhkan	men sembuh kan
sekayu	se kayu
estimasi	estimasi
irlandia	irlandia
membocorkan	men bocor kan
mengharuskan	men harus kan
sucikan	suci kan
taksiran	taksir an
air	air
karakteristiknya	karakteristik nya
longgarnya	longgar nya
frekuensi	frekuensi
perbanyakan	per banyak an
punglinya	pungli nya
penyejuk	pen sejuk
beririgasi	ber irigasi
ditegur	di tegur
penari	pen tari
penggugah	pen gugah
tengkorak	tengkorak
pemungutan	pen pungut an
gas	gas
jenisnya	jenis nya
membenarkan	men benar kan
mempermasalahkannya	men masalah kan nya
penegak	pen tegak
terompetnya	terompet nya
kutuju	ku tuju
imigrasi	imigrasi
kotak	kotak
dimuat	di muat
menghemat	men hemat
perumpamaannya	per umpama an nya
ijon	ijon
persetujuannya	per setuju an nya
penghakiman	pen hakim an
progresif	progresif
menggembala	men gembala
berada	ber ada
wali	wali
memeriksa	men periksa
sukacita	sukacita
pemotongan	pen potong an
datar	datar
dll	dll
raya	raya
memahami	men paham i
diancam	di ancam
penambak	pen tambak
senada	se nada
tni	tn i
penyebab	pen sebab
merefleksikan	men refleksi kan
tari	tari
kepala	kepala
dirawat	di rawat
menitip	men titip
karbon	karbon
saham	saham
sedangkan	sedang kan
jelasnya	jelas nya
kebutuhannya	ke butuh an nya
bir	bir
anjuran	anjur an
pemutusan	pen putus an
komisaris	komisaris
pajak	pajak
jurusan	jurus an
tembakan	tembak an
berdalih	ber dalih
menguasai	men kuasa i
tiba	tiba
dikonsultasikan	di konsultasi kan
badan	badan
istilah	istilah
vaksin	vaksin
kuajarkan	ku ajar kan
ketidaksuksesan	ke tidak sukses an
dibutakan	di buta kan
menyentuh	men sentuh
suci	suci
menempatkan	men tempat kan
birokrasi	birokrasi
penundaan	pen tunda an
bertani	ber tani
nondepartemen	non departemen
peluru	peluru
gajian	gaji an
mencurinya	men curi nya
menggosok	men gosok
berpikiran	ber pikir an
tangis	tangis
menyebutkan	men sebut kan
penunggak	pen tunggak
mengenakannya	men kena kan nya
menjamu	men jamu
meletakkannya	men letak kan nya
dibagi	di bagi
penyerangan	pen serang an
mempercayakan	men percaya kan
mengecilkan	men kecil kan
tol	tol
mewakilinya	men wakil i nya
selisihnya	selisih nya
membebaskannya	men bebas kan nya
suara	suara
isu	isu
institusional	institusional
diberitahu	di beritahu
bertemakan	ber tema kan
dakwaan	dakwa an
dihantam	di hantam
pemanfaat	pen manfaat
terbantahkan	ter bantah kan
mengintai	men intai
dideritanya	di derita nya
melenyapkan	men lenyap kan
antarkabupaten	antar kabupaten
tersulit	ter sulit
sebatang	se batang
sebagus	se bagus
jualan	jual an
logis	logis
hotel	hotel
menghitungnya	men hitung nya
pemungutannya	pen pungut an nya
berdedikasi	ber dedikasi
keberadaan	keberadaan
pemainnya	pen main nya
akhirnya	akhir nya
observasi	observasi
disingkirkan	di singkir kan
terbentang	ter bentang
dikritik	di kritik
tetesan	tetes an
tubuhku	tubuh ku
naskah	naskah
penumpukan	pen tumpuk an
menebusnya	men tebus nya
mendatanginya	men datang i nya
terhindarkan	ter hindar kan
sisi	sisi
mudanya	muda nya
melambaikan	men lambai kan
dosa	dosa
membuatkan	men buat kan
laksanakan	laksana kan
diharap	di harap
dijanjikan	di janji kan
dideklarasikan	di deklarasi kan
kabupaten	kabupaten
cara	cara
lobang	lobang
menanyakan	men tanya kan
pelacur	pen lacur
terdahsyat	ter dahsyat
kemunculan	ke muncul an
terbayangkan	ter bayang kan
memenuhinya	men penuh i nya
ditindaklanjuti	di tindaklanjut i
seterusnya	se terus nya
sawahnya	sawah nya
februari	februari
natur	natur
terlaksana	ter laksana
formatnya	format nya
permanen	permanen
mendengarnya	men dengar nya
dicetuskan	di cetus kan
penyebarannya	pen sebar an nya
jiwa	jiwa
memfokuskan	men fokus kan
ambilkan	ambil kan
pemerintahnya	pen perintah nya
ditimpakan	di timpa kan
menyuapkannya	men suap kan nya
merahasiakan	men rahasia kan
memurnikan	men murni kan
pertikaian	pertikaian
dicoba	di coba
saran	saran
privat	privat
menyambung	men sambung
ambil	ambil
merendahkan	men rendah kan
berprofesi	ber profesi
menuduhnya	men tuduh nya
amoral	amoral
mekaniknya	mekanik nya
mencacah	men cacah
diusik	di usik
menerapkannya	men terap kan nya
traktornya	traktor nya
mencabutnya	men cabut nya
pendamaian	pen damai an
mengajarinya	men ajar i nya
ketidakpuasan	ke tidak puas an
les	les
selain	se lain
gitar	gitar
perempuan	perempuan
identik	identik
dangkal	dangkal
pertolongan	per tolong an
setimpal	setimpal
persegi	persegi
ditangani	di tangan i
memprotes	men protes
dikhianati	di khianat i
meningkatnya	men tingkat nya
ketidaksepakatan	ke tidak sepakat an
menggembalakan	men gembala kan
pasangan	pasang an
himbauan	himbau an
antartempat	antar tempat
ulangan	ulang an
diselenggarakan	di selenggara kan
tekadnya	tekad nya
terhindar	ter hindar
pelaut	pen laut
keterlibatan	ke terlibat an
digenapi	di genap i
guncangan	guncang an
mengkoordinasikannya	men koordinasi kan nya
dimaknai	di makna i
peledak	pen ledak
memainkannya	men main kan nya
berintegritas	ber integritas
bisnis	bisnis
dicarikan	di cari kan
rawat	rawat
penyelidikan	pen selidik an
pelatih	pen latih
melampirkannya	men lampir kan nya
bernada	ber nada
agungnya	agung nya
caranya	cara nya
hasil	hasil
rinci	rinci
mencontohkan	men contoh kan
mengidap	men idap
dibebankan	di beban kan
penerbangannya	pen terbang an nya
melihat	men lihat
darat	darat
bendera	bendera
dicatat	di catat
menyamar	men samar
luka	luka
perantara	perantara
persekolahan	per sekolah an
diangkutnya	di angkut nya
malam	malam
terkutuk	ter kutuk
perduli	perduli
jubah	jubah
pengambilan	pen ambil an
praktiknya	praktik nya
sosial	sosial
tersaji	ter saji
melambung	men lambung
pembobolan	pen bobol an
sediakan	sedia kan
kapital	kapital
mendapatkan	men dapat kan
menunjukkannya	men tunjuk kan nya
ambivalensi	ambivalensi
berwewenang	ber wewenang
perkaretan	per karet an
bentrokan	bentrok an
cakupannya	cakup an nya
kritik	kritik
hunian	huni an
menghubungkannya	men hubung kan nya
muara	muara
duta	duta
senjata	senjata
puskesmas	puskesmas
lindung	lindung
memeluk	men peluk
diizinkan	di izin kan
menghabiskan	men habis kan
kedelai	kedelai
ketidakikutsertaan	ke tidak ikutserta an
provinsinya	provinsi nya
nun	nun
tersingkap	ter singkap
diperbesar	di per besar
membukakan	men buka kan
pulih	pulih
tersihir	ter sihir
menyelesaikannya	men selesai kan nya
patung	patung
sabotase	sabotase
membingungkan	men bingung kan
terlintas	ter lintas
berhadapan	ber hadap an
aset	aset
resminya	resmi nya
lelang	lelang
pendahuluan	pendahulu an
mengingatnya	men ingat nya
menyambut	men sambut
barangsiapa	barangsiapa
pelimpahan	pen limpah an
penyerapan	pen serap an
menguduskan	men kudus kan
meyakinkan	men yakin kan
dijahitkan	di jahit kan
ditafsirkan	di tafsir kan
proposal	proposal
bajak	bajak
dinamis	dinamis
perkotaan	per kota an
distribusi	distribusi
didikan	didik an
bertanding	ber tanding
menggerebek	men gerebek
parit	parit
bekerjasama	bekerjasama
pernyataan	per nyata an
pembesar	pen besar
bahasa	bahasa
dibimbing	di bimbing
pencegahan	pen cegah an
padi	padi
proporsi	proporsi
dicanangkannya	di canang kan nya
ditunjuk	di tunjuk
merampas	men rampas
berupa	ber rupa
tertahankan	ter tahan kan
diperebutkan	di per rebut kan
yusuf	yusuf
dipinjami	di pinjam i
meringkas	men ringkas
sebut	sebut
nasabah	nasabah
lanjutannya	lanjut an nya
memandangku	men pandang ku
pemantapan	pen mantap an
menggeluti	men gelut i
depresi	depresi
penggalangan	pen galang an
mengelabui	men kelabui
belanja	belanja
pembobotan	pen bobot an
komponen	komponen
mencakup	men cakup
kekeliruan	ke keliru an
menanti	menanti
pintu	pintu
mendetil	men detil
segel	segel
ruangnya	ruang nya
dikepung	di kepung
berbekal	ber bekal
penjaga	pen jaga
tertuang	ter tuang
menyiarkan	men siar kan
temanmu	teman mu
batuan	batu an
dirapatkan	di rapat kan
asi	as i
dekatnya	dekat nya
pekerjaannya	pekerja an nya
diusahakannya	di usaha kan nya
tinju	tinju
dirham	dirham
mengandung	men kandung
kriteria	kriteria
dimotori	di motor i
efek	efek
identifikasi	identifikasi
awal	awal
sihir	sihir
neneknya	nenek nya
membangun	men bangun
misinya	misi nya
mendapatinya	men dapat i nya
memperbarui	men baru i
berbatasan	ber batas an
asuransi	asuransi
dibohongi	di bohong i
salad	salad
amal	amal
penyeragaman	pen seragam an
memikulmu	men pikul mu
mengakhirinya	men akhir i nya
arkeologi	arkeologi
calon	calon
nonfisik	non fisik
disamakan	di sama kan
luasnya	luas nya
kebakaran	ke bakar an
sikat	sikat
asing	asing
tekstil	tekstil
hak	hak
berterimakasih	ber terimakasih
melarat	melarat
meleleh	men leleh
terformulasi	ter formulasi
jalanya	jala nya
astronom	astronom
kelahiran	ke lahir an
pemasangan	pen pasang an
salah	salah
uluran	ulur an
melanjutkan	men lanjut kan
penampung	pen tampung
pemboman	pen bom an
statistik	statistik
penyebabnya	pen sebab nya
material	material
berteduh	ber teduh
mobilisasi	mobilisasi
tempo	tempo
kepingan	keping an
memburuk	men buruk
bersoal	ber soal
liberal	liberal
bimbingan	bimbing an
menyerahkannya	men serah kan nya
arteri	arteri
lancarnya	lancar nya
katamu	kata mu
ditinggalkan	di tinggal kan
dilaporkan	di lapor kan
menyedihkannya	men sedih kan nya
nyawa	nyawa
ketidakcocokan	ke tidak cocok an
komitenya	komite nya
gundul	gundul
tunangan	tunang an
menewaskan	men tewas kan
meriah	meriah
menggeser	men geser
berbunyi	ber bunyi
menjengkelkan	men jengkel kan
hektare	hektare
keberangkatan	ke berangkat an
menjalar	men jalar
sengsara	sengsara
sekeliling	se keliling
penjamin	pen jamin
penambangan	pen tambang an
cengkehnya	cengkeh nya
ketidakbahagiaan	ke tidak bahagia an
gumuli	gumul i
berdaya	ber daya
petugas	petugas
pelindung	pen lindung
didengarkan	di dengar kan
kenakan	kena kan
paten	paten
roh	roh
perkampungan	per kampung an
tabir	tabir
disebar	di sebar
kliennya	klien nya
lebar	lebar
bertahan	ber tahan
konfirmasi	konfirmasi
diminta	di minta
dialog	dialog
dilantik	di lantik
taman	taman
mengkonsumsi	men konsumsi
popoknya	popok nya
kukenal	ku kenal
diwarisinya	di waris i nya
emosional	emosional
koalisi	koalisi
pengukuran	pen ukur an
tipis	tipis
menyetorkannya	men setor kan nya
komoditi	komoditi
bibir	bibir
pencari	pen cari
meratapi	men ratap i
pencalonan	pen calon an
mengasah	men asah
syiah	syiah
isolasi	isolasi
dinegosiasikan	di negosiasi kan
tabel	tabel
antarrumah	antar rumah
pergumulannya	per gumul an nya
menyangkanya	men sangka nya
konsekuensinya	konsekuensi nya
melangkahi	men langkah i
terguncangkan	ter guncang kan
disita	di sita
transmisi	transmisi
pergiliran	per gilir an
belanjakan	belanja kan
produknya	produk nya
diakomodasi	di akomodasi
emosinya	emosi nya
beranggota	ber anggota
mencermati	men cermat i
belgia	belgia
penyalahgunaan	pen salahguna an
diutamakan	di utama kan
berpaut	ber paut
memulihkannya	men pulih kan nya
membasuh	men basuh
disingkat	di singkat
memanipulasi	men manipulasi
didekati	di dekat i
menggesernya	men geser nya
kandas	kandas
mewajibkan	men wajib kan
pengobatannya	pen obat an nya
komplikasi	komplikasi
penginjilan	pen injil an
diprovokasi	di provokasi
mengurus	men urus
kemasan	kemas an
untungnya	untung nya
prancis	prancis
mengelilinginya	men keliling i nya
dimainkan	di main kan
matanya	mata nya
layanannya	layan an nya
seyakin	se yakin
geografi	geografi
kaos	kaos
diasah	di asah
bermainnya	ber main nya
proyeksi	proyeksi
pasien	pasien
mewawancarai	men wawancara i
konsentrasi	konsentrasi
operasi	operasi
watak	watak
lenyap	lenyap
selesai	selesai
penanggungjawab	pen tanggungjawab
terangmu	terang mu
berkompeten	ber kompeten
meminjamkan	men pinjam kan
dilahirkan	di lahir kan
meloloskan	men lolos kan
terdapatnya	ter dapat nya
menerjemahkan	men terjemah kan
bisbol	bisbol
semesta	semesta
jawabnya	jawab nya
penggalian	pen gali an
hormat	hormat
ayahku	ayah ku
ditempuh	di tempuh
tenggang	tenggang
berkala	ber kala
mematahkan	men patah kan
melatarbelakangi	men latarbelakang i
hafalan	hafal an
neraca	neraca
teridentifikasi	ter identifikasi
cercaan	cerca an
besaran	besar an
menginginkanmu	men ingin kan mu
kontrakan	kontrak an
membalikkannya	men balik kan nya
anggap	anggap
besoknya	besok nya
terbelit	ter belit
klorofilnya	klorofil nya
penghiburan	pen hibur an
sayur	sayur
perempuannya	perempuan nya
saudaraku	saudara aku
lamaran	lamar an
memberitahunya	men beritahu nya
diairi	di air i
musuh	musuh
ketidakpatuhan	ke tidak patuh an
entitas	entitas
pasir	pasir
terpesona	ter pesona
posyandunya	posyandu nya
dijumpai	di jumpa i
menetapkannya	men tetap kan nya
sekuler	sekuler
luang	luang
anaknya	anak nya
tumbuhan	tumbuh an
direnovasi	di renovasi
mendapati	men dapat i
perspektif	perspektif
campuran	campur an
memasukkannya	men masuk kan nya
gengsi	gengsi
mengaruniakan	men karunia kan
lagunya	lagu nya
timahnya	timah nya
menoleransinya	men toleransi nya
kumpul	kumpul
harap	harap
penanam	pen tanam
menyampaikannya	men sampai kan nya
menyejukkan	men sejuk kan
diperparah	di per parah
mengorganisasi	men organisasi
menjaminkan	men jamin kan
diluruskan	di lurus kan
mendesentralisasikan	men desentralisasi kan
lisan	lisan
matematikanya	matematika nya
komponennya	komponen nya
disuntik	di suntik
diajukan	di aju kan
orbit	orbit
ulang	ulang
retak	retak
perancangan	pen rancang an
unjuk	unjuk
petanya	peta nya
cakupan	cakup an
perhatian	per hati an
kode	kode
stagnan	stagnan
menyimpulkan	men simpul kan
bersinar	ber sinar
perdata	perdata
mendokumentasikan	men dokumentasi kan
mengalihkan	men alih kan
dimeriahkan	di meriah kan
alatnya	alat nya
dieksekusi	di eksekusi
organisasi	organisasi
waktuku	waktu ku
moral	moral
menyaingi	men saing i
pertanian	per tani an
menunggang	men tunggang
mendoakannya	men doa kan nya
bergirang	ber girang
penasehat	pen nasehat
menasehati	men nasehat i
bukunya	buku nya
bersangkutan	ber sangkut an
dilanggar	di langgar
tegar	tegar
kendalinya	kendali nya
handal	handal
merawatnya	men rawat nya
dikasih	di kasih
mendampinginya	men damping i nya
larangan	larang an
tercermin	ter cermin
menanyai	men tanya i
pembakaran	pen bakar an
pindah	pindah
bunganya	bunga nya
sabtu	sabtu
cd	cd
pemberiannya	pen beri an nya
penjumlahan	pen jumlah an
gencarnya	gencar nya
pemadaman	pen madam an
susun	susun
menyisihkan	men sisih kan
jiwamu	jiwa mu
terekam	ter rekam
fasih	fasih
menembakkan	men tembak kan
cerdas	cerdas
bbm	bbm
mangsa	mangsa
berkarat	ber karat
bergantungnya	ber gantung nya
hamba	hamba
spontan	spontan
dipenjara	di penjara
memasarkan	men pasar kan
menggunakan	men guna kan
berakhirnya	ber akhir nya
ratifikasi	ratifikasi
kadarnya	kadar nya
diulang	di ulang
datanya	data nya
penyerbuan	pen serbu an
stadion	stadion
pundak	pundak
berjaga	ber jaga
menggantungkan	men gantung kan
memukul	men pukul
pembangkit	pen bangkit
menimba	men timba
nyawanya	nyawa nya
antarwilayah	antar wilayah
cinta	cinta
penggemukan	pen gemuk an
sidang	sidang
konsisten	konsisten
kesediaannya	ke senya an nya
menggigiti	men gigit i
simpanan	simpan an
mencegah	men cegah
berburu	ber buru
memperburuk	men buruk
kayuh	kayuh
majikan	majikan
aroma	aroma
menumbuhkannya	men tumbuh kan nya
melambat	men lambat
tanggap	tanggap
menonjol	men tonjol
teks	teks
subkontraknya	subkontrak nya
diintegrasikan	di integrasi kan
lebat	lebat
anjloknya	anjlok nya
ekspansi	ekspansi
solidaritas	solidaritas
kuharap	ku harap
identitas	identitas
tambak	tambak
dihabiskan	di habis kan
beruntun	beruntun
matinya	mati nya
mementingkan	men penting kan
meratanya	men rata nya
antarmitra	antar mitra
dilenyapkan	di lenyap kan
meluruskan	men lurus kan
bertukar	ber tukar
bersaksi	ber saksi
pengorganisasian	pen organisasi an
bodoh	bodoh
intervensi	intervensi
memanfaatkan	men manfaat kan
moskow	moskow
perilaku	perilaku
disebabkan	di sebab kan
menyantap	men santap
kesempatannya	kesempatan nya
for	for
penyataan	pen nyata an
komunitas	komunitas
ditentang	di tentang
tomat	tomat
akte	akte
darurat	darurat
dedikasi	dedikasi
teluk	teluk
pembunuh	pen bunuh
integrasi	integrasi
menyebar	men sebar
pengambilannya	pen ambil an nya
meningkatkan	men tingkat kan
diikutsertakan	di ikutserta kan
menggoda	men goda
menanggap	men tanggap
selembar	se lembar
membayarnya	men bayar nya
berkonsentrasi	ber konsentrasi
agung	agung
instrumen	instrumen
lezatnya	lezat nya
bea	bea
bergeser	ber geser
menjamin	men jamin
terlontar	ter lontar
diberlakukannya	di ber laku kan nya
adidaya	adidaya
mulanya	mula nya
disabotase	di sabotase
propinsi	propinsi
melekat	men lekat
bidannya	bidan nya
memantau	men pantau
tertempel	ter tempel
terukir	ter ukir
diwakili	di wakil i
gubernur	gubernur
balas	balas
kajian	kaji an
mengajaknya	men ajak nya
otomatis	otomatis
payung	payung
musiman	musim an
meteran	meter an
tamunya	tamu nya
umum	umum
menetesnya	men tetes nya
kurikulum	kurikulum
hambatannya	hambat an nya
rambutan	rambut an
diubahnya	di ubah nya
