scheidung	scheiden ung
zungenfertigkeit	zungenfertig keit
mainstädter	mainstadt er
lottospieler	lottospielen er
zypriotin	zypriote in
schnellfahrer	schnellfahren er
herumtreiber	herumtreiben er
wischer	wischen er
sonderlich	sondern lich
wirtschaftsfreundlichkeit	wirtschaftsfreund lich keit
verwaltungsleiterin	verwaltungsleiter in
schönbrunner	schönbrunn er
privatfunker	privatfunk er
schäferin	schaf er in
emsländer	emsland er
gastlichkeit	gast lich keit
unbarmherzigkeit	un barmherzig keit
erlöser	erlösen er
energiepolitiker	energiepolitik er
wahlgänger	wahlgang er
firmenbesitzer	firmenbesitz er
stundung	stunden ung
wechselseitigkeit	wechselseitig keit
schreiner	schrein er
religionsschüler	religionsschule er
dankbarkeit	danken bar keit
beifügung	beifügen ung
tariflich	tarif lich
strippenzieher	strippenziehen er
rasenspieler	rasenspiel er
mandantin	mandant in
beiruter	beirut er
kaffeeanbauer	kaffeeanbau er
zahlungspflichtig	zahlungspflicht ig
betonarbeiter	betonarbeit er
leistungswillig	leistungswille ig
chilenin	chilene in
präzisierung	präzis e ier ung
herrenberger	herrenberg er
nutzer	nutzen er
bankräuberin	bankraub er in
jahresdurchschnittlich	jahresdurchschnitt lich
geburtshilflich	geburtshilfe lich
jugendamtsleiterin	jugendamtsleiter in
kanzlerin	kanzler in
necker	neck er
unvergänglichkeit	unvergänglich keit
täschchen	tasche chen
dortmunder	dortmund er
absichtlich	absicht lich
utopistin	utopisch ist in
regionalligaspielerin	regionalligaspiel er in
verschwendung	ver schwende ung
hektiker	hektik er
undankbarkeit	un danken bar keit
dekorateurin	dekorateur in
filmgeschichtlich	filmgeschichte lich
unparteilich	un partei lich
hornberger	hornberg er
vergleichbar	ver gleich bar
unfreundlich	un freund lich
flensburgerin	flensburg er in
pfleglich	pflegen lich
ethiker	ethik er
lausig	lausen ig
fragestellerin	fragestelle er in
blattmacher	blattmachen er
gaststättenrechtlich	gaststättenrecht lich
fabrikarbeiterin	fabrikarbeit er in
staatschefin	staatschef in
sindelfingerin	sindelfingen er in
energiesparer	energiesparen er
peiniger	pein ig er
wiener	wien er
hofhaltung	hofhalten ung
auswertung	auswerten ung
gülser	gülsen er
untergeher	untergehen er
ausführung	ausführen ung
autoverkäufer	autoverkauf er
berieselung	berieseln ung
holzschläger	holzschlag er
republikflüchtig	republikflucht ig
friedenstifter	friedenstiften er
menschenfeindlichkeit	menschenfeind lich keit
unanständigkeit	un anständig keit
panikmacher	panikmache er
graphikdesigner	graphikdesign er
objektschützer	objektschutz er
heroin	hero in
überladung	überladen ung
gedichtbändchen	gedichtband chen
taucher	tauchen er
widrigkeit	widrig keit
stufenlos	stufe los
gardinenlos	gardine los
rechtskundig	rechtskunde ig
mitinhaberin	mitinhaber in
saarbrücker	saarbrücken er
altenseelsorger	altenseelsorge er
kartellrechtlich	kartellrecht lich
absicherung	absichern ung
aburteilung	aburteilen ung
suchtabhängigkeit	suchtabhängig keit
haarlos	haar los
friedensunfähigkeit	friedensunfähig keit
mailänderin	mailand er in
elektrifizierung	elektrifizieren ung
bargeldlos	bargeld los
kulturgeschichtlich	kulturgeschichte lich
zutraulich	zutrauen lich
verräter	verraten er
mahler	mahl er
pforzheimerin	pforzheim er in
europafähigkeit	europafähig keit
helferin	helfen er in
botmäßigkeit	botmäßig keit
devisenrechtlich	devisenrecht lich
harheimer	harheim er
teehäuschen	teehaus chen
befürwortung	befürworten ung
bootsbauer	bootsbau er
geher	gehen er
löwensteiner	löwenstein er
durchsetzung	durchsetzen ung
teilzeitarbeiter	teilzeitarbeit er
verdünnung	ver dünn ung
hundefreundin	hundefreund in
kinderfreundlichkeit	kinderfreund lich keit
tropenmedizinerin	tropenmedizin er in
rummelsberger	rummelsberg er
mutwillig	mutwille ig
teamchefin	teamchef in
nachbarin	nachbar in
umschichtung	umschichten ung
autodesigner	autodesign er
abenteuerlich	abenteuer lich
pickelig	pickel ig
michelsberger	michelsberg er
straßenverkehrsrechtlich	straßenverkehrsrecht lich
aufbietung	aufbieten ung
rötung	röten ung
nervenärztlich	nervenarzt lich
kläglichkeit	kläglich keit
barrikadenkämpfer	barrikadenkampf er
arbeiterin	arbeiten er in
theaterbesucherin	theaterbesuch er in
reifenberger	reifenberg er
bestückung	bestücken ung
vogelzüchter	vogelzucht er
protestlerin	protest ler in
landessprachlich	landessprache lich
seehauser	seehausen er
eintauschbar	eintauschen bar
argentinier	argentine ien er
virtuosin	virtuose in
sammlerin	sammler in
torwärter	torwart er
bürokratisierung	bürokrat isch ie isier ung
langweiler	langweilen er
pensionärin	pension är in
metin	mete in
stadtschreiberin	stadtschreiber in
keulenschwinger	keulenschwingen er
verlegerin	verlegen er in
personalchefin	personalchef in
polarisierung	polar isier ung
unnachgiebigkeit	un nachgiebig keit
esslinger	esslingen er
adelung	adeln ung
wildwasserfahrer	wildwasserfahren er
inszenierung	inszenieren ung
opferwilligkeit	opferwillig keit
stundenmäßig	stundenmaß ig
bedenklichkeit	bedenken lich keit
langbärtig	langbart ig
versteuerung	versteuern ung
vereinslos	verein los
marientaler	mariental er
ostholsteiner	ostholstein er
meldung	melden ung
oberzeller	oberzell er
pädagogikstudentin	pädagogikstudent in
feldarbeiterin	feldarbeit er in
oberreichenbacher	oberreichenbach er
konzessionslos	konzession los
tunesierin	tunesien er in
behördenleiterin	behördenleiter in
eigenständigkeit	eigenständig keit
bewegungsfreudig	bewegungsfreude ig
europafeindlichkeit	europafeindlich keit
prozeßrechtlich	prozeßrecht lich
hörspielautorin	hörspielautor in
memminger	memmingen er
arzneimittelrechtlich	arzneimittelrecht lich
monarchistin	monarch isch ist in
regierungsfähigkeit	regierungsfähig keit
formbar	formen bar
ecker	eck er
kirchberger	kirchberg er
kleinunternehmerin	kleinunternehmen er in
weiterförderung	weiterfördern ung
brauchbar	brauchen bar
unsinnigkeit	unsinn ig keit
partnerin	partner in
sozialmediziner	sozialmedizin er
anmaßung	anmaßen ung
biedersteiner	biederstein er
neukundin	neukunde in
rosenkönigin	rosenkönig in
theoriefeindlichkeit	theoriefeindlich keit
liebhaberin	liebhaben in
schuldenmacher	schuldenmachen er
feigenblättchen	feigenblatt chen
lauscher	lauschen er
registrierung	registrieren ung
ehrengerichtlich	ehrengericht lich
streitbar	streiten bar
unverständlich	unverstand lich
einzelspieler	einzelspiel er
albanerin	alban er in
hochverdiener	hochverdienen er
zementierung	zement ier ung
assistentin	assistent in
nürtinger	nürtingen er
anknüpfung	anknüpfen ung
kraftfahrerin	kraftfahrer in
sportwissenschaftlerin	sportwissenschaft ler in
begründer	begründen er
rundfunkjournalistin	rundfunkjournalist in
flossenbürger	flossenburg er
gesundheitswissenschaftlich	gesundheitswissenschaft lich
straßenverkehrsbehördlich	straßenverkehrsbehörde lich
christin	chr ist in
bordellbesitzerin	bordellbesitzer in
balinger	balingen er
mittelständig	mittelstand ig
sozialfürsorger	sozialfürsorge er
unvorstellbar	un vorstellen bar
medienwirksamkeit	medienwirksam keit
finanzpolitiker	finanzpolitik er
kleinkindlich	kleinkind lich
zulässig	zulassen ig
zinker	zinke er
rückversicherung	rückversichern ung
unwandelbar	un wandeln bar
gottesfürchtig	gottesfurcht ig
zustimmungsbedürftigkeit	zustimmungsbedürftig keit
unentschuldbar	un entschulden bar
heilbar	heilen bar
maschinenbauer	maschinenbau er
speditionsunternehmer	speditionsunternehmen er
sudanesin	sudanese in
verlustig	verlust ig
enthüllung	enthüllen ung
obstbäumchen	obstbaum chen
umkehrung	umkehren ung
schuldrechtlich	schuldrecht lich
oberschülerin	oberschule er in
zigarettenraucher	zigarettenrauchen er
innerbetrieblich	inner betrieb lich
restauratorin	restaurator in
einatmung	einatmen ung
ärgerlich	ärger lich
müllunternehmer	müllunternehmen er
obdachlos	obdach los
deckmäntelchen	deckmantel chen
undurchschaubar	un durchschauen bar
zügelung	zügeln ung
hirtin	hirt in
pfeiferaucher	pfeiferauchen er
geldbotin	geldbote in
schlößlein	schloß lein
ermahnung	ermahnen ung
schillern	schill er
abschleppunternehmer	abschleppunternehmen er
steuerpflichtig	steuerpflicht ig
ständestaatlich	ständestaat lich
doppelweltmeisterin	doppelweltmeister in
wendung	wenden ung
krebsmediziner	krebsmedizin er
einstufung	einstufen ung
fleischesser	fleischesse er
unglaublich	unglaube lich
pfeifer	pfeife er
wallfahrerin	wallfahren in
anstandlos	anstand los
eulenberger	eulenberg er
entvölkerung	entvölkern ung
standespolitiker	standespolitik er
kartoffelanbauer	kartoffelanbau er
unterwanderung	unterwandern ung
nukleartechniker	nukleartechnik er
doktorandin	doktorand in
anhängig	anhängen ig
regierungsunfähigkeit	regierungsunfähig keit
unschädlichkeit	un schädlich keit
unentbehrlich	un entbehren lich
trecker	treck er
versteigern	ver steige er
bürgerkriegskämpfer	bürgerkriegskampf er
gemeindesekretärin	gemeindesekretär in
schwulenfeindlichkeit	schwulenfeindlich keit
belagerung	belagern ung
unbrauchbarkeit	un brauchen bar keit
krankenpflegerin	krankenpflege er in
rechtsmäßigkeit	recht mäßig keit
facharbeiterin	facharbeit er in
überalterung	über alter ung
nordspanier	nordspanien er
ungebärdigkeit	ungebärdig keit
bienenfleißig	bienenfleiß ig
tropfenförmig	tropfenform ig
aufwertung	aufwerten ung
altbürgerlich	altbürger lich
weltbanker	weltbank er
fernbedienung	fernbedienen ung
plünderer	plündern er
umweltplaner	umweltplan er
affenartig	affenart ig
fremdenführerin	fremdenführer in
westeuropäerin	westeuropäer in
vernachlässigen	ver nachlassen ig
verschwendungssüchtig	verschwendungssucht ig
figurenspieler	figurenspiel er
sozialbetrüger	sozialbetrug er
anpassung	anpassen ung
verletzlichkeit	verletzen lich keit
lokalisierung	lokal isier ung
rosenkreuzer	rosenkreuz er
brunner	brunnen er
rotenberger	rotenberg er
gießenerin	gießen er in
folgerichtigkeit	folgerichtig keit
schifferstädter	schifferstadt er
weitung	weiten ung
krankenpflegeschüler	krankenpflegeschule er
tierärztlich	tierarzt lich
kammermusiker	kammermusik er
asylsucher	asylsuche er
umfriedung	um fried ung
fremdarbeiterin	fremdarbeit er in
gastarbeiter	gastarbeit er
klavierspieler	klavierspielen er
windschlüpfrigkeit	windschlüpfrig keit
landespolitikerin	landespolitik er in
integrationswillig	integrationswille ig
mitbestimmungspflichtig	mitbestimmungspflicht ig
geldwäscher	geldwäsche er
beobachtung	beobachten ung
aufblähung	aufblähen ung
pforzheimer	pforzheim er
familienfreundlichkeit	familienfreund lich keit
lenkbar	lenken bar
diffamierung	diffamieren ung
wiesentaler	wiesental er
christlichkeit	chr ist lich keit
nichtswürdigkeit	nichtswürdig keit
unscheinbar	un scheinen bar
erkundung	erkunden ung
flieger	fliegen er
unveränderlichkeit	un verändern lich keit
pieper	piepen er
artikelschreiberin	artikelschreiben er in
augenoptiker	augenoptik er
oktoberfestbesucher	oktoberfestbesuch er
skispringer	skispringen er
babelsberger	babelsberg er
gutachterin	gutachten er in
sandkörner	sandkorn er
darstellung	darstellen ung
nachbestellung	nachbestellen ung
versammlungsbesucher	versammlungsbesuch er
verwandter	verwandte er
eisverkäufer	eisverkauf er
stetig	stet e ig
sportlichkeit	sport lich keit
näpfchen	napf chen
bitterkeit	bitter keit
petersburger	petersburg er
spitzenspielerin	spitzenspiel er in
straßenverkäuferin	straßenverkauf er in
säuerlichkeit	säuern lich keit
bildhauerin	bildhauen er in
vermenschlichung	ver mensch lich e ung
institutionalisierung	institutionalisieren ung
idealisierung	ideale isier ung
sozialreformer	sozialreform er
überzieher	überziehen er
kostspieligkeit	kostspielig keit
durchsichtigkeit	durchsicht ig keit
gerichtsreporter	gerichtsreport er
plausibler	plausible er
sommerhäuschen	sommerhaus chen
tiefbauarbeiter	tiefbauarbeit er
anstrengung	an streng e ung
fackelläufer	fackellauf er
konvertierbar	konvertieren bar
vorstellbar	vorstellen bar
fettnäpfchen	fettnapf chen
reinigen	rein e ig
angriffsfähigkeit	angriffsfähig keit
gegenseitigkeit	gegenseite ig keit
mathelehrerin	mathelehrer in
rufmörder	rufmord er
pariser	paris er
radfahrerin	radfahren er in
erfolgslos	erfolg los
erschlaffung	erschlaffen ung
bezirkssekretärin	bezirkssekretär in
rechtgläubigkeit	rechtgläubig keit
denkerin	denker in
bildhauer	bildhauen er
aufführung	aufführen ung
kulturanthropologin	kulturanthropologe in
freiheitskämpfer	freiheitskampf er
erklärbar	erklären bar
blumenständer	blumenstand er
begeisterungsfähigkeit	begeisterungsfähig keit
engelberger	engelberg er
verkäuferin	verkaufen er in
trinkerin	trinken er in
instandsetzung	instandsetzen ung
intensivierung	intension iv e ier ung
wundergläubig	wunderglaube ig
zahlungskräftig	zahlungskraft ig
fleischer	fleisch er
bernburger	bernburg er
landesschatzmeisterin	landesschatzmeister in
züchtung	züchten ung
furchtbarkeit	furchtbar keit
zufälligkeit	zufallen ig keit
fallschirmspringer	fallschirmspringen er
frohsinnig	frohsinn ig
querdenkerin	querdenken er in
nachrichtendienstlich	nachrichtendienst lich
stotterer	stottern er
spielsüchtig	spielsucht ig
kundschafterin	kundschaften in
maierhöfer	maierhof er
inniglich	innig lich
wiederverwendbarkeit	wiederverwenden bar keit
fahnder	fahnden er
einreichung	einreichen ung
vorführung	vorführen ung
stahlbauer	stahlbau er
kriegsberichterstatterin	kriegsberichterstatter in
überlassung	überlassen ung
kommunistin	kommunist in
anspruchsvoller	anspruchsvollen er
teilchen	teil chen
glattstellung	glattstellen ung
versilberung	ver silber ung
firmenchefin	firmenchef in
industrieministerin	industrieminister in
zollamtlich	zollamt lich
bändigung	bändigen ung
spielberger	spielberg er
wirtschaftskorrespondentin	wirtschaftskorrespondent in
hörigkeit	hörig keit
stadtpräsidentin	stadtpräsident in
ablehnung	ablehnen ung
neinsager	neinsagen er
generalmusikdirektorin	generalmusikdirektor in
entwässerung	entwässern ung
sauger	saugen er
versinnlichen	ver sinn lich
einigkeit	eine ig keit
dolmetscherin	dolmetschen er in
vereinsrechtlich	vereinsrecht lich
beziehungsunfähigkeit	beziehungsunfähig keit
brackig	brack ig
urnengänger	urnengang er
orchestermusiker	orchestermusik er
strähnig	strähne ig
beibehaltung	beibehalten ung
volksschullehrerin	volksschullehrer in
speckig	speck ig
privatpatientin	privatpatient in
sondierung	sonde ier ung
heber	hebe er
unmenschlich	unmensch lich
streckung	strecken ung
beschilderung	beschildern ung
schwarzbauer	schwarzbau er
konsensfähigkeit	konsensfähig keit
fortpflanzungsfähigkeit	fortpflanzungsfähig keit
großmannsüchtig	großmannsucht ig
begrenzung	begrenzen ung
immigrantin	immigrant in
geizig	geizen ig
sechseckig	sechseck ig
rentenversicherungspflichtig	rentenversicherungspflicht ig
zärtlichkeit	zärtlich keit
brennbar	brennen bar
metzgerin	metzger in
tiefsinnig	tiefsinn ig
trennbar	trennen bar
diplomingenieurin	diplomingenieur in
ausführer	ausführen er
sternchen	stern chen
elektrikerin	elektrik er in
verdeutlichung	ver deutlich ung
klassifizierung	klassifizieren ung
vergegenständlichen	ver gegenstand lich
hauser	hausen er
bilgin	bilge in
leserlich	lese er lich
schotter	schotten er
diskussionsfreudig	diskussionsfreude ig
meßtechniker	meßtechnik er
lagerung	lagern ung
intrigantin	intrigant in
jugendtrainerin	jugendtrainer in
wochenendbesucher	wochenendbesuch er
ausländerbehördlich	ausländerbehörde lich
anführer	anführen er
fischerin	fischen er in
abwehrspielerin	abwehrspiel er in
regenlos	regen los
brucker	bruck er
aufrüttelung	aufrütteln ung
erziehungswissenschaftlerin	erziehungswissenschaft ler in
elektrohandwerker	elektrohandwerk er
küster	küste er
nebenklagevertreterin	nebenklagevertreter in
wiesbadenerin	wiesbaden er in
fängerin	fangen in
lockenköpfchen	lockenkopf chen
häutchen	haute chen
säbelfechter	säbelfechten er
serviererin	servie ier er in
massenschlächter	massenschlacht er
ravensburger	ravensburg er
dialektiker	dialektik er
krankentransporter	krankentransport er
fischereirechtlich	fischereirecht lich
rostiger	rostige n er
kosmetikerin	kosmetik er in
weiterbetreuung	weiterbetreuen ung
baudirektorin	baudirektor in
ausrichterin	ausrichten er in
vergrößerung	vergrößern ung
unantastbarkeit	unantastbar keit
steurer	steuer er
verspottung	ver spott ung
bebilderung	bebildern ung
empfindlichkeit	empfinden lich keit
lackiererin	lack ier er in
mannheimer	mannheim er
textildesignerin	textildesign er in
rüstungsabhängigkeit	rüstungsabhängig keit
datierung	datieren ung
muttermörder	muttermord er
cheflektorin	cheflektor in
tarifrechtlich	tarifrecht lich
zusammenfügung	zusammenfügen ung
barbesitzerin	barbesitzer in
regenwaldschützer	regenwaldschutz er
ausspülung	ausspülen ung
arzthelferin	arzthelfer in
geistig	geist ig
verständigkeit	verständig keit
begleitmusiker	begleitmusik er
ebersberger	ebersberg er
raubdrucker	raubdruck er
ungläubig	un glauben ig
einzelrichterin	einzelrichter in
komplikationslos	komplikation los
zeitmäßig	zeitmaß ig
untertariflich	unter tarif lich
aktienrechtlich	aktienrecht lich
bundesgenossin	bundesgenosse in
vegetationslos	vegetation los
erziehungsschwierigkeit	erziehungsschwierig keit
blocher	bloch er
saarbrückerin	saarbrücken er in
transferierung	transfer ier ung
reisepartnerin	reisepartner in
duldung	dulden ung
ablagerung	ablagern ung
trapper	trappe er
araber	arab er
aussteller	ausstellen er
hauptzeugin	hauptzeuge in
familienministerin	familienminister in
studienassessorin	studienassessor in
einreibung	ein reibe ung
nichtigkeit	nichtig keit
privatärztlich	privatarzt lich
eindringlichkeit	eindringen lich keit
regierung	regieren ung
zirndorfer	zirndorf er
sinnvoller	sinnvollen er
zeitgenossin	zeitgenosse in
mißhandler	mißhandeln er
pinneberger	pinneberg er
transportfähigkeit	transportfähig keit
meyer	meyen er
ruderer	rudern er
umdrehung	umdrehen ung
erlernung	erlernen ung
pathologin	pathologe in
berufsschülerin	berufsschule er in
bauunternehmerin	bauunternehmen er in
köhler	kohl er
nichtkenner	nichtkennen er
haftrichterin	haftrichter in
kirchenpatronin	kirchenpatron in
sozialexpertin	sozialexperte in
geschwisterlichkeit	geschwister lich keit
istanbuler	istanbul er
erstarrung	erstarren ung
strahler	strahlen er
frachter	fracht er
vielschreiberin	vielschreiber in
restaurantbesitzerin	restaurantbesitzer in
beschuldigen	be schuld ig
vergnügungssüchtig	vergnügungssucht ig
bedrohung	bedrohen ung
hausärztlich	hausarzt lich
filmemacherin	filmemachen er in
einräumung	einräumen ung
kronstädter	kronstadt er
bodenturner	bodenturnen er
unregelmäßigkeit	un regelmäßig keit
wahrheitssucher	wahrheitssuche er
stadtentwicklungssenatorin	stadtentwicklungssenator in
mitteilsamkeit	mitteilen sam keit
hauptinitiatorin	hauptinitiator in
zögerlich	zögern lich
rückläufer	rücklauf er
modelleisenbahner	modelleisenbahn er
alterung	altern ung
fünfeckig	fünfeck ig
sittsamkeit	sittsam keit
bearbeiter	bearbeiten er
verstellbar	verstellen bar
supermächtig	supermacht ig
imker	imke er
rechtsgeschäftlich	rechtsgeschäft lich
schuhverkäufer	schuhverkauf er
hannoveranerin	hannover aner in
kelkheimer	kelkheim er
ballonfahrer	ballonfahren er
lügner	lügen er
benutzbarkeit	benutzen bar keit
gastgewerblich	gastgewerbe lich
töchterchen	tochter chen
zweitakter	zweitakt er
sender	senden er
rührig	rühren ig
ehrlos	ehren e los
bremerhavenerin	bremerhaven er in
nichtpolitiker	nichtpolitik er
solidaritätsarbeiter	solidaritätsarbeit er
unabhängig	un abhängen ig
kitzelig	kitzel ig
taubenzüchter	taubenzucht er
seelsorger	seelsorge er
reisefähigkeit	reisefähig keit
getreidebauer	getreidebau er
räumlich	räumen lich
züchtigen	zucht ig
kreuzigen	kreuz ig
wirtschaftswissenschaftlich	wirtschaftswissen schaft lich
engin	eng e in
schlackenlos	schlacke los
sanitäterin	sanitäter in
klinker	klinke er
kaninchenzüchter	kaninchenzucht er
menschenfreundin	menschenfreund in
hauptschuldig	hauptschuld ig
ernährungsberaterin	ernährungsberater in
plastikbändchen	plastikband chen
schirmer	schirm er
abkanzelung	abkanzeln ung
kleidchen	kleid chen
mitbegründerin	mitbegründer in
schneider	schneiden er
codierung	code ier ung
musikschüler	musikschule er
galopper	galopp er
aussprechbar	aussprechen bar
innerschweizer	innerschweiz er
ausschaltung	ausschalten ung
gefangenentransporter	gefangenentransport er
meierhofer	meierhof er
wassertreter	wassertreten er
unerschöpflichkeit	unerschöpflich keit
umweltfeindlich	umweltfeind lich
antonin	anton in
baumgärtner	baumgarten er
waffenträger	waffentragen er
nachmittäglich	nachmittag lich
generalisierung	generalisieren ung
redseligkeit	redselig keit
fortsetzer	fortsetzen er
bewegungsunfähigkeit	bewegungsunfähig keit
entziehung	entziehen ung
waldshuter	waldshut er
bildungsdezernentin	bildungsdezernent in
huldigen	huld ig
sicherheitstechniker	sicherheitstechnik er
umweltverantwortlichkeit	umweltverantwortlich keit
allgemeingültigkeit	allgemeingültig keit
staubsauger	staubsaugen er
schwätzer	schwätzen er
montagearbeiter	montagearbeit er
verwirklichen	ver wirken lich
vorjährig	vorjahr ig
vermesser	vermessen er
museumspädagogin	museumspädagoge in
sozialmieter	sozialmiete er
reinlichkeit	rein lich keit
nichtarbeitslos	nichtarbeit los
journalistenschüler	journalistenschule er
willenlos	wille los
samtig	samt ig
mobilfunker	mobilfunk er
oberbauer	oberbau er
sonntagsspaziergänger	sonntagsspaziergang er
lorin	lore in
jugendpolitikerin	jugendpolitik er in
grimassenschneider	grimassenschneiden er
plattenaufleger	plattenauflegen er
blumenverkäufer	blumenverkauf er
schulmediziner	schulmedizin er
mißlich	miß lich
individualistin	individualist in
lothringer	lothringen er
ministerpräsidentin	ministerpräsident in
verbindung	verbinden ung
klostergärtner	klostergarten er
rationalisierung	rationale isier ung
falkenberger	falkenberg er
zuschauer	zuschauen er
undurchführbar	un durchführen bar
filialleiterin	filialleiter in
begrifflich	begriff lich
konferenzteilnehmerin	konferenzteilnehmer in
moosburger	moosburg er
altenheimbewohnerin	altenheimbewohner in
streichung	streichen ung
zeitzeugin	zeitzeuge in
stützer	stützen er
reisefreudig	reisefreude ig
anwendung	anwenden ung
bodendecker	bodendecke er
innergesellschaftlich	inner gesellschaft lich
lebensfreundlich	lebensfreund lich
bewältigung	bewältigen ung
gesellschafter	gesellschaft er
ziegenbärtig	ziegenbart ig
parlamentsvizepräsidentin	parlamentsvizepräsident in
verewigung	ver ewig ung
kultivierung	kultivieren ung
taunusstädtchen	taunusstadt chen
immobilienmaklerin	immobilienmakler in
gärtnerin	gärtner in
wiedererrichtung	wiedererrichten ung
eigenartig	eigenart ig
freiburger	freiburg er
flüsterer	flüstern er
yorker	york er
verfinsterung	ver finster ung
rechtsberaterin	rechtsberater in
handtaschenräuber	handtaschenraub er
teilnehmer	teilnehmen er
bejahung	bejahen ung
arbeitskollegin	arbeitskollege in
haller	hall er
rechtsprofessorin	rechtsprofessor in
unfruchtbarkeit	un fruchten bar keit
umformung	umformen ung
atomphysiker	atomphysik er
zweizügigkeit	zweizügig keit
wasserläufer	wasserlauf er
vorhaltung	vorhalten ung
krankheitsanfälligkeit	krankheitsanfällig keit
volkskammerpräsidentin	volkskammerpräsident in
geschäftstüchtigkeit	geschäftstüchtig keit
erforscher	er forsch er
gefängnisdirektorin	gefängnisdirektor in
fühlbar	fühlen bar
gelockert	ge locke er
musikstudentin	musikstudent in
spurlos	spuren los
kommilitonin	kommilitone in
frühherbstlich	frühherbst lich
leserin	lese er in
innerbehördlich	inner behörde lich
besorgung	besorgen ung
länderkundlich	länderkunde lich
gesundheitsschützer	gesundheitsschutz er
studienleiterin	studienleiter in
verdächtigen	verdacht ig
privatdozentin	privatdozent in
liebespärchen	liebespaar chen
heiligkeit	heil e ig keit
nachrichtenchefin	nachrichtenchef in
medaillengewinnerin	medaillengewinn er in
übermenschlich	übermensch lich
stattlichkeit	statt lich keit
menschheitsgeschichtlich	menschheitsgeschichte lich
brauchtumspfleger	brauchtumspflege er
lichtdurchlässigkeit	lichtdurchlässig keit
bottroper	bottrop er
berufstätigkeit	berufstätig keit
mitschuldig	mitschuld ig
wandelbar	wandeln bar
melderin	melden er in
geschlechtlich	geschlecht lich
nachzählung	nachzählen ung
abgründig	abgrund ig
kranzberger	kranzberg er
bundesstatistiker	bundesstatistik er
schäfer	schaf er
reformfreundlich	reformfreund lich
kommissarin	kommissar in
unersetzbar	un ersetzen bar
luxemburger	luxemburg er
kommissionssprecherin	kommissionssprecher in
direktorin	direktor in
erzrivalin	erzrivale in
hotelfachschüler	hotelfachschule er
kunsterzieherin	kunsterzieher in
stolzenberger	stolzenberg er
zuckung	zucken ung
einweihung	einweihen ung
straßburger	straßburg er
weiterschiebung	weiterschieben ung
irrsinnig	irrsinn ig
zappelig	zappeln ig
gesellschaftskritiker	gesellschaftskritik er
gewöhnlich	gewöhnen lich
förderung	fördern ung
störung	stören ung
pomadig	pomade ig
tanzlehrerin	tanzlehrer in
familienpfleger	familienpflege er
herausfordererin	herausforderer in
kämpfer	kämpfen er
bündelung	bündeln ung
oberkellnerin	oberkellner in
ladenbesitzerin	ladenbesitzer in
tischnachbarin	tischnachbar in
enttäuschung	enttäuschen ung
antwortlos	antwort los
posthalterin	posthalter in
schweinezüchter	schweinezucht er
untröstlich	un trost lich
gleichgewichtigkeit	gleichgewicht ig keit
unbeirrbarkeit	unbeirrbar keit
kriminalpolizeilich	kriminalpolizei lich
nachpflanzung	nachpflanzen ung
märchenerzähler	märchenerzählen er
erregung	erregen ung
umschulung	umschulen ung
chemnitzerin	chemnitz er in
späterer	späteren er
priesterlich	priester lich
doppelagentin	doppelagent in
beiordnung	beiordnen ung
verkehrsgutachter	verkehrsgutachten er
überwachungsstaatlich	überwachungsstaat lich
widersprüchlich	widerspruch lich
verwerfung	verwerfen ung
einhebung	einheben ung
sozialverträglich	sozialvertrag lich
bergsteiger	bergsteigen er
washingtoner	washington er
schwärzlich	schwärzen lich
friedrichstädter	friedrichstadt er
bühnenbildnerin	bühnenbildner in
bäuchlein	bauch lein
ruhmlos	ruhm los
justizsenatorin	justizsenator in
auszählung	auszählen ung
kaltentaler	kaltental er
nationalisierung	nationale isier ung
konservierung	konserve ier ung
anklagevertreterin	anklagevertreter in
fürstlich	fürst lich
schuldunfähigkeit	schuldunfähig keit
andalusier	andalusien er
kunstsinnig	kunstsinn ig
gemahlin	gemahl in
menschenrechtsaktivistin	menschenrechtsaktivist in
maschinenbauingenieurin	maschinenbauingenieur in
mystikerin	mystik er in
modellierer	modell ier er
zeichenlehrer	zeichenlehre er
nachahmer	nachahmen er
skiläuferin	skilaufen er in
zurückberufung	zurückberufen ung
fraktionschefin	fraktionschef in
geldspender	geldspende er
bauchig	bauch ig
protokollführerin	protokollführer in
dauermieter	dauermiete er
gröblich	grob e lich
korbflechter	korbflechten er
hochadelig	hochadel ig
knobler	knobeln er
wohnungspolitiker	wohnungspolitik er
dickbauchig	dickbauch ig
stegbauer	stegbau er
schachspieler	schachspielen er
hainer	hae in er
schnarcher	schnarchen er
zürcherin	zürcher in
abteilungsleiterin	abteilungsleiter in
ereignislos	ereignis los
schmalzlockig	schmalzlocken ig
plattfüßig	plattfuß ig
bundesrechtlich	bundesrecht lich
heppenheimer	heppenheim er
wahlmünchnerin	wahlmünchner in
seelentrösterin	seelentrost er in
schätzbar	schätzen bar
dränger	drang er
pfändbar	pfänden bar
showmasterin	showmaster in
festlich	fest e lich
federlos	feder los
realisierbar	real isier bar
baulich	bau lich
kompostierung	kompost ier ung
absichtlichkeit	absicht lich keit
unmündigkeit	un mündig keit
testamentsvollstreckerin	testamentsvollstrecker in
wendelsteiner	wendelstein er
erfolgstrainerin	erfolgstrainer in
zeitungsverkäuferin	zeitungsverkauf er in
klassenkämpfer	klassenkampf er
produktionsarbeiter	produktionsarbeit er
mitbewerberin	mitbewerber in
ballung	ballen ung
töpfer	topf er
kurörtlich	kurort lich
leugnung	leugnen ung
verheiratung	ver heirat ung
lieferung	liefern ung
dauerläufer	dauerlaufen er
lockung	locken ung
italienerin	italien er in
erwerbsloser	erwerbslose er
zurechnungsfähigkeit	zurechnungsfähig keit
kioskverkäufer	kioskverkauf er
fahrschülerin	fahrschule er in
unterernährung	unterernähren ung
klarträumer	klartraum er
jordanierin	jordan ien er in
rettungslos	retten ung los
südthüringer	südthüringen er
überschneidung	überschneiden ung
mißachtung	mißachten ung
sprengtechniker	sprengtechnik er
zurichtung	zurichten ung
diplomvolkswirtin	diplomvolkswirt in
umweltberaterin	umweltberater in
dahergelaufener	dahergelaufene er
volkskundlich	volkskunde lich
fortbildung	fortbilden ung
steinkühler	steinkühl e er
bauhandwerklich	bauhandwerk lich
saugfähigkeit	saugfähig keit
pressebetreuerin	pressebetreuer in
knotig	knoten ig
übertreiber	übertreiben er
verwaltungsdirektorin	verwaltungsdirektor in
legalisierung	legale isier ung
brecher	brechen er
kontextlos	kontext los
politikstudentin	politikstudent in
grundpfandrechtlich	grundpfandrecht lich
friedenscamper	friedenscamp er
erker	erke er
einziehung	einziehen ung
reformwillig	reformwille ig
bezirksmeisterin	bezirksmeister in
henneberger	henneberg er
schriftsetzerin	schriftsetzer in
unsichtbarkeit	un sichten bar keit
ästhetiker	ästhetik er
träumerin	träumen er in
fensterputzer	fensterputzen er
umschlingung	umschlingen ung
schildern	schild er
unachtsamkeit	un achten sam keit
abscheulich	abscheu lich
jamaikanerin	jamaika aner in
zäunchen	zaun chen
fotoredakteurin	fotoredakteur in
besucherfreundlichkeit	besucherfreundlich keit
ahrensburger	ahrensburg er
ironikerin	iron iker in
wanderlustig	wanderlust ig
hanifin	hanife in
wissenschaftsexpertin	wissenschaftsexperte in
sternsinger	sternsingen er
fleckenlos	fleck los
germain	germa in
luftverkehrsrechtlich	luftverkehrsrecht lich
mathematiker	mathematik er
krankenhaussprecherin	krankenhaussprecher in
lichtfleckchen	lichtfleck chen
hinterlistig	hinterlist ig
heilerziehungspflegerin	heilerziehungspflege er in
landurlauber	landurlaub er
japanerin	japan er in
korrektorin	korrektor in
sanktionslos	sanktion los
kunststudentin	kunststudent in
popsängerin	popsänger in
stimmung	stimmen ung
königin	könig in
moskauer	moskau er
eichstätter	eichstätt er
bundessieger	bundessieg er
kanalarbeiter	kanalarbeit er
ideologin	ideologe in
hobbymalerin	hobbymaler in
parlamentskollegin	parlamentskollege in
damenschneiderin	damenschneider in
abstufung	abstufen ung
abendschüler	abendschule er
unbestimmbar	un bestimmen bar
kreatürlich	kreatur lich
wipper	wippe er
falschparker	falschparken er
blumenfreundin	blumenfreund in
tagelöhner	tagelohn er
wiederholung	wiederholen ung
litauerin	litauen er in
benennung	benennen ung
jungarbeiterin	jungarbeiter in
wissenschaftlichkeit	wissenschaft lich keit
verletzung	verletzen ung
gleichstellung	gleichstellen ung
ankläger	anklagen er
beherrscherin	beherrschen er in
massig	masse ig
doppelpartnerin	doppelpartner in
umweltschützer	umweltschutz er
stecker	stecken er
schlachtung	schlachten ung
hofheimer	hofheim er
behaglich	behagen lich
sieder	siede er
feststellung	feststellen ung
betriebsberaterin	betriebsberater in
jugendarbeiterin	jugendarbeit er in
jämmerlichkeit	jammer lich keit
geruchlos	geruch los
mundartdichterin	mundartdichter in
miniröckchen	minirock chen
rezipientin	rezipient in
gleichmütig	gleichmut ig
einstweilig	einstweilen ig
regelung	regeln ung
vereinbarung	vereinbaren ung
rückgängig	rückgang ig
sozialhilferechtlich	sozialhilferecht lich
unionspolitiker	unionspolitik er
bewußtlos	bewußte los
gespannfahrer	gespannfahren er
begrifflichkeit	begriff lich keit
berufsboxer	berufsboxen er
beziehungslos	beziehen ung los
alltagsweltlich	alltagswelt lich
kostbarkeit	kostbar keit
sportministerin	sportminister in
arbeitsgesellschaftlich	arbeitsgesellschaft lich
perlmutter	perlmutt er
kachelofenbauer	kachelofenbau er
verbin	verb in
zerschlagung	zer schlagen ung
feierlichkeit	feier lich keit
mißgünstig	mißgunst ig
gottesdienstbesucherin	gottesdienstbesuch er in
krippenbauer	krippenbau er
staubkörnchen	staubkorn chen
gesundheitlich	gesund heit lich
stationierung	stationieren ung
spaltbarkeit	spalten bar keit
nachfolger	nachfolgen er
verlockung	verlocken ung
araberin	arab er in
rechtsexpertin	rechtsexperte in
verwender	verwenden er
berufspolitiker	berufspolitik er
entscheidungsfreudig	entscheidungsfreude ig
wundertätigkeit	wundertat ig keit
verstoßung	verstoßen ung
radiomacherin	radiomachen er in
säger	säge er
spazierstöckchen	spazierstock chen
spitzenverdienerin	spitzenverdiener in
pastellig	pastell ig
abwehrspieler	abwehrspiel er
freibadbesucher	freibadbesuch er
betriebsverfassungsrechtlich	betriebsverfassungsrecht lich
anpflanzung	anpflanzen ung
verirrung	ver irre ung
stauchung	stauchen ung
tiermedizinerin	tiermedizin er in
ausrufer	ausrufen er
besetzer	besetzen er
sportlich	sport lich
schuldirektorin	schuldirektor in
erwerbung	erwerben ung
verschiffung	ver schiff ung
selbstbezüglich	selbstbezug lich
nachfüllung	nachfüllen ung
viktorin	viktor in
einförmigkeit	einförmig keit
straffälliger	straffälligen er
unkenntlichkeit	un kenntlich keit
hexenhäuschen	hexenhaus chen
warnung	warnen ung
zweikämpfer	zweikampf er
flugmediziner	flugmedizin er
sozialministerin	sozialminister in
badehäuschen	badehaus chen
weisheitslehrer	weisheitslehren er
tunnelbauer	tunnelbau er
rocksängerin	rocksänger in
werbetexter	werbetext er
achttausender	achttausend er
zuziehung	zuziehen ung
kriegsdienstgegnerin	kriegsdienstgegner in
einkäuferin	einkaufen er in
tarifpolitiker	tarifpolitik er
bundesbauministerin	bundesbauminister in
versicherungsvertreterin	versicherungsvertreter in
operationsfähigkeit	operationsfähig keit
allgemeinmedizinerin	allgemeinmedizin er in
pferdekutscher	pferdekutsche er
jungfräulich	jungfrau lich
milderung	mildern ung
kleinteilig	kleinteil ig
proletarierin	proletarier in
kaiserin	kaiser in
sinnbildlich	sinnbild lich
medizinstatistiker	medizinstatistik er
beleger	belegen er
übersinnlich	über sinn lich
industrialisierung	industrialisieren ung
schneeberger	schneeberg er
pollenkörner	pollenkorn er
tennisspielerin	tennisspielen er in
tagung	tagen ung
entschädigung	entschädigen ung
verzollung	verzollen ung
kanadierin	kanada er in
schulung	schulen ung
unterbrecher	unterbrechen er
sozialneider	sozialneid er
erweckung	erwecken ung
stadtverträglichkeit	stadtverträglich keit
verbindlich	verbinden lich
terminplaner	terminplan er
stufig	stufe ig
rasenmäher	rasenmähen er
kundenfreundlichkeit	kundenfreundlich keit
verantwortungslos	verantworten ung los
geldverteiler	geldverteilen er
pater	pate er
ausbildungsleiterin	ausbildungsleiter in
aufwallung	aufwallen ung
kunstfertigkeit	kunstfertig keit
langhaarig	langhaar ig
priorin	prior in
archivarin	archivar in
moralistin	moral ist in
unterbesetzung	unterbesetzen ung
marsberger	marsberg er
knaller	knallen er
erner	erne er
doppelsinnig	doppelsinn ig
stumpfsinnig	stumpfsinn ig
eisschnelläufer	eisschnellaufen er
machtpolitiker	machtpolitik er
neustädter	neustadt er
ratgeberin	ratgeber in
überwirklich	über wirken lich
herrichtung	herrichten ung
freitäglich	freitag lich
rathäuslich	rathaus lich
steher	stehen er
abwertung	abwerten ung
tierhalterin	tierhalter in
fürstin	fürst in
friedensbotschafter	friedensbote schaft er
söhnchen	sohn chen
geschichtsstudentin	geschichtsstudent in
abwechselung	abwechseln ung
heftigkeit	heftig keit
beratungslehrerin	beratungslehrer in
rostockerin	rostock er in
ausreisewilliger	ausreisewillige n er
samin	same in
gewohnheitsrechtlich	gewohnheitsrecht lich
erinnerung	erinnern ung
frauenärztlich	frauenarzt lich
planerin	planen er in
türsteherin	türsteher in
aussteigerin	aussteigen er in
einschrumpfung	einschrumpfen ung
beauftragung	be auftrag ung
fertigung	fertigen ung
katalogisierung	katalog isier ung
bundespräsidentin	bundespräsident in
medienwissenschaftlerin	medienwissenschaft ler in
medienpädagogin	medienpädagoge in
konfliktlos	konflikt los
halbjährig	halbjahr ig
chemikerin	chemiker in
schnitter	schnitte er
flockig	flocken ig
fehlstarter	fehlstart er
einbildung	ein bild ung
tarifexpertin	tarifexperte in
voreiszeitlich	vor eiszeit lich
theaterschauspielerin	theaterschauspieler in
verfemung	ver feme ung
hochschulexpertin	hochschulexperte in
rechtspflegerin	rechtspflege er in
sünderin	sünde er in
wilkin	wilke in
kindler	kindl er
sportpädagogin	sportpädagoge in
überplanung	überplanen ung
elendiglich	elend ig lich
chistopher	chistoph er
familienforscherin	familienforscher in
spaltbar	spalten bar
übermüdung	über müde ung
weinig	wein ig
platzhalterin	platzhalter in
vorstädter	vorstadt er
literaturkritikerin	literaturkritik er in
paarläufer	paarlaufen er
kulturchefin	kulturchef in
waldbauer	waldbau er
buchautorin	buchautor in
hainburger	hainburg er
flugzeugattentäter	flugzeugattentat er
überlinger	überlingen er
programmfüller	programmfülle er
erarbeitung	erarbeiten ung
seelentröster	seelentrost er
giftig	giften ig
autoteiler	autoteilen er
überfälligkeit	überfall ig keit
kundenberaterin	kundenberater in
firmin	firm e in
fehlleitung	fehlleiten ung
medizintechniker	medizintechnik er
meßdienerin	meßdiener in
küstenschützer	küstenschutz er
verleumdung	verleumden ung
spender	spenden er
lieblingsschülerin	lieblingsschüler in
zuspitzung	zuspitzen ung
einzelkläger	einzelklage er
gebrechlich	gebrech lich
kastanienwäldchen	kastanienwald chen
zähler	zahl er
eintrübung	eintrüben ung
einzementierung	einzementieren ung
fragesteller	fragestelle er
fremdsprachenkorrespondentin	fremdsprachenkorrespondent in
eigentätigkeit	eigentätig keit
mißbräuchlich	mißbrauch lich
gemüseverkäuferin	gemüseverkauf er in
schmutzig	schmutz ig
motivierung	motivieren ung
ausweglos	ausweg los
trockner	trocknen er
klinger	klingen e er
wörtlich	wort lich
verkühlung	ver kühl e ung
schaumig	schaum ig
säufer	saufen er
postgewerkschafter	postgewerkschaft er
spießig	spießen ig
forscher	forschen er
niedlichkeit	niedlich keit
frühzeitig	frühzeit ig
heimbewohnerin	heimbewohner in
zufügung	zufügen ung
skandinavier	skandinavien er
chiffrierung	chiffre ier ung
geringschätzig	geringschätzen ig
streifengänger	streifengang er
irmin	irme in
heimarbeiterin	heimarbeit er in
gegenständlich	gegenstand lich
kleinstädtchen	kleinstadt chen
zuckerrohrschneider	zuckerrohrschneiden er
galeristin	galerie ist in
wiederauffindung	wiederauffinden ung
schwefelig	schwefel ig
kriegsplaner	kriegsplan er
verwalterin	verwalten er in
alleinunterhalterin	alleinunterhalter in
gemeindevertreterin	gemeindevertreter in
marburger	marburg er
behördenchefin	behördenchef in
ehrfürchtig	ehrfurcht ig
jugendreferentin	jugendreferent in
verweltlichen	ver welt lich
vielfältig	vielfalt ig
hauptorganisatorin	hauptorganisator in
ersatzbewerberin	ersatzbewerber in
brustschwimmer	brustschwimmen er
vertragsarbeiterin	vertragsarbeiter in
lagerfähigkeit	lagerfähig keit
kriegsberichter	kriegsbericht er
diskreditierung	diskreditieren ung
durchschlagskräftig	durchschlagskraft ig
emotionslos	emotion los
staatschützer	staatschutz er
nachwuchsläuferin	nachwuchsläufer in
kassierin	kassier in
renier	renie er
brettspieler	brettspiel er
heidenheimer	heidenheim er
tierpflegerin	tierpflege er in
trauung	trauen ung
raumpflegerin	raumpfleger in
jagdschlößchen	jagdschloß chen
holker	holke er
dudelsackpfeifer	dudelsackpfeife er
gestalterin	gestalten er in
zündung	zünden ung
sozialpsychologin	sozialpsychologe in
anhebung	anheben ung
kleinlich	klein lich
unkörperlich	un körper lich
testpilotin	testpilot in
wissenschaftlich	wissenschaft lich
aserbaidschaner	aserbaidschan er
sozialräumlich	sozialraum lich
dreizehner	dreizehn er
wenigkeit	wenig keit
menschenähnlichkeit	menschenähnlich keit
unaufrichtigkeit	un aufrichten ig keit
oehler	oehl er
schächtelchen	schachtel chen
abfassung	abfassen ung
abwerbung	abwerben ung
entbindung	ent binde ung
ostberlinerin	ostberlin er in
nachbesserung	nachbessern ung
schändlich	schänden lich
ponyreiter	ponyreiten er
naturalisierung	naturalie isier ung
enthauptung	enthaupten ung
straßenräuber	straßenraub er
fußpfleger	fußpflege er
erziehungswissenschaftlich	erziehungswissenschaft lich
machttechniker	machttechnik er
drogistin	drogist in
denkmalwürdigkeit	denkmalwürdig keit
taner	tan er
veranschaulichen	ver anschauen lich
artikelschreiber	artikelschreiben er
würstchen	wurst chen
eheberaterin	eheberater in
veranstaltungsbesucher	veranstaltungsbesuch er
nicolin	nicole in
erforschung	er forsch ung
weinstädtchen	weinstadt chen
kranichsteiner	kranichstein er
funktionsunfähigkeit	funktionsunfähig keit
lückenlos	lücke los
belgier	belgien er
felsig	felsen ig
wertstellung	wertstellen ung
tröpfchen	tropf chen
epileptikerin	epileptiker in
glücklich	glück lich
straßenbauarbeiter	straßenbauarbeit er
zwischenbetrieblich	zwischen betrieb lich
verslein	vers lein
lernunfähigkeit	lernunfähig keit
folker	folke er
belgrader	belgrad er
barbier	barbie er
heimchen	heim chen
schuldigkeit	schuld ig keit
unterordnung	unterordnen ung
torhüterin	torhüter in
bezirkspolitiker	bezirkspolitik er
regung	regen ung
grundschulleiterin	grundschulleiter in
ansehnlichkeit	ansehnlich keit
privatbesitzer	privatbesitz er
wirklichkeit	wirken lich keit
berührungslos	berühren ung los
ernüchterung	ernüchtern ung
mieterin	mieten er in
töpferin	topf er in
bezirksamtsleiterin	bezirksamtsleiter in
apfelbäumchen	apfelbaum chen
handlungslos	handlung los
notschlachtung	notschlachten ung
einzelstarter	einzelstart er
niederwerfung	niederwerfen ung
verhätschelung	verhätscheln ung
heraufsetzung	heraufsetzen ung
fragerin	fragen er in
verklebung	ver klebe ung
pastoralreferentin	pastoralreferent in
berichterstatterin	berichterstatten er in
schürer	schur er
buchberger	buchberg er
reitlehrerin	reitlehrer in
amerikanistin	amerika anisch ist in
werkschützer	werkschutz er
agitatorin	agitator in
polizeireporterin	polizeireport er in
entmutigung	entmutigen ung
handelsvertreterin	handelsvertreter in
befreiungskämpfer	befreiungskampf er
billiglohnarbeiter	billiglohnarbeit er
bodenbesitzer	bodenbesitz er
kunstgewerblich	kunstgewerbe lich
handköfferchen	handkoffer chen
quarter	quarte er
heilkundig	heilkunde ig
schwerbehinderung	schwerbehindern ung
philosophieprofessorin	philosophieprofessor in
schuldezernentin	schuldezernent in
veredelung	ver edel ung
vertriebsleiterin	vertriebsleiter in
robber	robbe er
stimmchen	stimme chen
nachfrager	nachfragen er
finalistin	finale ist in
betreuer	betreuen er
erwerbslos	erwerb los
weißenburger	weißenburg er
zeitungsverkäufer	zeitungsverkauf er
botanikerin	botanik er in
fantasielos	fantasie los
frauenministerin	frauenminister in
fleischlich	fleisch lich
demokratin	demokrat in
vorstellung	vorstellen ung
projektteilnehmerin	projektteilnehmer in
seniorchefin	seniorchef in
neandertalerin	neandertaler in
wildecker	wildeck er
kinobetreiberin	kinobetreiber in
provozierung	provozieren ung
wiedereingliederung	wiedereingliedern ung
stahlhelmer	stahlhelm er
schlückchen	schluck chen
umwidmung	umwidmen ung
beruflich	beruf lich
geschäftsfähigkeit	geschäftsfähig keit
ballettchefin	ballettchef in
ministerialdirektorin	ministerialdirektor in
verdickung	ver dick e ung
erregbarkeit	erregbar keit
unholdin	unholde in
chicagoer	chicago er
bundesdurchschnittlich	bundesdurchschnitt lich
verhandlungsleiterin	verhandlungsleiter in
pläuschchen	plausch chen
verpressung	verpressen ung
fünfprozentig	fünfprozent ig
zairer	zaire er
longin	longe in
zweitausender	zweitausend er
schränkchen	schrank chen
funker	funken er
gutheißung	gutheißen ung
finanzierung	finanz ier ung
fleißig	fleiß ig
seeberger	seebergen er
hemmungslos	hemmung los
verbreiter	ver breit er
verwendbarkeit	verwendbar keit
sendung	senden ung
ordnungsmäßigkeit	ordnen ung mäßig keit
überwälzung	überwälzen ung
rückseitig	rückseite ig
sportlehrerin	sportlehrer in
einteilig	einteilen ig
hochwürdig	hochwürden ig
entfernung	entfernen ung
richter	richten er
cafer	cafe er
abdin	abd in
vereidigung	vereidigen ung
pförtnerin	pförtner in
zoobesucher	zoobesuch er
bilderstürmer	bildersturm er
neuenburger	neuenburg er
betrieblich	betrieb lich
verbesserer	verbessern er
kolonialstädtchen	kolonialstadt chen
bezauberung	bezaubern ung
parteilich	partei lich
koalitionspartnerin	koalitionspartner in
kulturkritikerin	kulturkritik er in
abschaltung	abschalten ung
begrüßung	begrüßen ung
anreger	anregen er
australier	australien er
überspitzung	über spitz e ung
lohndrücker	lohndruck er
radlerin	radeln er in
vielgestaltig	vielgestalt ig
ungeheuerlichkeit	ungeheuer lich keit
reisefreudigkeit	reisefreude ig keit
vermutung	vermuten ung
aktivensprecherin	aktivensprecher in
kohlberger	kohlberg er
entfesselung	entfesseln ung
ortsvorsteherin	ortsvorsteher in
arbeitssenatorin	arbeitssenator in
göppinger	göppingen er
tübingerin	tübingen er in
privatisierung	private isier ung
androhung	androhen ung
containerfrachter	containerfracht er
osnabrückerin	osnabrück er in
wirtschaftsredakteurin	wirtschaftsredakteur in
busfahrer	busfahren er
beständigkeit	beständig keit
gegenstandlos	gegenstand los
rodlerin	rod ler in
elsner	elsen er
keller	kelle er
pflegedirektorin	pflegedirektor in
hafenstädtchen	hafenstadt chen
gebührenpflichtig	gebührenpflicht ig
geldgeberin	geldgeber in
brieflich	brief lich
beitreibung	beitreiben ung
hetzer	hetze er
zinslos	zins los
spiegelung	spiegeln ung
bausparer	bausparen er
kurierfahrerin	kurierfahrer in
leinfelder	leinfelden er
riesig	riese ig
belehrung	belehren ung
aussagefähigkeit	aussagefähig keit
wettbewerbsfähigkeit	wettbewerbsfähig keit
heilig	heil e ig
junggesellin	junggeselle in
pappig	pappen ig
europafreundlich	europafreund lich
küchengehilfin	küchengehilfe in
radin	rad in
begreiflich	begreifen lich
kumulierung	kumulieren ung
klärung	klären ung
modellierung	modell ier ung
ausstellungsdesigner	ausstellungsdesign er
ausforschung	ausforschen ung
ingelheimer	ingelheim er
heilssucher	heilssuche er
turnierspieler	turnierspiel er
romanistin	roma anisch ist in
thronfolger	thronfolge er
mäulchen	maul chen
nebenklägervertreterin	nebenklägervertreter in
fusionierung	fusion ier ung
versündigung	ver sünde ig e ung
schlemmer	schlemmen er
konfliktunfähigkeit	konfliktunfähig keit
wanderarbeiter	wanderarbeit er
feiertäglich	feiertag lich
grabungsleiterin	grabungsleiter in
sozialhilfebedürftigkeit	sozialhilfebedürftig keit
weltläufig	weltlauf ig
durchschnittlich	durchschnitt lich
krabbenbrötchen	krabbenbrot chen
funktionslos	funktion los
hoffärtig	hoffart ig
tätigkeit	tätig keit
großbauer	großbau er
oberhausenerin	oberhausen er in
vorzeichnung	vorzeichnen ung
hellseher	hellsehen er
wehrbauer	wehrbau er
abgabepflichtig	abgabepflicht ig
friedrichsdorfer	friedrichsdorf er
parteienkritiker	parteienkritik er
schwerlaster	schwerlast er
trickdiebin	trickdieb in
geselligkeit	gesellen ig keit
kicker	kicken er
nordschleswiger	nordschleswig er
biobrötchen	biobrot chen
demütig	demut ig
mittelbar	mitteln bar
sozialbetreuerin	sozialbetreuer in
zeitdiagnostiker	zeitdiagnostik er
menschenfeindlich	menschenfeind lich
entkräftung	entkräften ung
prediger	predigen er
kirchlichkeit	kirche lich keit
haber	haben er
kleinhandwerker	kleinhandwerk er
knochig	knochen ig
strebung	streben ung
wahrnehmbarkeit	wahrnehmen bar keit
staatslos	staat los
sozialstaatssekretärin	sozialstaatssekretär in
menschlich	mensch lich
forscherin	forschen er in
hausberger	hausberg er
organisierung	organisieren ung
gewerbeärztlich	gewerbearzt lich
calin	cal in
weinverkäufer	weinverkauf er
florettfechter	florettfechten er
wuppertalerin	wuppertal er in
bürgerfreundlich	bürgerfreund lich
sorgfältig	sorgfalt ig
abwanderung	abwandern ung
beherbergung	beherbergen ung
fachgutachter	fachgutachten er
handballerin	handballen er in
zustimmung	zustimmen ung
isländerin	island er in
gestalter	gestalten er
rumänin	rumäne in
schloßherrin	schloßherr in
widerspruchslos	widerspruch los
landesplaner	landesplan er
schlangenartig	schlangenart ig
bildkräftig	bildkraft ig
ohrwurmig	ohrwurm ig
wanderung	wandern ung
hürdensprinter	hürdensprint er
todessehnsüchtig	todessehnsucht ig
lösung	lösen ung
organistin	organist in
schutzwürdigkeit	schutzwürdig keit
streber	streben er
titellos	titel los
flugfähigkeit	flugfähig keit
ludwigshafener	ludwigshafen er
hausbauer	hausbauen er
zwischenparteilich	zwischen partei lich
erfurter	erfurt er
pfählung	pfählen ung
wasserträger	wassertragen er
gesamtheitlich	gesamt heit lich
erneuerung	erneuern ung
parlamentarierin	parlamentarier in
ausländerfeindlichkeit	ausländerfeind lich keit
pappschächtelchen	pappschachtel chen
terroristin	terror ist in
umweltschützerin	umweltschutz er in
chemielaborantin	chemielaborant in
barrikadenbauer	barrikadenbau er
studienfreundin	studienfreund in
fixierbar	fix ier bar
hausschlachter	hausschlachten er
fraglich	fragen lich
seehafer	seehafen er
kranbauer	kranbau er
landesverräter	landesverrat er
entwurzelung	entwurzeln ung
mehrheitsgesellschafter	mehrheitsgesellschaft er
lissaboner	lissabon er
taxifahrerin	taxifahren er in
friedberger	friedberg er
zerstreuung	zer streu ung
leibwächterin	leibwächter in
auffüllung	auffüllen ung
überbringung	über bring ung
saisonarbeiter	saisonarbeit er
germanistikstudentin	germanistikstudent in
weiterwanderung	weiterwandern ung
gesamtarbeiter	gesamtarbeit er
manipulierbarkeit	manipulieren bar keit
allmächtig	allmacht ig
dorfschullehrerin	dorfschullehrer in
personalsachbearbeiterin	personalsachbearbeiter in
immobilieneigentümer	immobilieneigentum er
verherrlichen	ver herr lich
nikotinabhängigkeit	nikotinabhängig keit
dezernentin	dezernent in
programmchefin	programmchef in
geschichtenerzählerin	geschichtenerzählen er in
ölunternehmer	ölunternehmen er
bräuer	brauen er
amtschefin	amtschef in
türkin	türke in
borussin	borusse in
absehbar	absehen bar
rednerin	redner in
starringer	starring er
gebrauchsgrafiker	gebrauchsgrafik er
frühzeitlich	frühzeit lich
hauptrednerin	hauptredner in
pressung	pressen ung
gewinnung	gewinnen ung
kenntnislos	kenntnis los
staatsfeindlich	staatsfeind lich
sorger	sorge er
großgrundbesitzer	großgrundbesitz er
gesprächig	gespräch ig
bekehrer	bekehren er
schaumschläger	schaumschlagen er
selbstverwaltung	selbstverwalten ung
einstig	einst ig
anstandslos	anstand los
weltwirtschaftlich	weltwirtschaft lich
nachbörslich	nachbörse lich
aufteilung	aufteilen ung
siegerin	siegen er in
heuchler	heucheln er
fiatfahrerin	fiatfahrer in
prämierung	prämie ier ung
usbekin	usbeke in
windrädchen	windrad chen
stampfer	stampfen er
unanfechtbar	un anfechten bar
schauwerbegestalterin	schauwerbegestalter in
zuhörerin	zuhören er in
orgelspieler	orgelspielen er
parawissenschaftlich	parawissenschaft lich
einbeziehung	einbeziehen ung
umschließung	umschließen ung
unzeitig	unzeit ig
waschung	waschen ung
scheckbetrüger	scheckbetrug er
mittlerin	mittler e in
verbildlichen	ver bild lich
ölarbeiter	ölarbeit er
notwendigkeit	notwendig keit
schlächter	schlachten er
frauenfreundlich	frauenfreund lich
dienststellenleiterin	dienststellenleiter in
lateinschüler	lateinschule er
detailfreudigkeit	detailfreude ig keit
bewaldung	bewalden ung
vergegenwärtigen	ver gegenwart ig
hauptkläger	hauptklage er
spreeathener	spreeathen er
spezifizierung	spezifizieren ung
parteitaktiker	parteitaktik er
abtötung	abtöten ung
privatschüler	privatschule er
chinin	che in in
waschbar	waschen bar
modifizierung	modifizieren ung
blockspieler	blockspiel er
naturgesetzlich	naturgesetz lich
kitschig	kitsch ig
montäglich	montag lich
bemerkung	bemerken ung
entwicklungsplaner	entwicklungsplan er
bewohnbar	bewohnen bar
zeller	zell er
medizinerin	medizin er in
scheußlichkeit	scheußlich keit
tabakanbauer	tabakanbau er
saumseligkeit	saumselig keit
lenin	len in
räuber	rauben er
stückelung	stückeln ung
tierzüchter	tierzucht er
mittagsschläfchen	mittagsschlaf chen
gesetzlichkeit	gesetz lich keit
vereinswirtin	vereinswirt in
normalgewichtig	normalgewicht ig
verstärkung	ver stark e ung
wiederbegründung	wiederbegründen ung
witzigkeit	witzig keit
neufundländer	neufundland er
wertschätzung	wertschätzen ung
büroleiterin	büroleiter in
alain	ala in
engstirnigkeit	engstirnig keit
schwankung	schwanken ung
minderwertigkeit	minderwert ig keit
vertiefung	vertiefen ung
bezieher	beziehen er
kreisgeschäftsführerin	kreisgeschäftsführer in
fertigkeit	fertig keit
konzeptionslos	konzeption los
glücksschweinchen	glücksschwein chen
untervermietung	untervermieten ung
körperpfleger	körperpflege er
haitianerin	haiti aner in
gitarrenspieler	gitarrenspiel er
schlagkräftig	schlagkraft ig
südkoreanerin	südkorea aner in
bundessiegerin	bundessieg er in
musikantin	musikant in
übereilig	übereilen ig
wonneberger	wonneberg er
hauptbuchhalterin	hauptbuchhalter in
meerschweinchen	meerschwein chen
parteipräsidentin	parteipräsident in
rabin	rabe in
sicherstellung	sicherstellen ung
nachwuchsspielerin	nachwuchsspieler in
näherin	nähen e er in
menschenrechtlich	menschenrecht lich
energieplaner	energieplan er
lachszüchter	lachszucht er
kamerunerin	kamerun er in
schließung	schließen ung
privateigentümer	privateigentum er
verkehrsministerin	verkehrsminister in
stricker	stricken er
fahrradfahrerin	fahrradfahren er in
prorektorin	prorektor in
stadtjugendpflegerin	stadtjugendpflege er in
umzingelung	umzingeln ung
spezialistin	spezial ist in
bedienung	bedienen ung
schacherer	schachern er
wolkig	wolke ig
unterwürfigkeit	unterwürfig keit
verlader	verladen er
einsatzplaner	einsatzplan er
scheinbar	scheinen bar
pädagogin	pädagoge in
großbanker	großbank er
streitschlichter	streitschlichte er
schonung	schonen ung
jugoslawin	jugoslawe in
fachkundig	fachkunde ig
chikagoer	chikago er
vergegenständlichen	ver gegenstand lich
erzieher	erziehen er
aufbesserung	aufbessern ung
ulmer	ulme er
hinderung	hindern ung
einarbeitung	einarbeiten ung
lobsänger	lobsang er
burgstädter	burgstadt er
achtung	achten ung
ausstaffierung	ausstaffieren ung
karrieristin	karriere ist in
vorsichtig	vorsicht ig
naturwissenschaftlerin	naturwissenschaft ler in
städtebauer	städtebau er
ziellos	ziel los
paderbornerin	paderborn er in
romin	rom in
losung	losen ung
nachzieher	nachziehen er
entehrung	ent ehren e ung
slalomläufer	slalomlauf er
krankenpfleger	krankenpflege er
kommentatorin	kommentator in
lebensmittelverkäuferin	lebensmittelverkäufer in
referatsleiterin	referatsleiter in
kellermeisterin	kellermeister in
krankschreibung	krankschreiben ung
aschaffenburger	aschaffenburg er
bereisung	bereisen ung
rechtsförmlich	rechtsform lich
geschäftsstellenleiterin	geschäftsstellenleiter in
unbelehrbarkeit	un belehren bar keit
albin	albe in
kandidatin	kandidat in
verschärfung	ver scharf e ung
musikjournalistin	musikjournalist in
abschnürung	abschnüren ung
einzelhändlerin	einzelhändler in
freiin	frei e in
herausgeber	herausgeben er
füller	füllen er
krieger	krieg er
schäbigkeit	schabe ig keit
undurchdringlichkeit	undurchdringlich keit
ansagerin	ansage er in
unterkapitalisierung	unterkapitalisieren ung
wahrhaftig	wahrhafte ig
metallgewerkschafter	metallgewerkschaft er
unwürdigkeit	un würdig keit
landräuber	landraub er
bezeichnung	bezeichnen ung
bearbeiterin	bearbeiten er in
bekundung	bekunden ung
chefideologin	chefideologe in
piepser	piepsen er
pianistin	pianist in
einsendung	einsenden ung
laserdrucker	laserdruck er
verschonung	verschonen ung
hehler	hehl er
gesangspädagogin	gesangspädagoge in
kultusministerin	kultusminister in
maschinenbaulich	maschinenbau lich
vermarktung	ver markt ung
waldarbeiterin	waldarbeit er in
hospitantin	hospitant in
entleerung	ent leer e ung
rothaarig	rothaar ig
schneekönigin	schneekönig in
medienreferentin	medienreferent in
beweispflichtig	beweispflicht ig
nachwuchsregisseurin	nachwuchsregisseur in
aufmerksamkeit	aufmerksam keit
lohnarbeiterin	lohnarbeit er in
urenkelin	urenkel in
kutschenfahrer	kutschenfahren er
heimatstädtchen	heimatstadt chen
verbraucher	verbrauchen er
herleitung	herleiten ung
abschirmung	abschirmen ung
mitteleuropäerin	mitteleuropäer in
mühlheimer	mühlheim er
wolfsberger	wolfsberg er
stammkundin	stammkunde in
betriebswirtschaftsstudentin	betriebswirtschaftsstudent in
schweriner	schwer e in er
freitaler	freital er
europaschüler	europaschule er
verderberin	ver derb er in
feindlich	feinden lich
entzweiung	entzweien ung
entthronung	entthronen ung
narbig	narbe ig
absendung	absenden ung
grönländer	grönland er
vermögensverwalterin	vermögensverwalter in
bärbeißigkeit	bärbeißig keit
türmchen	turm chen
pflanzenschützer	pflanzenschutz er
allacher	allach er
entwendung	entwenden ung
falschschreibung	falschschreiben ung
menschenräuber	menschenraub er
volksläufer	volkslauf er
gebirgig	gebirge ig
scholastiker	scholastik er
verurteilung	ver urteil ung
missionarin	missionar in
polizeibeamtin	polizeibeamte in
surrealistin	surreal ist in
fraulichkeit	frau lich keit
anwerbung	anwerben ung
alltäglichkeit	alltag lich keit
leistungsfeindlichkeit	leistungsfeindlich keit
wasserbaulich	wasserbau lich
standesamtlich	standesamt lich
eberstädter	eberstadt er
tigerin	tiger in
gesundheitsarbeiter	gesundheitsarbeit er
motivationslos	motivation los
weltläufigkeit	weltlauf ig keit
angriffsspieler	angriffsspiel er
entwirrung	entwirren ung
spielerin	spielen el er in
fünfhunderter	fünfhundert er
dienerin	dienen er in
radiotechniker	radiotechnik er
peter	pete er
tanzschüler	tanzschule er
skiflieger	skifliegen er
erlaubnispflichtig	erlaubnispflicht ig
winker	wink er
geldbesitzer	geldbesitz er
erzielung	erzielen ung
jauchzer	jauchzen er
abtreibung	abtreiben ung
sorgsamkeit	sorgsam keit
blumenhändlerin	blumenhändler in
wahlkämpferin	wahlkampf er in
querulantin	querulant in
bomber	bomben er
lösbar	lösen bar
täuschung	täuschen ung
zirkusartistin	zirkusartist in
netzwerkerin	netzwerk er in
vertreibung	vertreiben ung
robbenfänger	robbenfang er
jugendsozialarbeiter	jugendsozialarbeit er
einschärfung	einschärfen ung
lichtlos	licht e los
referentin	referent in
ausreißerin	ausreißen in
schiffchen	schiff chen
waldspaziergänger	waldspaziergang er
elektroinstallateurin	elektroinstallateur in
äsung	äsen ung
fremdrassig	fremdrasse ig
erdig	erden ig
schmarotzer	schmarotzen er
celestin	celeste in
zinsnehmer	zinsnehmen er
weltklasseathletin	weltklasseathlet in
domstädter	domstadt er
klangsinnlich	klangsinn lich
religionskritiker	religionskritik er
trübsalbläser	trübsalblasen er
schimmelig	schimmel ig
ehegattin	ehegatte in
sublimierung	sublime ier ung
schälchen	schal chen
parkplatzsucher	parkplatzsuche er
personalberaterin	personalberater in
anlagerung	anlagern ung
gegenwärtigkeit	gegenwart ig keit
vervielfältigung	vervielfältigen ung
deutschfeindlichkeit	deutschfeindlich keit
prinzlich	prinz lich
materielos	materie los
befeuchtung	be feucht ung
privatgärtner	privatgarten er
argentinierin	argentine ien er in
unerklärlichkeit	un erklären lich keit
tibeterin	tibet er in
verkrümmung	verkrümmen ung
vollstreckerin	vollstrecken er in
kostensenker	kostensenken er
verminung	verminen ung
diplomlehrerin	diplomlehrer in
grifflos	griff los
verstellung	verstellen ung
gesamtwirtschaftlich	gesamtwirtschaft lich
panzerbauer	panzerbau er
schiller	schill er
verdummung	ver dumm ung
urgewaltig	urgewalt ig
schaffung	schaffen ung
wirtschaftsreformer	wirtschaftsreform er
atomkraftgegnerin	atomkraftgegner in
verdächtig	verdacht ig
betreuerin	betreuen er in
handhabbar	handhaben bar
imagepfleger	imagepflege er
drahtzieherin	drahtzieher in
genossin	genosse in
einforderung	einfordern ung
wuchtig	wuchten ig
beschützer	beschützen er
ulmerin	ulme er in
bergsteigerin	bergsteigen er in
einsichtigkeit	einsicht ig keit
ausmalung	ausmalen ung
drogenbesitzer	drogenbesitz er
skrupellos	skrupel los
schwerstverbrecher	schwerstverbrechen er
städtebaulich	städtebau lich
göteborger	göteborg er
staffelung	staffeln ung
verschreibung	verschreiben ung
sorglich	sorge lich
rückenschwimmer	rückenschwimmen er
gerichtsvollzieherin	gerichtsvollzieher in
aufwärter	aufwarten er
musterkläger	musterklage er
gastspielerin	gastspiel er in
neustifter	neustift er
kleinmütigkeit	kleinmut ig keit
scharfsinnig	scharfsinn ig
beunruhigung	beunruhigen ung
schweizer	schweiz er
stellenlos	stellen e los
schicksalslos	schicksal los
privatwirtschaftlich	privatwirtschaft lich
verdiener	verdienen er
abkürzung	abkürzen ung
karlsteiner	karlstein er
werbegrafiker	werbegrafik er
deutung	deuten ung
computerdesigner	computerdesign er
wirkung	wirken ung
parteichefin	parteichef in
eiberger	eiberg er
joker	joke er
erfahrung	erfahren ung
werksärztlich	werksarzt lich
nachfolgekandidatin	nachfolgekandidat in
touristenführerin	touristenführer in
klohäuschen	klohaus chen
lächerlichkeit	lächerlich keit
wagner	wagen er
stecher	stechen er
einzelbauer	einzelbau er
dauerredner	dauerreden er
stressig	stressen ig
eigenbetrieblich	eigenbetrieb lich
mutmacher	mutmachen er
völkerrechtlerin	völkerrecht ler in
schmalzig	schmalzen ig
göttlichkeit	gott lich keit
brotkörbchen	brotkorb chen
staatsrechtlich	staatsrecht lich
erzherzogin	erzherzog in
heilsgeschichtlich	heilsgeschichte lich
planer	planen er
zollhäuschen	zollhaus chen
reiniger	rein e ig er
bahnpolizeilich	bahnpolizei lich
einschmelzung	einschmelzen ung
hauptanteilseignerin	hauptanteilseigner in
abwendbar	abwenden bar
zynikerin	zyniker in
tabakraucher	tabakrauchen er
überholbar	überholen bar
waldig	wald ig
marketingleiterin	marketingleiter in
sexualforscherin	sexualforscher in
überfremdung	über fremd ung
gesellschafterin	gesellschaft er in
feuergefährlich	feuergefahr lich
unpünktlichkeit	un pünktlich keit
städter	stadt er
ebenmäßig	ebenmaß ig
frostig	frost ig
reformerin	reform er in
vorwarnung	vorwarnen ung
ökobauer	ökobau er
schwesterlich	schwester lich
rugbyspieler	rugbyspiel er
schottin	schotte in
unterdrücker	unterdrücken er
chemnitzer	chemnitz er
kleber	kleben er
volksschauspielerin	volksschauspiel er in
denkmalschutzrechtlich	denkmalschutzrecht lich
unterzeichnerin	unterzeichnen er in
zusammensetzung	zusammensetzen ung
landesgesetzlich	landesgesetz lich
tontechniker	tontechnik er
lästerer	lästern er
kürzlich	kürzen lich
bundesstaatlich	bundesstaat lich
vereinbarkeit	vereinbar keit
verhängung	verhängen ung
wasserverbraucher	wasserverbrauch er
fuchsberger	fuchsberg er
unwillig	unwille ig
spätwinterlich	spätwinter lich
geschäftsunfähigkeit	geschäftsunfähig keit
crailsheimer	crailsheim er
menschenartig	menschenart ig
herausgeberin	herausgeben er in
spitzbogig	spitzbogen ig
schulärztlich	schularzt lich
basisaktivistin	basisaktivist in
abberufung	abberufen ung
handelbar	handeln bar
bestellung	bestellen ung
sachverständig	sachverstand ig
verzweigung	ver zweig ung
vertragslos	vertrag los
etappensieger	etappensieg er
verneigung	ver neige ung
biologiestudentin	biologiestudent in
hausbesetzerin	hausbesetzen er in
ausnüchterung	ausnüchtern ung
wassertröpflein	wassertropfen lein
autoritätshörigkeit	autoritätshörig keit
blocker	block er
vorstandssprecherin	vorstandssprecher in
inselurlauber	inselurlaub er
einzelunternehmer	einzelunternehmen er
anfällig	anfallen ig
anarchistin	anarchisch ist in
voraussehbar	voraussehen bar
geschwätzigkeit	schwatz sfx ig keit
abstellung	abstellen ung
plazierung	plazieren ung
gastfreundlichkeit	gastfreund lich keit
profitsüchtig	profitsucht ig
erklärungslos	erklären ung los
bettler	betteln er
annäherung	annähern ung
dortmunderin	dortmund er in
holzhandwerker	holzhandwerk er
architektin	architekt in
guerillakrieger	guerillakrieg er
inderin	inder in
erläuterung	erläutern ung
verbrennbar	verbrennen bar
protokollierung	protokoll ier ung
züchtigung	zucht ig ung
büroarbeiter	büroarbeit er
allgewaltig	allgewalt ig
landesbanker	landesbank er
fischerdörfchen	fischerdorf chen
gleichmacher	gleichmachen er
schweigsamkeit	schweigen sam keit
mutmaßlich	mutmaßen lich
volkswirtschaftlich	volkswirt schaft lich
leidenschaftslos	leiden schaft los
demokratieverträglichkeit	demokratieverträglich keit
kirchenamtlich	kirchenamt lich
risikolos	risiko los
sortierung	sortieren ung
pflegedienstleiterin	pflegedienstleiter in
abweichung	abweichen ung
verweichlichen	ver weich lich
tschechin	tscheche in
ruhelos	ruhe los
gleichmäßigkeit	gleichmaß ig keit
ticketverkäufer	ticketverkauf er
olivier	olivia er
managerin	managen er in
zweiradfahrer	zweiradfahren er
ausweisung	ausweisen ung
wiesensteiger	wiesensteig er
illusionslos	illusion los
fachplaner	fachplan er
widmung	widmen ung
nachtschichtarbeiter	nachtschichtarbeit er
verbrämung	verbrämen ung
ideologiekritiker	ideologiekritik er
fachpolitiker	fachpolitik er
trommlerin	trommeln er in
wehrfähigkeit	wehrfähig keit
stemmer	stemmen er
nützlich	nützen lich
werfer	werfen er
satirikerin	satire iker in
neuanfänger	neuanfangen er
dachauer	dachau er
wahrhaftigkeit	wahrhafte ig keit
lernbar	lernen bar
chaotin	chaot in
meteorologin	meteorologe in
nationalstürmerin	nationalstürmer in
jain	ja in
steigung	steigen ung
großflächig	großfläche ig
berichterstatter	berichterstatten er
statthalterin	statthalter in
erfüllbar	erfüllen bar
filmeinkäufer	filmeinkauf er
steiger	steige er
vollziehbar	vollziehen bar
bochumerin	bochum er in
denkmalspfleger	denkmalspflege er
tabellenachter	tabellenachte n er
spaltung	spalten ung
mentalmagier	mentalmagie er
unentwirrbar	un entwirren bar
sprachkundig	sprachkunde ig
straßenbauer	straßenbau er
juniorenmeisterin	juniorenmeister in
umbuchung	um buch ung
nationaltorhüterin	nationaltorhüter in
ludwigsburger	ludwigsburg er
aufsichtsbehördlich	aufsichtsbehörde lich
friedhofsbesucher	friedhofsbesuch er
tartarin	tartare in
schriftsteller	schriftstelle er
neuwerker	neuwerk er
übertretung	übertreten ung
boutiquebesitzerin	boutiquebesitzer in
lehrmeisterin	lehrmeister in
ablieferung	abliefern ung
waggonbauer	waggonbau er
unterlaufung	unterlaufen ung
kraftwerker	kraftwerk er
frühaufsteherin	frühaufstehen er in
schuldig	schuld ig
funktionärin	funktionär in
mandatsträgerin	mandatsträger in
nacktbader	nacktbaden er
obermeisterin	obermeister in
kehlig	kehle ig
hüpfer	hüpfen er
tränlein	träne lein
unterbelichtung	unterbelichten ung
neuensteiner	neuenstein er
autobauer	autobau er
gemüseanbauer	gemüseanbau er
landesherrlich	landesherr lich
erfreulich	erfreuen lich
wiedereinsetzung	wiedereinsetzen ung
mißbilligung	mißbilligen ung
mazedonier	mazedonien er
übertreibung	übertreiben ung
widerstandsunfähigkeit	widerstandsunfähig keit
spitzenkandidatin	spitzenkandidat in
wasserrechtlich	wasserrecht lich
senkung	senken ung
prüfung	prüfen ung
briefträgerin	briefträger in
räuchermännchen	räuchermann chen
bielefelderin	bielefelder in
teigig	teig ig
wunderbar	wundern bar
tänzer	tanz er
empörung	empören ung
pharmareferentin	pharmareferent in
silberhaarig	silberhaar ig
englischlehrerin	englischlehrer in
mordverdächtig	mordverdacht ig
überlebenskämpfer	überlebenskampf er
truppentransporter	truppentransport er
drapierung	drapieren ung
behandlungsbedürftigkeit	behandlungsbedürftig keit
gesundheitspolizeilich	gesundheitspolizei lich
generalkonsulin	generalkonsul in
kunsthandwerkerin	kunsthandwerk er in
museumschefin	museumschef in
bundeskanzlerin	bundeskanzler in
kauffreudigkeit	kauffreude ig keit
verflechtung	verflechten ung
programmplaner	programmplan er
gartenbauschüler	gartenbauschule er
arbeitsberaterin	arbeitsberater in
übergriffig	übergriff ig
aktienkäufer	aktienkauf er
auszahlung	auszahlen ung
schwarzafrikanerin	schwarzafrika aner in
besteller	bestellen er
brüderchen	bruder chen
verwahrung	verwahren ung
angrenzer	angrenzen er
frager	fragen er
neuwähler	neuwahl er
sühnung	sühnen ung
arbeitersportlerin	arbeitersport ler in
bekleidung	be kleid ung
schartig	scharte ig
metallerin	metall er in
verlesung	verlesen ung
geburtsmediziner	geburtsmedizin er
aufsetzer	aufsetzen er
pfarrer	pfarre er
verantwortung	verantworten ung
entladung	entladen ung
straßenverkäufer	straßenverkauf er
judenfreundlich	judenfreund lich
weltenbummlerin	weltenbummler in
angriffsunfähigkeit	angriffsunfähig keit
sommersprossig	sommersprosse ig
fotografin	fotograf in
klassiker	klassik er
presserechtlich	presserecht lich
talmudschüler	talmudschule er
gerichtsreporterin	gerichtsreport er in
haftungsrechtlich	haftungsrecht lich
industriegesellschaftlich	industriegesellschaft lich
klosterschüler	klosterschule er
streuner	streunen er
gelnhausener	gelnhausen er
gesellschaftsrechtlich	gesellschaftsrecht lich
breiig	brei ig
fehler	fehlen er
objektkünstlerin	objektkunst ler in
äußerlich	äußern lich
austragbar	austragen bar
sichtung	sichten ung
ausschweifung	aus schweif ung
lokalredakteurin	lokalredakteur in
rundfunkrechtlich	rundfunkrecht lich
amtsträgerin	amtsträger in
wundertätigen	wundertat ig
negerin	neger in
leonberger	leonberg er
duselig	dusel ig
sicherheitspolitiker	sicherheitspolitik er
lustlos	lust los
steller	stellen er
lobbyistin	lobby ist in
radfreundlich	radfreund lich
bezirksvorsteherin	bezirksvorsteher in
karosseriebauer	karosseriebau er
hinzufügung	hinzufügen ung
ausrufung	ausrufen ung
werbeleiterin	werbeleiter in
lebensmittelchemikerin	lebensmittelchemiker in
mütterlich	mutter lich
dolmetscher	dolmetschen er
bader	baden er
fahnenschwinger	fahnenschwingen er
brandgefährlich	brandgefahr lich
traktätchen	traktat chen
rückversicherer	rückversichern er
schrumpfung	schrumpfen ung
garantiegeberin	garantiegeber in
unauffindbar	un auffinden bar
erkundigung	erkundigen ung
literaturkritiker	literaturkritik er
zwischenkirchlich	zwischen kirche lich
blaublütig	blaublut ig
heiratsvermittlerin	heiratsvermittler in
funktionstüchtigkeit	funktionstüchtig keit
unsinnig	unsinn ig
ester	este er
märtyrerin	märtyrer in
lokalgeschichtlich	lokalgeschichte lich
medienunternehmer	medienunternehmen er
verteiler	verteilen er
verführer	verführen er
wechselburger	wechselburg er
ausgliederung	ausgliedern ung
jugendturner	jugendturnen er
privatgutachter	privatgutachten er
abteilungsdirektorin	abteilungsdirektor in
wiederverarbeitung	wiederverarbeiten ung
schulmeisterin	schulmeister in
eigenmächtigkeit	eigenmacht ig keit
aufbahrung	aufbahren ung
kulturredakteurin	kulturredakteur in
regimekritikerin	regimekritik er in
reiter	reiten er
sachlichkeit	sache lich keit
geräteturner	geräteturnen er
deutschlehrerin	deutschlehrer in
bassistin	basse ist in
unionspolitikerin	unionspolitik er in
anmietung	anmieten ung
rüschenkleidchen	rüschenkleid chen
ablehner	ablehnen er
landeskundlich	landeskunde lich
kater	kate er
schmierigkeit	schmieren e ig keit
fresser	fressen er
betrüblich	betrüben lich
siedlerin	siedler in
samenspender	samenspende er
genüßlich	genuß lich
fahrdienstleiterin	fahrdienstleiter in
ehelich	ehe lich
friedlichkeit	frieden lich keit
biochemikerin	biochemiker in
hüttenwerker	hüttenwerk er
lindauer	lindau er
reformer	reform er
auffälligkeit	auffällig keit
komödiantin	komödiant in
haussklavin	haussklave in
spannungslos	spannen ung los
einbrecherin	einbrechen er in
leistungssportlich	leistungssport lich
regierungspräsidentin	regierungspräsident in
verkehrsunternehmer	verkehrsunternehmen er
alleingänger	alleingang er
heimarbeiter	heimarbeit er
weberin	web er in
wurmig	wurmen ig
chefdesignerin	chefdesigner in
gefängniswärterin	gefängniswärter in
schreiber	schreiben er
mülltransporter	mülltransport er
unmutig	unmut ig
umweltreferentin	umweltreferent in
zweifarbigkeit	zweifarbig keit
freikirchlich	freikirche lich
nagolder	nagold er
rechtskräftigkeit	rechtskraft ig keit
versprecher	versprechen er
freizeitsportlich	freizeitsport lich
oberschüler	oberschule er
bäcker	backen er
meßbarkeit	meßbar keit
telefonistin	telefon isch ist in
erwägung	erwägen ung
zuversichtlich	zuversicht lich
bildungsministerin	bildungsminister in
schalterbeamtin	schalterbeamte in
lenker	lenken er
verschickung	ver schick ung
nivellierung	nivellieren ung
verschraubung	ver schrauben e ung
platzanweiserin	platzanweiser in
lebensgeschichtlich	lebensgeschichte lich
tankstellenpächterin	tankstellenpächter in
kulturhistoriker	kulturhistorik er
entsetzlichkeit	entsetzen lich keit
schöngeistig	schöngeist ig
widerwillig	widerwille ig
tilgung	tilgen ung
süchtigkeit	sucht ig keit
fingerhütchen	fingerhut chen
grundstücksverkäufer	grundstücksverkauf er
fortschrittlich	fortschritt lich
pflanzenbaulich	pflanzenbau lich
wertpapierbesitzer	wertpapierbesitz er
betzenberger	betzenberg er
detailfreudig	detailfreude ig
jungpolitikerin	jungpolitiker in
abstandhalter	abstandhalten er
unendlichkeit	un ende lich keit
baugeschichtlich	baugeschichte lich
schwergängigkeit	schwergängig keit
stimmgewaltig	stimmgewalt ig
jubilarin	jubilar in
namenspatin	namenspate in
wohlfahrtsstaatlich	wohlfahrtsstaat lich
erstreckung	er strecken e ung
kontaktfähigkeit	kontaktfähig keit
vollsortimenter	vollsortiment er
ölabhängigkeit	ölabhängig keit
studienabsolventin	studienabsolvent in
berufsständig	berufsstand ig
unterdurchschnittlich	unter durchschnitt lich
durchführung	durchführen ung
degenfechterin	degenfechten er in
landesumweltministerin	landesumweltminister in
auslandsbesucher	auslandsbesuch er
arbeitsmediziner	arbeitsmedizin er
vizemeisterin	vizemeister in
flüchtlingskommissarin	flüchtlingskommissar in
drogenberaterin	drogenberater in
vereinsamung	ver einsam ung
rinderzüchter	rinderzucht er
überparteilichkeit	über partei lich keit
mundartlich	mundart lich
knechtung	knechten ung
bibelleser	bibellesen er
tipper	tippen er
eroberung	erobern ung
gewichtigkeit	gewichten ig keit
maier	maia er
unsauberkeit	un sauber keit
vorsteherin	vorstehen in
unmanierlich	un manier lich
sektkühler	sektkühle er
großbesitzer	großbesitz er
beteiligung	beteiligen ung
ökogärtner	ökogarten er
raumzeitlich	raumzeit lich
pressevertreterin	pressevertreter in
verleumder	verleumden er
vorsichtigkeit	vorsicht ig keit
erdrosselung	erdrosseln ung
maschinenschriftlich	maschinenschrift lich
ausbilderin	ausbilden er in
architekturgeschichtlich	architekturgeschichte lich
hauptbelastungszeugin	hauptbelastungszeuge in
gastarbeiterin	gastarbeit er in
mittelfeldspieler	mittelfeldspiel er
fachverkäuferin	fachverkäufer in
möblierung	möblieren ung
polizeisprecherin	polizeisprecher in
schützbar	schützen bar
jugendschöffin	jugendschöffe in
gewerkschaftssekretärin	gewerkschaftssekretär in
rainer	rain er
drachenflieger	drachenfliegen er
semin	sem in
bauplanungsrechtlich	bauplanungsrecht lich
kunstjournalistin	kunstjournalist in
bissigkeit	bissen ig keit
aufhebung	aufheben ung
sozialdemokratin	sozialdemokrat in
lebensspenderin	lebensspender in
passivraucher	passivrauchen er
altersgenossin	altersgenosse in
nachwuchsathletin	nachwuchsathlet in
verzichtspolitiker	verzichtspolitik er
seetüchtigkeit	seetüchtig keit
wiederbelegung	wiederbelegen ung
zuschüttung	zuschütten ung
einschreibung	einschreiben ung
öffnung	öffnen ung
schächter	schacht er
steigerung	steigern ung
pelzer	pelz er
überbevölkerung	überbevölkern ung
kreuzberger	kreuzberg er
baupolizeilich	baupolizei lich
fotojournalistin	fotojournalist in
konfessionsloser	konfessionslose n er
liedersängerin	liedersänger in
innovationsfreudigkeit	innovationsfreude ig keit
religionslehrer	religionslehre er
spritzig	spritzen ig
anfängerin	anfangen er in
töchterlein	tochter lein
langsamfahrer	langsamfahren er
sparsamkeit	sparen sam keit
abbildbar	abbilden bar
streikfähigkeit	streikfähig keit
schellenberger	schellenberg er
verzweiflungstäter	verzweiflungstat er
lieblingsheldin	lieblingsheld in
einsichtsfähigkeit	einsichtsfähig keit
werbetechniker	werbetechnik er
verkantung	verkanten ung
natürlicher	natürlichen er
brandstifterin	brandstifter in
heimatlich	heimat lich
ausrutscher	aus rutsch er
nebelwerfer	nebelwerfen er
hindernisläufer	hindernislauf er
nachdrücklichkeit	nachdruck lich keit
otter	otte er
zeitgeistig	zeitgeist ig
reformfreudig	reformfreude ig
berghofer	berghof er
wohnungsmieterin	wohnungsmiete er in
unpäßlichkeit	unpäßlich keit
kinderschützer	kinderschutz er
blitzkrieger	blitzkrieg er
würdigkeit	würdig keit
schiffbauer	schiffbau er
sprachmächtigkeit	sprachmächtig keit
fraktionsgeschäftsführerin	fraktionsgeschäftsführer in
giftigkeit	giften ig keit
besinnlichkeit	besinnen lich keit
einspringer	einspringen er
südtiroler	südtirol er
schlucker	schlucken er
akteurin	akteur in
widerwärtigkeit	widerwärtig keit
rikschafahrer	rikschafahren er
experimentalphysiker	experimentalphysik er
raubmörder	raubmord er
staatsekretärin	staatsekretär in
erschwerung	erschweren ung
belieferung	beliefern ung
überzeugungstäterin	überzeugungstat er in
orientierung	orient ier ung
bestechlichkeit	bestechen lich keit
fuhrunternehmer	fuhrunternehmen er
spendenfreudigkeit	spendenfreude ig keit
oberbürgermeisterkandidatin	oberbürgermeisterkandidat in
betrachtung	betrachten ung
goldschmiedin	goldschmiede in
theaterspieler	theaterspielen er
irrtümlich	irrtum lich
binnenschiffer	binnenschiff er
aussiedlerin	aussiedeln er in
entschleierung	entschleiern ung
drahtlos	draht los
kränklich	kränken lich
wundertäter	wundertat er
versicherungsbetrüger	versicherungsbetrug er
physiker	physik er
beschwörer	beschwören er
beispielslos	beispielen los
überreichlich	über reich lich
würger	würgen er
schwindsüchtig	schwindsucht ig
vermutlich	vermuten lich
springreiterin	springreiten er in
trittbrettfahrerin	trittbrettfahren er in
unbenutzbar	un benutzen bar
fortgeltung	fortgelten ung
fachleiterin	fachleiter in
konvertierung	konvertieren ung
bandenchefin	bandenchef in
einwilligung	einwilligen ung
saisonsieger	saisonsieg er
ahnungslos	ahnen ung los
mütterlichkeit	mutter lich keit
aufsichtsrechtlich	aufsichtsrecht lich
unterteilung	unterteilen ung
überschreitung	überschreiten ung
simultanübersetzerin	simultanübersetzer in
nellinger	nellingen er
werkstattleiterin	werkstattleiter in
gartenhäuschen	gartenhaus chen
heilung	heilen ung
familienhelferin	familienhelfer in
orientalin	orientale in
versachlichung	ver sache lich ung
selbstläufer	selbstlauf er
überziehung	überziehen ung
bodendenkmalpfleger	bodendenkmalpflege er
graphikdesignerin	graphikdesign er in
verzeichnung	verzeichnen ung
ausschreitung	ausschreiten ung
übertragbar	übertragen bar
unterschiedlich	unterschied lich
schläfern	schlaf er
gaukler	gaukeln er
schlagersängerin	schlagersänger in
publizistin	publizist in
journalistikstudentin	journalistikstudent in
beharrlichkeit	beharren lich keit
konzertpianistin	konzertpianist in
selbstgenügsamkeit	selbstgenügsam keit
beischläfer	beischlaf er
einstudierung	einstudieren ung
teilung	teilen ung
spendierfreudig	spendierfreude ig
bierstädter	bierstadt er
neudecker	neudeck er
verzerrung	verzerren ung
strapazierbar	strapaze ier bar
annullierung	annullieren ung
innerlichkeit	inner e lich keit
treter	treten er
lehrmeisterlich	lehrmeister lich
rehlein	reh lein
löckchen	locke chen
unhandlich	un hand lich
nachbarbauer	nachbarbau er
seerechtlich	seerecht lich
brüller	brüllen er
thüringer	thüringen er
nachlieferung	nachliefern ung
bürgin	bürge in
laienmusiker	laienmusik er
theaterwissenschaftlerin	theaterwissenschaft ler in
anteilseignerin	anteilseigner in
innerparteilich	inner partei lich
verwaltungstechniker	verwaltungstechnik er
sonderberichterstatterin	sonderberichterstatter in
nordöstlich	nordost lich
elternmörder	elternmord er
messebesucher	messebesuch er
firmenrechtlich	firmenrecht lich
sittlich	sitte lich
prophezeiung	prophezeien ung
zweihunderter	zweihundert er
akin	ake in
karriereberaterin	karriereberater in
teilprivatisierung	teilprivatisieren ung
exportabhängigkeit	exportabhängig keit
pragmatiker	pragmatik er
bäckerin	backen er in
stahlwerker	stahlwerk er
langzeiturlauber	langzeiturlaub er
hänger	hängen er
maintaler	maintal er
unterhaltung	unterhalten ung
auskleidung	auskleiden ung
mitleidslos	mitleid los
eisenacher	eisenach er
stammeskämpfer	stammeskampf er
ansager	ansage er
richtigkeit	richten ig keit
warzig	warze ig
gedankenleser	gedankenlesen er
unterfinanzierung	unter finanz ier ung
fachschüler	fachschule er
landesstatistiker	landesstatistik er
selbstmitleidig	selbstmitleid ig
werblich	werben lich
hochschullehrer	hochschullehre er
hohensteiner	hohenstein er
rotenburger	rotenburg er
anbieter	anbieten er
schönberger	schönberg er
kaffeepflanzer	kaffeepflanze er
tateinheitlich	tateinheit lich
abtreiberin	abtreiben er in
apotheker	apotheke er
simulantin	simulant in
wienerin	wien er in
einprägung	einprägen ung
bühnenwirksamkeit	bühnenwirksam keit
scherer	schere er
bürgerrechtlich	bürgerrecht lich
interpretationsfähigkeit	interpretationsfähig keit
farbberaterin	farbberater in
wallung	wallen ung
wohnlich	wohnen lich
verwaltung	verwalten ung
demeter	demet er
wählbar	wählen bar
marcellin	marcelle in
bedienerin	bedienen er in
leitung	leiten ung
verweslich	verwesen lich
vollbesetzung	vollbesetzen ung
mitternächtlich	mitternacht lich
possierlichkeit	possierlich keit
erfüllung	erfüllen ung
vermehrung	ver mehr ung
altistin	alte ist in
pflegerin	pflegen er in
ausgrenzung	ausgrenzen ung
erkennung	erkennen ung
käsig	käsen ig
bahnbauer	bahnbau er
überflüssigkeit	über flüssig keit
gesamtsiegerin	gesamtsieg er in
knackig	knacken ig
marburgerin	marburg er in
defensivspieler	defensivspiel er
einzellig	einzelle ig
weiterreichung	weiterreichen ung
nachsichtigkeit	nachsicht ig keit
säkularisierung	säkulare isier ung
wahlgewinner	wahlgewinn er
stabilisierung	stabile isier ung
hausmeisterin	hausmeister in
justizministerin	justizminister in
harzburger	harzburg er
blutung	bluten ung
walschützer	walschutz er
verfassung	verfassen ung
psychoanalytikerin	psychoanalytiker in
wüstenkrieger	wüstenkrieg er
postmitarbeiterin	postmitarbeiter in
risikofreudig	risikofreude ig
gebieter	gebieten er
zivilkläger	zivilklage er
gesundheitsberaterin	gesundheitsberater in
vergünstigung	ver gunst ig ung
segelfliegerin	segelfliegen er in
strafbarkeit	strafen bar keit
internistin	intern e ist in
metallbauer	metallbau er
klassenleiterin	klassenleiter in
polospieler	polospiel er
rober	robe er
handgreiflichkeit	handgreiflich keit
nordkoreanerin	nordkorea aner in
emmendinger	emmendingen er
entdeckung	entdecken ung
zulassung	zulassen ung
staatskirchlich	staatskirche lich
bestimmung	bestimmen ung
aktenköfferchen	aktenkoffer chen
werbegrafikerin	werbegrafik er in
weiterblättern	weiterblatt er
kunstgeschichtlich	kunstgeschichte lich
dauerparker	dauerparken er
schmälerung	schmälern ung
achtmalig	achtmal ig
beifällig	beifallen ig
matschig	matschen ig
aussendung	aussenden ung
altenpflegerin	altenpflege er in
inbrünstig	inbrunst ig
drogenabhängigkeit	drogenabhängig keit
lutzer	lutz er
hofgärtner	hofgarten er
normung	normen ung
filmverleiher	filmverleih er
flugblattverteiler	flugblattverteilen er
geschäftsführerin	geschäftsführer in
vorrangig	vorrang ig
kreuzigen	kreuz ig
antiquitätenhändlerin	antiquitätenhändler in
angliederung	angliedern ung
discobesucher	discobesuch er
wohltäter	wohltat er
vogelhäuschen	vogelhaus chen
klassespieler	klassespiel er
vergällung	vergällen ung
holzbauer	holzbau er
vorahnung	vorahnen ung
artigkeit	artig keit
rektorin	rektor in
ballettlehrerin	ballettlehrer in
großtanker	großtank er
kostümverleiher	kostümverleih er
bootsverleiher	bootsverleih er
schirmchen	schirm chen
erschleichung	erschleichen ung
kodifizierung	kodifizieren ung
tontäfelchen	tontafel chen
friedlich	frieden lich
beschwichtigung	beschwichtigen ung
überfachlich	über fach lich
niederländerin	niederlande er in
breitenberger	breitenberg er
entsetzlich	entsetzen lich
rucksäckchen	rucksack chen
kalifornierin	kalifornien er in
mönchengladbacher	mönchengladbach er
spurensucher	spurensuchen er
bewerberin	bewerben er in
vermischung	vermischen ung
gaswäscher	gaswäsche er
karikaturistin	karikatur ist in
weiterbeschäftigung	weiterbeschäftigen ung
briefeschreiberin	briefeschreiben er in
gesundheitspolitiker	gesundheitspolitik er
rattenfänger	rattenfang er
theaterpädagogin	theaterpädagoge in
suppig	suppe ig
randalierer	randale ier er
gastregisseurin	gastregisseur in
wäscherin	waschen er in
einschlägig	einschlagen ig
leichtfertigkeit	leichtfertig keit
erfrierung	erfrieren ung
hagener	hagen er
finanzreferentin	finanzreferent in
fahrbar	fahren bar
fortführung	fortführen ung
konzernchefin	konzernchef in
kunstkritikerin	kunstkritik er in
jungsteinzeitlich	jungsteinzeit lich
häutung	häuten ung
werkstofftechniker	werkstofftechnik er
gräfin	gräf in
aussteiger	aussteigen er
goldsucher	goldsuche er
grenzpolizeilich	grenzpolizei lich
altenpfleger	altenpflege er
erfurterin	erfurt er in
wirkungsmächtigkeit	wirkungsmacht ig keit
erscheinung	erscheinen ung
sexualverbrecher	sexualverbrechen er
meisterschüler	meisterschule er
hager	hagen er
gesundheitsdezernentin	gesundheitsdezernent in
selbstbestimmung	selbstbestimmen ung
monopolistin	monopol ist in
übersetzbar	übersetzen bar
weltklassespielerin	weltklassespieler in
pietätlos	pietät los
cremig	creme ig
ziehung	ziehen ung
jugendseelsorger	jugendseelsorge er
profanierung	profane ier ung
laupheimer	laupheim er
abmeldung	abmelden ung
isolierung	isolieren ung
lebensretterin	lebensretter in
taufpatin	taufpate in
weltbürgerin	weltbürger in
bremerin	bremen er in
fußballspielerin	fußballspielen er in
fachärztlich	facharzt lich
terrier	terra er
rochlitzer	rochlitz er
osterurlauber	osterurlaub er
klarsichtig	klarsicht ig
entwöhnung	entwöhnen ung
spartenleiterin	spartenleiter in
testesser	testesse er
verschüttung	ver schütte ung
glücklos	glück los
gewichtig	gewichten ig
tamer	tam er
renovierung	renovieren ung
meisterlich	meister lich
torfstecher	torfstechen er
busfahrerin	busfahren er in
bearbeitung	bearbeiten ung
unverdaulichkeit	unverdaulich keit
tontechnikerin	tontechnik er in
nürnbergerin	nürnberg er in
mehrkämpfer	mehrkampf er
pekinger	peking er
sinnlichkeit	sinn lich keit
anästhesistin	anästhesie ist in
synchronisierung	synchrone isch isier ung
literaturwissenschaftlich	literaturwissenschaft lich
gewinnsüchtig	gewinnsucht ig
verstauchung	verstauchen ung
nationalheldin	nationalheld in
fünftausender	fünftausend er
bestäubung	bestäuben ung
männlich	mann lich
aufsteigerin	aufsteigen er in
überversorgung	überversorgen ung
produktionsleiterin	produktionsleiter in
schwarzenberger	schwarzenberg er
demokratieunfähigkeit	demokratieunfähig keit
anschmiegsamkeit	anschmiegen sam keit
jugendringer	jugendringen er
bummler	bummeln er
beischläferin	beischlaf er in
sachbearbeiterin	sachbearbeiter in
befürworterin	befürworten er in
nationalgeschichtlich	nationalgeschichte lich
heimkehrerin	heimkehren er in
kulturwissenschaftlerin	kulturwissenschaft ler in
reichenbacher	reichenbach er
ungebührlich	ungebühr lich
werbewirksamkeit	werbewirksam keit
kaiserlich	kaiser lich
markenlos	mark los
abiturientin	abiturient in
haarschneider	haarschneiden er
tagungsleiterin	tagungsleiter in
langläufer	langlaufen er
dreitausender	dreitausend er
fachwerkstädtchen	fachwerkstadt chen
kalkulierbar	kalkulieren bar
verdrießlichkeit	verdrießen lich keit
turniersieger	turniersieg er
zünftig	zunft ig
eritreerin	eritreer in
badenerin	baden er in
verdinglichen	ver ding lich
zahler	zahlen er
kartenverkäufer	kartenverkauf er
entzückung	entzücken ung
lieblingsschauspielerin	lieblingsschauspieler in
ausblendung	ausblenden ung
gefällig	gefälle ig
anschaffung	anschaffen ung
abbuchung	abbuchen ung
machtlos	macht los
kleinschreibung	kleinschreiben ung
melker	melken er
verdrahtung	ver draht ung
überdeutlichkeit	über deutlich keit
schlüsselchen	schlüssel chen
wetterabhängigkeit	wetterabhängig keit
gemeinschaftlich	gemeinschaft lich
kapitalbesitzer	kapitalbesitz er
barleber	barleben er
ausleihung	ausleihen ung
nordirin	nordire in
versenkung	versenken ung
herbstlich	herbst lich
rollenspieler	rollenspiel er
iraner	iran er
todesbotin	todesbote in
sendlinger	sendling er
wichtelmännchen	wichtelmann chen
zubereitung	zubereiten ung
kommunikationsfähigkeit	kommunikationsfähig keit
kokainabhängigkeit	kokainabhängig keit
tanzpädagogin	tanzpädagoge in
sprücheklopfer	sprücheklopfen er
schleswiger	schleswig er
weinbautechniker	weinbautechnik er
hofheimerin	hofheim er in
wirtschaftlich	wirtschaften lich
zeugin	zeuge in
fahrtüchtigkeit	fahrtüchtig keit
gladbacher	gladbach er
vordergründig	vordergrund ig
hörfunkchefin	hörfunkchef in
tangotänzerin	tangotanzen er in
transportarbeiter	transportarbeit er
dienstpflichtig	dienstpflicht ig
heilbarkeit	heilen bar keit
starkenburger	starkenburg er
befriedigung	befriedigen ung
johannstädter	johannstadt er
angreifer	angreifen er
dustin	dust in
wächterin	wächte er in
gerichtsmedizinerin	gerichtsmedizin er in
raketentechniker	raketentechnik er
lackierung	lack ier ung
springerin	springen er in
lateinamerikanerin	lateinamerika aner in
sozialistin	soziale ist in
novellierung	novelle ier ung
koblenzer	koblenz er
mixer	mix er
kunstverständig	kunstverstand ig
köfferchen	koffer chen
tonlos	ton los
automatenspieler	automatenspielen er
lückenbüßerin	lückenbüßer in
benachrichtigung	benachrichtigen ung
brüter	brüten er
lechtaler	lechtal er
seelsorglich	seelsorge lich
beratung	beraten ung
vollbeschäftigung	vollbeschäftigen ung
dämmung	dämmen ung
postbeamtin	postbeamte in
fehldeutung	fehldeuten ung
stierkämpfer	stierkampf er
billigung	billigen ung
firmensprecherin	firmensprecher in
nordbadener	nordbaden er
entledigung	entledigen ung
spielverderberin	spielverderber in
abholzung	abholzen ung
lohnabhängigkeit	lohnabhängig keit
duisburger	duisburg er
autobesitzerin	autobesitz er in
fortbewegung	fortbewegen ung
erlösung	erlösen ung
stuttgarter	stuttgart er
nager	nagen er
wahlkampfleiterin	wahlkampfleiter in
überwölbung	überwölben ung
bagdader	bagdad er
stilgeschichtlich	stilgeschichte lich
trompeterin	trompeten er in
dimensionierung	dimension ier ung
unterspannung	unterspannen ung
unbeweglich	un bewegen lich
hörfunkdirektorin	hörfunkdirektor in
umfahrung	umfahren ung
fahruntüchtigkeit	fahruntüchtig keit
hüterin	hüten er in
sozialrichterin	sozialrichter in
belegbar	belegen bar
fürsorglich	fürsorge lich
verwendung	verwenden ung
neuburger	neuburg er
dramatiker	dramatik er
kernphysiker	kernphysik er
weltgesellschaftlich	weltgesellschaft lich
schmuddelig	schmuddel ig
wirtschafter	wirtschaften er
zeitfahrer	zeitfahren er
reformunfähigkeit	reformunfähig keit
vizepräsidentin	vizepräsident in
wollig	wolle ig
pflegeschülerin	pflegeschule er in
drehbuchschreiberin	drehbuchschreiben er in
ostunternehmer	ostunternehmen er
zeugung	zeugen ung
stopfung	stopfen ung
prager	prag er
zwiespältig	zwiespalt ig
christdemokratin	christdemokrat in
sündig	sünde ig
merklich	merken lich
bestellerin	bestellen er in
gewöhnung	gewöhnen ung
peinigerin	pein ig er in
juniorchefin	juniorchef in
haushaltsexpertin	haushaltsexperte in
bibliothekarin	bibliothekar in
kommunikationswissenschaftlich	kommunikationswissenschaft lich
polizeilich	polizei lich
tagwerker	tagwerk er
flußfischer	flußfisch er
luxemburgerin	luxemburg er in
sportfachlich	sportfach lich
volleyballspielerin	volleyballspielen er in
kleintransporter	kleintransport er
historikerin	historik er in
weltlich	welt lich
oppositionspolitikerin	oppositionspolitik er in
straftäter	straftat er
genießbar	genießen bar
geheimagentin	geheimagent in
hoffähigkeit	hoffähig keit
untergrabung	untergraben ung
sensationssieger	sensationssieg er
belehrbar	belehren bar
rotter	rotte er
kundenbetreuerin	kundenbetreuer in
vorläufig	vorlaufen ig
schlitzohrig	schlitzohr ig
parteiaktivistin	parteiaktivist in
senkrechtstarterin	senkrechtstart er in
schauerlich	schau er lich
mehrheitsaktionärin	mehrheitsaktionär in
optikerin	optik er in
rockmusikerin	rockmusik er in
einleitung	einleiten ung
bogenförmig	bogenform ig
pausenlos	pause los
zollbeamtin	zollbeamte in
funktionsträgerin	funktionsträger in
neuerlich	neuere lich
flaumig	flaum ig
dechiffrierung	dechiffrieren ung
abtrennung	abtrennen ung
korndörfer	korndorf er
jenseitigkeit	jenseitig keit
entführer	entführen er
sozialchristlich	sozialchrist lich
büchermacher	büchermachen er
hauptkommissarin	hauptkommissar in
schauenburger	schauenburg er
schalung	schalen ung
sozialverantwortlichkeit	sozialverantwortlich keit
beier	bea er
landesdirektorin	landesdirektor in
hamburger	hamburg er
bullig	bull ig
bauzeichnerin	bauzeichner in
durchdringung	durchdringen ung
beengung	beengen ung
mehrstimmigkeit	mehrstimmig keit
thronnachfolger	thronnachfolge er
vollzieher	vollziehen er
ungleichgewichtig	ungleichgewicht ig
umschichtig	umschichten ig
häufigkeit	häufen ig keit
betonwerker	betonwerk er
gehorsamkeit	gehorsam keit
fernsehtechniker	fernsehtechnik er
birnenförmig	birnenform ig
unbotmäßigkeit	un botmäßig keit
sonderbarkeit	sondern bar keit
hausbewohnerin	hausbewohner in
sozialtechniker	sozialtechnik er
erstattung	erstatten ung
friedenspolitiker	friedenspolitik er
treulich	treu e lich
gefahrguttransporter	gefahrguttransport er
juristin	jura ist in
flötenspieler	flötenspiel er
raubkopierer	raubkopieren er
wiederverheiratung	wiederverheiraten ung
mißdeutung	mißdeuten ung
festschreibung	festschreiben ung
seher	sehen er
konditorin	konditor in
ober	oben er
autofreundlich	autofreund lich
öffentlichkeitsarbeiter	öffentlichkeitsarbeit er
reinier	reina er
stadtplanerin	stadtplan er in
wählerin	wählen er in
kreditbetrüger	kreditbetrug er
polin	pol in
kühlung	kühlen ung
unförmig	unform ig
schützerin	schützen er in
videokünstlerin	videokunst ler in
medienforscherin	medienforscher in
mitverantwortlich	mitverantworten lich
zerrüttung	zerrütten ung
rechtshänderin	rechtshänder in
abschottung	abschotten ung
wälzer	wälzen er
außenspielerin	außenspieler in
berufspolitikerin	berufspolitik er in
flügelspielerin	flügelspiel er in
starschauspielerin	starschauspieler in
auskühlung	aus kühl ung
wochenendurlauber	wochenendurlaub er
rachsüchtig	rachsucht ig
tabuierung	tabu ier ung
herder	herd er
unwohnlich	un wohnen lich
eigensinnigkeit	eigensinn ig keit
sozialpartnerschaftlich	sozialpartner schaft lich
kleinchen	klein e chen
gewerberechtlich	gewerberecht lich
bordellchefin	bordellchef in
abartigkeit	abart ig keit
hochleistungssportlerin	hochleistungssport ler in
nassauer	nassau er
verlierer	verlieren er
unausführbar	un ausführen bar
peinigung	pein ig ung
treuhänder	treuhand er
universitätsabsolventin	universitätsabsolvent in
träger	trage er
voreiligkeit	vor eilen ig keit
klägerin	klage er in
birkenwäldchen	birkenwald chen
hügelig	hügel ig
spinnerin	spinnen in
abartig	abart ig
nachchristlich	nach chr ist lich
hobbykünstlerin	hobbykunst ler in
enthaltsamkeit	enthalten sam keit
stammler	stammeln er
lebenskünstlerin	lebenskunst ler in
schrankenlos	schranke los
verfassungsmäßigkeit	verfassen ung mäßig keit
übungsleiterin	übungsleiter in
melancholikerin	melancholiker in
laufbahnrechtlich	laufbahnrecht lich
geistesgeschichtlich	geistesgeschichte lich
einladung	einladen ung
autorin	autor in
stopfer	stopfen er
einzelbetrieblich	einzelbetrieb lich
wasserbauer	wasserbau er
abreibung	abreiben ung
zwangslager	zwangslage er
rheinhauser	rheinhausen er
vorprüfung	vorprüfen ung
fehlbesetzung	fehlbesetzen ung
schiedsrichterlich	schiedsrichter lich
verfilmung	ver film ung
weiternutzung	weiternutzen ung
vergebung	vergeben ung
andalusierin	andalusien er in
wehrlos	wehr los
selbstgefällig	selbstgefallen ig
ablösung	ablösen ung
motivgeschichtlich	motivgeschichte lich
jungforscherin	jungforscher in
wüstenstädtchen	wüstenstadt chen
kinderfeindlichkeit	kinderfeindlich keit
filmjournalistin	filmjournalist in
redaktionssekretärin	redaktionssekretär in
arbeitswissenschaftlich	arbeitswissenschaft lich
radierung	radieren ung
volljährigkeit	volljährig keit
nuklearmediziner	nuklearmedizin er
vertretung	vertreten ung
lustfeindlichkeit	lustfeindlich keit
sensationsreporterin	sensationsreporter in
försterin	förster in
unabhängigkeitskämpfer	unabhängigkeitskampf er
entpersönlichung	entpersönlichen ung
geistesarbeiter	geistesarbeit er
anwenderfreundlichkeit	anwenderfreundlich keit
waghalsigkeit	waghalsig keit
filmheldin	filmheld in
polenfeindlichkeit	polenfeindlich keit
heimberger	heimberg er
banner	bannen er
besänftigung	besänftigen ung
menschenrechtlerin	menschenrecht ler in
chemieingenieurin	chemieingenieur in
fahnenträgerin	fahnenträger in
bewachung	bewachen ung
teilsanierung	teilsanieren ung
spritzigkeit	spritzen ig keit
unabsichtlich	un absicht lich
schulsenatorin	schulsenator in
dornberger	dornberg er
grillwürstchen	grillwurst chen
klumpig	klumpen ig
sozialversicherungsrechtlich	sozialversicherungsrecht lich
wirtschaftsgeschichtlich	wirtschaftsgeschichte lich
vorstandskollegin	vorstandskollege in
opelstädter	opelstadt er
durchschaubar	durchschauen bar
zeitanteilig	zeitanteil ig
auseinandersetzung	auseinandersetzen ung
nichterwerbstätigkeit	nichterwerbstätig keit
rechtlich	recht lich
programmierbar	programm ier bar
literaturgeschichtlich	literaturgeschichte lich
stadtgeschichtlich	stadtgeschichte lich
militärseelsorger	militärseelsorge er
leiblich	leib lich
teetrinker	teetrinken er
plappermäulchen	plappermaul chen
klausenburger	klausenburg er
verkehrung	verkehren ung
wettenberger	wettenberg er
heidelberger	heidelberg er
vorfertigung	vorfertigen ung
greisin	greis e in
gewerbemieter	gewerbemiete er
traufetter	traufe ette er
generalsekretärin	generalsekretär in
dieter	dieten er
betriebswirtschaftlich	betriebswirt schaft lich
breslauer	breslau er
fraktionssprecherin	fraktionssprecher in
baronin	baron in
entzifferung	entziffern ung
ausstoßung	ausstoßen ung
beklemmung	beklemmen ung
machtsüchtig	machtsucht ig
wiederauferstehung	wiederauferstehen ung
programmleiterin	programmleiter in
lebensnotwendigkeit	lebensnotwendig keit
wahlsiegerin	wahlsieg er in
schwerlich	schwer e lich
ängstlichkeit	ängstlich keit
nachqualifizierung	nachqualifizieren ung
schweizerin	schweiz er in
sozialfürsorgerin	sozialfürsorge er in
paarung	paaren ung
bänkchen	bank chen
täuber	taube er
kavaliershäuschen	kavaliershaus chen
heidelbergerin	heidelberg er in
staatspräsidentin	staatspräsident in
utopielos	utopie los
sachpolitiker	sachpolitik er
pittsburgher	pittsburgh er
schulversager	schulversagen er
rennläufer	rennlauf er
verödung	veröden ung
pantöffelchen	pantoffel chen
exkommunizierung	exkommunizieren ung
aufhängung	aufhängen ung
naturkundlich	naturkunde lich
fragwürdigkeit	fragwürdig keit
vormittäglich	vormittag lich
rivalin	rivale in
versicherungsnehmerin	versicherungsnehmer in
ohrenschützer	ohrenschutz er
architekturhistorikerin	architekturhistoriker in
klosterschülerin	klosterschule er in
josephin	joseph in
wiederbelebung	wiederbeleben ung
scheckig	schecke ig
dauerrivalin	dauerrivale in
ähnlichkeit	ähnlich keit
makellos	makel los
fernsehzuschauerin	fernsehzuschauer in
religionsgeschichtlich	religionsgeschichte lich
bauphysiker	bauphysik er
öffentlichkeitswirksamkeit	öffentlichkeitswirksam keit
naturgesetzlichkeit	naturgesetz lich keit
reiseführerin	reiseführer in
tauschbar	tauschen bar
rüsselsheimerin	rüsselsheim er in
einkerbung	einkerben ung
briefwähler	briefwahl er
jugendfreundlich	jugendfreund lich
archivierung	archiv ier ung
eingruppierung	eingruppieren ung
ungiftig	un giften ig
nordin	nord in
hohenheimer	hohenheim er
kompromißunfähigkeit	kompromißunfähig keit
lebenszeitlich	lebenszeit lich
kalifornier	kalifornien er
puppenbauer	puppenbau er
einsperrung	einsperren ung
hauptankläger	hauptanklage er
bröckelig	bröckeln ig
tankstellenräuber	tankstellenraub er
schloßbesucher	schloßbesuch er
magnetisierung	magnet isch isier ung
schnellsprecher	schnellsprechen er
ausschmückung	ausschmücken ung
dürftigkeit	dürftig keit
trampolinturner	trampolinturnen er
demütigen	demut ig
klavierlehrerin	klavierlehrer in
freistaatlich	freistaat lich
hallenspieler	hallenspiel er
investmentbanker	investmentbank er
blaudruckerin	blaudruck er in
justin	just in
unüberschaubar	un überschauen bar
rachedurstig	rachedurst ig
erlangung	erlangen ung
wellig	wellen ig
gierig	gieren ig
ungültigkeit	un gültig keit
versachlichen	ver sache lich
sossenheimer	sossenheim er
inländerin	inländer in
albumin	album in
gelsenkirchener	gelsenkirchen er
rapsanbauer	rapsanbau er
baumwollpflanzer	baumwollpflanze er
schulministerin	schulminister in
helfer	helfen er
maskenbildnerin	maskenbildner in
zergliederung	zergliedern ung
gerin	ger in
sprinter	sprinten er
firmenkäufer	firmenkauf er
unterschätzung	unterschätzen ung
erzählung	erzählen ung
nachbereitung	nachbereiten ung
entdeckerin	entdecken er in
beschäftigungslos	beschäftigen ung los
unfertigkeit	un fertig keit
optimierung	optimieren ung
mißlichkeit	miß lich keit
nutzbarkeit	nutzen bar keit
maurer	mauer er
südafrikanerin	südafrika aner in
wirtin	wirt in
isenburger	isenburg er
unnennbar	un nennen bar
selbsternennung	selbsternennen ung
freistellung	freistellen ung
arnstädter	arnstadt er
psychologieprofessorin	psychologieprofessor in
verbraucherfreundlichkeit	verbraucherfreundlich keit
hündchen	hund chen
folterer	foltern er
stigmatisierung	stigmatisieren ung
lüneburger	lüneburg er
kunstreiterin	kunstreiter in
verfechterin	verfechten in
medizinprofessorin	medizinprofessor in
strafrechtlich	strafrecht lich
kunstflieger	kunstfliegen er
taschenbüchlein	taschenbuch lein
töpfern	topf er
tropenmediziner	tropenmedizin er
prophetin	prophet in
überlieferung	überliefern ung
strafprozeßrechtlich	strafprozeßrecht lich
werber	werben er
paderborner	paderborn er
mittler	mitteln er
freizeitgärtner	freizeitgarten er
läufer	lauf er
neurotikerin	neurotiker in
mitschülerin	mitschüler in
landeshauptstädter	landeshauptstadt er
trottelig	trottel ig
zwiespältigkeit	zwiespalt ig keit
weinkönigin	weinkönig in
numerierung	numerieren ung
domstädterin	domstadt er in
singapurer	singapur er
folger	folgen e er
unheilbar	un heilen bar
heilslehrer	heilslehre er
münchnerin	münchen er in
auslieferung	ausliefern ung
geiger	geigen er
hühnerleber	hühnerleben er
mutmacherin	mutmachen er in
landesgeschäftsführerin	landesgeschäftsführer in
pharmakologin	pharmakologe in
sichtbarlich	sichten bar lich
unternehmungslustig	unternehmungslust ig
parteistaatlich	parteistaat lich
lehner	lehen er
weiher	weihe er
zehnkämpfer	zehnkampf er
handlichkeit	hand lich keit
ortsansässigkeit	ortsansässig keit
einfühlung	einfühlen ung
bundestagspräsidentin	bundestagspräsident in
werbung	werben ung
zwischengeschlechtlich	zwischen geschlecht lich
giftmörder	giftmord er
soziologiestudentin	soziologiestudent in
seelenlos	seele los
sittenwidrigkeit	sittenwidrig keit
gesamtstaatlich	gesamtstaat lich
kostümbildnerin	kostümbildner in
versteifung	ver steif ung
wettbewerbsunfähigkeit	wettbewerbsunfähig keit
kaiserlos	kaiser los
verhaftung	ver haft ung
technisierung	technisch isier ung
mäuschen	maus chen
anzeigenblättchen	anzeigenblatt chen
glaubwürdigkeit	glaubwürdig keit
bürgerrechtlerin	bürgerrecht ler in
zersplitterung	zer splitten ung
schätzung	schätzen ung
weiterbildner	weiterbilden er
zwangsverwalterin	zwangsverwalter in
protzig	protz ig
blickfänger	blickfang er
benachteiligung	benachteiligen ung
nacheiszeitlich	nacheiszeit lich
lästerlich	laster lich
hauptgesellschafterin	hauptgesellschafter in
abzugsfähigkeit	abzugsfähig keit
detroiter	detroit er
entsendung	entsenden ung
biomediziner	biomedizin er
psychiatriepatientin	psychiatriepatient in
schauspieldirektorin	schauspieldirektor in
streiterin	streiten er in
kahlköpfigkeit	kahlkopf ig keit
gewöhnlichkeit	gewöhnen lich keit
alttestamentlerin	alttestamentler in
minderung	mindern ung
bundesligatauglichkeit	bundesligatauglich keit
shahin	shah in
hinderer	hindern er
gegenkandidatin	gegenkandidat in
grundschülerin	grundschüler in
pfälzerin	pfalz er in
münsteranerin	münster aner in
unbillig	unbill ig
kiewer	kiew er
königssteiner	königsstein er
reiselustig	reiselust ig
pünktlichkeit	pünktlich keit
krankenversicherungspflichtig	krankenversicherungspflicht ig
abstrafung	ab strafen e ung
mündlichkeit	mündlich keit
umweltfreundlichkeit	umweltfreund lich keit
würstchenverkäuferin	würstchenverkäufer in
funktionsfähigkeit	funktionsfähig keit
kipper	kippen er
bereitstellung	bereitstellen ung
unterbewertung	unterbewerten ung
freundin	freund in
filmpartnerin	filmpartner in
staffelsieger	staffelsieg er
erfindung	erfinden ung
vorleserin	vorlesen er in
marokkanerin	marokkaner in
schildern	schild er
bundessozialministerin	bundessozialminister in
begleitung	begleiten ung
starrköpfig	starrkopf ig
eintragung	eintragen ung
ministeriumssprecherin	ministeriumssprecher in
mißfällig	mißfallen ig
drucklos	drucken los
klatschsüchtig	klatschsucht ig
hochrechnung	hochrechnen ung
bremsung	bremsen ung
wämschen	wams chen
demonstrantin	demonstrant in
sozialökonomin	sozialökonom in
überbezirklich	über bezirk lich
zurücklassung	zurücklassen ung
altlandsberger	altlandsberg er
hochschuldidaktiker	hochschuldidaktik er
legierung	legieren ung
jesulein	jesu lein
tübinger	tübingen er
anfechtbar	anfechten bar
stationsleiterin	stationsleiter in
druckerin	drucken er in
neubauer	neubauen er
kleinmütig	kleinmut ig
heftchen	heft chen
massenmörderin	massenmorden er in
frevler	freveln er
staatswirtschaftlich	staatswirtschaft lich
hastig	hast ig
physikerin	physik er in
wartenberger	wartenberg er
jordanier	jordan ien er
einzelgänger	einzelgang er
nachbarrechtlich	nachbarrecht lich
diplompsychologin	diplompsychologe in
anlandung	anlanden ung
entkriminalisierung	entkriminalisieren ung
kassenzahnärztlich	kassenzahnarzt lich
abenteuerurlauber	abenteuerurlaub er
tuncer	tunc er
enthemmung	enthemmen ung
hochspringer	hochspringen er
unterstreichung	unterstreichen ung
diesseitigkeit	diesseitig keit
kämpferin	kämpfen er in
glückstädter	glückstadt er
bratwürstchen	bratwurst chen
steuerbar	steuern bar
weiterzahlung	weiterzahlen ung
slawistin	slawe isch ist in
bänkelsänger	bänkelsang er
rattenfängerin	rattenfang er in
vertragspartnerin	vertragspartner in
hofapotheker	hofapotheke er
kompositionslehrer	kompositionslehre er
tibeter	tibet er
vollzeitschüler	vollzeitschule er
verheißung	ver heiß e ung
augsburger	augsburg er
merkwürdigkeit	merkwürde ig keit
streuung	streuen ung
eliteschüler	eliteschule er
umsteiger	um steig er
reichhaltigkeit	reichhaltig keit
vorbildlos	vorbild los
finanzsenatorin	finanzsenator in
verschmutzer	ver schmutz er
landesmeisterin	landesmeister in
verfassungsschützer	verfassungsschutz er
festlichkeit	fest e lich keit
europatauglichkeit	europatauglich keit
friedensverträglich	friedensvertrag lich
umsatzsteuerpflichtig	umsatzsteuerpflicht ig
vergünstigen	ver gunst ig
zuneigung	zuneigen ung
wertvoller	wertvollen er
zerbrechlich	zer brechen lich
gesetzwidrigkeit	gesetzwidrig keit
kampfrichterin	kampfrichter in
überraschungssiegerin	überraschungssieg er in
skiläufer	skilaufen er
erwerblos	erwerb los
pokalsieger	pokalsieg er
lebensfeindlichkeit	lebensfeind lich keit
gleichgeschlechtlicher	gleichgeschlechtlich e n er
untersagung	untersagen ung
fraulich	frau lich
ausscheidung	ausscheiden ung
einstimmig	einstimmen ig
trampolinspringer	trampolinspringen er
kulturlos	kultur los
schüler	schule er
wankelmütigkeit	wankelmut ig keit
überspezialisierung	überspezialisieren ung
auflockerung	auflockern ung
leutseligkeit	leutselig keit
uniformierung	uniforme ier ung
leipzigerin	leipzig er in
rehabilitierung	rehabilitieren ung
entwarnung	entwarnen ung
leichtathletin	leichtathlet in
österreicher	österreich er
nebeneinanderstellung	nebeneinanderstellen ung
kreuzbergerin	kreuzberg er in
römerin	rom er in
realwirtschaftlich	realwirtschaft lich
selbstpflücker	selbstpflücken er
kurvig	kurven ig
landtagsvizepräsidentin	landtagsvizepräsident in
rechtsvertreterin	rechtsvertreter in
marxistin	marx ist in
entstehung	entstehen ung
hinfällig	hinfallen ig
freiheitskämpferin	freiheitskampf er in
augenzeugin	augenzeuge in
männerlos	mann los
rechner	rechnen er
rächer	rächen er
floßfahrer	floßfahren er
figürlich	figur lich
marktführerin	marktführer in
zügellos	zügel los
eindeutigkeit	eindeutig keit
basketballer	basketball er
besucher	besuchen er
einteilung	einteilen ung
kontoinhaberin	kontoinhaber in
stammheimer	stammheim er
beter	beten er
regierungspolitiker	regierungspolitik er
bitterlich	bitter lich
absender	absenden er
münstertaler	münstertal er
unterhalter	unterhalten er
beschäftigungspflichtig	beschäftigungspflicht ig
laborassistentin	laborassistent in
betonbauer	betonbau er
entschädigungslos	entschädigen ung los
schuldigen	schuld ig
schmerzunempfindlichkeit	schmerzunempfindlich keit
notizbüchlein	notizbuch lein
aussichtlos	aussicht los
trockenlegung	trockenlegen ung
ausfüllung	ausfüllen ung
kontrollierbarkeit	kontrolle ier bar keit
verfolgbar	verfolgen bar
stickerin	sticken er in
vorstellig	vorstellen ig
sänger	sang er
bauingenieurin	bauingenieur in
milchig	milch ig
zurückhaltung	zurückhalten ung
exzentrikerin	exzentrik er in
notfallpatientin	notfallpatient in
weimarer	weimar er
beflaggung	beflaggen ung
diplomsoziologin	diplomsoziologe in
limburger	limburg er
ausarbeitung	ausarbeiten ung
bergung	bergen ung
wirtschaftswissenschaftlerin	wirtschaftswissen schaft ler in
lehramtsstudentin	lehramtsstudent in
anlagebetrüger	anlagebetrug er
versinnbildlichen	ver sinnbild lich
aussagekräftig	aussagekraft ig
stichhaltigkeit	stichhaltig keit
kioskverkäuferin	kioskverkauf er in
kleinwalsertaler	kleinwalsertal er
hauptverdächtig	hauptverdacht ig
lesbarkeit	lesen bar keit
alphornbläser	alphornblasen er
berchtesgadener	berchtesgaden er
domberger	domberg er
wohnungsbesitzer	wohnungsbesitz er
antragsstellerin	antragsstelle er in
behauptung	behaupten ung
konvertierbarkeit	konvertieren bar keit
oppositionslos	opposition los
überstimmung	über stimme ung
verherrlichen	ver herr lich
reederin	reede er in
geistlos	geist los
verallgemeinerbar	ver allgemein bar
bischöflich	bischof lich
kartenlos	karte los
josefstädter	josefstadt er
mosbacher	mosbach er
einradfahrer	einradfahren er
hofnachfolger	hofnachfolge er
hauptdarstellerin	hauptdarsteller in
bozener	bozen er
kehrer	kehre er
entschuldigung	entschuldigen ung
grabräuber	grabraub er
wachhäuschen	wachhaus chen
betäubung	betäuben ung
jungseniorin	jungsenior in
sozialarbeiter	sozialarbeit er
passauer	passau er
kronzeugin	kronzeuge in
dorfhelferin	dorfhelfer in
lederarbeiter	lederarbeit er
floristin	flora ist in
buschig	busch ig
stallarbeiter	stallarbeit er
bienenzüchter	bienenzucht er
leiharbeiter	leiharbeit er
partnerschaftlich	partner schaft lich
wiesenburger	wiesenburg er
überwachung	überwachen ung
kultursenatorin	kultursenator in
hinterziehung	hinterziehen ung
alleinig	allee in ig
liebchen	lieb e chen
physiklehrerin	physiklehrer in
umstellung	umstellen ung
steinig	steinen ig
programmkoordinatorin	programmkoordinator in
komiker	komik er
vorjahressieger	vorjahressieg er
einschnürung	einschnüren ung
balltreter	balltreten er
augenscheinlich	augenschein lich
musiklehrerin	musiklehre er in
heider	heide er
elin	ele in
stepper	steppen er
verteidigungsplaner	verteidigungsplan er
häuslichkeit	häuslich keit
tierschützerin	tierschutz er in
ausartung	aus arten ung
fremdsprachlich	fremdsprache lich
hörerin	hören er in
innovationsfreudig	innovationsfreude ig
rechtmäßigkeit	rechtmäßig keit
armenierin	armenien er in
schiffsbauer	schiffsbau er
verteidigungsministerin	verteidigungsminister in
wattenscheider	wattenscheid er
durchmesser	durchmessen er
verkäuflichkeit	verkauf lich keit
kampftänzer	kampftanz er
prüfbar	prüfen bar
unverbindlich	un verbinden lich
überglücklich	über glück lich
umgangssprachlich	umgangssprache lich
lautlos	laute los
gewalttätig	gewalttat ig
übermächtigkeit	übermacht ig keit
ätzung	ätzen ung
kartoffelbauer	kartoffelbau er
perter	perten er
mitbestimmung	mitbestimmen ung
schmierig	schmieren e ig
undurchsichtig	un durchsicht ig
aufschlüsselung	aufschlüsseln ung
nebenamtlich	nebenamt lich
evin	eve in
unzuträglichkeit	unzuträglich keit
grüner	grün e er
schlager	schlagen er
zwangarbeiterin	zwangarbeiter in
jünger	junge er
idiotin	idiot in
tänzerin	tanz er in
ehrenpräsidentin	ehrenpräsident in
abnutzung	ab nutz ung
schuldlos	schuld los
abstoßung	abstoßen ung
studentenführerin	studentenführer in
nahkämpfer	nahkampf er
kammergerichtspräsidentin	kammergerichtspräsident in
obergerichtlich	obergericht lich
koordinatorin	koordinator in
nachschulung	nachschulen ung
tastendrücker	tastendruck er
überflieger	über fliege er
projektmitarbeiterin	projektmitarbeiter in
schuhmacherin	schuhmacher in
sehnig	sehnen ig
rechtzeitigkeit	rechtzeitig keit
gleichgültigkeit	gleichgültig keit
erziehbar	erziehen bar
wiedererkennbar	wiedererkennen bar
traditionslos	tradition los
kaffeeverkäufer	kaffeeverkauf er
fortschrittsfeindlichkeit	fortschrittsfeindlich keit
bombardierung	bombardieren ung
ratlos	rate los
universitätsöffentlichkeit	universitätsöffentlich keit
unsachlich	un sache lich
verjährung	verjähren ung
kratzig	kratzen ig
lehrgangsteilnehmerin	lehrgangsteilnehmer in
grasberger	grasberg er
kelkheimerin	kelkheim er in
theaterunternehmer	theaterunternehmen er
mobilisierung	mobil isier ung
bergführerin	bergführer in
vorstandsvorsitzer	vorstandsvorsitz er
lesbar	lesen bar
großstädter	großstadt er
enthaltung	enthalten ung
städterin	stadt er in
vereinheitlichen	ver einheit lich
spiegelbildlich	spiegelbild lich
wortführerin	wortführer in
großfarmer	großfarm er
krankengymnastin	krankengymnast in
verbraucherschützer	verbraucherschutz er
zwickauer	zwickau er
umfänglich	umfang lich
nebenberuflich	nebenberuf lich
nacherfassung	nacherfassen ung
militarisierung	militarisieren ung
familiensenatorin	familiensenator in
kinobesitzerin	kinobesitzer in
verlosung	verlosen ung
übernatürlich	übernatur lich
einlegung	einlegen ung
umweltrechtlich	umweltrecht lich
einschätzung	einschätzen ung
vorrätig	vorrat ig
unterkellerung	unterkellern ung
sozialbürgermeisterin	sozialbürgermeister in
beschneidung	beschneiden ung
unzählig	unzahl ig
verbrühung	ver brühen ung
regierungsamtlich	regierungsamt lich
wirkungsmächtig	wirkungsmacht ig
zentralbanker	zentralbank er
ausbildung	ausbilden ung
ungesetzlich	un gesetz lich
vereisung	vereisen ung
vorankündigung	vorankündigen ung
großmeisterlich	großmeister lich
vogelschauer	vogelschau er
benützer	benutzen er
moosig	moos ig
universitätsstädtchen	universitätsstadt chen
studienberaterin	studienberater in
verneinung	ver nein ung
leverkusenerin	leverkusen er in
fensterbauer	fensterbau er
ostseestädter	ostseestadt er
ergötzung	ergötzen ung
wasserlos	wasser los
rottenburger	rottenburg er
waffentauglichkeit	waffentauglich keit
wiederentstehung	wiederentstehen ung
aquarellmalerin	aquarellmalen er in
straußberger	straußberg er
vergeltung	vergelten ung
entbehrlichkeit	entbehren lich keit
erwerbsunfähigkeit	erwerbsunfähig keit
unerbittlichkeit	unerbittlich keit
albaner	alban er
bescherung	bescheren ung
zwangsarbeiter	zwangsarbeit er
allgegenwärtigkeit	allgegenwart ig keit
kerner	kern er
unzeitgemäßer	unzeitgemäß e er
vernehmung	vernehmen ung
bildungsexpertin	bildungsexperte in
fernsehredakteurin	fernsehredakteur in
deutschlandkorrespondentin	deutschlandkorrespondent in
bauarbeiterin	bauarbeit er in
bombenattentäter	bombenattentat er
parlamentsberichterstatterin	parlamentsberichterstatter in
angolanerin	angola aner in
unbrauchbar	un brauchen bar
grundgesetzlich	grundgesetz lich
verfassungsrichterin	verfassungsrichter in
personalplaner	personalplan er
vorgängerin	vorgänger in
halsstarrigkeit	halsstarrig keit
entwirrbar	entwirren bar
flüssigkeit	flüssig keit
wegführung	wegführen ung
türöffner	türöffnen er
langmütig	langmut ig
volksfeindlich	volksfeind lich
hobbygärtnerin	hobbygärtner in
ortskundig	ortskunde ig
verfluchung	ver fluch ung
fügsamkeit	fügen sam keit
tabakbauer	tabakbau er
eggenberger	eggenberg er
einsteigerin	einsteigen er in
wunderlin	wunderle in
verleihung	verleihen ung
langzeitig	langzeit ig
liederbüchlein	liederbuch lein
tapferkeit	tapfer keit
sonderschulpädagogin	sonderschulpädagoge in
dinglich	ding lich
arbeitsmedizinerin	arbeitsmedizin er in
kurzweilig	kurzweil ig
unmöglichkeit	un möglich keit
verhandlungsunfähigkeit	verhandlungsunfähig keit
zecher	zechen er
verherrlichung	ver herr lich ung
nachahmerin	nachahmen er in
orientierungsläufer	orientierungslauf er
fadenscheinig	fadenschein ig
kooperationswillig	kooperationswille ig
geschlechtsgenossin	geschlechtsgenosse in
telefonanrufer	telefonanrufen er
lossprechung	lossprechen ung
versager	versagen er
vorrednerin	vorredner in
tempelchen	tempel chen
schneckenförmig	schneckenform ig
daumenlutscher	daumenlutschen er
strahlenschützer	strahlenschutz er
spreizung	spreizen ung
macherin	machen er in
wettbetrüger	wettbetrug er
anmutung	anmuten ung
anwaltsgehilfin	anwaltsgehilfe in
fokussierung	fokus ier ung
umweltsenatorin	umweltsenator in
stromverkäufer	stromverkauf er
eisenbahner	eisenbahn er
wirklicher	wirklichen er
faltig	falten ig
ausräumung	ausräumen ung
gleitschirmflieger	gleitschirmfliegen er
halbschattig	halbschatten ig
bockig	bocken ig
ottobrunner	ottobrunn er
plochinger	plochingen er
sehnsüchtig	sehnsucht ig
gesundheitsurlauber	gesundheitsurlaub er
chefsekretärin	chefsekretär in
geschichtsdenker	geschichtsdenken er
führerin	führen er in
beinsteiner	beinstein er
verkehrsteilnehmerin	verkehrsteilnehmer in
fingerlein	finger lein
vereinheitlichen	ver einheit lich
weggefährtin	weggefährte in
segnung	segnen ung
ortung	orten ung
kenianerin	kenia aner in
spötter	spotten er
kulturpolitikerin	kulturpolitik er in
volksschauspieler	volksschauspiel er
moder	mod er
allgegenwärtig	allgegenwart ig
wahlkämpfer	wahlkampf er
trunksüchtig	trunksucht ig
kühltransporter	kühltransport er
bundestrainerin	bundestrainer in
anruferin	anrufen er in
dezernatsleiterin	dezernatsleiter in
rundenzähler	rundenzählen er
heldin	held in
bestrahlung	be strahl ung
industriemeisterin	industriemeister in
fälschung	fälschen ung
ligaspieler	ligaspiel er
technikfeindlichkeit	technikfeindlich keit
gemeindeassistentin	gemeindeassistent in
verführung	verführen ung
internatsschülerin	internatsschule er in
frankenhauser	frankenhausen er
würzburgerin	würzburg er in
unstetig	un stet e ig
kinogängerin	kinogang er in
stimmenfänger	stimmenfang er
ausgleichung	ausgleichen ung
europapolitiker	europapolitik er
scheinheiligkeit	scheinheilig keit
heimatdichterin	heimatdichter in
normalverbraucherin	normalverbraucher in
schlänglein	schlange lein
verrichtung	verrichten ung
köstlich	kost lich
kirchenkritiker	kirchenkritik er
forschungspolitiker	forschungspolitik er
hintersinnig	hintersinn ig
heilsversprecher	heilsversprechen er
hochverräter	hochverrat er
hauptkonkurrentin	hauptkonkurrent in
demokratisierung	demokrat isch isier ung
antagonistin	antagonist in
abzahlung	abzahlen ung
alltagsgeschichtlich	alltagsgeschichte lich
vermittler	vermitteln er
wohlständig	wohlstand ig
wildensteiner	wildenstein er
umzäunung	umzäunen ung
multimediakünstlerin	multimediakünstler in
fälschlich	falsch lich
spendung	spenden ung
sambatänzerin	sambatänzer in
botaniker	botanik er
staatlichkeit	staat lich keit
irrig	irre ig
herstellerin	herstellen er in
menschenschlächter	menschenschlachten er
oberschlesier	oberschlesien er
erwerbstätigkeit	erwerbstätig keit
wiederherstellbar	wiederherstellen bar
mauersberger	mauersberg er
außenstellenleiterin	außenstellenleiter in
unverkäuflichkeit	un verkauf lich keit
kampfeslustig	kampfeslust ig
eisenberger	eisenberg er
verleiher	verleihen er
dresdener	dresden er
arbeitstäglich	arbeitstag lich
ausstellungsmacher	ausstellungsmachen er
verlagerung	verlagern ung
schneelos	schnee los
berufsgerichtlich	berufsgericht lich
besteigung	besteigen ung
spitzer	spitz e er
stockholmer	stockholm er
allzeitig	allzeit ig
briefpartnerin	briefpartner in
zweimalig	zweimal ig
irmelin	irmel in
psychologin	psychologe in
norditaliener	norditalien er
hallenberger	hallenberg er
großwallstädter	großwallstadt er
vorladung	vorladen ung
verdauung	verdauen ung
weitläufigkeit	weitläufig keit
ersetzbar	ersetzen bar
ritter	ritt er
rotschwänzchen	rotschwanz chen
torhäuschen	torhaus chen
hochwertigkeit	hochwertig keit
musterschüler	musterschule er
erzieherin	erziehen er in
altenberger	altenberg er
erklärlich	erklären lich
mannschaftssprecherin	mannschaftssprecher in
bauplaner	bauplan er
ausnützung	ausnützen ung
instrumentalistin	instrument al ist in
wunderlichkeit	wundern lich keit
vorauszahlung	vorauszahlen ung
kurzurlauber	kurzurlaub er
bußfertigkeit	bußfertig keit
expremierministerin	expremierminister in
überordnung	überordnen ung
brüchigkeit	brüchig keit
bezirksleiterin	bezirksleiter in
pantomimin	pantomime in
jazzmusikerin	jazzmusik er in
zukunftsträchtigkeit	zukunftsträchtig keit
kreuzer	kreuzen er
sportdezernentin	sportdezernent in
motorradfahrerin	motorradfahren er in
alleinerziehung	alleinerziehen ung
musikgeschichtlich	musikgeschichte lich
töchterlich	tochter lich
lyrikerin	lyrik er in
stadtratskandidatin	stadtratskandidat in
pfullinger	pfullingen er
oberschlesierin	oberschlesien er in
bleistiftspitzer	bleistiftspitze er
abenteuerlichkeit	abenteuer lich keit
landeschefin	landeschef in
ausstellungsleiterin	ausstellungsleiter in
bewährung	bewähren ung
glaubenskrieger	glaubenskrieg er
menschenrechtswidrigkeit	menschenrechtswidrig keit
kaperung	kapern ung
nebenklägerin	nebenklage er in
kreisläufer	kreislauf er
vererbbar	ver erbe bar
gruppensieger	gruppensieg er
metallunternehmer	metallunternehmen er
satzungsrechtlich	satzungsrecht lich
wiederherrichtung	wiederherrichten ung
einzahlung	einzahlen ung
prokuristin	prokura ist in
schreinern	schrein er
schwitzig	schwitzen ig
greifbar	greifen bar
mannschaftsspieler	mannschaftsspiel er
dschungelkämpfer	dschungelkampf er
badelustig	badelust ig
unnatürlichkeit	un natürlich keit
domin	dom in
sonnig	sonnen ig
parlamentssprecherin	parlamentssprecher in
wahlleiterin	wahlleiter in
wiedereröffnung	wiedereröffnen ung
agrarwissenschaftlich	agrarwissenschaft lich
ökologischer	ökologischen er
versöhnlich	versöhnen lich
freischaltung	freischalten ung
kirchgänger	kirchgang er
lüfter	luft er
römerzeitlich	römerzeit lich
preiswürdigkeit	preiswürdig keit
überzeugungskräftig	überzeugungskraft ig
gleichschaltung	gleichschalten ung
teilchenphysiker	teilchenphysik er
toursieger	toursieg er
propagierung	propagieren ung
eigengesetzlichkeit	eigengesetzlich keit
seltsamkeit	seltsam keit
strafwürdigkeit	strafwürdig keit
vernetzung	ver netz ung
bahnengolfer	bahnengolf er
verfälschung	verfälschen ung
spezialisierung	spezi al isier ung
fernsehmacher	fernsehmachen er
echterdinger	echterdingen er
züchter	züchten er
spaziergängerin	spaziergang er in
mainburger	mainburg er
namibierin	namibia er in
antragssteller	antragsstelle er
reinigung	rein e ig ung
dorin	dore in
unteilbarkeit	un teilen bar keit
terminlich	term in lich
krankmeldung	krankmelden ung
bettchen	bett chen
überweltlich	über welt lich
entwertung	entwerten ung
anfeuerung	anfeuern ung
theaterleiterin	theaterleiter in
spieler	spielen el er
musikliebhaberin	musikliebhaber in
prozentpünktchen	prozentpunkt chen
beanstandungslos	be anstand ung los
kippbar	kippen bar
parteispender	parteispende er
schulsiegerin	schulsieger in
naturgeschichtlich	naturgeschichte lich
museumsbesucher	museumsbesuch er
feuerschlucker	feuerschlucken er
unbeugsamkeit	unbeugsam keit
marathonläufer	marathonlaufen er
selbstlos	selbst los
demokratiefeindlich	demokratiefeind lich
gutwilligkeit	gutwillig keit
gründerzeitlich	gründerzeit lich
technikkritiker	technikkritik er
nachwuchsautorin	nachwuchsautor in
vereinsfreundlich	vereinsfreund lich
wirtschaftsplaner	wirtschaftsplan er
kopierer	kopie ier er
sexarbeiter	sexarbeit er
regierungstauglichkeit	regierungstauglich keit
planung	planen ung
fernmelder	fernmelde er
iranerin	iran er in
schnüfflerin	schnüffeln er in
hundeführerin	hundeführer in
verschiebung	verschieben ung
umänderung	umändern ung
tröstlich	trost lich
nahöstlich	nahost lich
überschaubar	überschauen bar
begründerin	begründen er in
einschränkung	einschränken ung
kundin	kunde in
biberacherin	biberach er in
besatzungsrechtlich	besatzungsrecht lich
anfänger	anfangen er
feldspieler	feldspiel er
versperrung	ver sperre ung
kommunikationswissenschaftlerin	kommunikationswissenschaft ler in
repräsentantin	repräsentant in
nachlaßverwalterin	nachlaßverwalter in
erschaffung	erschaffen ung
ostthüringer	ostthüringen er
bewirtschaftung	be wirtschaft ung
passagierin	passagier in
lärmgutachter	lärmgutachten er
hauptlehrer	hauptlehre er
schwerelos	schwer e los
radrennfahrerin	radrennfahrer in
aufsässigkeit	aufsässig keit
bestrafung	bestrafen ung
behaarung	behaaren ung
agenturchefin	agenturchef in
ursprünglichkeit	ursprung lich keit
kulturfreundlich	kulturfreund lich
anleitung	anleiten ung
neunecker	neuneck er
edinburgher	edinburgh er
gleichmäßig	gleichmaß ig
kraftlos	kraft los
briefsteller	briefstelle er
glaubenskämpfer	glaubenskampf er
agrarunternehmer	agrarunternehmen er
ostarbeiter	ostarbeit er
clubleiterin	clubleiter in
demokratiefeindlichkeit	demokratiefeind lich keit
raumplanerin	raumplan er in
präparierung	präparieren ung
thailänderin	thailand er in
antipolitiker	antipolitik er
einsatzleiterin	einsatzleiter in
mittelläufer	mittellauf er
mondlos	mond los
geigenspieler	geigenspiel er
erotisierung	erotisch isier ung
kontrabassistin	kontrabassist in
zivilgesellschaftlich	zivilgesellschaft lich
atmung	atmen ung
freudlos	freud los
stromberger	stromberg er
veranschaulichen	ver anschauen lich
bankkundin	bankkunde in
einsichtig	einsicht ig
aufrechnung	aufrechnen ung
versicherungsunternehmer	versicherungsunternehmen er
unvermeidlich	un vermeiden lich
zuchtlos	zucht los
wehmütig	wehmut ig
salonlöwin	salonlöwe in
wellenförmig	wellenform ig
schiefer	schief e er
verkennung	verkennen ung
wattenscheiderin	wattenscheid er in
urchristlich	urchrist lich
verpackung	verpacken ung
versammlungsleiterin	versammlungsleiter in
abbruchunternehmer	abbruchunternehmen er
sammelbändchen	sammelband chen
staatsbürgerin	staatsbürger in
nachforschung	nach forsch ung
baugewerblich	baugewerbe lich
verursacher	ver ursache er
humanistin	human ist in
verletzlich	verletzen lich
wirkungsgeschichtlich	wirkungsgeschichte lich
kritiker	kritik er
anrufung	anrufen ung
gleisbauer	gleisbau er
eintägig	eintag ig
überheblich	überheben lich
erlanger	erlangen er
selbstbetrüger	selbstbetrug er
gesundschrumpfung	gesundschrumpfen ung
ekstatiker	ekstatik er
schornsteinfeger	schornsteinfegen er
jagdpächter	jagdpachten er
tanin	tan in
sklavenarbeiter	sklavenarbeit er
identitätslos	identität los
pragmatikerin	pragmatik er in
angriffslustig	angriffslust ig
heiner	heinen er
mündchen	mund chen
räumchen	raum chen
bahnradfahrer	bahnradfahren er
hoheitsrechtlich	hoheitsrecht lich
weiterverbreitung	weiterverbreiten ung
freimütig	freimut ig
unverträglichkeit	unverträglich keit
wahnsinnig	wahnsinn ig
bescheinigung	bescheinigen ung
ablegung	ablegen ung
bibliotheksbesucher	bibliotheksbesuch er
zählung	zählen ung
einhelligkeit	einhellig keit
selbstdarstellerin	selbstdarsteller in
protagonistin	protagonist in
stachelig	stachel ig
einmütig	einmut ig
spüler	spülen er
amtskirchlich	amtskirche lich
faserig	faser ig
verwitterung	verwittern ung
nachfolgerin	nachfolgen er in
veranstaltung	ver anstalt ung
holzstäbchen	holzstab chen
filmbesucher	filmbesuch er
gemütlichkeit	gemüt lich keit
mittelspielerin	mittelspieler in
krallig	krallen ig
gönnerin	gönnen in
verzinsung	ver zins ung
unfallverursacherin	unfallverursacher in
kokain	koka in
konturenlos	kontur los
sortierbar	sortieren bar
medienarbeiter	medienarbeit er
engelsberger	engelsberg er
kriegsverbrecher	kriegsverbrechen er
schwimmbadbesucher	schwimmbadbesuch er
halslos	hals los
industriemechanikerin	industriemechaniker in
geläufigkeit	geläufig keit
radler	radeln er
bürovorsteherin	bürovorsteher in
hockeyspieler	hockeyspielen er
krämer	kramen er
hotelbesitzerin	hotelbesitzer in
stromlos	strom los
drosselung	drosseln ung
rechtsstaatlichkeit	rechtsstaat lich keit
alleinschuldig	alleinschuld ig
helmchen	helm chen
moorburger	moorburg er
ehrendoktorin	ehrendoktor in
auffassung	auffassen ung
projektkoordinatorin	projektkoordinator in
stadtmeisterin	stadtmeister in
schiffbar	schiffen bar
programmdirektorin	programmdirektor in
schwänzchen	schwanz chen
eser	ese er
unruhestifterin	unruhestifter in
sünder	sünde er
kurierin	kuri er in
abbildung	abbilden ung
skifahrerin	skifahren er in
anhänger	anhängen er
klassenfeindlich	klassenfeind lich
kalbin	kalb in
steuerzahlerin	steuerzahl er in
strahlenforscherin	strahlenforscher in
unverantwortlich	un verantworten lich
augenoptikerin	augenoptik er in
schulelternsprecherin	schulelternsprecher in
bildungsbürgerlich	bildungsbürger lich
bündnisfähigkeit	bündnisfähig keit
anschaulichkeit	anschauen lich keit
ungefährlich	ungefähr e lich
großhauser	großhaus er
glücksspieler	glücksspiel er
reformbedürftigkeit	reformbedürftig keit
ellenberger	ellenberg er
handlungsfähigkeit	handlungsfähig keit
gleichartigkeit	gleichartig keit
sprichwörtlich	sprichwort lich
saisonabhängigkeit	saisonabhängig keit
verweiblichen	ver weib lich
präsidentin	präsident in
eiskunstläuferin	eiskunstlaufen er in
befreiung	befreien ung
plätzchen	platz chen
freudig	freude ig
ungünstig	ungunst ig
textilarbeiter	textilarbeit er
nörgler	nörgeln er
kunsthandwerker	kunsthandwerk er
verstädterung	verstädtern ung
datenschützerin	datenschutz er in
eindämmung	eindämmen ung
bewegungstherapeutin	bewegungstherapeut in
brüsseler	brüssel er
unannehmbar	un annehmen bar
schwieberdinger	schwieberdingen er
steinhäger	steinhagen er
würdigung	würdigen ung
militärpolitiker	militärpolitik er
jugendsekretärin	jugendsekretär in
hoffnungsvoller	hoffnungsvollen er
drogenverkäufer	drogenverkauf er
holzschnitzer	holzschnitzen er
verkehrstüchtigkeit	verkehrstüchtig keit
beraterin	beraten er in
psychologiestudentin	psychologiestudent in
zauberin	zauber in
entsorgungsunternehmer	entsorgungsunternehmen er
erbauung	erbauen ung
feindseligkeit	feindselig keit
übermalung	über mal ung
betriebsseelsorger	betriebsseelsorge er
kartenkäufer	kartenkauf er
ruferin	rufen er in
weinmacher	weinmachen er
knochenmarkspender	knochenmarkspende er
wiedergewinnung	wiedergewinnen ung
öffner	öffnen er
sanitätsdienstlich	sanitätsdienst lich
scheuringer	scheuring er
meisterung	meistern ung
zahlenmystiker	zahlenmystik er
frauenmörder	frauenmord er
schloßbesitzerin	schloßbesitzer in
zwergin	zwerg in
einstellung	einstellen ung
zivilistin	zivil ist in
auslagerung	auslagern ung
textilunternehmer	textilunternehmen er
beruhigung	beruhigen ung
vergünstigen	ver gunst ig
yorkerin	york er in
fühlung	fühlen ung
twistringer	twistring er
seegängig	seegang ig
diskussionspartnerin	diskussionspartner in
autobahnplaner	autobahnplan er
nationalspielerin	nationalspiel er in
geruhsamkeit	geruhen sam keit
stahlbetonbauer	stahlbetonbau er
zahlungsunfähigkeit	zahlungsunfähig keit
ausdrucksfähigkeit	ausdrucksfähig keit
porträtistin	porträt ist in
folterung	foltern ung
gastspieler	gastspiel er
vorweihnachtlich	vor weihnachten lich
seifer	seife er
südöstlich	südost lich
unteilbar	un teilen bar
planungsreferentin	planungsreferent in
prostituiertenmörder	prostituiertenmord er
andienung	andienen ung
unbeträchtlich	un betracht lich
evakuierung	evakuieren ung
fabrikantin	fabrikant in
rückfälligkeit	rückfall ig keit
echolos	echo los
offenburgerin	offenburg er in
geldgierig	geldgier ig
sportfischer	sportfischen er
verklärung	verklären ung
libyer	libyen er
gesinnungsgenossin	gesinnungsgenosse in
grenzgänger	grenzgang er
todesmutig	todesmut ig
überfreundlich	über freund lich
treuherzig	treuherz ig
gastlich	gast lich
entsorgungsplaner	entsorgungsplan er
farbigkeit	farbe ig keit
pädagogikprofessorin	pädagogikprofessor in
integrationsfähigkeit	integrationsfähig keit
vikarin	vikar in
werttransporter	werttransport er
integrierbar	integrieren bar
kommentarlos	kommentar los
polterig	poltern ig
wirtschaftsmächtig	wirtschaftsmacht ig
redaktionsleiterin	redaktionsleiter in
retterin	retten er in
spitzig	spitzen ig
vertreiber	vertreiben er
seherin	sehen er in
berechtigung	berechtigen ung
romanheldin	romanheld in
segelflieger	segelfliegen er
auspeitschung	auspeitschen ung
hingerichteter	hingerichtet e n er
behördlich	behörde lich
stadtplaner	stadtplan er
weinberger	weinberg er
scharrer	scharre er
beweger	bewegen er
schleimig	schleimen ig
karmelitin	karmelit in
steuerabzugsfähigkeit	steuerabzugsfähig keit
verwertung	verwerten ung
einträchtigkeit	eintracht ig keit
wiedererstarkung	wiedererstarken ung
neuhauser	neuhausen er
rötlich	röten lich
speicherung	speichern ung
unentgeltlich	un entgelt lich
geringachtung	geringachten ung
langstreckenläufer	langstreckenlauf er
inger	inge er
geltungssüchtig	geltungssucht ig
sterblichkeit	sterben lich keit
verbeugung	verbeugen ung
politikwissenschaftlerin	politikwissenschaft ler in
anglistin	anglist in
zufriedenstellung	zufriedenstellen ung
raubgierig	raubgier ig
umfassung	umfassen ung
rückständig	rückstand ig
abfallrechtlich	abfallrecht lich
ressortchefin	ressortchef in
kampftrinker	kampftrinken er
atomrechtlich	atomrecht lich
rechtsvorgängerin	rechtsvorgänger in
kriminalisierung	kriminal isier ung
kulturwissenschaftlich	kulturwissenschaft lich
arierin	ari er in
religionswissenschaftlich	religionswissenschaft lich
liederlichkeit	liederlich keit
faustkämpfer	faustkampf er
fensterlein	fenster lein
mäntelchen	mantel chen
ballettdirektorin	ballettdirektor in
überlebensfähigkeit	über lebensfähig keit
ansprechpartnerin	ansprechpartner in
tannenberger	tannenberg er
mittäglich	mittag lich
polizeimeisterin	polizeimeister in
kammerpräsidentin	kammerpräsident in
verwirklichung	ver wirken lich ung
schmächtig	schmachten ig
räuberin	rauben er in
schwülstigkeit	schwulst ig keit
ingenieurstudentin	ingenieurstudent in
entwicklungsgeschichtlich	entwicklungsgeschichte lich
wohnungsunternehmer	wohnungsunternehmen er
heger	hege er
schleusung	schleusen ung
leiter	leiten er
librettistin	librettist in
beantragung	be antrag ung
höhergruppierung	höhergruppieren ung
nachmeldung	nachmelden ung
herrscher	herrschen er
anständigkeit	anständig keit
drachenbauer	drachenbauen er
trickbetrügerin	trickbetrug er in
hochstilisierung	hochstilisieren ung
käsebrötchen	käsebrot chen
jugendspieler	jugendspiel er
beibringung	beibringen ung
abtragung	abtragen ung
parteipolitiker	parteipolitik er
bauordnungsrechtlich	bauordnungsrecht lich
schlaflos	schlaf los
bauhandwerker	bauhandwerk er
christbäumchen	christbaum chen
anführung	anführen ung
betriebsratslos	betriebsrat los
sozialschädlichkeit	sozialschädlich keit
ofenbauer	ofenbau er
schnauzbärtig	schnauzbart ig
schorndorfer	schorndorf er
verkaufsständer	verkaufsstand er
einpendler	einpendeln er
prächtig	pracht ig
leidensfähigkeit	leidensfähig keit
keramikerin	keramik er in
profilierung	profil ier ung
internationalisierung	internationale isier ung
schiller	schill er
persönchen	person chen
großeinkäufer	großeinkauf er
beschuldigung	be schuld ig ung
hindin	hinde in
lauber	laube er
ehrenbürger	ehrenburg er
laienschauspielerin	laienschauspieler in
bröselig	brösel ig
trickbetrüger	trickbetrug er
baßspieler	baßspiel er
hochsommerlich	hochsommer lich
kaffer	kaff er
empfindung	empfinden ung
futterhäuschen	futterhaus chen
zukunftslos	zukunft los
finkenberger	finkenberg er
chemielehrerin	chemielehrer in
wiedervereinigung	wiedervereinigen ung
humanwissenschaftlich	humanwissenschaft lich
rechtsförmig	rechtsform ig
stichwortgeberin	stichwortgeber in
wassersucher	wassersuche er
kärntener	kärnten er
übersiedlerin	übersiedeln er in
ausgestaltung	ausgestalten ung
angster	angst er
rosenheimer	rosenheim er
stockfleckig	stockflecken ig
zulieferung	zuliefern ung
haushaltsrechtlich	haushaltsrecht lich
hinderlich	hindern lich
morastig	morast ig
befähigung	befähigen ung
weinbauer	weinbau er
insektenforscherin	insektenforscher in
katzenbesitzerin	katzenbesitzer in
rührigkeit	rühren ig keit
jasager	jasagen er
aufzeichnung	aufzeichnen ung
fahrigkeit	fahr ig keit
hemdchen	hemd chen
kulturamtsleiterin	kulturamtsleiter in
barfüßig	barfuß ig
ermäßigung	ermäßigen ung
fachberaterin	fachberater in
servierer	servie ier er
bildjournalistin	bildjournalist in
wohnungsbauministerin	wohnungsbauminister in
freiheitlich	frei heit lich
knauserig	knauser ig
schwesterlein	schwester lein
beleuchtung	beleuchten ung
festsitzung	festsitzen ung
simin	sime in
unterlegung	unterlegen ung
dietzer	dietz er
rheinauer	rheinaue er
geringschätzung	geringschätzen ung
opiatabhängigkeit	opiatabhängig keit
rauschgiftabhängigkeit	rauschgiftabhängig keit
bensheimer	bensheim er
vernachlässigen	ver nachlassen ig
wirklicher	wirklichen er
dreifaltigkeit	dreifaltig keit
mittelalterlich	mittelalter lich
tatverdächtig	tatverdacht ig
goldmedaillengewinner	goldmedaillengewinn er
ansässigkeit	ansässig keit
schaumberger	schaumberg er
junglehrerin	junglehrer in
mischung	mischen ung
politikprofessorin	politikprofessor in
fachfraulich	fachfrau lich
schreinerin	schrein er in
dazugehörig	dazugehören ig
spätstarter	spätstart er
erwartung	erwarten ung
quereinsteigerin	quereinsteiger in
klavierspielerin	klavierspielen er in
normierung	norm ier ung
abschätzung	abschätzen ung
fernmeldetechniker	fernmeldetechnik er
drehbuchautorin	drehbuchautor in
geographin	geograph in
wasserwerker	wasserwerk er
satanspriesterin	satanspriester in
diskussionslos	diskussion los
vorarbeiter	vorarbeiten er
nominierung	nominieren ung
konstatierung	konstatieren ung
bestattungsunternehmer	bestattungsunternehmen er
lebendigkeit	leben e ig keit
investitionsfreudig	investitionsfreude ig
verräterin	verraten er in
weiterbearbeitung	weiterbearbeiten ung
verbreiterung	ver breit ung
umbesetzung	umbesetzen ung
aller	allen er
vorjahresgewinner	vorjahresgewinn er
handbüchlein	handbuch lein
seinsgeschichtlich	seinsgeschichte lich
sinnlos	sinn los
vergolder	ver gold er
querdenker	querdenken er
sanierungsbedürftigkeit	sanierungsbedürftig keit
ausspähung	ausspähen ung
dramatikerin	dramatik er in
missetäter	missetat er
schrulligkeit	schrulle ig keit
ausstellerin	ausstellen er in
kinderpsychologin	kinderpsychologe in
handlich	hand lich
ferienarbeiter	ferienarbeit er
kupferarbeiter	kupferarbeit er
kunstliebhaberin	kunstliebhaber in
besoldung	besolden ung
innerlich	inner e lich
naturfreundlich	naturfreund lich
zierlich	zieren lich
schweineleber	schweineleben er
zirkusdirektorin	zirkusdirektor in
regiestudentin	regiestudent in
betreiber	betreiben er
verstärker	ver stark e er
gefängnisseelsorger	gefängnisseelsorge er
niveaulos	niveau los
griechin	grieche in
grausig	grausen ig
vizebürgermeisterin	vizebürgermeister in
drachin	drache in
senatsplaner	senatsplan er
pferdehalterin	pferdehalter in
reaktivierung	reaktion iv ier ung
bambergerin	bamberg er in
erbeutung	er beuten ung
lehrgangsleiterin	lehrgangsleiter in
handballspieler	handballspielen er
bildungssenatorin	bildungssenator in
köstlichkeit	kost lich keit
wettkämpferin	wettkämpfen in
versinnbildlichung	ver sinnbild lich ung
mißbrauchbar	mißbrauchen bar
beschimpfung	be schimpf ung
biertrinkerin	biertrinken er in
erwerbsfähigkeit	erwerbsfähig keit
wochentäglich	wochentag lich
veränderlich	verändern lich
helfensteiner	helfenstein er
gräulich	grau lich
kartenspieler	kartenspielen er
hausarbeiter	hausarbeit er
rotzig	rotzen ig
schwächlichkeit	schwach e lich keit
realpolitikerin	realpolitik er in
vizeweltmeisterin	vizeweltmeister in
wirtschaftsfeindlichkeit	wirtschaftsfeindlich keit
chronistin	chronisch ist in
bosnier	bosnien er
soller	soll er
unerläßlichkeit	unerläßlich keit
reutlinger	reutlingen er
ervin	erve in
feinmechanikerin	feinmechanik er in
vorderpfälzer	vorderpfalz er
folgsamkeit	folgen sam keit
einzelbesucher	einzelbesuch er
formung	formen ung
notärztlich	notarzt lich
notierung	notieren ung
gefühllos	ge fühlen los
turniergewinner	turniergewinn er
macher	machen er
abtrennbar	abtrennen bar
tapsig	tapsen ig
erstligaspieler	erstligaspiel er
nichtwählerin	nichtwählen er in
küchenhelferin	küchenhelfer in
marathonläuferin	marathonlaufen er in
verkürzung	ver kürzen e ung
obergutachter	obergutachten er
harmloser	harmlose er
anschwemmung	an schwemmen e ung
anstellung	anstellen ung
erheiterung	erheitern ung
urteilsfähigkeit	urteilsfähig keit
bißchen	biß chen
aufmunterung	aufmuntern ung
überbuchung	über buche ung
knetbar	kneten bar
seifig	seifen ig
datentechniker	datentechnik er
eiskunstläufer	eiskunstlaufen er
danziger	danzig er
schlampig	schlampen ig
stellerin	stellen er in
schändlichkeit	schänden lich keit
rundfunksprecherin	rundfunksprecher in
körnchen	korn chen
drangsalierung	drangsal ier ung
millionärin	million är in
vogelliebhaberin	vogelliebhaber in
besoldungsrechtlich	besoldungsrecht lich
begriffslos	begriff los
sozialwissenschaftlich	sozialwissenschaft lich
bahnsprecherin	bahnsprecher in
gestaltbarkeit	gestalten bar keit
armlos	arm e los
darmstädterin	darmstadt er in
studioleiterin	studioleiter in
überdeckung	über decke ung
entlausung	entlausen ung
bereichsleiterin	bereichsleiter in
didaktiker	didaktik er
werbeträgerin	werbeträger in
vorurteilslos	vorurteil los
lutscher	lutschen er
gültigkeit	gültig keit
garnisonsstädtchen	garnisonsstadt chen
sündigen	sünde ig
lebenslustig	lebenslust ig
nebenkläger	nebenklage er
soldatenseelsorger	soldatenseelsorge er
überkreuzung	überkreuzen ung
nachrichtlich	nachricht lich
straßenplaner	straßenplan er
kontoristin	kontor ist in
stellenbewerberin	stellenbewerber in
befrachtung	befrachten ung
sympathisantin	sympathisant in
rechtsnachfolger	rechtsnachfolge er
ohnmächtig	ohnmacht ig
weitschweifigkeit	weitschweifig keit
politikfähigkeit	politikfähig keit
juniorpartnerin	juniorpartner in
verkäuflich	verkauf lich
unterstützerin	unterstützen er in
abtretung	abtreten ung
chefin	chef in
entschließung	entschließen ung
überzeugungstäter	überzeugungstat er
zurückstellung	zurückstellen ung
steuerehrlichkeit	steuerehrlich keit
diskussionswürdigkeit	diskussionswürdig keit
rundung	runden ung
straßenmusiker	straßenmusik er
verdoppelung	ver doppeln el ung
armin	arm e in
kettenraucherin	kettenrauchen er in
ladenburger	ladenburg er
golffahrerin	golffahrer in
tangotänzer	tangotanzen er
vogelschützer	vogelschutz er
haushaltswirtschaftlich	haushaltswirtschaft lich
berberin	berber in
nachhilfeschüler	nachhilfeschule er
verteidiger	verteidigen er
verinnerlichen	ver inner e lich
gleichnamigkeit	gleichnamig keit
schlachter	schlachten er
lagerleiterin	lagerleiter in
statiker	statik er
umschaltung	umschalten ung
knebelung	knebeln ung
bernerin	bern er in
untrennbarkeit	un trennen bar keit
leinenlos	leinen los
hochspringerin	hochspringen er in
archivpfleger	archivpflege er
jugendschützer	jugendschutz er
sicherheitsexpertin	sicherheitsexperte in
schärfung	schärfen ung
kirchenlehrer	kirchenlehre er
eisesser	eisesse er
verhüllung	ver hüllen ung
hilfsschüler	hilfsschule er
blutlos	bluten los
wildwüchsig	wildwuchs ig
württemberger	württemberg er
dösig	dösen ig
parteiöffentlichkeit	parteiöffentlich keit
verifizierung	verifizieren ung
interpreter	interpret er
hinterberger	hinterberg er
schlichtung	schlichten ung
violinistin	viola ine ist in
handlungsunfähigkeit	handlungsunfähig keit
rechtskräftig	rechtskraft ig
grimmigkeit	grimm e ig keit
schrecklich	schreck lich
einbringung	einbringen ung
siebenmalig	siebenmal ig
unermeßlichkeit	unermeßlich keit
verdinglichung	ver ding lich ung
wirbelig	wirbel ig
austauschbar	austauschen bar
armenier	armenien er
spitzfindigkeit	spitzfindig keit
strafverteidigerin	strafverteidiger in
heimaturlauber	heimaturlaub er
kinokritiker	kinokritik er
justierung	justieren ung
untermischung	untermischen ung
regionalligaspieler	regionalligaspiel er
unempfindlich	un empfinden lich
pockennarbig	pockennarbe ig
schopflocher	schopfloch er
übergebührlich	über gebühren lich
überanstrengung	überanstrengen ung
europapokalsieger	europapokalsieg er
rezeptpflichtig	rezeptpflicht ig
juraprofessorin	juraprofessor in
luftschiffer	luftschiff er
illuminierung	illuminieren ung
sozialberaterin	sozialberater in
seriensiegerin	seriensieger in
erkenntlichkeit	erkenntlich keit
grundschullehrerin	grundschullehrer in
dürrenberger	dürrenberg er
insassin	insasse in
gewalttäter	gewalttat er
übersichtlich	übersichten lich
verstrickung	ver strick ung
waiblingerin	waiblingen er in
flughafengesellschafter	flughafengesellschaft er
maserung	masern ung
landessiegerin	landessieg er in
erwähnung	erwähnen ung
gesprächsteilnehmerin	gesprächsteilnehmer in
angeblich	angeben lich
komponistin	komponist in
befindlich	befinden lich
lichtung	lichten ung
stoppelbärtig	stoppelbart ig
bruchlos	bruch los
verkündung	verkünden ung
moritzburger	moritzburg er
konsumfreudigkeit	konsumfreude ig keit
schlesierin	schlesien er in
undurchsichtigkeit	un durchsicht ig keit
prognostiker	prognostik er
selbstverantwortlichkeit	selbstverantwortlich keit
anfänglich	anfang lich
bremserin	bremsen e er in
regierungschefin	regierungschef in
prellung	prellen ung
mitspieler	mitspielen er
prozeßvertreterin	prozeßvertreter in
münzenberger	münzenberg er
gesetzgeberin	gesetzgeber in
warentester	warentest er
wohlanständigkeit	wohlanständig keit
baskin	baske in
christofer	christof er
wichtigkeit	wicht ig keit
entwaldung	ent wald ung
kassandrarufer	kassandraruf er
urlauber	urlaube er
belastungszeugin	belastungszeuge in
schuldnerberaterin	schuldnerberater in
bayernspieler	bayernspiel er
archäologin	archäologe in
militärtransporter	militärtransport er
reporterin	report er in
namenspatronin	namenspatron in
hochstimmung	hochstimmen ung
hochmittelalterlich	hochmittelalter lich
trommelspieler	trommelspiel er
demoralisierung	demoralisieren ung
schnörkellos	schnörkel los
miststreuer	miststreue er
agrarwissenschaftlerin	agrarwissenschaft ler in
luftdurchlässigkeit	luftdurchlässig keit
erbsenzähler	erbsenzählen er
appetitlich	appetit lich
großmütterchen	großmutter chen
wiederaufhebung	wiederaufheben ung
schloßscheuer	schloßscheue er
superstürmer	supersturm er
verkehrspolitiker	verkehrspolitik er
ungleichmäßigkeit	un gleichmaß ig keit
solistin	solist in
augsburgerin	augsburg er in
aussperrung	aussperren ung
festivalleiterin	festivalleiter in
einberufung	einberufen ung
ordnungsrechtlich	ordnungsrecht lich
regellos	regeln el los
schaffner	schaffen er
einäscherung	einäschern ung
athener	athene er
skilehrerin	skilehrer in
wachsamkeit	wachsam keit
vermarktbar	ver markt bar
ingolstädter	ingolstadt er
zivilrechtlich	zivilrecht lich
meißner	meißen er
unheilbarkeit	un heilen bar keit
verkehrsgünstig	verkehrsgunst ig
benzin	benz in
klassenkämpferin	klassenkampf er in
kybernetiker	kybernetik er
überzeugung	überzeugen ung
kommunikationsunfähigkeit	kommunikationsunfähig keit
vorarbeiterin	vorarbeiten er in
motivlos	motiv los
daimlerstädter	daimlerstadt er
computertechniker	computertechnik er
bewacher	bewachen er
unterjochung	unterjochen ung
falkenhagener	falkenhagen er
konditionierung	kondition ier ung
ebenmäßigkeit	ebenmaß ig keit
qualifizierung	qualifizieren ung
kaffeesatzleser	kaffeesatzlesen er
jazzpianistin	jazzpianist in
führerscheinlos	führerschein los
anwenderin	anwenden er in
plastiksäckchen	plastiksack chen
aufrührer	aufrühren er
schauspieler	schauspielen er
schriftstellerin	schriftstelle er in
ausländer	ausland er
listenführerin	listenführer in
hauswirtschafterin	hauswirt schaft er in
mechanikerin	mechanik er in
erwiderung	erwidern ung
formbarkeit	formen bar keit
naturgesetzmäßigkeit	naturgesetz mäßig keit
aufenthaltsrechtlich	aufenthaltsrecht lich
offenherzigkeit	offenherzig keit
vorchristlich	vor chr ist lich
forschungsleiterin	forschungsleiter in
tanzfreudig	tanzfreude ig
herforderin	herford er in
kugelfischer	kugelfisch er
rechtsinhaberin	rechtsinhaber in
schwellenlos	schwelle los
faltbar	falten bar
plieninger	plieningen er
kaffeetrinker	kaffeetrinken er
armseligkeit	armselig keit
salin	sal in
zitherspieler	zitherspiel er
familienpolitiker	familienpolitik er
frauensteiner	frauenstein er
günzburger	günzburg er
adelberger	adelberg er
wehleidigkeit	wehleid ig keit
straßenläufer	straßenlauf er
bockwürstchen	bockwurst chen
bläserin	blase er in
grafikerin	grafik er in
neukäufer	neukauf er
sportsenatorin	sportsenator in
michelin	michele in
chinesin	china ese in
unwirtschaftlich	un wirtschaften lich
berater	beraten er
klarstellung	klarstellen ung
beschaulich	beschauen lich
unzweideutigkeit	unzweideutig keit
durchsichtig	durchsicht ig
verbandspolitiker	verbandspolitik er
soziologieprofessorin	soziologieprofessor in
denkmöglichkeit	denkmöglich keit
hochschulmeisterin	hochschulmeister in
bierseligkeit	bierselig keit
gesellschaftsfähigkeit	gesellschaftsfähig keit
tauglich	taugen lich
beendung	beenden ung
nachfahrin	nachfahr in
landschaftsbauer	landschaftsbau er
steinenberger	steinenberg er
metaphysiker	metaphysik er
rinner	rinnen e er
rundgänger	rundgang er
gastschülerin	gastschüler in
landstädtchen	landstadt chen
fernsehschauspielerin	fernsehschauspieler in
aussiedler	aussiedeln er
düsseldorfer	düsseldorf er
erinnerungsseligkeit	erinnerungsselig keit
ministerin	minister in
bluessängerin	bluessänger in
namenloser	namenlose n er
gewaltverbrecher	gewaltverbrechen er
gesprächsfähigkeit	gesprächsfähig keit
tischtennisspieler	tischtennisspielen er
tiertransporter	tiertransport er
multimillionärin	multimillionär in
urweltlich	urwelt lich
schönleber	schönleben er
ricker	ricke er
bündnisgrüner	bündnisgrün e er
jüngerin	jüngere in
umerziehung	umerziehen ung
baltin	balte in
angriffsfreudigkeit	angriffsfreudig keit
verfassungsfeindlichkeit	verfassungsfeind lich keit
geschichtenerzähler	geschichtenerzählen er
tauglichkeit	taugen lich keit
peilung	peilen ung
alkoholisierung	alkohol isch isier ung
eigensüchtig	eigensucht ig
einbestellung	einbestellen ung
mercedesfahrerin	mercedesfahrer in
zivilpolizistin	zivilpolizei ist in
bestechung	bestechen ung
übersetzer	übersetzen er
eifelstädtchen	eifelstadt chen
schatzmeisterin	schatzmeister in
eiszeitlich	eiszeit lich
machtpolitikerin	machtpolitik er in
fahndung	fahnden ung
heiserkeit	heiser keit
kesselstädter	kesselstadt er
bronzemedaillengewinnerin	bronzemedaillengewinner in
chefanklägerin	chefankläger in
einspeisung	einspeisen ung
nasenbohrer	nasenbohren er
urbanisierung	urbane isier ung
sparer	spar er
überstaatlich	überstaat lich
niederträchtig	niedertracht ig
provinzpolitiker	provinzpolitik er
juniorenweltmeisterin	juniorenweltmeister in
flughafensprecherin	flughafensprecher in
vollziehung	vollziehen ung
einsatzfreudig	einsatzfreude ig
haftfähigkeit	haftfähig keit
glücksburger	glücksburg er
körperlichkeit	körper lich keit
veranlagung	veranlagen ung
betriebsamkeit	betriebsam keit
eingliederung	eingliedern ung
entstellung	entstellen ung
kreuzigung	kreuz ig ung
verursachung	ver ursache ung
rheinländer	rheinland er
südwestlich	südwest lich
aufstellung	aufstellen ung
rechtspfleger	rechtspflege er
kippenberger	kippenberg er
verkettung	ver kette ung
verschwörerin	verschwören in
blumensträußchen	blumenstrauß chen
polizeioberwachtmeisterin	polizeioberwachtmeister in
sambier	sambia er
liebenzeller	liebenzell er
schulpolitiker	schulpolitik er
seuchenrechtlich	seuchenrecht lich
schieber	schieben er
beweglichkeit	bewegen lich keit
steuersparer	steuersparen er
fachwerkhäuschen	fachwerkhaus chen
holprigkeit	holprig keit
politiklehrerin	politiklehrer in
kälbchen	kalben chen
ortsgeschichtlich	ortsgeschichte lich
unkameradschaftlich	un kamerad schaft lich
unerschütterlichkeit	unerschütterlich keit
altenburger	altenburg er
dringlichkeit	dringen lich keit
bühnenarbeiter	bühnenarbeit er
deggendorfer	deggendorf er
ziegelbauer	ziegelbau er
überbetonung	überbetonen ung
beachtung	be acht ung
fraglos	fragen e los
spritzer	spritzen er
unnahbarkeit	unnahbar keit
wirkstofflos	wirkstoff los
großväterchen	großvater chen
öffentlichkeitsreferentin	öffentlichkeitsreferent in
unleserlich	un lese er lich
beharrlich	beharren lich
sprachwissenschaftlich	sprachwissenschaft lich
parteifeindlich	parteifeind lich
sponsorin	sponsor in
schwerbeschädigung	schwerbeschädigen ung
verätzung	verätzen ung
außenseiterin	außenseite er in
gegenspieler	gegenspiel er
widerruflich	widerrufen lich
verfrachtung	ver fracht ung
räumlichkeit	räumen lich keit
kirchhofer	kirchhof er
fagottistin	fagott ist in
installierung	installieren ung
notversorgung	notversorgen ung
fehlerlos	fehlen er los
keyboardspieler	keyboardspiel er
umweglos	umweg los
lindenberger	lindenberg er
enteisung	enteisen ung
vollbelegung	vollbelegen ung
sensationsgierig	sensationsgier ig
wohltäterin	wohltat er in
angreiferin	angreifen er in
botin	bote in
geschirrspüler	geschirrspülen er
entfremdung	entfremden ung
verderber	ver derb er
ungleichmäßig	un gleichmaß ig
kalender	kalenden er
königsberger	königsberg er
ausspielung	ausspielen ung
saarländerin	saarland er in
trennung	trennen ung
produktdesigner	produktdesign er
müllerin	mull er in
krebsverdächtig	krebsverdacht ig
beliebig	belieben ig
staatlich	staat lich
braunlager	braunlage er
computermusiker	computermusik er
freigängerin	freigang er in
abschiebung	abschieben ung
seniorin	seniore in
unvollständigkeit	unvollständig keit
beiwohnung	beiwohnen ung
novemberlich	november lich
kleidung	kleiden ung
aufmachung	aufmachen ung
konkurrentin	konkurrent in
eder	ede er
ausstellung	ausstellen ung
psychiaterin	psychiater in
aufwiegler	aufwiegeln er
abflußlos	abfluß los
öffentlichkeitsarbeiterin	öffentlichkeitsarbeit er in
trösterin	trost er in
dominikanerin	dominika aner in
baurechtlich	baurecht lich
weiterverfolgung	weiterverfolgen ung
genehmigungsfähigkeit	genehmigungsfähig keit
straßenfußballer	straßenfußball er
mattheuer	mattheu er
rotbärtig	rotbart ig
kunstvermittlerin	kunstvermittler in
armbruster	armbrust er
uhrtürmchen	uhrturm chen
ehrenwörtlich	ehrenwort lich
viehtransporter	viehtransport er
autoverleiher	autoverleih er
tatsächlichkeit	tatsächlich keit
gefährlichkeit	gefährlich keit
verseuchung	ver seuche ung
landflüchtig	landflucht ig
kreisförmig	kreisform ig
estin	este in
hausbesetzer	hausbesetzen er
autotester	autotest er
krankenpflegehelferin	krankenpflegehelfer in
unterschiedslos	unterschied los
fußgängerin	fußgänger in
sexualberaterin	sexualberater in
weiterverteilung	weiterverteilen ung
weltmeisterin	weltmeister in
vertreter	vertreten er
kartenlegerin	kartenlegen er in
dunstig	dunst ig
weber	web er
bosnierin	bosnien er in
kastenlos	kaste los
bildungspolitikerin	bildungspolitik er in
abfertigung	abfertigen ung
schönhöfer	schönhof er
zeitkritiker	zeitkritik er
kurzbesucher	kurzbesuch er
wendig	wenden ig
ehepartnerin	ehepartner in
wissenschaftstheoretikerin	wissenschaftstheoretiker in
katastrophenschützer	katastrophenschutz er
dreher	drehen er
vollsperrung	vollsperren ung
wolfsburgerin	wolfsburg er in
entspannungspolitiker	entspannungspolitik er
finanzdezernentin	finanzdezernent in
kennerin	kennen er in
sätzchen	satz chen
entspannung	ent spanne ung
erdinger	erding er
hintertürchen	hintertür chen
heizer	heizen er
deckelung	deckeln ung
innerstaatlich	inner staat lich
bestattung	bestatten ung
saatkörner	saatkorn er
ausmerzung	ausmerzen ung
raucherin	rauchen er in
einzelspender	einzelspende er
offenbacher	offenbach er
verleitung	verleiten ung
amateurfußballer	amateurfußball er
akkordeonspielerin	akkordeonspiel er in
steigerungsfähigkeit	steigerungsfähig keit
bonner	bonne er
umfangreicher	umfangreiche er
kupferstecherin	kupferstecher in
krüppelig	krüppel ig
umständlich	umstand lich
elektroingenieurin	elektroingenieur in
schnäpschen	schnaps chen
zeitarbeiter	zeitarbeit er
aufrechterhaltung	aufrechterhalten ung
tunesier	tunesien er
kriegsgewinner	kriegsgewinn er
theatertechniker	theatertechnik er
entzauberung	ent zauber ung
farbfernseher	farbfernsehen er
befahrbar	befahren bar
akklimatisierung	akklimatisieren ung
verärgerung	ver ärger ung
schuhverkäuferin	schuhverkauf er in
stückchen	stück chen
giebelhäuschen	giebelhaus chen
zeitungsleserin	zeitungslesen er in
bewässerung	bewässern ung
mündigkeit	mündig keit
durstlöscher	durstlöschen er
bücherleser	bücherlesen er
untadeligkeit	untadelig keit
gleichung	gleichen ung
implementierung	implementieren ung
bekanntmachung	bekanntmachen ung
straßenhändlerin	straßenhändler in
verbildlichen	ver bild lich
fortsetzerin	fortsetzen er in
tributpflichtig	tributpflicht ig
ökotester	ökotest er
fellbacher	fellbach er
essener	essen er
bürgerlich	bürgen lich
strebsamkeit	streben sam keit
umweltpolitiker	umweltpolitik er
gesellschaftsreformer	gesellschaftsreform er
regionalisierung	regionale isier ung
verweser	verwesen er
unerträglich	un ertrag lich
senfkörner	senfkorn er
verbreitung	ver breit ung
graphiker	graphik er
allgemeinverständlichkeit	allgemeinverständlich keit
schöpferin	schöpfen er in
unhaltbar	un halten bar
hochschätzung	hochschätzen ung
galerieleiterin	galerieleiter in
gesprächsunfähigkeit	gesprächsunfähig keit
gemeindeblättchen	gemeindeblatt chen
denkwürdigkeit	denkwürdig keit
übernächtig	übernachten ig
huldigen	huld ig
erneuerer	erneuern er
ausquartierung	ausquartieren ung
durchmusterung	durch muster ung
vergeblich	vergeben lich
vorjahressiegerin	vorjahressieg er in
zufällig	zufallen ig
sucher	suchen er
einwirkung	einwirken ung
wurstbrötchen	wurstbrot chen
ansprechbar	ansprechen bar
sportpolitiker	sportpolitik er
sachgebietsleiterin	sachgebietsleiter in
kaltstellung	kaltstellen ung
punktlos	punkt los
geschmeidig	geschmeide ig
trittbrettfahrer	trittbrettfahren er
amateurfunker	amateurfunk er
ungenießbar	un genießen bar
franzensbader	franzensbad er
backnanger	backnang er
nachempfindung	nachempfinden ung
exekutivdirektorin	exekutivdirektor in
aufpasserin	aufpassen in
andächtig	andacht ig
ingenieurswissenschaftlich	ingenieurswissenschaft lich
ungeduldig	ungeduld ig
stempelung	stempeln ung
altväterlich	altvater lich
vollziehbarkeit	vollziehen bar keit
massenmörder	massenmorden er
ukrainerin	ukraine er in
abschnittsleiterin	abschnittsleiter in
flötistin	flöte ist in
uneigennützigkeit	un eigennutz ig keit
setzerin	setzer in
reformierung	reform ier ung
streitlustig	streitlust ig
gleichmütigkeit	gleichmut ig keit
handwerker	handwerk er
leidenschaftlich	leiden schaft lich
elternlos	eltern los
läuterung	läutern ung
wahlkampfmanagerin	wahlkampfmanager in
kommunalwissenschaftlich	kommunalwissenschaft lich
auskunftsfreudigkeit	auskunftsfreude ig keit
klapperig	klapper ig
juniorin	junior in
plasmaspender	plasmaspende er
ausbürgerung	ausbürgern ung
auswanderung	auswandern ung
feuerleger	feuerlegen er
holsteiner	holstein er
eigenmächtig	eigenmacht ig
biophysiker	biophysik er
trotzköpfig	trotzkopf ig
unverdächtig	un verdacht ig
westschweizer	westschweiz er
überschlägig	überschlagen ig
agrarwirtschaftlich	agrarwirtschaft lich
moskauerin	moskau er in
musikwissenschaftlich	musikwissenschaft lich
einwohnerin	einwohner in
festigen	fest e ig
säer	säen er
maklerin	makler in
schäflein	schaf lein
öffentlichkeit	öffentlich keit
jugendrichterin	jugendrichter in
erntearbeiter	erntearbeit er
schauspielerin	schauspielen er in
mitmenschlich	mitmensch lich
lebendig	leben e ig
uneinlösbar	un einlösen bar
tierfreundlich	tierfreund lich
selbstverwirklichung	selbstverwirklichen ung
oppositionsführerin	oppositionsführer in
meinungsführerin	meinungsführer in
gläubig	glauben ig
glitschig	glitschen ig
vorsängerin	vorsänger in
bernhardiner	bernhardine er
hingebung	hingeben ung
abwegig	abweg ig
sozialisierung	sozial isier ung
nonkonformistin	nonkonformist in
fransig	fransen ig
unschuldig	unschuld ig
kirchenbesucher	kirchenbesuch er
amokläufer	amoklauf er
zündhölzchen	zündholz chen
pressechefin	pressechef in
kombattantin	kombattant in
reiseveranstalterin	reiseveranstalter in
ärmlichkeit	ärmlich keit
typisierung	type isch isier ung
furchtlos	furcht los
aufrichtig	aufrichten ig
stammesgeschichtlich	stammesgeschichte lich
wissenschaftlerin	wissenschaft ler in
frühsommerlich	frühsommer lich
ringer	ringen er
jakober	jakob er
gesanglich	gesang lich
würdelos	würde los
backsteinhäuschen	backsteinhaus chen
subventionierung	subvention ier ung
stammspielerin	stammspieler in
staatsbanker	staatsbank er
busunternehmer	busunternehmen er
demaskierung	demaskieren ung
frauenfeindlichkeit	frauenfeind lich keit
gewinnbar	gewinnen bar
zurückziehung	zurückziehen ung
umweltverbrecher	umweltverbrechen er
dankbar	danken bar
hochkommissarin	hochkommissar in
munterkeit	munter keit
richterlich	richten er lich
quetschung	quetschen ung
überbelichtung	überbelichten ung
dachkämmerchen	dachkammer chen
wecker	wecken er
bildgewaltig	bildgewalt ig
rückläufig	rücklauf ig
landesvorstandssprecherin	landesvorstandssprecher in
schlierseer	schliersee er
zumutung	zumuten ung
holzhauser	holzhausen er
kassiererin	kassieren er in
fahrerlos	fahren er los
eifersüchtig	eifersucht ig
patronin	patrone in
uneinig	un eine ig
tyrannin	tyrann in
weilchen	weile chen
aufbereitung	aufbereiten ung
umweltverträglichkeit	umweltverträglich keit
fleischig	fleisch ig
ausformung	ausformen ung
rädchen	rad chen
honigbrötchen	honigbrot chen
tauscher	tausch er
kampfgefährtin	kampfgefährte in
berufsbetreuerin	berufsbetreuer in
seraphin	seraph in
künstlerin	künstler in
schwerin	schwer e in
riesenberger	riesenberg er
studentenpfarrerin	studentenpfarrer in
ausladung	ausladen ung
verfügung	verfügen ung
straftäterin	straftat er in
haltbarkeit	halten bar keit
blasmusiker	blasmusik er
schneidig	schneiden ig
selbstverwalter	selbstverwalten er
vizeministerin	vizeminister in
verwilderung	verwildern ung
papierkügelchen	papierkugel chen
behindertenfreundlichkeit	behindertenfreundlich keit
beweglich	bewegen lich
fischfänger	fischfang er
wochenendlich	wochenende lich
vierteljährlich	vierteljahr lich
großmeisterin	großmeister in
verdaulichkeit	verdauen lich keit
kleinstaatlichkeit	kleinstaat lich keit
anfälligkeit	anfallen ig keit
omnibusunternehmer	omnibusunternehmen er
drehbuchschreiber	drehbuchschreiben er
kulturplaner	kulturplan er
wohnlichkeit	wohnen lich keit
sprachlich	sprache lich
nationalistin	nationale ist in
verantwortlichkeit	verantworten lich keit
lieferantin	lieferant in
lyrikbändchen	lyrikband chen
konstantin	konstante in
befleckung	beflecken ung
neubrandenburgerin	neubrandenburg er in
hausherrin	hausherr in
mittelmäßig	mittelmaß ig
verteidigung	verteidigen ung
beitragszahler	beitragszahl er
opernsängerin	opernsänger in
wirkungslos	wirken ung los
baumpfleger	baumpflege er
angeber	angeben er
kerstin	kerst in
kommandantin	kommandant in
initiatorin	initiator in
orientalistin	orientale isch ist in
sandmännchen	sandmann chen
überfällig	überfall ig
rückraumspielerin	rückraumspieler in
schläfrigkeit	schlaf rig keit
laienspieler	laienspiel er
spartanerin	sparta aner in
reiseleiterin	reiseleiter in
traumtänzer	traumtanz er
holmer	holm er
abrichtung	abrichten ung
barpianistin	barpianist in
quebecer	quebec er
schiebung	schieben ung
heimatpfleger	heimatpflege er
aussiedelung	aussiedeln ung
sympathieträgerin	sympathieträger in
auswegslos	ausweg los
posträuber	postraub er
ausstellungsmacherin	ausstellungsmachen er in
pastorin	pastor in
arbeitslos	arbeit los
nachdenklich	nachdenken lich
ausdehnung	ausdehnen ung
schwindelig	schwindel ig
anlieferung	anliefern ung
oppositionschefin	oppositionschef in
austauschbarkeit	austauschen bar keit
krebspatientin	krebspatient in
begleiterin	begleiten er in
gegenspielerin	gegenspiel er in
analysierbar	analyse ier bar
diskussionsfähigkeit	diskussionsfähig keit
pünktchen	punkt chen
hauswirtin	hauswirt in
behinderung	behindern ung
industriepolitiker	industriepolitik er
ideengeschichtlich	ideengeschichte lich
kurfürstlich	kurfürst lich
bauwagenbewohnerin	bauwagenbewohner in
vermengung	vermengen ung
näher	nähen e er
viehhauser	viehhausen er
diagnostiker	diagnostik er
vernehmbar	vernehmen bar
parteikritiker	parteikritik er
geigenbauer	geigenbau er
ummantelung	um mantel ung
dumpfig	dumpfe ig
brander	branden er
unterstufenlehrerin	unterstufenlehrer in
sprechbar	sprechen bar
wundertätig	wundertat ig
nachrechnung	nachrechnen ung
vorzeitlich	vorzeit lich
ausschließlichkeit	aus schließen e lich keit
bedachung	bedachen ung
erzählerin	erzählen er in
expliziter	explizit e er
kränkung	kränken ung
lokalblättchen	lokalblatt chen
dreibändig	dreiband ig
kokapflanzer	kokapflanze er
überraschungslos	über rasch ung los
teamarbeiter	teamarbeit er
pokalsiegerin	pokalsieg er in
wettbewerblich	wettbewerb lich
seeburger	seeburg er
nervig	nerven ig
kriegswirtschaftlich	kriegswirtschaft lich
zahnrädchen	zahnrad chen
freiverkäuflich	freiverkauf lich
unlösbarkeit	un lösen bar keit
mechanisierung	mechanisch isier ung
traber	traben er
gleisarbeiter	gleisarbeit er
hauptkassiererin	hauptkassierer in
neuwagenkäufer	neuwagenkauf er
steuerpolitiker	steuerpolitik er
kurzwellig	kurzwelle ig
bogenberger	bogenberg er
integrierung	integrieren ung
wortgeschichtlich	wortgeschichte lich
rentnerin	rentner in
uhrmacherin	uhrmacher in
vordringlich	vordringen lich
unehelich	un ehe lich
bangkoker	bangkok er
neueinsteigerin	neueinsteiger in
quedlinburger	quedlinburg er
linienrichterin	linienrichter in
wohnung	wohnen ung
sicherheitslager	sicherheitslage er
änderung	ändern ung
binder	binde er
carin	care in
ungemütlichkeit	un gemüt lich keit
neckarstädtchen	neckarstadt chen
arbeitsvertraglich	arbeitsvertrag lich
gefühlsseligkeit	gefühlsselig keit
mutlos	mut los
ketzerin	ketzer in
vereinigen	ver eine ig
wagenwäscher	wagenwaschen er
unentbehrlichkeit	un entbehren lich keit
lindner	linden er
ermöglichung	ermöglichen ung
kassenverwalterin	kassenverwalter in
materialwissenschaftlich	materialwissenschaft lich
hüttenbauer	hüttenbau er
herrschsüchtig	herrschsucht ig
begründungslos	begründen ung los
altmühltaler	altmühltal er
übelkeit	übel keit
langzeitstudentin	langzeitstudent in
zauberstäbchen	zauberstab chen
zivilisierung	zivil e isier ung
medienassistentin	medienassistent in
übernachtung	übernachten ung
kammersängerin	kammersänger in
streitsüchtig	streitsucht ig
blutdürstig	blutdurst ig
fixierung	fix ier ung
kriegshetzer	kriegshetze er
denkmalpflegerin	denkmalpflege er in
konjunkturanfälligkeit	konjunkturanfällig keit
erfolgsautorin	erfolgsautor in
geschmacklos	geschmack los
mäuslein	maus lein
landesfürstlich	landesfürst lich
homosexuellenfeindlichkeit	homosexuellenfeindlich keit
gemeindepastorin	gemeindepastor in
finder	finden er
torpedierung	torpedieren ung
malerin	malen er in
dickköpfig	dickkopf ig
großmächtig	großmacht ig
erzähler	erzählen er
wiederbeschaffung	wiederbeschaffen ung
mieter	mieten er
privatschülerin	privatschule er in
mädchenmörder	mädchenmord er
kuschelig	kuscheln ig
zehrung	zehren ung
sexualwissenschaftlich	sexualwissen schaft lich
geflügelzüchter	geflügelzucht er
sonnenhütchen	sonnenhut chen
warmblüter	warmblut er
pilzesucher	pilzesuche n er
puppenspieler	puppenspielen er
göttinger	göttingen er
durstig	durst ig
verproviantierung	verproviantieren ung
verehrerin	verehren er in
trapezkünstlerin	trapezkünstler in
verringerung	ver ring ung
umschiffung	umschiffen ung
wucherung	wuchern ung
gewinnträchtigkeit	gewinnträchtig keit
protokollchefin	protokollchef in
schmachtenhagener	schmachtenhagen er
mannschaftskollegin	mannschaftskollege in
veränderbar	verändern bar
kampagnenfähigkeit	kampagnenfähig keit
brauchbarkeit	brauchen bar keit
trompeter	trompeten er
konzertbesucher	konzertbesuch er
verstümmelung	verstümmeln ung
ingrimmig	ingrimm ig
brunnenbauer	brunnenbau er
kartellamtlich	kartellamt lich
durchtrennung	durchtrennen ung
tarifvertraglich	tarifvertrag lich
conradin	conrad in
verglasung	ver glas ung
streikbrecherin	streikbrecher in
amtsleiterin	amtsleiter in
grauhaarig	grauhaar ig
umgestaltung	um gestalt ung
ungeheuerlich	ungeheuer lich
elbestädter	elbestadt er
seehofer	seehof er
bundesgesundheitsministerin	bundesgesundheitsminister in
heillos	heil los
litauer	litauen er
vertretbar	vertreten bar
linksradikaler	linksradikale n er
verblödung	ver blöd e ung
jugendarbeiter	jugendarbeit er
ehrenbürgerin	ehrenburg er in
amtskollegin	amtskollege in
torjägerin	torjäger in
kantig	kanten ig
wahlrechtlich	wahlrecht lich
druckunternehmer	druckunternehmen er
innerdienstlich	inner dienst lich
therapeutin	therapeut in
nordhessin	nordhesse in
nachgiebigkeit	nachgiebig keit
entschlußfreudig	entschlußfreude ig
voraussetzung	voraussetzen ung
abschlägig	abschlagen ig
nachprüfung	nachprüfen ung
textlich	texten lich
mitläufer	mitlaufen er
einzelstaatlich	einzelstaat lich
vernünftig	vernunft ig
lebensberaterin	lebensberater in
zwischennutzung	zwischennutzen ung
vereinfachung	ver einfach ung
balder	balde er
entflechtung	entflechten ung
zurechtweisung	zurechtweisen ung
heilkräftig	heilkraft ig
lebendspender	lebendspende er
untermalung	untermalen ung
wahlverliererin	wahlverlierer in
kleinbürgerlich	kleinbürger lich
literaturwissenschaftlerin	literaturwissenschaft ler in
gesamtkirchlich	gesamtkirche lich
fahrradfreundlichkeit	fahrradfreund lich keit
gartenarbeiter	gartenarbeit er
eicher	eiche er
insolvenzrechtlich	insolvenzrecht lich
dienstrechtlich	dienstrecht lich
augenfänger	augenfang er
schlagfertigkeit	schlagfertig keit
heimlichkeit	heimlich keit
thronerbin	thronerbe in
lebensschützer	lebensschutz er
flugschüler	flugschule er
romain	roma in
umsteuerung	umsteuern ung
verhaltensauffälligkeit	verhaltensauffällig keit
klappbar	klappen bar
grenzschützer	grenzschutz er
nichtmenschlich	nichtmensch lich
insiderin	insider in
spielleiterin	spielleiter in
humorlos	humor los
aushilfskellnerin	aushilfskellner in
väterlich	vater lich
turmbläser	turmblasen er
verbesserbar	verbessern bar
beleidiger	beleidigen er
bürgerin	bürgen in
gesundheitssenatorin	gesundheitssenator in
gastdozentin	gastdozent in
einlieferung	einliefern ung
tuttlinger	tuttlingen er
darmstädter	darmstadt er
planmäßigkeit	planmäßig keit
innergenossenschaftlich	inner genossen schaft lich
verschränkung	verschränken ung
entwaffnung	entwaffnen ung
rüstigkeit	rüstig keit
verkehrssünder	verkehrssünde er
schlagzeugerin	schlagzeug er in
abkapselung	abkapseln ung
ordnungswidrigkeit	ordnungswidrig keit
abschreckung	abschrecken ung
volksfestbesucher	volksfestbesuch er
widerrechtlich	wider recht lich
generalüberholung	generalüberholen ung
streberin	streben er in
mordlustig	mordlust ig
obrigkeitshörigkeit	obrigkeitshörig keit
messestädter	messestadt er
vollkornbrötchen	vollkornbrot chen
kulturreporter	kulturreport er
unwahrscheinlichkeit	unwahrscheinlich keit
golfkrieger	golfkrieg er
kreismeisterin	kreismeister in
rostbratwürstchen	rostbratwurst chen
bundesligaspielerin	bundesligaspiel er in
innenpolitiker	innenpolitik er
hauptgewinner	hauptgewinn er
lebensschützerin	lebensschutz er in
thematisierung	thema atisch isier ung
zauberer	zaubern er
überfliegerin	über fliege er in
eigenartigkeit	eigenart ig keit
abenteurerin	abenteuer er in
stallgefährtin	stallgefährte in
iller	ille er
koppelung	koppeln ung
erreichbarkeit	erreichen bar keit
altersforscherin	altersforscher in
muttersöhnchen	muttersohn chen
thüringerin	thüringen er in
vergegenwärtigen	ver gegenwart ig
bediener	bedienen er
großspurigkeit	großspurig keit
erörterung	erörtern ung
pflanzenbauer	pflanzenbau er
protestantin	protestant in
premierministerin	premierminister in
freier	frei e er
starrsinnig	starrsinn ig
ruheständlerin	ruhestand ler in
verlagssprecherin	verlagssprecher in
vielfarbigkeit	vielfarbig keit
ausweislos	ausweisen los
beliebigkeit	belieben ig keit
wahrsager	wahrsagen er
örtlichkeit	örtlich keit
passierbar	passieren bar
jugendhilfeplanerin	jugendhilfeplan er in
vollzugsbeamtin	vollzugsbeamte in
kopflos	kopf los
anzüglichkeit	anzug lich keit
verhetzung	ver hetze ung
realschullehrerin	realschullehrer in
skeptikerin	skeptiker in
dienstbotin	dienstbote in
hörer	hören er
beeinflussung	beeinflussen ung
kinounternehmer	kinounternehmen er
fürsorgerin	fürsorge er in
pillenschlucker	pillenschlucken er
moldauer	moldau er
pfändung	pfänden ung
buchbinder	buchbinden er
kampfkräftig	kampfkraft ig
fachoberschüler	fachoberschule er
kanalbauer	kanalbau er
politologin	politologe in
lehrer	lehren er
begünstigen	be gunst ig
unabsehbar	un absehen bar
passantin	passant in
vergnügung	vergnügen ung
eigennützig	eigennutz ig
standesamtsleiterin	standesamtsleiter in
unterfütterung	unterfüttern ung
gefängnisinsassin	gefängnisinsasse in
versiegelung	ver siegel ung
jeromin	jerome in
anheuerung	anheuern ung
hauptberuflich	hauptberuf lich
kabinettskollegin	kabinettskollege in
witwer	witwe er
skatspieler	skatspielen er
pizzabäcker	pizzabacken er
überspannung	überspannen ung
kassenärztlich	kassenarzt lich
abgeltung	abgelten ung
einschüchterung	einschüchtern ung
hilfsarbeiter	hilfsarbeit er
verbandsdirektorin	verbandsdirektor in
verwaltungschefin	verwaltungschef in
hoffnungslos	hoffnung los
kunstministerin	kunstminister in
peinigen	pein ig
regisseurin	regisseur in
veräußerlichen	ver äußern lich
erzbischöflich	erzbischof lich
vereinskameradin	vereinskamerad in
einlagerung	einlagern ung
benützung	benützen ung
verbannung	ver bann ung
turiner	ture in er
schmierung	schmieren ung
profilierungssüchtig	profilierungssucht ig
kajakfahrer	kajakfahren er
verwandlungskünstlerin	verwandlungskunst ler in
diplomverwaltungswirtin	diplomverwaltungswirt in
ehrenamtlich	ehrenamt lich
dämpfer	dämpfen er
vollblüter	vollblut er
untragbarkeit	un tragbar keit
telefonseelsorgerin	telefonseelsorge er in
koller	koll er
christianisierung	christiane isier ung
mittelmäßigkeit	mittelmaß ig keit
einwanderungsministerin	einwanderungsminister in
gewaltsamkeit	gewalt sam keit
nachrichtenredakteurin	nachrichtenredakteur in
visapflichtig	visapflicht ig
schwächung	schwächen ung
gewaltlos	gewalt los
widerstandslos	widerstand los
genießbarkeit	genießen bar keit
beherrschung	beherrschen ung
handwerklich	handwerk lich
wettbewerbsrechtlich	wettbewerbsrecht lich
angemessener	angemessen e n er
grazer	graz er
außenwirtschaftsrechtlich	außenwirtschaftsrecht lich
landshuter	landshut er
pflüger	pflug er
postkutscher	postkutsche er
vertragsbrüchig	vertragsbruch ig
körperlich	körper lich
firmeninhaberin	firmeninhaber in
burgherrin	burgherr in
nuancierung	nuance ier ung
vögelchen	vogel chen
klarinettenspieler	klarinettenspiel er
lokalchefin	lokalchef in
unabsetzbar	un absetzen bar
seelsorgerlich	seelsorge er lich
miniaturisierung	miniatur isier ung
fachwissenschaftlich	fachwissen schaft lich
bedenkenlos	bedenken los
unterkühlung	unterkühlen ung
aufsteiger	aufsteigen er
konservatorin	konservator in
flußschiffer	flußschiff er
anzeiger	anzeigen er
polizeipräsidentin	polizeipräsident in
bürgersöhnchen	bürgersohn chen
geräuschlos	geräusch los
sprachwissenschaftlerin	sprachwissenschaft ler in
vorherbestimmung	vorherbestimmen ung
doppelmörder	doppelmord er
wörtchen	wort chen
reinrassigkeit	reinrassig keit
ausschlachtung	aus schlacht ung
teerung	teeren ung
tourismusministerin	tourismusminister in
zwischenrufer	zwischenrufen er
rohrleitungsbauer	rohrleitungsbau er
nichtwähler	nichtwählen er
verzinslich	ver zins lich
geheimhaltungsbedürftigkeit	geheimhaltungsbedürftig keit
sektenchefin	sektenchef in
jurastudentin	jurastudent in
fernsehkritiker	fernsehkritik er
religionslehrerin	religionslehre er in
übergeschichtlich	über geschichte lich
verdampfung	ver dampf ung
parteilichkeit	partei lich keit
ersatzkandidatin	ersatzkandidat in
schlechterstellung	schlechterstellen ung
behindertensportlerin	behindertensport ler in
erdenklich	erdenken lich
gastanker	gastank er
holzarbeiter	holzarbeit er
asiatin	asiate in
kochbuchautorin	kochbuchautor in
dreiköpfig	dreikopf ig
theaterautorin	theaterautor in
altmannsteiner	altmannstein er
mönchberger	mönchberg er
streifenpolizistin	streifenpolizist in
buchhändlerin	buchhändler in
verkehrspolizeilich	verkehrspolizei lich
versagung	versagen ung
umweltschädlichkeit	umweltschädlich keit
langenerin	lange n er in
zurücksetzung	zurücksetzen ung
bassin	basse in
tanzbar	tanzen bar
schwerpflegebedürftigkeit	schwerpflegebedürftig keit
anlegerschützer	anlegerschutz er
geherin	gehen er in
standesbeamtin	standesbeamte in
unüberschreitbar	un überschreiten bar
sanierungspflichtig	sanierungspflicht ig
entnationalisierung	entnationalisieren ung
fahnenflüchtig	fahnenflucht ig
freisetzung	freisetzen ung
wetterauer	wetterau er
wahlbeamtin	wahlbeamte in
grimmig	grimm e ig
grafikdesignerin	grafikdesign er in
münchner	münchen er
neurologin	neurologe in
weinberghäuschen	weinberghaus chen
rentenexpertin	rentenexperte in
feindlichkeit	feinden lich keit
nachsichtig	nachsicht ig
ruderin	ruder in
überzeichnung	überzeichnen ung
verbrennung	verbrennen ung
weitsichtigkeit	weitsicht ig keit
mandeläugig	mandelauge ig
beschlagnahmung	beschlagnahmen ung
dietzenbacher	dietzenbach er
obrigkeitsstaatlich	obrigkeitsstaat lich
bauernhäuschen	bauernhaus chen
fotolaborantin	fotolaborant in
erweiterung	erweitern ung
farbenstädter	farbenstadt er
umständlichkeit	umstand lich keit
kunstsinnigkeit	kunstsinn ig keit
selbstherrlichkeit	selbstherrlich keit
karriereplaner	karriereplan er
sorgenlos	sorgen los
baustatiker	baustatik er
fußballerin	fußballen er in
sozialarbeiterin	sozialarbeit er in
haltbar	halten bar
doppelspieler	doppelspiel er
brandmarkung	brandmarken ung
hauptgewinnerin	hauptgewinn er in
unterbindung	unterbinden ung
fehlernährung	fehlernähren ung
heutig	heute ig
kunstschüler	kunstschule er
degenerierung	degenerieren ung
unbelehrbar	un belehren bar
unbehaglichkeit	un behagen lich keit
annehmbar	annehmen bar
grundstücksbesitzer	grundstücksbesitz er
festbesucherin	festbesucher in
tessiner	tessin er
vaihinger	vaihingen er
bodenreformer	bodenreform er
gemüseverkäufer	gemüseverkauf er
ölverbraucher	ölverbrauch er
radlos	rad los
angreifbar	angreifen bar
nachbarschaftshelferin	nachbarschaftshelfer in
jurysprecherin	jurysprecher in
restaurantbesucher	restaurantbesuch er
baumüller	baumüll er
marionettenspieler	marionettenspiel er
kurstädter	kurstadt er
belegung	belegen ung
pfiffig	pfiff ig
unsterblichkeit	un sterben lich keit
ettlinger	ettlingen er
ungastlich	un gast lich
grünlich	grün e lich
lernfähigkeit	lernfähig keit
innerwestlich	inner weste lich
beglaubigung	beglaubigen ung
abhängigkeit	abhängen ig keit
wohnungswirtschaftlich	wohnungswirtschaft lich
unkontrollierbar	un kontrolle ier bar
entwürdigung	entwürdigen ung
mausig	mausen ig
abnehmerin	abnehmen er in
rundlich	rund lich
urheberrechtlich	urheberrecht lich
carolin	carole in
filderstädter	filderstadt er
schlampigkeit	schlampen ig keit
ausrichter	ausrichten er
ungleichzeitig	un gleichzeit ig
verarbeitung	verarbeiten ung
olefin	olef in
brandung	branden ung
bezirklich	bezirk lich
unterbelegung	unter beleg ung
wahnwitzig	wahnwitz ig
führungslos	führung los
decker	decke er
vermietung	vermieten ung
überwinder	überwinden er
müller	mull er
schlüpfrigkeit	schlüpfen rig keit
kniefällig	kniefall ig
blumenberger	blumenberg er
spielfreudig	spielfreude ig
gestaltlos	gestalten los
entbehrlich	entbehren lich
ertüchtigung	ertüchtigen ung
prüfungspflichtig	prüfungspflicht ig
pelztierzüchter	pelztierzucht er
pieter	piet er
deutschstämmigkeit	deutschstämmig keit
riedstädter	riedstadt er
versucherin	versuchen er in
unmittelbar	un mitteln bar
sibirier	sibirien er
schadenfreudig	schadenfreude ig
genfer	genf er
beschwerlich	be schwer lich
ludwigsburgerin	ludwigsburg er in
eidlich	eid lich
dogmatiker	dogmatik er
herrin	herr in
schnürchen	schnur chen
einwerbung	einwerben ung
dänin	däne in
samenkörnchen	samenkorn chen
seligenstädter	seligenstadt er
einlösbar	einlösen bar
leitfähigkeit	leitfähig keit
augustiner	auguste ine er
heimgärtner	heimgarten er
untergewichtig	untergewicht ig
einheitlichkeit	einheit lich keit
freiburgerin	freiburg er in
bühnenschauspielerin	bühnenschauspieler in
schattenboxer	schattenboxen er
grundeigentümer	grundeigentum er
hitzebeständigkeit	hitzebeständig keit
standardmäßig	standardmaßen ig
dentistin	dentist in
ausplünderung	ausplündern ung
ausreisepflichtig	ausreisepflicht ig
optimistischer	optimist isch e n er
ballettänzerin	ballettänzer in
sehringer	sehring er
weitermeldung	weitermelden ung
rauschgiftsüchtig	rauschgiftsucht ig
ermattung	ermatten ung
vernunftlos	vernunft los
südamerikanerin	südamerika aner in
tannenbäumchen	tannenbaum chen
taxiunternehmer	taxiunternehmen er
cutterin	cutter in
gänzlich	ganz e lich
merkbar	merken bar
radikalreformer	radikalreform er
bescheidener	bescheiden e er
einzelfallhelferin	einzelfallhelfer in
zwischenlandung	zwischenlanden ung
symbolkräftig	symbolkraft ig
überschwemmung	über schwemmen e ung
olympiasiegerin	olympiasieg er in
küsterin	küste er in
dämpfung	dämpfen ung
wiedererweckung	wiedererwecken ung
hilfspolizistin	hilfspolizei ist in
trägerin	trage er in
rollstuhlfahrer	rollstuhlfahren er
individualrechtlich	individualrecht lich
geistesgegenwärtigkeit	geistesgegenwart ig keit
primin	prim in
konsolidierung	konsolidieren ung
berlinbesucher	berlinbesuch er
stimmbildnerin	stimmbildner in
gespielin	spielen sfx in
gewissenlos	gewissen los
kahlköpfig	kahlkopf ig
polizeirechtlich	polizeirecht lich
kommunalpolitikerin	kommunalpolitik er in
vernarbung	ver narbe ung
ordensgründerin	ordensgründer in
großräumig	großraum ig
abschreibung	abschreiben ung
gretchen	gret chen
verteidigungspolitiker	verteidigungspolitik er
nachreifung	nach reif ung
übertariflich	über tarif lich
interessenvertreterin	interessenvertreter in
ausländerfreundlichkeit	ausländerfreund lich keit
winzerin	winzer in
chorführerin	chorführer in
zuseher	zusehen er
mannigfaltigkeit	mannigfaltig keit
unterscheidung	unterscheiden ung
huldigung	huld ig ung
steckbar	stecken bar
nymphenburger	nymphenburg er
täfelchen	tafel chen
konsequenzlos	konsequenz los
setzung	setzen ung
unterzeichner	unterzeichnen er
darstellerin	darstellen er in
begeisterung	begeistern ung
professorin	professor in
biberacher	biberach er
stahlunternehmer	stahlunternehmen er
reuig	reue ig
kleinhaltung	kleinhalten ung
steuerungsfähigkeit	steuerungsfähig keit
perfektionistin	perfektion ist in
zoodirektorin	zoodirektor in
gewerkschaftssprecherin	gewerkschaftssprecher in
ausgleichbar	ausgleichen bar
zeugungsunfähigkeit	zeugungsunfähig keit
bezüglich	bezug lich
friedenskämpferin	friedenskampf er in
ministrantin	ministrant in
hockeyspielerin	hockeyspielen er in
größenwahnsinnig	größenwahnsinn ig
tollwütig	tollwut ig
stiftung	stiften ung
aufforderung	auffordern ung
literaturprofessorin	literaturprofessor in
bildungsplaner	bildungsplan er
verbürgerlichen	ver bürgen lich
kameradschaftlich	kamerad schaft lich
primatenforscherin	primatenforscher in
kurzhaarig	kurzhaar ig
meinungsmacher	meinungsmache er
einreihung	einreihen ung
verkehrsrechtlich	verkehrsrecht lich
rezitatorin	rezitator in
punktsieger	punktsieg er
dressurreiterin	dressurreiten er in
spielbar	spielen bar
preßburger	preßburg er
entkrampfung	entkrampfen ung
genußfähigkeit	genußfähig keit
erfolglos	erfolg los
äußerlichkeit	äußern lich keit
eingebung	eingeben ung
einmündung	einmünden ung
kanadier	kanada er
anmeldung	anmelden ung
regelwidrigkeit	regelwidrig keit
gesinnungsethiker	gesinnungsethik er
westpolitiker	westpolitik er
ergreifung	ergreifen ung
bemühung	bemühen ung
belgierin	belgien er in
wirtschaftsprofessorin	wirtschaftsprofessor in
kinderpfleger	kinderpflege er
familiengesellschafter	familiengesellschaft er
versprechung	versprechen ung
verknöcherung	ver knochen ung
verständnislos	verständnis los
großunternehmer	großunternehmen er
sportstudentin	sportstudent in
einklagbar	einklagen bar
zugängig	zugang ig
betreiberin	betreiben er in
vollständigkeit	vollständig keit
unduldsamkeit	un dulden sam keit
umwälzung	umwälzen ung
fischer	fischen er
schulmeisterlich	schulmeister lich
investorin	investor in
schicklich	schick e lich
kaltblüter	kaltblut er
geschäftlich	geschäft lich
europäerin	europäer in
museumsleiterin	museumsleiter in
verweltlichen	ver welt lich
alleinerbin	alleinerbe in
tierschutzrechtlich	tierschutzrecht lich
wahlfähigkeit	wahlfähig keit
traurigkeit	traurig keit
nachinszenierung	nachinszenieren ung
überträger	übertragen er
politiker	politik er
entsprechung	entsprechen ung
marienburger	marienburg er
reflexionslos	reflexion los
kampflos	kampf los
sanierung	sanieren ung
überreichung	überreichen ung
betriebsärztlich	betriebsarzt lich
turniersiegerin	turniersieg er in
starnberger	starnberg er
telefonseelsorger	telefonseelsorge er
graubärtig	graubart ig
bürgerschaftspräsidentin	bürgerschaftspräsident in
eingemeindung	eingemeinden ung
ausschließung	aus schließen e ung
abenteurer	abenteuer er
rostocker	rostock er
pianospieler	pianospiel er
fernsehempfänger	fernsehempfang er
einsilbigkeit	einsilbig keit
straßenmusikantin	straßenmusikant in
dorfpolitiker	dorfpolitik er
nordthüringer	nordthüringen er
politikmacher	politikmachen er
schlauchförmig	schlauchform ig
wohnbar	wohnen bar
fahrradfahrer	fahrradfahren er
ausführlich	ausfuhr lich
europameisterin	europameister in
pyramidenförmig	pyramidenform ig
hafenarbeiter	hafenarbeit er
rollkunstläufer	rollkunstlaufen er
marktmeisterin	marktmeister in
medienrechtlich	medienrecht lich
fehlplazierung	fehlplazieren ung
mitarbeiter	mitarbeiten er
vergütung	vergüten ung
honorierung	honorieren ung
bebauung	be bau ung
marktforscherin	marktforscher in
parteiunabhängigkeit	parteiunabhängig keit
planwirtschaftlich	planwirtschaft lich
neubürger	neuburg er
absonderlichkeit	absondern lich keit
langeweiler	langeweile er
erstickung	ersticken ung
farmerin	farm er in
dealerin	dealen in
ankündigung	ankündigen ung
ausrottung	ausrotten ung
händlerin	händler in
frontkämpfer	frontkampf er
amtsnachfolgerin	amtsnachfolge er in
imprägnierung	imprägnieren ung
saftig	saft ig
überbrückung	überbrücken ung
erstellung	erstellen ung
bombenleger	bombenlegen er
offensivfähigkeit	offensivfähig keit
verbiegung	ver biege ung
zeichnung	zeichnen ung
überbietbar	überbieten bar
musikschullehrerin	musikschullehrer in
schweinchen	schwein chen
eingängigkeit	eingängig keit
buchenwäldchen	buchenwald chen
gipfelstürmer	gipfelsturm er
spitzenathletin	spitzenathlet in
wohnungsmieter	wohnungsmiete er
schlosserin	schlosser in
einseitigkeit	einseitig keit
vollzugshelferin	vollzugshelfer in
streicherin	streichen er in
gastreferentin	gastreferent in
weichherzigkeit	weichherzig keit
hüllenlos	hüllen los
reagenzgläschen	reagenzglas chen
generalunternehmer	generalunternehmen er
pflanzung	pflanzen ung
baumeisterin	baumeister in
aufheller	aufhellen er
röttger	röttgen er
erlahmung	erlahmen ung
frühschwimmer	frühschwimmen er
aufklärer	aufklären er
verlegung	verlegen ung
artin	arte in
norwegerin	norwegen er in
engländerin	england er in
krankenpflegeschülerin	krankenpflegeschule er in
unhöflichkeit	un hof lich keit
sexualwissenschaftlerin	sexualwissen schaft ler in
wolfsteiner	wolfstein er
satellitenempfänger	satellitenempfang er
kleinkrämer	kleinkram er
pointenlos	pointe los
verkündigung	verkündigen ung
falkenburger	falkenburg er
absentierung	absentieren ung
hochtechnisierung	hochtechnisch isier ung
übersehbar	übersehen bar
kindergärtner	kindergarten er
maler	malen er
sesamkörner	sesamkorn er
keglerin	kegler in
verdrängung	verdrängen ung
avantgardistin	avantgarde ist in
kindlich	kind lich
recklinghausener	recklinghausen er
uneigennützig	un eigennutz ig
lohnbuchhalterin	lohnbuchhalter in
polizeigewerkschafter	polizeigewerkschaft er
grasig	grasen ig
fußballer	fußballen er
spielgestalterin	spielgestalter in
sportwissenschaftlich	sportwissenschaft lich
handhabung	handhaben ung
außenangreiferin	außenangreifer in
autowerker	autowerk er
umtriebig	umtrieb ig
tageszeitlich	tageszeit lich
diskuswerfer	diskuswerfen er
gesundschreibung	gesundschreiben ung
heilerziehungspfleger	heilerziehungspflege er
zweifler	zweifeln er
stalinistin	stalin ist in
kirchgängerin	kirchgang er in
süffig	suff ig
gartenplaner	gartenplan er
mühlenberger	mühlenberg er
pionierleiterin	pionierleiter in
elfenbeintürmchen	elfenbeinturm chen
fremdenfreundlichkeit	fremdenfreundlich keit
bereinigung	bereinigen ung
sitznachbarin	sitznachbar in
weltpolizeilich	weltpolizei lich
violinspieler	violinspiel er
rathauspolitiker	rathauspolitik er
judenmörder	judenmord er
überhörbar	überhören bar
profillos	profil los
nachberuflich	nach beruf lich
konstanzer	konstanze er
beitragsrechtlich	beitragsrecht lich
faschistin	faschist in
entschlüsselung	entschlüsseln ung
landschaftsschützer	landschaftsschutz er
kräftigung	kräftigen ung
ausläufer	auslauf er
veränderlichkeit	verändern lich keit
henkellos	henkel los
geschichtswissenschaftlich	geschichtswissen schaft lich
vorrichtung	vorrichten ung
umarmung	umarmen ung
umrandung	um rand ung
freyberger	freyberg er
bevölkerungspolitiker	bevölkerungspolitik er
regimekritiker	regimekritik er
anschuldigung	anschuldigen ung
besucherin	besuchen er in
beanspruchung	be anspruch ung
mehrkämpferin	mehrkampf er in
weiterqualifizierung	weiterqualifizieren ung
landschaftsplanerin	landschaftsplan er in
kursgewinner	kursgewinn er
genießer	genießen er
impulsgeberin	impulsgeber in
ökopolitiker	ökopolitik er
vervollkommnung	vervollkommnen ung
starter	starten er
abgängig	abgang ig
houstoner	houston er
altbesitzer	altbesitz er
verselbständigung	ver selbständig ung
südlich	süd lich
aster	ast er
aussichtslos	aussicht los
magdeburger	magdeburg er
lockerung	lockern ung
nachträglich	nachtrag lich
kunstpädagogin	kunstpädagoge in
sinnig	sinnen ig
fertighäuschen	fertighaus chen
viehräuber	viehraub er
melderechtlich	melderecht lich
gratulantin	gratulant in
landesjugendpfarrerin	landesjugendpfarrer in
ortsamtsleiterin	ortsamtsleiter in
verschmutzung	ver schmutz ung
zuhälterin	zuhälter in
stauung	stauen ung
silbermedaillengewinnerin	silbermedaillengewinner in
harzig	harzen ig
harlemer	harlem er
flexibilisierung	flexibilisieren ung
polizistin	polizist in
kaltenberger	kaltenberg er
handwerksmeisterin	handwerksmeister in
geldräuber	geldraub er
schmucklos	schmuck los
torgefährlichkeit	torgefährlich keit
tricktechniker	tricktechnik er
neubürgerin	neuburg er in
musterschülerin	musterschule er in
kaltenecker	kalteneck er
fernsehreporterin	fernsehreporter in
windung	winden ung
bundesrichterin	bundesrichter in
kasseler	kassel er
kärglichkeit	kärglich keit
wirtschaftsstraftäter	wirtschaftsstraftat er
vegetarierin	vegetarier in
ausfällig	ausfallen ig
filmwissenschaftlerin	filmwissenschaft ler in
kabelwerker	kabelwerk er
wiederbegegnung	wiederbegegnen ung
seniorenmeisterin	seniorenmeister in
gesetzeskräftig	gesetzeskraft ig
anlegerin	anlegen er in
erfrischung	er frisch ung
überführung	überführen ung
lichtenbergerin	lichtenberg er in
heidin	heide in
wochenendhäuschen	wochenendhaus chen
bewährungshelferin	bewährungshelfer in
täfelung	täfeln ung
vormundschaftsgerichtlich	vormundschaftsgericht lich
schlittenfahrer	schlittenfahren er
bluttäter	bluttat er
rechtsextremistin	rechtsextrem e ist in
aufheiterung	aufheitern ung
besserung	bessern ung
sittlichkeitsverbrecher	sittlichkeitsverbrechen er
abschlachtung	abschlachten ung
steinbrunner	steinbrunnen er
firmenaufkäufer	firmenaufkauf er
teilhaberin	teilhaben in
einschließung	einschließen ung
terminierung	term in ier ung
hansestädter	hansestadt er
marcin	marc in
schneckenhäuschen	schneckenhaus chen
einsenderin	einsenden in
sozialdezernentin	sozialdezernent in
kulturministerin	kulturminister in
geiseltaler	geiseltal er
kettenraucher	kettenrauchen er
berghauser	berghaus er
untertunnelung	untertunneln ung
zellengenossin	zellengenosse in
wunschkandidatin	wunschkandidat in
überleiter	überleiten er
bauchrednerin	bauchreden er in
unfallgegnerin	unfallgegner in
innenministerin	innenminister in
bukarester	bukarest er
grundeigentümerin	grundeigentum er in
ausdruckslos	ausdruck los
fuchsig	fuchsen ig
naturrechtlich	naturrecht lich
atomfrachter	atomfracht er
auskunftsfähigkeit	auskunftsfähig keit
futterneider	futterneid er
flauschig	flausch ig
übernehmer	übernehmen er
lästigkeit	lästig keit
michelin	michel in
liebeslustig	liebeslust ig
verächter	verachten er
fachgruppenleiterin	fachgruppenleiter in
farbspritzer	farbspritze er
freudenberger	freudenberg er
ministerkollegin	ministerkollege in
verknappung	ver knapp ung
übersättigung	übersättigen ung
seidig	seide ig
wasserverkäufer	wasserverkauf er
ausbesserung	ausbessern ung
schattenspieler	schattenspiel er
sicherung	sichern ung
gesamtschüler	gesamtschule er
eigensinnig	eigensinn ig
angstlos	angst los
artenschützer	artenschutz er
arbeitssüchtig	arbeitssucht ig
wirkungsvoller	wirkungsvolle er
anbiederung	anbiedern ung
visualisierung	visual isier ung
rettungsschwimmer	rettungsschwimmen er
hanauerin	hanau er in
belanglos	belang los
immunisierung	immun isier ung
züricherin	zürich er in
verträglichkeit	vertrag lich keit
verstaatlichen	ver staat lich
schuldfähigkeit	schuldfähig keit
unrichtigkeit	un richten ig keit
schauspielschülerin	schauspielschule er in
eistänzer	eistanzen er
unternehmerin	unternehmen er in
ermutigung	ermutigen ung
fortpflanzungsmediziner	fortpflanzungsmedizin er
oberallgäuer	oberallgäu er
untauglichkeit	un taugen lich keit
reichern	reich er
wünschbar	wünschen bar
einkaufskörbchen	einkaufskorb chen
mehrheitseigentümerin	mehrheitseigentum er in
ausübung	ausüben ung
bromberger	bromberg er
zertrümmerung	zer trümmer ung
steuerfachgehilfin	steuerfachgehilfe in
theaterdirektorin	theaterdirektor in
bruchsaler	bruchsal er
ensemblespieler	ensemblespiel er
lebensunfähigkeit	lebensunfähig keit
langläuferin	langlaufen er in
allmächtiger	allmacht ig e n er
modemacherin	modemacher in
medizinaldirektorin	medizinaldirektor in
millionenerbin	millionenerbe in
seligsprechung	seligsprechen ung
rottaler	rottal er
chefreporterin	chefreporter in
spießbürgerlichkeit	spießbürger lich keit
fahrerin	fahren er in
zukunftsplaner	zukunftsplan er
härtung	härten ung
austräger	austragen er
reimlos	reim los
stadtarchivarin	stadtarchivar in
abgrenzung	abgrenzen ung
exportfähigkeit	exportfähig keit
tütchen	tute chen
schwermetaller	schwermetall er
ellipsenförmig	ellipsenform ig
briefschreiberin	briefschreiber in
querflötistin	querflöte ist in
luftrechtlich	luftrecht lich
bahntechniker	bahntechnik er
blaustichig	blaustich ig
oberpfälzer	oberpfalz er
untermieterin	untermiete er in
abfahrtsläufer	abfahrtslauf er
alleingesellschafterin	alleingesellschafter in
tunnelarbeiter	tunnelarbeit er
abendländer	abendland er
gastgeberin	gastgeber in
belustigung	belustigen ung
moorig	moor ig
marin	mare in
staatsschauspielerin	staatsschauspiel er in
pflichtig	pflichten ig
küstenstädtchen	küstenstadt chen
bochumer	bochum er
reformfeindlichkeit	reformfeind lich keit
ableitung	ableiten ung
henner	henn er
godesberger	godesberg er
wahrsagung	wahrsagen ung
informationsministerin	informationsminister in
selbstdenker	selbstdenken er
vergnüglich	vergnügen lich
kronenberger	kronenberg er
überbaubar	überbauen bar
kirchentagspräsidentin	kirchentagspräsident in
flügelspieler	flügelspiel er
romanautorin	romanautor in
regelbar	regeln bar
schnulzig	schnulze ig
stollberger	stollberg er
harfenspielerin	harfenspiel er in
dreckig	dreck ig
freiherrlich	freiherr lich
finanzwissenschaftlich	finanzwissenschaft lich
ostberliner	ostberlin er
streichhölzchen	streichholz chen
ägypterin	ägypten er in
explosionsgefährlich	explosionsgefahr lich
bohrung	bohren ung
fahrzeugführerin	fahrzeugführer in
kriminalpsychologin	kriminalpsychologe in
turnlehrerin	turnlehrer in
linkshändigkeit	linkshändig keit
stutzer	stutz er
restaurateurin	restaurateur in
pilsener	pilsen er
bereicherung	bereichern ung
vokalartistin	vokalartist in
pensionsbesitzerin	pensionsbesitzer in
filmtechniker	filmtechnik er
freiberger	freiberg er
wahrsagerin	wahrsagen er in
verdeckung	ver deck ung
leiblichkeit	leib lich keit
röckchen	rock chen
sonderung	sondern ung
friedfertigkeit	friedfertig keit
oliver	oliv e er
schulpflichtig	schulpflicht ig
wismarer	wismar er
verminderung	ver minder ung
kartoffelkönigin	kartoffelkönig in
konturlos	kontur los
tatenlos	tate los
stelzenläufer	stelzenlaufen er
währung	währen ung
begleiter	begleiten er
halbkugelig	halbkugel ig
verräuchern	ver rauchen er
anfechtung	anfechten ung
vorführer	vorführen er
verpflanzung	ver pflanzen e ung
nachweisbar	nachweisen bar
niederösterreicher	niederösterreich er
tablettenabhängigkeit	tablettenabhängig keit
denkbar	denken bar
benotung	benoten ung
mannschaftlich	mannschaft lich
schöffin	schöffe in
weißbärtig	weißbart ig
unwirklich	un wirken lich
kauzig	kauz ig
einzelfahrer	einzelfahren er
befehligen	befehl ig
grantig	grant ig
weiträumigkeit	weiträumig keit
emsigkeit	emsig keit
fahrkartenverkäufer	fahrkartenverkauf er
ernährungsmediziner	ernährungsmedizin er
erhöhung	erhöhen ung
eingewöhnung	eingewöhnen ung
nachnominierung	nachnominieren ung
standrechtlich	standrecht lich
sologeiger	sologeige er
großfürstin	großfürst in
hochbauer	hochbau er
autofeindlichkeit	autofeindlich keit
baströckchen	bastrock chen
salzkörner	salzkorn er
monarchin	monarch in
scharfenberger	scharfenberg er
freipressung	freipressen ung
feuerwerker	feuerwerk er
bademeisterin	bademeister in
gastrednerin	gastredner in
wirklich	wirken lich
pilzförmig	pilzform ig
herzlichkeit	herz lich keit
gefügigkeit	ge fuge keit
winkelbauer	winkelbau er
schilderung	schild er ung
gänger	gang er
spionin	spion in
liebeslyriker	liebeslyrik er
namibier	namibia er
kindesmörder	kindesmord er
symbolträchtigkeit	symbolträchtig keit
stockung	stocken ung
automechanikerin	automechaniker in
politisierung	politisch isier ung
fremdartigkeit	fremdartig keit
bereifung	bereifen ung
radiomoderatorin	radiomoderator in
abstumpfung	abstumpfen ung
bieger	biege er
dienstunfähigkeit	dienstunfähig keit
verschmelzung	ver schmelz ung
idsteiner	idstein er
unmenschlichkeit	unmensch lich keit
bevollmächtigung	bevollmächtigen ung
auszehrung	auszehren ung
sprüchlein	spruch lein
bauernkrieger	bauernkrieg er
waffenverkäufer	waffenverkauf er
gegenwärtig	gegenwart ig
werktäglich	werktag lich
weiterverwendung	weiterverwenden ung
steckbrieflich	steckbrief lich
alterspräsidentin	alterspräsident in
kaltherzigkeit	kaltherzig keit
grafiker	grafik er
touristikunternehmer	touristikunternehmen er
brückenbauer	brückenbauen er
epiker	epik er
widernatürlichkeit	wider natürlich keit
mecklenburgerin	mecklenburg er in
dörflich	dorf lich
kunstkäufer	kunstkauf er
unerfreulich	un erfreuen lich
sonderschülerin	sonderschule er in
unzuverlässigkeit	unzuverlässig keit
bildungsfähigkeit	bildungsfähig keit
lämmchen	lamm chen
lagerarbeiter	lagerarbeit er
menschenwürdig	menschenwürde ig
kulturkritiker	kulturkritik er
entstörung	entstören ung
zubilligung	zubilligen ung
vorsätzlich	vorsatz lich
verfolger	verfolgen er
austauschpartnerin	austauschpartner in
oberbürgermeisterlich	oberbürgermeister lich
gartenbesitzerin	gartenbesitzer in
straßenarbeiter	straßenarbeit er
wiedererteilung	wiedererteilen ung
schülersprecherin	schülersprecher in
späher	spähen er
orgelbauer	orgelbau er
schwimmer	schwimmen er
gesundheitsgefährlich	gesundheitsgefahr lich
plauener	plauen er
sachkundig	sachkunde ig
hongkonger	hongkong er
wohltätigkeit	wohltat ig keit
warin	ware in
personenschützer	personenschutz er
wagenbauer	wagenbau er
kransberger	kransberg er
veranschaulichung	ver anschauen lich ung
regionalplaner	regionalplan er
atomtechniker	atomtechnik er
leerung	leeren ung
zurückzahlung	zurückzahlen ung
museumswärterin	museumswärter in
standfußballer	standfußball er
internatsschüler	internatsschule er
verabreichung	verabreichen ung
geschmacklich	geschmack lich
theologiestudentin	theologiestudent in
etikettierung	etikette ier ung
theaterchefin	theaterchef in
urmenschlich	urmensch lich
wildberger	wildberg er
urkundlich	urkunde lich
strichlein	strich lein
wirtschaftsverbrecher	wirtschaftsverbrechen er
seitlich	seite lich
fälligkeit	fällig keit
modellflieger	modellfliegen er
sportjournalistin	sportjournalist in
ausländerrechtlich	ausländerrecht lich
bernadin	bernad in
bekräftigung	bekräftigen ung
kaper	kap er
stöckchen	stock chen
herbeiführung	herbeiführen ung
verweisung	verweisen ung
baumpflanzer	baumpflanzen er
reiseunternehmer	reiseunternehmen er
steinmännchen	steinmann chen
mater	mate er
abzweigung	abzweigen ung
wissenschaftsjournalistin	wissenschaftsjournal ist in
winterurlauber	winterurlaub er
vorbildlich	vorbilden lich
wurfgewaltig	wurfgewalt ig
roßtaler	roßtal er
zeitungsmacherin	zeitungsmachen er in
meersburger	meersburg er
entschlußlos	entschluß los
bannerträgerin	bannerträger in
gesundheitspolitikerin	gesundheitspolitik er in
zahlbar	zahlen bar
bezeugung	bezeugen ung
constantin	constant in
bürgermeisterstellvertreterin	bürgermeisterstellvertreter in
vollblütig	vollblüte ig
diplomökonomin	diplomökonom in
staatsvertraglich	staatsvertrag lich
informatiker	informatik er
beleuchter	beleuchten er
käufer	kaufen er
waffeneinkäufer	waffeneinkauf er
sünderbänkchen	sünderbank chen
mannschaftssieger	mannschaftssieg er
darstellbar	darstellen bar
lebenspartnerin	lebenspartner in
peinlichkeit	peinlich keit
absperrung	absperren ung
männerfeindlichkeit	männerfeindlich keit
durchleuchtung	durch leuchten e ung
landwirtschaftsministerin	landwirtschaftsminister in
unheimlichkeit	un heimlich keit
sonneberger	sonneberg er
freudigkeit	freude ig keit
naturwissenschaftlich	naturwissenschaft lich
zusammenrottung	zusammenrotten ung
fristlos	frist los
bitburger	bitburg er
goldschmiedemeisterin	goldschmiedemeister in
jugendfreundin	jugendfreund in
fürther	fürth er
hintergründig	hintergrund ig
stromlinienförmig	stromlinienform ig
bündnispartnerin	bündnispartner in
rückstandslos	rückstand los
pärchen	paaren chen
willigen	wille ig
unterallgäuer	unterallgäu er
vielstimmigkeit	vielstimmig keit
einbrecher	einbrechen er
verharmlosung	ver harmlos ung
jungunternehmer	jungunternehmen er
heldenmutig	heldenmut ig
entwickler	entwickeln er
niederländer	niederlande er
polizeistaatlich	polizeistaat lich
anpreisung	anpreisen ung
versachlichen	ver sache lich
vizechefin	vizechef in
beeinflußbarkeit	beeinflußbar keit
dompfarrer	dompfarre er
klavierschülerin	klavierschule er in
sozialhilfebetrüger	sozialhilfebetrug er
hochschulprofessorin	hochschulprofessor in
oberlippenbärtchen	oberlippenbart chen
unbußfertigkeit	un bußfertig keit
parteiführerin	parteiführer in
verleger	verlegen er
tiefschläfer	tiefschlaf er
hochschullehrerin	hochschullehre er in
gebrauchsgraphiker	gebrauchsgraphik er
leichenwäscherin	leichenwäscher in
sandkühler	sandkühle er
grafenberger	grafenberg er
chin	che in
hausgärtner	hausgarten er
steinbauer	steinbau er
dorfbewohnerin	dorfbewohner in
erreger	erregen er
wirksamkeit	wirksam keit
autobesitzer	autobesitz er
versendung	versenden ung
kindermörderin	kindermord er in
reiber	reibe er
erblasser	erblassen er
begehung	begehen ung
jogger	joggen er
kristofer	kristof er
vergasung	vergasen ung
kritikfähigkeit	kritikfähig keit
main	mae in
winterlich	winter lich
selbständigkeit	selbständig keit
einberufbar	einberufen bar
bobfahrer	bobfahren er
staatsbesucher	staatsbesuch er
ermüdung	ermüden ung
selbstverständlichkeit	selbstverständlich keit
zahntechniker	zahntechnik er
friedensforscherin	friedensforscher in
nachversteuerung	nachversteuern ung
abfallwirtschaftlich	abfallwirtschaft lich
schwingung	schwingen ung
rahmig	rahm ig
volksvertreterin	volksvertreter in
untersuchungsleiterin	untersuchungsleiter in
erzeugerin	erzeugen er in
oberlehrerin	oberlehrer in
kroatin	kroate in
hornlos	horn los
verkehrsfähigkeit	verkehrsfähig keit
mitteltaler	mitteltal er
modernisierung	modern isier ung
schweinsäuglein	schweinsaugen lein
hinterlassung	hinterlassen ung
zukünftig	zukunft ig
rührung	rühren ung
anzahlung	anzahlen ung
erforderlichkeit	erforderlich keit
spätsommerlich	spätsommer lich
fischfarmer	fischfarm er
rückbezüglich	rückbezug lich
oberassistentin	oberassistent in
krimiautorin	krimiautor in
privatrechtlich	privatrecht lich
nervlich	nerv lich
landschaftsgärtnerin	landschaftsgarten er in
verankerung	verankern ung
grenzgängerin	grenzgang er in
gegensätzlichkeit	gegensatz lich keit
holzklötzchen	holzklotz chen
studienanfängerin	studienanfang er in
kirchenreformer	kirchenreform er
walldorfer	walldorf er
unterhaltungskünstlerin	unterhaltungskunst ler in
schwänzer	schwänzen er
wildschützer	wildschütz er
zielstrebigkeit	zielstrebig keit
roggenbrötchen	roggenbrot chen
geisteswissenschaftlerin	geisteswissenschaft ler in
rülpser	rülpsen er
revolutionierung	revolution ier ung
zerlegung	zerlegen ung
teufelsberger	teufelsberg er
distanzierung	distanz ier ung
schaltung	schalten ung
endzeitlich	endzeit lich
verwandtschaftlich	verwandte schaft lich
innenstädter	innenstadt er
findigkeit	findig keit
beantwortung	be antwort ung
verinnerlichung	ver inner e lich ung
unnachsichtig	un nachsicht ig
preisdrücker	preisdruck er
profispielerin	profispieler in
denkmalrechtlich	denkmalrecht lich
waldbaulich	waldbau lich
überlebenskünstlerin	überlebenskunst ler in
lautenspieler	lautenspiel er
denunziantin	denunziant in
gasverbraucher	gasverbrauch er
vordenker	vordenken er
junker	junk er
vergesellschaftung	ver gesellschaft ung
verschalung	ver schalen e ung
leistungslos	leistung los
abwaschbar	abwaschen bar
utrechter	utrecht er
abrufbar	abrufen bar
lesebändchen	leseband chen
zirkusbesucher	zirkusbesuch er
genügsamkeit	genügen sam keit
vernehmlich	vernehmen lich
zulassungspflichtig	zulassungspflicht ig
kapitalverbrecher	kapitalverbrechen er
metzinger	metzingen er
schwerstarbeiter	schwerstarbeit er
politikerin	politik er in
zeitgeschichtlich	zeitgeschichte lich
parteienvertreterin	parteienvertreter in
risikopatientin	risikopatient in
zigarettenverkäuferin	zigarettenverkauf er in
regsamkeit	regen sam keit
melder	melden er
schauspiellehrerin	schauspiellehrer in
nichtöffentlichkeit	nichtöffentlich keit
überanpassung	überanpassen ung
umfunktionierung	umfunktionieren ung
spielfähigkeit	spielfähig keit
umweltsünder	umweltsünde er
hanger	hang er
hausverwalterin	hausverwalter in
pfingsturlauber	pfingsturlaub er
gegensätzlich	gegensatz lich
experimentalmusiker	experimentalmusik er
unterversorgung	unterversorgen ung
villinger	villingen er
unstreitig	un streiten ig
ackerbaulich	ackerbau lich
finanzkräftig	finanzkraft ig
kickerin	kicken er in
arbeiter	arbeiten er
ressortleiterin	ressortleiter in
vorzüglich	vorzug lich
einsprachig	einsprache ig
dubliner	dublin er
sahnig	sahnen ig
aushebung	ausheben ung
feuilletonistin	feuilleton ist in
kümmeltürkin	kümmeltürke in
bewohner	bewohnen er
klangmagier	klangmagie er
verdeutschung	ver deutsch ung
flüchtigkeit	flüchten ig keit
einbecker	einbeck er
weichlich	weich lich
kürzung	kürzen ung
alper	alp er
heiligung	heiligen ung
einstufig	einstufen ig
pendler	pendeln er
alltäglich	alltag lich
vogelwärter	vogelwarten er
speicherbar	speichern bar
betriebsleiterin	betriebsleiter in
barmherzigkeit	barmherzig keit
tragiker	tragik er
stimmrechtlos	stimmrecht los
router	route er
königshofer	königshof er
kurseelsorger	kurseelsorge er
verflachung	ver flach ung
verwirrung	ver wirre ung
wiederaufbereitung	wiederaufbereiten ung
kroneberger	kroneberg er
käuferin	kaufen er in
überblendung	über blenden e ung
überantwortung	überantworten ung
lichtempfindlichkeit	lichtempfindlich keit
privatsekretärin	privatsekretär in
holzhäuschen	holzhaus chen
packung	packen ung
weinsberger	weinsberg er
ziegenbärtchen	ziegenbart chen
papierhütchen	papierhut chen
außerdienstlich	außer dienst lich
kupplerin	kuppler in
darsteller	darstellen er
wechsler	wechseln er
böblinger	böblingen er
angler	angeln er
fremdenpolizeilich	fremdenpolizei lich
stellungslos	stellung los
militärmediziner	militärmedizin er
dreimalig	dreimal ig
planegger	planegg er
irrwitzig	irrwitz ig
beeinträchtigung	beeinträchtigen ung
wanderfreudig	wanderfreude ig
kursleiterin	kursleiter in
deponierung	deponie ier ung
wiederernennung	wiederernennen ung
verteilerin	verteilen er in
klavierpädagogin	klavierpädagoge in
linzer	linz er
gärung	gären ung
zottelig	zottel ig
schwimmfähigkeit	schwimmfähig keit
feldforscherin	feldforscher in
berghöfer	berghof er
gemächlich	gemach lich
lautsprachlich	lautsprache lich
songschreiberin	songschreiben er in
auflassung	auflassen ung
unschicklichkeit	un schick e lich keit
putzig	putzen ig
abschöpfung	abschöpfen ung
jungautorin	jungautor in
gemeinsamkeit	gemeinsam keit
bemäntelung	bemänteln ung
abenteuerlustig	abenteuerlust ig
irrung	irren ung
senatorin	senator in
homburgerin	homburg er in
mitgestalter	mitgestalten er
hamburgerin	hamburg er in
gesprächsleiterin	gesprächsleiter in
schwämmchen	schwamm chen
antriebslos	antrieb los
hochspannung	hochspannen ung
lein	lee in
einstimmung	einstimmen ung
sonntäglich	sonntag lich
offensivspieler	offensivspiel er
meldepflichtig	meldepflicht ig
vermittelbar	vermitteln bar
rauschgiftdealer	rauschgiftdeal er
entwicklungshelferin	entwicklungshelfer in
verstaatlichen	ver staat lich
unwiderstehlichkeit	unwiderstehlich keit
sitzungspräsidentin	sitzungspräsident in
soner	son er
lustigkeit	lustig keit
landesdenkmalpfleger	landesdenkmalpflege er
freigebigkeit	freigeben ig keit
unstetigkeit	un stet e ig keit
schräubchen	schrauben e chen
fundamentalistin	fundamentale ist in
redlich	reden lich
ausweitung	ausweiten ung
freundschaftlich	freund schaft lich
trächtigkeit	trächtig keit
diskussionsleiterin	diskussionsleiter in
zwischenlagerung	zwischenlagern ung
prüferin	prüfen er in
agraringenieurin	agraringenieur in
lauenburger	lauenburg er
befindlichkeit	befinden lich keit
strahlenmediziner	strahlenmedizin er
mannschaftsführerin	mannschaftsführer in
unterminierung	unterminieren ung
unkindlich	un kind lich
anerkennung	anerkennen ung
umweltexpertin	umweltexperte in
entsiegelung	entsiegeln ung
rückkehrer	rückkehr er
reaktorbauer	reaktorbau er
zeugungsfähigkeit	zeugungsfähig keit
grauslich	grausen lich
schwanzlos	schwanz los
hechtfischer	hechtfischen er
verdächtigung	verdacht ig ung
sperrig	sperre ig
finalsieger	finalsieg er
köcher	kochen er
frühstücksbrötchen	frühstücksbrot chen
lieblich	lieben lich
perserin	perser in
erlin	erle in
zuführung	zuführen ung
lebensfähigkeit	lebensfähig keit
verbraucherin	verbrauchen er in
amtsnachfolger	amtsnachfolge er
landshuterin	landshut er in
torger	torge er
empfindsamkeit	empfinden sam keit
breitensportlich	breitensport lich
faltblättchen	faltblatt chen
auswirkung	auswirken ung
säuberung	säubern ung
zerkleinerung	zer klein ung
globetrotterin	globetrotter in
vermessung	vermessen ung
locker	locke er
höflich	hof lich
minensucher	minensuchen er
wissenschaftspolitiker	wissenschaftspolitik er
bethlehemer	bethlehem er
kneipengänger	kneipengang er
fernsehlos	fernsehen los
eßsüchtig	eßsucht ig
bärtchen	bart chen
tüchtigkeit	tüchtig keit
landtagskollegin	landtagskollege in
überzählig	überzahl ig
rottweiler	rottweil er
nutzfahrzeugbauer	nutzfahrzeugbau er
verkehrswissenschaftlich	verkehrswissenschaft lich
luftlos	luft los
rechtsreferentin	rechtsreferent in
straffälligkeit	straffall ig keit
umlegung	umlegen ung
serienmörderin	serienmord er in
staatsdichterin	staatsdichter in
entlohnung	entlohnen ung
elektrotechniker	elektrotechnik er
schattenlos	schatten los
ladendiebin	ladendieb in
obstpflücker	obstpflücken er
charlottenburgerin	charlottenburg er in
verfolgerin	verfolgen er in
anbieterin	anbieten er in
unehrlichkeit	unehre lich keit
tatkräftig	tatkraft ig
ungeistig	ungeist ig
beschaffung	beschaffen ung
krefelder	krefeld er
gewinnerin	gewinnen er in
wohnungsinhaberin	wohnungsinhaber in
freimütigkeit	freimut ig keit
nachstellung	nachstellen ung
forstarbeiter	forstarbeit er
lohnarbeiter	lohnarbeit er
bildlichkeit	bild lich keit
fernhaltung	fernhalten ung
bürgermeisterkandidatin	bürgermeisterkandidat in
schoßhündchen	schoßhund chen
fahnenschwenker	fahnenschwenken er
sechstägig	sechstag ig
abwendung	abwenden ung
vorbehaltlich	vorbehalten lich
entertainerin	entertainer in
arglos	arg los
diskutierbar	diskutieren bar
oderberger	oderberg er
schwindlerin	schwindeln er in
überraschungssieger	überraschungssieg er
koreanerin	korea aner in
üppigkeit	üppig keit
schornsteinfegerin	schornsteinfegen er in
tiefbauunternehmer	tiefbauunternehmen er
plauderer	plaudern er
angstmacher	angstmachen er
selbstsüchtig	selbstsucht ig
blumberger	blumberg er
versorgungsrechtlich	versorgungsrecht lich
anbindung	anbinden ung
verwendungsfähigkeit	verwendungsfähig keit
untätig	untat ig
eigentümerin	eigentum er in
zulässigkeit	zulassen ig keit
kunstturnerin	kunstturnen er in
britin	brite in
brandenburgerin	brandenburg er in
abschaffung	abschaffen ung
unwahrhaftigkeit	unwahrhaftig keit
gewerkschaftsfunktionärin	gewerkschaftsfunktion är in
einstimmigkeit	einstimmen ig keit
sozialpfleger	sozialpflege er
kugelförmig	kugelform ig
hain	hae in
wärterin	warten er in
bewohnerin	bewohnen er in
schiedsrichterin	schiedsrichter in
färbung	färben ung
hinwendung	hinwenden ung
lenchen	lene chen
wiedergründung	wiedergründen ung
ärmellos	ärmel los
stuttgarterin	stuttgart er in
schramberger	schramberg er
schmalzbrötchen	schmalzbrot chen
verblendung	verblenden ung
extremistin	extrem ist in
einsetzung	einsetzen ung
vortänzerin	vortanzen in
populärwissenschaftlich	populärwissenschaft lich
radolfzeller	radolfzell er
restaurantkritiker	restaurantkritik er
rentnerpärchen	rentnerpaar chen
studiendirektorin	studiendirektor in
respektlos	respekt los
amsterdamerin	amsterdam er in
superministerin	superminister in
freisprechung	freisprechen ung
militärgeschichtlich	militärgeschichte lich
meitinger	meitingen er
schlepper	schleppen er
allgäuer	allgäu er
sprachgewaltig	sprachgewalt ig
nichtbesitzer	nichtbesitz er
fachlehrerin	fachlehrer in
stelleninhaberin	stelleninhaber in
verschuldung	ver schuld ung
texanerin	texaner in
meineidig	meineid ig
schmalspurig	schmalspur ig
lagerbar	lagern bar
frühaufsteher	frühaufstehen er
cottbuser	cottbus er
stattlich	statt lich
sauberkeit	sauber keit
körbchen	korb chen
neugieriger	neugierige n er
stimulierung	stimulieren ung
spitzenpolitikerin	spitzenpolitik er in
kranführerin	kranführer in
salzstreuer	salzstreuen er
lindenbäumchen	lindenbaum chen
modedesignerin	modedesign er in
rührseligkeit	rührselig keit
finanzwirtschaftlich	finanzwirt schaft lich
kulturkämpfer	kulturkampf er
schnurrig	schnurren ig
konstituierung	konstituieren ung
ohrenzeugin	ohrenzeuge in
lebenslänglicher	lebenslang e lich e n er
entwicklungsministerin	entwicklungsminister in
forderung	fordern ung
schwierigkeit	schwierig keit
ehrgeizig	ehrgeiz ig
restaurierung	restaurieren ung
sinnfälligkeit	sinnfällig keit
widerstandlos	widerstand los
mutterlos	mutter los
anwaltschaftlich	anwalt schaft lich
ingenieurin	ingenieur in
japanologin	japanologe in
einrechnung	einrechnen ung
ausführbar	ausführen bar
kunstwissenschaftlerin	kunstwissenschaft ler in
busenfreundin	busenfreund in
einsteller	einstellen er
verzettelung	verzetteln ung
textautorin	textautor in
holländer	holland er
stillung	stillen ung
nachmittagsschläfchen	nachmittagsschlaf chen
siebdrucker	siebdruck er
arier	ari er
wochenblättchen	wochenblatt chen
filmautorin	filmautor in
kleinhändlerin	kleinhändler in
wasserwirtschaftlich	wasserwirtschaft lich
medienwirtschaftlich	medienwirtschaft lich
lumpig	lumpen ig
nikotinsüchtig	nikotinsucht ig
holztäfelchen	holztafel chen
didier	didi er
streifig	streifen ig
marketenderin	marketender in
katzenliebhaberin	katzenliebhaber in
reibung	reiben ung
voraussichtlich	voraussicht lich
jurorin	juror in
südpfälzer	südpfalz er
neuzeitlich	neuzeit lich
schönsein	schönsee in
agrarministerin	agrarminister in
sigmaringer	sigmaringen er
sozialkritiker	sozialkritik er
reiskörner	reiskorn er
übermächtig	übermacht ig
lyriker	lyrik er
zusicherung	zusichern ung
äußerung	äußern ung
tierheilpraktikerin	tierheilpraktiker in
familienähnlichkeit	familienähnlich keit
tabulos	tabu los
schwachsinnig	schwachsinn ig
ausschabung	ausschaben ung
metallarbeiter	metallarbeit er
slowakin	slowake in
ausbaubar	ausbauen bar
straffähigkeit	straffähig keit
achtziger	achtzig er
reiser	reisen er
spielhäuschen	spielhaus chen
edin	ede in
konzeptkünstlerin	konzeptkunst ler in
entfaltung	entfalten ung
einigungsfähigkeit	einigungsfähig keit
auskunftsfreudig	auskunftsfreude ig
nachfinanzierung	nachfinanzieren ung
genossenschaftlich	genossen schaft lich
gewerkschaftsführerin	gewerkschaftsführer in
wiedererstehung	wiedererstehen ung
schulfreundin	schulfreund in
atemlos	atem los
seelenfänger	seelenfang er
datenschutzrechtlich	datenschutzrecht lich
überängstlichkeit	über ängstlich keit
rabenecker	rabeneck er
nachlässigkeit	nachlassen ig keit
anwendbarkeit	anwendbar keit
hüttenberger	hüttenberg er
täterin	tat er in
saher	sah er
unsterblich	un sterben lich
käfertaler	käfertal er
jesuitenschüler	jesuitenschule er
mächtigkeit	mächtig keit
laborantin	laborant in
bildlos	bild los
hitzköpfig	hitzkopf ig
unparteilichkeit	un partei lich keit
hüter	hüten er
walter	walt er
vordringlichkeit	vordringen lich keit
farbtupfer	farbtupfen er
saunagänger	saunagang er
baufälligkeit	baufällig keit
einlösung	einlösen ung
kostengünstiger	kostengünstige er
rechtsgültigkeit	rechtsgültig keit
anfeindung	anfeinden ung
kleingärtner	kleingarten er
häßlich	haß lich
internierung	intern e ier ung
wissenschaftssenatorin	wissenschaftssenator in
pflänzchen	pflanzen chen
chemiestudentin	chemiestudent in
sprachheillehrerin	sprachheillehrer in
erleuchtung	er leuchten e ung
beurteilung	beurteilen ung
liberalisierung	liberal isier ung
radikalreformerin	radikalreform er in
tödlich	tod lich
einsatzfähigkeit	einsatzfähig keit
investitionsfreudigkeit	investitionsfreude ig keit
aufopferung	aufopfern ung
streiter	streiten er
unkenrufer	unkenrufen er
transporter	transport er
tourismusunternehmer	tourismusunternehmen er
mergentheimer	mergentheim er
dornig	dorn ig
choreographin	choreograph in
verengung	verengen ung
sodener	soden er
beanstandung	be anstand ung
siemensstädter	siemensstadt er
reformfreudigkeit	reformfreude ig keit
arbeitsamtsdirektorin	arbeitsamtsdirektor in
sein	see in
gegenüberstellung	gegenüberstellen ung
gitarristin	gitarre ist in
schmugglerin	schmuggeln er in
vertonung	ver ton ung
körperfeindlichkeit	körperfeindlich keit
einmütigkeit	einmut ig keit
verfasserin	verfassen in
anrufbar	anrufen bar
schlußfolgerung	schlußfolgern ung
kampffähigkeit	kampffähig keit
familienfreundlich	familienfreund lich
strandung	stranden ung
beugung	beugen ung
atomphysikerin	atomphysik er in
einfältig	einfalt ig
bildlich	bild lich
inhaltslos	inhalt los
wahrung	wahren ung
rohstofflich	rohstoff lich
grundrechtlich	grundrecht lich
unternehmung	unternehmen ung
spastikerin	spastiker in
verschweigung	verschweigen ung
mühltaler	mühltal er
innerörtlich	innerort lich
fabrikarbeiter	fabrikarbeit er
automobilbauer	automobilbau er
erwerbswirtschaftlich	erwerbswirtschaft lich
kurpfuscherin	kurpfuscher in
zeitanzeiger	zeitanzeige er
eschborner	eschborn er
versandung	versanden ung
bezahlbar	bezahlen bar
trinker	trinken er
vierteljährig	vierteljahr ig
bäuerlich	bauer lich
vollstreckbarkeit	vollstreckbar keit
blödsinnig	blödsinn ig
allein	allee in
anzüglich	anzug lich
jetziger	jetzig e n er
weiterverwertung	weiterverwerten ung
straßenfeger	straßenfegen er
portugiesin	portugiese in
kunsthandwerklich	kunsthandwerk lich
gewerkschaftlich	gewerkschaft lich
teilbar	teilen bar
nachdrücklich	nachdruck lich
trüppchen	trupp chen
walzwerker	walzwerk er
wiederverwendung	wiederverwenden ung
organspender	organspenden er
guerillakämpfer	guerillakampf er
klingenberger	klingenberg er
verblutung	ver blut ung
sterblich	sterben lich
schrubber	schrubben er
flötenspielerin	flötenspiel er in
mainzer	mainz er
alkoholikerin	alkohol iker in
schrullig	schrulle ig
kirchenpolitiker	kirchenpolitik er
bootfahrer	bootfahren er
sozialhelferin	sozialhelfer in
kapitalkräftig	kapitalkraft ig
todeskandidatin	todeskandidat in
verhinderung	verhindern ung
berger	berg er
staffelläufer	staffellauf er
nichtskönner	nichtskönnen er
jazzsängerin	jazzsänger in
gastkünstlerin	gastkünstler in
fälscher	fälschen er
gynäkologin	gynäkologe in
modellbauer	modellbau er
freihaltung	freihalten ung
privatspender	privatspende er
kunstsammlerin	kunstsammler in
lother	loth er
raucher	rauchen er
saisonarbeiterin	saisonarbeit er in
wissenschaftsfeindlichkeit	wissenschaftsfeindlich keit
pfaffenberger	pfaffenberg er
vernichtung	ver nichte ung
verehelichen	ver ehe lich
südoldenburger	südoldenburg er
kerber	kerbe er
doppelsinnigkeit	doppelsinn ig keit
ägypter	ägypten er
golfer	golf er
schlafwandlerin	schlafwandler in
krachig	krachen ig
einsatzfreudigkeit	einsatzfreude ig keit
pilotin	pilot in
aktionärin	aktionär in
sicherheitswächter	sicherheitswacht er
vermieterin	vermieten er in
entscheidungsfähigkeit	entscheidungsfähig keit
gründungsgesellschafter	gründungsgesellschaft er
volkskirchlich	volkskirche lich
kartenleger	kartenlegen er
landessprecherin	landessprecher in
punkerin	punk er in
vereinigen	ver eine ig
freigebig	freigeben ig
kutscher	kutsche er
puppenkünstlerin	puppenkünstler in
jodler	jodeln er
kinderpflegerin	kinderpflege er in
jazzmusiker	jazzmusik er
hautverträglichkeit	hautverträglich keit
weiterverpachtung	weiterverpachten ung
holzner	holzen er
bedrängung	bedrängen ung
hollander	holland er
schlitzäugig	schlitzauge ig
führer	führen er
unbegreiflich	un begreifen lich
ungesellig	un gesellen ig
rufer	rufen er
oberflächlichkeit	oberfläche lich keit
orchestrierung	orchestrieren ung
eiförmig	eiform ig
trübseligkeit	trübselig keit
schatzsucher	schatzsuche er
börsenmaklerin	börsenmakler in
kabellos	kabel los
schulmusiker	schulmusik er
jugendhilfeplaner	jugendhilfeplan er
geltung	gelten ung
übersteiger	übersteigen er
sozialpolitiker	sozialpolitik er
arin	ar in
netzwerker	netzwerk er
parteigenossin	parteigenosse in
ausräubern	aus rauben er
kurzwellenempfänger	kurzwellenempfang er
notenbüchlein	notenbuch lein
landbesitzer	landbesitz er
ausleitung	ausleiten ung
packer	packen er
wilmersdorfer	wilmersdorf er
festigen	fest e ig
umweltfreundlich	umweltfreund lich
nordwestlich	nordwest lich
wirtschaftsfreundlich	wirtschaftsfreund lich
eibauer	eibau er
libanesin	libanese in
hamsterer	hamstern er
schillern	schill er
pilsner	pilsen er
theatermacher	theatermachen er
küchenchefin	küchenchef in
parteiförmig	parteiform ig
nachkolorierung	nachkolorieren ung
investitionswillig	investitionswille ig
langläufig	langlaufen ig
viertplazierter	viertplazierte n er
dichtung	dichten ung
planbar	planen bar
osnabrücker	osnabrück er
justizpolitiker	justizpolitik er
geschäftsleiterin	geschäftsleiter in
wissenschaftsgeschichtlich	wissenschaftsgeschichte lich
sklavin	sklave in
veräußerung	veräußern ung
unredlich	un reden lich
nußlocher	nußloch er
luftfrachter	luftfracht er
lochung	lochen ung
beendigung	beendigen ung
kurzsichtigkeit	kurzsicht ig keit
bevölkerung	bevölkern ung
abbiegung	abbiegen ung
energielos	energie los
hauskäufer	hauskauf er
parteireformer	parteireform er
solinger	solingen er
helsinkier	helsinki er
weiterführung	weiterführen ung
kriminaldirektorin	kriminaldirektor in
schürfung	schürfen ung
enkelin	enkel in
unterhaltspflichtig	unterhaltspflicht ig
risikofreudigkeit	risikofreude ig keit
talentsucher	talentsuche er
esser	essen er
direktkandidatin	direktkandidat in
kugelstoßer	kugelstoßen er
unerklärbar	un erklären bar
breisgauer	breisgau er
sozialsenatorin	sozialsenator in
keramiker	keramik er
halterin	halten er in
vertilgung	vertilgen ung
muffelig	muffel ig
verzehrbar	verzehren bar
übersichtlichkeit	übersichten lich keit
krankmacher	krankmachen er
flugbegleiterin	flugbegleiter in
möbelverkäufer	möbelverkauf er
nicaraguanerin	nicaragua aner in
sieger	siegen er
intendantin	intendant in
ausnahmespielerin	ausnahmespieler in
gebrauchsfähigkeit	gebrauchsfähig keit
großherzogin	großherzog in
zusammenschaltung	zusammenschalten ung
lehrstuhlinhaberin	lehrstuhlinhaber in
patin	pate in
schiffbrüchig	schiffbruch ig
beraubung	be raub ung
fahrradverleiher	fahrradverleih er
abwegigkeit	abweg ig keit
architekturkritiker	architekturkritik er
eisenbahnbauer	eisenbahnbau er
delegationsleiterin	delegationsleiter in
mülheimer	mülheim er
landtagskandidatin	landtagskandidat in
naturschiefer	naturschiefe er
annchen	ann chen
elternvertreterin	elternvertreter in
umschuldung	um schuld ung
fleischverkäufer	fleischverkauf er
sozialethiker	sozialethik er
inspirationslos	inspiration los
arbeitsgerichtlich	arbeitsgericht lich
altenstädter	altenstadt er
gegenteilig	gegenteil ig
mitfinanzierung	mitfinanzieren ung
tonmeisterin	tonmeister in
unhöflich	un hof lich
sistierung	sistieren ung
endverbraucher	endverbrauch er
isin	ise in
gesundheitsexpertin	gesundheitsexperte in
requisiteurin	requisiteur in
selbstgestaltung	selbstgestalten ung
josefin	josef in
tennisspieler	tennisspielen er
kraftwerksbauer	kraftwerksbau er
einflußlos	einfluß los
unchristlichkeit	un chr ist lich keit
nigerianerin	nigeria aner in
herrlichkeit	herr lich keit
mexikanerin	mexikaner in
musikerzieherin	musikerzieher in
widerstandsfähigkeit	widerstandsfähig keit
alkoholsüchtig	alkoholsucht ig
münchenerin	münchen er in
kaiserzeitlich	kaiserzeit lich
sanierer	sanieren er
leichtsinnigkeit	leichtsinn ig keit
verteuerung	ver teuer ung
tröster	trost er
zusammenhanglos	zusammenhang los
belüftung	belüften ung
streicher	streichen er
disziplinarrechtlich	disziplinarrecht lich
trennbarkeit	trennen bar keit
rummelsburger	rummelsburg er
offenhaltung	offenhalten ung
schwammig	schwamm ig
brettener	bretten er
spätzchen	spatz chen
kampfesmutig	kampfesmut ig
versteigerung	ver steige er ung
glasmalerin	glasmaler in
baulichkeit	bau lich keit
bandkeramiker	bandkeramik er
riesin	ries in
wartung	warten ung
tüchlein	tuch lein
neustädterin	neustadt er in
kleinunternehmer	kleinunternehmen er
konstrukteurin	konstrukteur in
versöhnung	versöhnen ung
raver	rave n er
herrenlos	herr los
wasserträgerin	wassertragen er in
verbindungslos	verbinden ung los
einquartierung	ein quartier ung
ghanaer	ghana er
vertragsrechtlich	vertragsrecht lich
innigkeit	innig keit
familienpflegerin	familienpflege er in
einzelsieger	einzelsieg er
vierkämpfer	vierkampf er
rückhaltslos	rückhalt los
rollerfahrerin	rollerfahrer in
westberlinerin	westberlin er in
zuerkennung	zuerkennen ung
wintertauglichkeit	wintertauglich keit
empfindlich	empfinden lich
europaparlamentarierin	europaparlamentarier in
hasseler	hassel er
abdeckung	abdecken ung
herausbildung	herausbilden ung
mitfahrerin	mitfahren er in
gründung	gründen ung
messechefin	messechef in
residenzstädtchen	residenzstadt chen
beschreibbar	beschreiben bar
schmissigkeit	schmissig keit
tätlichkeit	tätlich keit
unglücklich	unglück lich
fischverkäuferin	fischverkäufer in
missionierung	mission ier ung
plattenverkäufer	plattenverkauf er
hinrichtung	hinrichten ung
amtsvorsteherin	amtsvorsteher in
hoffnungsträgerin	hoffnungsträger in
roßberger	roßberg er
interessentin	interessent in
ehrfurchtslos	ehrfurcht los
jugendturnerin	jugendturnen er in
jerusalemer	jerusalem er
auswahlspielerin	auswahlspiel er in
kremer	krem er
leuchter	leuchten er
mißmutig	mißmut ig
unterlassung	unterlassen ung
stetigkeit	stet e ig keit
schwarzwaldstädtchen	schwarzwaldstadt chen
ordnungspolizeilich	ordnungspolizei lich
gelenkigkeit	gelenk ig keit
schöpfer	schöpfen er
gnadenlos	gnade los
freisinnig	freisinn ig
unfähigkeit	un fähig keit
taucherin	tauchen er in
forellenzüchter	forellenzucht er
arbeitsfähigkeit	arbeitsfähig keit
baseler	basel er
sachlich	sache lich
künzelsauer	künzelsau er
hochheimer	hochheim er
baumartig	baumart ig
dividendenfähigkeit	dividendenfähig keit
verwaltungsgerichtlich	verwaltungsgericht lich
amsterdamer	amsterdam er
nationalstaatlich	nationalstaat lich
brötchen	brot chen
gemeinwesenarbeiter	gemeinwesenarbeit er
reservierung	reserve ier ung
bildmächtig	bildmacht ig
widerspenstigkeit	widerspenstig keit
realpolitiker	realpolitik er
müßiggänger	müßiggang er
pflichtwidrigkeit	pflichtwidrig keit
milchfarmer	milchfarm er
zweistaatlichkeit	zweistaatlich keit
neugierig	neugier ig
schmerzempfindlichkeit	schmerzempfindlich keit
unaussprechbar	un aussprechen bar
hintergehung	hintergehen ung
erlassung	erlassen ung
überbezahlung	überbezahlen ung
regierungsdirektorin	regierungsdirektor in
gesundheitsschädlichkeit	gesundheitsschädlich keit
edelfräulein	edelfrau lein
petermännchen	petermann chen
ausländerin	ausland er in
studiotechniker	studiotechnik er
vertrauenslehrerin	vertrauenslehrer in
väterchen	vater chen
alleinerzieher	alleinerziehen er
ausbreitung	ausbreiten ung
generaldirektorin	generaldirektor in
unmittelbarkeit	un mitteln bar keit
andeutung	andeuten ung
scharfsichtigkeit	scharfsicht ig keit
haftunfähigkeit	haftunfähig keit
architekturstudentin	architekturstudent in
korbacher	korbach er
kunstwissenschaftlich	kunstwissenschaft lich
eichenwäldchen	eichenwald chen
halter	halten er
amtsvorgängerin	amtsvorgänger in
verwachsung	verwachsen ung
duftig	duften ig
bewirtung	bewirten ung
übereinstimmung	übereinstimmen ung
menschenfreundlichkeit	menschenfreund lich keit
plastikbomber	plastikbombe er
satin	sat in
polizeischüler	polizeischule er
lehmig	lehm ig
ordnungspolitiker	ordnungspolitik er
überhöhung	überhöhen ung
verwerflichkeit	verwerfen lich keit
erfahrungswissenschaftlich	erfahrungswissen schaft lich
müßig	muß ig
planierung	planie ier ung
innerkirchlich	inner kirche lich
kletterer	klettern er
schulplaner	schulplan er
ruppigkeit	ruppig keit
einsparung	ein spar ung
zusätzlich	zusatz lich
termin	term in
zahnärztlich	zahnarzt lich
wehleidig	wehleid ig
steinbecker	steinbeck er
aneignung	aneignen ung
schwertkämpfer	schwertkampf er
krampfig	krampf ig
auftraggeberin	auftraggeber in
unvorsichtigkeit	un vorsicht ig keit
mehlig	mehl ig
reformpolitiker	reformpolitik er
denkmalsschützer	denkmalsschutz er
abnabelung	abnabeln ung
überempfindlichkeit	über empfinden lich keit
ausbeuter	ausbeuten er
mehrheitseigentümer	mehrheitseigentum er
steuerflüchtig	steuerflucht ig
wirtschaftlichkeit	wirtschaften lich keit
höchstädter	höchstädt er
kreditfähigkeit	kreditfähig keit
trotteligkeit	trottel ig keit
verfolgung	verfolgen ung
bewegung	bewegen ung
sozialverträglichkeit	sozialvertrag lich keit
rheinberger	rheinberg er
finanzmanagerin	finanzmanager in
vieleckig	vieleck ig
springreiter	springreiten er
rollschuhläufer	rollschuhlaufen er
sonderschullehrerin	sonderschullehrer in
schwimmerin	schwimmen er in
führerlos	führen er los
puppenspielerin	puppenspielen er in
menschenfreundlich	menschenfreund lich
ausländerfreundlich	ausländerfreund lich
parlamentspräsidentin	parlamentspräsident in
fotoreporterin	fotoreporter in
beharrung	beharren ung
eigenstaatlichkeit	eigenstaatlich keit
statistiker	statistik er
kleingeistigkeit	kleingeist ig keit
maschinistin	mascha ine ist in
verhandlungsfähigkeit	verhandlungsfähig keit
transportierbar	transport ier bar
schwarzfahrerin	schwarzfahren in
artgenossin	artgenosse in
gedanklich	gedanke lich
kiefernwäldchen	kiefernwald chen
realisierung	real isier ung
läuferin	lauf er in
kubanerin	kuba aner in
luftigkeit	luftig keit
motorradfahrer	motorradfahren er
stimmig	stimmen ig
bayreuther	bayreuth er
erfahrungslos	erfahren ung los
vervielfachung	vervielfachen ung
rollbar	rollen bar
anstiftung	anstiften ung
fremdsprachensekretärin	fremdsprachensekretär in
kemper	kemp er
kommunalpolitiker	kommunalpolitik er
entlastungszeugin	entlastungszeuge in
entzündung	entzünden ung
muffig	muff ig
vorstadthäuschen	vorstadthaus chen
vierkantig	vierkant ig
zweitligaspieler	zweitligaspiel er
pressereferentin	pressereferent in
mehrdeutigkeit	mehrdeutig keit
regierungskritiker	regierungskritik er
umsiedelung	umsiedeln ung
stimmigkeit	stimmen ig keit
stadtstreicherin	stadtstreicher in
unauffälligkeit	un auffällig keit
abhebung	abheben ung
verkleinerung	ver klein ung
rathauschefin	rathauschef in
schwermütig	schwermut ig
behördensprecherin	behördensprecher in
pastellfarbig	pastellfarbe ig
michelstädter	michelstadt er
knöpfchen	knopf chen
bereitwilligkeit	bereitwillig keit
bombenbauer	bombenbauen er
gastfreundlich	gastfreund lich
schulleiterin	schulleiter in
schorndorferin	schorndorf er in
bepflanzung	bepflanzen ung
anwender	anwenden er
wiederherstellung	wiederherstellen ung
schwärmerin	schwärmen er in
traulich	trauen lich
gerstenberger	gerstenberg er
beschlußfähigkeit	beschlußfähig keit
treiber	treiben er
lehramtsanwärterin	lehramtsanwärter in
marienbader	marienbad er
landarbeiterin	landarbeit er in
haupttäterin	haupttat er in
beheizung	beheizen ung
menschlichkeit	mensch lich keit
langstreckenläuferin	langstreckenlauf er in
minderjährigkeit	minderjährig keit
schnurrbärtig	schnurrbart ig
burgunder	burgunde er
saldierung	saldieren ung
burgenbauer	burgenbau er
glasbläser	glasblasen er
polizeipraktiker	polizeipraktik er
anziehung	anziehen ung
zweckentfremdung	zweckentfremden ung
selbstfinanzierung	selbstfinanzieren ung
umweltpolitikerin	umweltpolitik er in
stettiner	stettin er
umgehung	umgehen ung
panzerung	panzern ung
klärchen	klar chen
schattenkönigin	schattenkönig in
nachwirkung	nachwirken ung
nennung	nennen ung
betrachterin	betrachten er in
neuwertig	neuwert ig
kleeberger	kleeberg er
abhärtung	abhärten ung
spaziergänger	spaziergang er
geschäftsinhaberin	geschäftsinhaber in
landespolitiker	landespolitik er
mittelstreckenläuferin	mittelstreckenläufer in
singer	singen er
umsetzung	umsetzen ung
straßenbahnfahrerin	straßenbahnfahren er in
zueignung	zueignen ung
kirchenrechtlich	kirchenrecht lich
erledigung	erledigen ung
unergründlichkeit	unergründlich keit
engelmacherin	engelmacher in
umweltsünderin	umweltsünde er in
tanner	tanne er
konsumentenschützer	konsumentenschutz er
korrekter	korrekte n er
rudererin	rudern er in
lyoner	lyon er
familienrichterin	familienrichter in
kaufbar	kaufen bar
verehrer	verehren er
verkrampfung	ver krampf ung
