sepedanya	sepeda nya
menerjemahkannya	men terjemah kan nya
menentu	men tentu
daud	daud
bakar	bakar
wajan	wajan
video	video
optimis	optimis
bukit	bukit
dialihkan	di alih kan
swalayan	swalayan
harapkan	harap kan
krim	krim
pariwisata	pariwisata
berpalang	ber palang
mengasuransi	men asuransi
penguasa	pen kuasa
diperingkat	di peringkat
keberangkatannya	ke berangkat an nya
kanan	kanan
dilunasi	di lunas i
aduannya	adu an nya
ahlinya	ahli nya
bertarung	ber tarung
cara	cara
tingkah	tingkah
mengadakan	men ada kan
nonbank	non bank
memotivasi	men motivasi
sehebat	se hebat
bersikap	ber sikap
didapati	di dapat i
setara	setara
ngengat	ngengat
penguasanya	pen kuasa nya
pelat	pelat
seekor	se ekor
klinik	klinik
reaktor	reaktor
doktor	doktor
belanjaan	belanja an
minoritas	minoritas
rendahkan	rendah kan
angsurannya	angsur an nya
mencermati	men cermat i
berbatu	ber batu
celana	celana
kualitasnya	kualitas nya
mengemuka	men kemuka
ajaibnya	ajaib nya
persentase	persentase
disangga	di sangga
survey	survey
antarprogram	antar program
berukuran	ber ukur an
pengelola	pen kelola
food	food
tips	tips
mengganggunya	men ganggu nya
lorong	lorong
meleleh	men leleh
transportasinya	transportasi nya
cerah	cerah
transparannya	transparan nya
butuh	butuh
menyelaraskan	men selaras kan
pangkal	pangkal
dijahitkan	di jahit kan
pengeboran	pengeboran
nasabahnya	nasabah nya
lukanya	luka nya
penjumlahan	pen jumlah an
berpikirnya	ber pikir nya
tamunya	tamu nya
perbedaannya	per beda an nya
tersobek	ter sobek
eternitnya	eternit nya
ketatnya	ketat nya
dibenahi	di benah i
nun	nun
giliran	gilir an
awet	awet
membawakan	men bawa kan
budimu	budi mu
patuh	patuh
terseleksi	ter seleksi
ambisi	ambisi
diperberat	di per berat
memaksa	men paksa
menegaskan	men tegas kan
jumlah	jumlah
janjinya	janji nya
wahyu	wahyu
penutup	pen tutup
menyentak	men sentak
penyusutan	pen susut an
tekstil	tekstil
tehnya	teh nya
meluruskan	men lurus kan
jumpa	jumpa
perairan	per air an
diucapkan	di ucap kan
jatuh	jatuh
perangkap	pen rangkap
perjudian	per judi an
iringan	iring an
pemuatan	pen muat an
seharga	se harga
antrinya	antri nya
ilustrasi	ilustrasi
mendiktekan	men dikte kan
lingkup	lingkup
impiannya	impian nya
memobilisasi	men mobilisasi
hayatnya	hayat nya
melantunkan	men lantun kan
pendapatannya	pen dapat an nya
ragukan	ragu kan
bepergian	bepergian
dipinjamkan	di pinjam kan
sesuai	sesuai
nuansa	nuansa
ampun	ampun
ingini	ingin i
bengkok	bengkok
konsepnya	konsep nya
monumennya	monumen nya
yayasan	yayasan
sains	sains
meninggal	men tinggal
peminatnya	pen minat nya
asosiasi	asosiasi
budaya	budaya
sebaliknya	sebaliknya
pemerintahannya	pen perintah an nya
memberitahunya	men beritahu nya
belanda	belanda
pelayannya	pen layan nya
menyampaikan	men sampai kan
signifikan	signifikan
tersembunyi	ter sembunyi
dialirkan	di alir kan
bertakhta	ber takhta
menebarkan	men tebar kan
kuingin	ku ingin
ilahi	ilahi
berjudul	ber judul
menakjubkannya	men takjub kan nya
sepenting	se penting
dibungakan	di bunga kan
tanggungan	tanggung an
olahraga	olahraga
sentimeter	sentimeter
tesnya	tes nya
sekantung	se kantung
bantuannya	bantu an nya
kartun	kartun
ditaruh	di taruh
jauhnya	jauh nya
tahapan	tahap an
menyantuni	men santun i
anggun	anggun
lanjutnya	lanjut nya
meningkatkan	men tingkat kan
menghindarinya	men hindar i nya
pasifik	pasifik
mengira	men kira
kawin	kawin
pembahasan	pen bahas an
pemburu	pen buru
dramatis	dramatis
mengucap	men ucap
konsep	konsep
mengkreditnya	men kredit nya
kompeten	kompeten
elektronik	elektronik
menyesali	men sesal i
dirindukan	di rindu kan
membuatku	men buat ku
rotasi	rotasi
dikategori	di kategori
pembatasan	pen batas an
berarti	ber arti
dibunyikan	di bunyi kan
menganugerahkan	men anugerah kan
lerengan	lereng an
semaksimal	se maksimal
rumahan	rumah an
melodi	melodi
disesatkan	di sesat kan
hanyut	hanyut
terpelajar	ter pelajar
kaosnya	kaos nya
dipercaya	di percaya
mencermatinya	men cermat i nya
solusi	solusi
hitungan	hitung an
kendalikan	kendali kan
menyikapi	men sikap i
kecil	kecil
setianya	setia nya
mengalirkan	men alir kan
tabungan	tabung an
mendesentralisasikannya	men desentralisasi kan nya
mencurigai	men curiga i
perkenalan	per kenal an
temanmu	teman mu
mengajarnya	men ajar nya
dilaporkan	di lapor kan
diinstruksikan	di instruksi kan
pujian	puji an
menuju	men tuju
ditegur	di tegur
temanku	teman ku
dijajakan	di jaja kan
radio	radio
meletihkan	men letih kan
perempuannya	perempuan nya
memeriksanya	men periksa nya
bersorak	ber sorak
agama	agama
mutunya	mutu nya
bersalin	ber salin
diprakarsai	di prakarsa i
menggugahnya	men gugah nya
moral	moral
berlandaskan	ber landas kan
sup	sup
bata	bata
menekan	men tekan
pulangnya	pulang nya
membongkar	men bongkar
biografi	biografi
pembuktian	pen bukti an
analis	analis
pungutannya	pungut an nya
diagnosis	diagnosis
terdahsyat	ter dahsyat
buruannya	buru an nya
kacang	kacang
sawah	sawah
observasi	observasi
membebani	men beban i
diserap	di serap
embun	embun
harumnya	harum nya
proses	proses
dititipkannya	di titip kan nya
menindak	men tindak
bersejarah	ber sejarah
tersajikan	ter saji kan
bom	bom
terpilih	ter pilih
rasionya	rasio nya
bahu	bahu
mendaftarkannya	men daftar kan nya
ide	ide
melaut	men laut
luntur	luntur
lidah	lidah
menguras	men kuras
ekonomis	ekonomis
ditawan	di tawan
gurun	gurun
persimpangan	per simpang an
ringkasannya	ringkas an nya
mempertimbangkan	men timbang kan
unggun	unggun
didesentralisasikan	di desentralisasi kan
getaran	getar an
konstan	konstan
konferensi	konferensi
kagumi	kagum i
akar	akar
situsnya	situs nya
cerminan	cermin an
enggan	enggan
diwajibkan	di wajib kan
pengadu	pen adu
pembacanya	pen baca nya
zat	zat
merekrut	men rekrut
mencangkul	men cangkul
penangguhan	pen tangguh an
prosesi	proses i
eksteriornya	eksterior nya
membayar	men bayar
mencairkannya	men cair kan nya
pemetikan	pen petik an
terpetakan	ter peta kan
ajakan	ajak an
merampingkan	men ramping kan
pandai	pandai
jawabannya	jawab an nya
menjatuhkan	men jatuh kan
gelar	gelar
senasib	se nasib
ekonom	ekonom
direlokasi	di relokasi
memfotokopi	men fotokopi
sintesis	sintesis
matematika	matematika
wabah	wabah
terbitnya	terbit nya
memburu	men buru
tertipu	ter tipu
tergenang	ter genang
konsekuensinya	konsekuensi nya
dilimpahkan	di limpah kan
menceritakan	men cerita kan
gumpalan	gumpal an
perbelanjaan	per belanja an
benci	benci
berdusta	ber dusta
sana	sana
nyawaku	nyawa aku
optimalisasi	optimalisasi
menggariskan	men garis kan
tenteram	tenteram
antiseparatis	anti separatis
dibacakan	di baca kan
memimpin	men pimpin
dibaharui	di baharu i
sebatas	se batas
pembayaran	pen bayar an
madunya	madu nya
pertukangan	per tukang an
berutang	ber utang
asing	asing
sebaik	se baik
walikota	walikota
prestasi	prestasi
praktek	praktek
merencanakan	men rencana kan
waris	waris
mewakilkan	men wakil kan
surgawi	surgawi
terjangan	terjang an
sorot	sorot
tingkatannya	tingkat an nya
buatan	buat an
dikuatirkan	di kuatir kan
syair	syair
militernya	militer nya
bakteri	bakteri
pukul	pukul
jembatannya	jembatan nya
rak	rak
impian	impian
tafsiran	tafsir an
berkolaborasi	ber kolaborasi
parit	parit
paparan	papar an
wilayahnya	wilayah nya
tuntutan	tuntut an
terbentang	ter bentang
saing	saing
bisnis	bisnis
kalifornia	kalifornia
diperintahkan	di perintah kan
obyeknya	obyek nya
mengungsi	men ungsi
menyalin	men salin
melebur	men lebur
angkutan	angkut an
pencatat	pen catat
junjunganku	junjung an ku
bersamaan	ber sama an
kolam	kolam
bersih	bersih
goncangan	goncang an
penyembahan	pen sembah an
mengkonsultasikannya	men konsultasi kan nya
mitra	mitra
pertanaman	per tanam an
ungkapkan	ungkap kan
menerobos	men terobos
merangkul	men rangkul
integritas	integritas
allahku	allah ku
formasi	formasi
selesainya	selesai nya
membasahi	men basah i
daftarkan	daftar kan
memenangkan	men menang kan
diselidiki	di selidik i
atmosfir	atmosfir
berusaha	ber usaha
berduka	ber duka
menggugah	men gugah
sukses	sukses
adat	adat
teduh	teduh
visi	visi
kukenal	ku kenal
nafsunya	nafsu nya
tembok	tembok
moskow	moskow
dijembatani	di jembatan i
diterjang	di terjang
penulisannya	pen tulis an nya
pembina	pen bina
dicantumkan	di cantum kan
lengkung	lengkung
ditakuti	di takut i
dikuasai	di kuasa i
pelelangan	pen lelang an
hangat	hangat
terukir	ter ukir
cabang	cabang
terpecahkan	ter pecah kan
meningkat	men tingkat
selain	se lain
menimpanya	men timpa nya
penginjilannya	pen injil an nya
menyiram	men siram
pergunungan	per gunung an
intensifnya	intensif nya
terangmu	terang mu
beragamnya	ber ragam nya
diagram	diagram
gemuruh	gemuruh
sisiku	sisi ku
dimekarkan	di mekar kan
selisihnya	selisih nya
secepat	se cepat
pangkalan	pangkal an
terwujudnya	ter wujud nya
memotret	men potret
dibanyak	di banyak
kebutuhan	ke butuh an
tuhanku	tuhan ku
dipicu	di picu
penggalian	pen gali an
bertemakan	ber tema kan
kuil	kuil
pil	pil
kredibel	kredibel
melaksanakan	men laksana kan
progresif	progresif
pemimpinnya	pen pimpin nya
menginformasikan	men informasi kan
tingkatan	tingkat an
bidangnya	bidang nya
dipelihara	di pelihara
dijaga	di jaga
pembajakan	pen bajak an
merajalela	men rajalela
ribuan	ribu an
dilempar	di lempar
pembebasan	pen bebas an
tabungannya	tabung an nya
mengartikannya	men arti kan nya
diceritakan	di cerita kan
zaitun	zaitun
pembicaraan	pen bicara an
menghanguskan	men hangus kan
pangkuannya	pangku an nya
komponen	komponen
ambivalen	ambivalen
kolega	kolega
bumbu	bumbu
mungilnya	mungil nya
dikonversi	di konversi
omzetnya	omzet nya
penghematan	pen hemat an
antarkeyakinan	antar ke yakin an
memerbaiki	men perbaiki
jenazah	jenazah
melekat	men lekat
kelasnya	kelas nya
diutamakan	di utama kan
perhubungan	per hubung an
semalam	se malam
kuingat	ku ingat
meluncur	men luncur
penahanan	pen tahan an
berdampak	ber dampak
pencetakan	pen cetak an
bercela	ber cela
meminimalkan	men minimal kan
berprestasi	ber prestasi
halangan	halang an
diindikasikan	di indikasi kan
dikomunikasikan	di komunikasi kan
kencang	kencang
bermuatan	ber muat an
diraih	di raih
traktornya	traktor nya
ajuan	aju an
melintasinya	men lintas i nya
berbasiskan	ber basis kan
merenung	men renung
belulang	belulang
perusakan	pen rusak an
iman	iman
dikenal	di kenal
pengaruhnya	pengaruh nya
disembelih	di sembelih
terkelola	ter kelola
pikun	pikun
diremehkan	di remeh kan
pasien	pasien
bersesuaian	ber sesuai an
dibelanjakan	di belanja kan
semang	semang
terutama	ter utama
penuntun	pen tuntun
pengabdiannya	pen abdi an nya
tingginya	tinggi nya
berkeliaran	ber ke liar an
berkorelasi	ber korelasi
usul	usul
laut	laut
bayaran	bayar an
pelikan	pelik an
disembuhkan	di sembuh kan
mengiklankan	men iklan kan
diakomodasi	di akomodasi
busuk	busuk
bunganya	bunga nya
pengenaan	pen kena an
disamping	di samping
menyuarakan	men suara kan
parkir	parkir
pegang	pegang
berhitung	ber hitung
diasah	di asah
warung	warung
diairi	di air i
merepresentasikan	men representasi kan
penafsiran	pen tafsir an
memprediksi	men prediksi
penetapannya	pen tetap an nya
dilemahkan	di lemah kan
akbar	akbar
pinggang	pinggang
diadopsi	di adopsi
dikirim	di kirim
otoritasnya	otoritas nya
melapor	men lapor
dosennya	dosen nya
mengunci	men kunci
tersaji	ter saji
ketidakselarasan	ke tidak selaras an
lkm	lkm
barangnya	barang nya
ucapkan	ucap kan
efektifitas	efektifitas
penyebutan	pen sebut an
putranya	putra nya
penyanyi	pen nyanyi
menggoda	men goda
bidannya	bidan nya
cobaan	coba an
ditepati	di tepat i
mempersiapkannya	men siap kan nya
januari	januari
pertahanan	per tahan an
dikoordinir	di koordinir
digantikan	di ganti kan
narkotika	narkotika
budayanya	budaya nya
memanjang	men panjang
pemenang	pen menang
muslim	muslim
turun	turun
mengalirnya	men alir nya
penghargaan	pen harga an
kenalan	kenal an
mengenang	men kenang
akademis	akademis
pala	pala
kartunya	kartu nya
dahsyat	dahsyat
terserah	ter serah
perajin	pen rajin
mobilisasi	mobilisasi
berhubung	ber hubung
waduk	waduk
pasaran	pasar an
semangatnya	semangat nya
pegangannya	pegang an nya
limpahan	limpah an
toleransi	toleransi
jeruk	jeruk
melimpahkan	men limpah kan
bernoda	ber noda
tulis	tulis
kantong	kantong
pembiayaan	pen biaya an
menaati	men taat i
reksa	reksa
kalangan	kalangan
membalikkannya	men balik kan nya
terkoyak	ter koyak
perdarahan	per darah an
korupsinya	korupsi nya
ciuman	cium an
maksimal	maksimal
gilirannya	gilir an nya
bagusnya	bagus nya
berita	berita
penggugat	pen gugat
komunikasi	komunikasi
diminatinya	di minat i nya
elit	elit
disuruh	di suruh
mempergunakan	men guna kan
ngeri	ngeri
bergelar	ber gelar
selang	selang
politikus	politikus
1990an	1990 an
mengkoordinir	men koordinir
mengudara	men udara
terumbu	terumbu
berserikat	ber serikat
fisika	fisika
ditampar	di tampar
dikabulkan	di kabul kan
nonanggota	non anggota
menggosipkan	men gosip kan
mengguncang	men guncang
goncangkan	goncang kan
menyambung	men sambung
lembu	lembu
golongan	golong an
terjebak	ter jebak
mengeluarkannya	men keluar kan nya
titipan	titip an
seefisien	se efisien
dipotong	di potong
daratan	darat an
harum	harum
forensik	forensik
berkesempatan	ber kesempatan
pertanggungan	per tanggung an
ginjal	ginjal
secangkir	se cangkir
asean	asean
agresif	agresif
penelaahan	pen telaah an
istri	istri
audit	audit
oposisi	oposisi
pemetaan	pen peta an
mungil	mungil
mutu	mutu
imajinasi	imajinasi
terkutuk	ter kutuk
ditimbang	di timbang
terpinggirkan	ter pinggir kan
direhabilitasi	di rehabilitasi
pabrik	pabrik
profil	profil
menjauhi	men jauh i
melaporkannya	men lapor kan nya
dipajaki	di pajak i
mahabintang	mahabintang
bergejolak	ber gejolak
teriakku	teriak ku
tolongku	tolong ku
dosen	dosen
efisiennya	efisien nya
profesor	profesor
diyakinkan	di yakin kan
akibatnya	akibat nya
menggabungkan	men gabung kan
santrinya	santri nya
cerdik	cerdik
pendengarnya	pen dengar nya
dibacanya	di baca nya
rangka	rangka
benturan	bentur an
tongkatnya	tongkat nya
integrasi	integrasi
bagus	bagus
pekerjaanmu	pekerja an mu
kisah	kisah
angsuran	angsur an
infrastrukturnya	infrastruktur nya
alas	alas
lokasi	lokasi
pelihara	pelihara
penjajahan	pen jajah an
bahasan	bahas an
dirampungkan	di rampung kan
syaraf	syaraf
terhubung	ter hubung
bermerk	ber merk
penayangan	pen tayang an
perpindahan	per pindah an
kacau	kacau
berdalih	ber dalih
perbudakan	per budak an
nya	nya
mentari	mentari
legitimasi	legitimasi
rentan	rentan
menanyakannya	men tanya kan nya
dicurigai	di curiga i
ratusan	ratus an
keberadaannya	keberadaan nya
mengklasifikasi	men klasifikasi
ramping	ramping
hutan	hutan
penyiarnya	pen siar nya
gembiranya	gembira nya
ditunjuk	di tunjuk
penyataan	pen nyata an
mendarat	men darat
intens	intens
april	april
membahasnya	men bahas nya
dahaga	dahaga
digilir	di gilir
berargumen	ber argumen
paus	paus
inflasi	inflasi
antarmasyarakat	antar masyarakat
penetrasi	penetrasi
tekankan	tekan kan
kulkas	kulkas
dipersempit	di per sempit
debutnya	debut nya
arkeologi	arkeologi
mengenyahkan	men enyah kan
dijunjung	di junjung
liga	liga
sampingnya	samping nya
memfotonya	men foto nya
menyarankan	men saran kan
pembidiknya	pen bidik nya
skotlandia	skotlandia
angkatan	angkat an
pengalengan	pen kaleng an
kukasihi	ku kasih i
terdalamnya	ter dalam nya
senior	senior
hamparan	hampar an
supervisi	supervisi
pengangkutan	pen angkut an
penyalur	pen salur
memperbesar	men besar
dilucuti	di lucut i
dihadapinya	di hadap i nya
menggigitku	men gigit ku
kategorisasi	kategorisasi
setir	setir
mengantar	men antar
perenungan	pen renung an
perdamaian	per damai an
tubuhku	tubuh ku
menafsirkan	men tafsir kan
pengangkatan	pen angkat an
bapa	bapa
terikatnya	ter ikat nya
anakku	anak ku
penyelaras	pen selaras
memandu	men pandu
langsing	langsing
tertempel	ter tempel
mengoleksi	men koleksi
cadangannya	cadang an nya
terduga	ter duga
pengabdian	pen abdi an
penganiaya	pen aniaya
transplantasi	transplantasi
pengadministrasian	pen administrasi an
partai	partai
pembatas	pen batas
subjektivitas	subjektivitas
dilatarbelakangi	di latarbelakang i
biar	biar
ulah	ulah
menentangnya	men tentang nya
pembahasannya	pen bahas an nya
dibesarkan	di besar kan
sadari	sadar i
penempatan	pen tempat an
kesannya	kesan nya
sekrup	sekrup
pengucuran	pen kucur an
kenalannya	kenal an nya
membelakangi	men belakang i
dikontrakkan	di kontrak kan
lewat	lewat
berkonotasi	ber konotasi
kelopak	kelopak
menyetorkannya	men setor kan nya
kotor	kotor
puluhan	puluh an
pembangunan	pen bangun an
meluap	men luap
memberontak	men berontak
menyelami	men selam i
diajukan	di aju kan
gunung	gunung
kendalinya	kendali nya
perancang	pen rancang
hilang	hilang
alamat	alamat
ditembus	di tembus
didiskualifikasi	di diskualifikasi
mendelegasikan	men delegasi kan
altar	altar
berduri	ber duri
diadaptasi	di adaptasi
berbaring	ber baring
berserakan	ber serak an
bersepakat	ber sepakat
mengkomunikasikannya	men komunikasi kan nya
pemberitahuan	pen beritahu an
ditabung	di tabung
tradisionalnya	tradisional nya
prihatin	prihatin
gubernur	gubernur
dikasihi	di kasih i
bahagia	bahagia
semprot	semprot
perekonomiannya	per ekonomi an nya
tampung	tampung
antikomunis	anti komunis
dihakimi	di hakim i
terintimidasi	ter intimidasi
mendiskusikan	men diskusi kan
sopan	sopan
menceburkan	men cebur kan
profesional	profesional
macam	macam
ringkas	ringkas
mengemukakan	men kemuka kan
kuman	kuman
bertanah	ber tanah
melanggengkannya	men langgeng kan nya
berpulangnya	ber pulang nya
rajanya	raja nya
memasukkan	men masuk kan
membujuk	men bujuk
penggantian	pen ganti an
subur	subur
pengamatannya	pengamat an nya
binaan	bina an
moneter	moneter
gilir	gilir
penggaduhan	pen gaduh an
diturunkan	di turun kan
akal	akal
mencukupkan	men cukup kan
implementasinya	implementasi nya
adu	adu
top	top
telinga	telinga
berhenti	ber henti
absolut	absolut
komersial	komersial
menyetor	men setor
pertaniannya	per tani an nya
berpawai	ber pawai
mengabari	men kabar i
perdananya	perdana nya
kitab	kitab
piala	piala
berharga	ber harga
permanennya	permanen nya
bebanmu	beban mu
bergurau	ber gurau
bahas	bahas
meluluskan	men lulus kan
penasihat	penasihat
radikal	radikal
remajanya	remaja nya
diterbangkan	di terbang kan
cadang	cadang
pulsa	pulsa
gelora	gelora
pembedahan	pen bedah an
dimutakhirkan	di mutakhir kan
balas	balas
memilihkan	men pilih kan
menegakkan	men tegak kan
berangsur	ber angsur
memperkosa	men perkosa
ditandai	di tanda i
termutakhir	ter mutakhir
keledai	keledai
calon	calon
nontarif	non tarif
dibohongi	di bohong i
belikan	beli kan
ajalnya	ajal nya
pemerasan	pen peras an
digulirkan	di gulir kan
penerjemah	pen terjemah
rekomendasi	rekomendasi
diasosiasikan	di asosiasi kan
membanjiri	men banjir i
produknya	produk nya
mempertegas	men tegas
digerakkan	di gerak kan
bank	bank
penjembatanan	pen jembatan an
mengesampingkan	men kesamping kan
berdasar	ber dasar
tempat	tempat
menyiasati	men siasat i
menangkap	men tangkap
diadili	di adil i
dihanguskan	di hangus kan
warisannya	waris an nya
pertandingan	per tanding an
bergoncang	ber goncang
pizza	pizza
menahan	men tahan
mendistorsi	men distorsi
berkepentingan	ber ke penting an
bertingkat	ber tingkat
diplomatik	diplomatik
perkasa	perkasa
berkunjung	ber kunjung
bersepeda	ber sepeda
biola	biola
tragedi	tragedi
kesan	kesan
ditambah	di tambah
mengencerkan	men encer kan
pegolf	pen golf
berjuang	ber juang
longsor	longsor
dijanjikan	di janji kan
penyerahannya	pen serah an nya
perhotelan	per hotel an
rencananya	rencana nya
ditunjang	di tunjang
perbaikan	per baik an
jaminannya	jamin an nya
indikatornya	indikator nya
informasinya	informasi nya
gerilyawan	gerilya wan
pengaruhi	pengaruh i
logonya	logo nya
jiwanya	jiwa nya
cair	cair
penundaan	pen tunda an
kurs	kurs
pengadaan	pen ada an
kelahiran	ke lahir an
nonperdagangan	non per dagang an
antarprovinsi	antar provinsi
tingkatnya	tingkat nya
ditebus	di tebus
suaminya	suami nya
menyadari	men sadar i
asuransi	asuransi
berkisar	ber kisar
lembut	lembut
proposal	proposal
terjerat	ter jerat
penagih	pen tagih
perujukan	pen rujuk an
mengingatkannya	men ingat kan nya
evakuasi	evakuasi
motif	motif
tutup	tutup
menggeser	men geser
terjangkit	ter jangkit
lidahnya	lidah nya
sosial	sosial
mengkonsultasikan	men konsultasi kan
botol	botol
meminum	men minum
sederhana	sederhana
upahnya	upah nya
keluh	keluh
pengerukan	pen keruk an
nontunai	nontunai
diekspor	di ekspor
evolusi	evolusi
pengikatan	pen ikat an
serendah	se rendah
kreativitas	kreativitas
diremajakan	di remaja kan
dituturkan	di tutur kan
renggang	renggang
memeriksakan	men periksa kan
memprihatinkan	men prihatin kan
teratur	ter atur
kepingan	keping an
ditunda	di tunda
dimediasi	di mediasi
disangka	di sangka
berhala	berhala
perbendaharaannya	per bendahara an nya
asal	asal
menggunakannya	men guna kan nya
menyalahkan	men salah kan
terjal	terjal
kaki	kaki
memanggilnya	men panggil nya
diserahi	di serah i
mengkonfirmasikan	men konfirmasi kan
sertifikatnya	sertifikat nya
bulanan	bulan an
perhatikan	perhatikan
warganya	warga nya
menegangkan	men tegang kan
bertalian	ber tali an
melewatinya	men lewat i nya
penyayang	pen sayang
terpinggir	ter pinggir
budi	budi
nama	nama
tersendat	tersendat
kesempatannya	kesempatan nya
sulitnya	sulit nya
bersekolah	ber sekolah
strategis	strategis
situs	situs
mapan	mapan
terluka	ter luka
terbantahkan	ter bantah kan
pemaparan	pen papar an
bicaranya	bicara nya
panenan	panen an
mengembalikannya	men kembali kan nya
tempatmu	tempat mu
kampanye	kampanye
mendominasinya	men dominasi nya
bi	bi
tindihnya	tindih nya
kedudukan	ke duduk an
hormat	hormat
konseptual	konseptual
penurunannya	pen turun an nya
mendapatkan	men dapat kan
mukjizat	mukjizat
memanggang	men panggang
unik	unik
ternaknya	ternak nya
isapan	isap an
tekad	tekad
majelis	majelis
stoknya	stok nya
mesjid	mesjid
mangsanya	mangsa nya
menata	men tata
membuang	men buang
puncak	puncak
mengharmoniskan	men harmonis kan
pendorong	pen dorong
nonpersonel	non personel
perbedaan	per beda an
pengampun	pen ampun
diverifikasi	di verifikasi
khazanah	khazanah
ketidakseriusan	ke tidak serius an
gemuk	gemuk
pencoretan	pen coret an
dikeluhkan	di keluh kan
bajakannya	bajak an nya
mengestimasi	men estimasi
mencerna	men cerna
perekam	pen rekam
menyalahi	men salah i
menjaga	men jaga
mengitariku	men kitar i ku
doktrin	doktrin
suci	suci
mendoakannya	men doa kan nya
konvensional	konvensional
pendistribusian	pen distribusi an
persiapannya	per siap an nya
sarangnya	sarang nya
ragam	ragam
sabda	sabda
gerak	gerak
tumpuan	tumpu an
cetak	cetak
direka	di reka
irlandia	irlandia
bloknya	blok nya
kolom	kolom
dibengkokkan	di bengkok kan
mengevakuasi	men evakuasi
bebuyutan	bebuyutan
ajaib	ajaib
wasitnya	wasit nya
vertikal	vertikal
wol	wol
penulis	pen tulis
duniawi	duniawi
pimpinan	pimpin an
pembahas	pen bahas
terperinci	ter pen rinci
menyempurnakan	men sempurna kan
diselamatkan	di selamat kan
dilantik	di lantik
dilihat	di lihat
derajat	derajat
terkendali	ter kendali
strata	strata
rudal	rudal
kuliah	kuliah
induk	induk
putra	putra
dilembagakan	di lembaga kan
bercermin	ber cermin
perkampungan	per kampung an
permennya	permen nya
berhikmat	ber hikmat
aturan	atur an
tersingkat	ter singkat
usus	usus
perahu	perahu
taurat	taurat
pelabuh	pen labuh
kasihmu	kasih mu
dibangku	di bangku
syairnya	syair nya
ejekan	ejek an
pembiayaannya	pen biaya an nya
keberadaan	keberadaan
pelacakan	pen lacak an
terobsesi	ter obsesi
konversi	konversi
menekuni	men tekun i
dipermuliakan	di per mulia kan
menjaganya	men jaga nya
menyaksikan	men saksi kan
bertanam	ber tanam
didengungkan	di dengung kan
orangtuanya	orangtua nya
baitul	baitul
mula	mula
kelapa	kelapa
luasnya	luas nya
pengasih	pen kasih
mencuat	men cuat
jualbeli	jualbeli
penyajian	pen saji an
personil	personil
mendadak	mendadak
menangkis	men tangkis
berulang	ber ulang
liberalisasi	liberalisasi
bergosip	ber gosip
kotak	kotak
temannya	teman nya
bendahara	bendahara
stempel	stempel
selera	selera
persampahan	per sampah an
disalahkan	di salah kan
penyaliban	pen salib an
massal	massal
kerasnya	keras nya
ahli	ahli
menyeringai	men seringai
tatapan	tatap an
detik	detik
peningkatan	pen tingkat an
menuturkan	men tutur kan
penyempurnaan	pen sempurna an
diperbarui	di per baru i
tersebarnya	ter sebar nya
pengelolanya	pen kelola nya
terbalik	ter balik
terbebas	ter bebas
elemen	elemen
wajar	wajar
tersentuh	ter sentuh
mengumpulkannya	men kumpul kan nya
laporannya	lapor an nya
sentral	sentral
ampas	ampas
persawahan	per sawah an
partisipasinya	partisipasi nya
antarresponden	antar responden
diwarisi	di waris i
mengucapkan	men ucap kan
menggerakkan	men gerak kan
bobrok	bobrok
terpukau	ter pukau
berpengetahuan	ber pengetahuan
dikuduskan	di kudus kan
dimintai	di minta i
repot	repot
menebusnya	men tebus nya
mengharapkannya	men harap kan nya
kabarkan	kabar kan
soalnya	soal nya
dikoreksi	di koreksi
licik	licik
jiwamu	jiwa mu
penarik	pen tarik
kamar	kamar
layar	layar
semusim	se musim
pelataran	pen latar an
realisasi	realisasi
bunyi	bunyi
dimerdekakan	di merdeka kan
terlebih	ter lebih
berpandangan	ber pandang an
membekas	men bekas
kualitas	kualitas
sindikat	sindikat
diciptakan	di cipta kan
sesamanya	se sama nya
semenarik	se menarik
fakir	fakir
mengintensifkan	men intensif kan
mahalnya	mahal nya
disetujuinya	di setuju i nya
menampik	men tampik
berdaya	ber daya
disimpulkannya	di simpul kan nya
perlengkapannya	per lengkap an nya
lemahnya	lemah nya
dibariskan	di baris kan
dermaga	dermaga
perbukitan	per bukit an
meneladani	men teladan i
sayang	sayang
menetap	men tetap
ketidakberhasilan	ke tidak berhasil an
perhitungan	per hitung an
kusampaikan	ku sampai kan
renungkan	renung kan
sokongan	sokong an
memberitahukan	men beritahu kan
persepsi	persepsi
tarik	tarik
ledakan	ledak an
mengenali	men kenal i
ayahku	ayah ku
penghilangan	pen hilang an
perkoperasian	per koperasi an
dititipi	di titip i
nakal	nakal
terkurung	ter kurung
jurang	jurang
multinasional	multinasional
mutlak	mutlak
kelihatan	ke lihat an
keperluan	ke perlu an
perpanjangan	per panjang an
berambisi	ber ambisi
merawatnya	men rawat nya
kontak	kontak
sayangnya	sayang nya
bersalah	ber salah
mengizinkan	men izin kan
membinasakan	men binasa kan
berdiskusi	ber diskusi
jaminan	jamin an
mengatasinya	men atas i nya
masai	masa i
rona	rona
pantai	pantai
meringkaskan	men ringkas kan
mengunyah	men kunyah
lisan	lisan
awalnya	awal nya
digadai	di gadai
delegasi	delegasi
mengendurkan	men kendur kan
dikoordinasikan	di koordinasi kan
dicatat	di catat
terciptanya	ter cipta nya
mendidik	men didik
memekakkan	men pekak kan
benda	benda
memuncak	men puncak
diprediksikan	di prediksi kan
pegunungan	pegunungan
peternakan	peternakan
subjek	subjek
teritorial	teritorial
terkini	terkini
terhambatnya	ter hambat nya
impor	impor
berpacu	ber pacu
siaga	siaga
memperparah	men parah
kunjungannya	kunjung an nya
cuci	cuci
gawat	gawat
minggunya	minggu nya
pengungsi	pen ungsi
memungkinkan	memungkinkan
dipahaminya	di paham i nya
menghancurkan	men hancur kan
ditingkatkan	di tingkat kan
menyisakan	men sisa kan
berbakat	ber bakat
diusahakannya	di usaha kan nya
mengurai	men urai
jual	jual
selesai	selesai
pendukung	pen dukung
memberdayakan	men ber daya kan
mengingatmu	men ingat mu
pengirim	pen kirim
efektivitasnya	efektivitas nya
membocorkan	men bocor kan
hamba	hamba
sayapnya	sayap nya
tersalib	ter salib
tajam	tajam
diminati	di minat i
mengemudikan	men kemudi kan
mendermakan	men derma kan
pemikirannya	pen pikir an nya
jaya	jaya
soal	soal
direkrut	di rekrut
kemunculan	ke muncul an
sedihan	sedih an
membina	men bina
lesu	lesu
sebidang	se bidang
tanggap	tanggap
bikin	bikin
sasarannya	sasar an nya
perjanjian	per janji an
memperketat	men ketat
iurannya	iuran nya
gizi	gizi
mencemari	men cemar i
penekanan	pen tekan an
seenaknya	se enak nya
pengambilalihan	pen ambilalih an
warganegaranya	warganegara nya
tertumpuk	ter tumpuk
ditabur	di tabur
merubah	men rubah
membagikan	men bagi kan
berputar	ber putar
upaya	upaya
arah	arah
cengkeraman	cengkeram an
versi	versi
pencegah	pen cegah
ditanyai	di tanya i
lubangnya	lubang nya
mekar	mekar
seterusnya	se terus nya
dibayarkan	di bayar kan
diarahkan	di arah kan
menamai	men nama i
penambahan	pen tambah an
diciptakannya	di cipta kan nya
berputus	ber putus
melanjutkannya	men lanjut kan nya
penafsir	pen tafsir
kenangan	kenang an
turnamen	turnamen
berbuntut	ber buntut
hungaria	hungaria
institusional	institusional
janin	janin
peti	peti
direncanakan	di rencana kan
meloloskan	men lolos kan
mencipratkan	men ciprat kan
menyelesaikannya	men selesai kan nya
mengelompok	men kelompok
ditata	di tata
dibebani	di beban i
emisi	emisi
antarbidang	antar bidang
sabar	sabar
penegasan	pen tegas an
mikro	mikro
jalur	jalur
rakyat	rakyat
renovasi	renovasi
petualangan	petualangan
alkitab	alkitab
sabuk	sabuk
berkulit	ber kulit
paskah	paskah
motornya	motor nya
kanwil	kanwil
menunggak	men tunggak
berpaling	ber paling
tertahan	ter tahan
pengatur	pen atur
menyuguhkan	men suguh kan
meminati	men minat i
menambahkan	men tambah kan
menyapanya	men sapa nya
diawasi	di awas i
peranan	peran an
tanamkan	tanam kan
serukan	seru kan
senang	senang
belakangmu	belakang mu
suriah	suriah
borong	borong
dedikasi	dedikasi
mencoba	men coba
merinci	men rinci
penanggulangannya	pen tanggulang an nya
keberangkatan	ke berangkat an
mengukur	men ukur
berpribadi	ber pribadi
esensi	esens i
indahnya	indah nya
kadonya	kado nya
dekan	dek an
timbulnya	timbul nya
mengaksesnya	men akses nya
jelek	jelek
memicu	men picu
tuna	tuna
berakhir	ber akhir
singkat	singkat
pengingat	pen ingat
jadwalku	jadwal ku
penyedot	pen sedot
mediasi	mediasi
agung	agung
tersentak	ter sentak
sapu	sapu
menjualnya	men jual nya
dicurahkan	di curah kan
mencetuskan	men cetus kan
kuajarkan	ku ajar kan
permukiman	per mukim an
dinaikkan	di naik kan
mm	mm
dipisah	di pisah
malas	malas
tandai	tanda i
etnis	etnis
acuan	acu an
nafsumu	nafsu mu
ditempelkan	di tempel kan
memampukan	men mampu kan
pencegahan	pen cegah an
terpadat	ter padat
benaknya	benak nya
diperlihatkan	di per lihat kan
metrologi	metrologi
antarkegiatan	antar ke giat an
anugerahkan	anugerah kan
optimisme	optimisme
dicoret	di coret
menugaskan	men tugas kan
hemat	hemat
bangku	bangku
dijejali	di jejal i
melalaikan	men lalai kan
bawahnya	bawah nya
penggorengan	pen goreng an
dirancang	di rancang
memverifikasi	men verifikasi
memulihkan	men pulih kan
talentanya	talenta nya
paragraf	paragraf
unggulannya	unggul an nya
intervensi	intervensi
peraturan	per atur an
paksaan	paksa an
digarisbawahi	di garisbawah i
mengagungkan	men agung kan
peroksida	peroksida
tambahkan	tambah kan
menghimbau	men himbau
tumbuh	tumbuh
ibunya	ibu nya
ranting	ranting
gejalanya	gejala nya
nonreguler	non reguler
dilanjutkannya	di lanjut kan nya
terungkapkan	ter ungkap kan
meteran	meter an
chevy	chevy
melipatgandakan	men lipatganda kan
wisata	wisata
lelang	lelang
pembukuannya	pen buku an nya
ketidaksabaran	ke tidak sabar an
tegas	tegas
personel	personel
penghitungan	pen hitung an
tuntutannya	tuntut an nya
peluru	peluru
ditimbulkannya	di timbul kan nya
berkerabat	ber kerabat
imigran	imigran
seabad	se abad
kota	kota
kalimat	kalimat
direndahkan	di rendah kan
dihitung	di hitung
bea	bea
memancar	men pancar
memimpikan	men mimpi kan
jantung	jantung
matriks	matriks
membungkamkan	men bungkam kan
pembobotan	pen bobot an
hikmat	hikmat
batinnya	batin nya
mengantri	men antri
diaksesnya	di akses nya
nonpenerima	non pen terima
diperlunak	di per lunak
bernalar	ber nalar
dicetak	di cetak
menyesatkan	men sesat kan
tahunannya	tahun an nya
esok	esok
tetapkan	tetap kan
mengelola	men kelola
menceritakannya	men cerita kan nya
transparan	transparan
universitas	universitas
sepucuk	se pucuk
membenahi	men benah i
pesannya	pesan nya
galian	gali an
liter	liter
fasilitator	fasilitator
menyerukan	men seru kan
melanjutkan	men lanjut kan
menginterpretasikannya	men interpretasi kan nya
baki	bak i
hunian	huni an
menyembunyikan	men sembunyi kan
for	for
kembalinya	kembali nya
berperan	ber peran
pasokan	pasok an
pendamaian	pen damai an
memastikan	men pasti kan
legislasi	legislasi
aroma	aroma
mengutip	men kutip
diurut	di urut
direstrukturisasi	di restrukturisasi
membuahkan	men buah kan
reka	reka
dituliskan	di tulis kan
terpajangnya	ter pajang nya
rela	rela
dibolehkan	di boleh kan
guna	guna
melayani	men layan i
berujung	ber ujung
tanggungjawab	tanggungjawab
antarpemerintahan	antar pen perintah an
kumuhnya	kumuh nya
bersedih	ber sedih
menyinergikan	men sinergi kan
dilumpuhkan	di lumpuh kan
diatas	di atas
lama	lama
penumpang	pen tumpang
permanen	permanen
dibalik	di balik
buyut	buyut
memuat	men muat
tim	tim
tokonya	toko nya
cela	cela
karakternya	karakteri nya
susu	susu
pasar	pasar
penuntut	pen tuntut
diantisipasi	di antisipasi
bendera	bendera
contoh	contoh
juri	juri
dagangan	dagang an
sebangsaku	se bangsa aku
menyadarinya	men sadar i nya
perhambaan	per hamba an
pengesahan	pen sah an
koordinator	koordinator
ditentukan	di tentu kan
perumpamaan	per umpama an
niat	niat
diwakilinya	di wakil i nya
menerbangkan	men terbang kan
dimakamkan	di makam kan
hilangnya	hilang nya
pemutusan	pen putus an
menegakkannya	men tegak kan nya
hubunganku	hubung an ku
cetakan	cetak an
berfikir	ber fikir
menggenangi	men genang i
menutupi	men tutup i
merebak	men rebak
mampu	mampu
penggabungan	pen gabung an
kebungkaman	ke bungkam an
disusul	di susul
dipasok	di pasok
khawatir	khawatir
penempelan	pen tempel an
separuhnya	se paruh nya
terpasang	ter pasang
kualifikasi	kualifikasi
penghubung	pen hubung
busana	busana
penghilang	pen hilang
merotasi	men rotasi
pengusiran	pen usir an
mencukupi	men cukup i
memperbudak	men budak
mati	mati
berkeadilan	ber ke adil an
campuran	campur an
bangkrut	bangkrut
dipersiapkan	di per siap kan
kriminal	kriminal
dengar	dengar
disertifikasi	di sertifikasi
pancaran	pancar an
penghibur	pen hibur
serumit	se rumit
menggunung	men gunung
tesisnya	tesis nya
persoalan	per soal an
berdana	ber dana
ditempati	di tempat i
mengacu	men acu
posko	posko
diperbolehkan	di per boleh kan
meracuni	men racun i
terpisah	ter pisah
sejumput	se jumput
efektifnya	efektif nya
lunak	lunak
terbaru	ter baru
gantinya	ganti nya
memantapkan	men mantap kan
pelayan	pen layan
pertikaian	pertikaian
menanggap	men tanggap
dipetakan	di peta kan
amarah	amarah
permohonannya	per mohon an nya
memberiku	men beri ku
terbesar	ter besar
kronis	kronis
terbantu	ter bantu
kakaknya	kakak nya
mencerminkan	men cermin kan
peralihan	per alih an
persegi	persegi
pelimpahan	pen limpah an
inisial	inisial
menggigiti	men gigit i
berbisnis	ber bisnis
bertumpu	ber tumpu
menangani	men tangan i
mengusung	men usung
mencelakakan	men celaka kan
terkepung	ter kepung
memusnahkan	men musnah kan
persalinan	per salin an
penggolongan	pen golong an
deras	deras
skeptis	skeptis
menghargainya	men harga i nya
menyekolahkan	men sekolah kan
gembalakan	gembala kan
diajarnya	di ajar nya
berpengaruh	ber pengaruh
pengambilan	pen ambil an
salinannya	salin an nya
melawan	men lawan
jasanya	jasa nya
ketidaksesuaian	ke tidak sesuai an
rapuhnya	rapuh nya
pelindungnya	pen lindung nya
sukacita	sukacita
didampinginya	di damping i nya
kandidat	kandidat
dangkal	dangkal
pelabuhannya	pen labuh an nya
debiturnya	debitur nya
menjejakkan	men jejak kan
dikalahkan	di kalah kan
menghapus	men hapus
berpenghuni	ber pen huni
tersier	tersier
membakarmu	men bakar mu
mengorelasikan	men korelasi kan
dikaruniai	di karunia i
mewawancarai	men wawancara i
berlawanan	ber lawan an
kekeliruan	ke keliru an
disejajarkan	di sejajar kan
ukur	ukur
merisaukan	men risau kan
kredibilitas	kredibilitas
pembaru	pen baru
termasuk	ter masuk
pengalokasiannya	pen alokasi an nya
negosiasi	negosiasi
pendapatnya	pen dapat nya
sekehendaknya	se kehendak nya
melangkahkan	men langkah kan
akui	aku i
ia	ia
imbalan	imbalan
satkernya	satker nya
peletakan	pen letak an
membolos	men bolos
pengalihan	pen alih an
pengembaliannya	pen kembali an nya
bertanding	ber tanding
penghapusan	pen hapus an
pas	pas
rawan	rawan
memuji	men puji
ditinggikan	di tinggi kan
digenapi	di genap i
bulan	bulan
pangeran	pangeran
struktural	struktural
penyidikan	pen sidik an
menengok	men tengok
satelit	satelit
gulung	gulung
melebihi	men lebih i
semacamnya	se macam nya
diakibatkannya	di akibat kan nya
penggoda	pen goda
usah	usah
manja	manja
tangguh	tangguh
skor	skor
mengungkap	men ungkap
menghafal	men hafal
menutup	men tutup
pelajari	pelajar i
pendisiplinan	pen disiplin an
seruan	seru an
batas	batas
perenungannya	pen renung an nya
detektif	detektif
informasi	informasi
penyegelan	pen segel an
dimaksimalkan	di maksimal kan
pergulatan	per gulat an
dikompensasi	di kompensasi
napas	napas
gengsi	gengsi
dikonsolidasi	di konsolidasi
penyusup	pen susup
atletik	atletik
mengijinkan	men ijin kan
menggesernya	men geser nya
mekanis	mekanis
pengajuannya	pen aju an nya
diberitahu	di beritahu
penderita	pen derita
disalibkan	di salib kan
bekas	bekas
menginterpretasikan	men interpretasi kan
integritasnya	integritas nya
efektivitas	efektivitas
dibutuhkan	di butuh kan
sama	sama
nuraninya	nurani nya
perencanaannya	pen rencana an nya
menyuruhnya	men suruh nya
angsa	angsa
sahnya	sah nya
dipikirnya	di pikir nya
relevansi	relevansi
sesempurna	se sempurna
loncatan	loncat an
basi	bas i
dibicarakan	di bicara kan
penyeludup	pen seludup
pendaftar	pen daftar
uskup	uskup
penulisan	pen tulis an
berjajar	ber jajar
diuraikan	di urai kan
bermaksud	ber maksud
penyiar	pen siar
hubungannya	hubung an nya
antarorangtua	antar orangtua
berakting	ber akting
membidangi	men bidang i
menyelamatkannya	men selamat kan nya
pengestimasian	pen estimasi an
pendahulu	pendahulu
mengutuknya	men kutuk nya
diperbaruinya	di per baru i nya
melarat	melarat
durhaka	durhaka
bayinya	bayi nya
jurusan	jurus an
andalkan	andal kan
gusar	gusar
dosa	dosa
pembayar	pen bayar
bersahabat	ber sahabat
telepon	telepon
mengefektifkan	men efektif kan
enumerasi	enumerasi
berorganisasi	ber organisasi
dicacah	di cacah
diolesi	di oles i
mengupayakan	men upaya kan
domba	domba
pertambahan	per tambah an
penerus	pen terus
terlantar	terlantar
pelarangan	pen larang an
cabai	cabai
perlukan	perlu kan
arif	arif
menciprat	men ciprat
mulut	mulut
ketidakhadiran	ke tidak hadir an
zona	zona
menantikan	menanti kan
perenang	pen renang
terjembatani	ter jembatan i
mendengarkan	men dengar kan
nomor	nomor
klarifikasi	klarifikasi
tanam	tanam
konsistennya	konsisten nya
tujuan	tuju an
membusukkan	men busuk kan
terbelah	ter belah
dikucilkan	di kucil kan
coba	coba
merelokasikan	men relokasi kan
kapten	kapten
ketua	ketua
suksesnya	sukses nya
semacam	se macam
diskriminasi	diskriminasi
menumpahkan	men tumpah kan
berkekurangan	ber ke kurang an
tahun	tahun
berobat	ber obat
berkendaraan	ber kendara an
terkoordinir	ter koordinir
melancarkan	men lancar kan
risiko	risiko
efisiensi	efisiensi
hotelnya	hotel nya
terkendala	ter kendala
mengering	men kering
dll	dll
telingamu	telinga mu
mendukungnya	men dukung nya
selamatkanku	selamat kan ku
menatapnya	men tatap nya
berjiwa	ber jiwa
pestanya	pesta nya
berbenah	ber benah
sanjungan	sanjung an
nafas	nafas
menimbun	men timbun
produktivitasnya	produktivitas nya
dijangkau	di jangkau
berkabut	ber kabut
berkenaan	ber kena an
hasil	hasil
bubungan	bubung an
memandangku	men pandang ku
pemilikan	pen milik an
filosofi	filosofi
menyingkirkan	men singkir kan
perbendaharaan	per bendahara an
dideskripsikan	di deskripsi kan
ditindaklanjuti	di tindaklanjut i
penjaga	pen jaga
dibekali	di bekal i
ironis	ironis
mirip	mirip
sekiranya	sekira nya
dicobai	di coba i
menanamkan	men tanam kan
tulus	tulus
pembengkakan	pen bengkak an
menolong	men tolong
ruu	ruu
pelanggannya	pen langgan nya
merelakan	men rela kan
biskuit	biskuit
dingin	dingin
demokrasi	demokrasi
pendarahan	pen darah an
pelemparan	pen lempar an
menerpa	men terpa
operatornya	operator nya
ditangkap	di tangkap
terkucil	ter kucil
menyerahkan	men serah kan
pemakaman	pen makam an
metodologi	metodologi
kuba	kuba
panggang	panggang
jerman	jerman
melukiskan	men lukis kan
prakteknya	praktek nya
merek	merek
resiko	resiko
perizinan	per izin an
berkenalan	ber kenal an
penyalahgunaan	pen salahguna an
perayaan	pen raya an
ras	ras
majikannya	majikan nya
perindustrian	per industri an
organisasinya	organisasi nya
menghabiskannya	men habis kan nya
asteroid	asteroid
penari	pen tari
dinasehati	di nasehat i
mengukir	men ukir
melunasinya	men lunas i nya
mengurutkan	men urut kan
memperkirakan	men kira kan
nonrumah	non rumah
barunya	baru nya
parahnya	parah nya
pelunasan	pen lunas an
sedia	sedia
kartu	kartu
dirapatkan	di rapat kan
ongkosnya	ongkos nya
dicarinya	di cari nya
berliku	ber liku
mil	mil
mengkonsolidasikan	men konsolidasi kan
akasia	akasia
tidurnya	tidur nya
lobang	lobang
menyeberanginya	men seberang i nya
minyak	minyak
kepemimpinan	kepemimpinan
produksinya	produksi nya
latar	latar
kameranya	kamera nya
layang	layang
merespons	men respons
purba	purba
menggaji	men gaji
pengambilannya	pen ambil an nya
anda	anda
titik	titik
membetulkan	men betul kan
penentu	pen tentu
berdekatan	ber dekat an
bertatap	ber tatap
memukuli	men pukul i
tercengang	ter cengang
perut	perut
menyusahkan	men susah kan
simpan	simpan
bergumul	ber gumul
rekornya	rekor nya
tertidur	ter tidur
geografi	geografi
rekrut	rekrut
produk	produk
dianugerahi	di anugerah i
penanam	pen tanam
membuatkan	men buat kan
menyuruh	men suruh
naturnya	natur nya
postingan	posting an
stratanya	strata nya
pesertanya	peserta nya
diprotes	di protes
cukupi	cukup i
istilahnya	istilah nya
kamarnya	kamar nya
rombongan	rombong an
memacu	men pacu
diplomasi	diplomasi
dituntaskan	di tuntas kan
bacaan	baca an
penindakan	pen tindak an
instan	instan
pemecatan	pen pecat an
tambak	tambak
properti	properti
lebaran	lebar an
selasa	selasa
hidung	hidung
alatnya	alat nya
bobotnya	bobot nya
dikumandangkan	di kumandang kan
pelanggar	pen langgar
dibuat	di buat
terbukti	ter bukti
memenuhi	men penuh i
kantor	kantor
pemekaran	pen mekar an
ragi	ragi
segi	segi
bersertifikat	ber sertifikat
pembunuh	pen bunuh
dimusnahkan	di musnah kan
gelas	gelas
berpesta	ber pesta
menggelora	men gelora
sesaat	se saat
terpahat	ter pahat
berdinas	ber dinas
memproses	men proses
diunggah	di unggah
lanjutannya	lanjut an nya
mayoritas	mayoritas
sentuh	sentuh
rasuli	rasul i
divonis	di vonis
disoroti	di sorot i
sekaleng	se kaleng
penanganan	pen tangan an
mimpi	mimpi
menjadikannya	men jadi kan nya
pastikan	pasti kan
kutuk	kutuk
perempuan	perempuan
penambangan	pen tambang an
diberi	di beri
keterampilan	keterampilan
terkagum	ter kagum
ngerinya	ngeri nya
simpulkan	simpul kan
berkesusahan	ber ke susah an
diakui	di aku i
menyuap	men suap
meletus	men letus
sekutu	sekutu
disingkat	di singkat
memposisikan	men posisi kan
disangkal	di sangkal
beroperasi	ber operasi
es	es
dicuci	di cuci
ayatnya	ayat nya
terimakasih	terimakasih
mencium	men cium
penyehatan	pen sehat an
bukunya	buku nya
pengurutan	pen urut an
terpolusi	ter polusi
mengaktifkan	men aktif kan
menyerang	men serang
nonpeserta	non peserta
sejam	se jam
melaporkan	men lapor kan
menghargai	men harga i
diagunkan	di agun kan
surabaya	surabaya
terdekat	ter dekat
arang	arang
diacuhkan	di acuh kan
menerapkannya	men terap kan nya
brutonya	bruto nya
aborsi	aborsi
berhemat	ber hemat
sepanjang	se panjang
kehadiran	ke hadir an
menghadapi	men hadap i
desentralisasi	desentralisasi
umumkan	umum kan
mencari	men cari
mendalami	men dalam i
terkuras	ter kuras
album	album
biasa	biasa
pembalasan	pen balas an
menusuk	men tusuk
ditekuni	di tekun i
laju	laju
berkecukupan	ber ke cukup an
daratannya	darat an nya
menimbang	men timbang
membelikan	men beli kan
makmur	makmur
unta	unta
ditantang	di tantang
berurutan	ber urut an
menebang	men tebang
terkalahkan	terkalahkan
tanahnya	tanah nya
menganut	men anut
laparnya	lapar nya
kosong	kosong
pelintasan	pen lintas an
mengikutsertakan	men ikutserta kan
menjabat	men jabat
gading	gading
kumpul	kumpul
asalan	asal an
masjid	masjid
seusai	se usai
liat	liat
peristiwa	peristiwa
pengertiannya	pengertian nya
neraka	neraka
semula	se mula
pencucian	pen cuci an
hati	hati
kebal	kebal
membingungkan	men bingung kan
mengancam	men ancam
biologi	biologi
bergantungnya	ber gantung nya
terenggut	ter renggut
kehendaki	kehendak i
pemalsuan	pen palsu an
diproduksi	di produksi
didalam	di dalam
mempersatukan	men satu kan
pasalnya	pasal nya
sabaran	sabar an
lantang	lantang
lapaknya	lapak nya
hambatan	hambat an
bungkusan	bungkus an
himbauan	himbau an
menggelisahkan	men gelisah kan
status	status
dadaku	dada aku
akibat	akibat
diuruskan	di urus kan
desa	desa
babakan	babak an
penerimaannya	pen terima an nya
terpenjara	ter penjara
pemilahan	pen pilah an
menjagamu	men jaga mu
pendamai	pen damai
diberkati	di berkat i
pemogokan	pen mogok an
masanya	masa nya
mengakses	men akses
merpati	merpati
bergulir	ber gulir
penajaman	pen tajam an
memihak	men pihak
dituju	di tuju
sedekah	sedekah
mundur	mundur
cairnya	cair nya
drastis	drastis
ala	ala
bell	bell
fotokopinya	fotokopi nya
mengantisipasi	men antisipasi
terhilang	ter hilang
kabar	kabar
dideklarasikan	di deklarasi kan
kuduskan	kudus kan
memperpendek	men pendek
ketidakwaspadaan	ke tidak waspada an
penyebab	pen sebab
licin	licin
parlemen	parlemen
ibu	ibu
menikah	men nikah
internasional	internasional
berselisih	ber selisih
pemilihan	pen pilih an
menangkal	men tangkal
sampaikan	sampai kan
ditanami	di tanam i
mampukan	mampu kan
balau	balau
bertukar	ber tukar
anjloknya	anjlok nya
sampan	sampan
dilahirkan	di lahir kan
umur	umur
belgia	belgia
alarm	alarm
menyerupai	men serupa i
dijualnya	di jual nya
membelokkan	men belok kan
mengklarifikasi	men klarifikasi
butuhkan	butuh kan
antarlingkungan	antar lingkung an
membendung	men bendung
mendesaknya	men desak nya
flanel	flanel
sebanding	se banding
menyikat	men sikat
perhentian	per henti an
pengaturan	pen atur an
diktenya	dikte nya
bulanannya	bulan an nya
depresi	depresi
berprasangka	ber prasangka
padinya	padi nya
dipenjarakan	di penjara kan
larangan	larang an
pendendam	pen dendam
memantau	men pantau
sungai	sungai
terintegrasi	ter integrasi
diperolehnya	di peroleh nya
semampu	se mampu
menghampiri	men hampiri
gugur	gugur
menanti	menanti
membolehkan	men boleh kan
terpana	terpana
menginterupsi	men interupsi
diasuransikan	di asuransi kan
bawahannya	bawah an nya
meyakinkan	men yakin kan
pertengkaran	per tengkar an
sifat	sifat
bir	bir
melandasi	men landas i
membawa	men bawa
bos	bos
mendokumentasikan	men dokumentasi kan
roh	roh
fleksibel	fleksibel
hasrat	hasrat
dianut	di anut
lusinan	lusin an
relokasi	relokasi
abu	abu
dioptimalkan	di optimal kan
erat	erat
borongan	borong an
percontohan	per contoh an
berkata	ber kata
rintangan	rintang an
terjepit	ter jepit
depannya	depan nya
menular	men tular
terjauh	ter jauh
bergabung	ber gabung
kembali	kembali
menangi	menang i
imunisasi	imunisasi
basah	basah
manis	manis
korban	korban
perbintangan	per bintang an
busuknya	busuk nya
dikhususkan	di khusus kan
diartikan	di arti kan
rute	rute
yahudi	yahudi
batang	batang
provinsinya	provinsi nya
susahnya	susah nya
membagi	men bagi
administrasinya	administrasi nya
kumulatif	kumulatif
riset	riset
solusinya	solusi nya
merumuskannya	men rumus kan nya
kendala	kendala
digadaikan	di gadai kan
antardusun	antar dusun
inginkan	ingin kan
sendirinya	sendiri nya
terserang	ter serang
jadwalnya	jadwal nya
mengizinkannya	men izin kan nya
cocok	cocok
segar	segar
pelaksana	pen laksana
produktifitas	produktifitas
pelan	pelan
penegak	pen tegak
sebarannya	sebar an nya
berkilau	ber kilau
kirinya	kiri nya
tungkunya	tungku nya
langgengnya	langgeng nya
ditularkan	di tular kan
minum	minum
mempertajam	men tajam
selandia	selandia
undi	undi
searah	se arah
antarwilayah	antar wilayah
kepalaku	kepala aku
rusaknya	rusak nya
akurasinya	akurasi nya
melewatkan	men lewat kan
argumentasi	argumentasi
diutarakan	di utara kan
pengangkat	pen angkat
pengumuman	pen umum an
diujicobakan	di ujicoba kan
lahirnya	lahir nya
dikendarainya	di kendara i nya
terurai	ter urai
mendekatkan	men dekat kan
menggema	men gema
meneguhkan	men teguh kan
terkenang	ter kenang
mobil	mobil
dipungut	di pungut
mengagumkan	men kagum kan
lubang	lubang
dibantu	di bantu
pasta	pasta
penyucian	pen suci an
banyaknya	banyak nya
dikompensasikan	di kompensasi kan
reformis	reformis
kaya	kaya
profesionalnya	profesional nya
bersabda	ber sabda
plastiknya	plastik nya
seleksi	seleksi
penggunaan	pen guna an
melayang	men layang
ukurannya	ukur an nya
tertua	ter tua
perannya	peran nya
menyelamatkan	men selamat kan
alkohol	alkohol
dipercayai	di percaya i
ukiran	ukir an
dasarnya	dasar nya
beranak	ber anak
periksa	periksa
berpacaran	ber pacar an
terlindungi	ter lindung i
lereng	lereng
mengkombinasikan	men kombinasi kan
melalui	men lalu i
senin	senin
tangis	tangis
cepatnya	cepat nya
melaluinya	men lalu i nya
polanya	pola nya
sumberdaya	sumberdaya
dikuburkan	di kubur kan
dicerai	di cerai
tuamu	tua mu
diidentifikasi	di identifikasi
truk	truk
ditagih	di tagih
terhampar	ter hampar
penyelang	pen selang
langkanya	langka nya
mempermasalahkannya	men masalah kan nya
dikesampingkan	di kesamping kan
antarpemilik	antar pen milik
berdampaknya	ber dampak nya
menggigitnya	men gigit nya
berkumpul	ber kumpul
keluarkan	keluar kan
kapasitas	kapasitas
disebar	di sebar
diinformasikan	di informasi kan
bergereja	ber gereja
diteladani	di teladan i
terukur	ter ukur
bermula	ber mula
dinikahinya	di nikah i nya
mulia	mulia
berseru	ber seru
permasalahannya	per masalah an nya
gantung	gantung
taruhan	taruh an
berpotensial	ber potensial
pemanis	pen manis
pribadi	pribadi
dilampiri	di lampir i
kutuju	ku tuju
pengupahan	pen upah an
menyeimbangkan	men seimbang kan
tabah	tabah
pemberitahuannya	pen beritahu an nya
menerkam	men terkam
diwujudkan	di wujud kan
percakapan	per cakap an
secepatnya	se cepat nya
ham	ham
penghalang	pen halang
muridnya	murid nya
bersama	ber sama
goreng	goreng
sembuh	sembuh
bibirnya	bibir nya
bruto	bruto
timbul	timbul
didapatkannya	di dapat kan nya
mimpinya	mimpi nya
menggandakan	men ganda kan
lulusan	lulus an
diketuai	di ketua i
bertani	ber tani
pelebaran	pen lebar an
berdurasi	ber durasi
pemandangannya	pen pandang an nya
gampang	gampang
pemanfaatannya	pen manfaat an nya
kategori	kategori
tertulis	ter tulis
dokumenter	dokumenter
menyuntikkan	men suntik kan
dioperasikan	di operasi kan
liberal	liberal
pengalokasian	pen alokasi an
jemu	jemu
dilelang	di lelang
sesali	sesal i
teori	teori
wawasan	wawasan
kitabnya	kitab nya
jurnalnya	jurnal nya
gedung	gedung
didiagnosis	di diagnosis
pahamnya	paham nya
mengintimidasi	men intimidasi
samping	samping
galak	galak
pengertian	pengertian
diindonesiakan	di indonesia kan
prakarsa	prakarsa
mendinginkan	men dingin kan
rokok	rokok
ketidaktaatan	ke tidak taat an
bersedia	ber sedia
beribadah	ber ibadah
tuli	tuli
berkeyakinan	ber ke yakin an
yakinkan	yakin kan
pengurusnya	pen urus nya
mempercayainya	men percaya i nya
penjabaran	pen jabar an
hafalan	hafal an
relevan	relevan
nampak	nampak
kristal	kristal
perjumpaan	per jumpa an
kertasnya	kertas nya
masukan	masuk an
olahannya	olah an nya
serigala	serigala
diselenggarakan	di selenggara kan
tangkap	tangkap
disiasati	di siasat i
berunding	ber runding
menang	menang
menegarkan	men tegar kan
pembuka	pen buka
prosesnya	proses nya
bola	bola
mengelompokkannya	men kelompok kan nya
berjabat	ber jabat
pelunak	pen lunak
ishak	ishak
harian	hari an
menghambat	men hambat
antargenerasi	antar generasi
menyepelekan	men sepele kan
smp	smp
rehabilitasinya	rehabilitasi nya
membosankan	men bosan kan
ilahinya	ilahi nya
pencuri	pen curi
kegemaran	ke gemar an
premi	premi
buku	buku
terberat	ter berat
mencemaskan	men cemas kan
solidaritas	solidaritas
wirausaha	wirausaha
cangkang	cangkang
orangtua	orangtua
dipelajarinya	di pelajar i nya
disebabkan	di sebab kan
pembimbingan	pen bimbing an
mencantumkan	men cantum kan
penipuan	pen tipu an
wibawa	wibawa
kupon	kupon
sediakan	sedia kan
arisan	arisan
mengaktifkannya	men aktif kan nya
karyawannya	karya wan nya
berkabung	berkabung
spesialis	spesialis
lucunya	lucu nya
aparatnya	aparat nya
pemberdayaannya	pemberdayaan nya
palsu	palsu
keluarnya	keluar nya
mengandalkan	men andal kan
digalakkan	di galak kan
membagikannya	men bagi kan nya
sistem	sistem
aktifnya	aktif nya
terselip	ter selip
ditanyakan	di tanya kan
piranti	piranti
jalinan	jalin an
mempublikasikan	men publikasi kan
berterima	ber terima
ganti	ganti
dipanggil	di panggil
membayarnya	men bayar nya
gagang	gagang
berkuda	ber kuda
barisan	baris an
as	as
dihalangi	di halang i
kental	kental
pengering	pen kering
usahanya	usaha nya
amanat	amanat
perakitan	pen rakit an
terbelenggu	ter belenggu
jangkauannya	jangkau an nya
mental	mental
september	september
petinju	pen tinju
tamu	tamu
pengemudi	pen kemudi
seiman	se iman
wawasannya	wawasan nya
perundingan	pen runding an
merekomendasikan	men rekomendasi kan
penganggur	pen anggur
mempelajari	men pelajar i
norma	norma
sukacitaku	sukacita aku
menerima	men terima
punglinya	pungli nya
pembuat	pen buat
adil	adil
terpendam	ter pendam
mengasihiku	men kasih i ku
sanggup	sanggup
populasinya	populasi nya
belakang	belakang
pendahuluan	pendahulu an
pengikut	pen ikut
dipulau	di pulau
sahabatku	sahabat ku
bertekuk	ber tekuk
kemajuan	ke maju an
kupasang	ku pasang
genangan	genang an
murahnya	murah nya
karun	karun
penghulu	pen hulu
urusanku	urus an ku
tata	tata
panjang	panjang
tindakan	tindak an
pejabatnya	pejabat nya
terencana	ter rencana
seni	seni
peranannya	peran an nya
pengangkatannya	pen angkat an nya
semasa	se masa
termiskin	ter miskin
anggapan	anggap an
sampul	sampul
kios	kios
digandakan	di ganda kan
mendukakan	men duka kan
penyembah	pen sembah
beririgasi	ber irigasi
menyegarkan	men segar kan
irak	irak
pelanggarannya	pen langgar an nya
dasar	dasar
mempercayai	men percaya i
sel	sel
anggotanya	anggota nya
kebutuhanmu	ke butuh an mu
kelam	kelam
meremajakannya	men remaja kan nya
propinsi	propinsi
mewujudkannya	men wujud kan nya
teknisnya	teknis nya
melangsungkan	men langsung kan
pelajarannya	pelajar an nya
tuntas	tuntas
ketidaksetujuan	ke tidak setuju an
ditukar	di tukar
terluas	ter luas
februari	februari
kutinggalkan	ku tinggal kan
bersekutu	ber sekutu
penerapan	pen terap an
suram	suram
besok	besok
peliharaannya	pelihara an nya
pandangnya	pandang nya
membedah	men bedah
pagi	pagi
modal	modal
menduplikasi	men duplikasi
mengosongkannya	men kosong kan nya
pengecualian	pengecualian
pendahulunya	pendahulu nya
daratnya	darat nya
kupikir	ku pikir
diukir	di ukir
pipa	pipa
kriterianya	kriteria nya
melawannya	men lawan nya
tombol	tombol
kerabat	kerabat
cucu	cucu
dinyatakannya	di nyata kan nya
mengintervensi	men intervensi
perhimpunan	per himpun an
navigasi	navigasi
respons	respons
penembakan	pen tembak an
goyang	goyang
1970an	1970 an
antarkabupaten	antar kabupaten
disamai	di sama i
sepoi	sepoi
melatih	men latih
beku	beku
tembakau	tembakau
ular	ular
triwulanannya	triwulan an nya
tercemarnya	ter cemar nya
terdapat	ter dapat
mengajarkannya	men ajar kan nya
penyesuaian	pen sesuai an
pengaruh	pengaruh
tersita	ter sita
beritakan	berita kan
merapikan	men rapi kan
perjuangannya	per juang an nya
akademi	akademi
petani	petani
perusahaan	per usaha an
menjelajahi	men jelajah i
teknologi	teknologi
targetnya	target nya
kompleksnya	kompleks nya
dikepung	di kepung
perabot	perabot
penebus	pen tebus
masehi	masehi
mikrofon	mikrofon
perkawinan	per kawin an
jungkir	jungkir
lurahnya	lurah nya
miskin	miskin
latarbelakang	latarbelakang
administrasi	administrasi
perencana	pen rencana
didiagnosa	di diagnosa
pengajarnya	pen ajar nya
pencairan	pen cair an
cerminkan	cermin kan
penjelajah	pen jelajah
islam	islam
perkebunan	per kebun an
belanjakan	belanja kan
manajerial	manajerial
handuk	handuk
terkhusus	ter khusus
namanya	nama nya
pemaksaan	pen paksa an
sisanya	sisa nya
seintensif	se intensif
detak	detak
debitur	debitur
warisnya	waris nya
menempel	men tempel
bicara	bicara
disampaikannya	di sampai kan nya
dibersihkan	di bersih kan
pemeluk	pen peluk
tulang	tulang
mengalah	men kalah
persebaran	per sebar an
membikin	men bikin
andil	andil
kepala	kepala
berpartisipasi	ber partisipasi
bisikan	bisik an
empuk	empuk
perusahaannya	per usaha an nya
bayi	bayi
semangnya	semang nya
disambut	di sambut
pintar	pintar
berlindung	ber lindung
tambaknya	tambak nya
kelanjutannya	ke lanjut an nya
pikiranmu	pikir an mu
eksekutif	eksekutif
antarkelompok	antar kelompok
pertempuran	per tempur an
umum	umum
dilaksanakan	di laksana kan
kompas	kompas
gali	gali
persis	persis
percayakan	percaya kan
bentuknya	bentuk nya
kebun	kebun
memodifikasi	men modifikasi
lelakinya	lelaki nya
rumahnya	rumah nya
menganggap	men anggap
ceritakan	cerita kan
melemparinya	men lempar i nya
antarwarga	antar warga
tawanan	tawan an
mengakumulasi	men akumulasi
turunnya	turun nya
rangkap	rangkap
berusia	ber usia
jahe	jahe
lokasinya	lokasi nya
penitipan	pen titip an
nikel	nikel
menanggulangi	men tanggulang i
melintas	men lintas
terbentur	ter bentur
awal	awal
memberitahuku	men beritahu ku
penjual	pen jual
mencondongkan	men condong kan
alkitabnya	alkitab nya
donasi	donasi
ditetapkan	di tetap kan
roti	roti
mengabaikan	men abai kan
melemparkan	men lempar kan
tertolak	ter tolak
terdukung	ter dukung
diseimbangkan	di seimbang kan
dikecewakan	di kecewa kan
pertandingannya	per tanding an nya
siap	siap
terobosan	terobos an
ajarkan	ajar kan
ketidakpahaman	ke tidak paham an
sejauh	se jauh
ditendang	di tendang
menjala	men jala
menandaskan	men tandas kan
usulannya	usul an nya
dana	dana
responden	responden
memahaminya	men paham i nya
pergiliran	per gilir an
bervariasi	ber variasi
komitmennya	komitmen nya
terformulasi	ter formulasi
suasana	suasana
lapangan	lapang an
relaksasi	relaksasi
prinsipnya	prinsip nya
ditujukan	di tuju kan
dilema	dilema
restorasi	restorasi
siang	siang
mengabdi	men abdi
definisinya	definisi nya
kasih	kasih
dipelajari	di pelajar i
mengiring	men iring
listrik	listrik
mempertahankan	men tahan kan
berpenampilan	ber pen tampil an
tahan	tahan
terganggu	ter ganggu
diklasifikasikan	di klasifikasi kan
laptop	laptop
berotak	ber otak
persendian	per sendi an
pengecualiannya	pengecualian nya
mengesahkan	men sah kan
berproduksi	ber produksi
setimpal	setimpal
kandangnya	kandang nya
terprogram	ter program
dibentuknya	di bentuk nya
persen	persen
dibiasakan	di biasa kan
aktivitasnya	aktivitas nya
lazim	lazim
terkonsolidasi	ter konsolidasi
tereliminasi	ter eliminasi
tubuh	tubuh
pencacahan	pen cacah an
dimasukkan	di masuk kan
cipta	cipta
memvonis	men vonis
terpencil	terpencil
grup	grup
gabus	gabus
digendong	di gendong
bernapas	ber napas
mentransfer	men transfer
ditempuh	di tempuh
andal	andal
pesan	pesan
perkataanku	per kata an ku
menelan	men telan
diklasifikasi	di klasifikasi
disaksikan	di saksi kan
mendakwa	men dakwa
dibangkitkan	di bangkit kan
pasukannya	pasukan nya
mencapai	men capai
konkrit	konkrit
kerabatnya	kerabat nya
hinaan	hina an
antarnegara	antar negara
birokrasi	birokrasi
tuanku	tuan ku
diulas	di ulas
menyingkapkan	men singkap kan
pemangkasan	pen pangkas an
berlumur	ber lumur
dikonsentrasikan	di konsentrasi kan
penyitaan	pen sita an
biologis	biologis
melingkupi	men lingkup i
kompetisi	kompetisi
denyut	denyut
menggolkan	men gol kan
ketinggalan	ke tinggal an
diluputkan	di luput kan
otonomi	otonomi
latihannya	latih an nya
membersihkan	men bersih kan
dikhotbahkan	di khotbah kan
menguap	men uap
pertenunan	per tenun an
ubi	ubi
sungkan	sungkan
mendamaikan	men damai kan
pemerintah	pen perintah
diredam	di redam
lancar	lancar
diprioritaskan	di prioritas kan
mengalokasi	men alokasi
review	review
cepat	cepat
kemarin	kemarin
tetangga	tetangga
pengganti	pen ganti
imunisasinya	imunisasi nya
dibangunnya	di bangun nya
opsi	opsi
mahabintangnya	mahabintang nya
perwujudan	per wujud an
berdebar	ber debar
dihadapi	di hadap i
mencair	men cair
gitar	gitar
dijawab	di jawab
bisbol	bisbol
mencanangkan	men canang kan
sebetulnya	se betul nya
atap	atap
jabodetabek	jabodetabek
muka	muka
bodoh	bodoh
tutur	tutur
melukai	men luka i
capaian	capai an
cuaca	cuaca
menggandeng	men gandeng
pekerjaannya	pekerja an nya
tongkat	tongkat
mendaftarkan	men daftar kan
antarruangan	antar ruang an
sumberdayanya	sumberdaya nya
material	material
teroris	teroris
didelegasikan	di delegasi kan
lambannya	lamban nya
aula	aula
liputan	liput an
tersulit	ter sulit
pentingnya	penting nya
cacat	cacat
berkelimpahan	ber ke limpah an
bajak	bajak
ketidakpastian	ke tidak pasti an
antarjenjang	antar jenjang
jumat	jumat
menuduh	men tuduh
suratnya	surat nya
pencukur	pen cukur
mencekik	men cekik
besi	besi
mengalahkan	men kalah kan
diemban	di emban
jangkauan	jangkau an
antargereja	antar gereja
hartanya	harta nya
bibinya	bibi nya
penyemprotan	pen semprot an
peternakannya	peternakan nya
memikat	men pikat
rupa	rupa
menakjubkan	men takjub kan
antarguru	antar guru
luwes	luwes
tersebut	ter sebut
keraskan	keras kan
termin	ter min
diverifikasinya	di verifikasi nya
mengelilinginya	men keliling i nya
sesamamu	se sama mu
menyatakan	men nyata kan
menengah	men tengah
dihentikan	di henti kan
dipersatukan	di per satu kan
konvoi	konvoi
sejahtera	sejahtera
terakhirnya	ter akhir nya
liar	liar
difokuskan	di fokus kan
antusiasmenya	antusiasme nya
debu	debu
situasi	situasi
bermutu	ber mutu
negaranya	negara nya
sahabatnya	sahabat nya
pemberian	pen beri an
manusianya	manusia nya
sengsara	sengsara
sawit	sawit
mencabuti	men cabut i
berupaya	ber upaya
memungut	men pungut
pembelajaran	pen belajar an
menolaknya	men tolak nya
layanannya	layan an nya
studinya	studi nya
mensahkan	men sah kan
beraneka	ber aneka
pakan	pakan
validasi	validasi
beasiswa	beasiswa
dikendalikan	di kendali kan
purnama	purnama
tembus	tembus
panggilan	panggil an
janda	janda
berpenghasilan	ber pen hasil an
ditiru	di tiru
bertuliskan	ber tulis kan
allahnya	allah nya
bermanfaat	ber manfaat
mesin	mesin
kusut	kusut
semisal	se misal
lebih	lebih
profesionalisme	profesionalisme
desain	desain
fluktuasi	fluktuasi
terpesona	ter pesona
identik	identik
kondisi	kondisi
menggantinya	men ganti nya
takaran	takar an
komentar	komentar
ditembuskan	di tembus kan
waktu	waktu
tertata	ter tata
kuterima	ku terima
tonton	tonton
dituntut	di tuntut
mengakhirinya	men akhir i nya
kering	kering
memperpanjang	men panjang
menunggang	men tunggang
persekutuan	per sekutu an
memperkecil	men kecil
tebalnya	tebal nya
dihapuskan	di hapus kan
mendetil	men detil
hiasan	hias an
dihormati	di hormat i
memutar	men putar
pertambangan	per tambang an
substansinya	substansi nya
diantar	di antar
dataran	datar an
jenewa	jenewa
menginvestasikannya	men investasi kan nya
revisi	revisi
selengkap	se lengkap
dipatok	di patok
terkemuka	ter kemuka
bermusyawarah	ber musyawarah
gejala	gejala
rontokan	rontok an
serok	se rok
bantahan	bantah an
melunasi	men lunas i
menunjuknya	men tunjuk nya
institusinya	institusi nya
karib	karib
akibatkan	akibat kan
kedengaran	ke dengar an
rambutnya	rambut nya
penggandaan	pen ganda an
mengapit	men apit
catatannya	catat an nya
antarsektor	antar sektor
ditampung	di tampung
luas	luas
kampung	kampung
populer	populer
diterima	di terima
teraman	ter aman
menyisihkan	men sisih kan
kalanya	kala nya
pemanjaan	pen manja an
menempatkannya	men tempat kan nya
penakluk	pen takluk
automotif	automotif
memanen	men panen
makamnya	makam nya
penyebarannya	pen sebar an nya
selisih	selisih
menjatahkan	men jatah kan
memasukkannya	men masuk kan nya
united	united
bantal	bantal
sirip	sirip
bagiannya	bagi an nya
kliping	kliping
surat	surat
adanya	ada nya
pembantuan	pen bantu an
tertabrak	ter tabrak
ikannya	ikan nya
gila	gila
dagangannya	dagang an nya
skandal	skandal
akuntabilitas	akuntabilitas
menempelkan	men tempel kan
memamerkannya	men pamer kan nya
penyebarluasan	pen sebarluas an
penanya	pen tanya
perkataanmu	per kata an mu
menit	menit
jagung	jagung
menyepakati	men sepakat i
pemahaman	pen paham an
metrik	metrik
membencinya	men benci nya
juara	juara
serbuan	serbu an
muliakan	mulia kan
dihuni	di huni
poster	poster
proteksi	proteksi
amati	amati
berdamai	ber damai
implikasi	implikasi
unit	unit
menggetarkan	men getar kan
mengenakan	men kena kan
menanggung	men tanggung
kenang	kenang
penekanannya	pen tekan an nya
kedelai	kedelai
pengobatannya	pen obat an nya
menggulirkan	men gulir kan
terjamin	ter jamin
tagihan	tagih an
jahitan	jahit an
kuno	kuno
solo	solo
peminjamannya	pen pinjam an nya
sebagian	sebagian
gabungan	gabung an
esa	esa
eksploitasi	eksploitasi
santri	santri
pendamping	pen damping
asalkan	asal kan
pembebanan	pen beban an
palang	palang
beranggapan	ber anggap an
dikompilasi	di kompilasi
penggembalaan	pen gembala an
surga	surga
edisi	edisi
dinyatakan	di nyata kan
bait	bait
pertumbuhannya	per tumbuh an nya
diberitakan	di berita kan
tanyakan	tanya kan
digali	di gali
berkarya	ber karya
melangkahi	men langkah i
ilmu	ilmu
dikenalnya	di kenal nya
komando	komando
pikir	pikir
momen	momen
pedesaan	pedesaan
diblokir	di blokir
permintaan	per minta an
penggelapan	pen gelap an
rahasia	rahasia
dikurangi	di kurang i
pemenuhannya	pen penuh an nya
motivasi	motivasi
dijadikan	di jadi kan
sekurangnya	se kurang nya
jijik	jijik
aneh	aneh
komposisi	komposisi
tragis	tragis
sewajarnya	se wajar nya
akurat	akurat
mengisolasi	men isolasi
dituduh	di tuduh
penyamaran	pen samar an
efisien	efisien
klaim	klaim
akut	akut
nonmakanan	non makan an
kedengarannya	ke dengar an nya
persneling	persneling
imbangannya	imbang an nya
pengasapan	pen asap an
petinggi	petinggi
terpintar	ter pintar
sendirian	sendiri an
pemerintahnya	pen perintah nya
diadakan	di ada kan
diskon	diskon
pembukuan	pen buku an
berkarakteristik	ber karakteristik
susah	susah
sesi	sesi
kawan	kawan
terdepan	ter depan
perkara	perkara
gugus	gugus
disatukan	di satu kan
peta	peta
langkahnya	langkah nya
penetapan	pen tetap an
traktor	traktor
memanfaatkannya	men manfaat kan nya
mengaruniakan	men karunia kan
email	email
1950an	1950 an
diluruskan	di lurus kan
mengikut	men ikut
kedudukannya	ke duduk an nya
disidangkan	di sidang kan
menggapai	men gapai
penyusunannya	pen susun an nya
akuntabilitasnya	akuntabilitas nya
sepesawat	se pesawat
sidang	sidang
penghentian	pen henti an
silahkan	silahkan
lini	lini
penabung	pen tabung
sampahnya	sampah nya
alih	alih
diminum	di minum
diidentifikasikan	di identifikasi kan
berbeda	ber beda
permasalahan	per masalah an
hartamu	harta mu
restoran	restoran
meraih	men raih
degradasi	degradasi
menyamar	men samar
resolusi	resolusi
rumitnya	rumit nya
pemutar	pen putar
penanganannya	pen tangan an nya
sumatera	sumatera
mengarahkan	men arah kan
makhluk	makhluk
pagar	pagar
terpikirkan	ter pikir kan
balok	balok
suami	suami
membalas	men balas
diperkenalkannya	di per kenal kan nya
serumah	se rumah
ditinggalkan	di tinggal kan
beragama	ber agama
menyayangkan	men sayang kan
dikerjasamakan	di kerjasama kan
medali	medali
musuh	musuh
ganjil	ganjil
antartingkat	antar tingkat
dirampok	di rampok
gugup	gugup
penyederhanaan	pen sederhana an
menjalin	men jalin
membelanjakannya	men belanja kan nya
mendistribusi	men distribusi
dibiarkan	di biar kan
bayangkan	bayang kan
sederhanakan	sederhana kan
listriknya	listrik nya
mencatat	men catat
dihubungi	di hubung i
radius	radius
berkeluh	ber keluh
halnya	hal nya
memanjatkan	men panjat kan
terikat	ter ikat
membatasi	men batas i
terbenam	ter benam
perikanannya	per ikan an nya
bersemayam	ber semayam
tepukan	tepuk an
suaraku	suara aku
ban	ban
berkarier	ber karier
danau	danau
kuat	kuat
bertanya	ber tanya
digigit	di gigit
tawa	tawa
pemajuan	pen maju an
menginstruksikan	men instruksi kan
memainkan	men main kan
termuda	ter muda
berobatnya	ber obat nya
merekam	men rekam
menyangkanya	men sangka nya
diperparah	di per parah
terpandang	ter pandang
perbankan	per bank an
cermat	cermat
sebisa	se bisa
dipersembahkan	di per sembah kan
tetangganya	tetangga nya
izinnya	izin nya
tokoh	tokoh
meneg	meneg
bersantap	ber santap
pencobaan	pen coba an
menerbitkan	men terbit kan
opini	opini
terbaca	ter baca
selektifnya	selektif nya
raga	raga
hadapanku	hadap an ku
mencocokkan	men cocok kan
berbentuk	ber bentuk
terancam	ter ancam
anak	anak
merapi	men rapi
polandia	polandia
gumuli	gumul i
ajaranmu	ajar an mu
membuka	men buka
tunggal	tunggal
menghitungnya	men hitung nya
narkoba	narkoba
format	format
berbalik	ber balik
patroli	patroli
papan	papan
acak	acak
jelas	jelas
membanting	men banting
terpilihnya	ter pilih nya
baiknya	baik nya
fragmen	fragmen
berkontribusi	ber kontribusi
celaka	celaka
bertekad	ber tekad
skenario	skenario
penyelamat	pen selamat
jurnal	jurnal
pernapasan	per napas an
dipertanyakan	di per tanya kan
sempitnya	sempit nya
diingat	di ingat
jatah	jatah
berpegangan	ber pegang an
asisten	asisten
otoriter	otoriter
menampilkan	men tampil kan
karibia	karibia
terhindar	ter hindar
mendirikan	men diri kan
memisahkannya	men pisah kan nya
tunduk	tunduk
pengungsian	pen ungsi an
pembentukan	pen bentuk an
berlipat	ber lipat
tambahannya	tambah an nya
dikeluarkannya	di keluar kan nya
kabinet	kabinet
dinginnya	dingin nya
mendefinisikan	men definisi kan
pembukaan	pen buka an
ditempeli	di tempel i
berkampanye	ber kampanye
pembenahan	pen benah an
merumput	men rumput
pengenal	pen kenal
dikembalikan	di kembali kan
berkewajiban	ber ke wajib an
seksi	seks i
meminjamnya	men pinjam nya
memudarkan	men pudar kan
disediakan	di sedia kan
selusin	se lusin
termotivasi	ter motivasi
perpipaan	per pipa an
bahan	bah an
ibuku	ibu ku
melembaga	men lembaga
tersayat	ter sayat
pertobatannya	per tobat an nya
minggu	minggu
mengefisienkan	men efisien kan
taninya	tani nya
prasarananya	prasarana nya
mencirikan	men ciri kan
konstituen	konstituen
sini	sini
karyawan	karya wan
menyangkut	men sangkut
nasib	nasib
membutuhkan	men butuh kan
penilik	pen tilik
terakreditasi	ter akreditasi
menelepon	men telepon
tempati	tempat i
corak	corak
unjuk	unjuk
setahun	se tahun
lega	lega
menjaminkan	men jamin kan
memusyawarahkannya	men musyawarah kan nya
dikoordinasi	di koordinasi
pengaturnya	pen atur nya
menyeberangi	men seberang i
modifikasi	modifikasi
barangsiapa	barangsiapa
didedikasikan	di dedikasi kan
campur	campur
meninjau	men tinjau
kritik	kritik
dikutip	di kutip
mendaratkan	men darat kan
merombak	men rombak
pengepungan	pen kepung an
murni	murni
penunggak	pen tunggak
investor	investor
munculnya	muncul nya
urbanisasi	urbanisasi
lestari	lestari
kesal	kesal
dimobilisasi	di mobilisasi
pemainnya	pen main nya
menyenangkan	men senang kan
mengepalai	men kepala i
keluarga	keluarga
penelitiannya	pen teliti an nya
turunannya	turun an nya
diapit	di apit
ayam	ayam
minimalnya	minimal nya
nonpemerintah	non pen perintah
kepunyaan	ke punya an
ditjen	ditjen
berbisik	ber bisik
manajemen	manajemen
kisaran	kisar an
sebulan	se bulan
mengunjungi	men kunjung i
penjualan	pen jual an
gulat	gulat
terpaut	ter paut
menggadai	men gadai
diterjemahkan	di terjemah kan
dicerminkan	di cermin kan
dominan	dominan
kuatirmu	kuatir mu
tenggang	tenggang
disingkapkan	di singkap kan
hakekatnya	hakekat nya
aksesnya	akses nya
kandungmu	kandung mu
tubuhmu	tubuh mu
mendebarkan	men debar kan
berlangsungnya	ber langsung nya
dipenuhi	di penuh i
pendefinisian	pen definisi an
memudar	men pudar
proteinnya	protein nya
cadangan	cadang an
mengganggu	men ganggu
bersiap	ber siap
dipraktikkan	di praktik kan
kapital	kapital
putrinya	putri nya
pasarnya	pasar nya
dakwaan	dakwa an
mentargetkan	men target kan
mandiri	mandiri
dijadikannya	di jadi kan nya
tepian	tepi an
setingkat	se tingkat
emas	emas
otomatis	otomatis
pemberiannya	pen beri an nya
bandara	bandara
disingkirkan	di singkir kan
perlintasan	per lintas an
dibuktikan	di bukti kan
kritikus	kritikus
disodorkan	di sodor kan
mengingatnya	men ingat nya
pidatonya	pidato nya
digital	digital
berdetak	ber detak
awan	awan
ekor	ekor
ditepatinya	di tepat i nya
berkompeten	ber kompeten
mementingkan	men penting kan
mengontrakkan	men kontrak kan
gigi	gigi
dukungan	dukung an
terkorup	ter korup
mendatangi	men datang i
mengeruk	men keruk
perumpamaannya	per umpama an nya
girang	girang
muluk	muluk
membebaskan	men bebas kan
menghakimi	men hakim i
tersegmentasi	ter segmentasi
amoral	amoral
pengrusakan	pen rusak an
pernafasan	per nafas an
penataan	pen tata an
pengenalan	pen kenal an
rutinitasnya	rutinitas nya
ditimpakan	di timpa kan
menyamai	men sama i
mengirim	men kirim
menggelapkan	men gelap kan
berotoritas	ber otoritas
perpisahan	per pisah an
memutuskan	men putus kan
seusia	se usia
demonstran	demonstran
memperbarui	men baru i
perilaku	perilaku
sekeluarga	se keluarga
kafir	kafir
mangkuk	mangkuk
ruh	ruh
berpihak	ber pihak
mengikat	men ikat
terjaminnya	ter jamin nya
menyemangati	men semangat i
diikat	di ikat
berlantai	ber lantai
atlet	atlet
penentuannya	pen tentu an nya
ketidakjujuran	ke tidak jujur an
terhisap	ter hisap
asalnya	asal nya
tantangannya	tantang an nya
pengembaraan	pen kembara an
aktris	aktris
hatiku	hati ku
tanaman	tanam an
penularan	pen tular an
mentri	mentri
menabrakkannya	men tabrak kan nya
direnovasi	di renovasi
memperkokoh	men kokoh
semburan	sembur an
penghinaan	pen hina an
menyusu	men susu
leher	leher
digeluti	di gelut i
rambutku	rambut ku
dicarikan	di cari kan
pemberkasan	pen berkas an
tersedot	ter sedot
ketidakefektifan	ke tidak efektif an
terpuruknya	ter puruk nya
penjelasan	pen jelas an
kritikan	kritik an
turki	turki
penyelenggaraan	pen selenggara an
puskesmasnya	puskesmas nya
rancu	rancu
cukurnya	cukur nya
negatifnya	negatif nya
mengkredit	men kredit
antarlembaga	antar lembaga
memperdalam	men dalam
mencemarkan	men cemar kan
penerimaan	pen terima an
jiwa	jiwa
optimalnya	optimal nya
kelas	kelas
rutinitas	rutinitas
menyediakan	men sedia kan
ditekuninya	di tekun i nya
menghafalkan	men hafal kan
mengurus	men urus
menebus	men tebus
muram	muram
pasangan	pasang an
mengaliri	men alir i
bedah	bedah
kereta	kereta
terlarut	ter larut
fasilitatornya	fasilitator nya
maraknya	marak nya
disimpan	di simpan
lahan	lahan
didasarkan	di dasar kan
terampuh	ter ampuh
geram	geram
yupiter	yupiter
bilik	bilik
memperlengkapi	men lengkap i
menganyam	men anyam
menyanggah	men sanggah
sikapnya	sikap nya
diwarnai	di warna i
olimpiade	olimpiade
materi	materi
triwulanan	triwulan an
suntikan	suntik an
kanannya	kanan nya
figur	figur
berdatangan	ber datang an
figurnya	figur nya
daur	daur
melamar	men lamar
fosil	fosil
dimotori	di motor i
isak	isak
tersinggung	ter singgung
melimpahnya	men limpah nya
penerjemahan	pen terjemah an
tebal	tebal
kutempatkan	ku tempat kan
strukturnya	struktur nya
terkoordinasi	ter koordinasi
berasal	ber asal
diperkenankan	di per kenan kan
dilantunkan	di lantun kan
sd	sd
bergelantungan	ber gelantung an
penyedia	pen sedia
bantalan	bantal an
sebutan	sebut an
periang	pen riang
guntingan	gunting an
penindasan	pen tindas an
berkuasa	ber kuasa
motor	motor
berbau	ber bau
mertua	mertua
pembatalan	pen batal an
jeda	jeda
koordinasinya	koordinasi nya
logika	logika
mengajak	men ajak
penargetannya	pen target an nya
mengganti	men ganti
miliknya	milik nya
merayakan	men raya kan
mapannya	mapan nya
perimbangan	per imbang an
basis	basis
berpikir	ber pikir
membangkitkanku	men bangkit kan ku
sebaiknya	se baik nya
penyeragaman	pen seragam an
jenjang	jenjang
diperhitungkan	di per hitung kan
penyerapan	pen serap an
penerbangannya	pen terbang an nya
kiriman	kirim an
batal	batal
sarana	sarana
bercanda	ber canda
jaga	jaga
direkapitulasi	di rekapitulasi
terungkap	ter ungkap
bayangannya	bayang an nya
berhubungan	ber hubung an
mendokumentasi	men dokumentasi
bajakan	bajak an
diperluas	di per luas
kelamin	kelamin
pengucapan	pen ucap an
firaun	firaun
diembannya	di emban nya
akhirat	akhirat
memfoto	men foto
mencampur	men campur
asuhan	asuh an
menggagalkan	men gagal kan
hotel	hotel
peraga	pen raga
ketetapan	ke tetap an
kemunculannya	ke muncul an nya
sumbangan	sumbang an
menelusuri	men telusuri
pemenuhan	pen penuh an
berburu	ber buru
pintu	pintu
kecaman	kecam an
cucunya	cucu nya
menyusul	men susul
dihafalkan	di hafal kan
pendesentralisasian	pen desentralisasi an
penggantiannya	pen ganti an nya
keterlibatan	ke terlibat an
memproteksi	men proteksi
diakomodasikan	di akomodasi kan
belakangku	belakang ku
pandang	pandang
ikat	ikat
didirikan	di diri kan
alternatifnya	alternatif nya
jaman	jam an
nonteknis	nonteknis
pendataan	pen data an
bangsa	bangsa
utusan	utus an
otaknya	otak nya
sangkut	sangkut
stagnan	stagnan
menghibur	men hibur
otak	otak
variasi	variasi
pengadilan	pen adil an
terdampak	ter dampak
minta	minta
dibunuh	di bunuh
usulan	usul an
doakan	doa kan
perkuliahan	per kuliah an
invasi	invasi
keping	keping
kanker	kanker
kamp	kamp
memberitakan	men berita kan
bergantian	ber ganti an
kejutan	kejut an
kawal	kawal
tindakannya	tindak an nya
ciptaan	cipta an
letak	letak
menggeluti	men gelut i
berbenturan	ber bentur an
konfirmasi	konfirmasi
dipacu	di pacu
diinvestasikan	di investasi kan
lambat	lambat
tukang	tukang
memperberat	men berat
digodok	di godok
penjamuran	pen jamur an
susunan	susun an
santapan	santap an
ekstrim	ekstrim
sesamaku	se sama aku
pencacah	pen cacah
memucat	men pucat
komputerisasi	komputerisasi
peninjau	pen tinjau
dipertahankan	di per tahan kan
hadirnya	hadir nya
tamak	tamak
naiknya	naik nya
server	server
diperebutkan	di per rebut kan
khasiatnya	khasiat nya
didampingi	di damping i
condong	condong
berkeberatan	ber ke berat an
jembatan	jembatan
dihilangkan	di hilang kan
berjubahkan	ber jubah kan
mengendalikan	men kendali kan
abdikan	abdi kan
edaran	edar an
disegarkan	di segar kan
terbitkan	terbit kan
terinfeksi	ter infeksi
pendiri	pen diri
melestarikan	men lestari kan
memancingnya	men pancing nya
cek	cek
memformulasikan	men formulasi kan
seberat	se berat
dicapai	di capai
kompensasi	kompensasi
diamanatkan	di amanat kan
antarstatus	antar status
dihasilkan	di hasil kan
menjauhkan	men jauh kan
marah	marah
membengkak	men bengkak
nampaknya	nampak nya
topeng	topeng
ranjang	ranjang
dirangkum	di rangkum
pembayarannya	pen bayar an nya
difirmankan	di firman kan
menyebarnya	men sebar nya
penanggulangan	pen tanggulang an
sepuasnya	se puas nya
lintas	lintas
pujikan	puji kan
berkebangsaan	ber ke bangsa an
jujur	jujur
penghalau	pen halau
luput	luput
rawa	rawa
instruksi	instruksi
iklim	iklim
israel	israel
sukacitamu	sukacita mu
tebusan	tebus an
menjamur	men jamur
arogan	arogan
kebalikannya	ke balik an nya
dusun	dusun
lipatan	lipat an
target	target
madu	madu
peka	peka
mengusulkan	men usul kan
terealisasikan	ter realisasi kan
putuskan	putus kan
dipulihkan	di pulih kan
penyebaran	pen sebar an
mengenalnya	men kenal nya
diperdalam	di per dalam
terorganisir	ter organisir
pengangkut	pen angkut
hadir	hadir
tertuang	ter tuang
anjlok	anjlok
saksi	saksi
sanksi	sanksi
oknum	oknum
pencetus	pen cetus
perekrutan	pen rekrut an
diulangi	di ulang i
longgarnya	longgar nya
dikasih	di kasih
bermartabat	ber martabat
komandan	komandan
penekan	pen tekan
geluti	gelut i
penyiaran	pen siar an
terlembagakan	ter lembaga kan
dipegang	di pegang
kayuh	kayuh
dikatakan	di kata kan
harapan	harap an
peneliti	pen teliti
mengatakannya	men kata kan nya
perunggu	perunggu
ditangani	di tangan i
antarvariabel	antar variabel
menghentikan	men henti kan
berterus	ber terus
sorenya	sore nya
dimodifikasi	di modifikasi
beruntun	beruntun
motonya	moto nya
bermacam	ber macam
dibawah	di bawah
dilacak	di lacak
meraup	men raup
pertanggungjawaban	per tanggungjawab an
lenyap	lenyap
dikaji	di kaji
menyingsingkan	men singsing kan
ditegakkan	di tegak kan
segel	segel
disisihkan	di sisih kan
didialogkan	di dialog kan
memasyarakat	men masyarakat
diterbitkan	di terbit kan
marjinal	marjinal
anaknya	anak nya
jatahnya	jatah nya
jahit	jahit
depan	depan
melibatkan	men libat kan
penuh	penuh
potongan	potong an
semenit	se menit
bermekaran	ber mekar an
didik	didik
terpaksa	ter paksa
menyerap	men serap
komputer	komputer
pertengahan	per tengah an
menjagaku	men jaga aku
mengharuskan	men harus kan
permainan	per main an
dikritik	di kritik
baris	baris
drama	drama
relasinya	relasi nya
antarkomunitas	antar komunitas
praktisnya	praktis nya
kandas	kandas
estimasi	estimasi
misteri	misteri
instalasi	instalasi
menjadikan	men jadi kan
dievaluasi	di evaluasi
dipermasalahkan	di per masalah kan
terbangnya	terbang nya
fotonya	foto nya
berterimakasih	ber terimakasih
digabungkan	di gabung kan
kukira	ku kira
penciuman	pen cium an
dimonitor	di monitor
tindak	tindak
biji	biji
disetorkan	di setor kan
piring	piring
kesehariannya	keseharian nya
unsur	unsur
sudut	sudut
pembentukannya	pen bentuk an nya
diusung	di usung
anugerah	anugerah
diasingkan	di asing kan
dimungkinkan	dimungkinkan
ladang	ladang
pernikahannya	per nikah an nya
akad	akad
prosedur	prosedur
mempersoalkan	men soal kan
potensial	potensial
perilakunya	perilaku nya
anggaran	anggar an
menyingkir	men singkir
mingguan	minggu an
penagihannya	pen tagih an nya
diubahnya	di ubah nya
transmisi	transmisi
menghambakan	men hamba kan
wujud	wujud
pasukan	pasukan
gerutuan	gerutu an
gula	gula
suku	suku
administrator	administrator
mengarsipkan	men arsip kan
menantunya	menantu nya
utamanya	utama nya
memberinya	men beri nya
menggantung	men gantung
pendanaan	pen dana an
menghilangkannya	men hilang kan nya
terbiasa	ter biasa
penggemar	pen gemar
sikat	sikat
menganjurkan	men anjur kan
kasar	kasar
terbanyak	ter banyak
perkataan	per kata an
kedipan	kedip an
sipil	sipil
persepsinya	persepsi nya
penanda	pen tanda
memantaunya	men pantau nya
merancangkan	men rancang kan
genetik	genetik
dicengkeram	di cengkeram
menyetujui	men setuju i
rasul	rasul
menyiarkan	men siar kan
cermin	cermin
pesat	pesat
dihina	di hina
tinggal	tinggal
mewakilinya	men wakil i nya
ampuh	ampuh
dindingnya	dinding nya
ternyata	ter nyata
situ	situ
eceran	ecer an
berwujud	ber wujud
matanya	mata nya
membiayainya	men biaya i nya
kamis	kamis
mencontohkan	men contoh kan
memprediksikan	men prediksi kan
ismail	ismail
serapan	serap an
berperang	ber perang
pertumbuhan	per tumbuh an
berstatus	ber status
jadikan	jadi kan
pencatatan	pen catat an
pertanggungjawabannya	per tanggungjawab an nya
terwujud	ter wujud
taat	taat
lautan	laut an
pinjaman	pinjam an
dikapalkan	di kapal kan
tatapannya	tatap an nya
kontraknya	kontrak nya
berprinsip	ber prinsip
pendidikannya	pen didik an nya
ditempel	di tempel
menampung	men tampung
berikut	ber ikut
dongeng	dongeng
bapamu	bapa mu
luasan	luas an
menyucikan	men suci kan
lomba	lomba
tampungnya	tampung nya
bermasyarakat	ber masyarakat
ambruk	ambruk
pembentuk	pen bentuk
sepengetahuan	se pengetahuan
jangka	jangka
mengingat	men ingat
ditolong	di tolong
tagih	tagih
nyawanya	nyawa nya
robot	robot
perda	perda
menjulang	men julang
menggalang	men galang
sah	sah
penambang	pen tambang
suara	suara
alur	alur
menyelesaikan	men selesai kan
pergerakan	per gerak an
kandungannya	kandung an nya
tiruan	tiru an
petunjuknya	petunjuk nya
sekelompok	se kelompok
memedulikan	men peduli kan
sikap	sikap
menghubungi	men hubung i
wc	wc
tampil	tampil
disetujui	di setuju i
sebangsanya	se bangsa nya
perampokan	pen rampok an
harinya	hari nya
tuliskan	tulis kan
memecat	men pecat
diperkirakan	di per kira kan
menitipkan	men titip kan
andalan	andal an
wawancara	wawancara
dilindungi	di lindung i
terapkan	terap kan
gadai	gadai
menumpang	men tumpang
disebut	di sebut
canggung	canggung
manajer	manajer
air	air
konservatif	konservatif
terjemahan	terjemah an
rupanya	rupa nya
registrasi	registrasi
samudera	samudera
menakar	men takar
dikutuk	di kutuk
membayang	men bayang
omong	omong
prediksi	prediksi
penyusun	pen susun
mengulurkan	men ulur kan
parsial	parsial
wasit	wasit
pengadministrasiannya	pen administrasi an nya
berteknologi	ber teknologi
pekerjanya	pekerja nya
akte	akte
terekspresikan	ter ekspresi kan
upayanya	upaya nya
patriotik	patriotik
sejawatnya	se jawat nya
gran	gr an
penalaran	pen nalar an
penyinaran	pen sinar an
pemotongan	pen potong an
membenarkan	men benar kan
dipertimbangkan	di per timbang kan
aktivitas	aktivitas
tandatangani	tandatangan i
nyanyian	nyanyi an
menggerus	men gerus
ikatan	ikat an
dijual	di jual
merosotnya	merosot nya
dipekerjakan	di pekerja kan
hadapannya	hadap an nya
diijinkan	di ijin kan
terlatih	ter latih
pasir	pasir
dibayar	di bayar
trend	trend
responsnya	respons nya
dilanda	di landa
seumpama	se umpama
prosedurnya	prosedur nya
kenal	kenal
laki	laki
nyanyiannya	nyanyi an nya
menghormati	men hormat i
pengaduannya	pen adu an nya
komitenya	komite nya
menyebarluaskan	men sebarluas kan
berkelanjutan	ber ke lanjut an
aturannya	atur an nya
ringkasan	ringkas an
diperankan	di peran kan
tahanan	tahan an
rekening	rekening
ketidaksuksesan	ke tidak sukses an
kendalanya	kendala nya
saudaranya	saudara nya
menghalangimu	men halang i mu
terhentinya	ter henti nya
otoritas	otoritas
berumur	ber umur
memandikan	men mandi kan
badak	badak
absensi	absensi
ketidakmampuan	ke tidak mampu an
mengimplementasi	men implementasi
lanjuti	lanjut i
diperkirakannya	di per kira kan nya
membereskan	men beres kan
bermimpi	ber mimpi
pengiriman	pen kirim an
coklat	coklat
melukainya	men luka i nya
menghimpun	men himpun
triwulan	triwulan
retak	retak
jariku	jari ku
dicuri	di curi
syiah	syiah
dijatuhi	di jatuh i
mengeluh	men keluh
ditanamkan	di tanam kan
tercatat	ter catat
tepuk	tepuk
ikuti	ikut i
dini	din i
perhutanan	per hutan an
diurai	di urai
penyelesai	pen selesai
teruskan	terus kan
dicatatkan	di catat kan
pengungkapan	pen ungkap an
dibebaskan	di bebas kan
manufaktur	manufaktur
memandangnya	men pandang nya
menghangatkan	men hangat kan
pesanannya	pesan an nya
konsumen	konsumen
menahannya	men tahan nya
berambut	ber rambut
pengiring	pen iring
fokusnya	fokus nya
gol	gol
jeruknya	jeruk nya
mengunggah	men unggah
mempromosikan	men promosi kan
seru	seru
arahan	arah an
dihancurkan	di hancur kan
omongnya	omong nya
diusulkan	di usul kan
pendidik	pen didik
pengikutnya	pen ikut nya
artikel	artikel
artis	artis
mengencangkan	men kencang kan
buat	buat
menyimaknya	men simak nya
nada	nada
mengasingkan	men asing kan
kontroversi	kontroversi
mengerahkan	men kerah kan
pejuang	pejuang
romantis	romantis
pemuka	pen muka
terorisme	terorisme
teleskop	teleskop
pantauan	pantau an
perkataannya	per kata an nya
kabupaten	kabupaten
deklarasi	deklarasi
superior	superior
perhatiannya	per hati an nya
menanjak	men tanjak
menyuratkan	men surat kan
sinarnya	sinar nya
set	set
tersingkap	ter singkap
seadanya	se ada nya
tertuju	ter tuju
kapalnya	kapal nya
canada	canada
semudah	se mudah
terhenti	ter henti
kukatakan	ku kata kan
tuturnya	tutur nya
setahap	se tahap
mendengar	men dengar
mendatanginya	men datang i nya
menghilangnya	men hilang nya
membiayai	men biaya i
gelap	gelap
bereaksi	ber reaksi
keharusan	ke harus an
diperdakan	di perda kan
kita	kita
pengkaji	pen kaji
dikelilingi	di keliling i
pemasaran	pen pasar an
profesionalismenya	profesionalisme nya
berjumlah	ber jumlah
ketidakakuratan	ke tidak akurat an
bubur	bubur
dipraktekkan	di praktek kan
pelengkap	pen lengkap
pencalonan	pen calon an
antarhasil	antar hasil
mengelak	men elak
pengurusannya	pen urus an nya
olahraganya	olahraga nya
distorsi	distorsi
saham	saham
memajukan	men maju kan
ketahanan	ke tahan an
kadarnya	kadar nya
mewah	mewah
menguburkan	men kubur kan
letih	letih
memprakirakan	men prakira kan
institusi	institusi
sabotase	sabotase
percaya	percaya
yatim	yatim
santunan	santun an
selepas	se lepas
pelacur	pen lacur
mencalonkan	men calon kan
netral	netral
untung	untung
pengacau	pen kacau
meminjam	men pinjam
padat	padat
diredupkan	di redup kan
gema	gema
agustus	agustus
percobaan	per coba an
nonharga	non harga
terbentuknya	ter bentuk nya
ditinggal	di tinggal
turunkan	turun kan
melambat	men lambat
dikuatkan	di kuat kan
pelapor	pen lapor
mengemudi	men kemudi
longgar	longgar
mengeliminasi	men eliminasi
tergoda	ter goda
kasi	kas i
teramati	ter amati
umatnya	umat nya
fisiknya	fisik nya
dipersentasekan	di persentase kan
membangkitkan	men bangkit kan
terusik	ter usik
buruan	buru an
potensi	potensi
melupakannya	men lupa kan nya
memberikan	men beri kan
catatan	catat an
pelayarannya	pen layar an nya
karunia	karunia
mengulangi	men ulang i
pers	pers
menghindar	men hindar
pemberitaannya	pen berita an nya
keriput	keriput
imbas	imbas
perijinan	per ijin an
dipersoalkan	di per soal kan
pungut	pungut
didiami	di diam i
sepupu	sepupu
memperlambat	men lambat
ditenderkan	di tender kan
kapas	kapas
voltase	voltase
pengangguran	pen anggur an
geografisnya	geografis nya
korelasinya	korelasi nya
kufirmankan	ku firman kan
menumpuk	men tumpuk
susut	susut
lembah	lembah
buang	buang
nonkontrak	non kontrak
dapatkan	dapat kan
bebasnya	bebas nya
simpatinya	simpati nya
menjelang	men jelang
nutrisinya	nutrisi nya
ketidaksetaraan	ke tidak setara an
bertanggungjawab	ber tanggungjawab
menoleransinya	men toleransi nya
pengurus	pen urus
takarannya	takar an nya
berbatasan	ber batas an
kejar	kejar
sekolahan	sekolah an
diharapkannya	di harap kan nya
hantu	hantu
bau	bau
menyimpannya	men simpan nya
pajaknya	pajak nya
gawangnya	gawang nya
sejarah	sejarah
berbuah	ber buah
merehabilitasi	men rehabilitasi
asas	asas
tebusannya	tebus an nya
disucikan	di suci kan
memayungi	men payung i
berkondisi	ber kondisi
dipersepsikan	di persepsi kan
bermitra	ber mitra
imam	imam
cukur	cukur
curah	curah
terstruktur	ter struktur
mengenakannya	men kena kan nya
penganiayaan	pen aniaya an
biro	biro
mempertanggungjawabkannya	men tanggungjawab kan nya
siklus	siklus
berawalan	ber awal an
diam	diam
diliputi	di liput i
terpelihara	ter pelihara
diupah	di upah
mengimplementasikan	men implementasi kan
sedihnya	sedih nya
berjangka	ber jangka
tertular	ter tular
duka	duka
antarbadan	antar badan
perahunya	perahu nya
arahnya	arah nya
perseroan	perseroan
reproduksi	reproduksi
mengevaluasi	men evaluasi
remeh	remeh
urutan	urut an
dominasi	dominasi
fasilitasi	fasilitas i
lagunya	lagu nya
memberikannya	men beri kan nya
kepalanya	kepala nya
mengotori	men kotor i
mengaburkan	men kabur kan
diwakilkan	di wakil kan
pengorbanannya	pen korban an nya
penyadaran	pen sadar an
berwarna	ber warna
gejolak	gejolak
dinikahi	di nikah i
antarrumah	antar rumah
memadamkan	men madam kan
pendata	pen data
meminjamkan	men pinjam kan
tuaku	tua aku
mencuci	men cuci
berbunga	ber bunga
bosnya	bos nya
arti	arti
aktor	aktor
lezatnya	lezat nya
rujukan	rujuk an
membunuhnya	men bunuh nya
merujuk	men rujuk
menganggur	men anggur
logo	logo
kupas	kupas
mempercayakan	men percaya kan
lontar	lontar
diperkenalkan	di per kenal kan
menangisi	men tangis i
menghapusnya	men hapus nya
merangsang	men rangsang
permintaannya	per minta an nya
artistik	artistik
merevisi	men revisi
berbadan	ber badan
pemasok	pen pasok
penengah	pen tengah
dikemukakan	di kemuka kan
menginginkan	men ingin kan
tulisan	tulis an
menghimpunkan	men himpun kan
menggemparkan	men gempar kan
hadirat	hadirat
terdiam	ter diam
web	web
tani	tani
reputasinya	reputasi nya
berbicara	ber bicara
dukung	dukung
renungan	renung an
sejenis	se jenis
membedakan	men beda kan
diangkat	di angkat
berkompromi	ber kompromi
peluncuran	pen luncur an
sektor	sektor
disiram	di siram
lelaki	lelaki
menambah	men tambah
jambu	jambu
menghiburku	men hibur ku
tempo	tempo
akumulasi	akumulasi
memasarkan	men pasar kan
dikorbankan	di korban kan
acuh	acuh
pemukimannya	pen mukim an nya
kepercayaannya	ke percaya an nya
semangat	semangat
permulaan	per mula an
ajar	ajar
pahitnya	pahit nya
dikontrak	di kontrak
reuni	reuni
pelantikan	pen lantik an
mencolok	men colok
lembar	lembar
perencanaan	pen rencana an
pemungutannya	pen pungut an nya
menyimpan	men simpan
refleksi	refleksi
perampok	pen rampok
dimiliki	di milik i
menembak	men tembak
tunjangan	tunjang an
panel	panel
antarpulau	antar pulau
beranggota	ber anggota
terkumpul	ter kumpul
memilihnya	men pilih nya
berkilauan	ber kilau an
mengaplikasikan	men aplikasi kan
ambil	ambil
investasi	investasi
hadiah	hadiah
dikonfirmasikan	di konfirmasi kan
dampaknya	dampak nya
mutakhir	mutakhir
terang	terang
perbuatanmu	per buat an mu
dipasarkan	di pasar kan
penanaman	pen tanam an
jajarannya	jajar an nya
isu	isu
kamus	kamus
pundak	pundak
tugas	tugas
mengeluarkan	men keluar kan
terhalangi	ter halang i
dasawarsa	dasawarsa
merintis	men rintis
berinovasi	ber inovasi
tni	tn i
pempublikasian	pen publikasi an
disusun	di susun
pengumpul	pen kumpul
minatnya	minat nya
bebas	bebas
diikutinya	di ikut i nya
melontarkan	men lontar kan
dikatakannya	di kata kan nya
tanganku	tangan ku
nuklir	nuklir
relevannya	relevan nya
muslimah	muslimah
dipercayakan	di percaya kan
pertanyaan	per tanya an
dimandatkan	di mandat kan
lantunan	lantun an
puding	puding
perbaikannya	per baik an nya
berdoa	ber doa
penimbunan	pen timbun an
sebotol	se botol
merekomendasi	men rekomendasi
politiknya	politik nya
berangin	ber angin
puji	puji
keterlibatannya	ke terlibat an nya
penerbang	pen terbang
mengusulkannya	men usul kan nya
mempermudah	men mudah
didata	di data
kelapanya	kelapa nya
membengkokkan	men bengkok kan
menyalahgunakannya	men salahguna kan nya
pelanggan	pen langgan
mengapung	men apung
menyejukkan	men sejuk kan
pemberantasan	pen berantas an
perbuatan	per buat an
separuh	se paruh
buntu	buntu
halal	halal
pengaudit	pen audit
rumput	rumput
organisasi	organisasi
stiker	stiker
terlewatnya	ter lewat nya
mendekatinya	men dekat i nya
mengoper	men koper
berargumentasi	ber argumentasi
sayap	sayap
bodohnya	bodoh nya
dibawanya	di bawa nya
tergantung	ter gantung
dipenjara	di penjara
olahragawan	olahraga wan
bersumber	ber sumber
lokalnya	lokal nya
baca	baca
persembahan	per sembah an
menegosiasikan	men negosiasi kan
mendoakan	men doa kan
penyelamatan	pen selamat an
jatuhnya	jatuh nya
keturunannya	ke turun an nya
tengkorak	tengkorak
permodalan	per modal an
abjad	abjad
derita	derita
petik	petik
arsitektur	arsitektur
sengit	sengit
dibukanya	di buka nya
omzet	omzet
terhibur	ter hibur
proyeksi	proyeksi
istrinya	istri nya
kontribusi	kontribusi
bersinar	ber sinar
sambungan	sambung an
penjara	penjara
meramaikan	men ramai kan
mendirikannya	men diri kan nya
dirombak	di rombak
muslihat	muslihat
pemdanya	pemda nya
menarifkan	men tarif kan
dibentuk	di bentuk
judi	judi
dieliminasi	di eliminasi
perancangan	pen rancang an
haknya	hak nya
mengingini	men ingin i
dikupas	di kupas
eksperimen	eksperimen
menghadang	men hadang
berbekal	ber bekal
secanggih	se canggih
firmanku	firman ku
menyangkal	men sangkal
pengeruk	pen keruk
mengejeknya	men ejek nya
terpenuhinya	men penuh i nya
bahtera	bahtera
ibadah	ibadah
bantuan	bantu an
lokal	lokal
bersifat	ber sifat
terakhir	ter akhir
sisa	sisa
tabir	tabir
paduan	padu an
lipat	lipat
menjunjung	men junjung
meregangkan	men regang kan
berat	berat
memperkarakan	men perkara kan
terjalin	ter jalin
suap	suap
terpisahkan	ter pisah kan
atom	atom
teknik	teknik
diluluskan	di lulus kan
sintetis	sintetis
meliput	men liput
gizinya	gizi nya
menggantungkan	men gantung kan
beragi	ber ragi
bertambahnya	ber tambah nya
penyembuhan	pen sembuh an
menjadi	men jadi
segan	segan
saudaraku	saudara aku
mencarikan	men cari kan
perawatannya	pen rawat an nya
pemodal	pen modal
membelanjakan	men belanja kan
penyelenggara	pen selenggara
penumpukan	pen tumpuk an
menyulitkan	men sulit kan
mengawasinya	men awas i nya
meletakkannya	men letak kan nya
ditunjukkannya	di tunjuk kan nya
menumpas	men tumpas
dermaganya	dermaga nya
melatihnya	men latih nya
pengajarannya	pen ajar an nya
antarsekolah	antar sekolah
mengantarnya	men antar nya
pemain	pen main
panik	panik
ayat	ayat
sapi	sapi
medan	medan
menyapa	men sapa
mencabut	men cabut
kuda	kuda
pungutnya	pungut nya
sehari	se hari
saingan	saing an
bergengsi	ber gengsi
rangkuman	rangkum an
mengulang	men ulang
antar	antar
menstimulasi	men stimulasi
pakai	pakai
berkomentar	ber komentar
meninjunya	men tinju nya
dicalonkan	di calon kan
badan	badan
beban	beban
terima	terima
diinginkan	di ingin kan
gajian	gaji an
mengaduk	men aduk
memberhentikan	men ber henti kan
merangkum	men rangkum
keponakan	keponakan
paksa	paksa
gerakan	gerak an
kalori	kalori
fasih	fasih
pelupa	pen lupa
dianggarkan	di anggar kan
nonpertaniannya	non per tani an nya
mempesona	men pesona
memperlihatkan	men lihat kan
mengajarku	men ajar ku
tiketnya	tiket nya
perjamuan	per jamu an
dihadiahi	di hadiah i
pembelian	pen beli an
psikologis	psikologis
kekasih	kekasih
bertahun	ber tahun
antardaerah	antar daerah
menangisinya	men tangis i nya
penyulingan	pen suling an
tandan	tandan
antarklub	antar klub
kentang	kentang
tentu	tentu
terpalang	ter palang
penakut	pen takut
setoran	setor an
kerasukan	ke rasuk an
dikhianati	di khianat i
tekun	tekun
hipotesis	hipotesis
kantornya	kantor nya
rohaninya	rohani nya
tunangan	tunang an
singa	singa
teguh	teguh
menopang	men topang
katalog	katalog
sampingan	samping an
diatur	di atur
melintasi	men lintas i
dicukur	di cukur
tetapnya	tetap nya
memindai	men pindai
diberikannya	di beri kan nya
ditanggapi	di tanggap i
menayangkan	men tayang kan
tembaga	tembaga
antarmitra	antar mitra
bangunan	bangun an
pengasinan	pen asin an
ibarat	ibarat
tersungkur	ter sungkur
suntik	suntik
bobot	bobot
libur	libur
kadaluarsa	kadaluarsa
dililit	di lilit
perawat	pen rawat
dilenyapkan	di lenyap kan
pelecehan	pen leceh an
berunjuk	ber unjuk
menyiarkannya	men siar kan nya
pengetahuannya	pengetahuan nya
mencampuri	men campur i
empunya	empunya
mereda	men reda
pbb	pbb
jemaat	jemaat
perkelahian	per kelahi an
pembantaian	pen bantai an
jasad	jasad
ajak	ajak
terbelit	ter belit
emosionalnya	emosional nya
pengamatan	pengamat an
diselesaikan	di selesai kan
diingatkan	di ingat kan
kuasa	kuasa
dewasanya	dewasa nya
kerah	kerah
bergemar	ber gemar
aktivis	aktivis
bulu	bulu
membungkuk	men bungkuk
mengisahkan	men kisah kan
lulus	lulus
popularitas	popularitas
mengijonkan	men ijon kan
siaran	siar an
sekeras	se keras
mempersingkat	men singkat
mengunjunginya	men kunjung i nya
kolaborasi	kolaborasi
bohong	bohong
meningkatnya	men tingkat nya
regulasi	regulasi
bab	bab
ditunjukan	di tunjuk an
fasilitas	fasilitas
paradigma	paradigma
rincian	rinci an
gunakan	guna kan
malaikat	malaikat
iri	iri
saya	saya
terkuno	ter kuno
resep	resep
tertolong	ter tolong
profesinya	profesi nya
kairo	kairo
jaksa	jaksa
laksanakan	laksana kan
kuotanya	kuota nya
komprehensif	komprehensif
anemia	anemia
tempuran	tempur an
rekonsiliasi	rekonsiliasi
penyemprot	pen semprot
rapuh	rapuh
salju	salju
menggemakan	men gema kan
muncul	muncul
pembeli	pen beli
bertetanggaan	ber tetangga an
pajak	pajak
dibilang	di bilang
mengatur	men atur
antardepartemen	antar departemen
pengkhianatan	pen khianat an
meneliti	men teliti
sebatang	se batang
membutuhkannya	men butuh kan nya
diangkutnya	di angkut nya
berharap	ber harap
senapan	senapan
transaksinya	transaksi nya
kulit	kulit
wartawan	wartawan
komisaris	komisaris
duta	duta
lupakan	lupa kan
giat	giat
bernegara	ber negara
persidangan	per sidang an
menyombongkan	men sombong kan
menyibukkan	men sibuk kan
ketidakpercayaan	ke tidak percaya an
serahkan	serah kan
dikeluarkan	di keluar kan
penambah	pen tambah
mengenai	men kena i
tukar	tukar
contohnya	contoh nya
fakta	fakta
ekspresi	ekspresi
turis	turis
sasaran	sasar an
duga	duga
bahasanya	bahasa nya
ditebang	di tebang
demo	demo
terdistribusikan	ter distribusi kan
dijemput	di jemput
klip	klip
kandang	kandang
hambatannya	hambat an nya
sewaktu	se waktu
uangnya	uang nya
ditumbuk	di tumbuk
memperebutkan	men rebut kan
analogi	analog i
industri	industri
mengartikan	men arti kan
pemberangkatannya	pen berangkat an nya
pendosa	pen dosa
peroleh	peroleh
penegakan	pen tegak an
matahari	matahari
tertunda	ter tunda
penyangga	pen sangga
tentara	tentara
kuadrat	kuadrat
komunitas	komunitas
pisaunya	pisau nya
dewan	dewan
mengejar	men kejar
didaur	di daur
berasas	ber asas
artian	arti an
pengetikan	pen ketik an
seminggu	se minggu
ditinjau	di tinjau
dukungannya	dukung an nya
efeknya	efek nya
menunjuk	men tunjuk
deputi	deputi
asramanya	asrama nya
pendingin	pen dingin
seiring	seiring
pakar	pakar
dibagi	di bagi
mei	mei
melindungi	men lindung i
tiket	tiket
pedihnya	pedih nya
dibaca	di baca
tren	tren
puncaknya	puncak nya
anggota	anggota
pesatnya	pesat nya
disalib	di salib
mencoreng	men coreng
perdana	perdana
kinerjanya	kinerja nya
musium	musium
menyambutku	men sambut ku
disentuh	di sentuh
lunas	lunas
terakomodasinya	ter akomodasi nya
fungsi	fungsi
jabar	jabar
ambisius	ambisius
diusir	di usir
terpercaya	ter percaya
karirnya	karir nya
bertolak	ber tolak
perobohan	pen roboh an
mahal	mahal
terindikasi	ter indikasi
alam	alam
diperhadapkan	di per hadap kan
keras	keras
tambah	tambah
pendekatannya	pen dekat an nya
koloni	koloni
anekdot	anekdot
diabaikannya	di abai kan nya
hadapan	hadap an
informan	informan
mengikatnya	men ikat nya
musiman	musim an
mendefinisikannya	men definisi kan nya
digariskan	di garis kan
lingkar	lingkar
dimakannya	di makan nya
membimbingnya	men bimbing nya
perdanya	perda nya
lingkaran	lingkar an
lawannya	lawan nya
monitor	monitor
diakumulasikan	di akumulasi kan
menggerebek	men gerebek
pengharapan	pen harap an
lompatan	lompat an
disipliner	disipliner
petunjuk	petunjuk
pengimplementasian	pen implementasi an
soda	soda
ikutannya	ikut an nya
plastik	plastik
bercirikan	ber ciri kan
curian	curi an
tali	tali
lembaga	lembaga
terdengar	ter dengar
penunjukkan	penunjukkan
didambakannya	di damba kan nya
didapatkan	di dapat kan
selimut	selimut
mengasihimu	men kasih i mu
karier	karier
istimewa	istimewa
khawatirkan	khawatir kan
beda	beda
menindaklanjutinya	men tindaklanjut i nya
pemicu	pen picu
kejam	kejam
tafsirannya	tafsir an nya
penalti	penalti
mengkonsumsi	men konsumsi
mendewakan	men dewa kan
diajar	di ajar
diserang	di serang
noda	noda
terserak	ter serak
kupelajari	ku pelajar i
dia	dia
poin	poin
dibenarkan	di benar kan
kelola	kelola
mencela	men cela
berlainan	ber lain an
min	min
peredaran	per edar an
kecilnya	kecil nya
mengurusi	men urus i
tenggelam	tenggelam
nurani	nurani
garam	garam
antartingkatan	antar tingkat an
komoditas	komoditas
visinya	visi nya
mengarahkanku	men arah kan ku
menghujat	men hujat
volumenya	volume nya
presentase	presentase
reporter	reporter
berantai	ber rantai
mengakomodasi	men akomodasi
mengklasifikasikan	men klasifikasi kan
gajinya	gaji nya
kiamat	kiamat
urgensi	urgensi
sejelas	se jelas
negeri	negeri
tersapu	ter sapu
terhimpun	ter himpun
akademik	akademik
menganiaya	men aniaya
bernaung	ber naung
pengeluarannya	pen keluar an nya
didera	di dera
lamban	lamban
layaknya	layak nya
dilukai	di luka i
penggajian	pen gaji an
puas	puas
nyata	nyata
harta	harta
berdenyut	ber denyut
pejabat	pejabat
berasumsi	ber asumsi
terbayang	ter bayang
berimbang	ber imbang
terheran	ter heran
politik	politik
bensin	bensin
menko	menko
ramalannya	ramal an nya
mengarungi	men karung i
membiarnya	men biar nya
pakaian	pakai an
perombakan	pen rombak an
ayahnya	ayah nya
beraninya	berani nya
menopangnya	men topang nya
dipilah	di pilah
mengguncangkan	men guncang kan
karunnya	karun nya
yusuf	yusuf
doaku	doa aku
interupsi	interupsi
bergerak	ber gerak
menggunting	men gunting
terakomodasi	ter akomodasi
pengunjung	pen kunjung
cuma	cuma
logam	logam
hikmatnya	hikmat nya
nonusaha	non usaha
melatarbelakanginya	men latarbelakang i nya
kebagian	ke bagi an
datang	datang
landai	landa i
mengenal	men kenal
izin	izin
menempati	men tempat i
sejenisnya	se jenis nya
diperlukannya	di perlu kan nya
dicanangkannya	di canang kan nya
pasif	pasif
ditafsirkan	di tafsir kan
pemakai	pen pakai
jantan	jantan
gembala	gembala
sabet	sabet
ditanggungnya	di tanggung nya
pengaduan	pen adu an
indah	indah
dicabut	di cabut
dijahit	di jahit
berkonsultasi	ber konsultasi
caranya	cara nya
didiktekan	di dikte kan
pelajar	pelajar
memaksimalkan	men maksimal kan
diampuni	di ampun i
menerimanya	men terima nya
pengintai	pen intai
merealisasikan	men realisasi kan
legenda	legenda
obatnya	obat nya
kejadianku	ke jadi an ku
dimotivasi	di motivasi
mencobai	men coba i
memaafkan	men maaf kan
programnya	program nya
dikenakannya	di kena kan nya
sayuran	sayur an
menetapkan	men tetap kan
merontokkan	men rontok kan
pemberontak	pen berontak
fondasi	fondasi
terpakai	ter pakai
dekat	dekat
tunjukkan	tunjuk kan
direspon	di respon
kurun	kurun
miliki	milik i
realitasnya	realitas nya
menggoyang	men goyang
menambang	men tambang
ratu	ratu
bergema	ber gema
dimanipulasi	di manipulasi
durian	duri an
meminimalisasi	men minimalisasi
daya	daya
pemikir	pen pikir
pendaftaran	pen daftar an
sombong	sombong
klorofil	klorofil
dilibatkan	di libat kan
mengentaskan	men entas kan
pendapatan	pen dapat an
melewati	men lewat i
dihabiskan	di habis kan
merefleksikan	men refleksi kan
pemadaman	pen madam an
blok	blok
menuntut	men tuntut
juruselamat	juruselamat
ilmuwan	ilmu wan
gugatan	gugat an
mengalihkan	men alih kan
kawasan	kawasan
disahkan	di sah kan
tenaganya	tenaga nya
bangunannya	bangun an nya
terdesentralisasi	ter desentralisasi
perantaraan	perantara an
rutin	rutin
pembaca	pen baca
mendata	men data
kusebut	ku sebut
berbaris	ber baris
lahir	lahir
stabil	stabil
menempatkan	men tempat kan
terlama	ter lama
aman	aman
riang	riang
dipegangnya	di pegang nya
airnya	air nya
menguatkan	men kuat kan
mengucilkan	men kucil kan
diinterogasi	di interogasi
mengikisnya	men kikis nya
perbantahan	per bantah an
berhadapan	ber hadap an
berhak	ber hak
rayakan	raya kan
dilantunkannya	di lantun kan nya
tangga	tangga
penutupnya	pen tutup nya
lamanya	lama nya
lahiran	lahir an
mendekati	men dekat i
kontraktornya	kontraktor nya
olah	olah
terpancar	ter pancar
putaran	putar an
berakhirnya	ber akhir nya
menyeleksi	men seleksi
merestui	men restu i
berpegang	ber pegang
liburan	libur an
pemborosan	pen boros an
merambah	men rambah
pamannya	paman nya
pemesanan	pen pesan an
berintensitas	ber intensitas
memprakarsai	men prakarsa i
merebut	men rebut
mencairkan	men cair kan
magnetis	magnetis
dimuliakan	di mulia kan
aceh	aceh
menginspirasi	men inspirasi
kandungan	kandung an
meragukan	men ragu kan
cengkeh	cengkeh
menyajikan	men saji kan
gemuruhnya	gemuruh nya
persaingan	per saing an
sukunya	suku nya
oktober	oktober
ditempatkan	di tempat kan
leluasa	leluasa
frekuensinya	frekuensi nya
sari	sari
perdagangan	per dagang an
terlayani	ter layan i
dihasilkannya	di hasil kan nya
dipertanggungjawabkan	di per tanggungjawab kan
bawaan	bawa an
induknya	induk nya
upah	upah
galangan	galang an
bermuara	ber muara
cemburu	cemburu
rutinnya	rutin nya
dihargai	di harga i
pihaknya	pihak nya
menegur	men tegur
terbit	terbit
menangis	men tangis
remaja	remaja
lawan	lawan
penanggungjawab	pen tanggungjawab
gandum	gandum
larut	larut
terangkum	ter rangkum
managemen	managemen
seramai	se ramai
perlawanan	per lawan an
disita	di sita
ketidaklayakan	ke tidak layak an
mendapati	men dapat i
pengajar	pen ajar
didatangi	di datang i
kotanya	kota nya
terpikat	ter pikat
mendengarkannya	men dengar kan nya
disumbang	di sumbang
athena	athena
pengentasan	pen entas an
mengusir	men usir
tunggakan	tunggak an
kristus	kristus
tercapainya	ter capai nya
mengarah	men arah
berbulu	ber bulu
formatnya	format nya
melemahnya	men lemah nya
tomat	tomat
wawancarai	wawancara i
mengeringkan	men kering kan
tahap	tahap
berkurangnya	ber kurang nya
memerintahkannya	men perintah kan nya
berdirinya	ber diri nya
daging	daging
diurus	di urus
jarimu	jari mu
komite	komite
survei	survei
kurungan	kurung an
serang	serang
rabu	rabu
domestik	domestik
mengemban	men emban
ujarnya	ujar nya
dipersalahkan	di per salah kan
menggembala	men gembala
dijerumuskan	di jerumus kan
pacarku	pacar ku
kubu	kubu
tropis	tropis
tempuh	tempuh
didaftar	di daftar
interaksi	interaksi
jarum	jarum
kecurigaan	ke curiga an
perkawinannya	per kawin an nya
berjenjang	ber jenjang
kunjungi	kunjung i
menganggukkan	men angguk kan
tercermin	ter cermin
ilmiah	ilmiah
terperosok	terperosok
majalah	majalah
asa	asa
diperoleh	di peroleh
layak	layak
menjejak	men jejak
diperburuk	di per buruk
rata	rata
membalasnya	men balas nya
kongres	kongres
tercela	ter cela
pencakar	pen cakar
diadakannya	di ada kan nya
dihadiri	di hadir i
pengaturannya	pen atur an nya
tarif	tarif
berteriak	ber teriak
belalang	belalang
makam	makam
memasang	men pasang
penuhi	penuh i
mengeram	men eram
dipedulikan	di peduli kan
sambutan	sambut an
sumatra	sumatra
watak	watak
mencerahkan	men cerah kan
bertransaksi	ber transaksi
sentuhan	sentuh an
penimbangan	pen timbang an
dipakai	di pakai
biaya	biaya
zamannya	zaman nya
sekadarnya	se kadar nya
penggemukan	pen gemuk an
nasabah	nasabah
haus	haus
nominasi	nominasi
mengutarakan	men utara kan
berlangganan	ber langgan an
membatasinya	men batas i nya
entrinya	entri nya
kuadratnya	kuadrat nya
bayar	bayar
maju	maju
tanggung	tanggung
cerita	cerita
sutera	sutera
seyogyanya	se yogya nya
terguncang	ter guncang
memprosesnya	men proses nya
desanya	desa nya
khotbah	khotbah
semapan	se mapan
liciknya	licik nya
mendaftar	men daftar
dilandasi	di landas i
merdeka	merdeka
suruh	suruh
berharganya	ber harga nya
merosot	merosot
masuknya	masuk nya
taburkan	tabur kan
berlutut	ber lutut
capai	capai
peledak	pen ledak
melambaikan	men lambai kan
makan	makan
imanmu	iman mu
referensi	referensi
berjarak	ber jarak
sepenuh	se penuh
memutakhirkan	men mutakhir kan
mejanya	meja nya
melumpuhkannya	men lumpuh kan nya
ratap	ratap
balasannya	balas an nya
bernada	ber nada
sedekahmu	sedekah mu
cakupannya	cakup an nya
diizinkan	di izin kan
menaruhnya	men taruh nya
dikhawatirkan	di khawatir kan
realis	realis
diperbuatnya	di per buat nya
melelahkan	men lelah kan
mabuk	mabuk
singkatan	singkat an
realokasi	realokasi
diungsikan	di ungsi kan
pelantikannya	pen lantik an nya
ujar	ujar
penggunaannya	pen guna an nya
berlatar	ber latar
membungkam	men bungkam
surutnya	surut nya
kemasan	kemas an
ditelanjangi	di telanjang i
komentarnya	komentar nya
merayakannya	men raya kan nya
perlindungan	per lindung an
kriteria	kriteria
mendiversifikasi	men diversifikasi
sumber	sumber
berhutang	ber hutang
makanan	makan an
mengherankan	men heran kan
persekolahan	per sekolah an
romawi	romawi
terselubung	ter selubung
membebankan	men beban kan
ditekan	di tekan
bangsanya	bangsa nya
didokumentasikan	di dokumentasi kan
menagih	men tagih
memberlakukan	men ber laku kan
diaudit	di audit
simbol	simbol
menyadarkan	men sadar kan
jurus	jurus
taman	taman
kontrakan	kontrak an
ambulan	ambulan
bergeser	ber geser
difoto	di foto
perang	perang
hibur	hibur
memukul	men pukul
menjenguk	men jenguk
lalai	lalai
pembubaran	pen bubar an
diversifikasi	diversifikasi
pungli	pungli
melayu	melayu
rindukan	rindu kan
ilegal	ilegal
bergelut	ber gelut
pengepakan	pen kepak an
pengobatan	pen obat an
korupsi	korupsi
mempermasalahkan	men masalah kan
bercerai	ber cerai
terhalang	ter halang
mengeraskan	men keras kan
penyegaran	pen segar an
mempercepat	men cepat
kinerja	kinerja
tersesatnya	ter sesat nya
menjadwal	men jadwal
kisahnya	kisah nya
barat	barat
aksesibilitas	aksesibilitas
penyuapan	pen suap an
moto	moto
terarah	ter arah
kehendak	kehendak
keringnya	kering nya
bermurah	ber murah
mencegah	men cegah
rintangannya	rintang an nya
perampingan	pen ramping an
melanggankan	men langgan kan
mengajarinya	men ajar i nya
menggali	men gali
misalnya	misal nya
menuntun	men tuntun
penyaringan	pen saring an
aktual	aktual
penumpangan	pen tumpang an
komoditi	komoditi
diloloskan	di lolos kan
dipilihnya	di pilih nya
pembasmi	pen basmi
variabel	variabel
berinisiatif	ber inisiatif
ekstra	ekstra
aspek	aspek
akurasi	akurasi
kagum	kagum
masyarakatnya	masyarakat nya
gulungan	gulung an
rajaku	raja aku
pelempar	pen lempar
kubuang	ku buang
liriknya	lirik nya
nyamuk	nyamuk
kaidah	kaidah
dikelompokkan	di kelompok kan
menekankan	men tekan kan
hidrogen	hidrogen
perbaiki	perbaiki
terparkir	ter parkir
menyita	men sita
mengembalikan	men kembali kan
diharap	di harap
salib	salib
praktik	praktik
dusunnya	dusun nya
kolonial	kolonial
popoknya	popok nya
teguran	tegur an
editorialnya	editorial nya
penciumannya	pen cium an nya
terlupakan	ter lupa kan
menaikan	men tai kan
dirumahkan	di rumah kan
selidiki	selidik i
terpuruk	ter puruk
daftar	daftar
disenangi	di senang i
aksara	aksara
rasial	rasial
kunyah	kunyah
memajang	men pajang
mengikutinya	men ikut i nya
ditelan	di telan
pinjam	pinjam
ditelaah	di telaah
pengunduran	pen undur an
arena	arena
terperangkap	ter pen rangkap
pemelihara	pen pelihara
juruselamatku	juruselamat ku
mengekspor	men ekspor
banknya	bank nya
diikutkan	di ikut kan
pemiliknya	pen milik nya
diserahkan	di serah kan
berujar	ber ujar
pengemis	pen kemis
jawabku	jawab ku
bergantung	ber gantung
penjaminnya	pen jamin nya
diletakkan	di letak kan
aksi	aksi
kabarnya	kabar nya
mengangkut	men angkut
argumen	argumen
dikenakan	di kena kan
meksiko	meksiko
berpasir	ber pasir
memperlancar	men lancar
asrama	asrama
kerinduannya	ke rindu an nya
pemberkatan	pen berkat an
terlaksananya	ter laksana nya
pengubah	pen ubah
uluran	ulur an
pohonnya	pohon nya
penerapannya	pen terap an nya
menyebabkannya	men sebab kan nya
menggerutu	men gerutu
pemantapan	pen mantap an
angka	angka
darurat	darurat
bertetangga	ber tetangga
usia	usia
struktur	struktur
terdaftar	ter daftar
amarahnya	amarah nya
pengantarnya	pen antar nya
bertambah	ber tambah
disiarkan	di siar kan
melacak	men lacak
mainkan	main kan
cukai	cuka i
pengelompokan	pen kelompok an
bersintesis	ber sintesis
diberlakukannya	di ber laku kan nya
antarinstansi	antar instansi
penampung	pen tampung
alat	alat
dendam	dendam
pertimbangan	per timbang an
menunda	men tunda
kejatuhannya	ke jatuh an nya
gardu	gardu
keluarganya	keluarga nya
berdedikasi	ber dedikasi
dikenai	di kena i
asam	asam
selangit	se langit
ditugaskan	di tugas kan
memikul	men pikul
darah	darah
melempar	men lempar
didengar	di dengar
terisolasi	ter isolasi
pengumumannya	pen umum an nya
tersisih	ter sisih
nonfisik	non fisik
rekaan	reka an
dipisahkan	di pisah kan
rumah	rumah
kliring	kliring
tertawa	ter tawa
arteri	arteri
disalurkan	di salur kan
mewarisi	men waris i
digembalakan	di gembala kan
tertawaan	ter tawa an
mekanik	mekanik
antarkota	antar kota
maksudkan	maksud kan
mendua	men dua
berbahan	ber bah an
penyelidikan	pen selidik an
pelestarian	pen lestari an
terbentuk	ter bentuk
model	model
minimal	minimal
aspirasi	aspirasi
kekasihnya	kekasih nya
menyemangatinya	men semangat i nya
sebagus	se bagus
berkurang	ber kurang
dipaparkan	di papar kan
klasik	klasik
dieksekusi	di eksekusi
cerai	cerai
paten	paten
penguatan	pen kuat an
tungku	tungku
direktorat	direktorat
mengetuk	men ketuk
terhebat	ter hebat
lihat	lihat
bagian	bagi an
penampilan	pen tampil an
baterai	baterai
ayu	ayu
membeberkan	men beber kan
pacuan	pacu an
mentimun	mentimun
adonan	adon an
tuju	tuju
diorganisasi	di organisasi
bapak	bapak
regenerasi	regenerasi
berteduh	ber teduh
tetap	tetap
terjatuh	ter jatuh
memperindah	men indah
pelaksanaannya	pen laksana an nya
dicoba	di coba
preminya	premi nya
lengan	lengan
memeluk	men peluk
pucuk	pucuk
dimintakan	di minta kan
memunculkan	men muncul kan
tuanmu	tuan mu
dimaksudkan	di maksud kan
dikehendaki	di kehendak i
kekalnya	kekal nya
dipahami	di paham i
promosi	promosi
penalarannya	pen nalar an nya
mencatatkan	men catat kan
daftarnya	daftar nya
alamiah	alamiah
dikombinasikan	di kombinasi kan
pekerjaan	pekerja an
memperjuangkan	men juang kan
kenakan	kena kan
relatifnya	relatif nya
antarpasangan	antar pasang an
dipersulit	di per sulit
merekatkan	men rekat kan
balita	balita
teman	teman
berinteraksi	ber interaksi
jarak	jarak
sifatnya	sifat nya
menyimpang	men simpang
mengimpor	men impor
komersil	komersil
berencana	ber rencana
penggratisan	pen gratis an
merampas	men rampas
pemutakhiran	pen mutakhir an
cerdas	cerdas
memarkir	men parkir
berendam	ber rendam
berlumpur	ber lumpur
asumsinya	asumsi nya
silam	silam
penunjukan	pen tunjuk an
nonmiskin	nonmiskin
kesempatan	kesempatan
kilang	kilang
pembibitan	pen bibit an
dikunjunginya	di kunjung i nya
penyesalan	pen sesal an
dirumahmu	di rumah mu
gilanya	gila nya
restrukturisasi	restrukturisasi
kecenderungan	kecenderungan
ditambahkannya	di tambah kan nya
diderita	di derita
gubernurnya	gubernur nya
pengusahaan	pen usaha an
ditembak	di tembak
mengambilkan	men ambil kan
memasukannya	men pasukan nya
membacanya	men baca nya
pipi	pipi
tempel	tempel
hancurnya	hancur nya
direkam	di rekam
dikeraskan	di keras kan
niatan	niat an
penyejuk	pen sejuk
diubahkan	di ubah kan
memprotes	men protes
bakti	bakti
aniaya	aniaya
independent	independent
kuyakini	ku yakin i
rekan	rekan
materinya	materi nya
depkes	depkes
kuota	kuota
ironisnya	ironis nya
melambangkan	men lambang kan
leganya	lega nya
memenangi	men menang i
penghasilan	pen hasil an
mogok	mogok
mengarahkannya	men arah kan nya
dibatalkan	di batal kan
dipadati	di padat i
memadai	memadai
terjaganya	ter jaga nya
mengosongkan	men kosong kan
mencobanya	men coba nya
penanggung	pen tanggung
diterapkan	di terap kan
membodohi	men bodoh i
terpajang	ter pajang
kritis	kritis
diakumulasikannya	di akumulasi kan nya
ujung	ujung
nutrisi	nutrisi
mereview	men review
memikulmu	men pikul mu
putusan	putus an
curang	curang
sebal	sebal
proyeknya	proyek nya
konvensi	konvensi
datanya	data nya
dinegosiasikan	di negosiasi kan
steril	steril
dimengerti	di mengerti
injeksikan	injeksi kan
selebar	se lebar
pergolakan	per golak an
digunakan	di guna kan
terhitung	ter hitung
tegak	tegak
hayati	hayat i
memelihara	men pelihara
hak	hak
konsentrasi	konsentrasi
adam	adam
arus	arus
dilatihnya	di latih nya
adikku	adik ku
dibutuhkannya	di butuh kan nya
hurufnya	huruf nya
ucapan	ucap an
santun	santun
pengorganisasian	pen organisasi an
kumuh	kumuh
berpikiran	ber pikir an
rinci	rinci
terpopuler	ter populer
menyusut	men susut
sertifikasi	sertifikasi
delima	delima
batalkan	batal kan
belajar	belajar
talenta	talenta
menumpasnya	men tumpas nya
melihat	men lihat
membicarakannya	men bicara kan nya
bersenjatakan	ber senjata kan
pembangkit	pen bangkit
serap	serap
kaos	kaos
alot	alot
dilalui	di lalu i
kode	kode
menjuarai	men juara i
diasumsikan	di asumsi kan
penyimpangan	pen simpang an
pendanaannya	pen dana an nya
dipimpin	di pimpin
ketidaksuburan	ke tidak subur an
sanksinya	sanksi nya
tahunnya	tahun nya
melenceng	men lenceng
ditulisnya	di tulis nya
ternak	ternak
pemutakhirannya	pen mutakhir an nya
berartinya	ber arti nya
komplain	komplain
negatif	negatif
isterimu	isteri mu
diklaim	di klaim
primer	primer
sekecil	se kecil
juru	juru
memprioritaskan	men prioritas kan
asin	asin
pusing	pusing
mempersembahkan	men sembah kan
menyebabkan	men sebab kan
menjatuhi	men jatuh i
ditransaksikan	di transaksi kan
ditiadakan	di tiada kan
percayai	percaya i
mengindahkan	men indah kan
tundukkan	tunduk kan
mengoreksi	men koreksi
lapar	lapar
mengakhiri	men akhir i
minim	minim
televisi	televisi
belalai	belalai
gelandangan	gelandang an
bulunya	bulu nya
misinya	misi nya
rekapitulasi	rekapitulasi
diobservasi	di observasi
musuhnya	musuh nya
berpuasa	ber puasa
belasan	belas an
penjelas	pen jelas
pilihan	pilih an
penahan	pen tahan
pulih	pulih
membenci	men benci
menyanyi	men nyanyi
tubuhnya	tubuh nya
bertempat	ber tempat
jubahnya	jubah nya
penguasaan	pen kuasa an
cincin	cincin
amal	amal
sma	sma
berkelahi	ber kelahi
disisi	di sisi
laksana	laksana
menjanda	men janda
pembuangan	pen buang an
setulusnya	se tulus nya
timbangannya	timbang an nya
menikahinya	men nikah i nya
firdaus	firdaus
pencair	pen cair
ajaran	ajar an
diumumkan	di umum kan
maret	maret
diluncurkan	di luncur kan
usang	usang
mewaspadai	men waspada i
membesarkan	men besar kan
kucingnya	kucing nya
adik	adik
bersentuhan	ber sentuh an
tegar	tegar
menerjemahkan	men terjemah kan
anggukan	angguk an
mengajukannya	men aju kan nya
kreatif	kreatif
muhammad	muhammad
firman	firman
menemaninya	men teman i nya
membungkus	men bungkus
timnya	tim nya
perangnya	perang nya
halaman	halaman
harap	harap
menyiapkan	men siap kan
penerimanya	pen terima nya
bersimpati	ber simpati
peninggalan	pen tinggal an
memperbincangkan	men bincang kan
memanipulasi	men manipulasi
ditutup	di tutup
lurus	lurus
membohongi	men bohong i
diperbuat	di per buat
tes	tes
mengimbangi	men imbang i
dikaburkan	di kabur kan
pergumulan	per gumul an
dibakar	di bakar
berbahagia	ber bahagia
mengecil	men kecil
ditimbulkan	di timbul kan
instansi	instansi
dinikahkan	di nikah kan
terkasih	ter kasih
lentur	lentur
kemajuannya	ke maju an nya
alias	alias
bertindak	ber tindak
pria	pria
dijadwalkan	di jadwal kan
berwawasan	ber wawasan
almamaternya	almamater nya
wangi	wangi
penggugah	pen gugah
mencacah	men cacah
meredam	men redam
nondepartemen	non departemen
mudahnya	mudah nya
dicocokkan	di cocok kan
berkarat	ber karat
hawa	hawa
pangan	pangan
perkumpulan	per kumpul an
pikiran	pikir an
tangan	tangan
kepalamu	kepala mu
antipesawat	anti pesawat
mencurinya	men curi nya
diabaikan	di abai kan
mengejutkan	men kejut kan
merawat	men rawat
lamaran	lamar an
dijumpai	di jumpa i
menguntungkan	men untung kan
memproyeksikan	men proyeksi kan
berkemungkinan	ber kemungkinan
majikan	majikan
dibuatkannya	di buat kan nya
antikristus	anti kristus
panjangnya	panjang nya
jawab	jawab
ditulisi	di tulis i
memiliki	men milik i
ekspansi	ekspansi
memesan	men pesan
pengasingan	pen asing an
mengambilnya	men ambil nya
bermata	ber mata
koran	koran
mendaur	men daur
pergeseran	per geser an
kutukan	kutuk an
mengatasi	men atas i
foto	foto
menjembatani	men jembatan i
ditunjukkan	di tunjuk kan
diketik	di ketik
malam	malam
menjulurkan	men julur kan
selamat	selamat
familinya	famili nya
takjub	takjub
label	label
pertanian	per tani an
rambut	rambut
burung	burung
terserap	ter serap
milyaran	milyar an
memotong	men potong
dibawahinya	di bawah i nya
curahan	curah an
agungnya	agung nya
keikutsertaan	ke ikutserta an
membentang	men bentang
agamanya	agama nya
panti	panti
menumbuhkan	men tumbuh kan
klien	klien
bangkit	bangkit
merealokasikan	men realokasi kan
federal	federal
ketidakpatuhan	ke tidak patuh an
antartempat	antar tempat
penyisihan	pen sisih an
resminya	resmi nya
antarteman	antar teman
realitas	realitas
teliti	teliti
dihormatinya	di hormat i nya
berupa	ber rupa
seporsi	se porsi
muatan	muat an
pendam	pendam
pohon	pohon
diciumnya	di cium nya
favoritnya	favorit nya
yakini	yakin i
butir	butir
berakal	ber akal
deregulasi	deregulasi
melampaui	men lampau i
didasari	di dasar i
menyukseskan	men sukses kan
rahmat	rahmat
memulihkannya	men pulih kan nya
dibiayai	di biaya i
memurnikan	men murni kan
emosinya	emosi nya
wajib	wajib
dibenci	di benci
melekatnya	men lekat nya
dipresentasikan	di presentasi kan
administratifnya	administratif nya
tuhan	tuhan
bentuk	bentuk
renovasinya	renovasi nya
tunggu	tunggu
bernuansa	ber nuansa
berenang	ber renang
terhutang	ter hutang
nasional	nasional
diperdamaikan	di per damai kan
lintasan	lintas an
pepohonan	pepohonan
rambutan	rambut an
sektarian	sektarian
terpanjang	ter panjang
cengkehnya	cengkeh nya
natur	natur
penuntutan	pen tuntut an
kaget	kaget
memberitahu	men beritahu
menorehkan	men toreh kan
terdiri	ter diri
memantulkan	men pantul kan
saldo	saldo
diambilkan	di ambil kan
parameter	parameter
antarwaktu	antar waktu
berlayar	ber layar
antusiasme	antusiasme
mandi	mandi
pakunya	paku nya
raja	raja
bentukan	bentuk an
menanggapinya	men tanggap i nya
kemukakan	kemuka kan
mengukurkan	men ukur kan
minumannya	minum an nya
jati	jati
fakultas	fakultas
kebunnya	kebun nya
tertahankan	ter tahan kan
pembaruannya	pen baru an nya
hatimu	hati mu
terburuk	ter buruk
singapura	singapura
jutaan	juta an
pembesar	pen besar
kakiku	kaki ku
diberitahukan	di beritahu kan
pertaruhan	per taruh an
merubuhkan	men rubuh kan
pembicara	pen bicara
terputus	ter putus
penerbangan	pen terbang an
silang	silang
bekal	bekal
perpisahannya	per pisah an nya
melupakan	men lupa kan
kuncinya	kunci nya
pembongkaran	pen bongkar an
memetik	men petik
tinjauan	tinjau an
ditabrakkan	di tabrak kan
diperbesar	di per besar
silakan	silakan
bersalju	ber salju
pulau	pulau
ditahan	di tahan
cita	cita
penyempitan	pen sempit an
mengintegrasikan	men integrasi kan
terbaik	ter baik
mempunyai	men punya i
melarang	men larang
galeri	galeri
faktor	faktor
sejuk	sejuk
diberikan	di beri kan
menggembirakan	men gembira kan
pikirannya	pikir an nya
mengadukan	men adu kan
karakteristik	karakteristik
mendampingi	men damping i
pendengar	pen dengar
ingatan	ingat an
menggagas	men gagas
dilangsungkan	di langsung kan
kirim	kirim
mengutamakan	men utama kan
bakat	bakat
setangkai	se tangkai
mengadopsi	men adopsi
setujui	setuju i
merogoh	men rogoh
tikar	tikar
menghubungkannya	men hubung kan nya
kemungkinan	kemungkinan
serangan	serang an
rambutmu	rambut mu
mentalitas	mentalitas
lucu	lucu
menggulung	men gulung
perceraiannya	per cerai an nya
wortel	wortel
penjualannya	pen jual an nya
menuntunnya	men tuntun nya
menaatinya	men taat i nya
bergulingan	ber guling an
direvisi	di revisi
tujukan	tuju kan
mencairnya	men cair nya
mengejek	men ejek
hulu	hulu
ditanggung	di tanggung
sedarah	se darah
dijelaskan	di jelas kan
pengusulan	pen usul an
dililiti	di lilit i
panitia	panitia
gosip	gosip
akta	akta
ditaruhnya	di taruh nya
gas	gas
kepemimpinannya	kepemimpinan nya
penggaris	pen garis
memasok	men pasok
negara	negara
kanada	kanada
seakurat	se akurat
jajaran	jajar an
uap	uap
cahaya	cahaya
salahnya	salah nya
perdata	perdata
unggul	unggul
bidikan	bidik an
difasilitasi	di fasilitas i
dituakan	di tua kan
ditelepon	di telepon
menggantikannya	men ganti kan nya
suaranya	suara nya
bergirang	ber girang
korup	korup
arab	arab
eksklusif	eksklusif
pidato	pidato
berkat	berkat
payahmu	payah mu
persaudaraan	per saudara an
kami	kami
menyembuhkan	men sembuh kan
hakekat	hakekat
dikendorkan	di kendor kan
mengelabui	men kelabui
rohnya	roh nya
nyeri	nyeri
memikirkan	men pikir kan
tontonan	tonton an
paket	paket
pengirimannya	pen kirim an nya
dihimpun	di himpun
sesuainya	sesuai nya
pernyataan	per nyata an
menanggulanginya	men tanggulang i nya
mengucapkannya	men ucap kan nya
relevansinya	relevansi nya
menelaah	men telaah
mengirimkan	men kirim kan
sepihak	se pihak
daunnya	daun nya
gaji	gaji
ikut	ikut
jendela	jendela
penggundulan	pen gundul an
menamakan	men nama kan
tercantum	ter cantum
lawatan	lawatan
pengguna	pen guna
anjing	anjing
ramainya	ramai nya
mengerti	mengerti
kokoh	kokoh
tercoreng	ter coreng
pemadam	pen madam
validitas	validitas
penagihan	pen tagih an
sensor	sensor
ratapan	ratap an
dituangkan	di tuang kan
ditimpa	di timpa
kadar	kadar
mengulangnya	men ulang nya
antardesanya	antar desa nya
sensasi	sensasi
panggung	panggung
karet	karet
konteks	konteks
kakinya	kaki nya
dirobek	di robek
dihantam	di hantam
dengarkan	dengar kan
pemungutan	pen pungut an
bbm	bbm
polos	polos
membimbing	men bimbing
situasinya	situasi nya
anjuran	anjur an
penginjilan	pen injil an
dicakup	di cakup
lautnya	laut nya
nasibnya	nasib nya
rw	rw
hampa	hampa
pundi	pundi
penunjang	pen tunjang
pendelegasian	pen delegasi an
umat	umat
tepatnya	tepat nya
bapanya	bapa nya
kaum	kaum
akomodasi	akomodasi
berguna	ber guna
kebutuhannya	ke butuh an nya
terhormat	ter hormat
sebanyak	se banyak
harganya	harga nya
menua	men tua
lampiran	lampir an
mengorganisasikan	men organisasi kan
naungan	naung an
udara	udara
darahnya	darah nya
sepatu	sepatu
mematikan	men mati kan
marinir	marinir
mengelilingi	men keliling i
diduga	di duga
terpanggil	ter panggil
dukun	dukun
ubah	ubah
disuntik	di suntik
berani	berani
dilupakan	di lupa kan
bergunanya	ber guna nya
bilangan	bilang an
rate	rate
emosi	emosi
menggenggam	men genggam
miskinnya	miskin nya
wajah	wajah
dipilihkan	di pilih kan
mewariskan	men waris kan
mengutusnya	men utus nya
konser	konser
memancarkan	men pancar kan
pengetahuan	pengetahuan
penguburan	pen kubur an
riba	riba
pelindung	pen lindung
mual	mual
menjangkau	men jangkau
konstruksi	konstruksi
jurnalisme	jurnalisme
umumnya	umum nya
bermainnya	ber main nya
diagnosa	diagnosa
kau	kau
hasilnya	hasil nya
membuat	men buat
acara	acara
rintisan	rintis an
pengasuhan	pen asuh an
selektif	selektif
pola	pola
dunianya	dunia nya
berdinding	ber dinding
pengurangan	pen kurang an
kebalikan	ke balik an
dipadukan	di padu kan
tembakan	tembak an
prestise	prestise
efisiensinya	efisiensi nya
dipanggang	di panggang
kas	kas
bingung	bingung
sangkakala	sangkakala
berlaga	ber laga
diperingatkan	di per ingat kan
menjelekkan	men jelek kan
terbayar	ter bayar
menggenapi	men genap i
dihimbau	di himbau
gelanggang	gelanggang
lahannya	lahan nya
dikumpulkan	di kumpul kan
populasi	populasi
punggungnya	punggung nya
riilnya	riil nya
ditinggalkannya	di tinggal kan nya
menyederhanakan	men sederhana kan
berhentinya	ber henti nya
menghapuskan	men hapus kan
berhiaskan	ber hias kan
dilanjutkan	di lanjut kan
membesar	men besar
intimidasi	intimidasi
menggosokkan	men gosok kan
distributor	distributor
berjasa	ber jasa
menurunkan	men turun kan
periklanan	per iklan an
perumahan	pen rumah an
dididik	di didik
gugusan	gugus an
skema	skema
asistennya	asisten nya
termahal	ter mahal
pertunjukannya	per tunjuk an nya
direformasi	di reformasi
melegakan	men lega kan
pelita	pelita
isolasi	isolasi
jiwaku	jiwa aku
hobi	hobi
natal	natal
bak	bak
bidikannya	bidik an nya
penargetan	pen target an
taksir	taksir
defensif	defensif
ajang	ajang
brasil	brasil
menurunkannya	men turun kan nya
absennya	absen nya
dipublikasikan	di publikasi kan
konkret	konkret
kira	kira
konsolidasi	konsolidasi
menerpanya	men terpa nya
kabut	kabut
berdagang	ber dagang
konteksnya	konteks nya
ketidakstabilan	ke tidak stabil an
anggur	anggur
mendanai	men dana i
memukau	men pukau
mustahil	mustahil
alumninya	alumni nya
petugas	petugas
mengidap	men idap
mendasari	men dasar i
sedunia	se dunia
tabrak	tabrak
penjahit	pen jahit
dipetik	di petik
memperolehnya	men peroleh nya
pai	pai
porsi	porsi
melampirkan	men lampir kan
verifikasinya	verifikasi nya
berbukit	ber bukit
berkantor	ber kantor
presiden	presiden
menyalurkannya	men salur kan nya
teologiku	teologi ku
dikembalikannya	di kembali kan nya
bersinggungan	ber singgung an
salah	salah
terlaksana	ter laksana
ayub	ayub
menjerat	men jerat
dicermati	di cermat i
penyelesaiannya	pen selesai an nya
pemilu	pemilu
penggenapannya	pen genap an nya
awak	awak
lutut	lutut
melantik	men lantik
pemisahan	pen pisah an
musikal	musikal
pelaporan	pen lapor an
rubuh	rubuh
jamak	jamak
kalender	kalender
berwibawa	ber wibawa
ditekel	di tekel
tersihir	ter sihir
ui	ui
fasik	fasik
intensitas	intensitas
berkendara	ber kendara
sejumlah	se jumlah
protes	protes
maksud	maksud
mencicipi	men cicip i
apartemen	apartemen
memedomani	men pedoman i
tersendiri	ter sendiri
pembimbing	pen bimbing
datar	datar
menjejali	men jejal i
prosedural	prosedural
berganti	ber ganti
terganggunya	ter ganggu nya
permasyarakatan	per masyarakat an
menjelaskannya	men jelas kan nya
menimpa	men timpa
mengikutkan	men ikut kan
menggoyahkan	men goyah kan
anu	anu
memacunya	men pacu nya
pengecer	pen ecer
pergumulannya	per gumul an nya
terelakkan	ter elak kan
mempersoalkannya	men soal kan nya
menguraikan	men urai kan
kabur	kabur
pemblokiran	pen blokir an
bakaran	bakar an
mengutuk	men kutuk
dampak	dampak
mentah	mentah
nopember	nopember
diperkenan	di per kenan
urusan	urus an
menghiasi	men hias i
bersaudara	ber saudara
etis	etis
pekan	pekan
inspektur	inspektur
jejak	jejak
menginvestasikan	men investasi kan
ketidakseragaman	ke tidak seragam an
kontrak	kontrak
dialokasi	di alokasi
balasan	balas an
perekat	pen rekat
dibiaya	di biaya
demobilisasi	demobilisasi
haluan	halu an
kotorannya	kotor an nya
pribadinya	pribadi nya
teringat	ter ingat
peminjaman	pen pinjam an
sosis	sosis
analisisnya	analisis nya
pemimpin	pen pimpin
memperhadapkan	men hadap kan
dibuang	di buang
wajahnya	wajah nya
hebat	hebat
konsekuensi	konsekuensi
dipengaruhi	di pengaruh i
margasatwa	margasatwa
buka	buka
ditandatangani	di tandatangan i
penganggaran	pen anggar an
matinya	mati nya
diagendakan	di agenda kan
naik	naik
karpet	karpet
pewaris	pen waris
baku	baku
dibubarkannya	di bubar kan nya
takluk	takluk
ketidakadilan	ke tidak adil an
dibuatkan	di buat kan
polisi	polisi
pergi	pergi
meratapi	men ratap i
merawati	men rawat i
katamu	kata mu
berdomisili	ber domisili
koperasinya	koperasi nya
representasi	representasi
perpustakaan	perpustakaan
kamarmu	kamar mu
topinya	top i nya
memperingatkan	men ingat kan
menggiring	men giring
privat	privat
dianggap	di anggap
merapat	men rapat
investigasinya	investigasi nya
elpiji	elpiji
cemas	cemas
diwariskan	di waris kan
persamaan	per sama an
klorofilnya	klorofil nya
berurusan	ber urus an
damai	damai
bersasaran	ber sasar an
disebarkan	di sebar kan
didiskusikan	di diskusi kan
skala	skala
tayangan	tayang an
kipas	kipas
lemaknya	lemak nya
memperhitungkan	men hitung kan
terlontar	ter lontar
munafik	munafik
potensialnya	potensial nya
belanja	belanja
menyelenggarakannya	men selenggara kan nya
penderitaannya	pen derita an nya
berbagi	ber bagi
prospek	prospek
bisnisnya	bisnis nya
memberantas	men berantas
diperiksa	di periksa
mulutnya	mulut nya
tercurah	ter curah
ditabungkan	di tabung kan
substansi	substansi
tertindas	ter tindas
diembankan	di emban kan
kabul	kabul
menghiraukan	men hirau kan
membuangnya	men buang nya
bertengger	bertengger
pendaratan	pen darat an
lilin	lilin
keran	keran
menerangkan	men terang kan
antarkepala	antar kepala
subkontrak	subkontrak
jawabnya	jawab nya
tuannya	tuan nya
menuangkan	men tuang kan
pembersihan	pen bersih an
berderit	ber derit
pasal	pasal
lumpur	lumpur
kelelawar	kelelawar
negarawan	negara wan
tertutupi	ter tutup i
kuantitas	kuantitas
sidik	sidik
panci	panci
juli	juli
tulangku	tulang ku
membajak	men bajak
dibimbing	di bimbing
nenek	nenek
stres	stres
teladanku	teladan ku
menghalau	men halau
sangsi	sangsi
tersisihkan	ter sisih kan
menjajaki	men jajak i
menyuburkan	men subur kan
operasinya	operasi nya
penutupan	pen tutup an
khususnya	khusus nya
aktifitasnya	aktifitas nya
tersebar	ter sebar
pemusik	pen musik
pengawas	pen awas
pandangannya	pandang an nya
ditusuk	di tusuk
bertujuan	ber tuju an
komisi	komisi
sangka	sangka
berandil	ber andil
memaparkan	men papar kan
menggolongkan	men golong kan
sebijaksana	se bijaksana
balai	bala i
terusir	ter usir
mengabaikannya	men abai kan nya
menancapkan	men tancap kan
damaskus	damaskus
mekanisme	mekanisme
seks	seks
didekatnya	di dekat nya
kompleks	kompleks
dikepalai	di kepala i
pendalaman	pen dalam an
pembantu	pen bantu
tercakup	ter cakup
direkonstruksi	di rekonstruksi
menyeret	men seret
jeratan	jerat an
dihubungkan	di hubung kan
pikul	pikul
putri	putri
dipanen	di panen
diulang	di ulang
kondisinya	kondisi nya
penghambat	pen hambat
tewas	tewas
lagu	lagu
berjanji	ber janji
tuntut	tuntut
santai	santai
sesuatunya	sesuatu nya
paruh	paruh
melangkah	men langkah
bersaing	ber saing
harapannya	harap an nya
disibukkan	di sibuk kan
pahlawan	pahlawan
kisarannya	kisar an nya
kertas	kertas
mengisyaratkan	men isyarat kan
berpemerintahan	ber pen perintah an
diteladankan	di teladan kan
berminat	ber minat
kumpulan	kumpul an
menganalisis	men analisis
diolah	di olah
islami	islam i
dianggapnya	di anggap nya
puja	puja
cairan	cair an
pemilih	pen pilih
administratif	administratif
memujikan	men puji kan
implikasinya	implikasi nya
dicurangi	di curang i
menunjukkan	men tunjuk kan
disadarkan	di sadar kan
kenaikan	ke naik an
hancur	hancur
indonesia	indonesia
penyediaan	pen sedia an
indera	indera
meratapinya	men ratap i nya
kesudahan	ke sudah an
diseberangi	di seberang i
katak	katak
inspirasi	inspirasi
mewujudkan	men wujud kan
luang	luang
cina	cina
didalamnya	di dalam nya
menyengsarakan	men sengsara kan
kelanjutan	ke lanjut an
sebesar	se besar
mahkamah	mahkamah
penyerangan	pen serang an
goyah	goyah
matematikanya	matematika nya
pemegang	pen pegang
berkoordinasi	ber koordinasi
diaplikasikan	di aplikasi kan
peminjam	pen pinjam
publikasi	publikasi
berteguh	ber teguh
indikasinya	indikasi nya
kosmetik	kosmetik
antariksa	antariksa
grosir	grosir
pertalian	per tali an
disebutkan	di sebut kan
penyuling	pen suling
berimplikasi	ber implikasi
pendukungnya	pen dukung nya
dilemparkan	di lempar kan
mengundurkan	men undur kan
penganyam	pen anyam
penjamin	pen jamin
dilabuhkan	di labuh kan
jemput	jemput
pengelolaannya	pen kelola an nya
slogan	slogan
sejawat	se jawat
lanjutan	lanjut an
merenovasi	men renovasi
rp	rp
alfabet	alfabet
dianiaya	di aniaya
potret	potret
meluas	men luas
kunjungan	kunjung an
mandatnya	mandat nya
jemaatnya	jemaat nya
pencemaran	pen cemar an
intensi	intens i
gembira	gembira
bobroknya	bobrok nya
membekukan	men beku kan
penghasil	pen hasil
zaman	zaman
membuktikannya	men bukti kan nya
mengikrarkan	men ikrar kan
tektonik	tektonik
menunjang	men tunjang
menyerahkannya	men serah kan nya
kulalui	ku lalu i
lengkapnya	lengkap nya
lampu	lampu
puskesmas	puskesmas
memasukinya	men masuk i nya
menandingi	men tanding i
bimbang	bimbang
menyentuh	men sentuh
rekannya	rekan nya
memperkenankan	men kenan kan
pertimbangannya	per timbang an nya
memuliakan	men mulia kan
tebus	tebus
hewan	hewan
gelombang	gelombang
pesona	pesona
capaiannya	capai an nya
berakar	ber akar
timah	timah
bertekun	ber tekun
ada	ada
anut	anut
menggantikan	men ganti kan
baik	baik
pendatang	pen datang
perhitungannya	per hitung an nya
sucikan	suci kan
melatarbelakangi	men latarbelakang i
peraturannya	per atur an nya
bangga	bangga
menggulingkan	men guling kan
ayahmu	ayah mu
fokus	fokus
teriknya	terik nya
kelompoknya	kelompok nya
kecewa	kecewa
pekerja	pekerja
dekatnya	dekat nya
mengairi	men air i
dibakukan	di baku kan
perkaretan	per karet an
bahkan	bah kan
tersirat	ter sirat
diukur	di ukur
reputasi	reputasi
dicari	di cari
terwakili	ter wakil i
memasuki	men masuk i
tetes	tetes
sulaman	sulam an
berjumpa	ber jumpa
indeks	indeks
diserahkannya	di serah kan nya
kecolongan	kecolongan
bergulat	ber gulat
memindahkan	men pindah kan
kelahirannya	ke lahir an nya
anehnya	aneh nya
menyetujuinya	men setuju i nya
napasnya	napas nya
pesta	pesta
mengutus	men utus
tenang	tenang
berkawan	ber kawan
standarisasi	standarisasi
jenis	jenis
mendongkrak	men dongkrak
prancis	prancis
renang	renang
tertutup	ter tutup
perluasan	per luas an
perintah	perintah
tanganmu	tangan mu
menangnya	menang nya
kafein	kafein
menabrak	men tabrak
intensif	intensif
prajurit	prajurit
menyapu	men sapu
mengeksploitasi	men eksploitasi
perwakilannya	per wakil an nya
volume	volume
terindah	ter indah
protokol	protokol
terkena	ter kena
kondusif	kondusif
berdosa	ber dosa
disiapkannya	di siap kan nya
dianalisis	di analisis
ditumpuk	di tumpuk
depresiasi	depresiasi
diinspirasikan	di inspirasi kan
penyalurannya	pen salur an nya
tertib	tertib
pencerahan	pen cerah an
diprovokasi	di provokasi
didorong	di dorong
akunting	akunting
jam	jam
pindah	pindah
pembakaran	pen bakar an
beralih	ber alih
orientasi	orientasi
radiasi	radiasi
sepakbola	sepakbola
enumerasinya	enumerasi nya
produksi	produksi
bangsawan	bangsa wan
dikaruniakan	di karunia kan
membayangi	men bayang i
jenisnya	jenis nya
menyeluruh	menyeluruh
diintegrasikan	di integrasi kan
riil	riil
menandatangani	men tandatangan i
berkekuatan	ber ke kuat an
diibaratkan	di ibarat kan
dilansir	di lansir
terendah	ter rendah
pembekuan	pen beku an
murka	murka
darussalam	darussalam
dibahas	di bahas
juni	juni
pengulangan	pen ulang an
pangkat	pangkat
pergaulan	per gaul an
memburuk	men buruk
jawaban	jawab an
tajamnya	tajam nya
dibayangkan	di bayang kan
proyek	proyek
timbang	timbang
berkomunikasi	ber komunikasi
stempelnya	stempel nya
demonstrasi	demonstrasi
lontarkan	lontar kan
tergabung	ter gabung
penelitian	pen teliti an
ditemani	di teman i
jatuhkan	jatuh kan
eropa	eropa
pelanggaran	pen langgar an
antagonis	antagonis
dukunnya	dukun nya
rawat	rawat
mengamanatkan	men amanat kan
cercaan	cerca an
pencari	pen cari
masa	masa
nonpungutan	non pungut an
sampel	sampel
pertanahan	per tanah an
teralih	ter alih
wanita	wanita
memenuhinya	men penuh i nya
mekanismenya	mekanisme nya
berlalunya	ber lalu nya
sutradara	sutradara
perumusan	pen rumus an
pemanfaatnya	pen manfaat nya
kimiawi	kimiawi
selai	sela i
ungkap	ungkap
pelayaran	pen layar an
tengahnya	tengah nya
melambung	men lambung
memformatnya	men format nya
menyatu	men satu
inisiatif	inisiatif
diperlebar	di per lebar
trendi	trend i
terbangun	ter bangun
bakan	bak an
maknanya	makna nya
menyiangi	men siang i
mulanya	mula nya
dihapus	di hapus
berada	ber ada
merampok	men rampok
antarpeserta	antar peserta
tertimpa	ter timpa
percekcokan	per cekcok an
usianya	usia nya
pemangku	pen pangku
berkebalikan	ber ke balik an
parah	parah
dimata	di mata
berumput	ber rumput
konstitusional	konstitusional
menjanjikan	men janji kan
penandatangan	pen tandatangan
kutub	kutub
kombinasi	kombinasi
siswanya	siswa nya
mengurangi	men kurang i
ditanam	di tanam
menantu	menantu
berselang	ber selang
perekonomian	per ekonomi an
mainnya	main nya
bongkar	bongkar
dilewati	di lewat i
membawahi	men bawah i
diumpankan	di umpan kan
didominasi	di dominasi
jarahan	jarah an
dokumen	dokumen
pemuridan	pen murid an
renangnya	renang nya
keliling	keliling
ditaklukkan	di takluk kan
pemasyarakatan	pen masyarakat an
memveto	men veto
saudaramu	saudara mu
letaknya	letak nya
terjaga	ter jaga
penjaja	pen jaja
gelapnya	gelap nya
pegawai	pegawai
motivasinya	motivasi nya
penertiban	pen tertib an
memaksakan	men paksa kan
terpangkas	ter pangkas
insinyur	insinyur
memilih	men pilih
karakter	karakteri
berskala	ber skala
urut	urut
keturunanmu	ke turun an mu
perhatian	per hati an
kutanggung	ku tanggung
kasihi	kasih i
gerai	gerai
memudahkan	men mudah kan
kata	kata
pinggir	pinggir
timur	timur
cobakan	coba kan
uang	uang
lantainya	lantai nya
pelayanan	pen layan an
menyebar	men sebar
direpotkan	di repot kan
beranggaran	ber anggar an
sekadar	se kadar
diminta	di minta
kasusnya	kasus nya
penyerbuan	pen serbu an
hasratnya	hasrat nya
dibuka	di buka
bilang	bilang
budak	budak
kamera	kamera
dipajang	di pajang
janggal	janggal
berbahasa	ber bahasa
menyedihkannya	men sedih kan nya
musyawarah	musyawarah
hormati	hormat i
didaftarkan	di daftar kan
punyai	punya i
gemilang	gemilang
penasehat	pen nasehat
modern	modern
langkahku	langkah ku
landas	landas
coraknya	corak nya
mesra	mesra
patung	patung
menjawab	men jawab
pendayagunaan	pen dayaguna an
tertatanya	ter tata nya
natalnya	natal nya
kiosnya	kios nya
berbelok	ber belok
terasing	ter asing
satker	satker
penangkapan	pen tangkap an
mengejutkannya	men kejut kan nya
satuan	satu an
dilanggar	di langgar
insya	insya
menurun	men turun
menyembur	men sembur
rajin	rajin
badannya	badan nya
diurutkan	di urut kan
mengikuti	men ikut i
pengantar	pen antar
perangkat	perangkat
dicanangkan	di canang kan
kehadirannya	ke hadir an nya
seutuhnya	se utuh nya
tikus	tikus
berpenumpang	ber pen tumpang
perguliran	per gulir an
gerutu	gerutu
rohani	rohani
perbanyakan	per banyak an
seimannya	se iman nya
pengintegrasian	pen integrasi an
penjudi	pen judi
medalinya	medali nya
mantap	mantap
menghabiskan	men habis kan
dikekang	di kekang
warga	warga
menabur	men tabur
kakeknya	kakek nya
infeksi	infeksi
istilah	istilah
menggumamkan	men gumam kan
menunjukkannya	men tunjuk kan nya
nonsaham	non saham
balik	balik
diketahui	di ketahui
operasionalnya	operasional nya
menapaki	men tapak i
mempertaruhkan	men taruh kan
interiornya	interior nya
permohonan	per mohon an
mengangkatnya	men angkat nya
keinginanmu	ke ingin an mu
jadwal	jadwal
memagari	men pagar i
pinang	pinang
terjadi	ter jadi
kena	kena
mencocokkannya	men cocok kan nya
dipesan	di pesan
ketidaklengkapan	ke tidak lengkap an
buta	buta
sarang	sarang
pertokoan	per toko an
diubah	di ubah
jumlahnya	jumlah nya
fitur	fitur
diratifikasi	di ratifikasi
memerintah	men perintah
menuntutnya	men tuntut nya
kejadian	ke jadi an
guru	guru
perbuatannya	per buat an nya
menepis	men tepis
menuliskannya	men tulis kan nya
sesuatu	sesuatu
berkhotbah	ber khotbah
penyumbang	pen sumbang
rapi	rapi
diperdagangkan	di per dagang kan
bergilir	ber gilir
nonkonsumsi	non konsumsi
ruang	ruang
mengokohkan	men kokoh kan
menggunakan	men guna kan
merendahkan	men rendah kan
gadis	gadis
mencarinya	men cari nya
dilingkupi	di lingkup i
mahasiswa	mahasiswa
menghindari	men hindar i
hambaku	hamba aku
menguatkannya	men kuat kan nya
penuaan	pen tua an
pencanangan	pen canang an
sengketa	sengketa
dicetuskan	di cetus kan
hubungan	hubung an
membelah	men belah
bajaknya	bajak nya
mencuri	men curi
duduk	duduk
diikutsertakannya	di ikutserta kan nya
letusannya	letus an nya
penolongku	pen tolong ku
camat	camat
terpola	ter pola
obsesi	obsesi
memperkuat	men kuat
legal	legal
keheranan	ke heran an
sekawasan	se kawasan
ketidakpuasannya	ke tidak puas an nya
menentang	men tentang
vonis	vonis
asumsi	asumsi
pengampunan	pen ampun an
berbiaya	ber biaya
meriamnya	meriam nya
berpendapatan	ber pen dapat an
doa	doa
penggilingan	pen giling an
tenis	tenis
ajukan	aju kan
memproduksi	men produksi
pabrikan	pabrik an
didistribusikan	di distribusi kan
pembiusan	pen bius an
senada	se nada
bahasa	bahasa
eksportir	eksportir
direkrutnya	di rekrut nya
inovasi	inovasi
melihatnya	men lihat nya
menetes	men tetes
diformulasikan	di formulasi kan
antarpemerintah	antar pen perintah
persekutuannya	per sekutu an nya
pemasarannya	pen pasar an nya
diestimasi	di estimasi
memboikotnya	men boikot nya
berpendapat	ber pen dapat
diupayakan	di upaya kan
retribusi	retribusi
menikahkan	men nikah kan
sedetik	se detik
gratis	gratis
menkeu	menkeu
dihindarinya	di hindar i nya
fitnah	fitnah
kuartal	kuartal
pencinta	pen cinta
diterus	di terus
menjengkelkan	men jengkel kan
gemar	gemar
mekaniknya	mekanik nya
planet	planet
hektare	hektare
mencapainya	men capai nya
fungsinya	fungsi nya
bermotor	ber motor
perceraian	per cerai an
bercukur	ber cukur
pengusung	pen usung
asi	as i
pedang	pedang
suksesi	sukses i
harun	harun
laporkan	lapor kan
dikenali	di kenal i
eksekusinya	eksekusi nya
sajian	saji an
akhir	akhir
terik	terik
konseling	konseling
betul	betul
dikejar	di kejar
habis	habis
peneguhan	pen teguh an
tembak	tembak
sarapan	sarapan
menjawabnya	men jawab nya
putraku	putra aku
penangkap	pen tangkap
bertenun	ber tenun
disaat	di saat
penggunanya	pen guna nya
bersembunyi	ber sembunyi
perkantoran	per kantor an
dibabat	di babat
memproduksinya	men produksi nya
melobi	men lobi
melaksanakannya	men laksana kan nya
telur	telur
menyaksikannya	men saksi kan nya
menggarap	men garap
penggarap	pen garap
menuliskan	men tulis kan
dokter	dokter
ditontonnya	di tonton nya
dijumlahkan	di jumlah kan
sinar	sinar
diambilnya	di ambil nya
berfungsi	ber fungsi
muda	muda
internet	internet
terkungkung	ter kungkung
menghubunginya	men hubung i nya
ditargetkan	di target kan
pesawatnya	pesawat nya
pembuatan	pen buat an
menghadapinya	men hadap i nya
tampilkan	tampil kan
diambang	di ambang
kompromi	kompromi
reformasi	reformasi
terinspirasi	ter inspirasi
didapat	di dapat
bising	bising
kalah	kalah
gelandang	gelandang
antikekerasan	anti ke keras an
luangkan	luang kan
menganggapnya	men anggap nya
dirham	dirham
pancing	pancing
laba	laba
sekarat	se karat
diakuinya	di aku i nya
merusak	men rusak
mengontrak	men kontrak
reaksinya	reaksi nya
diragukan	di ragu kan
dipermainkan	di per main kan
dibina	di bina
tentaranya	tentara nya
mencintaiku	men cinta i ku
pemukiman	pen mukim an
kebakaran	ke bakar an
terekam	ter rekam
kendaraannya	kendara an nya
menyertifikasi	men sertifikasi
ikutan	ikut an
sibuknya	sibuk nya
presentasi	presentasi
gamblang	gamblang
menyamarkannya	men samar kan nya
kuhadapi	ku hadap i
membanjirnya	men banjir nya
melupakanku	men lupa kan ku
bekasi	bekas i
karbon	karbon
mengukuhkan	men kukuh kan
pergelangan	per gelang an
dinasnya	dinas nya
ditempuhnya	di tempuh nya
pemeliharaan	pen pelihara an
perwakilan	per wakil an
persnelingnya	persneling nya
dirahasiakan	di rahasia kan
menuding	men tuding
memukulnya	men pukul nya
payah	payah
antarindustri	antar industri
pengajuan	pen aju an
saleh	saleh
cangkir	cangkir
diternakkan	di ternak kan
sehat	sehat
jadi	jadi
santunku	santun ku
terparah	ter parah
dirobohkan	di roboh kan
penerbitan	pen terbit an
distribusi	distribusi
melemparkannya	men lempar kan nya
terkandung	ter kandung
periode	periode
punya	punya
pihak	pihak
pelatih	pen latih
tipu	tipu
memerlukan	men perlu kan
media	media
nasionalnya	nasional nya
wakili	wakil i
dilibatkannya	di libat kan nya
pengalih	pen alih
dirumuskan	di rumus kan
setapak	se tapak
bersamaku	ber sama aku
halus	halus
koper	koper
pewawancara	pen wawancara
diakibatkan	di akibat kan
besoknya	besok nya
diagnosanya	nyagnosa nya
diawali	di awal i
pengejaran	pen kejar an
gitarnya	gitar nya
dimusyawarahkan	di musyawarah kan
pemerintahan	pen perintah an
dikompromikan	di kompromi kan
dewasa	dewasa
absen	absen
ketidaksepakatan	ke tidak sepakat an
perawatan	pen rawat an
kumpulkan	kumpul kan
pukulan	pukul an
budaknya	budak nya
hebatnya	hebat nya
pengembalian	pen kembali an
timahnya	timah nya
terowongan	terowongan
menamainya	men nama i nya
akuisisi	akuisisi
bertahan	ber tahan
vakum	vakum
terealisasi	ter realisasi
perhiasan	per hias an
apik	apik
distrik	distrik
ketidaksanggupan	ke tidak sanggup an
dikenang	di kenang
menyoroti	men sorot i
dipaksakan	di paksa kan
mempersulit	men sulit
mengimani	men iman i
menyaingi	men saing i
berpaut	ber paut
data	data
amatir	amatir
antarkeluarga	antar keluarga
pembelanjaan	pen belanja an
bungkusnya	bungkus nya
perjuangan	per juang an
sepatunya	sepatu nya
nota	nota
tampak	tampak
pendirian	pen diri an
memisahkan	men pisah kan
terkubur	ter kubur
penjahitan	pen jahit an
tertundanya	ter tunda nya
penebusan	pen tebus an
diredakan	di reda kan
diputus	di putus
seikhlasnya	se ikhlas nya
kalkulasi	kalkulasi
matiku	mati ku
tersiar	ter siar
mengakibatkan	men akibat kan
enaknya	enak nya
merenggut	men renggut
seseorang	seseorang
menggoncangkan	men goncang kan
dagingku	daging ku
pendokumentasian	pen dokumentasi an
dugaan	duga an
mengedit	men edit
penjala	pen jala
mendaratkannya	men darat kan nya
jarangnya	jarang nya
tersempit	ter sempit
menanggungnya	men tanggung nya
mengakali	men akal i
dipeluk	di peluk
digaji	di gaji
dianutnya	di anut nya
genggaman	genggam an
modul	modul
area	area
tuduhan	tuduh an
berkorban	ber korban
memakai	men pakai
peduli	peduli
terbunuhnya	ter bunuh nya
frekuensi	frekuensi
peri	pen ri
skemanya	skema nya
penggerak	pen gerak
mendesak	men desak
lantai	lantai
panen	panen
manipulasi	manipulasi
ramah	ramah
meja	meja
aktif	aktif
dihapuskannya	di hapus kan nya
merangkap	men rangkap
tenar	tenar
bijih	bijih
sampelnya	sampel nya
astronot	astronot
sekerja	se kerja
mentransformasikan	men transformasi kan
antarkomoditas	antar komoditas
murah	murah
konstitusi	konstitusi
kaku	kaku
kudengar	ku dengar
meresahkan	men resah kan
ulangan	ulang an
kalkun	kalkun
penggalangan	pen galang an
ternama	ter nama
menuntaskan	men tuntas kan
melengkapinya	men lengkap i nya
seraya	se raya
separah	se parah
pendidikan	pen didik an
seriusnya	serius nya
mengirimi	men kirim i
mengumandangkan	men kumandang kan
membidik	men bidik
penolakan	pen tolak an
berderet	ber deret
membebaskannya	men bebas kan nya
spesifik	spesifik
etnik	etnik
mainanmu	main an mu
judul	judul
selaras	selaras
kuponnya	kupon nya
bakatnya	bakat nya
menewaskan	men tewas kan
pakaiannya	pakai an nya
cemar	cemar
ditopang	di topang
dipergunakan	di per guna kan
membatu	men batu
tewasnya	tewas nya
melonjaknya	men lonjak nya
membaik	men baik
pengurusan	pen urus an
diselamatkannya	di selamat kan nya
dibutakan	di buta kan
berkemampuan	ber ke mampu an
pasangannya	pasang an nya
nyaris	nyaris
batasan	batas an
penyiapan	pen siap an
bunyinya	bunyi nya
memperdulikan	men perduli kan
penghujatan	pen hujat an
mendiskusikannya	men diskusi kan nya
pesanan	pesan an
kotamadya	kotamadya
mendengarnya	men dengar nya
naikkan	naik kan
klub	klub
tercabut	ter cabut
setia	setia
konservasi	konservasi
jajak	jajak
penghancur	pen hancur
rezim	rezim
irigasi	irigasi
terletak	ter letak
menggelar	men gelar
letusan	letus an
terompetnya	terompet nya
tersulut	ter sulut
tidurku	tidur ku
pengerasan	pen keras an
berkesudahan	ber ke sudah an
penghiburan	pen hibur an
krisis	krisis
antri	antri
dilatih	di latih
berjaga	ber jaga
hal	hal
penggusuran	pen gusur an
benar	benar
mengajaknya	men ajak nya
mewarnai	men warna i
persahabatan	per sahabat an
mengasah	men asah
seteguh	se teguh
sulut	sulut
beranggotakan	ber anggota kan
menghilang	men hilang
diwakili	di wakil i
berorientasi	ber orientasi
armada	armada
pilih	pilih
tersandung	ter sandung
realisasinya	realisasi nya
pegawainya	pegawai nya
lokali	lokal i
pengguliran	pen gulir an
penyeleksian	pen seleksi an
seprovinsi	se provinsi
mengetahuinya	men ketahui nya
pandu	pandu
komunitasnya	komunitas nya
tercium	ter cium
paruhnya	paruh nya
seefektif	se efektif
keju	keju
pelik	pelik
mengetuai	men ketua i
simak	simak
disuapi	di suap i
prospeknya	prospek nya
pengidentifikasian	pen identifikasi an
atraksi	atraksi
allahmu	allah mu
menggosok	men gosok
sesama	se sama
selebihnya	se lebih nya
cap	cap
lelah	lelah
disepakati	di sepakat i
hadapi	hadap i
membentuk	men bentuk
berdiam	ber diam
mengagendakan	men agenda kan
telaah	telaah
terkuat	ter kuat
ditangan	di tangan
komunis	komunis
otonominya	otonomi nya
diilhamkan	di ilham kan
pemboman	pen bom an
karat	karat
membunuh	men bunuh
dipecat	di pecat
sekotak	se kotak
statistik	statistik
pengangsuran	pen angsur an
kampanyenya	kampanye nya
memuaskan	men puas kan
spekulasi	spekulasi
berakibat	ber akibat
disusunnya	di susun nya
betina	betina
kompetitif	kompetitif
sempurnanya	sempurna nya
aparatur	aparatur
pemanfaat	pen manfaat
mainan	main an
lukisan	lukis an
doanya	doa nya
rendah	rendah
bimbingan	bimbing an
ikhlas	ikhlas
menipu	men tipu
menilik	men tilik
wilayah	wilayah
koleksinya	koleksi nya
memperkatakan	men kata kan
kerangka	kerangka
serius	serius
dirintis	di rintis
pembunuhan	pen bunuh an
memalsukan	men palsu kan
diatasi	di atas i
rendahan	rendah an
abstrak	abstrak
ketidakikutsertaan	ke tidak ikutserta an
jangkau	jangkau
dicap	di cap
berlangsung	ber langsung
ulama	ulama
nafsu	nafsu
serangga	serangga
kepindahan	ke pindah an
mengangsur	men angsur
berlanjut	ber lanjut
diimplementasikan	di implementasi kan
bersukacita	ber sukacita
maraton	maraton
wisma	wisma
menyedihkan	men sedih kan
bencana	bencana
menakutkan	men takut kan
mengkhawatirkan	men khawatir kan
pedagang	pedagang
panah	panah
meluncurkan	men luncur kan
menyembuhkannya	men sembuh kan nya
tender	tender
memperoleh	men peroleh
aduk	aduk
menerangi	men terang i
hakim	hakim
menghubungkan	men hubung kan
terlewatkan	ter lewat kan
perabotan	perabot an
memanennya	men panen nya
sore	sore
lolos	lolos
pendistribusiannya	pen distribusi an nya
rumahmu	rumah mu
menghilangkan	men hilang kan
ketidakberuntungan	ke tidak beruntung an
cicilan	cicil an
mengajar	men ajar
permata	permata
fiskal	fiskal
bagikan	bagi kan
terucap	ter ucap
dikategorikan	di kategori kan
berwewenang	ber wewenang
berkeinginan	ber ke ingin an
kuperintahkan	ku perintah kan
kemungkinannya	kemungkinan nya
panggil	panggil
sepakat	sepakat
pengrajin	pen rajin
modalnya	modal nya
kedatangan	ke datang an
timbangan	timbang an
lewatkan	lewat kan
genggam	genggam
tepat	tepat
rendahnya	rendah nya
cinta	cinta
disamakan	di sama kan
tampaknya	tampak nya
lazimnya	lazim nya
belenggu	belenggu
mendapat	men dapat
didoakan	di doa kan
proporsinya	proporsi nya
menghadirkan	men hadir kan
mengkhususkan	men khusus kan
mengakomodasikan	men akomodasi kan
diparkir	di parkir
jualan	jual an
saljumu	salju mu
mengubahkan	men ubah kan
ruangan	ruang an
bubar	bubar
pengorbanan	pen korban an
membakar	men bakar
mensyukuri	men syukuri
mengulas	men ulas
pembagi	pen bagi
kupenuhi	ku penuh i
persiapan	per siap an
seadat	se adat
dinding	dinding
mengasuh	men asuh
berkinerja	ber kinerja
menyeragamkan	men seragam kan
berjualan	ber jual an
tuanya	tua nya
konfrontasi	konfrontasi
berdialog	ber dialog
berwilayah	ber wilayah
memasangnya	men pasang nya
gua	gua
posyandu	posyandu
insiden	insiden
terpengaruh	ter pengaruh
dipindahkan	di pindah kan
terbunuh	ter bunuh
tergusur	ter gusur
memperlemah	men lemah
tentunya	tentu nya
berbeban	ber beban
berlokasi	ber lokasi
hitung	hitung
medis	medis
kebangkitan	ke bangkit an
menyelubungi	men selubung i
teragung	ter agung
tabung	tabung
ditentang	di tentang
pergantian	per ganti an
gaya	gaya
antik	antik
agunan	agun an
intelektual	intelektual
mengasihi	men kasih i
rantai	rantai
fasilitasnya	fasilitas nya
berperilaku	ber perilaku
perserikatan	per serikat an
jala	jala
tergolong	ter golong
kesediaannya	ke senya an nya
dimainkan	di main kan
lambatnya	lambat nya
persentasenya	persentase nya
depkeu	depkeu
menunggangi	men tunggang i
simpang	simpang
daerah	daerah
berkreasi	ber kreasi
takut	takut
diketahuinya	di ketahui nya
terakumulasi	ter akumulasi
hapus	hapus
sayur	sayur
pelayananku	pen layan an ku
mengurangkan	men kurang kan
penyetoran	pen setor an
raksasa	raksasa
mewajibkan	men wajib kan
menggemukkannya	men gemuk kan nya
depanmu	depan mu
diperbudak	di per budak
tengah	tengah
individu	individu
rasio	rasio
ditarik	di tarik
menghemat	men hemat
sabun	sabun
penghancuran	pen hancur an
memberatkan	men berat kan
sekretariat	sekretariat
menyebutkan	men sebut kan
york	york
diincar	di incar
dilupakannya	di lupa kan nya
mengirimnya	men kirim nya
janinnya	janin nya
nonaset	non aset
penunggakan	pen tunggak an
menjangkaunya	men jangkau nya
goyangkan	goyang kan
pemindahan	pen pindah an
sertifikat	sertifikat
membutakan	men buta kan
beternak	beternak
penjahat	pen jahat
mempekerjakannya	men pekerja kan nya
kehinaan	ke hina an
disebarluaskan	di sebarluas kan
pendetanya	pendeta nya
bocor	bocor
pengoleksi	pen koleksi
ongkos	ongkos
meluruskannya	men lurus kan nya
minimnya	minim nya
dipikirkan	di pikir kan
bertenaga	ber tenaga
disepelekan	di sepele kan
kapnya	kap nya
gereja	gereja
mengabulkan	men kabul kan
disebutnya	di sebut nya
penampungan	pen tampung an
sinergi	sinergi
pengendalian	pen kendali an
perbatasan	per batas an
mengkoordinasikan	men koordinasi kan
taati	taat i
risikonya	risiko nya
iris	iris
dijabarkan	di jabar kan
mengatakan	men kata kan
dijabat	di jabat
mikroskop	mikroskop
bermigrasi	ber migrasi
peregangan	pen regang an
daerahnya	daerah nya
tercipta	ter cipta
menyusun	men susun
siswa	siswa
hubunganmu	hubung an mu
pelatihan	pen latih an
medisnya	medis nya
dewa	dewa
salehnya	saleh nya
dihadirkan	di hadir kan
kuku	kuku
berpagar	ber pagar
penyiangan	pen siang an
martabat	martabat
wakilnya	wakil nya
mengacaukan	men kacau kan
ditampilkan	di tampil kan
menyemburkan	men sembur kan
menggelikan	men geli kan
jari	jari
tangkai	tangkai
belokan	belok an
ketidaktransparanan	ke tidak transparan an
menunduk	men tunduk
menjajakan	men jaja kan
jelasnya	jelas nya
berperingkat	ber peringkat
jinak	jinak
mencetak	men cetak
semesta	semesta
paginya	pagi nya
dimapankan	di mapan kan
teladan	teladan
mempublikasikannya	men publikasi kan nya
terbayangkan	ter bayang kan
buktinya	bukti nya
pemberontakan	pen berontak an
beradik	ber adik
aduan	adu an
diutus	di utus
ayah	ayah
peringkat	peringkat
bercerita	ber cerita
dipatuhi	di patuh i
dikasihinya	di kasih i nya
sampannya	sampan nya
makanannya	makan an nya
didengarkan	di dengar kan
lengkap	lengkap
bergiliran	ber gilir an
tobat	tobat
berperkara	ber perkara
menghayati	men hayat i
melahirkan	men lahir kan
moyang	moyang
mulutku	mulut ku
mengimunisasi	men imunisasi
menunggu	men tunggu
sahut	sahut
penggantinya	pen ganti nya
disabotase	di sabotase
rekonstruksi	rekonstruksi
ri	ri
pembobolan	pen bobol an
injil	injil
menyederhanakannya	men sederhana kan nya
serunya	seru nya
indikator	indikator
mengesankan	men kesan kan
hiburan	hibur an
bapaknya	bapak nya
enggannya	enggan nya
keandalan	ke andal an
pembaharuan	pen baharu an
mulianya	mulia nya
aslinya	asli nya
terbilang	ter bilang
kentalnya	kental nya
bawakan	bawa kan
dicairkan	di cair kan
pelamar	pen lamar
pameran	pamer an
menikahi	men nikah i
huni	huni
penerima	pen terima
keruh	keruh
dikonsumsi	di konsumsi
diburu	di buru
obyek	obyek
menyebrangi	men sebrang i
saji	saji
menjamin	men jamin
mendetail	men detail
dagangnya	dagang nya
mengedarkan	men edar kan
analisi	analis i
terbelakang	ter belakang
merealisasikannya	men realisasi kan nya
berkala	ber kala
terbawa	ter bawa
pendangkalan	pen dangkal an
mengandung	men kandung
mengecam	men kecam
taksi	taksi
dinas	dinas
malapetaka	malapetaka
resah	resah
tanamannya	tanam an nya
terbebani	ter beban i
projek	projek
dipamerkan	di pamer kan
cakap	cakap
panduan	pandu an
menjamu	men jamu
mawarnya	mawar nya
berfirman	ber firman
lingkungannya	lingkung an nya
meredakan	men reda kan
identifikasi	identifikasi
kirimu	kiri mu
perputaran	per putar an
bercahaya	ber cahaya
akhirnya	akhir nya
menyiasatinya	men siasat i nya
menyampaikannya	men sampai kan nya
bertanggung	ber tanggung
antisipasi	antisipasi
muat	muat
stakeholder	stakeholder
pedesaannya	pedesaan nya
udang	udang
militer	militer
koreksi	koreksi
menghadiri	men hadir i
hibah	hibah
iblis	iblis
wakil	wakil
memerdekakan	men merdeka kan
memperdamaikan	men damai kan
departemen	departemen
menyatakannya	men nyata kan nya
dekonsentrasi	dekonsentrasi
menyesal	men sesal
paku	paku
gangguan	ganggu an
kualifikasinya	kualifikasi nya
fajar	fajar
waktunya	waktu nya
jengkel	jengkel
neneknya	nenek nya
sumbernya	sumber nya
pendistribusi	pen distribusi
meniru	men tiru
gerbang	gerbang
antrian	antri an
gaul	gaul
maksimalnya	maksimal nya
retribusinya	retribusi nya
duplikasi	duplikasi
bermain	ber main
ajarannya	ajar an nya
skalanya	skala nya
ramalan	ramal an
umpan	umpan
kala	kala
congkak	congkak
rekonstruksinya	rekonstruksi nya
mempersempit	men sempit
menduduki	men duduk i
mata	mata
tercetak	ter cetak
produktivitas	produktivitas
langkah	langkah
menantangnya	men tantang nya
kerinduan	ke rindu an
merahasiakan	men rahasia kan
bertugas	ber tugas
persediaan	per sedia an
dipandu	di pandu
cirinya	ciri nya
ditekankan	di tekan kan
pengamanan	pen aman an
orbit	orbit
bintang	bintang
pengayaan	pen kaya an
bersengketa	ber sengketa
tangkapan	tangkap an
norwegia	norwegia
kesenjangan	kesenjangan
dek	dek
diganti	di ganti
disisipkan	di sisip kan
konsorsium	konsorsium
relawan	rela wan
pengukur	pen ukur
koleksi	koleksi
menyinggung	men singgung
semut	semut
memodernisasi	men modernisasi
ribut	ribut
spanyol	spanyol
bawahmu	bawah mu
beraib	ber aib
meluangkan	men luang kan
diberatkan	di berat kan
mempertanggungjawabkan	men tanggungjawab kan
membuktikan	men bukti kan
jambangan	jambang an
kamboja	kamboja
menyandarkan	men sandar kan
beroperasinya	ber operasi nya
menepi	men tepi
merepotkan	men repot kan
menyambut	men sambut
uraian	urai an
merambat	men rambat
merakit	men rakit
peringatan	per ingat an
pertobatan	per tobat an
melonjak	men lonjak
melanggarnya	men langgar nya
manuver	manuver
waktuku	waktu ku
memikulnya	men pikul nya
saksikan	saksi kan
mengidentifikasi	men identifikasi
buahnya	buah nya
bertobat	ber tobat
bekerjasama	bekerjasama
nonmuslim	nonmuslim
berteman	ber teman
insentif	insentif
konsultan	konsultan
tinggalkan	tinggal kan
salam	salam
teratas	ter atas
likuiditas	likuiditas
darahku	darah ku
memperbaharui	men baharu i
membantunya	men bantu nya
mini	min i
kotornya	kotor nya
menguasai	men kuasa i
terkesan	ter kesan
imigrasi	imigrasi
menghantarkan	men hantar kan
zakat	zakat
dikirimkan	di kirim kan
pemalsu	pen palsu
menjamurnya	men jamur nya
terkejut	ter kejut
ibukota	ibukota
menghentikannya	men henti kan nya
belakangan	belakang an
perduli	perduli
dipunyai	di punya i
konotasi	konotasi
tanamnya	tanam nya
bertanda	ber tanda
bijaksana	bijaksana
ujungnya	ujung nya
polusi	polusi
pita	pita
kluster	kluster
kejatuhan	ke jatuh an
susulan	susul an
pemerannya	pen peran nya
penyerang	pen serang
mendukung	men dukung
inggris	inggris
membantu	men bantu
diunduh	di unduh
cabangnya	cabang nya
pemisah	pen pisah
juruselamatnya	juruselamat nya
citranya	citra nya
melompat	men lompat
internalnya	internal nya
benak	benak
berlimpah	ber limpah
tersadar	ter sadar
mengasihinya	men kasih i nya
ketuanya	ketua nya
disetor	di setor
cintanya	cinta nya
dititipkan	di titip kan
jalurnya	jalur nya
apresiasinya	apresiasi nya
kehendakku	kehendak ku
iseng	iseng
bercacat	ber cacat
sempit	sempit
seperangkat	se perangkat
mengubah	men ubah
mencabutnya	men cabut nya
dipasang	di pasang
memakainya	men pakai nya
memburuknya	men buruk nya
ditulis	di tulis
memfasilitas	men fasilitas
interpretasi	interpretasi
menggratiskan	men gratis kan
kandangmu	kandang mu
entitas	entitas
menasehati	men nasehat i
penundukan	pen tunduk an
mengeluhkan	men keluh kan
menginginkanmu	men ingin kan mu
mencurangi	men curang i
asian	asian
maksudnya	maksud nya
pemda	pemda
penyusunan	pen susun an
melemahkan	men lemah kan
melanggar	men langgar
mengkonfirmasi	men konfirmasi
disumbangkan	di sumbang kan
gurunya	guru nya
hubungi	hubung i
pisau	pisau
menandakan	men tanda kan
saluran	salur an
dihindari	di hindar i
vulkanik	vulkanik
pencapaian	pen capai an
digunakannya	di guna kan nya
gunting	gunting
dijelajahi	di jelajah i
anjingnya	anjing nya
memanggil	men panggil
seksama	seksama
tangani	tangan i
kajian	kaji an
penghimpunan	pen himpun an
ketidaktersediaan	ke tidak tersedia an
tangerang	tangerang
menanami	men tanam i
ambivalensi	ambivalensi
banjir	banjir
pelembagaan	pen lembaga an
kayu	kayu
terdapatnya	ter dapat nya
sukar	sukar
karir	karir
tekanan	tekan an
besarannya	besar an nya
mendampinginya	men damping i nya
mengungguli	men unggul i
ketidakseimbangan	ke tidak seimbang an
bekerja	bekerja
lapak	lapak
pembicaranya	pen bicara nya
selesaikan	selesai kan
bernama	ber nama
penginjil	pen injil
mengontak	men kontak
terselami	ter selam i
kokpit	kokpit
korelasi	korelasi
kuminta	ku minta
dipromosikan	di promosi kan
kamu	kamu
warganegara	warganegara
beton	beton
mempraktekkan	men praktek kan
menyesuaikan	men sesuai kan
penyelesaian	pen selesai an
senjata	senjata
direkomendasikan	di rekomendasi kan
menguduskan	men kudus kan
menanyakan	men tanya kan
bersoal	ber soal
pesaing	pesaing
merumuskan	men rumus kan
tenda	tenda
mencadangkan	men cadang kan
mawar	mawar
pengkajian	pen kaji an
