dimensionierung	dimension ier ung
mailänderin	mailand er in
schirmchen	schirm chen
industrieministerin	industrieminister in
zuseher	zusehen er
offenbacher	offenbach er
unbrauchbarkeit	un brauchen bar keit
parteiöffentlichkeit	parteiöffentlich keit
kolonialstädtchen	kolonialstadt chen
umsiedelung	umsiedeln ung
jugendministerin	jugendminister in
überreizung	über reiz ung
ludwigshafener	ludwigshafen er
sozialberaterin	sozialberater in
dreizehner	dreizehn er
gründung	gründen ung
wirtschaftsinformatiker	wirtschaftsinformatik er
reizlos	reiz los
schwierigkeit	schwierig keit
klassiker	klassik er
glaubenskrieger	glaubenskrieg er
schachspieler	schachspielen er
beraterin	beraten er in
einzelkämpferin	einzelkampf er in
geräteturner	geräteturnen er
provinzpolitiker	provinzpolitik er
religionsschüler	religionsschule er
stegbauer	stegbau er
manipulierung	manipulieren ung
kippbar	kippen bar
betriebswirtschaftsstudentin	betriebswirtschaftsstudent in
verdeckung	ver deck ung
eröffnung	eröffnen ung
unbeirrbarkeit	unbeirrbar keit
pilgerin	pilger in
fein	fee in
beschuldigen	be schuld ig
grafikdesigner	grafikdesign er
hermannstädter	hermannstadt er
wiederentstehung	wiederentstehen ung
fehlstarter	fehlstart er
überschneidung	überschneiden ung
dienstherrin	dienstherr in
rädelsführerin	rädelsführer in
planungsrechtlich	planungsrecht lich
entfernung	entfernen ung
erregbarkeit	erregbar keit
neandertalerin	neandertaler in
klavierspielerin	klavierspielen er in
feinsinnig	feinsinn ig
gerstenberger	gerstenberg er
gehorsamkeit	gehorsam keit
samtig	samt ig
gestaltung	gestalten ung
unnatürlichkeit	un natürlich keit
landsberger	landsberg er
schulsenatorin	schulsenator in
wiederverwertung	wiederverwerten ung
einbindung	einbinden ung
hartherzig	hartherz ig
lebensfähigkeit	lebensfähig keit
eisig	eisen ig
ilker	ilke er
antragsteller	antragstelle er
marburgerin	marburg er in
zerstörung	zerstören ung
hotelchefin	hotelchef in
widerruflich	widerrufen lich
versteigern	ver steige er
volkstänzer	volkstanzen er
nobelpreisträgerin	nobelpreisträger in
wirtschaftsexpertin	wirtschaftsexperte in
militärexpertin	militärexperte in
verstellbar	verstellen bar
landessprecherin	landessprecher in
virtuosin	virtuose in
quäler	quälen er
jugendpflegerin	jugendpflege er in
mieterin	mieten er in
rauschgiftabhängigkeit	rauschgiftabhängig keit
header	head er
überlebensfähigkeit	über lebensfähig keit
braunschweiger	braunschweig er
hauptgutachter	hauptgutachten er
hochverräter	hochverrat er
entziehung	entziehen ung
auslassung	auslassen ung
bräuer	brauen er
hirschberger	hirschberg er
teufelsberger	teufelsberg er
brauchtumspfleger	brauchtumspflege er
hutmacherin	hutmacher in
hitzköpfig	hitzkopf ig
konsumfreudig	konsumfreude ig
modifizierung	modifizieren ung
befähigung	befähigen ung
heldenmütig	heldenmut ig
chemielehrerin	chemielehrer in
buchung	buchen ung
hufeisenförmig	hufeisenform ig
zügigkeit	zügig keit
kostümverleiher	kostümverleih er
duselig	dusel ig
krankenpflegerin	krankenpflege er in
legierung	legieren ung
tastendrücker	tastendruck er
flüssigkeit	flüssig keit
steinhäuschen	steinhaus chen
unterbelegung	unter beleg ung
alpträumer	alptraum er
friedlich	frieden lich
anreicherung	anreichern ung
aussparung	aussparen ung
diplompädagogin	diplompädagoge in
weichensteller	weichenstelle er
überdehnung	überdehnen ung
meßtechniker	meßtechnik er
rosenberger	rosenberg er
westpolitiker	westpolitik er
unterstützer	unterstützen er
sittsamkeit	sittsam keit
diskussionswürdigkeit	diskussionswürdig keit
personalsachbearbeiterin	personalsachbearbeiter in
ministeriumssprecherin	ministeriumssprecher in
balder	balde er
lachszüchter	lachszucht er
verkehrsgutachter	verkehrsgutachten er
lesbarkeit	lesen bar keit
gesundheitswissenschaftlich	gesundheitswissenschaft lich
verbrennbar	verbrennen bar
hingebung	hingeben ung
sprengung	sprengen ung
gewalttäterin	gewalttat er in
burgherrin	burgherr in
judenfreundlich	judenfreund lich
königsbauer	königsbau er
bedürftigkeit	bedürften ig keit
investitionsfreudig	investitionsfreude ig
hemmungslos	hemmung los
theatermusiker	theatermusik er
wilkin	wilke in
vordringlich	vordringen lich
geschäftlich	geschäft lich
todessehnsüchtig	todessehnsucht ig
ernährer	ernähren er
kostendrücker	kostendruck er
verfechterin	verfechten in
kaffer	kaff er
machbar	machen bar
zackig	zacken ig
lockenköpfchen	lockenkopf chen
wärter	warten er
gemüseverkäufer	gemüseverkauf er
niederschlagung	niederschlagen ung
genießbar	genießen bar
fachpolitiker	fachpolitik er
sündigen	sünde ig
quedlinburger	quedlinburg er
friedberger	friedberg er
gemeinschaftlich	gemeinschaft lich
optiker	optik er
erfolgstrainerin	erfolgstrainer in
puppenmacherin	puppenmacher in
polizeichefin	polizeichef in
maximierung	maxime ier ung
etappensieger	etappensieg er
arbeitsvertraglich	arbeitsvertrag lich
wallung	wallen ung
überreichung	überreichen ung
stilisierung	stilisieren ung
zeitungskäufer	zeitungskauf er
verdampfung	ver dampf ung
uneinlösbar	un einlösen bar
feuerwerker	feuerwerk er
gefühllos	ge fühlen los
verkünder	verkünden er
drachin	drache in
oberkonservatorin	oberkonservator in
studienfreundin	studienfreund in
abenteuerurlauber	abenteuerurlaub er
gesteigert	ge steige er
namenspatronin	namenspatron in
friedenspolitiker	friedenspolitik er
fahrdienstleiterin	fahrdienstleiter in
biochemikerin	biochemiker in
veranstalter	ver anstalt er
beweiskräftig	beweiskraft ig
stürmerin	stürmen er in
ladendiebin	ladendieb in
ingolstädter	ingolstadt er
begierig	begier ig
seegängig	seegang ig
garnisonsstädtchen	garnisonsstadt chen
segelflieger	segelfliegen er
einatmung	einatmen ung
kemper	kemp er
ideenlos	idee los
entbehrlich	entbehren lich
abteilungsdirektorin	abteilungsdirektor in
ersatzlos	ersatz los
einführung	einführen ung
lebensabschnittspartnerin	lebensabschnittspartner in
urweltlich	urwelt lich
königin	könig in
blumenhändlerin	blumenhändler in
einengung	einengen ung
bodenlos	boden los
unschuldig	unschuld ig
mutmaßung	mutmaßen ung
bürgerschaftspräsidentin	bürgerschaftspräsident in
farbberaterin	farbberater in
busfahrerin	busfahren er in
verkehrsplanerin	verkehrsplan er in
hochschätzung	hochschätzen ung
norwegerin	norwegen er in
einbürgerung	ein bürgen ung
hopfenbauer	hopfenbau er
hoffnungsträgerin	hoffnungsträger in
bezirklich	bezirk lich
blutspender	blutspende er
knobler	knobeln er
leistungsfähigkeit	leistungsfähig keit
schriftführerin	schriftführer in
georgier	georgien er
angreiferin	angreifen er in
hochschuldidaktiker	hochschuldidaktik er
stadtschreiberin	stadtschreiber in
abtötung	abtöten ung
denkmalschützer	denkmalschutz er
kuwaiter	kuwait er
weinkönigin	weinkönig in
plünderung	plündern ung
kartoffelanbauer	kartoffelanbau er
schnulzig	schnulze ig
reaktionslos	reaktion los
entsetzlich	entsetzen lich
langsamfahrer	langsamfahren er
tateinheitlich	tateinheit lich
medikamentensüchtig	medikamentensucht ig
bauplanungsrechtlich	bauplanungsrecht lich
ablegung	ablegen ung
sperrung	sperren ung
kinderpsychologin	kinderpsychologe in
tarifrechtlich	tarifrecht lich
ostarbeiter	ostarbeit er
melancholikerin	melancholiker in
geruhsamkeit	geruhen sam keit
ausformung	ausformen ung
krankheitsanfälligkeit	krankheitsanfällig keit
realschullehrerin	realschullehrer in
besucherfreundlichkeit	besucherfreundlich keit
golferin	golf er in
entlausung	entlausen ung
klarträumer	klartraum er
kreisläufer	kreislauf er
zivilgesellschaftlich	zivilgesellschaft lich
gemahlin	gemahl in
dechiffrierung	dechiffrieren ung
gesamtschüler	gesamtschule er
erlernbarkeit	erlernbar keit
chefanklägerin	chefankläger in
schattierung	schattieren ung
glasbläser	glasblasen er
aufwendig	aufwenden ig
aufhetzung	aufhetzen ung
innerbetrieblich	inner betrieb lich
behindertenfreundlichkeit	behindertenfreundlich keit
simulantin	simulant in
doppelpartnerin	doppelpartner in
schönleber	schönleben er
senker	senke er
drogenberaterin	drogenberater in
nachqualifizierung	nachqualifizieren ung
begleitung	begleiten ung
umbesetzung	umbesetzen ung
vollkornbrötchen	vollkornbrot chen
jagdgesetzlich	jagdgesetz lich
handelspolitiker	handelspolitik er
traulichkeit	trauen lich keit
pianospieler	pianospiel er
religionslehrerin	religionslehre er in
rinner	rinnen e er
reinier	reina er
sprichwörtlich	sprichwort lich
garnierung	garn ier ung
bodengutachter	bodengutachten er
humanistin	human ist in
innerdienstlich	inner dienst lich
verkehrsfähigkeit	verkehrsfähig keit
salonfähigkeit	salonfähig keit
baumartig	baumart ig
reiseunternehmer	reiseunternehmen er
alleinig	allee in ig
trommlerin	trommeln er in
sammlerin	sammler in
steuerlich	steuer lich
schwermetaller	schwermetall er
militärsprecherin	militärsprecher in
kampfesmutig	kampfesmut ig
teilbar	teilen bar
abflachung	abflachen ung
wirkstofflos	wirkstoff los
zigarrenraucher	zigarrenrauchen er
wiederauferstehung	wiederauferstehen ung
zollhäuschen	zollhaus chen
tanzkritiker	tanzkritik er
architekturkritikerin	architekturkritik er in
sonnenhütchen	sonnenhut chen
gutenberger	gutenberg er
denkmalsschützer	denkmalsschutz er
unpassierbar	un passieren bar
patentrechtlich	patentrecht lich
weissagung	weissagen ung
pilzsucher	pilzsuche er
kunstlehrerin	kunstlehrer in
verschlammung	ver schlamm ung
staatsbesucher	staatsbesuch er
untertariflich	unter tarif lich
pressesprecherin	pressesprecher in
vogelhäuschen	vogelhaus chen
schulmeisterin	schulmeister in
frühschwimmer	frühschwimmen er
profiboxer	profiboxen er
sozialmieter	sozialmiete er
heiligsprechung	heiligsprechen ung
physiker	physik er
technikkritiker	technikkritik er
produktionsleiterin	produktionsleiter in
hinderung	hindern ung
unabwendbar	un abwenden bar
klinker	klinke er
gebärfähigkeit	gebärfähig keit
berner	bern er
straßenbaulich	straßenbau lich
räumlichkeit	räumen lich keit
werbeträgerin	werbeträger in
aufschüttung	aufschütten ung
leichtsinnigkeit	leichtsinn ig keit
kommunikationsunfähigkeit	kommunikationsunfähig keit
großbesitzer	großbesitz er
gastprofessorin	gastprofessor in
ingenieurwissenschaftlich	ingenieurwissenschaft lich
geistigkeit	geist ig keit
bauchrednerin	bauchreden er in
ausstaffierung	ausstaffieren ung
bürgerin	bürgen in
filmemacher	filmemachen er
blaublütig	blaublut ig
fallschirmspringerin	fallschirmspringen er in
allein	allee in
politiker	politik er
rechteckig	rechteck ig
anschmiegsamkeit	anschmiegen sam keit
fahrzeugführerin	fahrzeugführer in
schlagzeugerin	schlagzeug er in
funktionstüchtigkeit	funktionstüchtig keit
kriegsberichterstatterin	kriegsberichterstatter in
vertagung	ver tag ung
interventionsfähigkeit	interventionsfähig keit
lösbarkeit	lösen bar keit
beaufsichtigung	be aufsicht ung
einbettung	einbetten ung
schlachtung	schlachten ung
umbenennung	umbenennen ung
anlieferung	anliefern ung
schornsteinfeger	schornsteinfegen er
streuung	streuen ung
verzinslich	ver zins lich
kommunalrechtlich	kommunalrecht lich
lieblingsschülerin	lieblingsschüler in
jugendbildungsreferentin	jugendbildungsreferent in
nachmieterin	nachmieter in
bremerin	bremen er in
verwalterin	verwalten er in
melkerin	melken er in
olympiateilnehmerin	olympiateilnehmer in
körperlich	körper lich
fürsorglichkeit	fürsorge lich keit
staatsrechtslehrer	staatsrechtslehre er
schlagersängerin	schlagersänger in
fokussierung	fokus ier ung
einmündung	einmünden ung
pärchen	paaren chen
geschlechtsgenossin	geschlechtsgenosse in
kragenlos	kragen los
wiedergewinnung	wiedergewinnen ung
tilgung	tilgen ung
baumwollpflanzer	baumwollpflanze er
kiener	kien er
ausbilderin	ausbilden er in
museumsbesucher	museumsbesuch er
einlösung	einlösen ung
sozialstaatlich	sozialstaat lich
sterblich	sterben lich
finanzexpertin	finanzexperte in
brechter	brecht er
beurkundung	beurkunden ung
teepflanzer	teepflanze er
lagerarbeiterin	lagerarbeit er in
scholastiker	scholastik er
briefschreiberin	briefschreiber in
gönnerin	gönnen in
ortsvorsteherin	ortsvorsteher in
fachhochschulprofessorin	fachhochschulprofessor in
zeller	zell er
verschwörerin	verschwören in
tempelbauer	tempelbau er
reizbar	reizen bar
pfändung	pfänden ung
ordnungsrechtlich	ordnungsrecht lich
franziskanerin	franziska aner in
protagonistin	protagonist in
programmdirektorin	programmdirektor in
vorbildlich	vorbilden lich
veranstalterin	ver anstalt er in
seraphin	seraph in
korbacher	korbach er
unterweisung	unterweisen ung
akkordarbeiterin	akkordarbeit er in
haushaltsrechtlich	haushaltsrecht lich
zuckerrohrschneider	zuckerrohrschneiden er
bezirkschefin	bezirkschef in
bilderfeindlichkeit	bilderfeindlich keit
leiner	leine er
rechtfertigung	rechtfertigen ung
ringerin	ringen er in
überschlägig	überschlagen ig
ermüdung	ermüden ung
karriereberaterin	karriereberater in
schwerlaster	schwerlast er
verfassungsgeschichtlich	verfassungsgeschichte lich
barockmusiker	barockmusik er
sinnlich	sinn lich
spiegelbildlich	spiegelbild lich
berater	beraten er
privatpatientin	privatpatient in
lichtenberger	lichtenberg er
ervin	erve in
teilung	teilen ung
massenschlächter	massenschlacht er
südthüringer	südthüringen er
kanadier	kanada er
viermalig	viermal ig
projektierung	projekt ier ung
erwartung	erwarten ung
südwürttemberger	südwürttemberg er
rötlich	röten lich
trampolinturner	trampolinturnen er
schwarzbauer	schwarzbau er
sennerin	sennen in
teilhaberin	teilhaben in
verbindlichkeit	verbinden lich keit
doktorandin	doktorand in
jugendlich	jugend lich
lindenbäumchen	lindenbaum chen
singapurer	singapur er
ausständig	ausstand ig
kroneberger	kroneberg er
diplomverwaltungswirtin	diplomverwaltungswirt in
raucher	rauchen er
absperrung	absperren ung
heimberger	heimberg er
selbstverständlichkeit	selbstverständlich keit
auslandskorrespondentin	auslandskorrespondent in
hochwertigkeit	hochwertig keit
knaster	knast er
strahlenmediziner	strahlenmedizin er
sprachwissenschaftlich	sprachwissenschaft lich
funkerin	funken er in
stadtteilbewohnerin	stadtteilbewohner in
werktäglich	werktag lich
physikprofessorin	physikprofessor in
empörung	empören ung
oberassistentin	oberassistent in
göttlich	gott lich
pfullinger	pfullingen er
rechtsstaatlich	rechtsstaat lich
filmheldin	filmheld in
jugendpfleger	jugendpflege er
achttausender	achttausend er
investorin	investor in
abbildung	abbilden ung
saarländer	saarland er
umerziehung	umerziehen ung
ausrottung	ausrotten ung
anerkennung	anerkennen ung
dichter	dichten er
gleitschirmflieger	gleitschirmfliegen er
transferierung	transfer ier ung
umstimmung	umstimmen ung
helmchen	helm chen
biomediziner	biomedizin er
bielefelderin	bielefelder in
sossenheimer	sossenheim er
klavierspieler	klavierspielen er
aufwärterin	aufwarten er in
krakauer	krakau er
wohnungsverwalterin	wohnungsverwalter in
kunstgewerblich	kunstgewerbe lich
teeverkäufer	teeverkauf er
vertäfelung	vertäfeln ung
kleinwalsertaler	kleinwalsertal er
werkstattleiterin	werkstattleiter in
lüfter	luft er
empfängerin	empfang er in
unempfindlichkeit	un empfinden lich keit
rückfälligkeit	rückfall ig keit
stammtischpolitiker	stammtischpolitik er
vortrefflichkeit	vor trefflich keit
rauchlos	rauchen los
wassertröpflein	wassertropfen lein
beantragung	be antrag ung
unmännlich	un mann lich
münzer	münz er
moldauer	moldau er
zirkusbesucher	zirkusbesuch er
ersatzspielerin	ersatzspieler in
überweltlich	über welt lich
atmung	atmen ung
alleingänger	alleingang er
zugängig	zugang ig
ponyreiter	ponyreiten er
entsorgungspflichtig	entsorgungspflicht ig
kerstin	kerst in
fortsetzer	fortsetzen er
bauphysiker	bauphysik er
wollenberger	wollenberg er
kursleiterin	kursleiter in
heimsuchung	heimsuchen ung
pfälzerin	pfalz er in
anhängig	anhängen ig
leserbriefschreiberin	leserbriefschreiber in
weiterverarbeitung	weiterverarbeiten ung
forscher	forschen er
reiter	reiten er
moosburger	moosburg er
pünktlichkeit	pünktlich keit
laienschauspielerin	laienschauspieler in
venezianerin	venezianer in
geheimhaltungsbedürftigkeit	geheimhaltungsbedürftig keit
verteidigung	verteidigen ung
geschäftsfähigkeit	geschäftsfähig keit
hauptschuldig	hauptschuld ig
schuldrechtlich	schuldrecht lich
zweiradfahrerin	zweiradfahren er in
gastschülerin	gastschüler in
richtigstellung	richtigstellen ung
madrider	madrid er
reiselustig	reiselust ig
nebeneinanderstellung	nebeneinanderstellen ung
demokratieunfähigkeit	demokratieunfähig keit
stimulierung	stimulieren ung
idealistin	ideale ist in
uneigennützigkeit	un eigennutz ig keit
turiner	ture in er
alltagsgeschichtlich	alltagsgeschichte lich
mißbrauchbarkeit	mißbrauchen bar keit
ehrenamtlich	ehrenamt lich
aktenköfferchen	aktenkoffer chen
standfußballer	standfußball er
krebsartig	krebsart ig
kreuzigen	kreuz ig
komödiantin	komödiant in
steuerbetrüger	steuerbetrug er
atemlos	atem los
wirtschaftsverbrecher	wirtschaftsverbrechen er
abwerbung	abwerben ung
steptänzer	steptanz er
saboteurin	saboteur in
heger	hege er
privatunternehmer	privatunternehmen er
traumtänzerin	traumtanz er in
rostiger	rostige n er
einmalig	einmalen ig
kampftänzer	kampftanz er
gleichberechtigung	gleichberechtigen ung
textautorin	textautor in
arbeitsberaterin	arbeitsberater in
parteisekretärin	parteisekretär in
scharfsichtigkeit	scharfsicht ig keit
homosexuellenfeindlichkeit	homosexuellenfeindlich keit
vergleichbar	ver gleich bar
rauchbar	rauchen bar
regierungsamtlich	regierungsamt lich
schwerarbeiter	schwerarbeit er
staatsunabhängigkeit	staatsunabhängig keit
zeitzeugin	zeitzeuge in
parteifreundin	parteifreund in
lesebändchen	leseband chen
landessprachlich	landessprache lich
backnanger	backnang er
orgelbauer	orgelbau er
drogenbesitzer	drogenbesitz er
großbetrüger	großbetrug er
vollstrecker	vollstrecken er
kettenraucherin	kettenrauchen er in
äthiopier	äthiopien er
spendung	spenden ung
bleistiftspitzer	bleistiftspitze er
geldbesitzer	geldbesitz er
rentnerin	rentner in
geräumigkeit	ge raume keit
häßlichkeit	haß lich keit
brandenburger	brandenburg er
umweltwissenschaftlerin	umweltwissen schaft ler in
massig	masse ig
landesdenkmalpfleger	landesdenkmalpflege er
gewalttätigkeit	gewalttat ig keit
rettungslos	retten ung los
schleifung	schleifen ung
zündhölzchen	zündholz chen
sozialneider	sozialneid er
automobilwerker	automobilwerk er
gutachtlich	gutachten lich
hörfunkdirektorin	hörfunkdirektor in
straußberger	straußberg er
main	mae in
geschwisterlichkeit	geschwister lich keit
erfolgsautorin	erfolgsautor in
magdeburger	magdeburg er
lieblingsmusiker	lieblingsmusik er
spielmacherin	spielmacher in
werbetechniker	werbetechnik er
lever	lev er
juraprofessorin	juraprofessor in
staatsministerin	staatsminister in
lokalblättchen	lokalblatt chen
diplomlehrerin	diplomlehrer in
leisetreter	leisetreten er
einsichtsfähigkeit	einsichtsfähig keit
näherin	nähen e er in
babysitter	babysitte er
zuordnung	zuordnen ung
pressereferentin	pressereferent in
aushilfsarbeiter	aushilfsarbeit er
hintergründig	hintergrund ig
demokratiefähigkeit	demokratiefähig keit
überwinder	überwinden er
jauchzer	jauchzen er
edin	ede in
verbildlichen	ver bild lich
verkehrswissenschaftlich	verkehrswissenschaft lich
bürgin	bürge in
aktionskünstlerin	aktionskunst ler in
engländer	england er
bundessprecherin	bundessprecher in
lernunfähigkeit	lernunfähig keit
braunschweigerin	braunschweig er in
gartenbesitzerin	gartenbesitzer in
aberwitzig	aberwitz ig
fachhochschüler	fachhochschule er
zergliederung	zergliedern ung
gefährlichkeit	gefährlich keit
enthüllung	enthüllen ung
fortpflanzung	fortpflanzen ung
landesvorstandssprecherin	landesvorstandssprecher in
uraufführung	uraufführen ung
lieferantin	lieferant in
witzigkeit	witzig keit
giftmischerin	giftmischer in
einzelrichterin	einzelrichter in
ausländerbehördlich	ausländerbehörde lich
datentechniker	datentechnik er
wartung	warten ung
vorrundensieger	vorrundensieg er
hochstapler	hochstapeln er
weggeher	weggehen er
asylbetrüger	asylbetrug er
frauensteiner	frauenstein er
entscheidungsfreudig	entscheidungsfreude ig
steuersünder	steuersünde er
lautsprachlich	lautsprache lich
tilsiter	tilsit er
einzeichnung	einzeichnen ung
unehelichkeit	un ehe lich keit
weiterzüchtung	weiterzüchten ung
vernichtung	ver nichte ung
sportärztlich	sportarzt lich
arbeiter	arbeiten er
großfürstin	großfürst in
kleinunternehmerin	kleinunternehmen er in
gemeindereferentin	gemeindereferent in
erhärtung	erhärten ung
theaterwissenschaftlerin	theaterwissenschaft ler in
biobrötchen	biobrot chen
farblich	farbe lich
knotig	knoten ig
wahrsagung	wahrsagen ung
gefährtin	gefährte in
homburgerin	homburg er in
schwerbehinderung	schwerbehindern ung
westernreiter	westernreiten er
barockschlößchen	barockschloß chen
königshofer	königshof er
auffälligkeit	auffällig keit
abwehrspezialistin	abwehrspezialist in
kurzfassung	kurzfassen ung
unpünktlichkeit	un pünktlich keit
stromlinienförmig	stromlinienform ig
schimpflich	schimpf lich
übersäuerung	übersäuern ung
aachener	aachen er
messechefin	messechef in
auskunftsfreudig	auskunftsfreude ig
pflegedienstleiterin	pflegedienstleiter in
landurlauber	landurlaub er
gemeinnützig	gemeinnutz ig
flugblattverteiler	flugblattverteilen er
zuckung	zucken ung
bäuerlich	bauer lich
beraubung	be raub ung
abkürzung	abkürzen ung
stilgeschichtlich	stilgeschichte lich
zuchtlos	zucht los
rasensprenger	rasensprengen er
verursacherin	ver ursache er in
erreichbarkeit	erreichen bar keit
kinderfräulein	kinderfrau lein
kränklich	kränken lich
zwischenschaltung	zwischenschalten ung
ätzung	ätzen ung
bündnisfähigkeit	bündnisfähig keit
irmin	irme in
verstädterung	verstädtern ung
sektkühler	sektkühle er
absehbar	absehen bar
illustrierung	illustre ier ung
bereithaltung	bereithalten ung
vergrößerung	vergrößern ung
ausfahrer	ausfahren er
motorradfahrer	motorradfahren er
sandberger	sandberg er
putzsüchtig	putzsucht ig
zeitungsverkäufer	zeitungsverkauf er
aufwendung	aufwenden ung
wohnungsnachbarin	wohnungsnachbar in
puppenspieler	puppenspielen er
banner	bannen er
ersetzbarkeit	ersetzen bar keit
stillung	stillen ung
beisitzerin	beisitzen er in
showmasterin	showmaster in
tontechnikerin	tontechnik er in
schicklichkeit	schick e lich keit
unabhängigkeitskämpfer	unabhängigkeitskampf er
landespolizeilich	landespolizei lich
durstlöscher	durstlöschen er
rücksichtslos	rücksicht los
hochschullehrer	hochschullehre er
wirkungslos	wirken ung los
auflager	auflage er
metaphysiker	metaphysik er
bargeldlos	bargeld los
ausrufer	ausrufen er
mittelfeldspieler	mittelfeldspiel er
laborantin	laborant in
millionärin	million är in
andeutung	andeuten ung
geschichtswissenschaftlich	geschichtswissen schaft lich
beschreibbar	beschreiben bar
anlagebetrüger	anlagebetrug er
weiträumigkeit	weiträumig keit
häuslichkeit	häuslich keit
reederin	reede er in
arglistig	arglist ig
schuldigen	schuld ig
überdachung	über dach ung
justierung	justieren ung
aberwitzigkeit	aberwitz ig keit
nationalheldin	nationalheld in
zivilrichterin	zivilrichter in
mariazeller	mariazell er
dietzer	dietz er
überbaubar	überbauen bar
mutmacher	mutmachen er
klärung	klären ung
fremdbestimmung	fremdbestimmen ung
füllung	füllen ung
umsteuerung	umsteuern ung
bundesligaspieler	bundesligaspiel er
furchtlos	furcht los
falter	falten er
gleichförmigkeit	gleichförmig keit
brotkörbchen	brotkorb chen
pächterin	pachten in
marathonläuferin	marathonlaufen er in
teerung	teeren ung
hauptgewinnerin	hauptgewinn er in
täterin	tat er in
söhnchen	sohn chen
haitianerin	haiti aner in
freudig	freude ig
römer	rom er
widerstandsfähigkeit	widerstandsfähig keit
altbauer	altbau er
bestimmbar	bestimmen bar
gräßlichkeit	gräßlich keit
giftig	giften ig
schlagfertigkeit	schlagfertig keit
modemacherin	modemacher in
schauspieldirektorin	schauspieldirektor in
instrumentalistin	instrument al ist in
sener	sen er
grenzgänger	grenzgang er
verheiratung	ver heirat ung
wehrpflichtig	wehrpflicht ig
rechtstaatlich	rechtstaat lich
münsteranerin	münster aner in
lettin	lette in
berufsbetreuerin	berufsbetreuer in
büchereileiterin	büchereileiter in
degenerierung	degenerieren ung
befreiungskämpfer	befreiungskampf er
haltbar	halten bar
familiensenatorin	familiensenator in
suppig	suppe ig
fraktionsführerin	fraktionsführer in
residenzstädtchen	residenzstadt chen
mietvertraglich	mietvertrag lich
atomtechniker	atomtechnik er
bananenförmig	bananenform ig
stadtarchivarin	stadtarchivar in
krümelig	krümel ig
kachelofenbauer	kachelofenbau er
innenstädter	innenstadt er
überstellung	überstellen ung
fixierbar	fix ier bar
leserlich	lese er lich
sexualreformer	sexualreform er
vollbelegung	vollbelegen ung
kontoinhaberin	kontoinhaber in
verbannung	ver bann ung
akkreditierung	akkreditieren ung
vervielfachung	vervielfachen ung
eisesser	eisesse er
koppelung	koppeln ung
privatspender	privatspende er
verschuldung	ver schuld ung
fernsehschauspielerin	fernsehschauspieler in
umhüllung	umhüllen ung
irrlehrer	irrlehre er
zersetzung	zer setzen ung
sensationssieger	sensationssieg er
peinigerin	pein ig er in
hainer	hae in er
sicherheitsexpertin	sicherheitsexperte in
rollerfahrerin	rollerfahrer in
bloßstellung	bloßstellen ung
offenburger	offenburg er
überführung	überführen ung
senfkörner	senfkorn er
elektrohandwerker	elektrohandwerk er
chikagoer	chikago er
koordinierung	koordinieren ung
sexualmediziner	sexualmedizin er
abreibung	abreiben ung
krallig	krallen ig
christlichkeit	chr ist lich keit
unbilligkeit	unbill ig keit
tester	test er
berger	berg er
kontaktfähigkeit	kontaktfähig keit
hersteller	herstellen er
sonnenberger	sonnenberg er
altenpfleger	altenpflege er
spielberger	spielberg er
mannheimer	mannheim er
überflutung	über flut ung
praktikantin	praktikant in
torhäuschen	torhaus chen
parkbesucher	parkbesuch er
theaterdirektorin	theaterdirektor in
fremdarbeiterin	fremdarbeit er in
landesgesetzlich	landesgesetz lich
einübung	einüben ung
fragwürdigkeit	fragwürdig keit
verwaltungsdirektorin	verwaltungsdirektor in
flötenspielerin	flötenspiel er in
hochspringerin	hochspringen er in
verbrüderung	ver bruder ung
heuberger	heuberg er
presseöffentlichkeit	presseöffentlich keit
heimatforscherin	heimatforscher in
musikpädagogin	musikpädagoge in
bonnerin	bonne er in
betonarbeiter	betonarbeit er
fehldeutung	fehldeuten ung
schwieberdinger	schwieberdingen er
standesamtsleiterin	standesamtsleiter in
altväterlich	altvater lich
verstärkung	ver stark e ung
vampirin	vampir in
behindertensportlerin	behindertensport ler in
unbeständigkeit	un beständig keit
bürgermeisterstellvertreterin	bürgermeisterstellvertreter in
familienpfleger	familienpflege er
außenwirtschaftlich	außenwirtschaft lich
dauerurlauber	dauerurlaub er
nordschleswiger	nordschleswig er
geräuschlos	geräusch los
innerlich	inner e lich
reflexionslos	reflexion los
fußpflegerin	fußpflege er in
anfechtbar	anfechten bar
gutachter	gutachten er
minnesänger	minnesang er
profitsüchtig	profitsucht ig
bauernfänger	bauernfang er
gerichtsreporterin	gerichtsreport er in
persönchen	person chen
unbewohnbar	un bewohnen bar
wischer	wischen er
talentsucher	talentsuche er
töpfern	topf er
einstellung	einstellen ung
syrer	syr er
überplanung	überplanen ung
nachberuflich	nach beruf lich
universalerbin	universalerbe in
weber	web er
beleger	belegen er
kalifornier	kalifornien er
gründerin	gründen er in
raumplaner	raumplan er
abschweifung	abschweifen ung
erzwingung	erzwingen ung
schulpflichtig	schulpflicht ig
schwermütigkeit	schwermut ig keit
taxifahrerin	taxifahren er in
spionin	spion in
kämpfer	kämpfen er
lenkbar	lenken bar
schüler	schule er
zauberstäbchen	zauberstab chen
geigenbauer	geigenbau er
wolkenlos	wolke los
markenlos	mark los
verschlimmerung	ver schlimm ung
privatsekretärin	privatsekretär in
forster	forst er
einlieferung	einliefern ung
türkin	türke in
züricher	zürich er
unerschütterlichkeit	unerschütterlich keit
personalchefin	personalchef in
landarbeiterin	landarbeit er in
milchfarmer	milchfarm er
achtmalig	achtmal ig
fechterin	fechten er in
wiener	wien er
überbezahlung	überbezahlen ung
kaiserin	kaiser in
pappig	pappen ig
kreditfähigkeit	kreditfähig keit
schwetzinger	schwetzingen er
schrulligkeit	schrulle ig keit
entkrampfung	entkrampfen ung
fahrtüchtigkeit	fahrtüchtig keit
bildlich	bild lich
momentaner	momentane er
harzburger	harzburg er
chemikerin	chemiker in
anschaulichkeit	anschauen lich keit
attentäter	attentat er
präzisierung	präzis e ier ung
subventionsbetrüger	subventionsbetrug er
langläufig	langlaufen ig
wohnungseigentümer	wohnungseigentum er
aufsichtsrechtlich	aufsichtsrecht lich
einsiedler	einsiedeln er
reutlinger	reutlingen er
splittern	splitt er
diplomtheologin	diplomtheologe in
gegensätzlich	gegensatz lich
lauber	laube er
zollrechtlich	zollrecht lich
fremdenfeindlichkeit	fremdenfeind lich keit
bewerbung	bewerben ung
abgängerin	abgang er in
verteidiger	verteidigen er
klosterschüler	klosterschule er
arbeitsministerin	arbeitsminister in
späterer	späteren er
kunsthandwerker	kunsthandwerk er
kläglichkeit	kläglich keit
opferung	opfern ung
geburtshelferin	geburtshelfer in
lautlos	laute los
meldepflichtig	meldepflicht ig
ortskundiger	ortskundige n er
kongreßteilnehmerin	kongreßteilnehmer in
verweslich	verwesen lich
weihnachtlich	weihnachten lich
gemeindepfarrerin	gemeindepfarrer in
tamilin	tamile in
lissaboner	lissabon er
untergrundkämpfer	untergrundkampf er
sein	see in
grundpfandrechtlich	grundpfandrecht lich
erlassung	erlassen ung
unternehmensberaterin	unternehmensberater in
substanzlos	substanz los
begriffsgeschichtlich	begriffsgeschichte lich
shahin	shah in
atombomber	atombombe er
langläufer	langlaufen er
bundesbauministerin	bundesbauminister in
regimekritikerin	regimekritik er in
novemberlich	november lich
gesellschaftswissenschaftlerin	gesellschaftswissenschaft ler in
waldecker	waldecke er
eisverkäufer	eisverkauf er
schenkung	schenken ung
differenzierung	differenz ier ung
bedränger	bedrängen er
schränkchen	schrank chen
maierhofer	maierhof er
kontaktfreudigkeit	kontaktfreudig keit
allgemeinverständlichkeit	allgemeinverständlich keit
verehrerin	verehren er in
fußballspielerin	fußballspielen er in
abonnentin	abonnent in
einkäufer	einkaufen er
ungenießbarkeit	un genießen bar keit
königstädter	königstadt er
lustlos	lust los
ausländerfreundlichkeit	ausländerfreund lich keit
außenangreiferin	außenangreifer in
eilfertigkeit	eilfertig keit
zweifler	zweifeln er
bestechung	bestechen ung
überängstlichkeit	über ängstlich keit
jurorin	juror in
ausleitung	ausleiten ung
jämmerlich	jammer lich
kollegin	kollege in
innovationsfreudig	innovationsfreude ig
verträglichkeit	vertrag lich keit
widerborstig	wider borste ig
spitzenathletin	spitzenathlet in
nebenklägervertreterin	nebenklägervertreter in
wendigkeit	wenden ig keit
verbin	verb in
verkrampfung	ver krampf ung
begrüßung	begrüßen ung
geduldig	geduld ig
zünder	zünden er
militärgerichtlich	militärgericht lich
eingewöhnung	eingewöhnen ung
ansteckung	anstecken ung
wahnsinnig	wahnsinn ig
unsportlich	un sport lich
unterstaatssekretärin	unterstaatssekretär in
somalierin	somalia er in
bluesmusiker	bluesmusik er
überzeugungstäter	überzeugungstat er
vollendung	vollenden ung
akteurin	akteur in
kurvig	kurven ig
knochenmarkspender	knochenmarkspende er
einschnürung	einschnüren ung
zivilisierung	zivil e isier ung
staatsschützer	staatsschutz er
bettlerin	betteln er in
vermählung	vermählen ung
unnachgiebigkeit	un nachgiebig keit
krankenhausseelsorger	krankenhausseelsorge er
ministerpräsidentin	ministerpräsident in
faltenlos	falten los
anmerkung	anmerken ung
meersburger	meersburg er
bereitwilligkeit	bereitwillig keit
araberin	arab er in
schwindler	schwindeln er
bühnenbauer	bühnenbau er
hörspielautorin	hörspielautor in
volkswirtin	volkswirt in
verblutung	ver blut ung
eitelkeit	eitel keit
westbesucher	westbesuch er
juniorenweltmeisterin	juniorenweltmeister in
zeitfahrer	zeitfahren er
düsseldorferin	düsseldorf er in
astrologin	astrologe in
clubleiterin	clubleiter in
nassauer	nassau er
theoriegeschichtlich	theoriegeschichte lich
weißenburger	weißenburg er
hinterberger	hinterberg er
schonung	schonen ung
beschaffung	beschaffen ung
iller	ille er
diskussionsrednerin	diskussionsredner in
theaterpädagogin	theaterpädagoge in
vorbehaltslos	vorbehalt los
glitschig	glitschen ig
festlegung	festlegen ung
fahrradfahrer	fahrradfahren er
router	route er
reformpolitiker	reformpolitik er
erkundung	erkunden ung
apotheker	apotheke er
sekretärin	sekret är in
verglasung	ver glas ung
museumswärterin	museumswärter in
beschwerlich	be schwer lich
verständigkeit	verständig keit
fahnenschwinger	fahnenschwingen er
eisläuferin	eislaufen in
literaturwissenschaftlich	literaturwissenschaft lich
wunschdenker	wunschdenken er
waldhöfer	waldhof er
geringschätzig	geringschätzen ig
leiharbeiter	leiharbeit er
anlehnung	anlehnen ung
fabrikarbeiterin	fabrikarbeit er in
versicherungspflichtig	versicherungspflicht ig
einweisung	einweisen ung
antragssteller	antragsstelle er
zusammensetzung	zusammensetzen ung
wonneberger	wonneberg er
brötchen	brot chen
verdummung	ver dumm ung
inselurlauber	inselurlaub er
wiederbesetzung	wiederbesetzen ung
wienerin	wien er in
zarin	zare in
personalwirtschaftlich	personalwirtschaft lich
gemüsegärtner	gemüsegarten er
selbstorganisierung	selbstorganisieren ung
vermietung	vermieten ung
burgunder	burgunde er
bürokratisierung	bürokrat isch ie isier ung
ferienarbeiter	ferienarbeit er
kurörtlich	kurort lich
kriminalisierung	kriminal isier ung
gespannfahrer	gespannfahren er
entbehrlichkeit	entbehren lich keit
schulleiterin	schulleiter in
funktionärin	funktionär in
allgegenwärtigkeit	allgegenwart ig keit
hexenhäuschen	hexenhaus chen
nahkämpfer	nahkampf er
quäker	quaken er
firmin	firm e in
organisatorin	organisator in
bioethiker	bioethik er
rädchen	rad chen
bestattung	bestatten ung
kinderärztlich	kinderarzt lich
abfallberaterin	abfallberater in
giftspritzer	giftspritze er
kranbauer	kranbau er
tüchlein	tuch lein
kartenverkäuferin	kartenverkauf er in
verleumdung	verleumden ung
kosmetiker	kosmetik er
kriegsfähigkeit	kriegsfähig keit
lebensnotwendigkeit	lebensnotwendig keit
nachsichtigkeit	nachsicht ig keit
neuburger	neuburg er
rheinhauser	rheinhausen er
bürgersöhnchen	bürgersohn chen
schmalzbrötchen	schmalzbrot chen
charlottenburgerin	charlottenburg er in
wasserbauer	wasserbau er
ortsamtsleiterin	ortsamtsleiter in
güler	gül er
steinberger	steinberg er
studentin	student in
parawissenschaftlich	parawissenschaft lich
einteilung	einteilen ung
fachlich	fach lich
geisteswissenschaftlerin	geisteswissenschaft ler in
huldigen	huld ig
bedingungslos	bedingen ung los
vorführer	vorführen er
fröhlichkeit	fröhlich keit
lieferung	liefern ung
entfaltung	entfalten ung
überspitzung	über spitz e ung
gedankenlos	gedanke los
klempnerin	klempner in
kodifizierung	kodifizieren ung
operationsfähigkeit	operationsfähig keit
geldeintreiber	geldeintreiben er
elfjähriger	elfjährig er
unmittelbarkeit	un mitteln bar keit
kameruner	kamerun er
stauchung	stauchen ung
versorgung	versorgen ung
enteignung	enteignen ung
nellinger	nellingen er
schwimmlehrerin	schwimmlehrer in
reformfreudig	reformfreude ig
trockenlegung	trockenlegen ung
turniertänzer	turniertanzen er
herrscher	herrschen er
bluter	bluten er
abweichung	abweichen ung
rührung	rühren ung
streitig	streiten ig
legalisierung	legale isier ung
verstoßung	verstoßen ung
regionalligaspieler	regionalligaspiel er
neurotikerin	neurotiker in
turnlehrerin	turnlehrer in
skiläuferin	skilaufen er in
zusammenhanglos	zusammenhang los
anästhesistin	anästhesie ist in
vermarktung	ver markt ung
passagierin	passagier in
verteidigungsministerin	verteidigungsminister in
papiermacher	papiermache er
kooperationswillig	kooperationswille ig
unzweideutigkeit	unzweideutig keit
voranmeldung	voranmelden ung
knochenbrecher	knochenbrechen er
spritzig	spritzen ig
schönberger	schönberg er
farbenprächtig	farbenpracht ig
betrachtbar	betrachten bar
projektleiterin	projektleiter in
anschauung	anschauen ung
magier	magie er
tiefenpsychologin	tiefenpsychologe in
hürdenläufer	hürdenlauf er
ölunternehmer	ölunternehmen er
entsiegelung	entsiegeln ung
aktivistin	akt iv ist in
berlinerin	berlin er in
harmonisierung	harmonisch isier ung
albumin	album in
jubilarin	jubilar in
käsebrötchen	käsebrot chen
schwerstverbrecher	schwerstverbrechen er
landesherrlich	landesherr lich
friedrichsdorfer	friedrichsdorf er
rundlich	rund lich
wiederbegegnung	wiederbegegnen ung
spitzenspielerin	spitzenspiel er in
hallenberger	hallenberg er
nahostexpertin	nahostexperte in
pelzer	pelz er
stettiner	stettin er
baskin	baske in
ruderer	rudern er
bartlos	barte los
sportpolitikerin	sportpolitik er in
titelträgerin	titelträger in
bewachung	bewachen ung
heroinsüchtig	heroinsucht ig
grimmig	grimm e ig
beobachtung	beobachten ung
heuchlerin	heucheln er in
traktoristin	traktor ist in
visapflichtig	visapflicht ig
schändlich	schänden lich
warenförmig	warenform ig
friedensarbeiterin	friedensarbeit er in
orientalistin	orientale isch ist in
wettbewerbsunfähigkeit	wettbewerbsunfähig keit
schuldigkeit	schuld ig keit
lätzchen	latz chen
merkwürdigkeit	merkwürde ig keit
krönung	krönen ung
sozialhilfebedürftigkeit	sozialhilfebedürftig keit
korntaler	korntal er
trinkfreudigkeit	trinkfreudig keit
firmengründerin	firmengründer in
schalung	schalen ung
nationaltorhüterin	nationaltorhüter in
inszenierung	inszenieren ung
winkelbauer	winkelbau er
wirkungsmächtigkeit	wirkungsmacht ig keit
straßenkehrer	straßenkehren er
landeswahlleiterin	landeswahlleiter in
magdeburgerin	magdeburg er in
einreihung	einreihen ung
verrenkung	ver renke ung
allgemeingültigkeit	allgemeingültig keit
eichenwäldchen	eichenwald chen
schwammig	schwamm ig
zugig	zug ig
statistin	statisch ist in
einleitung	einleiten ung
neckartaler	neckartal er
treuhandchefin	treuhandchef in
schmähung	schmähen ung
schmalspurig	schmalspur ig
saisonsieger	saisonsieg er
verbandsvertreterin	verbandsvertreter in
erträglich	ertrag lich
prozeßrechtlich	prozeßrecht lich
voreiszeitlich	vor eiszeit lich
versöhnlich	versöhnen lich
alkoholsüchtig	alkoholsucht ig
verrechnung	verrechnen ung
vorprüfung	vorprüfen ung
abdin	abd in
sieglos	siegen los
zuhörerin	zuhören er in
verwaltungsbeamtin	verwaltungsbeamte in
verschonung	verschonen ung
berührungslos	berühren ung los
ordnung	ordnen ung
aushändigung	aushändigen ung
wirkungsvoller	wirkungsvolle er
plastikbändchen	plastikband chen
stempelung	stempeln ung
musiklehrerin	musiklehre er in
kleinkrämer	kleinkram er
kartenleger	kartenlegen er
unholdin	unholde in
schildern	schild er
freiwilligkeit	freiwillig keit
programmfüller	programmfülle er
handelsschüler	handelsschule er
menschenfeindlich	menschenfeind lich
strafgerichtlich	strafgericht lich
landessozialministerin	landessozialminister in
aussteller	ausstellen er
erlangung	erlangen ung
schwellung	schwellen ung
treuherzig	treuherz ig
rezitatorin	rezitator in
überlagerung	überlagern ung
handelbar	handeln bar
kompromißfähigkeit	kompromißfähig keit
kurzzeitig	kurzzeit ig
eßbarkeit	eßbar keit
vertiefung	vertiefen ung
richter	richten er
teilchenphysiker	teilchenphysik er
lästerung	lästern ung
sozialhilferechtlich	sozialhilferecht lich
innerweltlich	inner welt lich
wuppertalerin	wuppertal er in
zollamtlich	zollamt lich
beutegierig	beutegier ig
abdankung	abdanken ung
geschäftemacher	geschäftemachen er
ausstellungsdesigner	ausstellungsdesign er
erschwerung	erschweren ung
einsitzer	einsitzen er
unerbittlichkeit	unerbittlich keit
unwahrhaftigkeit	unwahrhaftig keit
doppelgängerin	doppelgänger in
verhandlungsfähigkeit	verhandlungsfähig keit
schlichtung	schlichten ung
einzelgänger	einzelgang er
nachwuchsregisseurin	nachwuchsregisseur in
streiter	streiten er
brechung	brechen ung
bombenattentäter	bombenattentat er
fehlbesetzung	fehlbesetzen ung
prächtig	pracht ig
politikwissenschaftlich	politikwissenschaft lich
kleingärtner	kleingarten er
muffigkeit	muff ig keit
zickig	zicken ig
kantig	kanten ig
seniorchefin	seniorchef in
vaterlos	vater los
privatschüler	privatschule er
marcellin	marcelle in
radfahrerin	radfahren er in
bedienungsfreundlichkeit	bedienungsfreundlich keit
sonnig	sonnen ig
gesellschaftsfähigkeit	gesellschaftsfähig keit
umgebung	umgeben ung
berufspraktikantin	berufspraktikant in
wiesentaler	wiesental er
wasserverkäufer	wasserverkauf er
nuancierung	nuance ier ung
kirchenvorsteherin	kirchenvorsteher in
lähmung	lähmen ung
sozialverantwortlichkeit	sozialverantwortlich keit
einheitlichkeit	einheit lich keit
wegführung	wegführen ung
leunaer	leuna er
fahrkartenverkäuferin	fahrkartenverkauf er in
mehlig	mehl ig
eigenheimbauer	eigenheimbau er
ökologischer	ökologischen er
seitlich	seite lich
zwingenberger	zwingenberg er
mündigkeit	mündig keit
henneberger	henneberg er
pier	pia er
feldberger	feldberg er
untertänigkeit	untertane ig keit
sanierungsfähigkeit	sanierungsfähig keit
gastfreundlichkeit	gastfreund lich keit
farmerin	farm er in
demeter	demet er
fahnenflüchtiger	fahnenflüchtige n er
ummantelung	um mantel ung
bezeugung	bezeugen ung
prostituiertenmörder	prostituiertenmord er
freimütigkeit	freimut ig keit
bärtig	barte ig
stellvertreter	stellvertreten er
absonderlichkeit	absondern lich keit
rechtslehrer	rechtslehre er
schönfärber	schönfärben er
ausbildung	ausbilden ung
behandlungsbedürftigkeit	behandlungsbedürftig keit
leistungsschwimmerin	leistungsschwimmer in
volksfestbesucher	volksfestbesuch er
erzähler	erzählen er
bürgermeisterkandidatin	bürgermeisterkandidat in
einstellig	einstellen e ig
regimekritiker	regimekritik er
sätzchen	satz chen
dietzenbacher	dietzenbach er
unauflöslichkeit	unauflöslich keit
köstlich	kost lich
hänger	hängen er
berufsständig	berufsstand ig
spitzfindigkeit	spitzfindig keit
kirchenmusikerin	kirchenmusik er in
atommülltransporter	atommülltransport er
zimmernachbarin	zimmernachbar in
städtebauer	städtebau er
verflüchtigen	ver flüchten ig
grünlich	grün e lich
überdeckung	über decke ung
zahnärztlich	zahnarzt lich
naturalisierung	naturalie isier ung
lustigkeit	lustig keit
sonntagsspaziergänger	sonntagsspaziergang er
stapler	stapeln er
oberflächlichkeit	oberfläche lich keit
forstarbeiter	forstarbeit er
initiatorin	initiator in
verräuchern	ver rauchen er
kindermörderin	kindermord er in
zustimmungspflichtig	zustimmungspflicht ig
weitsichtigkeit	weitsicht ig keit
prozentpünktchen	prozentpunkt chen
brauchbar	brauchen bar
greisin	greis e in
ureinwohnerin	ureinwohner in
gesamtsieger	gesamtsieg er
wiederholung	wiederholen ung
aufenthaltsrechtlich	aufenthaltsrecht lich
silberhaarig	silberhaar ig
sternchen	stern chen
badenerin	baden er in
unschlagbar	un schlagen bar
turner	turnen er
verwässerung	verwässern ung
erheblich	erheben lich
wartepflichtig	wartepflicht ig
althistorikerin	althistoriker in
belastungszeugin	belastungszeuge in
unhaltbar	un halten bar
sanitäterin	sanitäter in
eistänzerin	eistanzen er in
hindernisläufer	hindernislauf er
gleichmacher	gleichmachen er
enthebung	entheben ung
würzig	würzen ig
monopolistin	monopol ist in
offiziersschüler	offiziersschule er
marientaler	mariental er
individualistin	individualist in
umweltschutztechniker	umweltschutztechnik er
roßberger	roßberg er
massenmörderin	massenmorden er in
nachbarschaftshelferin	nachbarschaftshelfer in
feindlich	feinden lich
verheimlichung	ver heimlich ung
veranschaulichung	ver anschauen lich ung
bröckelig	bröckeln ig
didier	didi er
leitfähigkeit	leitfähig keit
vorehelich	vor ehe lich
reformfeindlichkeit	reformfeind lich keit
autodesigner	autodesign er
zufällig	zufallen ig
zauberkünstlerin	zauberkunst ler in
regionalgeschichtlich	regionalgeschichte lich
konturlos	kontur los
cutterin	cutter in
verbreiterung	ver breit ung
undurchsichtig	un durchsicht ig
schwarzbrenner	schwarzbrennen er
rechtfertiger	rechtfertigen er
finanzwirtschaftlich	finanzwirt schaft lich
katastrophenschützer	katastrophenschutz er
besinnung	besinnen ung
unannehmbar	un annehmen bar
erwerbsobstbauer	erwerbsobstbau er
verwendungsfähigkeit	verwendungsfähig keit
umsatzsteuerpflichtig	umsatzsteuerpflicht ig
pfiffig	pfiff ig
künzelsauer	künzelsau er
abgrenzung	abgrenzen ung
schlichterin	schlichten er in
nutzung	nutzen ung
baronin	baron in
dreimalig	dreimal ig
mißfällig	mißfallen ig
graphikdesigner	graphikdesign er
umkehrbar	umkehren bar
sonderbotschafterin	sonderbotschafter in
stadtgeschichtlich	stadtgeschichte lich
vorbesprechung	vorbesprechen ung
zieher	ziehen er
kopfarbeiter	kopfarbeit er
saarburger	saarburg er
mixer	mix er
väterlich	vater lich
ausarbeitung	ausarbeiten ung
umweltfeindlich	umweltfeind lich
orientierung	orient ier ung
geschäftigkeit	geschäftig keit
jämmerlichkeit	jammer lich keit
drogenverkäufer	drogenverkauf er
verleugnung	verleugnen ung
anpreisung	anpreisen ung
jugendrichterin	jugendrichter in
landschaftsarchitektin	landschaftsarchitekt in
auskofferung	auskoffern ung
ehrensenatorin	ehrensenator in
bräunlich	bräunen lich
wildberger	wildberg er
lebenszeitlich	lebenszeit lich
viertplazierter	viertplazierte n er
prellung	prellen ung
pflegeschüler	pflegeschule er
neuseeländer	neuseeland er
bettler	betteln er
nordhessin	nordhesse in
strafbarkeit	strafen bar keit
überempfindlichkeit	über empfinden lich keit
zivilkläger	zivilklage er
regierungspolitiker	regierungspolitik er
jugoslawin	jugoslawe in
fragestellerin	fragestelle er in
hausgärtner	hausgarten er
mitleidlos	mitleiden los
torjägerin	torjäger in
ungemütlichkeit	un gemüt lich keit
lagerarbeiter	lagerarbeit er
sparwillig	sparwille ig
südlich	süd lich
robber	robbe er
ungesellig	un gesellen ig
abtretung	abtreten ung
ohrwurmig	ohrwurm ig
schlichter	schlichten er
sprachlos	sprache los
nichtswürdigkeit	nichtswürdig keit
unterhöhlung	unterhöhlen ung
wahlkampfleiterin	wahlkampfleiter in
regiestudentin	regiestudent in
gehässigkeit	gehässig keit
europafeindlichkeit	europafeindlich keit
verabredung	verabreden ung
polsterung	polstern ung
regierungspräsidentin	regierungspräsident in
maklerin	makler in
nazimörder	nazimord er
volksläufer	volkslauf er
bundesgrenzschützer	bundesgrenzschutz er
maschinenbauer	maschinenbau er
ostthüringer	ostthüringen er
marktleiterin	marktleiter in
würdelos	würde los
spätmittelalterlich	spätmittelalter lich
überladung	überladen ung
großfarmer	großfarm er
chefreporterin	chefreporter in
rechtsnachfolgerin	rechtsnachfolge er in
leitung	leiten ung
unterschreitung	unterschreiten ung
werkschützer	werkschutz er
sinnlichkeit	sinn lich keit
kriminaldirektorin	kriminaldirektor in
spitzenmanagerin	spitzenmanager in
organspender	organspenden er
parteilich	partei lich
verfassungspolitiker	verfassungspolitik er
einstudierung	einstudieren ung
pianistin	pianist in
autobesitzer	autobesitz er
ergänzung	ergänzen ung
studioleiterin	studioleiter in
verteuerung	ver teuer ung
kunstwissenschaftlerin	kunstwissenschaft ler in
shanghaier	shanghai er
anbiederung	anbiedern ung
verbandssprecherin	verbandssprecher in
fußgängerin	fußgänger in
erfurter	erfurt er
kaffeepflücker	kaffeepflücken er
ingenieurwissenschaftlerin	ingenieurwissenschaft ler in
umweltverantwortlichkeit	umweltverantwortlich keit
einwirkung	einwirken ung
steuerzahlerin	steuerzahl er in
ausmalung	ausmalen ung
begeisterungsfähigkeit	begeisterungsfähig keit
zerlegung	zerlegen ung
freistaatlich	freistaat lich
gesinnungslos	gesinnung los
politisierung	politisch isier ung
tröpflein	tropf lein
barrikadenbauer	barrikadenbau er
ebenbürtigkeit	ebenbürtig keit
brander	branden er
schiffbarkeit	schiffen bar keit
pelztierzüchter	pelztierzucht er
wildwasserfahrer	wildwasserfahren er
erziehungswissenschaftlich	erziehungswissenschaft lich
tröger	trog er
irreführung	irreführen ung
niederhaltung	niederhalten ung
krabbenbrötchen	krabbenbrot chen
neubürgerlich	neuburg er lich
winkelig	winkel ig
freiräumlich	freiräumen lich
wehrlos	wehr los
machtteilhaber	machtteilhabe er
herzförmig	herzform ig
benützung	benützen ung
familienfreundlichkeit	familienfreund lich keit
rempler	rempeln er
filmbesucher	filmbesuch er
trecker	treck er
schnürchen	schnur chen
dachauer	dachau er
rettung	retten ung
stromberger	stromberg er
blockspieler	blockspiel er
sozialwirtschaftlich	sozialwirtschaft lich
stofflichkeit	stoff lich keit
vereitelung	ver eitel ung
arbeitersportlerin	arbeitersport ler in
schuldlos	schuld los
forellenzüchter	forellenzucht er
deutschlandpolitiker	deutschlandpolitik er
störung	stören ung
ausweitung	ausweiten ung
rikschafahrer	rikschafahren er
belangbar	belangen bar
nachbarin	nachbar in
fortsetzung	fortsetzen ung
instrumentierung	instrument ier ung
unumgänglichkeit	un umgang lich keit
nicolin	nicole in
vorsängerin	vorsänger in
rotenberger	rotenberg er
spätzchen	spatz chen
gewalttätig	gewalttat ig
sinnsucher	sinnsuche er
nachrichtendienstlich	nachrichtendienst lich
chorführerin	chorführer in
vereinbarkeit	vereinbar keit
politiklehrerin	politiklehrer in
liebenswürdigkeit	liebenswürdig keit
fachschüler	fachschule er
zynikerin	zyniker in
stadtentwicklungsplaner	stadtentwicklungsplan er
umverteilung	umverteilen ung
ideengeschichtlich	ideengeschichte lich
uneinheitlich	un einheit lich
schmerzlichkeit	schmerz lich keit
reiterin	reiten er in
benutzbar	benutzen bar
schopflocher	schopfloch er
weizenkörner	weizenkorn er
schauspieler	schauspielen er
gesundschrumpfung	gesundschrumpfen ung
hofmusiker	hofmusik er
leipziger	leipzig er
vorbildlichkeit	vorbilden lich keit
hörigkeit	hörig keit
hauptberuflich	hauptberuf lich
alltagsweltlich	alltagswelt lich
niedlichkeit	niedlich keit
einklagbarkeit	einklagen bar keit
übermäßig	übermaß ig
aufbesserung	aufbessern ung
darbietung	darbieten ung
sechsmalig	sechsmal ig
empörer	empören er
beibehaltung	beibehalten ung
einlassung	einlassen ung
handballerin	handballen er in
wiederernennung	wiederernennen ung
polospieler	polospiel er
wiedererkennbar	wiedererkennen bar
kontoristin	kontor ist in
friedensverträglich	friedensvertrag lich
saugfähigkeit	saugfähig keit
strafrechtlich	strafrecht lich
verlagssprecherin	verlagssprecher in
gymnasiallehrerin	gymnasiallehrer in
gynäkologin	gynäkologe in
stepper	steppen er
nachtschränkchen	nachtschrank chen
durchquerung	durchqueren ung
burgstädter	burgstadt er
glashäuschen	glashaus chen
arbeitsmarktpolitiker	arbeitsmarktpolitik er
pilzförmig	pilzform ig
kinderfreundlich	kinderfreund lich
bundespräsidentin	bundespräsident in
irrsinnig	irrsinn ig
europakritiker	europakritik er
ersttäter	ersttat er
blumenfreundin	blumenfreund in
unauffälligkeit	un auffällig keit
rehlein	reh lein
florettfechterin	florettfechten er in
absonderlich	absondern lich
nebelig	nebeln el ig
demobilisierung	demobilisieren ung
endlichkeit	ende lich keit
gewerkschaftsaktivistin	gewerkschaftsaktivist in
mäuschen	maus chen
heftchen	heft chen
hanifin	hanife in
justizsenatorin	justizsenator in
zuerkennung	zuerkennen ung
soller	soll er
belanglos	belang los
berieselung	berieseln ung
kohlberger	kohlberg er
abnutzung	ab nutz ung
unfähigkeit	un fähig keit
krümmung	krümmen ung
schächter	schacht er
unbestimmbar	un bestimmen bar
unterstützung	unterstützen ung
oberflächig	oberfläche ig
trauung	trauen ung
kernlos	kern los
plastikkörbchen	plastikkorb chen
änderbar	ändern bar
demontierung	demontieren ung
wäscher	waschen er
flügelspielerin	flügelspiel er in
birker	birk er
unpfändbar	un pfänden bar
vergünstigen	ver gunst ig
tennisspielerin	tennisspielen er in
konditorin	konditor in
figürlich	figur lich
stimmung	stimmen ung
bußfertigkeit	bußfertig keit
immobilienmaklerin	immobilienmakler in
sittlich	sitte lich
gesellschaftsrechtlich	gesellschaftsrecht lich
radierung	radieren ung
rachedurstig	rachedurst ig
anlagenbauer	anlagenbau er
veränderbar	verändern bar
mannschaftsspieler	mannschaftsspiel er
sondierung	sonde ier ung
lebendig	leben e ig
strahlung	strahlen ung
unfallfahrerin	unfallfahrer in
parteifunktionärin	parteifunktion är in
ehebrecherin	ehebrecher in
erwiderung	erwidern ung
kostspieligkeit	kostspielig keit
weingärtner	weingarten er
putzig	putzen ig
nachlässigkeit	nachlassen ig keit
völkermörder	völkermorden er
rundfunkmoderatorin	rundfunkmoderator in
tränkung	tränken ung
krebsmediziner	krebsmedizin er
abfallrechtlich	abfallrecht lich
faulig	faulen e ig
flatterig	flattern ig
diskussionsfreudigkeit	diskussionsfreude ig keit
betriebsärztlich	betriebsarzt lich
naturkundlich	naturkunde lich
winzerin	winzer in
unvernünftig	unvernunft ig
institutionalisierung	institutionalisieren ung
passierbar	passieren bar
vilbeler	vilbel er
überbelegung	über beleg ung
auslandsbesucher	auslandsbesuch er
bereifung	bereifen ung
rabenecker	rabeneck er
bäckerin	backen er in
selbstverwalter	selbstverwalten er
anheuerung	anheuern ung
tischnachbarin	tischnachbar in
kläger	klage er
mergentheimer	mergentheim er
spitzensportlerin	spitzensport ler in
raketentechniker	raketentechnik er
wüstenstädtchen	wüstenstadt chen
wüstenkrieger	wüstenkrieg er
eisenberger	eisenberg er
zustellung	zustellen ung
erfinder	erfinden er
oberösterreicher	oberösterreich er
baseler	basel er
dreizügigkeit	dreizügig keit
tübingerin	tübingen er in
ausbildungsleiterin	ausbildungsleiter in
gemeindepfleger	gemeindepflege er
arbeitssüchtig	arbeitssucht ig
vermarktbar	ver markt bar
erdinger	erding er
teamleiterin	teamleiter in
wartenberger	wartenberg er
waldbesitzer	waldbesitz er
objektkünstlerin	objektkunst ler in
nordirin	nordire in
kommentarlos	kommentar los
tankstellenräuber	tankstellenraub er
pelzträgerin	pelzträger in
menschenähnlichkeit	menschenähnlich keit
schulministerin	schulminister in
umweltfreundlich	umweltfreund lich
löscher	löschen er
parteisprecherin	parteisprecher in
erklärlich	erklären lich
verspätung	ver spät ung
bagdader	bagdad er
fremdenführerin	fremdenführer in
schirmer	schirm er
planer	planen er
gelegenheitskäufer	gelegenheitskauf er
einsendung	einsenden ung
rosenzüchter	rosenzucht er
satzungsrechtlich	satzungsrecht lich
verdrießlichkeit	verdrießen lich keit
absicherung	absichern ung
regung	regen ung
vergünstigung	ver gunst ig ung
besiegelung	besiegeln ung
briefpartnerin	briefpartner in
modellflieger	modellfliegen er
beliebigkeit	belieben ig keit
tageszeitlich	tageszeit lich
riecher	riechen er
brandmarkung	brandmarken ung
vergegenwärtigen	ver gegenwart ig
portugiesin	portugiese in
grundschulleiterin	grundschulleiter in
sportjournalistin	sportjournalist in
aussagefähigkeit	aussagefähig keit
untadeligkeit	untadelig keit
eberstädter	eberstadt er
erstligaspieler	erstligaspiel er
gottähnlichkeit	gottähnlich keit
einbeziehung	einbeziehen ung
anhalter	anhalten er
wahlberlinerin	wahlberliner in
freiherrlich	freiherr lich
umgänglich	umgang lich
duisburgerin	duisburg er in
lacher	lachen er
anhänglich	anhang lich
übersiedler	übersiedeln er
umweltpolitikerin	umweltpolitik er in
aufwärter	aufwarten er
flugfähigkeit	flugfähig keit
sonderbarkeit	sondern bar keit
frühjährlich	frühjahr lich
ausschüttung	ausschütten ung
überlebensnotwendigkeit	über lebensnotwendig keit
rechtmäßigkeit	rechtmäßig keit
faserig	faser ig
baltin	balte in
nachrichtentechniker	nachrichtentechnik er
straßenkämpfer	straßenkampf er
vermummung	ver mumm ung
notwendigkeit	notwendig keit
vorjahresgewinner	vorjahresgewinn er
zuschauerin	zuschauen er in
kranführerin	kranführer in
vielfältig	vielfalt ig
spielverderberin	spielverderber in
volkskirchlich	volkskirche lich
heftigkeit	heftig keit
zeitkritiker	zeitkritik er
wecker	wecken er
leserin	lese er in
begnadigung	begnadigen ung
fischesser	fischesse er
feldspielerin	feldspiel er in
elbestädter	elbestadt er
abdichtung	abdichten ung
holzhauser	holzhausen er
ausländerfeindlichkeit	ausländerfeind lich keit
sensibilisierung	sensibilisieren ung
haushaltsexpertin	haushaltsexperte in
schöpferin	schöpfen er in
linderung	lindern ung
verelendung	ver elend ung
überprüfbar	überprüfen bar
integrationswillig	integrationswille ig
eisenbahner	eisenbahn er
beschützerin	beschützen er in
schleifer	schleifen er
sandkörnchen	sandkorn chen
geringfügigkeit	geringfügig keit
umwelttechniker	umwelttechnik er
fesselung	fesseln ung
versammlungsleiterin	versammlungsleiter in
rußig	rußen ig
erstürmung	erstürmen ung
überhörbar	überhören bar
titelgewinner	titelgewinn er
wunderlichkeit	wundern lich keit
einflußlos	einfluß los
verproviantierung	verproviantieren ung
europapolitikerin	europapolitik er in
ausstattung	ausstatten ung
punktlos	punkt los
unterallgäuer	unterallgäu er
unempfindlich	un empfinden lich
gegenstandlos	gegenstand los
gleichmäßigkeit	gleichmaß ig keit
künstlich	kunst lich
übellaunigkeit	übellaunig keit
menschenrechtlich	menschenrecht lich
vorführung	vorführen ung
fernöstlich	fernost lich
beschwerdeführerin	beschwerdeführer in
untergeher	untergehen er
mitarbeiterin	mitarbeiten er in
lebensweltlich	lebenswelt lich
toaster	toast er
rückhaltslos	rückhalt los
kioskbesitzerin	kioskbesitzer in
bemannung	bemannen ung
mecklenburgerin	mecklenburg er in
filmwissenschaftlich	filmwissenschaft lich
merlin	merle in
eifersüchtig	eifersucht ig
weiternutzung	weiternutzen ung
superministerin	superminister in
parteienkritiker	parteienkritik er
unwirtschaftlich	un wirtschaften lich
wunderlin	wunderle in
medienwissenschaftlich	medienwissenschaft lich
anlegerschützer	anlegerschutz er
terrier	terra er
verschweigung	verschweigen ung
bereitstellung	bereitstellen ung
geschichtsdenker	geschichtsdenken er
landeshoheitlich	landeshoheit lich
französischlehrerin	französischlehrer in
selbstgefällig	selbstgefallen ig
hauptanteilseignerin	hauptanteilseigner in
anschaulich	anschauen lich
genehmigungspflichtig	genehmigungspflicht ig
grauslich	grausen lich
musikkritiker	musikkritik er
zerrung	zerren ung
hauseigentümer	hauseigentum er
bürochefin	bürochef in
wohlgefälligkeit	wohlgefallen ig keit
luxemburgerin	luxemburg er in
masseurin	masseur in
fliegerin	fliegen er in
asylbewerberin	asylbewerber in
ergötzung	ergötzen ung
sozialpädagogin	sozialpädagoge in
antriebslos	antrieb los
bernauer	bernau er
vorderpfälzer	vorderpfalz er
nationalgeschichtlich	nationalgeschichte lich
literaturdozentin	literaturdozent in
bildungsbürgerlich	bildungsbürger lich
regsamkeit	regen sam keit
inspirationslos	inspiration los
schlagwerker	schlagwerk er
nachteilig	nachteil ig
kerber	kerbe er
kahlköpfigkeit	kahlkopf ig keit
beharrlich	beharren lich
unterernährung	unterernähren ung
beherbergung	beherbergen ung
untersuchung	untersuchen ung
traulich	trauen lich
ponyreiterin	ponyreiten er in
opelstädter	opelstadt er
aufheiterung	aufheitern ung
verwöhnung	verwöhnen ung
betrachtung	betrachten ung
australierin	australien er in
zuneigung	zuneigen ung
vermeidung	vermeiden ung
optimierung	optimieren ung
frankierung	frank ie ier ung
verrußung	ver ruß ung
juniorin	junior in
schülerin	schule er in
entfremdung	entfremden ung
abkühlung	ab kühl e ung
breitensportlich	breitensport lich
treppchen	treppe chen
sicherheitstechniker	sicherheitstechnik er
schnauzbärtig	schnauzbart ig
straßenfußballer	straßenfußball er
irrwitzig	irrwitz ig
unterdrücker	unterdrücken er
unhaltbarkeit	un halten bar keit
umformung	umformen ung
reinlich	rein lich
aufforderung	auffordern ung
folgerichtigkeit	folgerichtig keit
minchen	min chen
tabulos	tabu los
stationsleiterin	stationsleiter in
sozialstaatssekretärin	sozialstaatssekretär in
wohnungsbauministerin	wohnungsbauminister in
verzweigung	ver zweig ung
beendung	beenden ung
empfänger	empfang er
eiförmig	eiform ig
verharmlosung	ver harmlos ung
überschreibung	überschreiben ung
scherer	schere er
pionierleiterin	pionierleiter in
begleiter	begleiten er
unterteilbar	unterteilen bar
sozialfürsorgerin	sozialfürsorge er in
verschlüsselung	ver schlüssel ung
beatmung	beatmen ung
schwulstig	schwulst ig
blitzkrieger	blitzkrieg er
reformierung	reform ier ung
täuscher	tausch er
kleinbürgerlich	kleinbürger lich
familienpolitiker	familienpolitik er
sterbenswörtchen	sterbenswort chen
töchterchen	tochter chen
eigengesetzlichkeit	eigengesetzlich keit
abschürfung	abschürfen ung
berchtesgadener	berchtesgaden er
dachkämmerchen	dachkammer chen
schartig	scharte ig
finanzwissenschaftlich	finanzwissenschaft lich
fischverkäuferin	fischverkäufer in
willenlos	wille los
literaturnobelpreisträgerin	literaturnobelpreisträger in
videokünstlerin	videokunst ler in
schönsein	schönsee in
maximin	maxime in
bedenklichkeit	bedenken lich keit
spaziergängerin	spaziergang er in
bekehrer	bekehren er
abstrafung	ab strafen e ung
stimmbürgerin	stimmbürger in
sportlehrerin	sportlehrer in
nichtarbeiter	nichtarbeit er
autobahnbauer	autobahnbau er
fängerin	fangen in
pfarrerin	pfarre er in
ballettänzerin	ballettänzer in
innerörtlich	innerort lich
hundezüchter	hundezucht er
studentensprecherin	studentensprecher in
sicherheitswächter	sicherheitswacht er
ansehnlichkeit	ansehnlich keit
zerschlagung	zer schlagen ung
humorlos	humor los
umweltmediziner	umweltmedizin er
durchsuchung	durchsuchen ung
beweisfähigkeit	beweisfähig keit
hiller	hille er
wertpapierbesitzer	wertpapierbesitz er
erörterung	erörtern ung
universitätsprofessorin	universitätsprofessor in
unerklärlichkeit	un erklären lich keit
beerdigung	beerdigen ung
schuldig	schuld ig
leverkusenerin	leverkusen er in
jugendfußballer	jugendfußball er
straßenplaner	straßenplan er
gebieter	gebieten er
unternehmungslustig	unternehmungslust ig
weiterführung	weiterführen ung
teilnehmer	teilnehmen er
restauratorin	restaurator in
ärmlichkeit	ärmlich keit
schweißerin	schweißen in
gaswäscher	gaswäsche er
ausbeutung	ausbeuten ung
entsagung	entsagen ung
fahrschülerin	fahrschule er in
jugendarbeiter	jugendarbeit er
verwendbarkeit	verwendbar keit
verdünnung	ver dünn ung
einpflanzung	einpflanzen ung
anspruchslos	anspruch los
tierheilpraktikerin	tierheilpraktiker in
hinrichtung	hinrichten ung
wuppertaler	wuppertal er
kriegsdienstgegnerin	kriegsdienstgegner in
wagner	wagen er
medienpädagogin	medienpädagoge in
begleiterin	begleiten er in
hörer	hören er
burgenbauer	burgenbau er
samenkörnchen	samenkorn chen
offenbacherin	offenbach er in
großräumig	großraum ig
täfelung	täfeln ung
pfandleiher	pfandleihe er
usbekin	usbeke in
lieblichkeit	lieben lich keit
spätsommerlich	spätsommer lich
intendantin	intendant in
teemeisterin	teemeister in
chefredakteurin	chefredakteur in
entschärfung	entschärfen ung
sozialhilfeempfängerin	sozialhilfeempfänger in
hofhaltung	hofhalten ung
entscheidung	entscheiden ung
schwärmerin	schwärmen er in
straßenbahnfahrerin	straßenbahnfahren er in
brunnenbauer	brunnenbau er
trapper	trappe er
pressevertreterin	pressevertreter in
weltwirtschaftlich	weltwirtschaft lich
musiker	musik er
medizinaldirektorin	medizinaldirektor in
schicksalsgenossin	schicksalsgenosse in
naturwissenschaftlerin	naturwissenschaft ler in
reiseführerin	reiseführer in
singer	singen er
nachmessung	nachmessen ung
pfandleiherin	pfandleihe er in
unterströmung	unterströmen ung
entehrung	ent ehren e ung
aussteiger	aussteigen er
jagdhornbläser	jagdhornblasen er
vertretung	vertreten ung
erstwähler	erstwahl er
seinsgeschichtlich	seinsgeschichte lich
entwicklungsfähigkeit	entwicklungsfähig keit
vorläufer	vorlaufen er
schriftstellerkollegin	schriftstellerkollege in
elektroinstallateurin	elektroinstallateur in
mitläufer	mitlaufen er
nymphenburger	nymphenburg er
sprachgeschichtlich	sprachgeschichte lich
moralistin	moral ist in
verderberin	ver derb er in
hauptkläger	hauptklage er
hochstufung	hochstufen ung
zuzahlung	zuzahlen ung
gartenarbeiter	gartenarbeit er
pappelwäldchen	pappelwald chen
tamer	tam er
interviewer	interviewen er
unüberbietbar	un überbieten bar
spätromantiker	spätromantik er
steptänzerin	steptanz er in
besinnlichkeit	besinnen lich keit
offenherzigkeit	offenherzig keit
polizeireporter	polizeireport er
torfstecher	torfstechen er
zuschüttung	zuschütten ung
weltenbummlerin	weltenbummler in
hausschlachter	hausschlachten er
macherin	machen er in
wohlgefällig	wohlgefallen ig
kittchen	kitt chen
musikschulleiterin	musikschulleiter in
gleichzeitig	gleichzeit ig
hemdchen	hemd chen
seetüchtigkeit	seetüchtig keit
gesprächigkeit	gespräch ig keit
billardspieler	billardspielen er
wildensteiner	wildenstein er
arbeitsrechtlich	arbeitsrecht lich
wiederbewaffnung	wiederbewaffnen ung
verkehrspolizeilich	verkehrspolizei lich
zwiespältig	zwiespalt ig
kransberger	kransberg er
träumerin	träumen er in
realitätstüchtigkeit	realitätstüchtig keit
einbecker	einbeck er
mitgestalter	mitgestalten er
dorfschullehrerin	dorfschullehrer in
stromverbraucher	stromverbrauch er
abriegelung	abriegeln ung
kunstmalerin	kunstmaler in
meisterschülerin	meisterschule er in
jährlich	jähren lich
außerdienstlich	außer dienst lich
neustädterin	neustadt er in
globetrotterin	globetrotter in
bläulich	blau e lich
dorfpolitiker	dorfpolitik er
oppositionsführerin	oppositionsführer in
rähmchen	rähm chen
pantöffelchen	pantoffel chen
hochschulprofessorin	hochschulprofessor in
torsteherin	torsteher in
einkapselung	ein kapsel ung
fünfhunderter	fünfhundert er
zwischennutzung	zwischennutzen ung
etikettierung	etikette ier ung
annchen	ann chen
wismarer	wismar er
kundenberaterin	kundenberater in
gastlichkeit	gast lich keit
zurücklassung	zurücklassen ung
semin	sem in
schaumberger	schaumberg er
angliederung	angliedern ung
bedrückung	bedrücken ung
strafrechtsreformer	strafrechtsreform er
verletzbarkeit	verletzen bar keit
planierung	planie ier ung
konsolidierung	konsolidieren ung
absenderin	absenden er in
baumgartner	baumgarten er
vergegenständlichung	ver gegenstand lich ung
verständlich	verstand lich
bedrängung	bedrängen ung
bolivianerin	bolivianer in
fahrzeugbauer	fahrzeugbau er
kundenfreundlichkeit	kundenfreundlich keit
spielgestalterin	spielgestalter in
eintrübung	eintrüben ung
kirchlichkeit	kirche lich keit
unterwürfigkeit	unterwürfig keit
gefährdung	gefährden ung
abhängigkeit	abhängen ig keit
lauterberger	lauterberg er
frühstücksbrötchen	frühstücksbrot chen
ausläufer	auslauf er
verkäuflich	verkauf lich
landespolitiker	landespolitik er
goldgierig	goldgier ig
bevölkerung	bevölkern ung
ernährungsmediziner	ernährungsmedizin er
dramatiker	dramatik er
oberschlesier	oberschlesien er
stadtförster	stadtforst er
mündlichkeit	mündlich keit
weltrekordhalterin	weltrekordhalter in
ausfertigung	ausfertigen ung
bühnenwirksamkeit	bühnenwirksam keit
verkettung	ver kette ung
schäbig	schabe ig
tankstellenpächterin	tankstellenpächter in
pferdekutscher	pferdekutsche er
langeweiler	langeweile er
holländer	holland er
engelmacherin	engelmacher in
landschaftspfleger	landschaftspflege er
vertrauenswürdigkeit	vertrauenswürdig keit
einsenderin	einsenden in
mehrheitseigentümerin	mehrheitseigentum er in
wiederkäufer	wiederkauf er
aufteilung	aufteilen ung
interessenlos	interesse los
bestechlich	bestechen lich
pfeifenraucher	pfeifenrauch er
präsidentin	präsident in
körperverträglichkeit	körperverträglich keit
birger	birge er
mittagsschläfchen	mittagsschlaf chen
irmelin	irmel in
buchbinderin	buchbinden er in
aussichtslos	aussicht los
fürstbischöflich	fürstbischof lich
austräger	austragen er
einzelsiegerin	einzelsieg er in
trapezförmig	trapezform ig
artigkeit	artig keit
turnierleiterin	turnierleiter in
sexualpädagogin	sexualpädagoge in
schulabgängerin	schulabgang er in
marktwirtschaftlich	marktwirt schaft lich
verlesung	verlesen ung
ausmusterung	aus muster ung
feller	fell er
herzlichkeit	herz lich keit
profillos	profil los
reparaturanfälligkeit	reparaturanfällig keit
nachehelich	nach ehe lich
abtreiberin	abtreiben er in
faltig	falten ig
liedermacherin	liedermacher in
aufhellung	aufhellen ung
demokratieverträglichkeit	demokratieverträglich keit
vormittäglich	vormittag lich
arin	ar in
einteilig	einteilen ig
aufwiegler	aufwiegeln er
wasserläufer	wasserlauf er
kriegsberichter	kriegsbericht er
entscheidbar	entscheiden bar
florstädter	florstadt er
zuversichtlich	zuversicht lich
holztäfelchen	holztafel chen
absolvierung	absolvieren ung
zahlbar	zahlen bar
kassenpatientin	kassenpatient in
mißverständlichkeit	mißverständlich keit
bestimmung	bestimmen ung
weiterbildner	weiterbilden er
bordellbesucher	bordellbesuch er
kaffeeanbauer	kaffeeanbau er
überbeschäftigung	überbeschäftigen ung
allgäuer	allgäu er
maskenbildnerin	maskenbildner in
carolin	carole in
gelockert	ge locke er
kurzwellenempfänger	kurzwellenempfang er
trinkerin	trinken er in
fransig	fransen ig
zählung	zählen ung
gesprächsunfähigkeit	gesprächsunfähig keit
priorin	prior in
leinensäckchen	leinensack chen
straßenkreuzer	straßenkreuz er
reisebegleiterin	reisebegleiter in
begeisterung	begeistern ung
beanstandung	be anstand ung
chefbuchhalterin	chefbuchhalter in
ritterlich	ritt er lich
athener	athene er
tourismusministerin	tourismusminister in
gruppenbetreuerin	gruppenbetreuer in
heilssucher	heilssuche er
menschlich	mensch lich
bodenturner	bodenturnen er
katzenbesitzerin	katzenbesitzer in
widerspruchsführerin	widerspruchsführer in
decodierung	decodieren ung
entwicklungsgeschichtlich	entwicklungsgeschichte lich
sozialamtsleiterin	sozialamtsleiter in
bühnenbildnerin	bühnenbildner in
theaterkritiker	theaterkritik er
untertreibung	untertreiben ung
staatschützer	staatschutz er
fünfkämpfer	fünfkampf er
züchter	züchten er
ausgleichung	ausgleichen ung
gleichung	gleichen ung
gehörlos	gehören los
binnenwirtschaftlich	binnenwirtschaft lich
thüringerin	thüringen er in
feldmäuschen	feldmaus chen
volkstümlichkeit	volkstümlich keit
provinzstädtchen	provinzstadt chen
oberligaspieler	oberligaspiel er
diplomsoziologin	diplomsoziologe in
höhergruppierung	höhergruppieren ung
bleisteiner	bleistein er
tangotänzerin	tangotanzen er in
produktionsarbeiter	produktionsarbeit er
ernährung	ernähren ung
gottesdienstbesucher	gottesdienstbesuch er
sehringer	sehring er
berufschüler	berufschule er
fadenspieler	fadenspiel er
unterversorgung	unterversorgen ung
stromverkäufer	stromverkauf er
steuerzahler	steuerzahl er
hintersinnig	hintersinn ig
mutterlos	mutter los
vielfältigkeit	vielfalt ig keit
spannungslos	spannen ung los
frevler	freveln er
zusammenhangslos	zusammenhang los
strafbar	strafen bar
schwärmer	schwärmen er
wochenendlich	wochenende lich
amtschefin	amtschef in
innerparteilich	inner partei lich
mägdlein	magd lein
waffenträger	waffentragen er
hauer	haue er
händlerin	händler in
zugehörig	zugehören ig
wucherer	wuchern er
sanftmütig	sanftmut ig
staatssekretärin	staatssekretär in
diplomatin	diplom at in
eilbedürftigkeit	eilbedürftig keit
nachrechnung	nachrechnen ung
heiligkeit	heil e ig keit
zudringlichkeit	zudringlich keit
langweiler	langweilen er
fremdsprachlich	fremdsprache lich
nordbadener	nordbaden er
laxenburger	laxenburg er
rappelig	rappel ig
arbeitslos	arbeit los
betreiberin	betreiben er in
sozialarbeiter	sozialarbeit er
reichenbacher	reichenbach er
sudanesin	sudanese in
rheinberger	rheinberg er
kaffeepflanzer	kaffeepflanze er
frankfurter	frankfurt er
rummelsburger	rummelsburg er
josefin	josef in
wellenreiter	wellenreiten er
regionalisierung	regionale isier ung
lauffreudig	lauffreude ig
darstellung	darstellen ung
eibauer	eibau er
frührentnerin	frührentner in
pekinger	peking er
einzelbauer	einzelbau er
eigensüchtig	eigensucht ig
beamtenanwärterin	beamtenanwärter in
fahrbar	fahren bar
brotbäcker	brotbacken er
kinobetreiberin	kinobetreiber in
spitzenkandidatin	spitzenkandidat in
lichtchen	licht chen
fährschiffer	fährschiff er
beschleunigung	beschleunigen ung
mathematikprofessorin	mathematikprofessor in
zahnrädchen	zahnrad chen
erwähnung	erwähnen ung
bestandskräftig	bestandskraft ig
diätassistentin	diätassistent in
erpresserin	erpressen in
demokratin	demokrat in
mönchberger	mönchberg er
plasmaspender	plasmaspende er
senkrechtstarter	senkrechtstart er
badehäuschen	badehaus chen
theaterbesucher	theaterbesuch er
unterschätzung	unterschätzen ung
religionspädagogin	religionspädagoge in
bausparer	bausparen er
druckerin	drucken er in
zuziehung	zuziehen ung
freiberuflerin	freiberufler in
trübsinnigkeit	trübsinn ig keit
überformung	über form ung
abschlachtung	abschlachten ung
selbstgestaltung	selbstgestalten ung
abschirmung	abschirmen ung
rüdesheimer	rüdesheim er
durchleuchtung	durch leuchten e ung
eroberung	erobern ung
festhalter	festhalten er
restaurantkritiker	restaurantkritik er
rundenzähler	rundenzählen er
nachreifung	nach reif ung
höflich	hof lich
generalkonsulin	generalkonsul in
verdinglichung	ver ding lich ung
nordspanier	nordspanien er
sündigen	sünde ig
yener	yen er
unverdächtig	un verdacht ig
politikmacher	politikmachen er
täuschung	täuschen ung
deklarierung	deklarieren ung
genehmigungsrechtlich	genehmigungsrecht lich
zwischenlagerung	zwischenlagern ung
schluchzer	schluchzen er
belieferung	beliefern ung
hehler	hehl er
geisteswissenschaftlich	geisteswissenschaft lich
anbauer	anbauen er
wahlkämpfer	wahlkampf er
rollkunstläufer	rollkunstlaufen er
umweltverträglicher	umweltverträglich e er
unterhaltungskünstlerin	unterhaltungskunst ler in
mehrheitsgesellschafter	mehrheitsgesellschaft er
exportabhängigkeit	exportabhängig keit
werksärztlich	werksarzt lich
wühler	wühlen er
anhänger	anhängen er
abzweigung	abzweigen ung
muffig	muff ig
schmuddelig	schmuddel ig
neugieriger	neugierige n er
habsburger	habsburg er
verdaulichkeit	verdauen lich keit
schulpolitikerin	schulpolitik er in
aufschiebung	aufschieben ung
steuerflüchtig	steuerflucht ig
offenburgerin	offenburg er in
hilker	hilke er
annullierung	annullieren ung
mitinhaberin	mitinhaber in
anarchistin	anarchisch ist in
dustin	dust in
bauhandwerklich	bauhandwerk lich
dreitausender	dreitausend er
besetzer	besetzen er
terminlich	term in lich
überfürsorglich	überfürsorge lich
vizemeisterin	vizemeister in
jugendturner	jugendturnen er
kinderpflegerin	kinderpflege er in
kleinstädter	kleinstadt er
nuklearmediziner	nuklearmedizin er
literaturprofessorin	literaturprofessor in
finanzbuchhalterin	finanzbuchhalter in
steinbrecher	steinbrech er
berlinbesucher	berlinbesuch er
verseuchung	ver seuche ung
abgabepflichtig	abgabepflicht ig
personalrechtlich	personalrecht lich
hongkonger	hongkong er
verlagsleiterin	verlagsleiter in
schwarzwaldstädtchen	schwarzwaldstadt chen
entscheidungsunfähigkeit	entscheidungsunfähig keit
kratzer	kratzen er
verleitung	verleiten ung
rober	robe er
teilnehmerin	teilnehmen er in
bambergerin	bamberg er in
niederträchtig	niedertracht ig
ostjerusalemer	ostjerusalem er
meßbarkeit	meßbar keit
oberpfälzer	oberpfalz er
steinbrunner	steinbrunnen er
hinterlassung	hinterlassen ung
weiblich	weib lich
löcherig	löchern ig
wahrsagerin	wahrsagen er in
obdachlos	obdach los
landesdirektorin	landesdirektor in
rückschrittlich	rückschritt lich
bündnispartnerin	bündnispartner in
zusammengehörig	zusammengehören ig
gläubig	glauben ig
beschäftigungslos	beschäftigen ung los
rollschuhläufer	rollschuhlaufen er
erfolgloser	erfolglose n er
stammler	stammeln er
bedenklich	bedenken lich
unwahrscheinlichkeit	unwahrscheinlich keit
freibadbesucher	freibadbesuch er
ernstlich	ernst lich
begradigung	begradigen ung
christain	christa in
gestaltlos	gestalten los
allmächtig	allmacht ig
miststreuer	miststreue er
unterbindung	unterbinden ung
rücksichtlos	rücksicht los
beschlußfähigkeit	beschlußfähig keit
bäuchlein	bauch lein
nachmeldung	nachmelden ung
pfungstädter	pfungstadt er
zuleitung	zuleiten ung
unbelehrbarkeit	un belehren bar keit
hautverträglichkeit	hautverträglich keit
aufrichtigkeit	aufrichten ig keit
surrealistin	surreal ist in
jagdschlößchen	jagdschloß chen
altertümlich	altertum lich
unvereinbarkeit	un vereinbar keit
vorsorglich	vorsorgen lich
gewinnbar	gewinnen bar
verkehrspolitiker	verkehrspolitik er
verherrlichen	ver herr lich
mayer	may er
wämschen	wams chen
liebchen	lieb e chen
filmgeschichtlich	filmgeschichte lich
abfallwirtschaftlich	abfallwirtschaft lich
lästigkeit	lästig keit
juniorpartnerin	juniorpartner in
verderblichkeit	verderb lich keit
elektroingenieurin	elektroingenieur in
blödsinnig	blödsinn ig
beeinflussung	beeinflussen ung
teilsanierung	teilsanieren ung
glasig	glas ig
gegentreffer	gegentreffen er
aufbauspieler	aufbauspiel er
obstbauer	obstbau er
alterung	altern ung
nachdenklich	nachdenken lich
packung	packen ung
sozialpartnerschaftlich	sozialpartner schaft lich
abschätzig	abschätzen ig
kompositionslehrer	kompositionslehre er
pfleglich	pflegen lich
regenburger	regenburg er
geschenkbändchen	geschenkband chen
mecklenburger	mecklenburg er
wissenschaftstheoretikerin	wissenschaftstheoretiker in
schrecklich	schreck lich
kunstkäufer	kunstkauf er
gaststättenrechtlich	gaststättenrecht lich
schwerfälligkeit	schwerfallen ig keit
hälmchen	halm chen
heimatpfleger	heimatpflege er
ausschweifung	aus schweif ung
kombattantin	kombattant in
sehnlich	sehnen lich
fernsehunternehmer	fernsehunternehmen er
opernsängerin	opernsänger in
übertretung	übertreten ung
beanspruchung	be anspruch ung
großmeisterin	großmeister in
satin	sat in
textverständlichkeit	textverständlich keit
tauscher	tausch er
auszehrung	auszehren ung
gewerbemieter	gewerbemiete er
straßenbauer	straßenbau er
heilsberger	heilsberg er
westkollegin	westkollege in
europaministerin	europaminister in
schäfer	schaf er
mittäterin	mittäter in
vergnügungssüchtig	vergnügungssucht ig
züchtig	züchten ig
beanstandungslos	be anstand ung los
maurer	mauer er
klebrigkeit	klebrig keit
therapeutin	therapeut in
beeinträchtigung	beeinträchtigen ung
dauerbesucher	dauerbesuch er
säger	säge er
zusammenfügung	zusammenfügen ung
schnittig	schnitte ig
versuchung	versuchen ung
karrieremacher	karrieremachen er
überträgerin	übertragen er in
einspritzung	einspritzen ung
naturräumlich	naturraum lich
belagerung	belagern ung
saatkörner	saatkorn er
steuerfachgehilfin	steuerfachgehilfe in
vertragslos	vertrag los
lateinlehrerin	lateinlehrer in
umschaltung	umschalten ung
oktoberfestbesucher	oktoberfestbesuch er
punktezähler	punktezahl er
erwerbstätigkeit	erwerbstätig keit
jugendsenatorin	jugendsenator in
kartenständer	kartenstand er
aquarellmaler	aquarellmalen er
steinewerfer	steinewerfen er
untersuchungsleiterin	untersuchungsleiter in
harlemer	harlem er
schnurrbärtig	schnurrbart ig
ermäßigung	ermäßigen ung
winterberger	winterberg er
bezahler	bezahlen er
weltmarktfähigkeit	weltmarktfähig keit
kelterung	keltern ung
weltlich	welt lich
generalsekretärin	generalsekretär in
wahlverliererin	wahlverlierer in
jägerin	jäger in
schälchen	schal chen
teepflückerin	teepflücker in
stadtwerker	stadtwerk er
villacher	villach er
flötenspieler	flötenspiel er
unmanierlich	un manier lich
umkreisung	um kreis ung
einsteiger	einsteigen er
verbindung	verbinden ung
eritreerin	eritreer in
ölarbeiter	ölarbeit er
nichtigkeit	nichtig keit
kronstädter	kronstadt er
wendig	wenden ig
einziehung	einziehen ung
arrondierung	arrondieren ung
schlückchen	schluck chen
großbetrieblich	großbetrieb lich
möbeldesigner	möbeldesign er
wiedergutmachung	wiedergutmachen ung
schloßscheuer	schloßscheue er
bildlichkeit	bild lich keit
heimarbeiter	heimarbeit er
sättigung	sättigen ung
oberhauser	oberhausen er
versteigern	ver steige er
keimfähigkeit	keimfähig keit
raubmörder	raubmord er
pünktchen	punkt chen
schlierseer	schliersee er
zwischenmenschlichkeit	zwischenmenschlich keit
verdienstlich	verdienst lich
verlegung	verlegen ung
ausgrenzung	ausgrenzen ung
selbstähnlichkeit	selbstähnlich keit
floßfahrer	floßfahren er
unverantwortlichkeit	un verantworten lich keit
nachweispflichtig	nachweispflicht ig
paarläufer	paarlaufen er
versteigerer	ver steige er er
urkundlich	urkunde lich
alleinunterhalterin	alleinunterhalter in
bekämpfung	bekämpfen ung
investmentbanker	investmentbank er
gewerbeärztlich	gewerbearzt lich
auszählung	auszählen ung
menschenfreundlich	menschenfreund lich
abenteurer	abenteuer er
willkürlich	willkür lich
gesetzeskräftig	gesetzeskraft ig
beschlagnahmung	beschlagnahmen ung
ravensburger	ravensburg er
finderin	finden er in
farbdrucker	farbdruck er
pater	pate er
terrassierung	terrasse ier ung
ländlich	lände lich
wirkungsgeschichtlich	wirkungsgeschichte lich
konsumentenschützer	konsumentenschutz er
stierstädter	stierstadt er
küstenschützer	küstenschutz er
frühstarter	frühstart er
bibliotheksdirektorin	bibliotheksdirektor in
kampfrichterin	kampfrichter in
urlauberin	urlaube er in
verfolgung	verfolgen ung
kuschelig	kuscheln ig
beisetzung	beisetzen ung
regierungsfähigkeit	regierungsfähig keit
pforzheimer	pforzheim er
umquartierung	um quartier ung
bernhardiner	bernhardine er
zufügung	zufügen ung
grünberger	grünberg er
frager	fragen er
abkanzelung	abkanzeln ung
porzellanmalerin	porzellanmaler in
unzeitig	unzeit ig
schmollmündchen	schmollmund chen
nützlich	nützen lich
pflichtverteidigerin	pflichtverteidiger in
konzernsprecherin	konzernsprecher in
ärmellos	ärmel los
meinungsmacher	meinungsmache er
einigkeit	eine ig keit
papierlos	papier los
bildstöckchen	bildstock chen
rechtsförmig	rechtsform ig
kastenförmig	kastenform ig
abänderung	abändern ung
sprachschüler	sprachschule er
reduzierung	reduzieren ung
moskauerin	moskau er in
unanstößig	un anstoß ig
einstimmigkeit	einstimmen ig keit
spastikerin	spastiker in
friedrichsberger	friedrichsberg er
riegelsberger	riegelsberg er
hellseherin	hellsehen er in
sommerurlauber	sommerurlaub er
kälbchen	kalben chen
verblendung	verblenden ung
angriffslustig	angriffslust ig
rauscher	rausch er
ausladung	ausladen ung
dauerparker	dauerparken er
skatspieler	skatspielen er
entmietung	ent mieten e ung
einzellig	einzelle ig
versager	versagen er
mitschülerin	mitschüler in
schubladendenker	schubladendenken er
gleichmütig	gleichmut ig
regreßpflichtig	regreßpflicht ig
stuttgarterin	stuttgart er in
kunstglaser	kunstglas er
beschattung	beschatten ung
vergnügung	vergnügen ung
blumenständer	blumenstand er
klavierlehrerin	klavierlehrer in
radschläger	radschlagen er
umdrehung	umdrehen ung
amtsleiterin	amtsleiter in
bedeutsamkeit	bedeuten sam keit
hauptkonkurrentin	hauptkonkurrent in
kauffreudig	kauffreude ig
spaßig	spaß ig
wiederherstellung	wiederherstellen ung
vorstädter	vorstadt er
staatschefin	staatschef in
rückgängig	rückgang ig
massierung	massieren ung
verbiegung	ver biege ung
wellig	wellen ig
skater	skat er
dampfstrahler	dampfstrahl er
wunderbar	wundern bar
flötistin	flöte ist in
weltenburger	weltenburg er
untrennbarkeit	un trennen bar keit
verhinderung	verhindern ung
waghalsigkeit	waghalsig keit
weinleser	weinlese er
rotkreuzhelferin	rotkreuzhelfer in
waffenkäufer	waffenkauf er
umwälzung	umwälzen ung
kapitalkräftig	kapitalkraft ig
genossenschaftlerin	genossen schaft ler in
schwächung	schwächen ung
bottroper	bottrop er
tobsüchtig	tobsucht ig
marktführerin	marktführer in
ankurbelung	ankurbeln ung
schichtarbeiter	schichtarbeit er
landwirtschaftlich	landwirt schaft lich
fernsteuerung	fernsteuern ung
nordwestlich	nordwest lich
schweriner	schwer e in er
medienrechtlich	medienrecht lich
vervielfältigung	vervielfältigen ung
unterschiedlos	unterschied los
unsichtbar	un sichten bar
aussätzig	aussatz ig
naturwissenschaftlich	naturwissenschaft lich
wiederverwendbarkeit	wiederverwenden bar keit
erwerbsfähigkeit	erwerbsfähig keit
kreditwürdigkeit	kreditwürdig keit
motivationslos	motivation los
ergebung	ergeben ung
immobilienkäufer	immobilienkauf er
zimmervermieterin	zimmervermieter in
übersetzer	übersetzen er
zahlung	zahlen ung
nachkontrollierbar	nachkontrolle ier bar
weinbauer	weinbau er
entscheidungsfreudigkeit	entscheidungsfreude ig keit
aufklärer	aufklären er
annaberger	annaberg er
räuberin	rauben er in
außenwirtschaftsrechtlich	außenwirtschaftsrecht lich
hamsterer	hamstern er
innerschweizer	innerschweiz er
macher	machen er
rheinländerin	rheinland er in
rottenberger	rottenberg er
schwächlichkeit	schwach e lich keit
jazzmusiker	jazzmusik er
lügner	lügen er
griesgrämig	griesgram ig
energielos	energie los
fernbedienung	fernbedienen ung
plattfüßig	plattfuß ig
fleischig	fleisch ig
auszeichnung	auszeichnen ung
feuilletonistin	feuilleton ist in
korbflechter	korbflechten er
staatlichkeit	staat lich keit
unerfüllbarkeit	un erfüllen bar keit
deutlichkeit	deutlich keit
bauchtänzerin	bauchtanzen er in
farmarbeiter	farmarbeit er
genossenschaftlich	genossen schaft lich
wohnung	wohnen ung
vietnamkrieger	vietnamkrieg er
stadtentwicklungssenatorin	stadtentwicklungssenator in
straßenarbeiter	straßenarbeit er
institutsleiterin	institutsleiter in
bibelforscherin	bibelforscher in
wiederherrichtung	wiederherrichten ung
studienassessorin	studienassessor in
versteifung	ver steif ung
drogenpolitiker	drogenpolitik er
unabsehbar	un absehen bar
wertung	werten ung
gefräßigkeit	gefräßig keit
lohnarbeiter	lohnarbeit er
unbedenklich	un bedenken lich
landeskirchlich	landeskirche lich
montrealer	montreal er
ordnungsamtsleiterin	ordnungsamtsleiter in
motorenbauer	motorenbau er
beifällig	beifallen ig
freiin	frei e in
ukrainer	ukraine er
mutlos	mut los
unbezahlbar	un bezahlen bar
spendierfreudigkeit	spendierfreude ig keit
krankenversicherungspflichtig	krankenversicherungspflicht ig
öffentlichkeitswirksamkeit	öffentlichkeitswirksam keit
gartenhäuschen	gartenhaus chen
trostpflästerchen	trostpflaster chen
verständnislos	verständnis los
erringung	erringen ung
raffung	raffen ung
wirtschaftswissenschaftlerin	wirtschaftswissen schaft ler in
sozialreformer	sozialreform er
alleinerzieher	alleinerziehen er
reiskörner	reiskorn er
weiterbeschäftigung	weiterbeschäftigen ung
bärtchen	bart chen
wiedergängerin	wiedergänger in
aufsichtsbehördlich	aufsichtsbehörde lich
untersagung	untersagen ung
flughafensprecherin	flughafensprecher in
hocker	hocken er
sitzungspräsidentin	sitzungspräsident in
spiegelberger	spiegelberg er
antragsstellerin	antragsstelle er in
lackierung	lack ier ung
zurechnungsfähigkeit	zurechnungsfähig keit
umladung	umladen ung
wahnsinniger	wahnsinnige n er
überzeichnung	überzeichnen ung
christbäumchen	christbaum chen
pflänzchen	pflanzen chen
standesrechtlich	standesrecht lich
veredelung	ver edel ung
kroatin	kroate in
wohnlich	wohnen lich
kalkig	kalken ig
gewerkschaftlich	gewerkschaft lich
prüfer	prüfen er
schärfung	schärfen ung
anrüchigkeit	anrüchig keit
verwahrlosung	verwahrlosen ung
bauchtänzer	bauchtanzen er
elin	ele in
reiser	reisen er
fünfprozentig	fünfprozent ig
raubgierig	raubgier ig
genüßlich	genuß lich
waldshuter	waldshut er
pilsner	pilsen er
aufzeichnung	aufzeichnen ung
kapellmeisterin	kapellmeister in
entführerin	entführen er in
schweinsäuglein	schweinsaugen lein
waliserin	waliser in
kurier	kuri er
vornehmlich	vornehm lich
bosnier	bosnien er
petersburger	petersburg er
umständlichkeit	umstand lich keit
wanderbar	wandern bar
datenschützerin	datenschutz er in
bundessozialministerin	bundessozialminister in
deutung	deuten ung
fensterputzer	fensterputzen er
dränger	drang er
ausprägung	ausprägen ung
mainstädter	mainstadt er
tiroler	tirol er
dillenburger	dillenburg er
palmer	palme er
elektromechaniker	elektromechanik er
nebenbuhlerin	nebenbuhler in
stoppelig	stoppel ig
londoner	london er
umschuldung	um schuld ung
kunsthandwerklich	kunsthandwerk lich
festlichkeit	fest e lich keit
weinerlich	weinen er lich
eingliederung	eingliedern ung
alleinerziehung	alleinerziehen ung
gesundheitspolizeilich	gesundheitspolizei lich
antragsgegnerin	antragsgegner in
bierbrauer	bierbrauen er
hochachtung	hochachten ung
wachsamkeit	wachsam keit
ahndung	ahnden ung
gefahrguttransporter	gefahrguttransport er
dynamisierung	dynamisch isier ung
sportsenatorin	sportsenator in
voraussichtlich	voraussicht lich
linzer	linz er
züchtigung	zucht ig ung
kalbin	kalb in
interessentin	interessent in
belastungsfähigkeit	belastungsfähig keit
paderbornerin	paderborn er in
handhabung	handhaben ung
vererbbar	ver erbe bar
gefällig	gefälle ig
denkbar	denken bar
tropenmediziner	tropenmedizin er
hainburger	hainburg er
diebespärchen	diebespaar chen
riesin	ries in
fünftausender	fünftausend er
eulenberger	eulenberg er
durchdringung	durchdringen ung
mitbestimmung	mitbestimmen ung
ahnung	ahnen ung
kartoffelbauer	kartoffelbau er
regierungstauglichkeit	regierungstauglich keit
achtung	achten ung
zwischenkirchlich	zwischen kirche lich
geistig	geist ig
unsinnig	unsinn ig
nasser	nasse er
archivierung	archiv ier ung
bücherschreiber	bücherschreiben er
fagottistin	fagott ist in
skilehrerin	skilehrer in
zäunchen	zaun chen
ehepartnerin	ehepartner in
dienstlich	dienst lich
deutschfeindlichkeit	deutschfeindlich keit
rucksäckchen	rucksack chen
wirtschaftspolitiker	wirtschaftspolitik er
satirikerin	satire iker in
zwischenparteilich	zwischen partei lich
notenbüchlein	notenbuch lein
drucklos	drucken los
tötung	töten ung
gesprächsleiterin	gesprächsleiter in
nachdichter	nach dicht er
geschäftsstellenleiterin	geschäftsstellenleiter in
vielschreiberin	vielschreiber in
benachteiligung	benachteiligen ung
verwarnung	verwarnen ung
unpersönlichkeit	un persönlich keit
unchristlichkeit	un chr ist lich keit
bestallung	bestallen ung
kindergärtner	kindergarten er
missionierung	mission ier ung
mittelöstlich	mittelost lich
fürsorglich	fürsorge lich
heillos	heil los
wahlhamburgerin	wahlhamburger in
hanauer	hanau er
befindlichkeit	befinden lich keit
gründer	gründen er
zurückberufung	zurückberufen ung
honigbrötchen	honigbrot chen
walfänger	walfang er
zweifarbigkeit	zweifarbig keit
engländerin	england er in
kärglichkeit	kärglich keit
hofapotheker	hofapotheke er
normung	normen ung
regenerierung	regenerieren ung
phantasielos	phantasie los
revolutionierung	revolution ier ung
innerwestlich	inner weste lich
trampolinspringer	trampolinspringen er
unbehaglichkeit	un behagen lich keit
verfemung	ver feme ung
fernsehkritikerin	fernsehkritik er in
abendlich	abend lich
bürgerrechtskämpfer	bürgerrechtskampf er
philosophiedozentin	philosophiedozent in
kartenspieler	kartenspielen er
umweltverbrecher	umweltverbrechen er
schreckenberger	schreckenberg er
nachbarrechtlich	nachbarrecht lich
schloßbesitzerin	schloßbesitzer in
unachtsamkeit	un achten sam keit
bedrohung	bedrohen ung
übereinstimmung	übereinstimmen ung
fantasielos	fantasie los
tanner	tanne er
kulturfreundlich	kulturfreund lich
finanzchefin	finanzchef in
chemieingenieurin	chemieingenieur in
hochstädter	hochstadt er
turniersieger	turniersieg er
hausjuristin	hausjurist in
eisenacher	eisenach er
saarbrückerin	saarbrücken er in
schrullig	schrulle ig
benotung	benoten ung
schmissigkeit	schmissig keit
grundgesetzlich	grundgesetz lich
brünstig	brunst ig
neuseeländerin	neuseeland er in
pflanzenzüchter	pflanzenzucht er
schöntaler	schöntal er
vollziehung	vollziehen ung
geburtsmediziner	geburtsmedizin er
wehleidig	wehleid ig
unionspolitiker	unionspolitik er
hannoveranerin	hannover aner in
ignorantin	ignorant in
skiflieger	skifliegen er
abwendung	abwenden ung
kirchenrechtlich	kirchenrecht lich
vergoldung	ver gold ung
verhandlungsführerin	verhandlungsführer in
ausrichterin	ausrichten er in
bühnentechniker	bühnentechnik er
gefügigkeit	ge fuge keit
servierer	servie ier er
raver	rave n er
unverletzlich	un verletzen lich
hagener	hagen er
chancenlos	chance los
jenseitigkeit	jenseitig keit
wolkig	wolke ig
nachbesserung	nachbessern ung
seufzer	seufzen er
unzeitgemäßer	unzeitgemäß e er
schulpolitiker	schulpolitik er
strandhäuschen	strandhaus chen
weiterbetreibung	weiterbetreiben ung
großberliner	großberlin er
krisenmanagerin	krisenmanager in
eindringlicher	eindringen lich e er
mathelehrerin	mathelehrer in
posträuber	postraub er
öffner	öffnen er
martin	marte in
parteipräsidentin	parteipräsident in
stammeskrieger	stammeskrieg er
eggenberger	eggenberg er
brunner	brunnen er
hinterhältig	hinterhalten ig
tropfenförmig	tropfenform ig
zwielichtig	zwielicht ig
bernardin	bernard in
ketzerin	ketzer in
kulturwissenschaftlerin	kulturwissenschaft ler in
energieministerin	energieminister in
filmpartnerin	filmpartner in
anknüpfung	anknüpfen ung
einträchtigkeit	eintracht ig keit
steinzeitlich	steinzeit lich
rüstigkeit	rüstig keit
polizeilich	polizei lich
verkehrsexpertin	verkehrsexperte in
merklich	merken lich
stammfreier	stammfreie er
radiomacherin	radiomachen er in
vaterlandslos	vaterland los
türmer	türmen er
formierung	form ier ung
sorger	sorge er
wortspieler	wortspiel er
motivlos	motiv los
kanzlerberaterin	kanzlerberater in
reifenberger	reifenberg er
architekturhistorikerin	architekturhistoriker in
sportlich	sport lich
wirtschaftsfreundlichkeit	wirtschaftsfreund lich keit
arbeitsschutzrechtlich	arbeitsschutzrecht lich
agrartechniker	agrartechnik er
ersatzbewerberin	ersatzbewerber in
vielstimmigkeit	vielstimmig keit
widerrufung	widerrufen ung
wirksamkeit	wirksam keit
mütterlich	mutter lich
verweichlichen	ver weich lich
wohnungsunternehmer	wohnungsunternehmen er
violinistin	viola ine ist in
breslauerin	breslau er in
unbehaglich	un behagen lich
radolfzeller	radolfzell er
frauenberger	frauenberg er
jungforscherin	jungforscher in
randlos	rand los
rechtsgutachter	rechtsgutachten er
pseudowissenschaftlich	pseudowissenschaft lich
querdenker	querdenken er
menschenrechtswidrigkeit	menschenrechtswidrig keit
sittlichkeit	sitte lich keit
universitätsmediziner	universitätsmedizin er
medizinstatistiker	medizinstatistik er
adlershofer	adlershof er
hochschuldozentin	hochschuldozent in
liedsängerin	liedsänger in
tabakanbauer	tabakanbau er
spaziergänger	spaziergang er
bauarbeiter	bauarbeit er
pflanzenbaulich	pflanzenbau lich
unvermeidlich	un vermeiden lich
landesgeschäftsführerin	landesgeschäftsführer in
primatenforscherin	primatenforscher in
wasserburger	wasserburg er
luftverkehrsrechtlich	luftverkehrsrecht lich
sperrig	sperre ig
kreuzigen	kreuz ig
mittelspielerin	mittelspieler in
grundbesitzerin	grundbesitz er in
zuteilung	zuteilen ung
privatbanker	privatbank er
landesumweltministerin	landesumweltminister in
stückelung	stückeln ung
wipper	wippe er
ruhigstellung	ruhigstellen ung
literaturredakteurin	literaturredakteur in
entweichung	entweichen ung
genügsamkeit	genügen sam keit
monopolisierung	monopol isier ung
langbeinig	langbein ig
zecher	zechen er
frühzeitig	frühzeit ig
ballettchefin	ballettchef in
waldbaulich	waldbau lich
seelsorgerin	seelsorge er in
unterdrückerin	unterdrücken er in
einlegung	einlegen ung
umweltingenieurin	umweltingenieur in
ziellos	ziel los
dentistin	dentist in
landesrechtlich	landesrecht lich
überanpassung	überanpassen ung
hinterlistig	hinterlist ig
flensburgerin	flensburg er in
rudersberger	rudersberg er
frischhaltung	frischhalten ung
einhebung	einheben ung
leistungsfeindlichkeit	leistungsfeindlich keit
bordellbesitzerin	bordellbesitzer in
historiker	historik er
irakerin	irak er in
leidenschaftslos	leiden schaft los
mathematiklehrerin	mathematiklehrer in
georgierin	georgien er in
trübsinnig	trübsinn ig
bedürftig	bedürften ig
fruchtbar	fruchten bar
quantenphysiker	quantenphysik er
tandemfahrer	tandemfahren er
umrechnung	umrechnen ung
steckbrieflich	steckbrief lich
kreuzung	kreuzen ung
fischerdörfchen	fischerdorf chen
krummbeinig	krummbein ig
kurdin	kurde in
voraussetzung	voraussetzen ung
rheinauer	rheinaue er
bodenreformer	bodenreform er
fremdrassig	fremdrasse ig
unkenrufer	unkenrufen er
rehabilitierung	rehabilitieren ung
quereinsteigerin	quereinsteiger in
jähzornig	jähzorn ig
vorturnerin	vorturnen in
kunsträuber	kunstraub er
taxifahrer	taxifahren er
deutschschweizer	deutschschweiz er
bauherrin	bauherr in
kioskverkäufer	kioskverkauf er
entschuldigung	entschuldigen ung
erziehbar	erziehen bar
didaktiker	didaktik er
vermögensrechtlich	vermögensrecht lich
farbenstädter	farbenstadt er
saldierung	saldieren ung
übernächtig	übernachten ig
reproduktionsfähigkeit	reproduktionsfähig keit
stellenlos	stellen e los
schmucklos	schmuck los
jungfräulichkeit	jungfrau lich keit
erschlaffung	erschlaffen ung
ordnungswidrigkeit	ordnungswidrig keit
laufbahnrechtlich	laufbahnrecht lich
einschiffung	ein schiff ung
landesplaner	landesplan er
vereinfachung	ver einfach ung
ansagerin	ansage er in
rechtsmedizinerin	rechtsmedizin er in
jungautorin	jungautor in
thematisierung	thema atisch isier ung
unangreifbarkeit	un angreifen bar keit
schwimmerin	schwimmen er in
fremdsprachensekretärin	fremdsprachensekretär in
wurstbrötchen	wurstbrot chen
salbung	salben ung
ärgerlich	ärger lich
verunstaltung	verunstalten ung
fernsehjournalistin	fernsehjournalist in
sexualverbrecher	sexualverbrechen er
gruppenleiterin	gruppenleiter in
gleichgeschlechtlicher	gleichgeschlechtlich e n er
kasteiung	kasteien ung
experimentalmusiker	experimentalmusik er
gastautorin	gastautor in
zigarettenverkäufer	zigarettenverkauf er
schätzbar	schätzen bar
gewichtig	gewichten ig
tangotänzer	tangotanzen er
hofschneiderin	hofschneider in
postmitarbeiterin	postmitarbeiter in
gesellschaftswissenschaftlich	gesellschaftswissenschaft lich
kleinunternehmer	kleinunternehmen er
viehhauser	viehhausen er
büchermacher	büchermachen er
beschuldigung	be schuld ig ung
stahlbetonbauer	stahlbetonbau er
werfer	werfen er
bewertung	bewerten ung
biophysikerin	biophysik er in
urlauber	urlaube er
pferdepflegerin	pferdepfleger in
lesbar	lesen bar
grillwürstchen	grillwurst chen
plattenkäufer	plattenkauf er
selbstläufer	selbstlauf er
wohnungskäufer	wohnungskauf er
nachschulung	nachschulen ung
konkretisierung	konkrete isier ung
tiefsinnig	tiefsinn ig
generalmusikdirektorin	generalmusikdirektor in
pflasterung	pflastern ung
beleidiger	beleidigen er
unbenutzbar	un benutzen bar
hochschulreformer	hochschulreform er
dienlich	dienen lich
jugendsozialarbeiter	jugendsozialarbeit er
feierabendlich	feierabend lich
nachzeichnung	nachzeichnen ung
zusammenziehung	zusammenziehen ung
reformfeindlich	reformfeind lich
segler	segeln er
blattmacher	blattmachen er
finder	finden er
kunstprofessorin	kunstprofessor in
mönchengladbacher	mönchengladbach er
betrüblich	betrüben lich
verdoppelung	ver doppeln el ung
einschreibung	einschreiben ung
restaurateurin	restaurateur in
stofflich	stoff lich
tischlein	tisch lein
gerichtsgutachter	gerichtsgutachten er
jodler	jodeln er
ortspolitiker	ortspolitik er
selbstverwaltung	selbstverwalten ung
suchtabhängigkeit	suchtabhängig keit
verwaltungsrichterin	verwaltungsrichter in
podiumsteilnehmerin	podiumsteilnehmer in
jetztzeitig	jetztzeit ig
luxemburger	luxemburg er
stigmatisierung	stigmatisieren ung
liebespärchen	liebespaar chen
vernehmlich	vernehmen lich
programmleiterin	programmleiter in
iranerin	iran er in
produktmanagerin	produktmanager in
hotelfachschüler	hotelfachschule er
einsilbigkeit	einsilbig keit
schauspielschüler	schauspielschule er
heimkehrer	heimkehren er
gießenerin	gießen er in
postbeamtin	postbeamte in
untauglichkeit	un taugen lich keit
doppelsieger	doppelsieg er
geldzähler	geldzählen er
hafenarbeiter	hafenarbeit er
briefeschreiber	briefeschreiben er
säumigkeit	säumig keit
hochverdiener	hochverdienen er
verschiffung	ver schiff ung
ersteigung	ersteigen ung
erstattung	erstatten ung
rundgänger	rundgang er
vielgestaltig	vielgestalt ig
rüstungsabhängigkeit	rüstungsabhängig keit
rechtswirksamkeit	rechtswirksam keit
rudererin	rudern er in
gasverbraucher	gasverbrauch er
freiheitskämpfer	freiheitskampf er
gewinnerin	gewinnen er in
verrichtung	verrichten ung
familienministerin	familienminister in
besserung	bessern ung
spießbürgerlichkeit	spießbürger lich keit
großwallstädter	großwallstadt er
winker	wink er
sozialversicherungsrechtlich	sozialversicherungsrecht lich
beilegung	beilegen ung
grazer	graz er
seiler	seil er
degenfechterin	degenfechten er in
halslos	hals los
wahlhelferin	wahlhelfer in
europaparlamentarierin	europaparlamentarier in
begegnung	begegnen ung
armenier	armenien er
wohltäterin	wohltat er in
aufwartung	aufwarten ung
maiberger	maiberg er
versandung	versanden ung
berechnung	berechnen ung
vikarin	vikar in
mercedesfahrerin	mercedesfahrer in
tagung	tagen ung
nachwuchsathletin	nachwuchsathlet in
dorfhelferin	dorfhelfer in
taucher	tauchen er
schweizerin	schweiz er in
reisefreudig	reisefreude ig
jazzpianistin	jazzpianist in
ravensburger	ravensburg er
schäflein	schaf lein
kaiserlich	kaiser lich
christdemokratin	christdemokrat in
ozeanier	ozeanien er
funktionslos	funktion los
gierig	gieren ig
munterkeit	munter keit
umbuchung	um buch ung
jugendamtsleiterin	jugendamtsleiter in
rechtswidrigkeit	rechtswidrig keit
verminung	verminen ung
sorgfältig	sorgfalt ig
herablassung	herablassen ung
kerlchen	kerl chen
auflösung	auflösen ung
verwirklichen	ver wirken lich
fürsorgerin	fürsorge er in
entsorgung	entsorgen ung
landung	landen ung
tieferlegung	tieferlegen ung
faßlich	faß lich
androhung	androhen ung
problematisierung	problem atisch isier ung
zuverlässigkeit	zuverlässig keit
kugelförmig	kugelform ig
professorin	professor in
diebin	dieb in
undenkbar	un denken bar
zwergin	zwerg in
gleichgültigkeit	gleichgültig keit
träumer	träumen er
friedensstifterin	friedensstifter in
ausstellerin	ausstellen er in
gastgewerblich	gastgewerbe lich
grenzenlos	grenzen e los
unmenschlichkeit	unmensch lich keit
limburger	limburg er
hilfebedürftigkeit	hilfebedürftig keit
werbeblättchen	werbeblatt chen
sozialgeschichtlich	sozialgeschichte lich
wissenschaftlerin	wissenschaft ler in
versorgungslager	versorgungslage er
unhöflichkeit	un hof lich keit
heilkundig	heilkunde ig
fußballanhänger	fußballanhang er
rechtsfähigkeit	rechtsfähig keit
stetig	stet e ig
hinwendung	hinwenden ung
frauenministerin	frauenminister in
sonderpädagogin	sonderpädagoge in
schulgeschichtlich	schulgeschichte lich
mißlich	miß lich
töchterlein	tochter lein
kirchhofer	kirchhof er
kampfgenossin	kampfgenosse in
lokomotivbauer	lokomotivbau er
schlauchförmig	schlauchform ig
ungarin	ungar in
unerheblich	un erheben lich
vollwertig	vollwert ig
brieffreundin	brieffreund in
gegenständig	gegenstand ig
universitätsabsolventin	universitätsabsolvent in
programmplaner	programmplan er
rechtsvorgängerin	rechtsvorgänger in
fachwissenschaftlich	fachwissen schaft lich
chemnitzer	chemnitz er
verantwortung	verantworten ung
plauener	plauen er
parteiarbeiter	parteiarbeit er
kindlich	kind lich
schmiegsamkeit	schmiegen sam keit
behaglichkeit	behagen lich keit
kurdenpolitiker	kurdenpolitik er
zerstörerin	zerstören er in
unentbehrlichkeit	un entbehren lich keit
polin	pol in
erstellung	erstellen ung
erlaubnispflichtig	erlaubnispflicht ig
mißmutig	mißmut ig
lehrmeisterin	lehrmeister in
botin	bote in
führerin	führen er in
ausbesserung	ausbessern ung
zertrümmerung	zer trümmer ung
löwensteiner	löwenstein er
gelblich	gelb e lich
erblindung	er blind ung
angstmacher	angstmachen er
pieter	piet er
romain	roma in
bildlos	bild los
mainzer	mainz er
verneigung	ver neige ung
steinenberger	steinenberg er
zivilpolizistin	zivilpolizei ist in
mordverdächtig	mordverdacht ig
stadtpatronin	stadtpatron in
versprechung	versprechen ung
operndirektorin	operndirektor in
trunksüchtig	trunksucht ig
hochbauer	hochbau er
straßenmusikantin	straßenmusikant in
diesseitigkeit	diesseitig keit
baudirektorin	baudirektor in
unrechtmäßigkeit	unrecht mäßig keit
stahlunternehmer	stahlunternehmen er
studienberaterin	studienberater in
öffentlichkeitsreferentin	öffentlichkeitsreferent in
verzinsung	ver zins ung
verstrickung	ver strick ung
priesterlich	priester lich
rückdatierung	rückdatieren ung
minderung	mindern ung
silbertaler	silbertal er
einschaltung	einschalten ung
sägewerker	sägewerk er
motorisierung	motor isch isier ung
nacheiszeitlich	nacheiszeit lich
eishockeyspieler	eishockeyspiel er
geschneidert	ge schneiden er
försterin	förster in
kommunikationslos	kommunikation los
botschafterin	botschaft er in
kleinmütig	kleinmut ig
plappermäulchen	plappermaul chen
artgenossin	artgenosse in
dummschwätzer	dummschwatz er
boulevardblättchen	boulevardblatt chen
kaufbar	kaufen bar
verderber	ver derb er
jugendsekretärin	jugendsekretär in
planwirtschaftlich	planwirtschaft lich
studienabsolventin	studienabsolvent in
vergewaltigung	ver gewaltige ung
waldschützer	waldschutz er
angstlos	angst los
klatschsüchtig	klatschsucht ig
bescheinigung	bescheinigen ung
giftigkeit	giften ig keit
elendig	elend ig
vizeministerin	vizeminister in
entnationalisierung	entnationalisieren ung
übergangspräsidentin	übergangspräsident in
schwesterlich	schwester lich
freigebigkeit	freigeben ig keit
nachtclubbesitzerin	nachtclubbesitzer in
vergegenständlichen	ver gegenstand lich
tagungsleiterin	tagungsleiter in
gretchen	gret chen
sinnfälligkeit	sinnfällig keit
versündigung	ver sünde ig e ung
todeskandidatin	todeskandidat in
radiomoderatorin	radiomoderator in
abspielbar	ab spielen el bar
hauptkritiker	hauptkritik er
polterig	poltern ig
seerechtlich	seerecht lich
randecker	randeck er
schmuggler	schmuggeln er
ökogärtner	ökogarten er
deckelung	deckeln ung
schützer	schützen er
tiefschläfer	tiefschlaf er
trompeter	trompeten er
würstchenverkäuferin	würstchenverkäufer in
hauptschüler	hauptschule er
montierung	montieren ung
zahnarzthelferin	zahnarzthelfer in
badeurlauber	badeurlaub er
bahnbauer	bahnbau er
unermüdlichkeit	unermüdlich keit
jugendhilferechtlich	jugendhilferecht lich
statiker	statik er
mitleidig	mitleiden ig
rotterdamer	rotterdam er
kommissarin	kommissar in
arbeitsamkeit	arbeiten sam keit
radlerin	radeln er in
heppenheimer	heppenheim er
lehramtsstudentin	lehramtsstudent in
nachfühlbar	nach fühlen bar
autobahnplaner	autobahnplan er
einspeisung	einspeisen ung
walter	walt er
ziegenbärtig	ziegenbart ig
verschnörkelung	ver schnörkel ung
bremserin	bremsen e er in
messebesucher	messebesuch er
berufsboxer	berufsboxen er
frauenlos	frau los
rekonstruierung	rekonstruieren ung
programmierung	programm ier ung
zerstückelung	zerstückeln ung
koblenzer	koblenz er
radiotechniker	radiotechnik er
beschlußunfähigkeit	beschlußunfähig keit
interpreter	interpret er
vorentscheidung	vorentscheiden ung
angrenzer	angrenzen er
waffenverkäufer	waffenverkauf er
lokalreporterin	lokalreporter in
geschäftsmäßigkeit	geschäft mäßig keit
holzbauer	holzbau er
ausstrahlung	aus strahl ung
stararchitektin	stararchitekt in
drachenflieger	drachenfliegen er
umsichtigkeit	umsicht ig keit
inhaltlich	inhalt lich
eicher	eiche er
verknotung	verknoten ung
suspendierung	suspendieren ung
stammeskämpfer	stammeskampf er
passivraucher	passivrauchen er
europameisterin	europameister in
flieger	fliegen er
barmusiker	barmusik er
schriftstellerin	schriftstelle er in
anpassungsfähigkeit	anpassungsfähig keit
schilderung	schild er ung
neuzeitlich	neuzeit lich
erleuchtung	er leuchten e ung
seligenstädter	seligenstadt er
überstimmung	über stimme ung
pummelig	pummel ig
überkreuzung	überkreuzen ung
hingerichteter	hingerichtet e n er
auflehnung	auflehnen ung
frankensteiner	frankenstein er
politikerin	politik er in
wiedererkennbarkeit	wiedererkennen bar keit
erwerber	erwerben er
heiner	heinen er
fingerhütchen	fingerhut chen
interpretationsfähigkeit	interpretationsfähig keit
lärmig	lärmen ig
wahlgewinner	wahlgewinn er
medikamentenabhängigkeit	medikamentenabhängig keit
trommelspieler	trommelspiel er
sinsheimer	sinsheim er
pädagogin	pädagoge in
dokumentarfilmer	dokumentarfilm er
beisitzer	beisitzen er
spielleiterin	spielleiter in
einprägung	einprägen ung
freudenstädter	freudenstadt er
verspottung	ver spott ung
wendelsteiner	wendelstein er
unermeßlichkeit	unermeßlich keit
erkennbarkeit	erkennbar keit
übertariflich	über tarif lich
heizung	heizen ung
naturschiefer	naturschiefe er
isländerin	island er in
waiblinger	waiblingen er
steinhauser	steinhausen er
wirtschaftsfreundlich	wirtschaftsfreund lich
hornberger	hornberg er
gegenseitigkeit	gegenseite ig keit
abenteuerlich	abenteuer lich
theaterautorin	theaterautor in
ausländer	ausland er
vereinskollegin	vereinskollege in
berufspolitikerin	berufspolitik er in
massenwirksamkeit	massenwirksam keit
staatsbürgerin	staatsbürger in
beschuldigen	be schuld ig
wortgeschichtlich	wortgeschichte lich
senatskollegin	senatskollege in
sudaner	sudan er
melderechtlich	melderecht lich
kampflos	kampf los
prophetin	prophet in
rufmörder	rufmord er
wissenschaftspolitiker	wissenschaftspolitik er
kapitalverbrecher	kapitalverbrechen er
schlangenbader	schlangenbad er
zwiebeltürmchen	zwiebelturm chen
gegenspielerin	gegenspiel er in
weinverkäufer	weinverkauf er
absichtlich	absicht lich
sinnvoller	sinnvollen er
digitalisierung	digitale isier ung
privatärztlich	privatarzt lich
kieler	kiel er
eheberaterin	eheberater in
aufbietung	aufbieten ung
unwandelbar	un wandeln bar
verkaufsständer	verkaufsstand er
managerin	managen er in
anziehung	anziehen ung
höflichkeit	hof lich keit
zuhörer	zuhören er
warentester	warentest er
spielsüchtig	spielsucht ig
absetzung	absetzen ung
zahlenmystiker	zahlenmystik er
dezimierung	dezimieren ung
genehmigung	genehmigen ung
finanzberaterin	finanzberater in
entführung	entführen ung
leugner	leugnen er
nachbereitung	nachbereiten ung
romantiker	romantik er
reformbedürftigkeit	reformbedürftig keit
einsatzfreudig	einsatzfreude ig
erbauung	erbauen ung
unzählig	unzahl ig
londonerin	london er in
deklarationspflichtig	deklarationspflicht ig
kulturpreisträgerin	kulturpreisträger in
darsteller	darstellen er
steuersparer	steuersparen er
aussteuerung	aussteuern ung
gemütlich	gemüt lich
osttiroler	osttirol er
sachbearbeiterin	sachbearbeiter in
retterin	retten er in
bringer	bring er
pferdchen	pferd chen
rechtsvertreterin	rechtsvertreter in
kokapflanzer	kokapflanze er
vogelschauer	vogelschau er
verstopfung	verstopfen ung
konzentrierung	konzentrieren ung
aidin	aide in
bürgermeisterlich	bürgermeister lich
überwältigung	überwältigen ung
großmannsüchtig	großmannsucht ig
messebauer	messebau er
japanerin	japan er in
joker	joke er
friedlos	friede los
straßburger	straßburg er
sprücheklopfer	sprücheklopfen er
fernseher	fernsehen er
moder	mod er
inniglich	innig lich
farbtupfer	farbtupfen er
malaiin	malaie in
vorgängerin	vorgänger in
rechtsextremistin	rechtsextrem e ist in
liebeslustig	liebeslust ig
moosig	moos ig
waffentauglichkeit	waffentauglich keit
verbreitung	ver breit ung
pfadfinderin	pfadfinder in
hospitantin	hospitant in
erreger	erregen er
einvernehmlich	einvernehmen lich
programmgestalterin	programmgestalter in
proletarierin	proletarier in
macker	macke er
arbeitnehmerin	arbeitnehmer in
gebräuchlich	gebrauch lich
knochig	knochen ig
krachig	krachen ig
demoralisierung	demoralisieren ung
begriffslos	begriff los
wochentäglich	wochentag lich
alkoholisierung	alkohol isch isier ung
filmkritiker	filmkritik er
kreisförmig	kreisform ig
geistlichkeit	geist lich keit
sonderbar	sondern bar
abstumpfung	abstumpfen ung
anspruchsvoller	anspruchsvollen er
volksheldin	volksheld in
bauordnungsrechtlich	bauordnungsrecht lich
wolfsberger	wolfsberg er
wanderer	wandern er
jugendhilfeplanerin	jugendhilfeplan er in
vernebelung	ver nebeln el ung
sanierung	sanieren ung
vervollständigung	ver vollständig ung
holzhacker	holzhacken er
europäerin	europäer in
staubsauger	staubsaugen er
kunstturnerin	kunstturnen er in
chaotin	chaot in
besitzerin	besitzen er in
pastellig	pastell ig
steuerehrlichkeit	steuerehrlich keit
achtziger	achtzig er
parteilichkeit	partei lich keit
bedienung	bedienen ung
anwerbung	anwerben ung
staatsvertraglich	staatsvertrag lich
johannstädter	johannstadt er
ökosozialistin	ökosozial ist in
ausstellungsmacherin	ausstellungsmachen er in
verfassungsmäßigkeit	verfassen ung mäßig keit
stammspielerin	stammspieler in
weihnachtseinkäufer	weihnachtseinkauf er
kürner	küren er
zungenfertigkeit	zungenfertig keit
mädchenmörder	mädchenmord er
entladung	entladen ung
andienung	andienen ung
testpilotin	testpilot in
rundfunksprecherin	rundfunksprecher in
stadträumlich	stadtraum lich
mannigfaltigkeit	mannigfaltig keit
wurstigkeit	wurstig keit
schmittlein	schmitt lein
dienststellenleiterin	dienststellenleiter in
firmenrechtlich	firmenrecht lich
flugbegleiterin	flugbegleiter in
lebenspartnerin	lebenspartner in
chicagoer	chicago er
überraschungssieger	überraschungssieg er
hirtin	hirt in
käuferin	kaufen er in
braunlager	braunlage er
wanderung	wandern ung
starnberger	starnberg er
wissenschaftsfeindlichkeit	wissenschaftsfeindlich keit
halbschattig	halbschatten ig
fremdarbeiter	fremdarbeit er
umständlich	umstand lich
vereinbarung	vereinbaren ung
rancher	ranch er
langweiligkeit	langweilen ig keit
hoheitlich	hoheit lich
bergwanderung	bergwandern ung
wirkung	wirken ung
renier	renie er
treiber	treiben er
kulturbürgermeisterin	kulturbürgermeister in
lokalchefin	lokalchef in
ludwigsburger	ludwigsburg er
wässerig	wässern ig
verschwendungssüchtig	verschwendungssucht ig
anwendbarkeit	anwendbar keit
zulassungspflichtig	zulassungspflicht ig
dezentralisierung	dezentral isier ung
kriegerin	krieg er in
oppositionschefin	oppositionschef in
fraulichkeit	frau lich keit
holzung	holzen ung
fortführung	fortführen ung
gemeinsamkeit	gemeinsam keit
geschäftsunfähigkeit	geschäftsunfähig keit
häßlich	haß lich
bombenleger	bombenlegen er
innovationsfähigkeit	innovationsfähig keit
zündung	zünden ung
papierkügelchen	papierkugel chen
radiomacher	radiomachen er
zubereitung	zubereiten ung
restaurantbesitzerin	restaurantbesitzer in
witwer	witwe er
ministrantin	ministrant in
wirtschafter	wirtschaften er
nachdenker	nachdenken er
brüter	brüten er
nichtarbeitslos	nichtarbeit los
regierungsdirektorin	regierungsdirektor in
problemslos	problem los
zweckmäßigkeit	zweck mäßig keit
grundrechtlich	grundrecht lich
pfeifer	pfeife er
prüfung	prüfen ung
hausmeisterin	hausmeister in
musterschüler	musterschule er
zugführerin	zugführer in
wegbereiterin	wegbereiter in
überschuldung	überschulden ung
fühlbar	fühlen bar
greifbar	greifen bar
jordanier	jordan ien er
bezeichnung	bezeichnen ung
medizinerin	medizin er in
zuweisung	zuweisen ung
humanisierung	humane isier ung
schorndorferin	schorndorf er in
tigerin	tiger in
chinesin	china ese in
kunstturner	kunstturnen er
blockierung	block ier ung
verfehlung	ver fehl ung
mutmaßlich	mutmaßen lich
dahergelaufener	dahergelaufene er
aufwiegelung	aufwiegeln ung
königlich	könig lich
mitfinanzierung	mitfinanzieren ung
gleichnamigkeit	gleichnamig keit
zurückweisung	zurückweisen ung
lenkung	lenken ung
verfälschung	verfälschen ung
erlöser	erlösen er
neuwähler	neuwahl er
seniorin	seniore in
musterschülerin	musterschule er in
gratulantin	gratulant in
fachwerkstädtchen	fachwerkstadt chen
ereignislos	ereignis los
ersatzkandidatin	ersatzkandidat in
aktionsfähigkeit	aktionsfähig keit
volksschauspieler	volksschauspiel er
fettnäpfchen	fettnapf chen
verflüssigung	ver flüssig ung
futterhäuschen	futterhaus chen
sindelfingerin	sindelfingen er in
simultanübersetzerin	simultanübersetzer in
malerin	malen er in
beiordnung	beiordnen ung
distanzierung	distanz ier ung
videoverleiher	videoverleih er
keyboardspieler	keyboardspiel er
kringelig	kringel ig
sportlerin	sport ler in
beschützer	beschützen er
autoteiler	autoteilen er
zerrüttung	zerrütten ung
frachter	fracht er
spärlichkeit	spärlich keit
musikstudentin	musikstudent in
prämiierung	prämiieren ung
montäglich	montag lich
streifengänger	streifengang er
tagebuchschreiber	tagebuchschreiben er
loslösung	loslösen ung
dilettantin	dilettant in
viereckig	viereck ig
einzelwissenschaftlich	einzelwissen schaft lich
kartenlos	karte los
oliver	oliv e er
zugehörigkeit	zugehören ig keit
vertretbar	vertreten bar
bürgerrechtlich	bürgerrecht lich
streitschlichter	streitschlichte er
wirtschaftsreformer	wirtschaftsreform er
theologieprofessorin	theologieprofessor in
gebührlich	gebühren lich
menner	menne er
klubkollegin	klubkollege in
komponistin	komponist in
straßenfeger	straßenfegen er
barmherzigkeit	barmherzig keit
atomphysiker	atomphysik er
gewöhnlich	gewöhnen lich
handschriftlich	handschrift lich
spitzohrig	spitzohr ig
antonin	anton in
werber	werben er
ringelschwänzchen	ringelschwanz chen
schmalenberger	schmalenberg er
türsteherin	türsteher in
garstigkeit	garstig keit
führer	führen er
vergiftung	ver gift ung
justin	just in
florin	flor in
sowjetbürgerin	sowjetbürger in
aussperrung	aussperren ung
befeuchtung	be feucht ung
lebensfeindlichkeit	lebensfeind lich keit
ballettlehrerin	ballettlehrer in
spätwinterlich	spätwinter lich
küsterin	küste er in
talmudschüler	talmudschule er
hühnerleber	hühnerleben er
merkbar	merken bar
fachgutachter	fachgutachten er
kulturgeschichtlich	kulturgeschichte lich
kleinteilig	kleinteil ig
beschriftung	be schrift ung
waffeneinkäufer	waffeneinkauf er
tragödin	tragöde in
eingreifer	eingreifen er
einträchtig	eintracht ig
mitkämpferin	mitkämpfen in
kirchengeschichtlich	kirchengeschichte lich
konfliktfreudig	konfliktfreude ig
mystikerin	mystik er in
kristofer	kristof er
alternativlos	alternative los
weiterverwertung	weiterverwerten ung
unternehmensgründerin	unternehmensgründer in
bühnengestalter	bühnengestalt er
seehafer	seehafen er
minikleidchen	minikleid chen
automechanikerin	automechaniker in
streuer	streuen er
staatsrechtlerin	staatsrecht ler in
hauptaktionärin	hauptaktionär in
rabin	rabe in
befindlich	befinden lich
schützbar	schützen bar
statthalterin	statthalter in
filmverleiher	filmverleih er
einplanung	einplanen ung
schürer	schur er
verrückung	verrücken ung
wahrscheinlichkeit	wahrscheinlich keit
einberufung	einberufen ung
redaktionsleiterin	redaktionsleiter in
weinberghäuschen	weinberghaus chen
bildgewaltig	bildgewalt ig
befremdlich	befremden lich
zukunftslos	zukunft los
alper	alp er
umweltrechtlich	umweltrecht lich
rüsselsheimerin	rüsselsheim er in
festlich	fest e lich
olympiasiegerin	olympiasieg er in
friedensforscherin	friedensforscher in
hauseigentümerin	hauseigentum er in
großstädterin	großstadt er in
medienunternehmer	medienunternehmen er
postbotin	postbote in
seelenfänger	seelenfang er
schloßbesucher	schloßbesuch er
registrierung	registrieren ung
detroiter	detroit er
handtaschenräuber	handtaschenraub er
niederberger	niederberg er
lästerer	lästern er
jasager	jasagen er
schlangenartig	schlangenart ig
gutartigkeit	gutartig keit
kunstpädagogin	kunstpädagoge in
artenschützer	artenschutz er
provozierung	provozieren ung
vermieter	vermieten er
schreinerin	schrein er in
überlebenskämpfer	überlebenskampf er
merkwürdig	merkwürde ig
aufpflasterung	aufpflastern ung
berufskundlich	berufskunde lich
laborassistentin	laborassistent in
trennbar	trennen bar
schlaksig	schlaks ig
gesundheitsexpertin	gesundheitsexperte in
verdrehung	verdrehen ung
pflegeschülerin	pflegeschule er in
pastellfarbig	pastellfarbe ig
radioreporterin	radioreporter in
abzugsfähigkeit	abzugsfähig keit
schlechterstellung	schlechterstellen ung
befruchtung	befruchten ung
schleimig	schleimen ig
mittelbar	mitteln bar
schuppig	schuppen ig
keller	kelle er
datierung	datieren ung
abbuchung	abbuchen ung
galerieleiterin	galerieleiter in
pfläumchen	pflaume chen
pflanzung	pflanzen ung
drapierung	drapieren ung
fuchsig	fuchsen ig
fremdsprachenkorrespondentin	fremdsprachenkorrespondent in
blumenberger	blumenberg er
anfertigung	anfertigen ung
bibliothekarin	bibliothekar in
kinogeher	kinogehen er
frauensenatorin	frauensenator in
essenerin	essen er in
indoktrinierung	indoktrinieren ung
weiterveräußerung	weiterveräußern ung
nicaraguanerin	nicaragua aner in
heilig	heil e ig
schauspielerin	schauspielen er in
einstimmung	einstimmen ung
graubärtig	graubart ig
vergewaltiger	ver gewaltige er
arbeitgeberin	arbeitgeber in
verjüngung	verjüngen ung
eigentümlichkeit	eigentum lich keit
manierlich	manier lich
belustigung	belustigen ung
göttingerin	göttingen er in
verwerfung	verwerfen ung
giebelhäuschen	giebelhaus chen
kabellos	kabel los
unabsetzbar	un absetzen bar
gefängnisinsassin	gefängnisinsasse in
nutzbarkeit	nutzen bar keit
weiter	weit e er
anlageberaterin	anlageberater in
gasthörerin	gasthörer in
erlegung	erlegen ung
gleichartigkeit	gleichartig keit
europapokalgewinner	europapokalgewinn er
albanerin	alban er in
schriftsetzerin	schriftsetzer in
einzelgesellschafter	einzelgesellschaft er
veruntreuung	ver untreu e ung
heimgärtner	heimgarten er
sexualstraftäter	sexualstraftat er
mitverantwortlich	mitverantworten lich
agrarpolitiker	agrarpolitik er
tierpflegerin	tierpflege er in
zeitmäßig	zeitmaß ig
erstunterzeichnerin	erstunterzeichner in
presserechtlich	presserecht lich
pausenlos	pause los
fürsorger	fürsorge er
friedrichstädter	friedrichstadt er
mutmacherin	mutmachen er in
zustimmung	zustimmen ung
entwöhnung	entwöhnen ung
musterung	mustern ung
salzkörner	salzkorn er
transportierbar	transport ier bar
bauchredner	bauchreden er
genußsüchtig	genußsucht ig
herumtreiber	herumtreiben er
anpassung	anpassen ung
mittelamerikanerin	mittelamerika aner in
fleckig	flecken ig
wählbar	wählen bar
agitatorin	agitator in
volkskammerpräsidentin	volkskammerpräsident in
weinbautechniker	weinbautechnik er
luftschiffer	luftschiff er
familienfreundlich	familienfreund lich
einsetzung	einsetzen ung
brandauer	brandau er
herzlich	herz lich
vordergründig	vordergrund ig
unsterblichkeit	un sterben lich keit
schmälerung	schmälern ung
handarbeiterin	handarbeiten in
schramberger	schramberg er
schwindlerin	schwindeln er in
aufstellung	aufstellen ung
artikulationsfähigkeit	artikulationsfähig keit
dickbauchig	dickbauch ig
karriereplaner	karriereplan er
großaktionärin	großaktion är in
beerdigungsunternehmer	beerdigungsunternehmen er
utopistin	utopisch ist in
bezirksbürgermeisterin	bezirksbürgermeister in
arbeitstäglich	arbeitstag lich
postlerin	post ler in
hochsommerlich	hochsommer lich
wägelchen	wägen chen
mandantin	mandant in
beruhigung	beruhigen ung
bundesligatauglichkeit	bundesligatauglich keit
donnerstäglich	donnerstag lich
sportministerin	sportminister in
schlußfolgerung	schlußfolgern ung
galeristin	galerie ist in
überfachlich	über fach lich
schaumschläger	schaumschlagen er
spielfähigkeit	spielfähig keit
durchschaubar	durchschauen bar
geschwätzigkeit	schwatz sfx ig keit
kokainsüchtig	kokainsucht ig
biertrinkerin	biertrinken er in
publizistin	publizist in
arzneimittelrechtlich	arzneimittelrecht lich
freundlichkeit	freund lich keit
nebenberuflich	nebenberuf lich
vergeßlichkeit	vergeßlich keit
konstanzer	konstanze er
elektrikerin	elektrik er in
gleichschaltung	gleichschalten ung
emotionslos	emotion los
heilpraktikerin	heilpraktiker in
alltäglichkeit	alltag lich keit
werbung	werben ung
demütigen	demut ig
prokuristin	prokura ist in
hinfällig	hinfallen ig
einzahlung	einzahlen ung
fachhandwerker	fachhandwerk er
umschlingung	umschlingen ung
gründungsgesellschafter	gründungsgesellschaft er
aufopferung	aufopfern ung
spurenlos	spuren los
verschiebbar	verschieben bar
utopielos	utopie los
sexualfeindlichkeit	sexualfeindlich keit
verfassungsfeindlich	verfassungsfeind lich
zechenhäuschen	zechenhaus chen
nachbildung	nachbilden ung
industriegesellschaftlich	industriegesellschaft lich
großväterchen	großvater chen
strahlenforscherin	strahlenforscher in
eindämmung	eindämmen ung
lindenberger	lindenberg er
würfelig	würfel ig
erschöpfung	erschöpfen ung
wohlanständigkeit	wohlanständig keit
richtig	richten ig
wagemutig	wagemut ig
grimassenschneider	grimassenschneiden er
magersüchtig	magersucht ig
kulturkritiker	kulturkritik er
rückgratlos	rückgrat los
üblichkeit	üblich keit
landsmannschaftlich	landsmann schaft lich
rückläufer	rücklauf er
marlin	marle in
korruptionsverdächtig	korruptionsverdacht ig
rekonvaleszentin	rekonvaleszent in
übergebührlich	über gebühren lich
biederkeit	bieder keit
reproduktionsmediziner	reproduktionsmedizin er
thrakerin	thraker in
wildbader	wildbad er
kurzlebigkeit	kurzlebig keit
franzensbader	franzensbad er
ermutigung	ermutigen ung
briefsteller	briefstelle er
alkoholabhängigkeit	alkoholabhängig keit
verwilderung	verwildern ung
olympiastarter	olympiastart er
beweispflichtig	beweispflicht ig
ausweisung	ausweisen ung
lernfähigkeit	lernfähig keit
lichtfleckchen	lichtfleck chen
sprachgewaltig	sprachgewalt ig
spartenleiterin	spartenleiter in
summierung	summieren ung
straftäter	straftat er
kehrer	kehre er
bauwirtschaftlich	bauwirtschaft lich
eliteschüler	eliteschule er
mitfahrer	mitfahren er
polizeireporterin	polizeireport er in
sauerstofflos	sauerstoff los
erbin	erbe in
rechner	rechnen er
schülervertreterin	schülervertreter in
perserin	perser in
gleichmäßig	gleichmaß ig
starjournalistin	starjournalist in
besserstellung	besserstellen ung
gästespielerin	gästespieler in
konservierung	konserve ier ung
informantin	informant in
gegengutachter	gegengutachten er
preisrichterin	preisrichter in
stauer	stauen er
kaltherzigkeit	kaltherzig keit
lobsänger	lobsang er
landesfürstlich	landesfürst lich
drohung	drohen ung
haussklavin	haussklave in
wiederveröffentlichung	wiederveröffentlichen ung
angriffsspieler	angriffsspiel er
thronerbin	thronerbe in
naturlyriker	naturlyrik er
pappschächtelchen	pappschachtel chen
schwarzhaarig	schwarzhaar ig
abmahnung	abmahnen ung
kugelfischer	kugelfisch er
pflanzenschützer	pflanzenschutz er
sodener	soden er
näher	nähen e er
decker	decke er
schuhverkäuferin	schuhverkauf er in
scheußlichkeit	scheußlich keit
großunternehmer	großunternehmen er
aufmachung	aufmachen ung
ausschaltung	ausschalten ung
schwarzafrikanerin	schwarzafrika aner in
möbelbauer	möbelbau er
sozialbetreuerin	sozialbetreuer in
testesser	testesse er
bildermacher	bildermachen er
entsetzlichkeit	entsetzen lich keit
mattheuer	mattheu er
insassin	insasse in
flugzeugbauer	flugzeugbau er
parteiunabhängigkeit	parteiunabhängig keit
klohäuschen	klohaus chen
festigen	fest e ig
olefin	olef in
weiterblättern	weiterblatt er
gewerkschaftssekretärin	gewerkschaftssekretär in
ungelenkig	un gelenk ig
judenmörder	judenmord er
stimmungsmacher	stimmungsmache er
unabsichtlich	un absicht lich
berghofer	berghof er
golfspielerin	golfspiel er in
nachstellung	nachstellen ung
geistesgegenwärtig	geistesgegenwart ig
grifflos	griff los
mehrstündig	mehrstunde ig
bewegungsfähigkeit	bewegungsfähig keit
aktienbesitzer	aktienbesitz er
pfleger	pflegen er
skrupellos	skrupel los
polizeioberwachtmeisterin	polizeioberwachtmeister in
kirchenkritiker	kirchenkritik er
katzenberger	katzenberg er
riedstädter	riedstadt er
schlitzäugig	schlitzauge ig
mülheimer	mülheim er
aufhängung	aufhängen ung
ausschreitung	ausschreiten ung
wasserspritzer	wasserspritze er
inhaftierung	inhaftieren ung
programmierer	programm ier er
untersetzung	untersetzen ung
dauerrivalin	dauerrivale in
ausplünderung	ausplündern ung
parteiführerin	parteiführer in
gleisbauer	gleisbau er
ausschließung	aus schließen e ung
florettfechter	florettfechten er
spekulantin	spekulant in
gastrednerin	gastredner in
gutsbesitzerin	gutsbesitzer in
abstellung	abstellen ung
gliederung	gliedern ung
deckmäntelchen	deckmantel chen
rationierung	ration ier ung
engelberger	engelberg er
kleinmütigkeit	kleinmut ig keit
engelsberger	engelsberg er
weltmeisterin	weltmeister in
übermenschlich	übermensch lich
abflußlos	abfluß los
fellbacherin	fellbach er in
vererblich	ver erbe lich
konfliktunfähigkeit	konfliktunfähig keit
längenmäßig	längenmaß ig
sexarbeiterin	sexarbeit er in
gelnhausener	gelnhausen er
germanin	german in
pinneberger	pinneberg er
jahressieger	jahressieg er
rockmusikerin	rockmusik er in
kameradschaftlichkeit	kamerad schaft lich keit
eisschnelläufer	eisschnellaufen er
trainer	train er
kunsthandwerkerin	kunsthandwerk er in
materielos	materie los
schlammig	schlamm ig
unterkellerung	unterkellern ung
entstehung	entstehen ung
abschleppunternehmer	abschleppunternehmen er
freisetzung	freisetzen ung
komplettierung	komplette ier ung
jahreszeitlich	jahreszeit lich
sublimierung	sublime ier ung
undankbarkeit	un danken bar keit
ferienhäuschen	ferienhaus chen
industriearbeiter	industriearbeit er
kulturchefin	kulturchef in
illusionslos	illusion los
bepflanzung	bepflanzen ung
bedeutungslos	bedeuten ung los
friedenskämpfer	friedenskampf er
redseligkeit	redselig keit
lyoner	lyon er
versenkung	versenken ung
wahrnehmbarkeit	wahrnehmen bar keit
nachsendung	nachsenden ung
parteispender	parteispende er
lebensgefährtin	lebensgefährte in
punker	punk er
amtsrichterin	amtsrichter in
gesetzwidrigkeit	gesetzwidrig keit
stückeschreiber	stückeschreiben er
leningrader	leningrad er
abschleppung	ab schleppe ung
deutschfreundlichkeit	deutschfreundlich keit
breitenberger	breitenberg er
demokratiefeindlichkeit	demokratiefeind lich keit
wirtschaftsjournalistin	wirtschaftsjournal ist in
theaterbesucherin	theaterbesuch er in
herrschaftlich	herrschaft lich
kellerwirtschaftlich	kellerwirtschaft lich
ausschabung	ausschaben ung
schmerzempfindlichkeit	schmerzempfindlich keit
geldwäscher	geldwäsche er
hintergehung	hintergehen ung
urbanisierung	urbane isier ung
dubrovniker	dubrovnik er
durchmesser	durchmessen er
salzburgerin	salzburg er in
entschließung	entschließen ung
klösterlich	kloster lich
boxer	boxen er
exhibitionistin	exhibition ist in
unverbindlich	un verbinden lich
wattenscheider	wattenscheid er
steigerbar	steigern bar
umweltsenatorin	umweltsenator in
unnennbar	un nennen bar
beeilung	beeilen ung
schulung	schulen ung
vernachlässigen	ver nachlassen ig
gesamtarbeiter	gesamtarbeit er
nachrichtensprecherin	nachrichtensprecher in
staubkörner	staubkorn er
sozialrechtlich	sozialrecht lich
ägypter	ägypten er
gegenteilig	gegenteil ig
eichberger	eichberg er
augenscheinlich	augenschein lich
einlösbar	einlösen bar
sorglich	sorge lich
verstaatlichen	ver staat lich
lumpig	lumpen ig
lothringer	lothringen er
wiederaufrichtung	wiederaufrichten ung
tagungsteilnehmerin	tagungsteilnehmer in
gesinnungsgenossin	gesinnungsgenosse in
nacherfassung	nacherfassen ung
realisierbar	real isier bar
zeitgeistlich	zeitgeist lich
wunschkandidatin	wunschkandidat in
lutzer	lutz er
unzurechnungsfähigkeit	unzurechnungsfähig keit
zähmung	zähmen ung
bedenkenlos	bedenken los
twistringer	twistring er
spätherbstlich	spätherbste lich
entsorgungsunternehmer	entsorgungsunternehmen er
faltbar	falten bar
nachkriegspolitiker	nachkriegspolitik er
seiteneinsteigerin	seiteneinsteiger in
enthaltung	enthalten ung
tauberbischofsheimerin	tauberbischofsheim er in
zufälligkeit	zufallen ig keit
geigenspielerin	geigenspiel er in
sexsüchtig	sexsucht ig
landstädtchen	landstadt chen
erläuterung	erläutern ung
frontkämpfer	frontkampf er
vorweihnachtlich	vor weihnachten lich
erbrechtlich	erbrecht lich
einmütig	einmut ig
mondsüchtig	mondsucht ig
bauarbeiterin	bauarbeit er in
aussprechbar	aussprechen bar
wesenlos	wesen los
könnerin	können er in
standesbeamtin	standesbeamte in
beschwörung	beschwören ung
machtgierig	machtgier ig
falschspieler	falschspiel er
bildhauerin	bildhauen er in
aneignung	aneignen ung
gartenbaulich	gartenbau lich
musikschüler	musikschule er
irin	ire in
wirtschaftsprüferin	wirtschaftsprüfer in
verwandlungskünstlerin	verwandlungskunst ler in
elternsprecherin	elternsprecher in
komplikationslos	komplikation los
unerklärbarkeit	un erklären bar keit
züchtung	züchten ung
supertechniker	supertechnik er
anweisung	anweisen ung
staffelsieger	staffelsieg er
gesundheitsschützer	gesundheitsschutz er
wassertreter	wassertreten er
unglaublich	unglaube lich
errettung	erretten ung
unhandlich	un hand lich
bremer	bremen er
saunagänger	saunagang er
senatsdirektorin	senatsdirektor in
befreier	befreien er
kritikfähigkeit	kritikfähig keit
filmwissenschaftlerin	filmwissenschaft ler in
reaktionsfähigkeit	reaktionsfähig keit
uneinsichtig	un einsicht ig
jakober	jakob er
wundertätigen	wundertat ig
büßer	büßen er
speditionsunternehmer	speditionsunternehmen er
ausbildungslos	ausbilden ung los
schlagbar	schlagen bar
kastenlos	kaste los
dehnbarkeit	dehnbar keit
nebendarstellerin	nebendarsteller in
allacher	allach er
tierschützerin	tierschutz er in
entrichtung	entrichten ung
umleitung	umleiten ung
zuführung	zuführen ung
vielseitigkeit	vielseitig keit
nordöstlich	nordost lich
tablettenabhängigkeit	tablettenabhängig keit
verklammerung	ver klammer ung
bergsteiger	bergsteigen er
ausschlachtung	aus schlacht ung
freigebig	freigeben ig
glückseligkeit	glückselig keit
rechnerin	rechnen er in
huldigen	huld ig
touristenführerin	touristenführer in
sittenwidrigkeit	sittenwidrig keit
töchterlich	tochter lich
breiig	brei ig
zirkusartistin	zirkusartist in
versicherungsbetrüger	versicherungsbetrug er
miesmacher	miesmachen er
bescheidener	bescheiden e er
bauzeichnerin	bauzeichner in
ehrlos	ehren e los
karlsruher	karlsruhe er
somalier	somalia er
sichtbar	sichten bar
archivleiterin	archivleiter in
müller	mull er
unterhaltung	unterhalten ung
schreiner	schrein er
unentschuldbar	un entschulden bar
quarter	quarte er
strippenzieher	strippenziehen er
einfältig	einfalt ig
vergreisung	ver greis e ung
wertschätzung	wertschätzen ung
lehner	lehen er
avantgardemusiker	avantgardemusik er
demonstrationsteilnehmerin	demonstrationsteilnehmer in
rastlos	rast los
beamtenrechtlich	beamtenrecht lich
unbeweglich	un bewegen lich
staatsfeindlichkeit	staatsfeind lich keit
nachrichtenredakteurin	nachrichtenredakteur in
freizeitpolitiker	freizeitpolitik er
abrufbar	abrufen bar
reinberger	reinberg er
tischlerin	tischler in
afghanin	afghane in
individualisierung	individualisieren ung
einzelstarter	einzelstart er
helfer	helfen er
urgemütlich	ur gemüt lich
talentlos	talent los
bevorzugung	bevorzugen ung
großstädter	großstadt er
versöhnlichkeit	versöhnen lich keit
unterbeschäftigung	unterbeschäftigen ung
unabdingbarkeit	unabdingbar keit
seglerin	segeln er in
stationierung	stationieren ung
lokalpolitikerin	lokalpolitik er in
fachgruppenleiterin	fachgruppenleiter in
walldorfer	walldorf er
gültigkeit	gültig keit
eisenbahnerin	eisenbahn er in
detailfreudigkeit	detailfreude ig keit
vereinsamung	ver einsam ung
kunstlos	kunst los
strafrichterin	strafrichter in
yorkerin	york er in
vorauszahlung	vorauszahlen ung
anwaltschaftlich	anwalt schaft lich
prüfbar	prüfen bar
kreuzförmig	kreuzform ig
modellierung	modell ier ung
löwenberger	löwenberg er
schrumpfung	schrumpfen ung
florentiner	florentine er
gemeindevertreterin	gemeindevertreter in
annäherung	annähern ung
schälung	schälen ung
auswahlspieler	auswahlspiel er
kettung	ketten ung
abstimmung	abstimmen ung
verlautbarung	verlautbaren ung
zwischenlandung	zwischenlanden ung
kirchenpfleger	kirchenpflege er
fensterbauer	fensterbau er
ersatztorhüterin	ersatztorhüter in
energiepolitiker	energiepolitik er
verbesserung	verbessern ung
leser	lese er
marin	mare in
verbandspräsidentin	verbandspräsident in
flächenmäßig	flächenmaß ig
literaturstudentin	literaturstudent in
schulmediziner	schulmedizin er
entwicklungssoziologin	entwicklungssoziologe in
lieblich	lieben lich
empfangbar	empfangen bar
schürfung	schürfen ung
oberallgäuer	oberallgäu er
einfärbung	einfärben ung
verschleppung	ver schleppe ung
verfärbung	verfärben ung
weitspringerin	weitspringer in
unehelich	un ehe lich
verehelichen	ver ehe lich
heiserkeit	heiser keit
zutraulich	zutrauen lich
rentenversicherungspflichtig	rentenversicherungspflicht ig
verabreichung	verabreichen ung
unbrauchbar	un brauchen bar
raumzeitlich	raumzeit lich
forschungspolitiker	forschungspolitik er
einleiter	einleiten er
fahrkartenverkäufer	fahrkartenverkauf er
kämpferin	kämpfen er in
hilfsarbeiter	hilfsarbeit er
reisefreudigkeit	reisefreude ig keit
wirtschaftsgeschichtlich	wirtschaftsgeschichte lich
strafwürdigkeit	strafwürdig keit
ergründung	ergründen ung
intensivmediziner	intensivmedizin er
straßenhändlerin	straßenhändler in
lackierer	lack ier er
panzerbauer	panzerbau er
goldkörnchen	goldkorn chen
unfruchtbarkeit	un fruchten bar keit
todesbotin	todesbote in
installierung	installieren ung
schlackenlos	schlacke los
zweifellos	zweifel los
humanwissenschaftlich	humanwissenschaft lich
anhebung	anheben ung
abbildbar	abbilden bar
gebieterin	gebieten er in
supermächtig	supermacht ig
menschenrechtlerin	menschenrecht ler in
festsitzung	festsitzen ung
sprachlehrerin	sprachlehre er in
holzstäbchen	holzstab chen
fürstin	fürst in
streitsüchtig	streitsucht ig
erbärmlichkeit	erbärmlich keit
unheilbarkeit	un heilen bar keit
bereicherung	bereichern ung
stecker	stecken er
verallgemeinerung	ver allgemein ung
tätigkeit	tätig keit
spitzenläuferin	spitzenläufer in
bewaldung	bewalden ung
rüschenkleidchen	rüschenkleid chen
damenschneiderin	damenschneider in
kaffeeverkäufer	kaffeeverkauf er
auskühlung	aus kühl ung
beschimpfung	be schimpf ung
obstbäumchen	obstbaum chen
unternehmerin	unternehmen er in
baufälligkeit	baufällig keit
erwägung	erwägen ung
familienähnlichkeit	familienähnlich keit
hüterin	hüten er in
abzahlung	abzahlen ung
verführer	verführen er
stufig	stufe ig
einreichung	einreichen ung
segelfliegerin	segelfliegen er in
mittelmäßig	mittelmaß ig
unterdurchschnittlich	unter durchschnitt lich
glücksburger	glücksburg er
tatverdächtig	tatverdacht ig
schaulustig	schaulust ig
außenamtssprecherin	außenamtssprecher in
stimmrechtslos	stimmrecht los
slalomfahrer	slalomfahren er
lockung	locken ung
enttarnung	enttarnen ung
rundfunkreporterin	rundfunkreporter in
hollander	holland er
erscheinung	erscheinen ung
unselbständigkeit	un selbständig keit
fachplaner	fachplan er
fensterlos	fenster los
orchestermusiker	orchestermusik er
trennbarkeit	trennen bar keit
heimarbeiterin	heimarbeit er in
schriftlos	schrift los
übergriffig	übergriff ig
straflos	strafen los
begründerin	begründen er in
skandinavierin	skandinavien er in
einsparung	ein spar ung
küchenchefin	küchenchef in
konzessionslos	konzession los
vertrauenslehrerin	vertrauenslehrer in
gesundheitspolitiker	gesundheitspolitik er
popsängerin	popsänger in
gebührenpflichtig	gebührenpflicht ig
industriemeisterin	industriemeister in
berichterstatter	berichterstatten er
röster	röste er
heizungstechniker	heizungstechnik er
wiedererrichtung	wiedererrichten ung
valer	val er
schattenlos	schatten los
wonnig	wonne ig
nichtmenschlich	nichtmensch lich
maßregelung	maßregeln ung
wirbelig	wirbel ig
trägerin	trage er in
kirgisin	kirgise in
ewigkeit	ewig keit
regionalplaner	regionalplan er
mittelständig	mittelstand ig
wiedereinstellung	wiedereinstellen ung
völkerrechtlerin	völkerrecht ler in
ballonfahrer	ballonfahren er
erotisierung	erotisch isier ung
sulzbacher	sulzbach er
elternmörder	elternmord er
weißwaschung	weißwaschen ung
auslosung	auslosen ung
jugendschützer	jugendschutz er
umbettung	umbetten ung
innergenossenschaftlich	inner genossen schaft lich
severin	seven er in
konstanzerin	konstanze er in
bibelleser	bibellesen er
feinmechanikerin	feinmechanik er in
aberkennung	aberkennen ung
nachdrücklichkeit	nachdruck lich keit
bombardierung	bombardieren ung
mittelstürmerin	mittelstürmer in
heßlein	heß lein
veranstaltungsbesucher	veranstaltungsbesuch er
netzwerker	netzwerk er
schmalzlockig	schmalzlocken ig
neubürger	neuburg er
vorstellbar	vorstellen bar
landwirtschaftsschüler	landwirtschaftsschule er
abspaltung	abspalten ung
traber	traben er
anzeigenverkäufer	anzeigenverkauf er
weinig	wein ig
heidelbergerin	heidelberg er in
ausdrücklich	ausdrücken lich
bukarester	bukarest er
abgeltung	abgelten ung
drehung	drehen ung
ladenbauer	ladenbau er
pferdezüchter	pferdezucht er
beweglichkeit	bewegen lich keit
christlich	chr ist lich
undeutlichkeit	un deutlich keit
nachrangig	nachrang ig
fahrradständer	fahrradstand er
alteigentümerin	alteigentum er in
neuwertig	neuwert ig
kantorin	kantor in
constantin	constant in
eintägig	eintag ig
hauptorganisatorin	hauptorganisator in
schulpsychologin	schulpsychologe in
kreatürlich	kreatur lich
fischchen	fisch chen
bohrung	bohren ung
uhrtürmchen	uhrturm chen
einschärfung	einschärfen ung
laufställchen	laufstall chen
kracher	krachen er
verletzlichkeit	verletzen lich keit
feingeistig	feingeist ig
allmächtigkeit	allmacht ig keit
tunnelarbeiter	tunnelarbeit er
bestätigung	bestätigen ung
brummer	brummen er
gewerkschaftsführerin	gewerkschaftsführer in
schauenburger	schauenburg er
verkäufer	verkaufen er
astrophysiker	astrophysik er
pillenschlucker	pillenschlucken er
duftig	duften ig
rächerin	rächen er in
reykjaviker	reykjavik er
altersforscherin	altersforscher in
kitzelig	kitzel ig
bankdrücker	bankdruck er
spießigkeit	spießen ig keit
modulationsfähigkeit	modulationsfähig keit
unternehmerfreundlich	unternehmerfreund lich
gaststättenbesucher	gaststättenbesuch er
bewegung	bewegen ung
potsdamer	potsdam er
verlobung	verloben ung
wirker	wirken er
städtebaulich	städtebau lich
mütterlichkeit	mutter lich keit
baumeisterin	baumeister in
feldarbeiterin	feldarbeit er in
einverleibung	einverleiben ung
bauernkrieger	bauernkrieg er
schäferin	schaf er in
gerichtsmediziner	gerichtsmedizin er
unzulässigkeit	un zulassen ig keit
sachlich	sache lich
geschäftsinhaberin	geschäftsinhaber in
kuchenbäcker	kuchenbacken er
aufrichtig	aufrichten ig
eignerin	eigner in
pharmakologin	pharmakologe in
abwegig	abweg ig
schulmusiker	schulmusik er
betrachterin	betrachten er in
zugänglichkeit	zugang lich keit
atomkraftgegnerin	atomkraftgegner in
notschlachtung	notschlachten ung
undurchlässigkeit	un durchlässig keit
teamchefin	teamchef in
sektenchefin	sektenchef in
beschilderung	beschildern ung
fehlplazierung	fehlplazieren ung
stichhaltigkeit	stichhaltig keit
wahlrechtlich	wahlrecht lich
puppenbauer	puppenbau er
statistiker	statistik er
meinungsforscherin	meinungsforscher in
altstädter	altstadt er
verkantung	verkanten ung
kriegshetzer	kriegshetze er
kandidatin	kandidat in
schlößchen	schloß chen
verladung	verladen ung
jurastudentin	jurastudent in
radiojournalistin	radiojournalist in
amtsärztlich	amtsarzt lich
anspielung	anspielen ung
philosophielehrerin	philosophielehrer in
jugendseelsorger	jugendseelsorge er
förderungswürdigkeit	förderungswürdig keit
bochumer	bochum er
keulenschwinger	keulenschwingen er
hütchenspieler	hütchenspiel er
fertighäuschen	fertighaus chen
außergewöhnlich	außer gewöhnen lich
kraftfahrzeugmechanikerin	kraftfahrzeugmechaniker in
kündigung	kündigen ung
einzelbetrieblich	einzelbetrieb lich
rostbratwürstchen	rostbratwurst chen
fremdfinanzierung	fremdfinanzieren ung
sprachauffälligkeit	sprachauffällig keit
judenfeindlichkeit	judenfeindlich keit
gegenöffentlichkeit	gegenöffentlich keit
studentenführerin	studentenführer in
gottesfürchtig	gottesfurcht ig
hauptschülerin	hauptschule er in
übersendung	übersenden ung
oberreichenbacher	oberreichenbach er
scheißer	scheißen er
luftdurchlässigkeit	luftdurchlässig keit
sportpolitiker	sportpolitik er
erlahmung	erlahmen ung
zermartern	zer marte er
sportwissenschaftlich	sportwissenschaft lich
geldtransporter	geldtransport er
lustschlößchen	lustschloß chen
zerbrechlichkeit	zer brechen lich keit
farbfernseher	farbfernsehen er
konfliktfähigkeit	konfliktfähig keit
bankkundin	bankkunde in
vertraglich	vertragen lich
gardistin	gard ist in
kioskverkäuferin	kioskverkauf er in
verkaufsleiterin	verkaufsleiter in
bootfahrer	bootfahren er
fachverkäuferin	fachverkäufer in
gasteiner	gastein er
überzeugung	überzeugen ung
unfehlbarkeit	un fehlbar keit
auslagerung	auslagern ung
halsstarrigkeit	halsstarrig keit
genehmigungsfähigkeit	genehmigungsfähig keit
trotzkistin	trotzkist in
carin	care in
empfindsamkeit	empfinden sam keit
bewegungstherapeutin	bewegungstherapeut in
kommunistin	kommunist in
verheißung	ver heiß e ung
elfenbeintürmchen	elfenbeinturm chen
untersucher	untersuchen er
individualrechtlich	individualrecht lich
verweser	verwesen er
abstandhalter	abstandhalten er
knurrig	knurren ig
indonesier	indonesien er
innerchristlich	inner chr ist lich
hochwürdig	hochwürden ig
umfangreicher	umfangreiche er
fahrig	fahr ig
respektlos	respekt los
unpäßlichkeit	unpäßlich keit
steuerung	steuern ung
vernachlässigung	ver nachlassen ig ung
heiratskandidatin	heiratskandidat in
veröffentlichung	ver öffentlich ung
steigerung	steigern ung
volleyballspieler	volleyballspielen er
dreckig	dreck ig
odin	ode in
stadtverträglichkeit	stadtverträglich keit
singbar	singen bar
naziverbrecher	naziverbrechen er
partnerschüler	partnerschule er
unterkühlung	unterkühlen ung
straßenverkehrsrechtlich	straßenverkehrsrecht lich
skilangläufer	skilanglauf er
kunstliebhaberin	kunstliebhaber in
verkündigung	verkündigen ung
holzbänkchen	holzbank chen
kassenärztlich	kassenarzt lich
japaner	japan er
reisefähigkeit	reisefähig keit
artin	arte in
überstaatlich	überstaat lich
poetin	poet in
niederländerin	niederlande er in
wortführerin	wortführer in
sterblichkeit	sterben lich keit
schwitzig	schwitzen ig
untergliederung	untergliedern ung
apothekerin	apotheke er in
überflieger	über fliege er
unaufmerksamkeit	un aufmerksam keit
versachlichung	ver sache lich ung
torschützenkönigin	torschützenkönig in
medienreferentin	medienreferent in
schmierung	schmieren ung
bröselig	brösel ig
stützer	stützen er
kunstwissenschaftlich	kunstwissenschaft lich
überheblichkeit	überheben lich keit
wettbewerbsrechtlich	wettbewerbsrecht lich
versendung	versenden ung
konsumsüchtig	konsumsucht ig
erschütterung	erschüttern ung
basketballspieler	basketballspielen er
mißbrauchbar	mißbrauchen bar
überbietbar	überbieten bar
verstärker	ver stark e er
litauerin	litauen er in
opferwilligkeit	opferwillig keit
veräußerlichen	ver äußern lich
hilfsarbeiterin	hilfsarbeit er in
gräfin	gräf in
süditaliener	süditalien er
schiller	schill er
teiler	teilen er
stammheimer	stammheim er
liverpooler	liverpool er
zehnkämpfer	zehnkampf er
vordenkerin	vordenken er in
possierlichkeit	possierlich keit
kleinchen	klein e chen
mittler	mitteln er
unterstufenlehrerin	unterstufenlehrer in
lebendspender	lebendspende er
einrichtung	einrichten ung
enthauptung	enthaupten ung
rotenburger	rotenburg er
professionalisierung	professional isier ung
investitionswillig	investitionswille ig
stahlhelmer	stahlhelm er
bildungsfähigkeit	bildungsfähig keit
weberin	web er in
botaniker	botanik er
ludwigsburgerin	ludwigsburg er in
innovationsfreudigkeit	innovationsfreude ig keit
sinnig	sinnen ig
entsorger	entsorgen er
observierung	observieren ung
obermeisterin	obermeister in
verweltlichen	ver welt lich
sesamkörner	sesamkorn er
abtragung	abtragen ung
nachrichtenchefin	nachrichtenchef in
werbetexter	werbetext er
pfefferkörner	pfefferkorn er
neustädter	neustadt er
schafscherer	schafscheren er
gleichwertigkeit	gleichwertig keit
auskunftsfähigkeit	auskunftsfähig keit
wohnungsbesitzer	wohnungsbesitz er
wirtschafterin	wirtschaften er in
ohrenzeugin	ohrenzeuge in
zinngießer	zinngießen er
ausnahmeathletin	ausnahmeathlet in
großmütterlich	großmutter lich
tanzfreudig	tanzfreude ig
palästinenserin	palästinenser in
kinnbärtchen	kinnbart chen
umpflanzung	umpflanzen ung
könner	können er
entschlüsselung	entschlüsseln ung
umarmung	umarmen ung
biegung	biegen ung
einseitigkeit	einseitig keit
rührseligkeit	rührselig keit
erwerbung	erwerben ung
ingenieurin	ingenieur in
fließbandarbeiterin	fließbandarbeit er in
vollstreckerin	vollstrecken er in
nagolder	nagold er
torfig	torf ig
befreiung	befreien ung
umfassung	umfassen ung
verzettelung	verzetteln ung
altenpflegerin	altenpflege er in
drahtzieherin	drahtzieher in
zulassung	zulassen ung
vorchristlich	vor chr ist lich
plasmaphysiker	plasmaphysik er
geistesgeschichtlich	geistesgeschichte lich
außenseiterin	außenseite er in
weltmeisterlich	weltmeister lich
gesamtwirtschaftlich	gesamtwirtschaft lich
fraktionskollegin	fraktionskollege in
überbringerin	über bring er in
drachenbauer	drachenbauen er
parapsychologin	parapsychologe in
flugzeugattentäter	flugzeugattentat er
journalistenschüler	journalistenschule er
tariflich	tarif lich
fleischesser	fleischesse er
heilbronnerin	heilbronn er in
unaussprechbar	un aussprechen bar
pathologin	pathologe in
wünschbarkeit	wünschen bar keit
turnierspieler	turnierspiel er
manager	managen er
syrerin	syr er in
aschaffenburger	aschaffenburg er
erweckung	erwecken ung
feigenblättchen	feigenblatt chen
bauschig	bauschen ig
maschinistin	mascha ine ist in
überbetonung	überbetonen ung
säufer	saufen er
wichtig	wicht ig
kriegführer	kriegführen er
bauwerker	bauwerk er
erweichung	er weich ung
entscheidungslos	entscheiden ung los
rückkehrerin	rückkehr er in
samenspender	samenspende er
raunheimer	raunheim er
zuwanderung	zuwandern ung
säbelfechter	säbelfechten er
zuträglichkeit	zuträglich keit
imker	imke er
erfahrungslos	erfahren ung los
erteilung	erteilen ung
hinderlich	hindern lich
wichtelmännchen	wichtelmann chen
geburtshilflich	geburtshilfe lich
weiterbetreuung	weiterbetreuen ung
aktionärin	aktionär in
hauptzeugin	hauptzeuge in
lückenbüßerin	lückenbüßer in
pfarrer	pfarre er
rippchen	rippe chen
ölabhängigkeit	ölabhängig keit
hellseher	hellsehen er
meißner	meißen er
kommunalpolitikerin	kommunalpolitik er in
verarmung	ver arm e ung
elsner	elsen er
sprachlehrer	sprachlehre er
vermögensverwalterin	vermögensverwalter in
plastiksäckchen	plastiksack chen
josefstädter	josefstadt er
stelzenläufer	stelzenlaufen er
lyrikerin	lyrik er in
wochenblättchen	wochenblatt chen
brüller	brüllen er
hüttenstädter	hüttenstadt er
psychoanalytikerin	psychoanalytiker in
lenker	lenken er
berufsschülerin	berufsschule er in
badelustig	badelust ig
gastspieler	gastspiel er
produktionsdesigner	produktionsdesign er
schändlichkeit	schänden lich keit
runderneuerung	runderneuern ung
sever	seven er
rechtsgeschäftlich	rechtsgeschäft lich
hüpfer	hüpfen er
jugendbuchautorin	jugendbuchautor in
oxforder	oxford er
strapazierbar	strapaze ier bar
überbringung	über bring ung
unverantwortlich	un verantworten lich
schirmherrin	schirmherr in
zeichenlehrer	zeichenlehre er
ausdruckslos	ausdruck los
luftlos	luft los
kleinfischer	kleinfisch er
jugendtrainerin	jugendtrainer in
wiederverheiratung	wiederverheiraten ung
pyramidenförmig	pyramidenform ig
ausreisepflichtig	ausreisepflicht ig
aussiedlerin	aussiedeln er in
verlosung	verlosen ung
gebrechlichkeit	gebrech lich keit
otter	otte er
namensrechtlich	namensrecht lich
überstilisierung	überstilisieren ung
unmündigkeit	un mündig keit
vollstreckung	vollstrecken ung
fußballer	fußballen er
entdeckerin	entdecken er in
alain	ala in
nachdrücklich	nachdruck lich
klassensprecherin	klassensprecher in
frontstädter	frontstadt er
weiterverwendung	weiterverwenden ung
gemeinwirtschaftlich	gemeinwirtschaft lich
untätig	untat ig
punkerin	punk er in
kommunikationswissenschaftlich	kommunikationswissenschaft lich
langzeitstudentin	langzeitstudent in
salin	sal in
kraftlos	kraft los
betätigung	betätigen ung
strukturlos	struktur los
protektorin	protektor in
fischzüchter	fischzucht er
liedersängerin	liedersänger in
versöhnung	versöhnen ung
landespfleger	landespflege er
volkspolizistin	volkspolizei ist in
raubkopierer	raubkopieren er
bassin	basse in
einzelgängerin	einzelgang er in
oberschülerin	oberschule er in
pferdehalterin	pferdehalter in
natürlicher	natürlichen er
zahntechniker	zahntechnik er
ungebührlich	ungebühr lich
beschreibung	beschreiben ung
ewin	ewe in
wirtschaftswissenschaftlich	wirtschaftswissen schaft lich
wachschützer	wachschutz er
ziegelbauer	ziegelbau er
flockig	flocken ig
mannheimerin	mannheim er in
schaffer	schaffen er
brettener	bretten er
berufskollegin	berufskollege in
gespielin	spielen sfx in
wählerin	wählen er in
brandstifterin	brandstifter in
assoziierung	assoziieren ung
kehlig	kehle ig
gleichzeitigkeit	gleichzeit ig keit
entsprechung	entsprechen ung
eigenwillig	eigenwille ig
pauschalurlauber	pauschalurlaub er
intrigantin	intrigant in
konzeptkünstlerin	konzeptkunst ler in
geigerin	geigen er in
jugendbetreuerin	jugendbetreuer in
handlungsunfähigkeit	handlungsunfähig keit
beziehungslos	beziehen ung los
temposünder	temposünde er
keramiker	keramik er
rückbezüglich	rückbezug lich
galeriebesitzerin	galeriebesitzer in
ursprünglichkeit	ursprung lich keit
kniefällig	kniefall ig
marienburger	marienburg er
kurzbesucher	kurzbesuch er
westeuropäerin	westeuropäer in
ordentlichkeit	ordentlich keit
familienunternehmer	familienunternehmen er
weiterverbreitung	weiterverbreiten ung
unterdrückung	unterdrücken ung
philosophiestudentin	philosophiestudent in
weiterqualifizierung	weiterqualifizieren ung
umtriebig	umtrieb ig
psychiaterin	psychiater in
eschborner	eschborn er
aktivierung	akt iv e ier ung
erstreckung	er strecken e ung
übermalung	über mal ung
fixierung	fix ier ung
straßenbahnfahrer	straßenbahnfahren er
streuner	streunen er
berufsschullehrerin	berufsschullehrer in
arbeitsschützer	arbeitsschutz er
versperrung	ver sperre ung
materialistin	materiale ist in
heraufsetzung	heraufsetzen ung
würdigkeit	würdig keit
autorin	autor in
verwaltungstechniker	verwaltungstechnik er
immissionsschutzrechtlich	immissionsschutzrecht lich
fleischverkäufer	fleischverkauf er
spendenfreudigkeit	spendenfreude ig keit
zwickauer	zwickau er
binnenschiffer	binnenschiff er
tunesier	tunesien er
streetworkerin	streetworker in
anhäufung	anhäufen ung
unterordnung	unterordnen ung
mitteilsamkeit	mitteilen sam keit
volkswirtschaftlich	volkswirt schaft lich
kultursenatorin	kultursenator in
hochtechnisierung	hochtechnisch isier ung
altin	alt in
zirndorfer	zirndorf er
bassistin	basse ist in
stahlarbeiter	stahlarbeit er
blicklos	blicken los
tanzmusiker	tanzmusik er
gralshüterin	gralshüter in
petersberger	petersberg er
freiberger	freiberg er
buchberger	buchberg er
weißrussin	weißrusse in
zweibeinig	zweibein ig
kopflos	kopf los
gastkünstlerin	gastkünstler in
querköpfig	querkopf ig
laserdrucker	laserdruck er
eichstätter	eichstätt er
benennung	benennen ung
handwerklich	handwerk lich
steinecker	steineck er
kulturkritikerin	kulturkritik er in
autotester	autotest er
olympionikin	olympionike in
jugendreferentin	jugendreferent in
gutgläubigkeit	gutgläubig keit
südafrikanerin	südafrika aner in
rheinländer	rheinland er
siebenbürger	siebenbürge n er
feuilletonredakteurin	feuilletonredakteur in
mannschaftssprecherin	mannschaftssprecher in
songschreiberin	songschreiben er in
kindergärtnerin	kindergarten er in
unschädlichkeit	un schädlich keit
vietnamesin	vietnam ese in
standespolitiker	standespolitik er
leidensgenossin	leidensgenosse in
arbeitsmedizinerin	arbeitsmedizin er in
äußerung	äußern ung
veränderlich	verändern lich
architekturstudentin	architekturstudent in
karmeliter	karmelit er
aufpasserin	aufpassen in
superstürmer	supersturm er
schwesterlein	schwester lein
zahlungsfähigkeit	zahlungsfähig keit
alteigentümer	alteigentum er
streber	streben er
detailfreudig	detailfreude ig
piepser	piepsen er
verpflichtung	ver pflicht ung
schwinger	schwingen er
anführung	anführen ung
solistin	solist in
sozialbetrüger	sozialbetrug er
hochschulabsolventin	hochschulabsolvent in
wahlgewinnerin	wahlgewinn er in
einsatzfreudigkeit	einsatzfreude ig keit
insektenforscherin	insektenforscher in
gewinnträchtigkeit	gewinnträchtig keit
wiederkäuer	wiederkäuen er
hochleistungssportlerin	hochleistungssport ler in
schwächlich	schwach e lich
oppositionspolitiker	oppositionspolitik er
polizeianwärterin	polizeianwärter in
thailänder	thailand er
gewerkschaftlerin	gewerkschaft ler in
unterpächterin	unterpächter in
sprachforscherin	sprachforscher in
bahnfahrer	bahnfahren er
heilbrunner	heilbrunnen er
abbiegung	abbiegen ung
kommunikationsfähigkeit	kommunikationsfähig keit
kupferarbeiter	kupferarbeit er
glatzköpfig	glatzkopf ig
weltgeschichtlich	weltgeschichte lich
abwehrspieler	abwehrspiel er
küchenleiterin	küchenleiter in
bezirksvorsteherin	bezirksvorsteher in
wiedereinweihung	wiedereinweihen ung
altmeisterin	altmeister in
schneekönigin	schneekönig in
brettspieler	brettspiel er
trauzeugin	trauzeuge in
lackiererin	lack ier er in
musikantin	musikant in
hamburger	hamburg er
anklägerin	anklagen er in
mailänder	mailand er
tanzpartnerin	tanzpartner in
verwirklichen	ver wirken lich
waffenbesitzer	waffenbesitz er
wirtin	wirt in
modedesigner	modedesign er
laiendarstellerin	laiendarsteller in
maschinenführerin	maschinenführer in
sorgsamkeit	sorgsam keit
krustig	kruste ig
fernsehregisseurin	fernsehregisseur in
gebrauchsfähigkeit	gebrauchsfähig keit
baugeschichtlich	baugeschichte lich
energetiker	energetik er
hasseler	hassel er
parteienvertreterin	parteienvertreter in
verbitterung	ver bitter ung
dienerin	dienen er in
bildschirmarbeiter	bildschirmarbeit er
wirtschaftsprofessorin	wirtschaftsprofessor in
nachsichtig	nachsicht ig
teilzeitig	teilzeit ig
raubfischer	raubfischen er
christoffer	christoff er
wurzellos	wurzel los
vergegenständlichen	ver gegenstand lich
schwerin	schwer e in
musikwissenschaftlerin	musikwissenschaft ler in
walschützer	walschutz er
abhängig	abhängen ig
rechtsberaterin	rechtsberater in
trittbrettfahrerin	trittbrettfahren er in
wiederaufarbeitung	wiederaufarbeiten ung
kosmetikerin	kosmetik er in
selbständigkeit	selbständig keit
hirnlos	hirn los
festivalleiterin	festivalleiter in
weltbürgerin	weltbürger in
würger	würgen er
leerung	leeren ung
pflanzenbauer	pflanzenbau er
gemächlich	gemach lich
anrufung	anrufen ung
baggerfahrer	baggerfahren er
vollstreckbarkeit	vollstreckbar keit
waffenrechtlich	waffenrecht lich
bevormundung	bevormunden ung
bereitung	bereiten ung
baumlos	baum los
übergeschichtlich	über geschichte lich
mietrechtlich	mietrecht lich
pfarramtlich	pfarramt lich
selbstfinanzierung	selbstfinanzieren ung
appetitlich	appetit lich
auszahlung	auszahlen ung
entwirrung	entwirren ung
wandlungsfähigkeit	wandlungsfähig keit
unsachlich	un sache lich
überdurchschnittlich	über durchschnitt lich
umschichtig	umschichten ig
durchsetzungsfähigkeit	durchsetzungsfähig keit
empfindlich	empfinden lich
kokain	koka in
metzinger	metzingen er
bestellung	bestellen ung
nachempfindung	nachempfinden ung
bildungsreformer	bildungsreform er
hobbykünstlerin	hobbykunst ler in
dudelsackpfeifer	dudelsackpfeife er
textildesigner	textildesign er
regierungslos	regieren ung los
glanzlos	glanz los
zusätzlich	zusatz lich
versicherungsrechtlich	versicherungsrecht lich
holztürmchen	holzturm chen
sorgenlos	sorgen los
kaffeetrinker	kaffeetrinken er
lottogewinner	lottogewinn er
gewöhnlichkeit	gewöhnen lich keit
neinsager	neinsagen er
auseinandersetzung	auseinandersetzen ung
arbeitsrechtlerin	arbeitsrecht ler in
parkplatzsucher	parkplatzsuche er
zukunftsplaner	zukunftsplan er
nager	nagen er
ansässigkeit	ansässig keit
emsigkeit	emsig keit
bezirksleiterin	bezirksleiter in
einlieferer	einliefern er
objektlos	objekt los
flugmediziner	flugmedizin er
übungsleiterin	übungsleiter in
türöffner	türöffnen er
minderheitenfeindlichkeit	minderheitenfeindlich keit
feinfühligkeit	feinfühlig keit
gerichtsvollzieherin	gerichtsvollzieher in
vergegenwärtigung	ver gegenwart ig ung
austauschbar	austauschen bar
forscherin	forschen er in
überbringer	über bring er
wohnungsmieter	wohnungsmiete er
gegenständlich	gegenstand lich
verinnerlichen	ver inner e lich
siegerin	siegen er in
vergütung	vergüten ung
betriebsverfassungsrechtlich	betriebsverfassungsrecht lich
verbrühung	ver brühen ung
kunstflieger	kunstfliegen er
tunesierin	tunesien er in
immobilieneigentümer	immobilieneigentum er
lichtung	lichten ung
zugezogener	zugezogene n er
aburteilung	aburteilen ung
belgier	belgien er
hochschullehrerin	hochschullehre er in
ausländerin	ausland er in
privatschülerin	privatschule er in
weißbärtig	weißbart ig
tagesbesucher	tagesbesuch er
schneidig	schneiden ig
unfreundlich	un freund lich
andächtig	andacht ig
gemeingefährlichkeit	gemeingefährlich keit
krimiautorin	krimiautor in
gruppensieger	gruppensieg er
gastanker	gastank er
mildtätigkeit	mildtätig keit
großflächig	großfläche ig
enkelin	enkel in
verletzung	verletzen ung
berufstätigkeit	berufstätig keit
platzanweiserin	platzanweiser in
bildjournalistin	bildjournalist in
würfelchen	würfel chen
unternehmensrechtlich	unternehmensrecht lich
doppelmörder	doppelmord er
amerikanerin	amerika aner in
pfählung	pfählen ung
teilbarkeit	teilen bar keit
verfassungsrechtlich	verfassungsrecht lich
alleinschuldig	alleinschuld ig
gesundheitlich	gesund heit lich
generalkoordinatorin	generalkoordinator in
fabrikantin	fabrikant in
profanierung	profane ier ung
planbar	planen bar
wiederauffindung	wiederauffinden ung
auflassung	auflassen ung
untertänig	untertane ig
täschchen	tasche chen
berufsanfängerin	berufsanfänger in
vollblüter	vollblut er
anwender	anwenden er
unmittelbar	un mitteln bar
meitinger	meitingen er
resultatlos	resultat los
verschmutzer	ver schmutz er
sahin	sah in
reinlichkeit	rein lich keit
nachfinanzierung	nachfinanzieren ung
gartenfreundin	gartenfreund in
daumenlutscher	daumenlutschen er
nordin	nord in
kulturarbeiterin	kulturarbeit er in
funktionsträgerin	funktionsträger in
waldbauer	waldbau er
explosionsgefährlich	explosionsgefahr lich
mündung	münden ung
realwirtschaftlich	realwirtschaft lich
fahnenträgerin	fahnenträger in
militärgeschichtlich	militärgeschichte lich
amokläufer	amoklauf er
panzerung	panzern ung
fertigung	fertigen ung
konzernchefin	konzernchef in
springreiter	springreiten er
profifußballer	profifußball er
bundesbildungsministerin	bundesbildungsminister in
polizeipraktiker	polizeipraktik er
zerstäuber	zer stäuben er
geschäftspartnerin	geschäftspartner in
transportarbeiter	transportarbeit er
gegenständlichkeit	gegenstand lich keit
offenhaltung	offenhalten ung
imprägnierung	imprägnieren ung
katalogisierung	katalog isier ung
entschlußlos	entschluß los
sanierungsträgerin	sanierungsträger in
anprangerung	anprangern ung
kinderpfleger	kinderpflege er
grasberger	grasberg er
sichtbarkeit	sichten bar keit
hauptrednerin	hauptredner in
wundertätig	wundertat ig
respektierung	respekt ier ung
schreinern	schrein er
naturnotwendigkeit	naturnotwendig keit
stauung	stauen ung
aufzählung	aufzählen ung
kleinbäuerlich	kleinbau er lich
radfreundlich	radfreund lich
erner	erne er
pittsburgher	pittsburgh er
schulrektorin	schulrektor in
schwellenlos	schwelle los
schußwaffenbesitzer	schußwaffenbesitz er
schwimmfähigkeit	schwimmfähig keit
hauptankläger	hauptanklage er
trockner	trocknen er
unvergänglichkeit	unvergänglich keit
floristin	flora ist in
arbeitsunfähigkeit	arbeitsunfähig keit
fälligkeit	fällig keit
verzückung	verzücken ung
auffassung	auffassen ung
sozialromantiker	sozialromantik er
luftwaffenhelferin	luftwaffenhelfer in
jugendfreundin	jugendfreund in
auftraggeberin	auftraggeber in
abdecker	abdecken er
proklamierung	proklamieren ung
besetzerin	besetzen er in
stiftung	stiften ung
entführer	entführen er
verkaufbar	verkaufen bar
dösig	dösen ig
sibirier	sibirien er
herleitung	herleiten ung
gottesdienstbesucherin	gottesdienstbesuch er in
auffindbar	auffinden bar
sprengtechniker	sprengtechnik er
vorurteilslos	vorurteil los
finanzplaner	finanzplan er
erzbischöflich	erzbischof lich
anrufer	anrufen er
vegetarierin	vegetarier in
abschiebung	abschieben ung
ekstatiker	ekstatik er
nachpflanzung	nachpflanzen ung
betrieblich	betrieb lich
werbegrafiker	werbegrafik er
großräumigkeit	großraum ig keit
verachtung	verachten ung
ruferin	rufen er in
eintönigkeit	eintönig keit
buchdrucker	buchdruck er
schillern	schill er
totschlägerin	totschlagen in
rückläufig	rücklauf ig
zerschmetterung	zerschmettern ung
daimlerstädter	daimlerstadt er
organspenderin	organspenden er in
bautechniker	bautechnik er
langhaarig	langhaar ig
rummelsberger	rummelsberg er
strapazierfähigkeit	strapazierfähig keit
referatsleiterin	referatsleiter in
speerwerfer	speerwerfen er
klostergärtner	klostergarten er
pazifistin	pazifisch ist in
vertreterin	vertreten er in
futterneider	futterneid er
felsig	felsen ig
schließung	schließen ung
fernmelder	fernmelde er
minimierung	minimieren ung
steinbauer	steinbau er
liebkosung	liebkosen ung
erfüllungsgehilfin	erfüllungsgehilfe in
wegbegleiterin	wegbegleiter in
analytiker	analytik er
ausspülung	ausspülen ung
unzulässig	un zulassen ig
patrizier	patrizia er
schnäpschen	schnaps chen
realschülerin	realschule er in
übersinnlich	über sinn lich
ratlos	rate los
überleitung	überleiten ung
stimmlich	stimmen lich
blutdurstig	blutdurst ig
kärntener	kärnten er
verlegerin	verlegen er in
wärmetauscher	wärmetausch er
überspezialisierung	überspezialisieren ung
streichhölzchen	streichholz chen
partisanenkämpfer	partisanenkampf er
chefsekretärin	chefsekretär in
laublos	laub los
bundesjustizministerin	bundesjustizminister in
sinologin	sinologe in
einzelstarterin	einzelstart er in
kulturlos	kultur los
akademikerin	akademiker in
kabinettskollegin	kabinettskollege in
gesellschaftskritiker	gesellschaftskritik er
aktivensprecherin	aktivensprecher in
vermutung	vermuten ung
vergegenwärtigen	ver gegenwart ig
rutschig	rutschen ig
installationskünstlerin	installationskunst ler in
sozialpolitiker	sozialpolitik er
umschulung	umschulen ung
hobbygärtnerin	hobbygärtner in
verantwortungsethiker	verantwortungsethik er
studentenvertreterin	studentenvertreter in
stufung	stufen ung
verhetzung	ver hetze ung
buchsbäumchen	buchsbaum chen
ablehner	ablehnen er
sozialräumlich	sozialraum lich
bedeckung	bedecken ung
traufetter	traufe ette er
torontoer	toronto er
umweltpolitiker	umweltpolitik er
winterurlauber	winterurlaub er
erinnerungslos	erinnern ung los
kelkheimer	kelkheim er
spargelstecher	spargelstechen er
landtagskandidatin	landtagskandidat in
ottobrunner	ottobrunn er
strandbesucher	strandbesuch er
kanalbauer	kanalbau er
plausibler	plausible er
vorarbeiter	vorarbeiten er
nonkonformistin	nonkonformist in
krisenanfälligkeit	krisenanfällig keit
entwertung	entwerten ung
regeltechniker	regeltechnik er
beherrscher	beherrschen er
schaffnerin	schaffen er in
verantwortlich	verantworten lich
heimlichkeit	heimlich keit
machtpolitikerin	machtpolitik er in
notlandung	notlanden ung
unförmig	unform ig
engstirnigkeit	engstirnig keit
zweisprachigkeit	zweisprachig keit
wettbewerbsfähigkeit	wettbewerbsfähig keit
frühlingslüftchen	frühlingsluft chen
zersplitterung	zer splitten ung
schadenfreudig	schadenfreude ig
verdeutlichung	ver deutlich ung
religionskritiker	religionskritik er
verläßlich	verlaß lich
seifer	seife er
unterspannung	unterspannen ung
pressechefin	pressechef in
glücksspielerin	glücksspiel er in
tokioer	tokio er
sanierungsbedürftigkeit	sanierungsbedürftig keit
einbeinig	einbein ig
gefühlsduselig	gefühlsdusel ig
bänkchen	bank chen
kliniker	klinik er
unübersehbar	un übersehen bar
kunstspringer	kunstspringen er
touristikunternehmer	touristikunternehmen er
schauwerbegestalterin	schauwerbegestalter in
rohrleitungsbauer	rohrleitungsbau er
unkindlich	un kind lich
nördlich	nord lich
bühler	buhl er
cellistin	cellist in
begünstigen	be gunst ig
senkung	senken ung
drahtlos	draht los
grauhaarig	grauhaar ig
abwegigkeit	abweg ig keit
biophysiker	biophysik er
schankwirtin	schankwirt in
westenberger	westenberg er
trompeterin	trompeten er in
sühnung	sühnen ung
christofer	christof er
ordensgründerin	ordensgründer in
justizpolitiker	justizpolitik er
golffahrerin	golffahrer in
heilerziehungspfleger	heilerziehungspflege er
verteidigerin	verteidigen er in
steuerpolitiker	steuerpolitik er
zeitanteilig	zeitanteil ig
holzfäller	holzfällen er
organisierung	organisieren ung
sexualisierung	sex ual isier ung
selbstbezüglich	selbstbezug lich
kreispolitiker	kreispolitik er
verläßlichkeit	verlaß lich keit
ausgrabung	ausgraben ung
unterspülung	unterspülen ung
propagierung	propagieren ung
geruchslos	geruch los
kameradschaftlich	kamerad schaft lich
versetzung	versetzen ung
vizekönigin	vizekönig in
engin	eng e in
realpolitiker	realpolitik er
bemessung	bemessen ung
bergführerin	bergführer in
zentralörtlich	zentralort lich
privatbesucher	privatbesuch er
wiedereroberung	wiedererobern ung
innerlichkeit	inner e lich keit
nachrichtlich	nachricht lich
albaner	alban er
optimistischer	optimist isch e n er
radioempfänger	radioempfang er
überbrückung	überbrücken ung
straffällig	straffall ig
beziehung	beziehen ung
erwerbsunfähigkeit	erwerbsunfähig keit
kampfkräftig	kampfkraft ig
mißlichkeit	miß lich keit
italienerin	italien er in
eser	ese er
britin	brite in
versteigerung	ver steige er ung
zweikämpfer	zweikampf er
begrifflich	begriff lich
blumenverkäuferin	blumenverkauf er in
schriftlichkeit	schrift lich keit
besatzungsrechtlich	besatzungsrecht lich
gelehrsamkeit	gelehrsam keit
undurchsichtigkeit	un durchsicht ig keit
kiesunternehmer	kiesunternehmen er
flugschüler	flugschule er
kodierung	kode ier ung
herausgeber	herausgeben er
brackig	brack ig
landschaftsplaner	landschaftsplan er
finanzkräftig	finanzkraft ig
entschädigungspflichtig	entschädigungspflicht ig
vergeistigung	ver geist ig ung
vergeistigen	ver geist ig
freihaltung	freihalten ung
kauzig	kauz ig
gastfreundlich	gastfreund lich
schmiedeberger	schmiedeberg er
langsamkeit	langsam keit
verschalung	ver schalen e ung
augenlos	auge los
kapitalisierung	kapitale isier ung
starnbergerin	starnberg er in
patentfähigkeit	patentfähig keit
görlitzer	görlitz er
besinnlich	besinnen lich
facharbeiterin	facharbeit er in
kurstädter	kurstadt er
wiederverwendbar	wiederverwenden bar
druckunternehmer	druckunternehmen er
kassenzahnärztlich	kassenzahnarzt lich
beunruhigung	beunruhigen ung
schnapsgläschen	schnapsglas chen
parteiförmig	parteiform ig
einer	eine er
steinhäger	steinhagen er
anzüglichkeit	anzug lich keit
oberkellnerin	oberkellner in
bißchen	biß chen
vogelschützer	vogelschutz er
hausbauer	hausbauen er
automobilbauer	automobilbau er
absendung	absenden ung
jazzsängerin	jazzsänger in
verkleinerung	ver klein ung
verkennung	verkennen ung
sexualwissenschaftlich	sexualwissen schaft lich
abspeckung	abspecken ung
quittierung	quitt ier ung
bereisung	bereisen ung
kirchgängerin	kirchgang er in
nachahmer	nachahmen er
zauberin	zauber in
aufdringlichkeit	aufdringlich keit
widernatürlichkeit	wider natürlich keit
malaysier	malaysia er
ganzheitlich	ganz heit lich
naturschützerin	naturschutz er in
fälscher	fälschen er
hauptinitiatorin	hauptinitiator in
verpackung	verpacken ung
hochstilisierung	hochstilisieren ung
entschlackung	entschlacken ung
charlottenburger	charlottenburg er
verweichlichung	ver weich lich ung
windung	winden ung
lokalgeschichtlich	lokalgeschichte lich
versinnlichen	ver sinn lich
fleischlich	fleisch lich
amtsinhaberin	amtsinhaber in
meuchelmörder	meuchelmord er
kassandrarufer	kassandraruf er
standesamtlich	standesamt lich
brauchbarkeit	brauchen bar keit
achtsamkeit	achten sam keit
dichterin	dichten er in
kartellamtlich	kartellamt lich
bergsteigerin	bergsteigen er in
beharrung	beharren ung
friedhofsbesucher	friedhofsbesuch er
zeitigen	zeit ig
bühnenmusiker	bühnenmusik er
reformwillig	reformwille ig
übeltäterin	übeltat er in
ukrainerin	ukraine er in
sozialreferentin	sozialreferent in
nichtchristlich	nichtchrist lich
trübung	trüben ung
stilberaterin	stilberater in
bewaffnung	bewaffnen ung
versammlungsbesucher	versammlungsbesuch er
selbstdenker	selbstdenken er
kassiererin	kassieren er in
henner	henn er
drangsalierung	drangsal ier ung
rechtswissenschaftlerin	rechtswissenschaft ler in
beschäftigungspflichtig	beschäftigungspflicht ig
entgegnung	entgegnen ung
gedanklich	gedanke lich
tarifexpertin	tarifexperte in
risikofreudigkeit	risikofreude ig keit
bezugsfertigkeit	bezugsfertig keit
prager	prag er
verbraucherschützer	verbraucherschutz er
anschaffung	anschaffen ung
normalverbraucherin	normalverbraucher in
theaterkritikerin	theaterkritik er in
nachbarlich	nachbar lich
marktforscherin	marktforscher in
reifung	reifen ung
lebensfeindlich	lebensfeind lich
werkstofftechniker	werkstofftechnik er
gleichmütigkeit	gleichmut ig keit
gemeinwesenarbeiter	gemeinwesenarbeit er
adelung	adeln ung
verbuchung	ver buch ung
dämpfung	dämpfen ung
berücksichtigung	berücksichtigen ung
geschlechtslos	geschlecht los
komiker	komik er
muttermörder	muttermord er
unzugänglichkeit	un zugang lich keit
medizintechniker	medizintechnik er
naturrechtlich	naturrecht lich
kultivierung	kultivieren ung
ausländerrechtlich	ausländerrecht lich
verwehung	ver weh ung
adventlich	advent lich
senatsvertreterin	senatsvertreter in
versumpfung	ver sumpf ung
christoper	christop er
polizistin	polizist in
absichtlichkeit	absicht lich keit
einfamilienhäuschen	einfamilienhaus chen
regierungskritiker	regierungskritik er
rechtsprofessorin	rechtsprofessor in
ausschließlichkeit	aus schließen e lich keit
schützerin	schützen er in
rechtlos	recht e los
grenzschützer	grenzschutz er
partnerschaftlich	partner schaft lich
heilkräftig	heilkraft ig
unhandlichkeit	un hand lich keit
wirtschaftsreferentin	wirtschaftsreferent in
heilsgeschichtlich	heilsgeschichte lich
schlitzohrig	schlitzohr ig
vorhanglos	vorhang los
nachfahrin	nachfahr in
polizeistaatlich	polizeistaat lich
florentinerin	florentine er in
fernschüler	fernschule er
klassenverräter	klassenverrat er
anschlußfähigkeit	anschlußfähig keit
sozialisierung	sozial isier ung
verräterin	verraten er in
fertigstellung	fertigstellen ung
fotojournalistin	fotojournalist in
rapsanbauer	rapsanbau er
visualisierung	visual isier ung
raketenbauer	raketenbau er
mongolin	mongole in
menschheitsgeschichtlich	menschheitsgeschichte lich
sprüchlein	spruch lein
nebenkläger	nebenklage er
aufseherin	aufsehen in
longin	longe in
entdeckung	entdecken ung
lautlich	lauten lich
transplantationsmediziner	transplantationsmedizin er
ausrutscher	aus rutsch er
parteikollegin	parteikollege in
mäßigkeit	mäßig keit
einzelvertraglich	einzelvertrag lich
fischerin	fischen er in
ausräumung	ausräumen ung
bereichsleiterin	bereichsleiter in
energieverbraucher	energieverbrauch er
bademeisterin	bademeister in
finalgegnerin	finalgegner in
pointenlos	pointe los
filmhochschüler	filmhochschule er
außenseiter	außenseite er
traditionslos	tradition los
fachbereichsleiterin	fachbereichsleiter in
haftungsrechtlich	haftungsrecht lich
dämpfig	dämpfen ig
liederlichkeit	liederlich keit
studentenpfarrerin	studentenpfarrer in
umsetzung	umsetzen ung
abfällig	abfällen ig
mitschuldig	mitschuld ig
überforderung	überfordern ung
einbringung	einbringen ung
falkenberger	falkenberg er
hammerwerfer	hammerwerfen er
übergesetzlich	über gesetz lich
aufwertung	aufwerten ung
vereinsgründerin	vereinsgründer in
taufpatin	taufpate in
bürgermeisterin	bürgermeister in
aufleger	auflegen er
wohnlichkeit	wohnen lich keit
sultanin	sultan in
hilfspolizistin	hilfspolizei ist in
kerner	kern er
großbürgerlich	großbürger lich
unterschlagung	unterschlagen ung
gemüseverkäuferin	gemüseverkauf er in
bratschistin	bratsche ist in
zurückziehung	zurückziehen ung
ausreißerin	ausreißen in
verhandlungsunfähigkeit	verhandlungsunfähig keit
jetziger	jetzig e n er
meter	mete er
zurichtung	zurichten ung
redakteurin	redakteur in
bauleiterin	bauleiter in
grabungsleiterin	grabungsleiter in
asiatin	asiate in
sicherheitslager	sicherheitslage er
ladeninhaberin	ladeninhaber in
besichtigung	besichtigen ung
heiligung	heiligen ung
finalsieger	finalsieg er
niederösterreicher	niederösterreich er
alphornbläser	alphornblasen er
täter	tat er
nervig	nerven ig
südtirolerin	südtirol er in
degenfechter	degenfechten er
meinungslos	meinen ung los
einfassung	einfassen ung
reiseunfähigkeit	reiseunfähig keit
bomber	bomben er
erbsenzähler	erbsenzählen er
bodenbesitzer	bodenbesitz er
berufsfähigkeit	berufsfähig keit
schaffner	schaffen er
verfassung	verfassen ung
entstellung	entstellen ung
weitsichtig	weitsicht ig
parlamentskollegin	parlamentskollege in
beschämung	beschämen ung
gewerberechtlich	gewerberecht lich
ausbaubar	ausbauen bar
hinterziehung	hinterziehen ung
zwischenrufer	zwischenrufen er
allmächtiger	allmacht ig e n er
ester	este er
jeromin	jerome in
stopfung	stopfen ung
veränderung	verändern ung
führerhäuschen	führerhaus chen
schlüsselchen	schlüssel chen
bundesministerin	bundesminister in
seelsorglich	seelsorge lich
islamwissenschaftlerin	islamwissenschaft ler in
laienspieler	laienspiel er
nachmittäglich	nachmittag lich
beitreibung	beitreiben ung
bundesverfassungsrichterin	bundesverfassungsrichter in
notdürftig	notdurft ig
kutschenfahrer	kutschenfahren er
testamentsvollstreckerin	testamentsvollstrecker in
großgrundbesitzer	großgrundbesitz er
widersacherin	widersacher in
ostschweizer	ostschweiz er
einforderung	einfordern ung
allgemeinmediziner	allgemeinmedizin er
freyberger	freyberg er
amtsnachfolger	amtsnachfolge er
rechenschaftspflichtig	rechenschaftspflicht ig
argentinierin	argentine ien er in
klimaschützer	klimaschutz er
eichung	eichen ung
rechtspolitikerin	rechtspolitik er in
schuldirektorin	schuldirektor in
folker	folke er
stadtstaatlich	stadtstaat lich
meineidig	meineid ig
zahnlos	zahn los
glashauser	glashaus er
strafverteidigerin	strafverteidiger in
gesetzmäßigkeit	gesetz mäßig keit
vieleckig	vieleck ig
rüsselsheimer	rüsselsheim er
unabwendbarkeit	un abwenden bar keit
auffrischung	auffrischen ung
gänger	gang er
schwarzenberger	schwarzenberg er
angriffsfähigkeit	angriffsfähig keit
kreuzigung	kreuz ig ung
traditionspfleger	traditionspflege er
nichtsnutzig	nichtsnutzen ig
wohnbar	wohnen bar
münchner	münchen er
ideologiekritiker	ideologiekritik er
richterlich	richten er lich
geltungssüchtig	geltungssucht ig
bundesrichterin	bundesrichter in
erneuerer	erneuern er
selbstbestimmung	selbstbestimmen ung
gastarbeiter	gastarbeit er
betäubung	betäuben ung
steuerbar	steuern bar
exotin	exot in
sambier	sambia er
eingemeindung	eingemeinden ung
schneidermeisterin	schneidermeister in
einsteigerin	einsteigen er in
bestückung	bestücken ung
honorierung	honorieren ung
musikwissenschaftlich	musikwissenschaft lich
paraphrasierung	paraphrase ier ung
charakterisierung	charakter isier ung
walzwerker	walzwerk er
tanzlehrerin	tanzlehrer in
libanesin	libanese in
kreuzer	kreuzen er
reagenzgläschen	reagenzglas chen
härtung	härten ung
betonhäuschen	betonhaus chen
unchristlich	un chr ist lich
koalitionspolitiker	koalitionspolitik er
leichtlebigkeit	leichtlebig keit
lebensschützer	lebensschutz er
leckermäulchen	leckermaul chen
patientenfürsprecherin	patientenfürsprecher in
finanzdezernentin	finanzdezernent in
mitbewerberin	mitbewerber in
bekleidung	be kleid ung
unbegreiflich	un begreifen lich
wiederbeschaffung	wiederbeschaffen ung
redlich	reden lich
krankschreibung	krankschreiben ung
täfelchen	tafel chen
überschreitbar	überschreiten bar
ehrenberger	ehrenberg er
absetzbar	absetzen bar
uneigennützig	un eigennutz ig
weiner	weinen er
protokollierung	protokoll ier ung
bandenchefin	bandenchef in
verhandlungspartnerin	verhandlungspartner in
widerrufbar	widerrufen bar
handballer	handballen er
hohepriesterlich	hohepriester lich
neuanfänger	neuanfangen er
überlieferung	überliefern ung
unerschöpflichkeit	unerschöpflich keit
spiegelung	spiegeln ung
rockmusiker	rockmusik er
arbeitsrichterin	arbeitsrichter in
bautzener	bautzen er
knetbar	kneten bar
wasserwirtschaftlich	wasserwirtschaft lich
erfindung	erfinden ung
verdränger	verdrängen er
zentralstaatlich	zentralstaat lich
unerläßlichkeit	unerläßlich keit
vegetationslos	vegetation los
prüfungspflichtig	prüfungspflicht ig
hintersteiner	hinterstein er
rehberger	rehberg er
anilin	anil in
schweigsamkeit	schweigen sam keit
lauschig	lauschen ig
anwendung	anwenden ung
verschreibungspflichtig	verschreibungspflicht ig
marionettenspieler	marionettenspiel er
wochenendbesucher	wochenendbesuch er
solarkocher	solarkochen er
verweiblichen	ver weib lich
zähflüssigkeit	zähflüssig keit
fährtensucher	fährtensuche er
bündnisgrüner	bündnisgrün e er
großformatig	großformat ig
minderwertigkeit	minderwert ig keit
verehelichen	ver ehe lich
schlagzeuger	schlagzeug er
verlierer	verlieren er
bühnentänzer	bühnentanz er
beischläferin	beischlaf er in
sonderschüler	sonderschule er
klinger	klingen e er
abdeckung	abdecken ung
ausbürgerung	ausbürgern ung
fürstenberger	fürstenberg er
kindermacher	kindermachen er
justizsprecherin	justizsprecher in
verschanzung	ver schanze ung
wassersparer	wassersparen er
würstchen	wurst chen
unionspolitikerin	unionspolitik er in
frauenrechtlerin	frauenrecht ler in
rasterung	rastern ung
seherin	sehen er in
weitung	weiten ung
bluessängerin	bluessänger in
handwerksmeisterin	handwerksmeister in
bauhandwerker	bauhandwerk er
osteuropäerin	osteuropäer in
wiedereingliederung	wiedereingliedern ung
vereinheitlichen	ver einheit lich
kielerin	kiel er in
entspannungspolitiker	entspannungspolitik er
gravierung	gravieren ung
verkehrsmediziner	verkehrsmedizin er
glücksspieler	glücksspiel er
unausführbar	un ausführen bar
gehirnlos	gehirn los
wertberichtigung	wertberichtigen ung
houstoner	houston er
sportfachlich	sportfach lich
brüderchen	bruder chen
unternehmenssprecherin	unternehmenssprecher in
freizeitlich	freizeit lich
mülltransporter	mülltransport er
akkordeonspielerin	akkordeonspiel er in
internistin	intern e ist in
beier	bea er
figurenspieler	figurenspiel er
marburger	marburg er
jugendsprecherin	jugendsprecher in
vorrichtung	vorrichten ung
neuwerker	neuwerk er
sambatänzerin	sambatänzer in
firmenaufkäufer	firmenaufkauf er
altenberger	altenberg er
abschlägig	abschlagen ig
beitragsrechtlich	beitragsrecht lich
länglich	lang lich
nachzahlung	nachzahlen ung
lichtdurchlässigkeit	lichtdurchlässig keit
defensivspieler	defensivspiel er
bundesstatistiker	bundesstatistik er
nichtkenner	nichtkennen er
luftfrachter	luftfracht er
ersetzbar	ersetzen bar
straßenverkehrsbehördlich	straßenverkehrsbehörde lich
tätlichkeit	tätlich keit
stellenbewerberin	stellenbewerber in
bitterlich	bitter lich
lauenburger	lauenburg er
nachzieher	nachziehen er
gewaltverbrecher	gewaltverbrechen er
plünderer	plündern er
betreuer	betreuen er
reparaturfreundlichkeit	reparaturfreundlich keit
ungiftig	un giften ig
rheintaler	rheintal er
veräußerlichen	ver äußern lich
diskussionspartnerin	diskussionspartner in
genferin	genf er in
fraktionschefin	fraktionschef in
energieplaner	energieplan er
kunstsammlerin	kunstsammler in
sonderung	sondern ung
bischöflich	bischof lich
adreßbüchlein	adreßbuch lein
kinogänger	kinogang er
glaslos	glas los
hamelner	hameln er
busfahrer	busfahren er
hilfsbedürftigkeit	hilfsbedürftig keit
türkenfeindlichkeit	türkenfeindlich keit
großzügigkeit	großzügig keit
vergeblichkeit	vergeben lich keit
aufblähung	aufblähen ung
tiergärtner	tiergarten er
löschung	löschen ung
athletin	athlet in
erhitzung	erhitzen ung
metallarbeiter	metallarbeit er
treulich	treu e lich
gesanglich	gesang lich
unterminierung	unterminieren ung
leinenlos	leinen los
nachnominierung	nachnominieren ung
mäntelchen	mantel chen
gabelung	gabeln ung
schafzüchter	schafzucht er
sozialexpertin	sozialexperte in
schraffierung	schraffieren ung
binder	binde er
sänger	sang er
augenfänger	augenfang er
rückkehrer	rückkehr er
wechselseitigkeit	wechselseitig keit
fünfeckig	fünfeck ig
pensionierung	pension ier ung
wanderfreudig	wanderfreude ig
geflügelzüchter	geflügelzucht er
waldspaziergänger	waldspaziergang er
fortschrittlich	fortschritt lich
bemühung	bemühen ung
nachwuchsmusikerin	nachwuchsmusiker in
friedensfähigkeit	friedensfähig keit
frühgeschichtlich	frühgeschichte lich
hofgärtner	hofgarten er
scheckig	schecke ig
anwärterin	anwärter in
kunstfertigkeit	kunstfertig keit
genesung	genesen ung
bittstellerin	bittsteller in
indonesierin	indonesien er in
hausväterlich	hausvater lich
seifig	seifen ig
praktiker	praktik er
korndörfer	korndorf er
unterhalter	unterhalten er
falschparker	falschparken er
antiquitätenhändlerin	antiquitätenhändler in
regelmäßigkeit	regelmäßig keit
aushebung	ausheben ung
hockeyspieler	hockeyspielen er
menschlichkeit	mensch lich keit
fotoredakteurin	fotoredakteur in
marktbesucher	marktbesuch er
marmeladenbrötchen	marmeladenbrot chen
komprimierung	komprimieren ung
maier	maia er
geher	gehen er
anmietung	anmieten ung
nachbarbauer	nachbarbau er
herausbildung	herausbilden ung
staffelläufer	staffellauf er
priesterin	priester in
heizbar	heizen bar
friesin	friese in
exzentrikerin	exzentrik er in
wüstenstürmer	wüstensturm er
kochbuchautorin	kochbuchautor in
schürfer	schürfen er
importeurin	importeur in
modelleisenbahner	modelleisenbahn er
kurzatmigkeit	kurzatmig keit
germain	germa in
rechtspolitiker	rechtspolitik er
forschung	forschen ung
eingängigkeit	eingängig keit
einquartierung	ein quartier ung
hessenmeisterin	hessenmeister in
estin	este in
vertilgung	vertilgen ung
oldenburger	oldenburg er
faschistin	faschist in
wurfgewaltig	wurfgewalt ig
kartenhäuschen	kartenhaus chen
musikliebhaberin	musikliebhaber in
schwerstpflegebedürftigkeit	schwerstpflegebedürftig keit
landestrainerin	landestrainer in
beleidigung	beleidigen ung
verehrung	verehren ung
durchsetzung	durchsetzen ung
borbecker	borbeck er
habgierig	habgier ig
streckung	strecken ung
hochspringer	hochspringen er
panikmacher	panikmache er
versiegelung	ver siegel ung
vermittelbar	vermitteln bar
packerin	packen er in
wattig	watte ig
unfallgegnerin	unfallgegner in
untragbarkeit	un tragbar keit
unsauberkeit	un sauber keit
zulässig	zulassen ig
kinogängerin	kinogang er in
negierung	negieren ung
schatzmeisterin	schatzmeister in
notfallpatientin	notfallpatient in
umweltschädlichkeit	umweltschädlich keit
kanalarbeiter	kanalarbeit er
militärtechniker	militärtechnik er
nachgiebigkeit	nachgiebig keit
koalitionspartnerin	koalitionspartner in
überholung	überholen ung
agrarwissenschaftlich	agrarwissenschaft lich
wechsler	wechseln er
kunstjournalistin	kunstjournalist in
saftig	saft ig
befürworter	befürworten er
marketingleiterin	marketingleiter in
steuerungsfähigkeit	steuerungsfähig keit
staatsrechtlich	staatsrecht lich
kitzler	kitzeln er
kutscher	kutsche er
verschönerung	ver schön ung
umwertung	um wert ung
wohnungswirtschaftlich	wohnungswirtschaft lich
ermunterung	er muntere ung
bürgerrechtlerin	bürgerrecht ler in
trinker	trinken er
fingerfertigkeit	fingerfertig keit
entthronung	entthronen ung
vollbesetzung	vollbesetzen ung
fälschlich	falsch lich
auffüllung	auffüllen ung
mannschaftlich	mannschaft lich
goldschmiedemeisterin	goldschmiedemeister in
einkerbung	einkerben ung
wahrhaftig	wahrhafte ig
hafenstädtchen	hafenstadt chen
sterilisierung	steril e isier ung
transfusionsmediziner	transfusionsmedizin er
puffer	puff er
kunstfeindlichkeit	kunstfeindlich keit
elternlos	eltern los
sprachwissenschaftlerin	sprachwissenschaft ler in
jüngerin	jüngere in
höherwertigkeit	höherwertig keit
konfessionsloser	konfessionslose n er
staffelung	staffeln ung
reihung	reihen ung
novellierung	novelle ier ung
betriebswirtschaftlich	betriebswirt schaft lich
rentierzüchter	rentierzucht er
viertausender	viertausend er
dramatikerin	dramatik er in
frauenfreundlich	frauenfreund lich
grausamkeit	grauen sam keit
filialleiterin	filialleiter in
abedin	abed in
streitbar	streiten bar
wälzer	wälzen er
natürlichkeit	natürlich keit
teilprivatisierung	teilprivatisieren ung
auslöser	auslösen er
gesamtsiegerin	gesamtsieg er in
verantwortlichkeit	verantworten lich keit
landschaftsschützer	landschaftsschutz er
gastgeberin	gastgeber in
rostig	rost ig
berufsstarter	berufsstart er
zivilistin	zivil ist in
hausverwalterin	hausverwalter in
albstädter	albstadt er
schimmelig	schimmel ig
weiterzahlung	weiterzahlen ung
handwerker	handwerk er
volksschauspielerin	volksschauspiel er in
gesundheitsverträglichkeit	gesundheitsverträglich keit
zeremonienmeisterin	zeremonienmeister in
antichristlich	antichrist lich
gesprächsfähigkeit	gesprächsfähig keit
belichtung	be licht ung
bruchsaler	bruchsal er
heizungsbauer	heizungsbau er
schuhputzer	schuhputz er
völkerrechtlich	völkerrecht lich
gesamtgesellschaftlich	gesamtgesellschaft lich
chefdesignerin	chefdesigner in
isenburger	isenburg er
wohnungsinhaberin	wohnungsinhaber in
fusionierung	fusion ier ung
ackerbaulich	ackerbau lich
rathauspolitiker	rathauspolitik er
beiziehung	beiziehen ung
rainer	rain er
geschwisterlich	geschwister lich
ingenieurswissenschaftlich	ingenieurswissenschaft lich
unschätzbar	un schätzen bar
stillstellung	stillstellen ung
ingolstädterin	ingolstadt er in
ravensburgerin	ravensburg er in
knebelung	knebeln ung
dosierung	dose ier ung
blumenverkäufer	blumenverkauf er
denkmalspfleger	denkmalspflege er
kappung	kappen ung
brieflich	brief lich
verkühlung	ver kühl e ung
benutzung	benutzen ung
zusammenballung	zusammenballen ung
luftigkeit	luftig keit
überbelichtung	überbelichten ung
papierhütchen	papierhut chen
klotzig	klotzen ig
sprintweltmeisterin	sprintweltmeister in
heilslehrer	heilslehre er
gesundheitsgefährlich	gesundheitsgefahr lich
bettchen	bett chen
philosophieprofessorin	philosophieprofessor in
rahmig	rahm ig
ungebräuchlich	un gebrauch lich
buckelig	buckel ig
überholbar	überholen bar
militärpolitiker	militärpolitik er
oberschlesierin	oberschlesien er in
regisseurin	regisseur in
jungseniorin	jungsenior in
kunstgeschichtlich	kunstgeschichte lich
überbuchung	über buche ung
sternsinger	sternsingen er
geiseltaler	geiseltal er
nachwuchsspielerin	nachwuchsspieler in
industriedesigner	industriedesign er
nachvollziehbarkeit	nachvollziehen bar keit
vergeblich	vergeben lich
zugrundelegung	zugrundelegen ung
losung	losen ung
schulschwänzer	schulschwänzen er
deggendorfer	deggendorf er
villinger	villingen er
koalitionsfähigkeit	koalitionsfähig keit
reuig	reue ig
modernisierungswillig	modernisierungswille ig
landshuterin	landshut er in
erzeugerin	erzeugen er in
ausschließlich	aus schließen e lich
literaturwissenschaftlerin	literaturwissenschaft ler in
währung	währen ung
nutzbar	nutzen bar
erwerbslos	erwerb los
kreisspieler	kreisspiel er
tannenbäumchen	tannenbaum chen
aufsetzer	aufsetzen er
verfassungsgerichtlich	verfassungsgericht lich
innenministerin	innenminister in
schwänzchen	schwanz chen
zeugung	zeugen ung
getränkeverkäufer	getränkeverkauf er
diplomingenieurin	diplomingenieur in
ostfriesin	ostfriese in
sozialökonomin	sozialökonom in
spötter	spotten er
schwätzer	schwätzen er
matin	mate in
köcher	kochen er
duisburger	duisburg er
unterrichtsministerin	unterrichtsminister in
stimmchen	stimme chen
bundesvorstandssprecherin	bundesvorstandssprecher in
konfliktträchtigkeit	konfliktträchtig keit
helsinkier	helsinki er
lebensspenderin	lebensspender in
korruptionsanfälligkeit	korruptionsanfällig keit
verleumder	verleumden er
unterforderung	unterfordern ung
zünftig	zunft ig
präsidentschaftskandidatin	präsidentschaftskandidat in
gardinenlos	gardine los
internationalisierung	internationale isier ung
nichtwählerin	nichtwählen er in
hauptlehrer	hauptlehre er
neidlos	neiden los
durchführung	durchführen ung
pflichtwidrigkeit	pflichtwidrig keit
kurfürstin	kurfürst in
gesundheitsstaatssekretärin	gesundheitsstaatssekretär in
untergewichtig	untergewicht ig
reichhaltigkeit	reichhaltig keit
austauschschülerin	austauschschüler in
benachrichtigung	benachrichtigen ung
überdosierung	überdosieren ung
chefdramaturgin	chefdramaturg in
unerträglich	un ertrag lich
schmugglerin	schmuggeln er in
gewährung	gewähren ung
heidelberger	heidelberg er
symptomlos	symptom los
beinhaltung	beinhalten ung
schulärztlich	schularzt lich
vollsortimenter	vollsortiment er
satanspriesterin	satanspriester in
wörtlich	wort lich
erhebung	erheben ung
sportlichkeit	sport lich keit
entscheidungsfähigkeit	entscheidungsfähig keit
niederwerfung	niederwerfen ung
feuerschlucker	feuerschlucken er
sanierungspflichtig	sanierungspflicht ig
wildgruber	wildgrube er
unzulänglichkeit	unzulänglich keit
schornsteinfegerin	schornsteinfegen er in
danzigerin	danzig er in
konservatorin	konservator in
mehrheitlich	mehrheit lich
straffähigkeit	straffähig keit
wahlsieger	wahlsieg er
mondlos	mond los
strebsamkeit	streben sam keit
grundstücksverkäufer	grundstücksverkauf er
artikelschreiber	artikelschreiben er
arglos	arg los
bedachtsamkeit	bedacht sam keit
turner	turnen er
begutachtung	begutachten ung
fettig	fetten ig
wiederaufstellung	wiederaufstellen ung
serienheldin	serienheld in
häufung	häufen ung
maiskörner	maiskorn er
kauflustig	kauflust ig
übervorteilung	übervorteilen ung
unzerbrechlich	un zer brechen lich
buchhändlerin	buchhändler in
asylrechtlich	asylrecht lich
vorwärtsbewegung	vorwärtsbewegen ung
jugendpolitikerin	jugendpolitik er in
verheerung	ver heer ung
offenlegung	offenlegen ung
abordnung	abordnen ung
umkehrung	umkehren ung
überdeutlichkeit	über deutlich keit
vorstandskollegin	vorstandskollege in
seehauser	seehausen er
demonstrantin	demonstrant in
vertraulich	vertrauen lich
oppositionslos	opposition los
gegenwärtigkeit	gegenwart ig keit
eisenhüttenstädter	eisenhüttenstadt er
frauenfeindlich	frauenfeind lich
stöckchen	stock chen
empfehlung	empfehlen ung
kanufahrer	kanufahren er
ehrwürdig	ehrwürde ig
gesangslehrerin	gesangslehrer in
jugendhilfeplaner	jugendhilfeplan er
wochengewinner	wochengewinn er
südtiroler	südtirol er
aktivurlauber	aktivurlaub er
perleberger	perleberg er
verdunkelung	ver dunkel ung
obstverkäufer	obstverkauf er
langstreckenläufer	langstreckenlauf er
entkräftung	entkräften ung
mitleidslos	mitleid los
reiseveranstalterin	reiseveranstalter in
friedenswillig	friedenswille ig
raffgierig	raffgier ig
nachzüchtung	nachzüchten ung
gerüstbauer	gerüstbau er
wohnungslos	wohnen ung los
atomexpertin	atomexperte in
aufklärung	aufklären ung
hochberger	hochberg er
halterin	halten er in
gesprächig	gespräch ig
rachsüchtig	rachsucht ig
ausdrucksfähigkeit	ausdrucksfähig keit
violinspieler	violinspiel er
afrikanerin	afrika aner in
verwitterung	verwittern ung
grafenberger	grafenberg er
herrlich	herr lich
kunstradfahrerin	kunstradfahren er in
sinnenfreudig	sinnenfreude ig
bildungspolitikerin	bildungspolitik er in
frostig	frost ig
unendlichkeit	un ende lich keit
wollig	wolle ig
anbeter	anbeten er
langenerin	lange n er in
straffälligkeit	straffall ig keit
quintin	quinte in
lehrstuhlinhaberin	lehrstuhlinhaber in
geschirrspüler	geschirrspülen er
veräußerung	veräußern ung
bienenfleißig	bienenfleiß ig
altenseelsorger	altenseelsorge er
alleinerbin	alleinerbe in
trickbetrüger	trickbetrug er
biomechaniker	biomechanik er
mittelalterlich	mittelalter lich
überrumpelung	über rumpel ung
resozialisierung	resozialisieren ung
giftmörder	giftmord er
marienbader	marienbad er
züchterin	züchten er in
ricker	ricke er
obrigkeitlich	obrigkeit lich
mentorin	mentor in
überzeugungskräftig	überzeugungskraft ig
beteiligung	beteiligen ung
versteuerung	versteuern ung
nachprüfung	nachprüfen ung
folterung	foltern ung
wehleidigkeit	wehleid ig keit
elektromaschinenbauer	elektromaschinenbau er
rückversicherer	rückversichern er
heuchler	heucheln er
anstrengung	an streng e ung
stapelbar	stapeln bar
erforschung	er forsch ung
umweltplaner	umweltplan er
verklebung	ver klebe ung
vertragsbrüchig	vertragsbruch ig
generalisierung	generalisieren ung
voraussetzungslos	voraussetzen ung los
abschottung	abschotten ung
unterteilung	unterteilen ung
magnetisierung	magnet isch isier ung
anzeigenblättchen	anzeigenblatt chen
schinkenbrötchen	schinkenbrot chen
infantin	infant in
auftragsmörder	auftragsmord er
einsatzplaner	einsatzplan er
reichsstädter	reichsstadt er
weiterverfolgung	weiterverfolgen ung
wiesbadener	wiesbaden er
unrichtigkeit	un richten ig keit
konzertpianistin	konzertpianist in
langzeitig	langzeit ig
würzburger	würzburg er
verfeinerung	ver fein ung
arretierung	arretieren ung
umbildung	umbilden ung
abrundung	abrunden ung
bahntechniker	bahntechnik er
fehlerlos	fehlen er los
mühlberger	mühlberg er
fragerin	fragen er in
firmenkäufer	firmenkauf er
bebilderung	bebildern ung
erkrankung	erkranken ung
frevlerin	freveln er in
glasgower	glasgow er
leibfeindlichkeit	leibfeindlich keit
kleidung	kleiden ung
aufspaltung	auf spalt ung
lebensabschnittsgefährtin	lebensabschnittsgefährte in
befremdung	befremden ung
museumsdirektorin	museumsdirektor in
kleeberger	kleeberg er
stadtmeisterin	stadtmeister in
dunstig	dunst ig
gesetzgeberin	gesetzgeber in
ungünstig	ungunst ig
apothekenpflichtig	apothekenpflicht ig
saxophonspieler	saxophonspiel er
eler	elen er
regensburger	regensburg er
starkenburger	starkenburg er
bewohnbar	bewohnen bar
abbaubar	abbauen bar
waldarbeiter	waldarbeit er
reeder	reede er
wörtchen	wort chen
lebensretterin	lebensretter in
toursieger	toursieg er
istanbuler	istanbul er
belegbar	belegen bar
rechtsinhaberin	rechtsinhaber in
fahrerin	fahren er in
modellbauer	modellbau er
befahrbar	befahren bar
kampagnenfähigkeit	kampagnenfähig keit
häufigkeit	häufen ig keit
hanger	hang er
wettkämpferin	wettkämpfen in
lederarbeiter	lederarbeit er
sandkörner	sandkorn er
konstatierung	konstatieren ung
waldhauser	waldhausen er
liebesfähigkeit	liebesfähig keit
salonlöwin	salonlöwe in
einstimmig	einstimmen ig
umweltschützerin	umweltschutz er in
kulturministerin	kulturminister in
zukunftsfähigkeit	zukunftsfähig keit
locker	locke er
dämpfer	dämpfen er
vorgeschichtlich	vorgeschichte lich
europarechtlich	europarecht lich
vorstandsvorsitzer	vorstandsvorsitz er
fortbewegung	fortbewegen ung
ebenmäßigkeit	ebenmaß ig keit
gehilfin	gehilfe in
unverdaulichkeit	unverdaulich keit
gesichtslos	gesicht los
verletzbar	verletzen bar
häufig	häufen ig
urchristlich	urchrist lich
austreibung	austreiben ung
landkäufer	landkauf er
durchtrennung	durchtrennen ung
sendlinger	sendling er
erzeuger	erzeugen er
beachtlich	be acht lich
weinsberger	weinsberg er
sticker	sticken er
ausgliederung	ausgliedern ung
erweiterung	erweitern ung
festbesucherin	festbesucher in
lockerung	lockern ung
überschaubar	überschauen bar
bewacher	bewachen er
musikredakteurin	musikredakteur in
annehmbar	annehmen bar
festrednerin	festredner in
bahnengolfer	bahnengolf er
theaterschriftstellerin	theaterschriftsteller in
bauamtsleiterin	bauamtsleiter in
werbeleiterin	werbeleiter in
serienmörder	serienmord er
fleckenlos	fleck los
nutzfahrzeugbauer	nutzfahrzeugbau er
streikbrecherin	streikbrecher in
anhängerin	anhängen er in
moderatorin	moderator in
klassifizierung	klassifizieren ung
nordkoreanerin	nordkorea aner in
arier	ari er
sponsorin	sponsor in
schiller	schill er
umweltverträglichkeit	umweltverträglich keit
kemptener	kempten er
landesmeisterin	landesmeister in
unvorsichtig	un vorsicht ig
puppenspielerin	puppenspielen er in
elsässerin	elsässer in
gebrauchsgrafiker	gebrauchsgrafik er
untermieter	untermiete er
ladenbesitzerin	ladenbesitzer in
lehramtsanwärterin	lehramtsanwärter in
notizbüchlein	notizbuch lein
freischaltung	freischalten ung
ausspielung	ausspielen ung
mehrheitseignerin	mehrheitseigner in
überbietung	überbieten ung
pensionärin	pension är in
räuchermännchen	räuchermann chen
südwestlich	südwest lich
gemüsehändlerin	gemüsehändler in
telefonseelsorgerin	telefonseelsorge er in
knechtung	knechten ung
zagreber	zagreb er
friedensvertraglich	friedensvertrag lich
klein	klee in
umweltdezernentin	umweltdezernent in
aufgliederung	aufgliedern ung
nachinszenierung	nachinszenieren ung
birkenwäldchen	birkenwald chen
godesberger	godesberg er
großartigkeit	großartig keit
tatsächlichkeit	tatsächlich keit
altenpflegehelferin	altenpflegehelfer in
einbildung	ein bild ung
befragung	befragen ung
wasserlos	wasser los
anfechtung	anfechten ung
hauptverdächtig	hauptverdacht ig
hochherzigkeit	hochherzig keit
sortierbar	sortieren bar
dorfbewohnerin	dorfbewohner in
schlafwandlerin	schlafwandler in
sträußchen	strauß chen
landshuter	landshut er
freistellung	freistellen ung
berufung	berufen ung
zinslos	zins los
überschätzung	überschätzen ung
einschüchterung	einschüchtern ung
ministerkollegin	ministerkollege in
stiefväterlich	stiefvater lich
springreiterin	springreiten er in
unergründlichkeit	unergründlich keit
entzündung	entzünden ung
dickfelligkeit	dickfellig keit
haider	haid er
mühlenberger	mühlenberg er
straßenbauarbeiter	straßenbauarbeit er
testkäufer	testkauf er
roßtaler	roßtal er
rechtzeitigkeit	rechtzeitig keit
klangmagier	klangmagie er
marsberger	marsberg er
berufslos	beruf los
kinokritiker	kinokritik er
lohnabhängigkeit	lohnabhängig keit
standardmäßig	standardmaßen ig
tierpfleger	tierpflege er
beschaulich	beschauen lich
theatertechniker	theatertechnik er
zwischengesellschaftlich	zwischengesellschaft lich
schwarzarbeiterin	schwarzarbeiten in
amerikanistin	amerika anisch ist in
überheblich	überheben lich
durchsichtigkeit	durchsicht ig keit
göttlichkeit	gott lich keit
überwinterung	über winter ung
solotrompeter	solotrompete er
unfallträchtigkeit	unfallträchtig keit
verwertung	verwerten ung
schiffbar	schiffen bar
abiturientin	abiturient in
schicklich	schick e lich
haushaltswirtschaftlich	haushaltswirtschaft lich
metrofahrer	metrofahren er
ressortchefin	ressortchef in
bundesgeschäftsführerin	bundesgeschäftsführer in
nacktbader	nacktbaden er
deutschstämmigkeit	deutschstämmig keit
steckbar	stecken bar
bärbeißigkeit	bärbeißig keit
vernunftlos	vernunft los
schneeberger	schneeberg er
oberflächlich	oberfläche lich
blutung	bluten ung
ausfällig	ausfallen ig
kammermusiker	kammermusik er
ohnmächtig	ohnmacht ig
erntearbeiter	erntearbeit er
empfindung	empfinden ung
beschäftigungswirksamkeit	beschäftigungswirksam keit
dehnung	dehnen ung
kölnerin	köln er in
praktikerin	praktik er in
wuchtigkeit	wuchten ig keit
schnüfflerin	schnüffeln er in
rückstandslos	rückstand los
zeichnerin	zeichnen er in
tannenberger	tannenberg er
gebrauchtwagenkäufer	gebrauchtwagenkauf er
führerscheinlos	führerschein los
nachkolorierung	nachkolorieren ung
spätstarter	spätstart er
raubdrucker	raubdruck er
tierschützer	tierschutz er
sitznachbarin	sitznachbar in
ausklammerung	ausklammern ung
erfahrung	erfahren ung
romanautorin	romanautor in
soziologieprofessorin	soziologieprofessor in
versicherungsagentin	versicherungsagent in
schwammigkeit	schwamm ig keit
orientierungsläufer	orientierungslauf er
biberacher	biberach er
harzig	harzen ig
personalleiterin	personalleiter in
schaller	schallen er
voreiligkeit	vor eilen ig keit
strahlenschützer	strahlenschutz er
parteikritiker	parteikritik er
rückständig	rückstand ig
gewerkschafterin	gewerkschaft er in
angriffsunfähigkeit	angriffsunfähig keit
gesundheitssenatorin	gesundheitssenator in
haftung	haften ung
gottsucher	gottsuche er
ungleichmäßigkeit	un gleichmaß ig keit
lebensreformer	lebensreform er
verhätschelung	verhätscheln ung
josephin	joseph in
weltmusiker	weltmusik er
augenzeugin	augenzeuge in
emigrantin	emigrant in
dieter	dieten er
unterfinanzierung	unter finanz ier ung
heusenstammer	heusenstamm er
überstürzung	überstürzen ung
erlin	erle in
ermahnung	ermahnen ung
diplomökonomin	diplomökonom in
denkmalpfleger	denkmalpflege er
identifizierung	identifizieren ung
kostengünstiger	kostengünstige er
kronberger	kronberg er
dresdener	dresden er
absteiger	absteigen er
holländerin	holland er in
umsichtig	umsicht ig
verknappung	ver knapp ung
besuchbar	besuchen bar
grasig	grasen ig
sonderschulpädagogin	sonderschulpädagoge in
zementierung	zement ier ung
stadtpräsidentin	stadtpräsident in
tagträumer	tagtraum er
junggesellin	junggeselle in
ortsansässigkeit	ortsansässig keit
freiheitlich	frei heit lich
verselbständigung	ver selbständig ung
ohrenschützer	ohrenschutz er
einigungsfähigkeit	einigungsfähig keit
einmischung	einmischen ung
benützer	benutzen er
verbildung	ver bild ung
industrialisierung	industrialisieren ung
instrumentenbauer	instrumentenbau er
muttersöhnchen	muttersohn chen
rinderzüchter	rinderzucht er
kesselstädter	kesselstadt er
stelleninhaberin	stelleninhaber in
raumplanerin	raumplan er in
karrieresüchtig	karrieresucht ig
befürchtung	befürchten ung
fluchthelferin	fluchthelfer in
atomphysikerin	atomphysik er in
kampflustig	kampflust ig
belegung	belegen ung
eigenstaatlichkeit	eigenstaatlich keit
schriftsteller	schriftstelle er
außenministerin	außenminister in
kaderleiterin	kaderleiter in
ingrimmig	ingrimm ig
landwirtschaftsministerin	landwirtschaftsminister in
eßsüchtig	eßsucht ig
vergnüglich	vergnügen lich
vertreibung	vertreiben ung
warzig	warze ig
denkmöglichkeit	denkmöglich keit
fackelläufer	fackellauf er
lockig	locken ig
baumgärtner	baumgarten er
töpfchen	topf chen
vereinssprecherin	vereinssprecher in
gemüseanbauer	gemüseanbau er
fettleibigkeit	fettleibig keit
töpfer	topf er
internierung	intern e ier ung
kerntechniker	kerntechnik er
einrechnung	einrechnen ung
kleinkindlich	kleinkind lich
kartenverkäufer	kartenverkauf er
deponierung	deponie ier ung
ringer	ringen er
entleerung	ent leer e ung
ausmerzung	ausmerzen ung
väterlichkeit	vater lich keit
kurzwellig	kurzwelle ig
krämer	kramen er
schwämmchen	schwamm chen
wimbledonsieger	wimbledonsieg er
fallensteller	fallenstelle er
klavierschüler	klavierschule er
unredlich	un reden lich
verweltlichen	ver welt lich
rezeptionsgeschichtlich	rezeptionsgeschichte lich
heizer	heizen er
gestaltbar	gestalten bar
iraker	irak er
genfer	genf er
vergolder	ver gold er
wankelmütig	wankelmut ig
vermeidbar	vermeiden bar
chemnitzerin	chemnitz er in
verfahrenstechniker	verfahrenstechnik er
baumüller	baumüll er
verbildlichung	ver bild lich ung
disziplinarrechtlich	disziplinarrecht lich
schweizer	schweiz er
fremdartigkeit	fremdartig keit
rechtswissenschaftlich	rechtswissenschaft lich
naturforscherin	naturforscher in
friedensbotschafter	friedensbote schaft er
klarstellung	klarstellen ung
ebenmäßig	ebenmaß ig
kunstsinnigkeit	kunstsinn ig keit
auswahlspielerin	auswahlspiel er in
emmendinger	emmendingen er
peinlichkeit	peinlich keit
nasenbohrer	nasenbohren er
sechseckig	sechseck ig
herrschaftslos	herrschaft los
rohstofflich	rohstoff lich
herrenberger	herrenberg er
gesamtheitlich	gesamt heit lich
zweitausender	zweitausend er
dividendenfähigkeit	dividendenfähig keit
verzichtbar	verzichten bar
medaillenlos	medaille los
tagelöhner	tagelohn er
religionslehrer	religionslehre er
bereinigung	bereinigen ung
drehbuchschreiber	drehbuchschreiben er
befürworterin	befürworten er in
hüllenlos	hüllen los
bauwagenbewohnerin	bauwagenbewohner in
gesundheitsdezernentin	gesundheitsdezernent in
peinigen	pein ig
bedienerin	bedienen er in
förderung	fördern ung
lehrgangsleiterin	lehrgangsleiter in
nehmer	nehmen er
wahlkämpferin	wahlkampf er in
baupolizeilich	baupolizei lich
zahntechnikerin	zahntechnik er in
meuchler	meucheln er
buchautorin	buchautor in
vervollkommnung	vervollkommnen ung
vormundschaftsgerichtlich	vormundschaftsgericht lich
ratgeberin	ratgeber in
kirchentagspräsidentin	kirchentagspräsident in
idealisierung	ideale isier ung
simin	sime in
feierlich	feier lich
verherrlichung	ver herr lich ung
textlos	text los
schädigung	schädigen ung
düsterkeit	düster keit
kurseelsorger	kurseelsorge er
überarbeitung	überarbeiten ung
bamberger	bamberg er
kühltransporter	kühltransport er
beheizung	beheizen ung
kiewer	kiew er
unwohnlich	un wohnen lich
kippenberger	kippenberg er
sinnbildlich	sinnbild lich
übersehbar	übersehen bar
pragmatikerin	pragmatik er in
aufhebung	aufheben ung
minderjährigkeit	minderjährig keit
tartarin	tartare in
bernerin	bern er in
plazierung	plazieren ung
fürstlich	fürst lich
städtepartnerschaftlich	städtepartner schaft lich
nukleartechniker	nukleartechnik er
kokainabhängigkeit	kokainabhängig keit
fünfmalig	fünfmal ig
schrubber	schrubben er
fürstlichkeit	fürst lich keit
einkaufskörbchen	einkaufskorb chen
einsteller	einstellen er
strohhütchen	strohhut chen
unterhaltspflichtig	unterhaltspflicht ig
astin	ast in
starringer	starring er
gastspielerin	gastspiel er in
milchig	milch ig
scheckbetrüger	scheckbetrug er
zweitakter	zweitakt er
säuberung	säubern ung
vieldeutigkeit	vieldeutig keit
belehrbar	belehren bar
stimmig	stimmen ig
wasserträgerin	wassertragen er in
armin	arm e in
tessiner	tessin er
warmherzigkeit	warmherzig keit
schwermütig	schwermut ig
musterkläger	musterklage er
schiffbauer	schiffbau er
ungebärdigkeit	ungebärdig keit
iraner	iran er
neutralisierung	neutrale isier ung
modeschöpferin	modeschöpfer in
staatlich	staat lich
wassersucher	wassersuche er
kulturpolitikerin	kulturpolitik er in
türchen	tür chen
einwilligung	einwilligen ung
vaterlandsverräter	vaterlandsverrat er
autolos	auto los
einsamkeit	einsam keit
studienkollegin	studienkollege in
spaltung	spalten ung
vermittlerin	vermitteln er in
leistungsträgerin	leistungsträger in
sommerlich	sommer lich
bootsbauer	bootsbau er
unscheinbarkeit	un scheinen bar keit
führungstreffer	führungstreffen er
spezialgesetzlich	spezialgesetz lich
obrigkeitshörigkeit	obrigkeitshörig keit
schlesierin	schlesien er in
augustin	auguste in
vordringlichkeit	vordringen lich keit
musikhörer	musikhören er
abenteurerin	abenteuer er in
unbarmherzigkeit	un barmherzig keit
polizistenmörder	polizistenmord er
kunstvermittlerin	kunstvermittler in
lehrgangsteilnehmerin	lehrgangsteilnehmer in
verdrängung	verdrängen ung
streitlustig	streitlust ig
einhaltung	einhalten ung
allgäuerin	allgäu er in
zentrierung	zentrieren ung
übersetzerin	übersetzen er in
insiderin	insider in
kreismeisterin	kreismeister in
offenbarung	offenbaren ung
salamibrötchen	salamibrot chen
bekundung	bekunden ung
bundessiegerin	bundessieg er in
übergangslos	übergang los
ruhelos	ruhe los
bilanzierung	bilanz ier ung
weltpolizeilich	weltpolizei lich
lückenlos	lücke los
seeburger	seeburg er
kriegstreiberin	kriegstreiben er in
verinnerlichung	ver inner e lich ung
dolmetscher	dolmetschen er
rundfunkrechtlich	rundfunkrecht lich
schwerverbrecher	schwerverbrechen er
vereinheitlichung	ver einheit lich ung
physikstudentin	physikstudent in
architektin	architekt in
gesinnungsethiker	gesinnungsethik er
regenlos	regen los
konzeptionslos	konzeption los
sandkühler	sandkühle er
strebung	streben ung
eifelstädtchen	eifelstadt chen
lebensmittelverkäuferin	lebensmittelverkäufer in
bestechlichkeit	bestechen lich keit
überbesetzung	überbesetzen ung
vorbereitung	vorbereiten ung
neubrandenburger	neubrandenburg er
zentralbanker	zentralbank er
verfassungsrechtlichkeit	verfassungsrecht lich keit
kaltstellung	kaltstellen ung
blockflötistin	blockflöte ist in
betrachter	betrachten er
lebensmittelrechtlich	lebensmittelrecht lich
grundeigentümer	grundeigentum er
verlockung	verlocken ung
landgänger	landgang er
denkmalschutzrechtlich	denkmalschutzrecht lich
bevollmächtigung	bevollmächtigen ung
rokokoschlößchen	rokokoschloß chen
friedrichshagener	friedrichshagen er
industriemechanikerin	industriemechaniker in
keglerin	kegler in
rasenmäher	rasenmähen er
eigensinnig	eigensinn ig
stabilisierung	stabile isier ung
militärmediziner	militärmedizin er
schminkköfferchen	schminkkoffer chen
golfplatzbauer	golfplatzbau er
antiheldin	antiheld in
sorglos	sorge los
plattenverkäufer	plattenverkauf er
sozialwissenschaftlich	sozialwissenschaft lich
verführung	verführen ung
nachempfindbar	nachempfinden bar
klangprächtig	klangpracht ig
verteidigungspolitiker	verteidigungspolitik er
domstädter	domstadt er
strafrechtlerin	strafrecht ler in
streberin	streben er in
kleber	kleben er
prüferin	prüfen er in
joggerin	joggen er in
übernatürlich	übernatur lich
betriebsamkeit	betriebsam keit
kleidchen	kleid chen
frauenärztlich	frauenarzt lich
holzschläger	holzschlag er
handgreiflichkeit	handgreiflich keit
anführerin	anführen er in
lächerlichkeit	lächerlich keit
verschickung	ver schick ung
sprudler	sprudeln er
formalin	formale in
überleiter	überleiten er
schmächtig	schmachten ig
mitfahrerin	mitfahren er in
holmer	holm er
lausig	lausen ig
botschafter	botschaft er
industriearbeiterin	industriearbeit er in
kassenführerin	kassenführer in
ausquartierung	ausquartieren ung
schätzung	schätzen ung
österreicherin	österreich er in
berberin	berber in
behebung	beheben ung
mitteilung	mitteilen ung
wahrnehmbar	wahrnehmen bar
faltenröckchen	faltenrock chen
biotechniker	biotechnik er
verweiblichen	ver weib lich
einreibung	ein reibe ung
ungemütlich	un gemüt lich
hektiker	hektik er
wirtschaftsmächtig	wirtschaftsmacht ig
flaumig	flaum ig
südoldenburger	südoldenburg er
leidensgefährtin	leidensgefährte in
schöffin	schöffe in
gewöhnung	gewöhnen ung
verkehrsunternehmer	verkehrsunternehmen er
abtreibungsgegnerin	abtreibungsgegner in
gesellig	gesellen ig
tanzer	tanz er
kammerschauspielerin	kammerschauspieler in
schnapsbrenner	schnapsbrennen er
uter	ute er
liebhaberin	liebhaben in
offenkundigkeit	offenkundig keit
sportwissenschaftlerin	sportwissenschaft ler in
überläuferin	überlaufen er in
höchstrichterlich	höchstrichter lich
weitergeltung	weitergelten ung
lästerlich	laster lich
aushöhlung	aushöhlen ung
ausstellungsmacher	ausstellungsmachen er
rennfahrerin	rennfahrer in
hauptspieler	hauptspiel er
blaustichig	blaustich ig
häutung	häuten ung
kampfeslustig	kampfeslust ig
sinnesfreudig	sinnesfreude ig
brudermörder	brudermord er
psychologieprofessorin	psychologieprofessor in
transportunfähigkeit	transportunfähig keit
prestigesüchtig	prestigesucht ig
verschwendung	ver schwende ung
verkehrsteilnehmerin	verkehrsteilnehmer in
hauptabteilungsleiterin	hauptabteilungsleiter in
hauswirtschafter	hauswirt schaft er
hauptamtlich	hauptamt lich
vergeudung	vergeuden ung
protestlerin	protest ler in
illuminierung	illuminieren ung
privatbesitzer	privatbesitz er
oehler	oehl er
bauplaner	bauplan er
börsenmaklerin	börsenmakler in
mehrheitsbesitzer	mehrheitsbesitz er
unfreundlichkeit	un freund lich keit
kanadierin	kanada er in
stadtführerin	stadtführer in
autofahrerin	autofahren er in
ursprünglich	ursprung lich
sportdezernentin	sportdezernent in
verhandlungswillig	verhandlungswille ig
internatsschüler	internatsschule er
umrahmung	um rahm ung
ausreisewilliger	ausreisewillige n er
hilfeempfängerin	hilfeempfänger in
gebrauchsgraphiker	gebrauchsgraphik er
freundin	freund in
formatierung	format ier ung
beitragspflichtig	beitragspflicht ig
wettenberger	wettenberg er
mehrkämpferin	mehrkampf er in
stadtverordnetenvorsteherin	stadtverordnetenvorsteher in
beherzigung	beherzigen ung
saarbrücker	saarbrücken er
informationsministerin	informationsminister in
auswanderung	auswandern ung
jamaikanerin	jamaika aner in
hausbesitzer	hausbesitz er
cottbuser	cottbus er
emsländer	emsland er
widerstandslos	widerstand los
lageristin	lager ist in
umweltberaterin	umweltberater in
staatsfeindlich	staatsfeind lich
langbärtig	langbart ig
freudigkeit	freude ig keit
räumlich	räumen lich
hetzer	hetze er
anzahlung	anzahlen ung
kranzberger	kranzberg er
märchenerzähler	märchenerzählen er
wiederherstellbar	wiederherstellen bar
algerierin	algerien er in
widrigkeit	widrig keit
schleicher	schleichen e er
unkündbarkeit	un kündbar keit
billigung	billigen ung
heilbronner	heilbronn er
blaudrucker	blaudruck er
flügelspieler	flügelspiel er
flußschiffer	flußschiff er
widersprüchlich	widerspruch lich
museumsmitarbeiterin	museumsmitarbeiter in
staatskirchlich	staatskirche lich
gemütlichkeit	gemüt lich keit
großmütig	großmut ig
schläfer	schläfe er
vorzüglich	vorzug lich
behördenchefin	behördenchef in
heroin	hero in
personifizierung	personifizieren ung
witterung	wittern ung
übereignung	übereignen ung
vereinnahmung	vereinnahmen ung
anstößigkeit	anstoß ig keit
unaufrichtig	un aufrichten ig
folgerung	folgern ung
nordseefischer	nordseefisch er
werkzeugmaschinenbauer	werkzeugmaschinenbau er
absplitterung	ab splitten ung
schneelos	schnee los
studienanfänger	studienanfang er
eindeckung	eindecken ung
kater	kate er
berufsberaterin	berufsberater in
günstig	gunst ig
schutzherrin	schutzherr in
eigennützig	eigennutz ig
verbraucherberaterin	verbraucherberater in
fischfarmer	fischfarm er
wiederaufhebung	wiederaufheben ung
verwandtschaftlich	verwandte schaft lich
weltgesellschaftlich	weltgesellschaft lich
benutzerin	benutzen er in
unversöhnlichkeit	unversöhnlich keit
tatkräftig	tatkraft ig
abschnürung	abschnüren ung
einladung	einladen ung
potsdamerin	potsdam er in
fuchsberger	fuchsberg er
nachbewilligung	nachbewilligen ung
menschenfeindlichkeit	menschenfeind lich keit
filterlos	filter los
schwarzfahrerin	schwarzfahren in
wandelbar	wandeln bar
unendlich	un ende lich
erholungsbedürftigkeit	erholungsbedürftig keit
öffentlichkeitsarbeiterin	öffentlichkeitsarbeit er in
absolventin	absolvent in
umschiffung	umschiffen ung
unterredung	unterreden ung
stadtgestalter	stadtgestalt er
mordlustig	mordlust ig
erfüllung	erfüllen ung
nachdenklichkeit	nachdenken lich keit
feuerung	feuern ung
herzogin	herzog in
masochistin	masochist in
heiratsvermittlerin	heiratsvermittler in
austrägerin	austragen er in
jenaerin	jena er in
schwerpflegebedürftigkeit	schwerpflegebedürftig keit
kleiderlos	kleid los
mosbacher	mosbach er
hochrechnung	hochrechnen ung
technikerin	technik er in
verstaatlichen	ver staat lich
unterjochung	unterjochen ung
staatslos	staat los
unmöglichkeit	un möglich keit
stärkung	stärken ung
buchhalterin	buchhalter in
vorbildlos	vorbild los
kenner	kennen er
neuwagenkäufer	neuwagenkauf er
zerteilung	zer teilen ung
zusammenfassung	zusammenfassen ung
kurzsichtig	kurzsicht ig
zeitungsmacher	zeitungsmachen er
fiatfahrerin	fiatfahrer in
wohltäter	wohltat er
gänzlich	ganz e lich
heiterkeit	heiter keit
slowakin	slowake in
einarbeitung	einarbeiten ung
machtpolitiker	machtpolitik er
saitenwürstchen	saitenwurst chen
gewerkschafter	gewerkschaft er
dompfarrer	dompfarre er
ausrichter	ausrichten er
zierlich	zieren lich
unschicklichkeit	un schick e lich keit
schweineleber	schweineleben er
starrköpfig	starrkopf ig
hintertürchen	hintertür chen
kapstädter	kapstadt er
vernetzer	ver netz er
weindörfchen	weindorf chen
beantwortung	be antwort ung
strafmündigkeit	strafmündig keit
metin	mete in
schullehrerin	schullehrer in
polizeischüler	polizeischule er
friseurin	friseur in
mittelstreckenläuferin	mittelstreckenläufer in
verweltlichung	ver welt lich ung
beengung	beengen ung
blocker	block er
fernsehtauglichkeit	fernsehtauglich keit
feuerlöscher	feuerlöschen er
aktualisierung	aktualisieren ung
sicherstellung	sicherstellen ung
steinkühler	steinkühl e er
autobesitzerin	autobesitz er in
gemeindepastorin	gemeindepastor in
töpferin	topf er in
denkerin	denker in
betonung	betonen ung
sparsamkeit	sparen sam keit
zottelig	zottel ig
minderwertig	minderwert ig
viktorin	viktor in
ehrbarkeit	ehrbar keit
ausweglos	ausweg los
gängig	gang ig
briefträgerin	briefträger in
sozialschädlichkeit	sozialschädlich keit
einschrumpfung	einschrumpfen ung
erdmännchen	erdmann chen
museumsplaner	museumsplan er
aufnahmefähigkeit	aufnahmefähig keit
heuschreckenartig	heuschreckenart ig
angemessener	angemessen e n er
freizeitsportlich	freizeitsport lich
fallschirmspringer	fallschirmspringen er
düngung	düngen ung
selbstbediener	selbstbedienen er
reichenberger	reichenberg er
techniker	technik er
halbierung	halb ier ung
lebenskünstlerin	lebenskunst ler in
legitimierung	legitim e ier ung
republikflüchtig	republikflucht ig
landesstatistiker	landesstatistik er
nivellierung	nivellieren ung
begrifflichkeit	begriff lich keit
tabellenachter	tabellenachte n er
senatorin	senator in
kursteilnehmerin	kursteilnehmer in
fremdenfreundlichkeit	fremdenfreundlich keit
umlegung	umlegen ung
verschiebung	verschieben ung
selbsternennung	selbsternennen ung
ausbrecherin	ausbrechen er in
saisonarbeiter	saisonarbeit er
wahnwitzig	wahnwitz ig
schweinezüchter	schweinezucht er
kundenbetreuerin	kundenbetreuer in
ausländerfeindlich	ausländerfeind lich
sammelbändchen	sammelband chen
verschraubung	ver schrauben e ung
unterhaltsamkeit	unterhalt sam keit
sumpfig	sumpf ig
untermieterin	untermiete er in
dortmunderin	dortmund er in
bearbeiterin	bearbeiten er in
doppelweltmeisterin	doppelweltmeister in
schiefer	schief e er
sortierer	sortieren er
springerin	springen er in
autowäscher	autowaschen er
gewichtslos	gewicht los
immobilienbesitzer	immobilienbesitz er
zitterig	zittern ig
hochkommissarin	hochkommissar in
sachgebietsleiterin	sachgebietsleiter in
theatermacher	theatermachen er
märtyrerin	märtyrer in
privatrechtlich	privatrecht lich
archäologin	archäologe in
essener	essen er
politikwissenschaftlerin	politikwissenschaft ler in
verfassungsschützer	verfassungsschutz er
teamgefährtin	teamgefährte in
hundehalterin	hundehalter in
freisinnig	freisinn ig
hauptschullehrerin	hauptschullehrer in
sonderlich	sondern lich
klägerin	klage er in
ausnüchterung	ausnüchtern ung
manipulierbar	manipulieren bar
schuftig	schuft ig
vorfertigung	vorfertigen ung
pflichtig	pflichten ig
sprechbar	sprechen bar
persönlichkeit	persönlich keit
streitigkeit	streiten ig keit
ermittlungsrichterin	ermittlungsrichter in
stopfer	stopfen er
privatdozentin	privatdozent in
login	log in
wahlleiterin	wahlleiter in
bewirtung	bewirten ung
angreifbar	angreifen bar
behinderung	behindern ung
blinker	blinken er
großspurigkeit	großspurig keit
konvertierbar	konvertieren bar
öffentlichkeitsarbeiter	öffentlichkeitsarbeit er
thronfolgerin	thronfolge er in
rauschgiftdealer	rauschgiftdeal er
löber	lob er
tramper	trampen er
verletzlich	verletzen lich
ergebnislos	ergebnis los
stutzer	stutz er
heutig	heute ig
männlichkeit	mann lich keit
seeberger	seebergen er
preßburger	preßburg er
nichtpolitiker	nichtpolitik er
vizebürgermeisterin	vizebürgermeister in
multiinstrumentalistin	multiinstrumentalist in
erzählerin	erzählen er in
niederlegung	niederlegen ung
ressortleiterin	ressortleiter in
karolin	karol in
inspektorin	inspektor in
amtsträgerin	amtsträger in
librettistin	librettist in
beratungslehrerin	beratungslehrer in
lagerleiterin	lagerleiter in
speckig	speck ig
dänin	däne in
lenin	lene in
konferenzteilnehmerin	konferenzteilnehmer in
bummler	bummeln er
andersartigkeit	andersartig keit
löwin	löwe in
übereilig	übereilen ig
alterspräsidentin	alterspräsident in
erforscher	er forsch er
bearbeitung	bearbeiten ung
anhörung	anhören ung
auskleidung	auskleiden ung
näherung	nähern ung
generalunternehmer	generalunternehmen er
theatergeschichtlich	theatergeschichte lich
retter	retten er
vierteilig	vierteil ig
wirtschaftlich	wirtschaften lich
wochenendhäuschen	wochenendhaus chen
zauberer	zaubern er
kampfunfähigkeit	kampfunfähig keit
geldräuber	geldraub er
entzauberung	ent zauber ung
weiterleitung	weiterleiten ung
baumpfleger	baumpflege er
verbauung	verbauen ung
träger	trage er
abhebung	abheben ung
gattin	gatte in
vorjahressiegerin	vorjahressieg er in
klarinettenspieler	klarinettenspiel er
mittelbäuerlich	mittelbau er lich
papstwähler	papstwahl er
gästeführerin	gästeführer in
vorwitzig	vorwitz ig
diskussionsleiterin	diskussionsleiter in
flüchtig	flüchten ig
provinzblättchen	provinzblatt chen
kletterer	klettern er
strandung	stranden ung
krüppelig	krüppel ig
forschungsleiterin	forschungsleiter in
zeitdiagnostiker	zeitdiagnostik er
philologin	philologe in
vereinigen	ver eine ig
päpstlich	papst lich
spreizung	spreizen ung
metallstäbchen	metallstab chen
stadttürmer	stadtturm er
schoßhündchen	schoßhund chen
projektmanagerin	projektmanager in
bieger	biege er
containerfrachter	containerfracht er
literaturkritikerin	literaturkritik er in
autofreundlich	autofreund lich
zahlungspflichtig	zahlungspflicht ig
schulsozialarbeiterin	schulsozialarbeit er in
inländerin	inländer in
beschränkung	beschränken ung
ungefährlich	ungefähr e lich
kinderschützer	kinderschutz er
reimlos	reim los
ortenburger	ortenburg er
robbenfänger	robbenfang er
naturgeschichtlich	naturgeschichte lich
gelenkig	gelenk ig
staatsdichterin	staatsdichter in
kümmeltürkin	kümmeltürke in
stadtjugendpfleger	stadtjugendpflege er
feuergefährlich	feuergefahr lich
zornig	zorn ig
einzelstaatlich	einzelstaat lich
überalterung	über alter ung
abweisung	abweisen ung
kurpfälzer	kurpfalz er
schönhauser	schönhausen er
oberschüler	oberschule er
impfung	impfen ung
schichtarbeiterin	schichtarbeit er in
rülpser	rülpsen er
kritikerin	kritik er in
anzeiger	anzeigen er
ausbeuter	ausbeuten er
durchmusterung	durch muster ung
streicherin	streichen er in
landesväterlich	landesvater lich
listenführerin	listenführer in
falkenhagener	falkenhagen er
umänderung	umändern ung
beförderung	befördern ung
zähler	zahl er
belohnung	belohnen ung
ernüchterung	ernüchtern ung
schneckenhäuschen	schneckenhaus chen
segmentierung	segment ier ung
hundefreundin	hundefreund in
lagerfähigkeit	lagerfähig keit
ruchlos	ruch los
diskussionsfähigkeit	diskussionsfähig keit
generaldirektorin	generaldirektor in
bezirksmeisterin	bezirksmeister in
babelsberger	babelsberg er
sprinter	sprinten er
alin	ale in
tarifpolitiker	tarifpolitik er
verallgemeinerbar	ver allgemein bar
metallerin	metall er in
überbauung	überbauen ung
ernährerin	ernähren er in
westberliner	westberlin er
klumpig	klumpen ig
relativierung	relative ier ung
außenspielerin	außenspieler in
europafreundlich	europafreund lich
unverständlich	unverstand lich
sportredakteurin	sportredakteur in
schaffung	schaffen ung
beleuchtung	beleuchten ung
schaltbar	schalten bar
bundesbanker	bundesbank er
umschichtung	umschichten ung
eder	ede er
fahrradverleiher	fahrradverleih er
zukünftig	zukunft ig
skeptikerin	skeptiker in
seligkeit	selig keit
beeinflußbarkeit	beeinflußbar keit
unflätig	unflat ig
zügelung	zügeln ung
entdecker	entdecken er
krebsanfälligkeit	krebsanfällig keit
faltblättchen	faltblatt chen
entwicklungspsychologin	entwicklungspsychologe in
dankbar	danken bar
tabakraucher	tabakrauchen er
schulplaner	schulplan er
vorhaltung	vorhalten ung
meckerer	meckern er
krippenbauer	krippenbau er
rentnerpärchen	rentnerpaar chen
optikerin	optik er in
kleinstaatlichkeit	kleinstaat lich keit
gestaltbarkeit	gestalten bar keit
atomfrachter	atomfracht er
thüringer	thüringen er
unzuverlässigkeit	unzuverlässig keit
unbeachtlich	un be acht lich
unwürdigkeit	un würdig keit
toilettenhäuschen	toilettenhaus chen
kreisstädtchen	kreisstadt chen
mobilisierung	mobil isier ung
zurückzahlung	zurückzahlen ung
landesschatzmeisterin	landesschatzmeister in
verpflanzung	ver pflanzen e ung
formbar	formen bar
miniröckchen	minirock chen
ausübung	ausüben ung
balinger	balingen er
guerillakämpfer	guerillakampf er
berufsgerichtlich	berufsgericht lich
verkehrlich	verkehren lich
erziehungsministerin	erziehungsminister in
kavaliershäuschen	kavaliershaus chen
zulieferung	zuliefern ung
produktionstechniker	produktionstechnik er
polarisierung	polar isier ung
perlmutter	perlmutt er
bankräuber	bankraub er
peinigen	pein ig
protokollchefin	protokollchef in
gattungsgeschichtlich	gattungsgeschichte lich
blickfänger	blickfang er
neuzeller	neuzelle er
kassenprüferin	kassenprüfer in
naturverträglichkeit	naturverträglich keit
verklärung	verklären ung
rathauschefin	rathauschef in
günzburger	günzburg er
sonderberichterstatterin	sonderberichterstatter in
ausländerfreundlich	ausländerfreund lich
verbüßung	verbüßen ung
kontrollierbarkeit	kontrolle ier bar keit
spitzenkämpfer	spitzenkampf er
langwellig	langwelle ig
lehrerin	lehren er in
schwimmbadbesucher	schwimmbadbesuch er
schahin	schah in
oberstufenschülerin	oberstufenschule er in
diskutierbar	diskutieren bar
zumutung	zumuten ung
kunsthändlerin	kunsthändler in
ostpolitiker	ostpolitik er
oberlehrerin	oberlehrer in
beendigung	beendigen ung
ascher	asche er
ersetzung	ersetzen ung
unmerklich	un merken lich
beistellung	beistellen ung
solinger	solingen er
weinmacher	weinmachen er
wallfahrerin	wallfahren in
krieger	krieg er
wiederverarbeitung	wiederverarbeiten ung
zuständigkeit	zuständig keit
banditin	bandit in
fußballerin	fußballen er in
bernburger	bernburg er
vorspiegelung	vorspiegeln ung
drucker	drucken er
glückssucher	glückssuche er
beifahrerin	beifahrer in
entbehrung	entbehren ung
angster	angst er
anordnung	anordnen ung
gastarbeiterin	gastarbeit er in
autoknacker	autoknacken er
traurigkeit	traurig keit
verkaufsmanagerin	verkaufsmanager in
marxistin	marx ist in
wiedereinsetzung	wiedereinsetzen ung
ungesetzlich	un gesetz lich
albanier	albanien er
hochheimer	hochheim er
trächtigkeit	trächtig keit
oberhofer	oberhof er
ausleihung	ausleihen ung
selbstpflücker	selbstpflücken er
gewichtung	gewichten ung
autoritätshörigkeit	autoritätshörig keit
lagerbar	lagern bar
vierkantig	vierkant ig
anrufbar	anrufen bar
fahnder	fahnden er
landschaftsgärtner	landschaftsgarten er
sozialhilfebetrüger	sozialhilfebetrug er
vermengung	vermengen ung
fernhaltung	fernhalten ung
schalter	schalten er
klingenberger	klingenberg er
bundeseinheitlich	bundeseinheit lich
friedfertigkeit	friedfertig keit
chistopher	chistoph er
abstammung	abstammen ung
wolfsburgerin	wolfsburg er in
filmkünstlerin	filmkunst ler in
folterer	foltern er
reiterlich	reiten er lich
mißdeutung	mißdeuten ung
widerstandskämpfer	widerstandskampf er
wissenschaftlichkeit	wissenschaft lich keit
experimentalphysiker	experimentalphysik er
unregelmäßigkeit	un regelmäßig keit
vergötterung	ver gott ung
schulforscherin	schulforscher in
jazztrompeter	jazztrompete er
baströckchen	bastrock chen
steinmännchen	steinmann chen
deutschlehrerin	deutschlehrer in
untätigkeit	untat ig keit
gründlichkeit	gründen lich keit
hehlerin	hehl er in
gesangspädagogin	gesangspädagoge in
fischfänger	fischfang er
begründungspflichtig	begründungspflicht ig
stimmrechtlos	stimmrecht los
handlungslos	handlung los
nachlieferung	nachliefern ung
schönecker	schöneck er
europapolitiker	europapolitik er
koller	koll er
vizeweltmeisterin	vizeweltmeister in
kritikfreudigkeit	kritikfreudig keit
verdammung	verdammen ung
soziologiestudentin	soziologiestudent in
skizzierung	skizze ier ung
klagbar	klagen bar
berliner	berlin er
verhüllung	ver hüllen ung
verurteilung	ver urteil ung
hauptverursacherin	hauptverursacher in
vergeistigen	ver geist ig
ausstellungsleiterin	ausstellungsleiter in
vernehmbar	vernehmen bar
ökobauer	ökobau er
beglaubigung	beglaubigen ung
umfunktionierung	umfunktionieren ung
täuber	taube er
synchronisierung	synchrone isch isier ung
spitzig	spitzen ig
verwaltungsrechtlich	verwaltungsrecht lich
pharmareferentin	pharmareferent in
peilung	peilen ung
erwerbbar	erwerben bar
fraulich	frau lich
lehmig	lehm ig
ankündigung	ankündigen ung
bläserin	blase er in
sklavin	sklave in
rückenschwimmer	rückenschwimmen er
romin	rom in
aussendung	aussenden ung
bestsellerautorin	bestsellerautor in
merkwürdiger	merkwürde ig e er
zeitungsverkäuferin	zeitungsverkauf er in
unhöflich	un hof lich
sicherheitspolitiker	sicherheitspolitik er
degradierung	degradieren ung
möglichkeit	möglich keit
vollzeitig	vollzeit ig
wissenschaftsexpertin	wissenschaftsexperte in
theorielos	theorie los
eigentätigkeit	eigentätig keit
oberbürgermeisterlich	oberbürgermeister lich
männerlos	mann los
rechtspflegerin	rechtspflege er in
punktsieger	punktsieg er
biowissenschaftlich	biowissenschaft lich
schönhöfer	schönhof er
unwirklich	un wirken lich
konstrukteurin	konstrukteur in
verunglimpfung	verunglimpfen ung
erdgeschichtlich	erdgeschichte lich
behutsamkeit	behutsam keit
besucher	besuchen er
nigerianerin	nigeria aner in
stundung	stunden ung
bauingenieurin	bauingenieur in
bänkelsänger	bänkelsang er
verdinglichen	ver ding lich
verteidigungsplaner	verteidigungsplan er
einspringer	einspringen er
anstiftung	anstiften ung
parteigenossin	parteigenosse in
einsperrung	einsperren ung
modezeichnerin	modezeichner in
höcker	hocken er
opiatabhängigkeit	opiatabhängig keit
stadtplanerin	stadtplan er in
steurer	steuer er
konsumgenossenschaftlich	konsumgenossenschaft lich
studiendirektorin	studiendirektor in
rächer	rächen er
bürgerfreundlichkeit	bürgerfreund lich keit
tiefbauarbeiter	tiefbauarbeit er
chronistin	chronisch ist in
zahlungskräftig	zahlungskraft ig
klavierbauer	klavierbau er
überschwemmung	über schwemmen e ung
interviewpartnerin	interviewpartner in
eierwerfer	eierwerfen er
farmer	farm er
betriebsseelsorger	betriebsseelsorge er
schützenkönigin	schützenkönig in
finanzsenatorin	finanzsenator in
kühlung	kühlen ung
kulturdezernentin	kulturdezernent in
schlemmer	schlemmen er
klosterschülerin	klosterschule er in
genießbarkeit	genießen bar keit
federung	federn ung
barfüßer	barfuß er
kurpfuscherin	kurpfuscher in
begründungslos	begründen ung los
beträchtlich	betracht lich
kaper	kap er
gesundheitsberaterin	gesundheitsberater in
flexibilisierung	flexibilisieren ung
elektriker	elektrik er
isin	ise in
insulanerin	insulaner in
kulturamtsleiterin	kulturamtsleiter in
unumkehrbar	un umkehren bar
verstauchung	verstauchen ung
andalusierin	andalusien er in
hofheimer	hofheim er
pilotin	pilot in
obrigkeitsstaatlich	obrigkeitsstaat lich
rechtsverbindlichkeit	rechtsverbindlich keit
niederlassung	niederlassen ung
freidemokratin	freidemokrat in
tricktechniker	tricktechnik er
türker	türke er
wissenschaftsjournalistin	wissenschaftsjournal ist in
weiterfinanzierung	weiterfinanzieren ung
sparpolitiker	sparpolitik er
seriensiegerin	seriensieger in
unbotmäßigkeit	un botmäßig keit
modedesignerin	modedesign er in
dialogfähigkeit	dialogfähig keit
geologin	geologe in
jerusalemer	jerusalem er
heimbewohnerin	heimbewohner in
staatsschauspielerin	staatsschauspiel er in
tänzerin	tanz er in
einig	eine ig
sachkundig	sachkunde ig
herrscherin	herrschen er in
rattenfänger	rattenfang er
aussagekräftig	aussagekraft ig
benutzbarkeit	benutzen bar keit
kleingläubigkeit	kleingläubig keit
treuhänder	treuhand er
stallgefährtin	stallgefährte in
leistungslos	leistung los
erkältung	erkälten ung
genforscherin	genforscher in
jugendarbeiterin	jugendarbeit er in
kleinhaltung	kleinhalten ung
inger	inge er
tutorin	tutor in
abidin	abid in
hauptverbrecher	hauptverbrechen er
bewährung	bewähren ung
eigentümlich	eigentum lich
schwülstig	schwulst ig
schmarotzer	schmarotzen er
agrarunternehmer	agrarunternehmen er
theaterunternehmer	theaterunternehmen er
einstufung	einstufen ung
seestädter	seestadt er
sicherung	sichern ung
einfallslos	einfall los
schmachtenhagener	schmachtenhagen er
bundesgesundheitsministerin	bundesgesundheitsminister in
praktikumslehrerin	praktikumslehrer in
bandkeramiker	bandkeramik er
oberlippenbärtchen	oberlippenbart chen
angriffsfreudigkeit	angriffsfreudig keit
logistiker	logistik er
bundesverfassungsgerichtlich	bundesverfassungsgericht lich
staatsbürgerlich	staatsbürger lich
oranienburger	oranienburg er
komikerin	komik er in
strickerin	stricken er in
spreeathener	spreeathen er
oberstudiendirektorin	oberstudiendirektor in
kammerpräsidentin	kammerpräsident in
vernachlässigen	ver nachlassen ig
spezialisierung	spezi al isier ung
bissig	bissen ig
schlachter	schlachten er
königssteiner	königsstein er
schmierer	schmieren er
pokalsieger	pokalsieg er
bienenzüchter	bienenzucht er
niveaulos	niveau los
mitläuferin	mitlaufen er in
goldberger	goldberg er
erklärbar	erklären bar
unübersichtlich	un übersichten lich
anmutig	anmuten ig
kleinstädtchen	kleinstadt chen
künstlichkeit	kunst lich keit
abberufung	abberufen ung
fernsehlos	fernsehen los
ertüchtigung	ertüchtigen ung
affenartig	affenart ig
anfällig	anfallen ig
schaustellerin	schausteller in
übermittler	übermitteln er
rathäuslich	rathaus lich
christer	chr ist er
hausbesetzer	hausbesetzen er
weiher	weihe er
vogelliebhaberin	vogelliebhaber in
dschungelkämpfer	dschungelkampf er
kaltblüter	kaltblut er
ökotester	ökotest er
teamarbeiter	teamarbeit er
caritasdirektorin	caritasdirektor in
mieter	mieten er
kommunikationswissenschaftlerin	kommunikationswissenschaft ler in
nachbörslich	nachbörse lich
jurysprecherin	jurysprecher in
privatisierung	private isier ung
hausbesitzerin	hausbesitz er in
aufmunterung	aufmuntern ung
bemerkung	bemerken ung
leuchtkräftig	leuchtkraft ig
nachfrager	nachfragen er
übersteigerung	übersteigern ung
sistierung	sistieren ung
überglücklich	über glück lich
fernsehsüchtig	fernsehsucht ig
morgig	morgen ig
genossin	genosse in
serienmörderin	serienmord er in
eigenbetrieblich	eigenbetrieb lich
vererbung	ver erbe ung
dechiffrierbar	dechiffrieren bar
harheimer	harheim er
kennerin	kennen er in
zollbeamtin	zollbeamte in
notversorgung	notversorgen ung
geschäftstüchtigkeit	geschäftstüchtig keit
sozialethiker	sozialethik er
allzeitig	allzeit ig
liquidierung	liquide ier ung
