apprehension	apprehend ion
ruminative	rumination ive
externalize	external ize
glutton	glutton
suppression	suppress ion
contrast	contrast
foresight	fore sight
contrary	contrary
sacrifice	sacrifice
disabuse	dis abuse
elliptically	elliptical ly
hose	hose
mummification	mummify ation
undertaker	undertake er
cubic	cube ic
sequel	sequel
externalization	externalize ation
bulb	bulb
freshen	fresh en
angelically	angelical ly
slit	slit
faeces	faeces
pyrites	pyrites
hosteller	hostel er
absence	absent ence
slum	slum
sacredly	sacred ly
grouse	grouse
arquebus	arquebus
ivy	ivy
cholesterol	cholesterol
seventy	seven ty
third	third
airs	airs
seriously	serious ly
stealthy	stealth y
gammon	gammon
freewheeling	freewheeling
gentleness	gentle ness
superintend	super intend
perceptively	perceptive ly
tram	tram
rewrite	re write
legalization	legalize ation
crumbly	crumble y
manhood	man hood
needs	needs
temperateness	temperate ness
brawn	brawn
indivisibility	indivisible ity
stutterer	stutter er
preciously	precious ly
iniquitous	iniquity ous
impress	impress
suffragan	suffragan
twelfth	twelve th
adenoidally	adenoidal ly
live	live
reproachable	reproach able
nook	nook
tenderize	tender ize
saurian	saurian
constitutive	constitution ive
gluttonously	gluttonous ly
laugh	laugh
levant	levant
gamma	gamma
faddishly	faddish ly
slightingly	slighting ly
midweek	midweek
lengthen	length en
salivation	salivate ion
waverer	waver er
unkind	un kind
piddling	piddling
quitter	quit er
desensitize	de sensitize
blankness	blank ness
flush	flush
continuity	continuous ity
vivaciousness	vivacious ness
upbeat	upbeat
cola	cola
adversity	adverse ity
carriage	carry age
enshrine	en shrine
piteousness	piteous ness
rate	rate
octagonal	octagon al
unserviceable	un serviceable
vaunter	vaunt er
spam	spam
imposing	imposing
ground	ground
machine	machine
nationwide	nationwide
uneventfulness	uneventful ness
podginess	podgy ness
maize	maize
casserole	casserole
chilblained	chilblain ed
understudy	under study
experimentation	experiment ation
handleable	handle able
ruminatively	ruminative ly
deterministic	determinism ic
concomitantly	concomitant ly
molar	molar
superego	super ego
documentary	document ary
potheen	potheen
nomination	nominate ion
wrathfully	wrathful ly
glancingly	glancing ly
trait	trait
pious	pious
salient	salient
ably	able ly
serviceableness	serviceable ness
stun	stun
starveling	starve ling
kirsch	kirsch
chow	chow
explanation	explain ation
forefinger	fore finger
grasping	grasping
readability	readable ity
flakiness	flaky ness
pivot	pivot
jealously	jealous ly
polyglot	polyglot
respond	respond
phonics	phonic s
ally	ally
healthful	health ful
softy	soft y
campaigner	campaign er
fleshy	flesh y
offhanded	offhand ed
insubordinate	in subordinate
nosiness	nosy ness
fixed	fixed
vagina	vagina
jive	jive
skint	skint
briskly	brisk ly
chivalrously	chivalrous ly
syndicalism	syndical ism
ingratitude	in gratitude
reversibility	reversible ity
elementary	element ary
thoroughness	thorough ness
discerning	discerning
gravity	grave ity
muckraker	muckrake er
perfidiousness	perfidious ness
listenable	listen able
coiffured	coiffure ed
gambol	gambol
equation	equate ion
call	call
puncher	punch er
blur	blur
furlough	furlough
unctuously	unctuous ly
debark	de bark
sicken	sick en
fuller	full er
drunkenness	drunken ness
aeronautical	aeronaut ical
barring	barring
fearless	fear less
static	state ic
disconcert	dis concert
seventeenth	seventeen th
quantify	quantity ify
sled	sled
mother	mother
reduplicate	re duplicate
wrinkly	wrinkle y
mechanistic	mechanism ic
sloe	sloe
porterage	porter age
pinnace	pinnace
resinate	resin ate
gall	gall
nationalistically	nationalistic ally
emotionally	emotional ly
semen	semen
malevolence	malevolent ence
sparrow	sparrow
puniness	puny ness
rectifier	rectify er
bracing	bracing
inlay	inlay
adolescent	adolescent
drawing	drawing
confidently	confident ly
induction	induct ion
palmy	palm y
prey	prey
demon	demon
antibiotic	antibiotic
mourner	mourn er
stomp	stomp
fuggy	fug y
each	each
slackness	slack ness
seasonal	season al
smoke	smoke
outre	outre
spikenard	spikenard
multitudinousness	multitudinous ness
bracelets	bracelets
aimlessly	aimless ly
overshot	over shot
crux	crux
serenade	serenade
draughts	draughts
inequity	in equity
disjunction	dis junction
kinetics	kinetic s
amateurishness	amateurish ness
oust	oust
deaden	dead en
ungratefully	ungrateful ly
disruptive	disruption ive
blouse	blouse
palatinate	palatine ate
symbolic	symbol ic
drat	drat
letters	letters
dug	dug
puff	puff
chemical	chemical
dixie	dixie
disaffect	dis affect
relay	re lay
slim	slim
bursary	bursar y
questioningly	questioning ly
amputee	amputate ee
sonant	sonant
loyalty	loyal ty
industriously	industrious ly
address	address
politely	polite ly
latex	latex
chipping	chip ing
beautiful	beauty ful
perhaps	per hap s
intelligence	intelligent ence
comment	comment
hemp	hemp
den	den
federalist	Federalist
mendaciously	mendacious ly
incorrect	in correct
hartebeest	hartebeest
test	test
swollen	swollen
well	well
cosiness	cosy ness
cry	cry
surrey	surrey
paranoiacally	paranoiac ally
parr	parr
rare	rare
functionalist	functionalist
pauperism	pauper ism
malarial	malaria al
rote	rote
constitutionalize	constitutional ize
undercut	under cut
focal	focus al
ozone	ozone
incommensurable	in commensurable
eft	eft
pelisse	pelisse
fumigate	fume ate
spasmodical	spasm ical
powered	power ed
clerical	cleric al
incompetently	incompetent ly
confiscation	confiscate ion
unevenly	un even ly
actinic	actinism ic
blooming	bloom ing
splice	splice
little	little
squat	squat
organ	organ
corporately	corporate ly
son	son
discompose	dis compose
archaism	archaic ism
relaxing	relaxing
decompress	de compress
chic	chic
step	step
loaded	loaded
item	item
parlance	parlance
turps	turps
racist	racist
hoary	hoar y
deflection	deflect ion
yaw	yaw
survey	survey
cheerless	cheer less
eruditely	erudite ly
anthologized	anthologized
probate	probate
attainable	attain able
complaining	complaining
grating	grating
mitigation	mitigate ion
trial	try al
remilitarization	remilitarize ation
cinema	cinema
palliation	palliate ion
backbiter	backbite er
professed	professed
sty	sty
conceptualize	conceptual ize
obligation	oblige ation
infamous	infamy ous
heartlessness	heartless ness
inundation	inundate ion
reliably	reliable ly
sensibility	sensible ity
marram	marram
breech	breech
impressionist	impressionist
ormolu	ormolu
aid	aid
bate	bate
spectacle	spectacle
tulip	tulip
crumple	crumple
biretta	biretta
default	de fault
ordered	ordered
preservable	preserve able
pom	pom
rush	rush
excitability	excitable ity
habitation	habit ation
cosset	cosset
sabbatical	Sabbath ical
probability	probable ity
dacoit	dacoit
mastication	masticate ion
apocalyptic	apocalypse ic
cheerfulness	cheerful ness
sighted	sight ed
forcefully	forceful ly
purposeless	purpose less
thriller	thrill er
reprint	reprint
sequencing	sequence ing
prepack	pre pack
conversation	converse ation
gorse	gorse
ruination	ruin ation
provincial	provincial
systematically	systematic ally
beam	beam
causality	causal ity
investigator	investigate or
smuggler	smuggle er
instructress	instructor ess
inevitability	inevitable ity
contentiously	contentious ly
frothy	froth y
geocentric	geo centre ic
expectancy	expectant ancy
forefoot	fore foot
wimple	wimple
pope	pope
laughingly	laughing ly
dodger	dodge er
whereon	whereon
calm	calm
decolonize	de colonize
compacted	compact ed
rustiness	rusty ness
preponderantly	preponderant ly
slouching	slouching
windcheater	wind cheat er
internationalize	international ize
marsh	marsh
weeping	weeping
clingy	cling y
discredit	dis credit
disconcertingly	disconcerting ly
capriciously	capricious ly
dour	dour
crossover	cross over
centrifugal	centrifuge al
caterwaul	caterwaul
friability	friable ity
quarterly	quarter ly
vaporization	vaporize ation
dredge	dredge
disbeliever	disbelieve er
fortunately	fortunate ly
communicant	communicate ant
windless	wind less
preoccupy	pre occupy
corrective	corrective
completely	complete ly
inexcusable	in excusable
pitifully	pitiful ly
trainee	train ee
encircle	en circle
copier	copy er
tubby	tub y
canker	canker
divulgence	divulge ence
sluggish	slug ish
floor	floor
unkindly	unkind ly
grot	grot
insert	insert
rebukingly	rebuking ly
nainsook	nainsook
spindle	spindle
asthmatically	asthmatic ally
porpoise	porpoise
machinery	machine ery
mockery	mock ery
glorification	glorify ation
muscatel	muscatel
dampish	damp ish
petrologist	petrology ist
soppy	sop y
difficult	difficult
seventy	seventy
doge	doge
torturer	torture er
militarist	militarism ist
horrify	horror ify
leave	leave
rhythmic	rhythm ic
confusedly	confused ly
snail	snail
lancers	lancers
fiercely	fierce ly
sulphuric	sulphur ic
divisiveness	divisive ness
admiring	admiring
farcically	farcical ly
answerably	answerable ly
frump	frump
boast	boast
impertinently	impertinent ly
judiciously	judicious ly
bronze	bronze
cod	cod
supplanter	supplant er
unroll	un roll
ephemerally	ephemeral ly
sloshed	sloshed
fiddle	fiddle
repair	repair
corsair	corsair
stinginess	stingy ness
braggadocio	braggadocio
paynim	paynim
buggery	bugger ery
disadvantageous	disadvantage ous
supposing	supposing
disagreeable	disagree able
hormone	hormone
appointee	appoint ee
stonily	stony ly
camper	camp er
swatter	swat er
blabber	blab er
pardon	pardon
bather	bathe er
elaboration	elaborate ion
study	study
leopardess	leopard ess
tiara	tiara
incomplete	in complete
defencelessly	defenceless ly
yellowish	yellow ish
mammal	mammal
quango	quango
governmental	government al
apparel	apparel
ghee	ghee
lure	lure
kind	kind
swizzle	swizzle
ascendant	ascend ant
indescribable	in describable
realtor	realty or
banefully	baneful ly
base	base
penalize	penal ize
reborn	re born
fearsome	fear some
carpet	carpet
snowball	snowball
anachronistically	anachronistic ally
should	should
angelical	angel ical
reputation	repute ation
natural	natural
nomadically	nomadic ally
cheerful	cheer ful
give	give
racy	race y
sheepish	sheep ish
stuffing	stuffing
celibacy	celibate cy
mundanely	mundane ly
topically	topical ly
corral	corral
lowness	low ness
diffidently	diffident ly
screwdriver	screw drive er
firmly	firm ly
wriggler	wriggle er
articulateness	articulate ness
groove	groove
prenatally	prenatal ly
shits	shits
incarceration	incarcerate ion
ingeniously	ingenious ly
accommodatingly	accommodating ly
daiquiri	daiquiri
deodorize	de odour ize
mimosa	mimosa
deceit	deceit
griper	gripe er
prurience	prurient ence
enzyme	enzyme
ovarian	ovary an
neglectfulness	neglectful ness
shunter	shunt er
mummify	mummy ify
quagga	quagga
retract	retract
revise	revise
fermentation	ferment ation
newsiness	newsy ness
lapel	lapel
orison	orison
trendy	trendy
jovially	jovial ly
pagan	pagan
assessor	assess or
leucotomize	leucotomy ize
crisscross	crisscross
threaten	threat en
meanderingly	meandering ly
ethereally	ethereal ly
replace	re place
inexactness	inexact ness
apache	apache
trustfully	trustful ly
piteously	piteous ly
sect	sect
simoon	simoon
attractiveness	attractive ness
forehand	fore hand
tenaciously	tenacious ly
partial	part ial
thorny	thorn y
spotless	spot less
wound	wound
imaginable	imagine able
rhythmically	rhythmical ly
teachable	teach able
gallant	gallant
condenser	condense er
recess	recess
uninterested	un interested
fourthly	fourth ly
potent	potent
quaver	quaver
consolidate	con solid ate
cockle	cockle
adviser	advise er
telling	telling
eighteen	eighteen
risky	risk y
booby	boob y
residual	residue al
nippers	nip er s
hatful	hat ful
steel	steel
peninsula	peninsula
spew	spew
windy	wind y
blackguard	blackguard
skimpily	skimpy ly
improbably	improbable ly
adjudication	adjudicate ion
semantics	semantic s
cosily	cosy ly
lucid	lucid
playgoer	play go er
insurmountable	in surmountable
hag	hag
limitlessly	limitless ly
cinnamon	cinnamon
occasional	occasion al
calculus	calculus
loathing	loathing
unremittingly	unremitting ly
menstruation	menstruate ion
freeload	free load
eponymous	eponym ous
forwards	forward s
goal	goal
ceremonial	ceremonial
casuistic	casuist ic
someplace	some place
abundantly	abundant ly
eagerly	eager ly
pursue	pursue
terms	terms
peripatetically	peripatetic ally
monstrously	monstrous ly
moppet	moppet
clanger	clang er
bole	bole
venomously	venomous ly
tasselled	tassel ed
tillage	till age
taxable	tax able
anthem	anthem
responsiveness	responsive ness
violoncellist	violoncello ist
howdah	howdah
pretended	pretended
restricted	restricted
elaborate	elaborate
integral	integer al
aphasic	aphasic
sperm	sperm
inchoative	inchoate ive
sketcher	sketch er
mayoralty	mayoral ty
hymen	hymen
enrol	en roll
evidence	evidence
pacifically	pacific ally
busby	busby
martini	martini
whittler	whittle er
practician	practise ian
orchestration	orchestrate ion
oxygenize	oxygen ize
personable	person able
portentously	portentous ly
overflow	overflow
fatuously	fatuous ly
grievous	grief ous
hum	hum
gorgon	gorgon
outlay	outlay
gad	gad
confidence	confident ence
untowardness	untoward ness
enunciation	enunciate ion
silence	silent ence
qualify	quality ify
serviette	serviette
stupefaction	stupefy ion
post	post
chauffeur	chauffeur
church	church
reformative	reformation ive
marginal	margin al
swot	swot
bothersome	bother some
sleepwalker	sleepwalk er
phallic	phallus ic
flame	flame
clavicle	clavicle
serpent	serpent
paranoid	paranoid
benumbed	be numb ed
silliness	silly ness
fuchsia	fuchsia
moderator	moderate or
persevering	persevering
graduation	graduate ion
sensuality	sensual ity
catalpa	catalpa
amorality	amoral ity
hexagonal	hexagon al
bottom	bottom
salmon	salmon
specimen	specimen
sinkable	sink able
mastiff	mastiff
indestructibly	indestructible ly
quoit	quoit
councillor	council or
wrapping	wrapping
professional	profession al
oligarch	oligarch
famed	fame ed
terminably	terminable ly
lack	lack
phone	phone
crosscheck	crosscheck
biodegradable	bio degrade able
gauze	gauze
record	record
canoeist	canoe ist
colonist	colony ist
inbreeding	inbreeding
decoder	decode er
allopathical	allopathy ical
unfounded	un founded
bill	bill
pure	pure
orchestrate	orchestra ate
sheepishness	sheepish ness
bruising	bruising
pennon	pennon
bestir	be stir
disyllabic	disyllable ic
limitable	limit able
found	found
puerperal	puerperium al
irritation	irritate ion
electronics	electronic s
milk	milk
feebleminded	feeble mind ed
bathos	bathos
centre	centre
boorish	boor ish
incomparable	in comparable
murphy	murphy
criminologist	criminology ist
internationalization	internationalize ation
plus	plus
electromagnetic	electromagnet ic
add	add
cussedly	cussed ly
iconoclastic	iconoclast ic
affirmative	affirmative
choppiness	choppy ness
pauperize	pauper ize
underfed	under fed
colonization	colonize ation
none	none
uncover	un cover
immutability	immutable ity
punily	puny ly
pivotal	pivot al
wheezy	wheeze y
shelter	shelter
cleanse	cleanse
thinking	thinking
retractable	retract able
motorize	motor ize
draughtsman	draught s man
candidly	candid ly
lee	lee
crag	crag
invigilation	invigilate ion
educationally	educational ly
daemonic	daemon ic
strategic	strategy ic
multitudinously	multitudinous ly
tattoo	tattoo
vanity	vain ity
tracer	trace er
substantiate	substance ate
squeamishness	squeamish ness
doggedness	dogged ness
sawyer	saw er
tacitly	tacit ly
northeast	northeast
uniqueness	unique ness
extraneously	extraneous ly
whereby	whereby
girlishness	girlish ness
freethinker	free thinker
delineation	delineate ion
extremity	extreme ity
saunterer	saunter er
spectacularly	spectacular ly
mascot	mascot
attitudinize	attitude ize
thus	thus
ruddy	ruddy
recite	re cite
kidder	kid er
eventfulness	eventful ness
aspiration	aspire ation
decolonization	decolonize ation
decimalization	decimalize ation
sac	sac
abysmally	abysmal ly
constancy	constant ancy
stetson	stetson
vertically	vertical ly
saltness	salt ness
fighting	fighting
imperative	imperative
lounge	lounge
jig	jig
insulator	insulate or
sail	sail
harbourer	harbour er
expedition	expedite ion
raspingly	rasping ly
deckle	deckle
uppity	up ity
conciliation	conciliate ion
styrene	styrene
fetish	fetish
tragical	tragedy ical
agglomeration	agglomerate ion
thieve	thief
pupate	pupa ate
barbarously	barbarous ly
bewitching	bewitching
heartiness	hearty ness
calve	calf
mistrust	mistrust
free	free
wadding	wadding
movable	movable
deleteriously	deleterious ly
bopper	bop er
cuirass	cuirass
bloke	bloke
savvy	savvy
masonic	masonic
timorousness	timorous ness
stick	stick
forward	forward
trust	trust
tungsten	tungsten
desensitization	desensitize ation
plankton	plankton
staging	staging
despair	despair
sporadically	sporadic ally
dismember	dis member
quince	quince
betrothed	betrothed
exceptional	exception al
hebdomadally	hebdomadal ly
pedantic	pedant ic
blearily	bleary ly
commonness	common ness
borzoi	borzoi
dangle	dangle
twitch	twitch
wig	wig
unpleasant	un pleasant
sermon	sermon
above	above
slouchingly	slouching ly
metabolize	metabolism ize
limited	limited
description	describe ion
vulnerability	vulnerable ity
perisher	perish er
submissiveness	submissive ness
sandbag	sandbag
remover	remove er
partitively	partitive ly
copper	copper
virulently	virulent ly
transpiration	transpire ation
woodcutter	woodcut er
pallet	pallet
decongestant	de congest ant
malignancy	malignant ancy
burg	burg
salt	salt
thinker	think er
reportedly	report ed ly
actuate	act ate
glue	glue
irregular	irregular
washing	washing
underarm	under arm
valueless	value less
uncivil	un civil
campus	campus
crusted	crust ed
courageous	courage ous
prerequisite	pre requisite
prissiness	prissy ness
technicality	technical ity
seduction	seduce ion
ungrudging	un grudging
sixtieth	sixtieth
knout	knout
tee	tee
saltiness	salty ness
thievishly	thievish ly
insularism	insular ism
vague	vague
pasty	pasty
accentuate	accent ate
stew	stew
beholder	behold er
additionally	additional ly
collaborate	col labour ate
sloppiness	sloppy ness
stationery	stationer ery
justness	just ness
infatuated	infatuated
primer	prime er
incurable	in curable
vastness	vast ness
overpay	over pay
extroversion	extrovert ion
ribaldry	ribald ry
cognomen	cognomen
edict	edict
ornamentation	ornament ation
small	small
affirmation	affirm ation
foetal	foetus al
protector	protect or
thrillingly	thrilling ly
paint	paint
disallow	dis allow
incrementally	incremental ly
zenith	zenith
unvarnished	un varnished
chippy	chip y
disoblige	dis oblige
louringly	louring ly
fondant	fondant
functional	function al
repentantly	repentant ly
debut	debut
licensee	license ee
crusader	crusade er
politicization	politicize ation
credulousness	credulous ness
lightweight	lightweight
insipid	insipid
west	west
loudspeaker	loud speak er
venomed	venom ed
freighter	freight er
skilful	skill ful
educated	educated
stringently	stringent ly
busker	busk er
accuser	accuse er
irresolution	irresolute ion
almond	almond
teat	teat
frills	frills
astir	astir
datum	datum
noncommittal	non commit al
balaclava	balaclava
soccer	soccer
misguidedly	misguided ly
transaction	transact ion
foolishness	foolish ness
cerise	cerise
common	common
notary	note ary
few	few
quantitatively	quantitative ly
crone	crone
parole	parole
revival	revive al
dryad	dryad
process	process
fiendishly	fiendish ly
frilled	frill ed
fortnightly	fortnight ly
town	town
prevarication	prevaricate ion
archery	archer ery
breach	breach
conformity	conform ity
sib	sib
wholesaler	wholesale er
pomp	pomp
rosin	rosin
continental	continent al
bitumen	bitumen
assignation	assign ation
boys	boys
mason	mason
disagreeableness	disagreeable ness
insincere	in sincere
felucca	felucca
likely	likely
inhabitable	inhabit able
tangential	tangent ial
powder	powder
exploitation	exploit ation
velar	velar
feint	feint
fuck	fuck
benefactress	benefactor ess
princess	prince ess
scour	scour
decimal	decimal
seriatim	seriatim
gutturally	guttural ly
horrific	horrify ic
executive	executive
overhang	overhang
fez	fez
splinter	splinter
leguminous	legume ous
pricey	price y
caliphate	caliph ate
sharpshooter	sharp shoot er
frigidity	frigid ity
spume	spume
commissary	commit ary
warmth	warm th
influx	in flux
typesetter	typeset er
jabberer	jabber er
challenge	challenge
semaphore	semaphore
capably	capable ly
coup	coup
musket	musket
hint	hint
orange	orange
mire	mire
villainies	villainy s
ballad	ballad
prosaically	prosaic ally
chaff	chaff
hitchhiker	hitchhike er
adoration	adore ation
mineralogist	mineralogy ist
teenage	teens age
overweight	over weight
precise	precise
petrifaction	petrify ion
dictate	dictate
tab	tab
indivisible	in divisible
undress	un dress
superfine	super fine
knowledgeably	knowledgeable ly
suppose	suppose
pearly	pearl y
stammering	stammering
hungrily	hungry ly
rattle	rattle
intro	introduction
accessibility	accessible ity
merchant	merchant
southwards	southward s
notification	notify ation
carafe	carafe
inaudible	in audible
pardonable	pardon able
hoarsely	hoarse ly
brinksmanship	brink s man ship
brigandage	brigand age
restorative	restoration ive
volunteer	volunteer
peculiarity	peculiar ity
ape	ape
genre	genre
emulsify	emulsion ify
hoariness	hoary ness
westwards	westward s
stupor	stupor
staggeringly	staggering ly
curatorship	curator ship
frankly	frank ly
unsullied	un sullied
pecker	peck er
extension	extend ion
yield	yield
encase	en case
outcaste	outcaste
senate	senate
internalization	internalize ation
suction	suck ion
understate	under state
dissimulate	dis simulate
involuntarily	involuntary ly
infestation	infest ation
unhealthy	un healthy
analgesic	analgesia ic
overcrop	over crop
reel	reel
uninformed	un informed
duet	duet
john	john
independently	independent ly
comfortless	comfort less
sync	synchronization
plantation	plant ation
jellaba	jellaba
quantifiable	quantify able
spell	spell
deductive	deduction ive
fated	fate ed
prink	prink
priest	priest
entertainingly	entertaining ly
rose	rose
conjunction	conjoin ion
dogmatically	dogmatic ally
affirmatively	affirmative ly
petitioner	petition er
phaeton	phaeton
scintilla	scintilla
withering	withering
pageant	pageant
salaciousness	salacious ness
burr	burr
colonizer	colonize er
uniformed	uniform ed
shiftlessness	shiftless ness
snipe	snipe
toddle	toddle
reliability	reliable ity
proof	proof
mortise	mortise
shrinkage	shrink age
glowing	glowing
empty	empty
mayday	mayday
saurian	Sauria an
demobilization	demobilize ation
gloat	gloat
chambers	chambers
unpick	un pick
childbearing	childbearing
surrealist	surrealism ist
absently	absent ly
impulsively	impulsive ly
bougainvillaea	bougainvillaea
wavy	wave y
closely	close ly
victoria	Victoria
dispossessed	dispossessed
formative	formation ive
condom	condom
unionist	union ist
activate	active ate
seventieth	seventy th
exclusiveness	exclusive ness
brainy	brain y
uterine	uterus ine
punchiness	punchy ness
sublet	sub let
circular	circular
befitting	befitting
atheist	atheism ist
infraction	infract ion
four	four
leasehold	leasehold
domination	dominate ion
thirstily	thirsty ly
capitalize	capital ize
coat	coat
tip	tip
appreciative	appreciation ive
ropey	rope y
imperialist	imperialist
sad	sad
abdominal	abdomen al
sanctimoniously	sanctimonious ly
spice	spice
effusiveness	effusive ness
bustle	bustle
participial	participle ial
stigmatize	stigma ize
synthesizer	synthesize er
expediently	expedient ly
double	double
impulsiveness	impulsive ness
jerk	jerk
grape	grape
monasticism	monastic ism
seminar	seminar
cohesive	cohesion ive
uncommitted	un committed
zealousness	zealous ness
horrors	horrors
pizzicato	pizzicato
garage	garage
antithetically	antithetical ly
maverick	maverick
casting	casting
dibber	dib er
insane	in sane
disgorge	dis gorge
appro	approval
gladiatorial	gladiator ial
overhand	over hand
arbitrariness	arbitrary ness
revolutionize	revolution ize
fifteenth	fifteenth
scribble	scribble
creative	creation ive
confessor	confess or
disfrock	dis frock
reincarnation	reincarnate ion
deodorant	deodorize ant
cello	cello
blasted	blasted
release	release
simile	simile
nonaligned	non aligned
irrepressibly	irrepressible ly
camping	camping
artistically	artistic ally
abbe	abbe
alien	alien
convivially	convivial ly
carapace	carapace
uninterruptedly	uninterrupted ly
bine	bine
cricket	cricket
foolishly	foolish ly
brown	brown
psychedelic	psychedelic
forewarn	fore warn
sturgeon	sturgeon
dory	dory
deposit	deposit
leaf	leaf
commonage	common age
prettily	pretty ly
hang	hang
topographical	topography ical
quiescence	quiescent ence
generator	generate or
unfurnished	un furnished
repression	repress ion
languorous	languor ous
steeple	steeple
driveller	drivel er
indexer	index er
inaccuracy	inaccurate cy
noticeable	notice able
chauvinist	chauvinism ist
generality	general ity
wrangle	wrangle
succour	succour
subtenant	sub tenant
asexuality	asexual ity
sightliness	sightly ness
armed	armed
heroine	hero ine
effectualness	effectual ness
retread	re tread
praline	praline
myopically	myopic ally
deduction	deduce ion
picnicker	picnic er
inactivate	inactive ate
cleanser	cleanse er
geophysical	geophysics al
deformation	deform ation
ablutions	ablutions
inauspicious	in auspicious
panic	panic
squiggle	squiggle
individual	individual
sliver	sliver
privileged	privilege ed
oafishness	oafish ness
feline	feline
advisability	advisable ity
residuary	residue ary
rejection	reject ion
direfully	direful ly
informant	inform ant
extemporize	extempore ize
vixenish	vixen ish
timothy	timothy
introduction	introduce ion
confession	confess ion
ticket	ticket
solicitor	solicit or
pokiness	poky ness
electoral	elector al
insatiate	in satiate
pert	pert
fledge	fledge
buff	buff
expectation	expect ation
false	false
mastic	mastic
dangerously	dangerous ly
recitative	recitation ive
attraction	attract ion
conditioned	conditioned
practised	practised
guardianship	guardian ship
muster	muster
remodel	re model
shag	shag
crackle	crackle
shovelful	shovel ful
grumbling	grumbling
keeps	keep s
prediction	predict ion
thane	thane
fag	fag
aureola	aureola
phobic	phobic
preternaturally	preternatural ly
plastics	plastic s
bestride	be stride
cauterize	cautery ize
account	account
sentimentalize	sentimental ize
rouble	rouble
ponder	ponder
typographically	typographical ly
misinform	mis inform
befall	be fall
suavely	suave ly
nigh	nigh
protuberant	protuberate ant
wielder	wield er
polygamous	polygamy ous
incongruity	incongruous ity
thermionic	thermion ic
antecedence	antecedent ence
gripping	gripping
embolden	em bold en
disastrously	disastrous ly
frond	frond
dishonest	dis honest
foreknow	fore know
wizard	wizard
coupe	coupe
code	code
intercommunication	intercommunicate ion
slickly	slick ly
skip	skip
challenger	challenge er
tyrannous	tyrant ous
declamatory	declamation ory
vibration	vibrate ion
introverted	introvert ed
indecisively	indecisive ly
glow	glow
scoffer	scoff er
squareness	square ness
dress	dress
rapist	rape ist
graceful	grace ful
impressionable	impression able
breathlessness	breathless ness
merit	merit
jingoist	jingoist
powerlessly	powerless ly
peacemaker	peace make er
spurn	spurn
wingless	wing less
allopathic	allopathy ic
scratch	scratch
beget	be get
rushy	rush y
relief	relieve
scrimp	scrimp
handful	hand ful
flannel	flannel
victim	victim
prestressed	pre stressed
pessimist	pessimism ist
foursome	four some
massage	massage
wetting	wetting
carefulness	careful ness
wine	wine
agitated	agitated
slap	slap
solidus	solidus
pay	pay
conviction	convict ion
tempo	tempo
reward	reward
codswallop	codswallop
locality	local ity
impishness	impish ness
neurologist	neurology ist
much	much
ordinand	ordinand
caricaturist	caricature ist
outweigh	out weigh
winsomeness	winsome ness
bankruptcy	bankrupt cy
ethics	ethics
reafforestation	reafforest ation
rutting	rut ing
oast	oast
inpouring	inpouring
illustriously	illustrious ly
whelp	whelp
tactful	tact ful
scallop	scallop
forkful	fork ful
soporifically	soporific ally
introversion	introvert ion
warble	warble
negus	negus
resuscitation	resuscitate ion
selector	select or
biltong	biltong
mountain	mountain
goner	gone er
weak	weak
towelling	towelling
conically	conical ly
whites	white s
wherein	wherein
county	count y
stoolie	stool ie
figuratively	figurative ly
pad	pad
acrobatic	acrobat ic
gambling	gambling
louvred	louvre ed
intrusive	intrusion ive
prattle	prattle
deflationary	deflation ary
circumferential	circumference ial
revoltingly	revolting ly
dishearten	dis hearten
grovel	grovel
preview	pre view
hypo	hypo
pillager	pillage er
blinder	blind er
floral	flora al
sadness	sad ness
epileptic	epilepsy ic
longwindedly	longwinded ly
apoplectic	apoplexy ic
motorcyclist	motorcycle ist
unrelentingly	unrelenting ly
depravation	deprave ation
spectacled	spectacle ed
junta	junta
hyphen	hyphen
restriction	restrict ion
entreaty	entreat y
crimp	crimp
ashen	ash en
paradoxically	paradoxical ly
excruciatingly	excruciating ly
vat	vat
titillation	titillate ion
serial	serial
solicitously	solicitous ly
pellucidly	pellucid ly
bayonet	bayonet
raccoon	raccoon
pastor	pastor
genealogical	genealogy ical
counterfeit	counterfeit
slattern	slattern
substantiation	substantiate ion
germ	germ
garrison	garrison
bleachers	bleachers
associate	associate
wold	wold
jumpily	jumpy ly
divergently	divergent ly
tinniness	tinny ness
worst	worst
inscrutability	inscrutable ity
communicable	communicate able
sometimes	some times
ion	ion
shares	shares
sizing	size ing
school	school
disorient	dis orient
romper	romp er
answer	answer
clink	clink
plaint	plaint
allowable	allow able
satisfactorily	satisfactory ly
shady	shade y
heretically	heretical ly
moony	moon y
inflammation	inflame ation
habit	habit
nitric	nitre ic
ranks	ranks
earl	earl
statuary	statue ary
buoyancy	buoyant ancy
chiropractor	chiropractic or
principally	principal ly
brew	brew
disafforest	dis afforest
exemption	exempt ion
yid	Yiddish
large	large
liturgically	liturgical ly
looks	looks
banjo	banjo
auditory	audition ory
diffraction	diffract ion
splotchy	splotch y
collaborationist	collaborationist
venerable	venerate able
energetically	energetic ally
clownishness	clownish ness
confined	confined
groceries	groceries
unconcerned	un concerned
prepared	prepared
abjuration	abjure ation
speakership	speaker ship
prognosticator	prognosticate or
incandescence	incandescent ence
epicurean	epicure an
adeptly	adept ly
deliberation	deliberate ion
inoffensive	in offensive
bulbous	bulb ous
nameless	name less
spirit	spirit
mouth	mouth
kernel	kernel
professorially	professorial ly
perversion	pervert ion
ask	ask
burst	burst
wish	wish
elusive	elusion ive
intent	intent
supplicant	supplicate ant
pharisaical	pharisee ical
gaunt	gaunt
coddle	coddle
whole	whole
quod	quod
nourish	nourish
awkwardness	awkward ness
exhibitionism	exhibition ism
cymbalist	cymbal ist
stoke	stoke
chronicle	chronicle
disarm	dis arm
chum	chum
clerk	clerk
bloated	bloated
chain	chain
ardently	ardent ly
dipper	dip er
inessential	inessential
pulpit	pulpit
cerebrally	cerebral ly
eurhythmic	eurhythmy ic
codification	codify ation
hornless	horn less
shaker	shake er
mushy	mush y
grandiloquence	grandiloquent ence
subnormal	subnormal
toil	toil
pacifist	pacifism ist
unmask	un mask
vestry	vest ry
strong	strong
voluptuousness	voluptuous ness
gird	gird
purdah	purdah
opprobriously	opprobrious ly
mayor	mayor
dividers	divide er s
bridal	bride al
harmlessly	harmless ly
bolt	bolt
tanner	tan er
prompt	prompt
recoverable	recover able
cloister	cloister
heptagonal	heptagon al
correlative	correlation ive
cryptographically	cryptographic ally
demerara	demerara
northeaster	northeast er
randiness	randy ness
curacoa	curacoa
trustee	trust ee
roof	roof
validate	valid ate
downwind	downwind
till	till
pup	pup
condone	condone
superficiality	superficial ity
itch	itch
roll	roll
daemon	daemon
self	self
lark	lark
saline	salt ine
horizontally	horizontal ly
possessively	possessive ly
calibrate	calibre ate
anode	anode
correlate	correlate
lettuce	lettuce
indecorum	in decorum
diuretic	diuretic
redness	Red ness
transmutation	transmute ation
veterinarian	veterinary an
lechery	lecher ery
optional	option al
maidenly	maiden ly
grasp	grasp
detective	detection ive
duckling	duck ling
marguerite	marguerite
subatomic	sub atomic
torrent	torrent
quintal	quintal
exhibit	exhibit
contestable	contest able
trusting	trusting
imbecile	imbecile
estimation	estimate ion
illumination	illuminate ion
mechanize	mechanic ize
infirmary	infirm ary
fluidity	fluid ity
grave	grave
scandalously	scandalous ly
peckish	peck ish
docker	dock er
bemuse	be muse
peril	peril
homogeneously	homogeneous ly
observatory	observation ory
vulcanize	Vulcan ize
fuss	fuss
depiction	depict ion
inorganic	in organic
cotton	cotton
theosophical	theosophy ical
lemon	lemon
broadmindedly	broadminded ly
incontinent	in continent
muddy	muddy
faddish	fad ish
advisory	advise ory
uneconomical	un economical
carburet	carburet
linnet	linnet
quotable	quote able
hoydenish	hoyden ish
toast	toast
flick	flick
pastel	pastel
additive	addition ive
gavotte	gavotte
heedfulness	heedful ness
nymph	nymph
phantasmic	phantasm ic
pacesetter	pace set er
fleck	fleck
wolfsbane	wolf s bane
rearrange	re arrange
orphan	orphan
demented	demented
bombastically	bombastic ally
narrative	narration ive
complainingly	complain ing ly
nosedive	nosedive
plasma	plasma
carnival	carnival
aquaplane	aquaplane
edgily	edgy ly
liveliness	lively ness
pyre	pyre
hyphenate	hyphen ate
indefinably	indefinable ly
ventilator	ventilate or
inhibitedly	inhibited ly
nastily	nasty ly
eight	eight
disintegrate	dis integrate
nark	nark
dispensation	dispense ation
legendary	legend ary
active	action ive
rejoicing	rejoicing
dozily	dozy ly
probe	probe
veined	vein ed
roost	roost
inactivity	inactive ity
drear	drear
mongol	mongol
superciliousness	supercilious ness
expeditionary	expedition ary
hooter	hoot er
accommodation	accommodate ion
inspirational	inspiration al
fertilizer	fertilize er
shingly	shingle y
beautifully	beautiful ly
reach	reach
improvidently	improvident ly
footle	footle
landau	landau
extemporization	extemporize ation
slushy	slush y
mummer	mum er
flue	flue
gauzy	gauze y
tributary	tributary
unblushing	un blushing
salesman	sale s man
wordiness	wordy ness
zoologist	zoology ist
deficiently	deficient ly
phlegm	phlegm
admirably	admirable ly
blacken	black en
flagrancy	flagrant ancy
thermion	thermo ion
bagful	bag ful
steal	steal
subject	subject
undue	un due
loom	loom
superior	superior
prorogation	prorogue ation
bane	bane
portrait	portrait
extravagantly	extravagant ly
distillation	distil ation
negotiation	negotiate ion
comeliness	comely ness
elfish	elf ish
applaud	applaud
opulence	opulent ence
stratify	stratum ify
recce	recce
plough	plough
certifiable	certify able
crushing	crushing
qualifications	qualifications
blessedly	blessed ly
pertinaciously	pertinacious ly
exogamous	exogamy ous
rehouse	re house
teacher	teach er
slighting	slighting
squeezer	squeeze er
cackle	cackle
blindness	blind ness
philistinism	philistine ism
unperson	un person
particularize	particular ize
exhaustion	exhaust ion
shake	shake
pax	pax
adorable	adore able
smitten	smitten
harass	harass
infinitely	infinite ly
officiate	office ate
daisy	daisy
certificate	certify ate
doubtful	doubt ful
casino	casino
bareheaded	bare head ed
team	team
exactingly	exacting ly
virgin	virgin
misbehave	mis behave
tattiness	tatty ness
incredible	in credible
hustler	hustle er
mannered	manner ed
relative	relation ive
renovator	renovate or
nap	nap
wry	wry
elementarily	elementary ly
stubby	stub y
stead	stead
imperturbably	imperturbable ly
final	final
pinch	pinch
chub	chub
judge	judge
blithesome	blithe some
unlawful	un lawful
noiselessness	noiseless ness
happen	happen
spar	spar
bogus	bogus
cense	incense
sociability	sociable ity
coif	coif
devastation	devastate ion
leap	leap
inebriation	inebriate ion
papadum	papadum
hip	hip
lovelorn	lovelorn
tuck	tuck
accost	accost
tawdriness	tawdry ness
hope	hope
savoury	savour y
capture	capture
studiously	studious ly
creditor	credit or
redo	re do
pupation	pupate ion
abjection	abject ion
speleological	speleology ical
expo	exposition
hanky	handkerchief y
sewing	sewing
consecutively	consecutive ly
facings	facings
tintinnabulation	tintinnabulum ation
bookable	book able
jejunely	jejune ly
provider	provide er
languid	languid
befit	be fit
fleet	fleet
roofless	roof less
aspidistra	aspidistra
jaundiced	jaundiced
lathi	lathi
wigwam	wigwam
pleasantness	pleasant ness
personify	person ify
beastliness	beastly ness
doggy	dog y
doctor	doctor
transversely	transverse ly
flapper	flap er
echelon	echelon
shamefully	shameful ly
hula	hula
spoil	spoil
finable	fine able
dungaree	dungaree
mover	move er
freeborn	free born
gritty	grit y
doggone	doggone
underline	under line
contingently	contingent ly
moil	moil
childhood	child hood
rust	rust
mammy	mam y
qualification	qualify ation
nocturnally	nocturnal ly
schema	schema
penitently	penitent ly
befog	be fog
dabs	dab s
inconsiderable	in considerable
gluttony	glutton y
bisexually	bisexual ly
overgrown	over grown
mapping	mapping
copse	copse
unquestioned	un questioned
severally	several ly
potentiality	potential ity
instate	in state
variously	various ly
solidification	solidify ation
saturation	saturate ion
silkiness	silky ness
plump	plump
pebbly	pebble y
relative	relative
insensibility	insensible ity
esoterically	esoteric ally
plagiarize	plagiarism ize
predeterminer	pre determiner
hereunder	here under
priggishness	priggish ness
decamp	de camp
showily	showy ly
composedly	composed ly
indenture	indenture
pithiness	pithy ness
charismatic	charisma ic
bereft	bereft
yachtswoman	yacht s woman
denotation	denote ation
clip	clip
nope	nope
meliorism	meliorate ism
asbestos	asbestos
oxide	oxide
toffee	toffee
piper	pipe er
grudge	grudge
variably	variable ly
abnormally	abnormal ly
lisp	lisp
reciprocation	reciprocate ion
cretinous	cretin ous
rakish	rake ish
bribe	bribe
lavender	lavender
vastly	vast ly
illegibility	illegible ity
reconstitute	re constitute
merchandise	merchandise
groggily	groggy ly
crate	crate
prophylactically	prophylactic ally
seductively	seductive ly
highbrow	highbrow
divan	divan
variableness	variable ness
narcissistically	narcissistic ally
whereto	whereto
more	more
cellist	cello ist
stranded	stranded
stumpy	stump y
button	button
assuage	assuage
angostura	angostura
brutality	brutal ity
ooze	ooze
priggish	prig ish
itchy	itch y
coverlet	cover let
forehead	fore head
prepossessing	prepossessing
bonnet	bonnet
culvert	culvert
subconsciously	subconscious ly
mizzen	mizzen
saliva	saliva
unfortunate	un fortunate
hack	hack
falsification	falsify ation
larboard	larboard
purgatory	purgation ory
shew	shew
easiness	easy ness
fluently	fluent ly
sepulchre	sepulchre
drover	drove er
helpfulness	helpful ness
planless	plan less
seriousness	serious ness
percussive	percussion ive
arrest	arrest
enervate	e nerve ate
shepherdess	shepherd ess
winning	winning
grimness	grim ness
straiten	strait en
insecure	in secure
rerun	re run
cyclist	cycle ist
girlie	girl ie
photograph	photograph
goddam	goddam
transmitter	transmit er
dearest	dearest
convenience	convenient ence
tropics	tropics
besiege	be siege
argue	argue
tomb	tomb
alliteratively	alliterative ly
ulterior	ulterior
scintillate	scintillate
parry	parry
liqueur	liqueur
tenthly	tenth ly
outbrave	out brave
impulse	impulse
remould	remould
hurdle	hurdle
unbuckle	un buckle
potholer	pothole er
recalcitrant	recalcitrant
fatalistic	fatalist ic
unceremonious	un ceremonious
pasturage	pasture age
philatelist	philately ist
pea	pea
haricot	haricot
incremental	increment al
ebullience	ebullient ence
sofa	sofa
criminal	crime al
nebula	nebula
magnetism	magnet ism
expectant	expect ant
dewiness	dewy ness
unseasoned	un seasoned
deary	dear y
usurer	usury er
shrive	shrive
gratis	gratis
shelf	shelf
alumna	alumna
round	round
opinionated	opinion ate ed
greenish	green ish
dominoes	dominoes
lexical	lexicon al
curl	curl
arresting	arresting
acclaim	acclaim
insured	insured
dowsing	dowsing
aisle	aisle
cove	cove
inconstant	in constant
ingrown	in grown
pate	pate
classic	classic
romanticize	romantic ize
manometrically	manometrical ly
unwed	un wed
overlong	overlong
sprinkling	sprinkling
disqualification	disqualify ation
pillar	pillar
also	also
charm	charm
daffodil	daffodil
comparable	compare able
indistinguishably	indistinguishable ly
disorganize	dis organize
intercommunicate	inter communicate
retouch	re touch
tit	tit
regretfulness	regretful ness
economist	economy ist
doubtless	doubt less
valid	valid
nut	nut
playlet	play let
affirmative	affirmation ive
expropriator	expropriate or
canton	canton
untimely	un timely
outstrip	out strip
porridge	porridge
acceptable	accept able
overtone	over tone
distantly	distant ly
poky	poke y
mettlesome	mettle some
matriarchal	matriarch al
roman	Rome an
riffraff	riffraff
python	python
printer	print er
seamer	seam er
cocoon	cocoon
cam	cam
ownerless	owner less
toneless	tone less
consonant	consonant
caste	caste
monkey	monkey
relive	re live
sung	sung
logarithmic	logarithm ic
endlessly	endless ly
chatter	chat er
eminently	eminent ly
skive	skive
jollity	jolly ity
mesa	mesa
congressional	congress al
handiness	handy ness
rotary	rotary
emphysema	emphysema
contumelious	contumely ous
classify	class ify
derogation	derogate ion
eaves	eaves
toucan	toucan
ringer	ring er
mellow	mellow
unutterably	unutterable ly
naturalist	naturalism ist
starry	star y
psychiatrist	psychiatry ist
tare	tare
benevolently	benevolent ly
neatly	neat ly
gingko	gingko
colicky	colic y
acrimoniously	acrimonious ly
literately	literate ly
clerihew	clerihew
elements	elements
angler	angle er
piquancy	piquant ancy
nearness	near ness
lime	lime
refulgence	refulgent ence
gerrymander	gerrymander
prostration	prostrate ion
foolish	fool ish
camphorate	camphor ate
masturbation	masturbate ion
enwrap	en wrap
zing	zing
discrepancy	discrepant ancy
brim	brim
brandy	brandy
demonic	demon ic
gamely	game ly
smilax	smilax
worrying	worrying
fortnightly	fortnightly
symmetrical	symmetry ical
mizzle	mizzle
porcine	pork ine
dactylic	dactyl ic
teasel	teasel
drudge	drudge
chord	chord
bathing	bathing
determine	determine
theologian	theology an
discovery	discover ery
salivary	saliva ary
unpretentiously	unpretentious ly
overseer	oversee er
mistrustfully	mistrustful ly
knead	knead
glean	glean
embezzler	embezzle er
sublimate	sublimate
commutable	commute able
ensanguined	ensanguined
maritally	marital ly
shortsighted	short sight ed
conspiratorial	conspirator ial
substantival	substantive al
sadistic	sadist ic
repoint	re point
peregrination	peregrinate ion
drubbing	drubbing
hoyden	hoyden
sorcerer	sorcery er
mutability	mutable ity
wildly	wild ly
soused	soused
propitiously	propitious ly
reviler	revile er
booster	boost er
shimmer	shimmer
senses	senses
lament	lament
ibex	ibex
inboard	in board
charged	charged
unfeigned	un feigned
terrifically	terrific ally
accretion	accrete ion
stoup	stoup
igloo	igloo
manometric	manometer ic
prefix	pre fix
inexplicably	inexplicable ly
loathsomeness	loathsome ness
price	price
cubical	cube ical
sluggishly	sluggish ly
elegiacal	elegy al
virologist	virology ist
flute	flute
bruise	bruise
leakiness	leaky ness
fairish	fair ish
loudly	loud ly
tenet	tenet
exultant	exult ant
locomotive	locomotive
myopic	myopia ic
palatial	palace ial
realm	realm
disappointedly	disappointed ly
sweeping	sweeping
homeliness	homely ness
refuse	refuse
repot	re pot
strolling	strolling
luminously	luminous ly
colourlessly	colourless ly
stoker	stoke er
misappropriate	mis appropriate
dearness	dear ness
redress	re dress
rehash	re hash
raver	rave er
purposely	purpose ly
heraldry	herald ry
persuasive	persuasion ive
alone	alone
gist	gist
opal	opal
going	going
toby	toby
fissionable	fission able
bulgy	bulge y
amalgamation	amalgamate ion
breathiness	breathy ness
supernumerary	super numerary
blow	blow
communications	communications
donkey	donkey
eschatological	eschatology ical
how	how
speediness	speedy ness
return	return
ireful	ire ful
plum	plum
monotonously	monotonous ly
boundlessly	boundless ly
concuss	concuss
somnolently	somnolent ly
curdle	curdle
idem	idem
fugue	fugue
academic	academy ic
bordello	bordello
strip	strip
cot	cot
disgrace	disgrace
satiric	satire ic
zeppelin	zeppelin
system	system
mystically	mystical ly
closefisted	close fist ed
curve	curve
conga	conga
inestimably	inestimable ly
rehash	rehash
wraith	wraith
agonized	agonized
megalithic	megalith ic
reinstate	re instate
advances	advances
dancer	dance er
safeguard	safeguard
nicknack	nicknack
pacifier	pacify er
fetishist	fetishist
parodist	parody ist
misdeed	mis deed
sophisticate	sophisticate
loco	loco
rooms	rooms
consubstantiation	consubstantiate ion
paunchy	paunch y
tearfully	tearful ly
infatuate	in fatuous ate
jobless	jobless
quackery	quack ery
vindictively	vindictive ly
numinousness	numinous ness
gropingly	grope ing ly
scaffold	scaffold
meantime	meantime
lineage	line age
counterfeiter	counterfeit er
sordidly	sordid ly
fiesta	fiesta
reciprocity	reciprocal ity
twig	twig
blockade	blockade
compressibility	compressible ity
complex	complex
leaded	lead ed
unskilled	un skilled
endurable	endure able
circuit	circuit
professor	profess or
pocket	pocket
projectile	projectile
fluorine	fluor ine
ferociousness	ferocious ness
strangle	strangle
electrocution	electrocute ion
sighting	sighting
stapler	staple er
hideousness	hideous ness
remorselessly	remorseless ly
tearaway	tearaway
annexation	annex ation
freely	free ly
despairingly	despairing ly
infirmity	infirm ity
immovably	immovable ly
wreck	wreck
sheldrake	sheldrake
demonstration	demonstrate ion
acquaintanceship	acquaintance ship
lazy	laze y
floater	float er
tonality	tonal ity
wandering	wandering
intolerable	in tolerable
idleness	idle ness
teeth	teeth
minimize	minimal ize
intensify	intense ify
strategist	strategy ist
snuffer	snuff er
etcher	etch er
bream	bream
geographer	geography er
kink	kink
worthless	worth less
oversell	over sell
earful	ear ful
dementedly	demented ly
essential	essence ial
maidenhood	maiden hood
fussiness	fussy ness
momma	momma
campaign	campaign
reputedly	reputed ly
osteopathy	osteopath y
foible	foible
perspicuity	perspicuous ity
daydreamer	daydream er
cringe	cringe
barter	barter
experimental	experiment al
crotch	crotch
dislike	dislike
greed	greed
darling	darling
plumbing	plumbing
dishy	dish y
phonetics	phonetic s
incapability	incapable ity
dinar	dinar
knocker	knock er
personalization	personalize ation
thinness	thin ness
vetch	vetch
rand	rand
grower	grow er
reproach	reproach
regularization	regularize ation
fogginess	foggy ness
impeachable	impeach able
solely	sole ly
statehood	state hood
restiveness	restive ness
eat	eat
nefariousness	nefarious ness
meaninglessness	meaningless ness
rumbling	rumbling
limp	limp
fool	fool
groundlessly	groundless ly
boisterously	boisterous ly
lamplighter	lamp light er
grizzled	grizzled
hauntingly	haunting ly
jingle	jingle
mockingly	mocking ly
sanctities	sanctities
proprietary	proprietor ary
eulogist	eulogy ist
shipbuilding	ship building
coir	coir
twentieth	twentieth
accidental	accident al
risibility	risible ity
continuation	continue ation
retire	retire
midway	midway
grafter	graft er
yak	yak
poised	poised
cruelly	cruel ly
tentativeness	tentative ness
separation	separate ion
misjudge	mis judge
northwester	northwest er
sunken	sunken
antibiotically	antibiotic ally
minimally	minimal ly
beatifically	beatific ally
experiment	experiment
breathtakingly	breathtaking ly
pawpaw	pawpaw
bongo	bongo
paddock	paddock
grudging	grudging
religious	religious
satin	satin
bloodlessness	bloodless ness
fleetly	fleet ly
writhe	writhe
trainable	train able
perishingly	perishing ly
vivisectionist	vivisection ist
economically	economic ally
overdose	over dose
troy	troy
brand	brand
citron	citron
filmy	film y
placidity	placid ity
surface	surface
fleece	fleece
retentiveness	retentive ness
giro	giro
dodderingly	doddering ly
upholstery	upholster ery
scaly	scale y
compiler	compile er
rarity	rare ity
candied	candied
distributional	distribution al
obliquely	oblique ly
conveyancer	conveyance er
disapprove	dis approve
leotard	leotard
politician	politics ian
impersonator	impersonate or
centrally	central ly
reproductive	re productive
ruins	ruins
unfamiliar	un familiar
footage	foot age
alpinist	alpinism ist
willow	willow
soloist	solo ist
undeceive	un deceive
luck	luck
longish	long ish
imminence	imminent ence
machinate	machine ate
carnivorous	carnivore ous
ineffability	ineffable ity
choice	choice
pirate	pirate
defeatism	defeat ism
cosmetic	cosmetic
purism	pure ism
abilities	abilities
floss	floss
royally	royal ly
impeller	impel er
aitch	aitch
noticeably	noticeable ly
cosignatory	cosignatory
conservatory	conservation ory
crispness	crisp ness
succinctness	succinct ness
shit	shit
mass	mass
rancidity	rancid ity
hyperbolic	hyperbola ic
strikingly	striking ly
provocative	provocation ive
sunbather	sunbathe er
goliath	Goliath
suspension	suspend ion
interrogative	interrogation ive
denunciation	denounce ation
rape	rape
incidence	incident ence
silly	silly
regulo	Regulo
person	person
disinfection	disinfect ion
disobligingly	disobliging ly
bedevil	be devil
profligacy	profligate cy
nought	nought
epic	epic
unlike	unlike
hooker	hook er
outnumber	out number
godlike	god like
coequal	coequal
fours	fours
sadden	sad en
probing	probing
withdrawn	withdrawn
bitchy	bitch y
deucedly	deuced ly
inexorably	inexorable ly
appalling	appalling
ness	ness
indiscernible	in discernible
following	following
carcinoma	carcinoma
freeholder	freehold er
potentate	potent ate
amaryllis	amaryllis
fluoridize	fluoride ize
your	your
zoological	zoology ical
spring	spring
observation	observe ation
pretentiously	pretentious ly
firth	firth
affected	affected
indeterminable	in determinable
relationship	relation ship
incomparability	incomparable ity
downer	down er
bazooka	bazooka
worker	work er
chasuble	chasuble
fond	fond
journalist	journalism ist
talcum	talcum
spoof	spoof
conjectural	conjecture al
fatefully	fateful ly
unasked	un asked
fairness	fair ness
blister	blister
oratorically	oratorical ly
enable	en able
liking	liking
anopheles	anopheles
riskiness	risky ness
dowel	dowel
fucker	fuck er
alcohol	alcohol
tenderly	tender ly
smelliness	smelly ness
furiously	furious ly
capsule	capsule
filmable	film able
bittiness	bitty ness
precipitously	precipitous ly
baby	baby
quadrilateral	quadrilateral
refloat	re float
briefing	briefing
creosote	creosote
misguide	mis guide
lush	lush
confectionery	confection ery
dinkum	dinkum
crustiness	crusty ness
substantive	substance ive
parsimonious	parsimony ous
chauvinistically	chauvinistic ally
eligibly	eligible ly
cloth	cloth
arse	arse
bellicose	bellicose
definable	define able
irregularly	irregular ly
vinyl	vinyl
compartmental	compartment al
astride	astride
tenuously	tenuous ly
malapropism	Malaprop ism
inward	inward
village	village
eddy	eddy
skew	skew
whereabouts	where about s
gaily	gay ly
wainscoted	wainscot ed
reverently	reverent ly
toots	toots
flaccidity	flaccid ity
frazzle	frazzle
spelt	spelt
republican	republic an
purchasable	purchase able
sextuplet	sextuplet
dissoluble	dis soluble
vex	vex
hard	hard
rehabilitation	rehabilitate ion
numeracy	numerate cy
hedgehopper	hedgehop er
meditatively	meditative ly
cowling	cowling
explorative	exploration ive
once	once
cream	cream
governing	governing
preachify	preach ify
gown	gown
wan	wan
emigrant	emigrate ant
balloon	balloon
cubism	cube ism
plantain	plantain
wonted	wont ed
speechlessness	speechless ness
chastely	chaste ly
impecuniously	impecunious ly
unearthly	un earthly
throughout	through out
rotter	rot er
anecdotal	anecdote al
cachet	cachet
interlard	inter lard
laudability	laudable ity
nightmarishness	nightmarish ness
specialize	special ize
undersign	under sign
musical	music al
frown	frown
messuage	messuage
patience	patient ence
catalogue	catalogue
violently	violent ly
solace	solace
rurally	rural ly
steps	steps
disgraceful	disgrace ful
defoliation	defoliate ion
shortsightedness	shortsighted ness
fattiness	fatty ness
safeness	safe ness
manful	man ful
lateness	late ness
rompers	rompers
unsparing	un sparing
idealization	idealize ation
seminal	semen al
outrange	out range
surplus	surplus
revenue	revenue
slay	slay
cheapness	cheap ness
frigidness	frigid ness
ben	ben
nosy	nose y
squeeze	squeeze
beat	beat
longwise	long wise
buttery	butt ery
supperless	supper less
giant	giant
festoon	festoon
knacker	knack er
smudge	smudge
sericultural	sericulture al
mick	mick
asparagus	asparagus
constructor	construct or
talkie	talk ie
contest	contest
fictitiously	fictitious ly
otherwise	other wise
tocsin	tocsin
carmine	carmine
snap	snap
compendiously	compendious ly
latecomer	late come er
impromptu	impromptu
personalities	personalities
wreathe	wreath
dislocate	dis locate
tanning	tanning
darning	darning
journalism	journal ism
despicably	despicable ly
rawness	raw ness
dreaded	dreaded
incongruousness	incongruous ness
ambitious	ambition ous
groin	groin
perennially	perennial ly
utter	utter
trafficker	traffic er
move	move
beneficence	beneficent ence
efflorescence	efflorescent ence
climactic	climax ic
waken	wake en
concretely	concrete ly
snook	snook
bypass	bypass
dependability	dependable ity
spectral	spectre al
whiner	whine er
stage	stage
cumbersome	cumber some
unwarranted	un warranted
sacramental	sacrament al
verruca	verruca
dun	dun
misinterpretation	misinterpret ation
tastelessly	tasteless ly
blindly	blind ly
trigger	trigger
reprehensibly	reprehensible ly
boaster	boast er
scurry	scurry
immensely	immense ly
register	register
nervy	nerve y
surfing	surfing
gesture	gesture
nurture	nurture
incubation	incubate ion
rusticity	rustic ity
terminus	terminus
thankfulness	thankful ness
sermonize	sermon ize
shine	shine
screwy	screw y
lemur	lemur
trilingually	trilingual ly
sabotage	sabotage
scenarist	scenario ist
supremacist	supremacy ist
humane	humane
lobe	lobe
impassioned	impassioned
toddler	toddle er
carnally	carnal ly
allegorically	allegorical ly
undertaking	undertaking
snuffles	snuffles
tobacco	tobacco
disaffiliate	dis affiliate
amends	amend s
confirmed	confirmed
quizzically	quizzical ly
unearth	un earth
seminarist	seminary ist
copyholder	copyhold er
leech	leech
moulder	mould er
legibility	legible ity
wheresoever	wheresoever
pricily	pricey ly
jeweller	jewel er
sureness	sure ness
urbanization	urbanize ation
naval	navy al
unionization	unionize ation
roar	roar
ramble	ramble
engulf	en gulf
ballistics	ballistic s
indoor	in door
deprecation	deprecate ion
caper	caper
uniquely	unique ly
outwit	out wit
sporting	sporting
engraving	engraving
blimp	blimp
thunderous	thunder ous
joyfulness	joyful ness
pandemic	pandemic
menthol	menthol
booking	booking
inequality	in equality
orthopaedics	orthopaedic s
bell	bell
perjurer	perjure er
maliciously	malicious ly
yob	yob
filthily	filthy ly
ability	able ity
determiner	determine er
jimmy	jimmy
decision	decide ion
loan	loan
prescribed	prescribed
ism	ism
dumper	dump er
any	any
cheer	cheer
husky	husk y
gybe	gybe
determinism	determine ism
shop	shop
regions	regions
puffed	puffed
utilitarian	utilitarian
prohibitory	prohibition ory
tote	tote
bisection	bisect ion
gibe	gibe
undertake	under take
flagellation	flagellate ion
impractically	impractical ly
bawd	bawd
swallowtailed	swallow tail ed
anticlockwise	anticlockwise
meteorite	meteor ite
pram	perambulator
harlotry	harlot ry
rarely	rare ly
boob	boob
vindictiveness	vindictive ness
heathenish	heathen ish
indecipherably	indecipherable ly
debauch	debauch
levodopa	levodopa
expenses	expenses
masculinity	masculine ity
rake	rake
shutter	shutter
outer	out er
prepossess	pre possess
shawl	shawl
tracery	trace ery
developmentally	developmental ly
procreation	procreate ion
inharmoniousness	inharmonious ness
dangerous	danger ous
intermediate	intermediate
facilitation	facilitate ion
private	private
telephotographic	telephotography ic
bureau	bureau
shackle	shackle
indissoluble	in dissoluble
gluey	glue y
timbre	timbre
superstitiously	superstitious ly
rhythmical	rhythm ical
yielding	yielding
shagginess	shaggy ness
inconsequentially	inconsequential ly
lessee	lease ee
theistic	theist ic
chlorination	chlorinate ion
measurable	measure able
striking	striking
anemone	anemone
speciousness	specious ness
pamper	pamper
derivative	derivation ive
realness	real ness
womanliness	womanly ness
crudely	crude ly
candidacy	candidate cy
callowness	callow ness
foredoom	fore doom
compliant	comply ant
mechanistically	mechanistic ally
ignorant	ignore ant
mislay	mis lay
tusk	tusk
terpsichorean	terpsichorean
donation	donate ion
harshness	harsh ness
abundant	abound ant
snifter	snifter
morphine	morphia ine
kola	kola
animal	animal
argumentatively	argumentative ly
earthen	earth en
bistro	bistro
chivy	chivy
sudden	sudden
acceptably	acceptable ly
emeritus	emeritus
ghastliness	ghastly ness
truss	truss
wash	wash
sportive	sport ive
pitiful	pity ful
mane	mane
watchfulness	watchful ness
pooch	pooch
etiolation	etiolate ion
callosity	callous ity
leash	leash
periods	periods
talus	talus
downheartedly	downhearted ly
vandalize	vandal ize
desirous	desire ous
shaggily	shaggy ly
elimination	eliminate ion
plurality	plural ity
beginner	begin er
ladylike	lady like
declaratory	declaration ory
thank	thank
misuse	misuse
displeasing	displeasing
hog	hog
novitiate	novice ate
halibut	halibut
retake	re take
spin	spin
ice	ice
squelch	squelch
wager	wage er
stretch	stretch
catapult	catapult
smoulder	smoulder
gob	gob
mantle	mantle
lamely	lame ly
blonde	blonde
living	living
palliative	palliative
intelligibility	intelligible ity
thread	thread
rationality	rational ity
devilish	devilish
doc	doctor
conversational	conversation al
fullness	full ness
inaptly	inapt ly
evidence	evident ence
reckoning	reckoning
glad	glad
antiquated	antiquated
japan	japan
railroad	railroad
vagueness	vague ness
defendant	defend ant
sponginess	spongy ness
loaf	loaf
tartly	tart ly
electricly	electric ly
poisonously	poisonous ly
redistribution	redistribute ion
authoritarianism	authoritarian ism
enigmatical	enigma ical
inauguration	inaugurate ion
boastful	boast ful
adhesive	adhesion ive
hit	hit
freebooter	free boot er
dullness	dull ness
cease	cease
hybridize	hybrid ize
validly	valid ly
ramification	ramify ation
racism	race ism
tailor	tailor
missing	missing
dejected	dejected
concomitant	concomitant
overnight	over night
question	question
cadaverous	cadaver ous
nightmarish	nightmare ish
giggle	giggle
nativity	native ity
polio	polio
rung	rung
disputation	dispute ation
pile	pile
eats	eat s
inanimately	inanimate ly
mimetic	mimesis ic
clarinet	clarinet
bonded	bonded
dramatize	drama ize
boned	boned
morn	morn
spinach	spinach
materialist	materialism ist
environmental	environment al
sonny	son y
emphasize	emphasis ize
isolationism	isolation ism
cylindrically	cylindrical ly
inbuilt	in built
unbroken	un broken
temperately	temperate ly
hereabouts	here about s
politically	political ly
overprint	overprint
taunting	taunting
lazily	lazy ly
tensely	tense ly
insolence	insolent ence
kepi	kepi
stated	stated
nineteenth	nineteen th
sloppy	slop y
phlox	phlox
varied	varied
cravenness	craven ness
grotesqueness	grotesque ness
dynast	dynast
dialectics	dialectic s
anteater	ant eater
null	null
stuffiness	stuffy ness
incompatibility	incompatible ity
halberdier	halberd ier
dehorn	de horn
stanch	stanch
genus	genus
crutch	crutch
harness	harness
roue	roue
twirl	twirl
anklet	ankle let
forwardness	forward ness
trumpeter	trumpet er
gratifying	gratifying
despotically	despotic ally
thinkable	think able
dugong	dugong
mature	mature
tracked	track ed
cynically	cynical ly
sketchiness	sketchy ness
chantry	chant ry
file	file
eightieth	eighty th
certainly	certain ly
nun	nun
storyteller	story tell er
technician	technique ian
barouche	barouche
parasitically	parasitical ly
settee	settee
formally	formal ly
dazedly	daze ed ly
yachtsman	yacht s man
charger	charge er
remarkably	remarkable ly
sleigh	sleigh
outline	out line
desalination	desalinate ion
irrecoverably	irrecoverable ly
currishly	currish ly
jumble	jumble
fudge	fudge
rood	rood
lyrical	lyric al
prophetically	prophetic ally
donjon	donjon
unleash	un leash
lovingly	loving ly
inadequacy	inadequate cy
roneo	roneo
bedding	bed ing
dolorously	dolorous ly
unalloyed	un alloyed
sprawl	sprawl
conclave	conclave
sting	sting
ambivalently	ambivalent ly
separator	separate or
pilchard	pilchard
frizzle	frizzle
stow	stow
humbug	humbug
pig	pig
instinctively	instinctive ly
insultingly	insulting ly
joviality	jovial ity
nonassertive	non assertive
coldly	cold ly
ever	ever
clam	clam
snicker	snicker
cougar	cougar
chap	chap
pimple	pimple
accumulator	accumulate or
magnanimously	magnanimous ly
beau	beau
appellant	appeal ant
cedar	cedar
mackintosh	mackintosh
corrosively	corrosive ly
sacredness	sacred ness
inspectorate	inspector ate
vividly	vivid ly
assay	assay
ghetto	ghetto
dissembler	dissemble er
primly	prim ly
comfort	comfort
sedately	sedate ly
symbolist	symbolism ist
coloured	colour ed
dumpiness	dumpy ness
unexceptionably	unexceptionable ly
backbencher	backbench er
inimitably	inimitable ly
hollow	hollow
brilliantly	brilliant ly
shipment	ship ment
totality	total ity
fustiness	fusty ness
breeze	breeze
cheekily	cheeky ly
mannerly	manner ly
gnu	gnu
wetly	wet ly
class	class
nonwhite	non white
planet	planet
aromatic	aroma ic
reputably	reputable ly
philosopher	philosophy er
papyrus	papyrus
priggishly	priggish ly
mains	mains
nonconformism	non conform ism
hubbub	hubbub
impressiveness	impressive ness
photographic	photograph ic
amazing	amazing
pronounceable	pronounce able
oval	oval
bobs	bob s
bitterness	bitter ness
insupportable	in supportable
retailer	retail er
saddler	saddle er
dowse	dowse
repairer	repair er
rest	rest
bastinado	bastinado
prowess	prowess
kismet	kismet
sleuth	sleuth
jesuitical	Jesuit ical
jerkin	jerkin
yeast	yeast
dissenting	dissenting
trashy	trash y
macadamize	macadam ize
colloquially	colloquial ly
holidaymaker	holiday make er
reed	reed
snorty	snort y
unloose	un loose
cohesion	cohere ion
weed	weed
regret	regret
mollusc	mollusc
dance	dance
signatory	signature ory
introductory	introduction ory
blameless	blame less
episcopalian	episcopalian
destructively	destructive ly
fecundity	fecund ity
chicken	chicken
yen	yen
smuggling	smuggling
polysyllabic	polysyllable ic
carry	carry
spacing	spacing
alternate	alternate
batiste	batiste
crap	crap
budding	budding
parsimoniousness	parsimonious ness
passionateness	passionate ness
rhododendron	rhododendron
schedule	schedule
aunt	aunt
trilaterally	trilateral ly
soundings	sounding s
fructification	fructify ation
niffy	niff y
emotion	emote ion
exam	examination
incomprehensible	in comprehensible
pearliness	pearly ness
remedy	remedy
underbid	under bid
maundy	maundy
captiously	captious ly
replaceable	replace able
arrester	arrest er
smelly	smell y
starve	starve
rendezvous	rendezvous
afore	afore
sumac	sumac
hobnob	hobnob
unwieldy	un wield y
convert	convert
disconnected	disconnected
pliancy	pliant ancy
leggy	leg y
trippingly	tripping ly
inversion	invert ion
finding	finding
propagator	propagate or
rigidly	rigid ly
tenon	tenon
disrobe	dis robe
personalty	personal ty
vaulting	vaulting
rally	rally
lidless	lid less
misgovern	mis govern
oddly	odd ly
tannic	tannin ic
mine	mine
sweaty	sweat y
wrestler	wrestle er
mousy	mouse y
metro	Metro
drown	drown
nutritive	nutrition ive
creation	create ion
skirmisher	skirmish er
stomachful	stomach ful
venison	venison
encipher	en cipher
other	other
munificence	munificent ence
jocularly	jocular ly
appraisal	appraise al
driving	driving
emphatic	emphasis ic
propeller	propel er
meanie	mean ie
capitalist	capitalist
lip	lip
equalitarian	equalitarian
mark	mark
tope	tope
unplayable	un playable
squalidly	squalid ly
italic	italic
unobtrusively	unobtrusive ly
lingam	lingam
tight	tight
preservation	preserve ation
prospect	prospect
spurt	spurt
pituitary	pituitary
meteor	meteor
sibylline	sibyl ine
receptiveness	receptive ness
stratagem	stratagem
chastity	chaste ity
modestly	modest ly
roadworthiness	roadworthy ness
deletion	delete ion
sneering	sneering
inarticulateness	inarticulate ness
filtrate	filter ate
turgidity	turgid ity
shear	shear
improperly	improper ly
pointillist	pointillism ist
scruple	scruple
chin	chin
calculably	calculable ly
perplexed	perplexed
toothsome	tooth some
distressful	distress ful
jail	jail
scamper	scamper
confab	confabulate
entresol	entresol
empurpled	em purple ed
necrophilism	necrophile ism
recording	recording
respectability	respectable ity
ton	ton
freedom	free dom
thermostatic	thermostat ic
casing	casing
suddenness	sudden ness
highly	high ly
overdevelop	over develop
allusive	allusion ive
dumpling	dump ling
calla	calla
stammer	stammer
palatially	palatial ly
control	control
pull	pull
shorts	short s
adjectival	adjective al
theatrical	theatre ical
incorporate	in corporate
checkmate	checkmate
endeavour	endeavour
wonderful	wonder ful
overlap	over lap
staggerer	stagger er
commendation	commend ation
exceptionable	exception able
ganger	gang er
realistic	realist ic
adjectivally	adjectival ly
intermingle	inter mingle
prolapse	prolapse
consulate	consul ate
affix	affix
prickly	prickle y
briskness	brisk ness
coldness	cold ness
duenna	duenna
compile	compile
trusty	trusty
nullity	null ity
nervelessly	nerveless ly
preventively	preventive ly
noninterference	non interference
servery	serve ery
dauntless	daunt less
sociably	sociable ly
rearward	rearward
cursed	cursed
rethink	re think
modernist	modernist
lukewarmly	lukewarm ly
vole	vole
reason	reason
dread	dread
ashamed	a shame ed
lewdly	lewd ly
bright	bright
array	array
irremediably	irremediable ly
lissomly	lissom ly
blackberrying	blackberry ing
portals	portals
contraceptive	contraceptive
causelessly	causeless ly
ranee	ranee
tuneful	tune ful
goodnight	goodnight
sinew	sinew
alliance	ally ance
root	root
plaice	plaice
diametrical	diameter ical
tamale	tamale
indiscreet	in discreet
costliness	costly ness
nineteenth	nineteenth
shaddock	shaddock
unprecedentedly	unprecedented ly
tinter	tint er
smithy	smith y
methyl	methyl
devalue	de value
pureblooded	pure blood ed
gang	gang
bodily	body ly
bacchanalian	bacchanal ian
realize	real ize
sneaking	sneaking
southeaster	southeast er
archetypal	archetype al
pennant	pennant
stoep	stoep
albumen	albumen
flinty	flint y
portraitist	portrait ist
fifth	fifth
peasant	peasant
illiterately	illiterate ly
trill	trill
nirvana	nirvana
pogrom	pogrom
transcendentalism	transcendental ism
holloa	holloa
rejig	re jig
hockey	hockey
valorous	valour ous
sixteenth	sixteen th
sea	sea
harmoniousness	harmonious ness
lean	lean
disarrange	dis arrange
gamboge	gamboge
sable	sable
wood	wood
brake	brake
undistinguished	un distinguished
venom	venom
forsaken	forsaken
happy	hap y
infertility	infertile ity
posturing	posturing
armful	arm ful
tribune	tribune
idiot	idiot
laughing	laughing
thirty	three ty
canonical	canon ical
fictionalization	fictionalize ation
doleful	dole ful
vacuity	vacuous ity
extremities	extremities
better	better
temptingly	tempting ly
pinkish	pink ish
immobilize	immobile ize
spastic	spastic
remilitarize	re militarize
admiringly	admiring ly
plaintiff	plaintive
incumbent	incumbent
nick	nick
dashingly	dashing ly
remake	re make
overmantel	over mantel
tumult	tumult
goer	go er
obstinately	obstinate ly
porcelain	porcelain
sin	sin
gusher	gush er
stoutly	stout ly
quarterly	quarterly
marshal	marshal
rains	rains
pasteurize	Pasteur ize
stout	stout
evaluation	evaluate ion
eccentricity	eccentric ity
nor	nor
flawless	flaw less
triplet	triple let
boo	boo
bod	bod
unionize	union ize
racist	racism ist
crash	crash
fortieth	fortieth
tonic	tonic
disarray	dis array
strainer	strain er
humanity	human ity
unaccountably	unaccountable ly
wain	wain
never	never
unknowing	un knowing
repellent	repellent
bannock	bannock
commemoration	commemorate ion
conductress	conductor ess
bald	bald
vengeful	venge ful
adhesive	adhesive
spider	spider
reportage	report age
liable	liable
irately	irate ly
agitating	agitating
corruptly	corrupt ly
pear	pear
isolationist	isolationism ist
still	still
truism	true ism
spore	spore
borscht	borscht
vesicle	vesicle
catastrophe	catastrophe
redaction	redact ion
autobiographical	autobiography ical
individualization	individualize ation
hasp	hasp
voodooism	voodoo ism
tack	tack
conscript	conscript
gratuitous	gratuity ous
vibrancy	vibrant ancy
misanthropist	misanthrope ist
brewery	brew ery
silvery	silver y
whoosh	whoosh
frames	frames
reporter	report er
subconscious	sub conscious
lateen	lateen
heavily	heavy ly
guileful	guile ful
creek	creek
flashy	flash y
spotlessness	spotless ness
unmistakable	un mistakable
interminably	interminable ly
preciousness	precious ness
patchouli	patchouli
bugger	bugger
snuffle	snuffle
militaristic	militarist ic
information	inform ation
ragged	rag ed
dash	dash
facilities	facilities
lectern	lectern
near	near
mortgagee	mortgage ee
evil	evil
altruistic	altruist ic
proximately	proximate ly
bats	bats
pipes	bagpipes
huskily	husky ly
mural	mural
activation	activate ion
guiltless	guilt less
wiriness	wiry ness
thanklessly	thankless ly
iamb	iamb
ruinous	ruin ous
lascar	lascar
vitrify	vitric ify
seasoning	seasoning
myrrh	myrrh
articulately	articulate ly
deterrent	deterrent
garret	garret
impurity	impure ity
venturer	venture er
sublieutenant	sub lieutenant
wrench	wrench
extract	extract
tonal	tone al
incongruously	incongruous ly
complacence	complacent ence
euphemistically	euphemistic ally
dare	dare
obese	obese
cinch	cinch
wrongful	wrong ful
cleaner	clean er
paring	paring
encyclical	en cyclical
withe	withe
inflexibly	inflexible ly
lag	lag
terrific	terrify ic
contributory	contribution ory
infra	infra
joggle	joggle
indistinctness	indistinct ness
triad	triad
queerness	queer ness
basely	base ly
stamen	stamen
gainings	gaining s
rift	rift
foal	foal
masochistic	masochist ic
cornered	cornered
conventional	convention al
militarization	militarize ation
plunderer	plunder er
frowsty	frowst y
disagreeably	disagreeable ly
hardy	hard y
generously	generous ly
peek	peek
instantaneousness	instantaneous ness
eleventh	eleventh
superannuation	superannuate ion
flying	flying
lakh	lakh
amaze	amaze
becalmed	be calm ed
forthrightness	forthright ness
backbreakingly	backbreaking ly
inaptness	inapt ness
inbound	in bound
replenish	re plenish
spunky	spunk y
hibernation	hibernate ion
chiffonier	chiffon ier
scandalous	scandal ous
primula	primula
anon	anon
doubly	double ly
snort	snort
cyclically	cyclical ly
offices	offices
unman	un man
pacifism	pacific ism
wardress	warder ess
magnificently	magnificent ly
ringside	ringside
entrant	enter ant
genitals	genital s
chest	chest
ineffectually	ineffectual ly
oboe	oboe
structural	structure al
sportsman	sport s man
trample	trample
lunch	lunch
principal	principle al
fractiously	fractious ly
scald	scald
wonderfully	wonderful ly
clippers	clippers
swede	swede
gorgeous	gorge ous
bump	bump
parsley	parsley
equalization	equalize ation
stimulation	stimulate ion
lobbyist	lobby ist
algebraically	algebraic ally
creativity	creative ity
unfaltering	un faltering
funk	funk
tenpins	tenpins
rudeness	rude ness
dudgeon	dudgeon
muddiness	muddy ness
mirth	mirth
magnificence	magnificent ence
tortoise	tortoise
uncomfortable	un comfortable
starchy	starch y
speculative	speculation ive
law	law
plunder	plunder
offensively	offensive ly
inconsistent	in consistent
roamer	roam er
dissatisfy	dis satisfy
owlish	owl ish
iota	iota
topping	topping
guinea	guinea
sleeve	sleeve
effects	effects
wakeful	wake ful
road	road
ellipse	ellipse
cable	cable
unstop	un stop
sheila	sheila
originality	original ity
sleaziness	sleazy ness
shun	shun
laurels	laurels
scrounger	scrounge er
lea	lea
buckle	buckle
khaki	khaki
seconds	second s
newscaster	newscast er
homey	home y
undated	un dated
jettison	jettison
arthritic	arthritic
verbal	verbal
shuck	shuck
deplane	de plane
chancy	chance y
auburn	auburn
cahoots	cahoots
cook	cook
invasion	invade ion
lump	lump
characterization	characterize ation
hellishly	hellish ly
exasperatedly	exasperated ly
lie	lie
objectivity	objective ity
goofy	goof y
ravishing	ravishing
inexpensive	in expensive
honorific	honorific
canalization	canalize ation
amorousness	amorous ness
boom	boom
archaeological	archaeology ical
mayhem	mayhem
forest	forest
regnant	reign ant
herculean	Hercules an
melodiously	melodious ly
assassinate	assassin ate
breathily	breathy ly
uptown	uptown
foreordain	fore ordain
quean	quean
unbar	un bar
simper	simper
flirtatiously	flirtatious ly
disunion	dis union
perplexity	perplex ity
torque	torque
downrightness	downright ness
leftward	leftward
nutcracker	nut crack er
conductor	conduct or
miner	mine er
covert	covert
tango	tango
authenticate	authentic ate
stately	state ly
copy	copy
veraciously	veracious ly
gesticulation	gesticulate ion
splodge	splodge
increase	increase
inside	inside
rustic	rustic
unscrupulous	un scrupulous
mill	mill
solar	solar
disincline	dis incline
admittedly	admit ed ly
intensely	intense ly
socialization	socialize ation
instrumentation	instrument ation
council	council
marbles	marbles
tally	tally
thousand	thousand
teak	teak
petition	petition
milkiness	milky ness
squeaky	squeak y
dishful	dish ful
convener	convene er
sulphate	sulphur ate
wobble	wobble
baptize	baptism ize
malleability	malleable ity
desecrate	de consecrate
smut	smut
swear	swear
unquestionably	unquestionable ly
thin	thin
lusciously	luscious ly
napkin	napkin
her	her
ageing	ageing
betrayer	betray er
dryer	dry er
related	related
whiskers	whiskers
illuminating	illuminating
polder	polder
expressionless	expression less
splashy	splash y
duplicator	duplicate or
unabashed	un abashed
invigilator	invigilate or
summat	summat
irrelevancy	irrelevant ancy
cudgel	cudgel
sabre	sabre
graspingly	grasping ly
showy	show y
observingly	observing ly
fend	fend
instigator	instigate or
chickenhearted	chicken heart ed
refutation	refute ation
band	band
chemically	chemical ly
fain	fain
fleetingly	fleeting ly
walking	walking
embarrassingly	embarrassing ly
prefab	prefabrication
reformer	reform er
singe	singe
delightful	delight ful
greasy	grease y
punk	punk
bawdily	bawdy ly
sinless	sin less
inconspicuously	inconspicuous ly
crossbred	crossbred
becoming	becoming
bounds	bounds
screw	screw
stingo	stingo
swoop	swoop
atrophy	atrophy
sagely	sage ly
cookie	cook ie
dishonourable	dishonour able
militaristically	militaristic ally
hatching	hatching
embattled	em battle ed
overstuffed	over stuffed
sensuousness	sensuous ness
diacritic	diacritic
torridity	torrid ity
hypothetical	hypothesis ical
reveller	revel er
anthropomorphic	anthropomorphism ic
foolhardiness	foolhardy ness
servility	servile ity
advanced	advanced
cussed	cussed
delimit	de limit
untangle	un tangle
coastwise	coastwise
kimono	kimono
peg	peg
guard	guard
subordination	subordinate ion
germination	germinate ion
entail	entail
intimidation	intimidate ion
unsparingly	unsparing ly
briar	briar
shiny	shine y
incidentals	incidentals
reforest	re forest
unbearably	unbearable ly
wreath	wreath
signaller	signal er
abettor	abet or
equip	equip
epoch	epoch
tuft	tuft
vermin	vermin
cantankerously	cantankerous ly
successively	successive ly
trivially	trivial ly
excitable	excite able
sequin	sequin
obscenely	obscene ly
pitiable	pity able
hunch	hunch
manna	manna
overmuch	overmuch
reek	reek
flabbiness	flabby ness
hospitalize	hospital ize
libidinousness	libidinous ness
prude	prude
catatonic	catatonia ic
races	races
innately	innate ly
harrow	harrow
inadvertently	inadvertent ly
yule	yule
nitrate	nitre ate
steadily	steady ly
chug	chug
uselessness	useless ness
squiggly	squiggle y
racketeering	racketeering
memorialize	memorial ize
meaningfully	meaningful ly
premaritally	premarital ly
innocence	innocent ence
creakily	creaky ly
lettering	lettering
sneeze	sneeze
paternalistically	paternalistic ally
murkily	murky ly
glimmer	glimmer
motherly	mother ly
bowler	bowl er
viable	viable
ceremoniously	ceremonious ly
nervousness	nervous ness
viciously	vicious ly
travesty	travesty
atom	atom
dolorous	dolour ous
inscription	inscribe ion
flavour	flavour
ride	ride
sublime	sublime
achievable	achieve able
idealize	ideal ize
discernibly	discernible ly
three	three
unusually	unusual ly
mysteriously	mysterious ly
toppingly	topping ly
inappropriate	in appropriate
earthy	earth y
distinction	distinct ion
margin	margin
tunneller	tunnel er
jaunt	jaunt
hesitantly	hesitant ly
extemporaneousness	extemporaneous ness
anchor	anchor
fibber	fib er
brawniness	brawny ness
nicety	nice ty
totally	total ly
spry	spry
quaintly	quaint ly
authoress	author ess
overtake	over take
turbulently	turbulent ly
slither	slither
installation	install ation
chivalrous	chivalry ous
disbud	dis bud
overlay	over lay
tec	detective
ramekin	ramekin
glutinous	gluten ous
phizog	phizog
broadcaster	broadcast er
tat	tat
proofreader	proofread er
eraser	erase er
fiance	fiance
preclusion	preclude ion
tardily	tardy ly
eligibility	eligible ity
editorially	editorial ly
professedly	professed ly
humanist	humanist
housing	housing
frightening	frightening
median	median
decadent	decadent
lesser	less er
piggishness	piggish ness
mew	mew
ghyll	ghyll
prize	prize
mayoral	mayor al
palaver	palaver
carbonization	carbonize ation
educationalist	educational ist
minim	minim
racily	racy ly
baptismal	baptism al
wanly	wan ly
citrus	citrus
freehand	freehand
days	days
depressingly	depressing ly
tarpaulin	tarpaulin
outpost	out post
davit	davit
gingerly	ginger ly
cheap	cheap
wright	wright
ketchup	ketchup
beguilingly	beguiling ly
inextricably	inextricable ly
finalist	final ist
dough	dough
litterateur	litterateur
olive	olive
nuttiness	nutty ness
codicil	codicil
swimming	swimming
uselessly	useless ly
imperfection	imperfect ion
wretch	wretch
marcher	march er
politics	politic s
provisory	proviso ory
uncomfortably	uncomfortable ly
strictly	strict ly
futurism	future ism
thither	thither
crest	crest
weight	weight
whereat	whereat
limbless	limb less
eloquence	eloquent ence
crucially	crucial ly
visually	visual ly
glossy	gloss y
karate	karate
harlot	harlot
gruesomely	gruesome ly
photostat	Photostat
tale	tale
traditionalism	traditional ism
lord	lord
sword	sword
film	film
presuming	presuming
indicative	indication ive
something	something
foreword	fore word
attempt	attempt
colon	colon
operational	operation al
dispiritedly	dispirited ly
next	next
unparalleled	un paralleled
cunnilinctus	cunnilinctus
indigence	indigent ence
pluralism	plural ism
benighted	be night ed
erotica	erotica
rein	rein
clang	clang
swain	swain
scoff	scoff
stodginess	stodgy ness
intransigence	intransigent ence
powdery	powder y
huntress	hunter ess
maraud	maraud
premise	premise
tinselly	tinsel y
benefit	benefit
ninety	nine ty
frolic	frolic
unclad	un clad
refraction	refract ion
politicalize	political ize
condescension	condescend ion
sleet	sleet
wanker	wank er
retired	retired
alarming	alarming
braze	braze
quit	quit
pleach	pleach
soviet	soviet
dizzy	dizzy
psychically	psychical ly
seek	seek
alpinism	alpine ism
symbolism	symbol ism
anonymous	anonym ous
latter	latter
indecipherability	indecipherable ity
recompense	recompense
gaucho	gaucho
needfully	needful ly
potter	pot er
irateness	irate ness
atheistical	atheist ical
plainswoman	plain s woman
thousandth	thousandth
anthologist	anthology ist
popadum	popadum
ignominious	ignominy ous
controversial	controversy al
perspicaciously	perspicacious ly
phalarope	phalarope
haphazardly	haphazard ly
shitty	shit y
recallable	recall able
forbearing	forbearing
ditch	ditch
incommunicable	in communicable
birth	bear th
downhill	downhill
barebacked	bareback ed
sufficiently	sufficient ly
asking	asking
nudist	nudist
drudgery	drudge ery
fish	fish
drag	drag
buffet	buffet
coloured	coloured
such	such
tuner	tune er
furze	furze
copulative	copulative
ratter	rat er
feminist	feminism ist
shod	shod
foolhardy	fool hard y
goon	goon
pilfer	pilfer
bushed	bush ed
thereunder	there under
riotousness	riotous ness
lifelike	life like
wed	wed
aubergine	aubergine
penurious	penury ous
efface	efface
fluoridization	fluoridize ation
fair	fair
poove	poove
bean	bean
feasibly	feasible ly
swine	swine
printable	print able
wonderingly	wonder ing ly
footslogging	footslogging
impracticality	impractical ity
casuistical	casuist ical
brothel	brothel
discontent	discontent
ream	ream
victoriously	victorious ly
surprising	surprising
possessed	possessed
putt	putt
pusher	push er
inn	inn
skiver	skive er
hairless	hair less
bearing	bearing
jaws	jaws
provisionally	provisional ly
attributive	attribute ive
repentant	repent ant
satisfying	satisfying
tactless	tact less
distressing	distressing
solemnly	solemn ly
stride	stride
kurus	kurus
angling	angling
thickness	thick ness
exhibitionistic	exhibitionist ic
drain	drain
chrome	chrome
aforesaid	aforesaid
hermit	hermit
incomparably	incomparable ly
trump	trump
completeness	complete ness
contemptibly	contemptible ly
harp	harp
uninhibited	un inhibited
warship	war ship
indigenously	indigenous ly
license	license
incomprehensibility	incomprehensible ity
bract	bract
insensate	in sense ate
concertedly	concerted ly
provincially	provincial ly
forlornly	forlorn ly
richness	rich ness
horse	horse
thievishness	thievish ness
inhuman	in human
tiresomely	tiresome ly
spoiler	spoil er
satrap	satrap
stodge	stodge
unaccustomed	un accustomed
enforceable	enforce able
fibrous	fibre ous
handsome	hand some
weekend	weekend
burglarize	burglar ize
burden	burden
eighth	eight th
lawfulness	lawful ness
hark	hark
accommodations	accommodations
simulated	simulated
payable	pay able
topaz	topaz
torpidity	torpid ity
reposeful	repose ful
inexcusably	inexcusable ly
vitalization	vitalize ation
embosomed	em bosom ed
tidy	tidy
clarty	clarts y
remount	remount
dashed	dashed
voluble	voluble
intellectual	intellectual
totter	totter
imitator	imitate or
soap	soap
lastly	last ly
temper	temper
loop	loop
maiden	maiden
aide	aide
contagiously	contagious ly
biographically	biographical ly
lawn	lawn
aggregation	aggregate ion
metaphysical	metaphysics al
supple	supple
vain	vain
luckiness	lucky ness
legatee	legate ee
amoebic	amoeba ic
hijacker	hijack er
maxi	maximum
neat	neat
adventuresome	adventure some
spearhead	spearhead
brassy	brass y
thrum	thrum
pruriently	prurient ly
cutter	cut er
suborbital	sub orbital
stubborn	stubborn
sever	sever
knotty	knot y
orientalist	oriental ist
thoughtlessness	thoughtless ness
dewy	dew y
catarrh	catarrh
misspend	mis spend
naturalness	natural ness
chalky	chalk y
squid	squid
burthen	burthen
bigotry	bigot ry
alarm	alarm
dinginess	dingy ness
kwacha	kwacha
witticism	witty ism
country	country
inertness	inert ness
gamesman	game s man
tranquil	tranquil
enchantingly	enchanting ly
relevantly	relevant ly
misgiving	mis giving
unscrupulousness	unscrupulous ness
seigneur	seigneur
pally	pall y
triumphal	triumph al
erudition	erudite ion
worldliness	worldly ness
stony	stone y
jocund	jocund
depilatory	depilatory
slumbrous	slumber ous
delay	delay
somehow	some how
mute	mute
awry	awry
helping	helping
scorching	scorching
noncontributory	non contributory
clippie	clip ie
manufacture	manufacture
unfaithfully	unfaithful ly
examiner	examine er
liver	live er
pipe	pipe
secularist	secularism ist
raucously	raucous ly
directness	direct ness
outsmart	out smart
weakly	weak ly
explanatory	explanation ory
pauperization	pauperize ation
waxy	wax y
hereditarily	hereditary ly
onerousness	onerous ness
scram	scram
jailer	jail er
finickity	finicky ity
childishness	childish ness
belligerence	belligerent ence
predetermination	predetermine ation
ungenerous	un generous
reforestation	reforest ation
speech	speech
workable	work able
shilling	shilling
mist	mist
latitudinal	latitude al
niggler	niggle er
indiscipline	in discipline
assail	assail
disquiet	disquiet
sottishly	sottish ly
complainant	complain ant
deceptively	deceptive ly
snobby	snob y
diner	dine er
beguiling	beguiling
suggest	suggest
emblematically	emblematic ally
ticker	tick er
directly	directly
interchange	inter change
turn	turn
prohibitionist	prohibition ist
kip	kip
reincarnate	reincarnate
chukka	chukka
kaolin	kaolin
sellotape	sellotape
prosperous	prosper ous
loin	loin
unnatural	un natural
sidetrack	sidetrack
shopper	shop er
stiffly	stiff ly
straits	straits
viva	viva
moisturize	moisture ize
backhanded	backhanded
razzle	razzle
hulk	hulk
discursively	discursive ly
interim	interim
sensory	sense ory
palsy	palsy
tractability	tractable ity
concentrate	concentrate
gleefully	gleeful ly
unconditionally	unconditional ly
soulless	soul less
laughably	laughable ly
mistake	mistake
clarify	clear ify
perfunctoriness	perfunctory ness
evacuation	evacuate ion
staidness	staid ness
alphabetical	alphabet ical
intercollegiate	inter collegiate
tattle	tattle
tumescence	tumescent ence
witching	witch ing
antacid	antacid
deforest	de forest
veining	vein ing
wheat	wheat
shadowboxing	shadowboxing
frumpish	frump ish
diffusion	diffuse ion
recuperative	recuperation ive
eternity	eternal ity
neglectful	neglect ful
grieve	grieve
pekoe	pekoe
stench	stench
conjunctive	conjunctive
deadliness	deadly ness
shut	shut
civilly	civil ly
net	net
aphrodisiac	aphrodisiac
knobby	knob y
uncertainly	uncertain ly
ripely	ripe ly
unquestioning	un questioning
appear	appear
rubbish	rubbish
offhand	offhand
controversialist	controversialism ist
tarragon	tarragon
facing	facing
opulently	opulent ly
paints	paints
prophesy	prophesy
proof	prove
muggins	muggins
herbal	herb al
alimentary	aliment ary
ropiness	ropey ness
unbind	un bind
uneconomic	un economic
demob	demob
adroitness	adroit ness
constrictive	constriction ive
embarrassing	embarrassing
gainful	gain ful
furiousness	furious ness
remand	remand
sourness	sour ness
charivari	charivari
involuntary	in voluntary
heretical	heretic al
abnegation	abnegate ion
remind	re mind
easily	easy ly
cordial	cordial
chatterer	chatter er
dismounted	dismounted
girlish	girl ish
haunch	haunch
fluid	fluid
unloosen	un loosen
cryptographic	cryptography ic
monolithically	monolithic ally
indulgently	indulgent ly
tessellated	tessellated
unemployable	un employable
subtlety	subtle ty
wretchedly	wretched ly
compatibly	compatible ly
seditious	sedition ous
floridly	florid ly
shouting	shouting
heavyhearted	heavy heart ed
noiseless	noise less
oiler	oil er
hairiness	hairy ness
rotundity	rotund ity
outstay	out stay
merciless	mercy less
facileness	facile ness
invoice	invoice
wigged	wig ed
mention	mention
mattress	mattress
recommend	re commend
sexist	sexism ist
autumnal	autumn al
metallurgist	metallurgy ist
dizzily	dizzy ly
exorbitantly	exorbitant ly
secularizer	secularize er
praiseworthiness	praiseworthy ness
defame	de fame
grown	grown
snidely	snide ly
fay	fay
rigmarole	rigmarole
deathly	deathly
anglicize	anglicism ize
haggis	haggis
selfishness	selfish ness
preschool	pre school
homoeopathically	homoeopathic ally
effeminacy	effeminate cy
overalls	overalls
unaffected	un affected
rover	rove er
shocker	shock er
insalubrious	in salubrious
wrongly	wrong ly
vegetarianism	vegetarian ism
trace	trace
bolster	bolster
narky	nark y
intentionally	intentional ly
dissociation	dissociate ion
fencer	fence er
server	serve er
excepted	excepted
fewness	few ness
crassness	crass ness
positional	position al
genuinely	genuine ly
miscellaneousness	miscellaneous ness
sublimation	sublimate ion
jujitsu	jujitsu
dimness	dim ness
dative	dative
umber	umber
billsticker	bill stick er
realizable	realize able
sarcastic	sarcasm ic
curio	curio
oblong	oblong
applied	applied
innumerable	in numerable
rambunctiously	rambunctious ly
shrapnel	shrapnel
elation	elate ion
chicle	chicle
conjunct	conjunct
narration	narrate ion
winnings	winning s
ninth	ninth
infection	infect ion
dram	dram
donnishly	donnish ly
glider	glide er
practice	practise
victual	victual
substantive	substantive
buster	bust er
presentiment	pre sentiment
rhizome	rhizome
algebra	algebra
wifelike	wife like
ladder	ladder
beard	beard
hazardousness	hazardous ness
chancellery	chancellor ery
cryptically	cryptic ally
entangle	en tangle
smith	smith
eulogistic	eulogist ic
utmost	utmost
recorder	record er
fib	fib
pompous	pomp ous
acid	acid
cargo	cargo
shininess	shiny ness
clerically	clerical ly
conceitedly	conceited ly
vexation	vex ation
progression	progress ion
ponderables	ponderable s
bucked	bucked
noddle	noddle
magnet	magnet
intolerantly	intolerant ly
extempore	extempore
typographer	typography er
ejaculation	ejaculate ion
reciter	recite er
travels	travels
scholarly	scholar ly
struggle	struggle
dissimilarity	dissimilar ity
review	re view
participant	participate ant
undernourish	under nourish
cragged	crag ed
leaseholder	leasehold er
hysterical	hysteria ical
mediocrity	mediocre ity
imprudence	imprudent ence
suitor	suit or
armorial	armoury al
legalism	legal ism
wastage	waste age
controller	control er
calypso	calypso
mollification	mollify ation
dalmatian	Dalmatia an
horny	horn y
praetorian	praetor ian
disinter	dis inter
crabwise	crab wise
delightfully	delightful ly
genetically	genetic ally
skinny	skin y
intended	intended
snooze	snooze
arachnid	arachnid
metamorphic	meta morph ic
unprofessionally	unprofessional ly
unwind	un wind
curative	curative
inconsequentiality	inconsequential ity
brass	brass
touched	touched
villa	villa
daub	daub
nil	nil
hugely	huge ly
ghoulishness	ghoulish ness
tipsily	tipsy ly
impassive	im passion ive
joinery	join ery
shudder	shudder
parachute	parachute
crustily	crusty ly
pendulously	pendulous ly
bedeck	be deck
androgynous	androgyne ous
amuck	amuck
arsonist	arson ist
hold	hold
concertina	concertina
nearsighted	near sight ed
clarinettist	clarinet ist
bigamous	bigamy ous
hobnailed	hobnail ed
verbosity	verbose ity
discredit	discredit
allied	allied
thwack	thwack
crane	crane
temperamental	temperament al
raglan	raglan
pertinently	pertinent ly
sender	send er
recount	re count
mistrust	mis trust
stringy	string y
astute	astute
popper	pop er
misapply	mis apply
clamorously	clamorous ly
beige	beige
curling	curling
thoughtful	thought ful
empress	emperor ess
rickets	rickets
researcher	research er
vaccine	vaccine
unavoidable	un avoidable
etymologist	etymology ist
singularly	singular ly
renascent	re nascent
sickening	sickening
evaluate	e value ate
cousinly	cousin ly
tacky	tack y
officiously	officious ly
vary	vary
unwilling	un willing
jawbreaker	jaw break er
beta	beta
gaggle	gaggle
rigger	rig er
discourteously	discourteous ly
therein	there in
raftsman	raft s man
underpay	under pay
sixthly	sixth ly
apostate	apostasy ate
pound	pound
longitudinal	longitude al
packed	packed
effectives	effective s
gaminess	gamy ness
evangelism	evangel ism
restrictively	restrictive ly
con	con
grounding	grounding
disharmonious	disharmony ous
throughout	throughout
loquaciousness	loquacious ness
tort	tort
inconspicuous	in conspicuous
wooded	wood ed
unrelenting	un relenting
formalist	formalist
wonder	wonder
clutches	clutches
failing	failing
poetry	poet ry
incredulous	in credulous
overtones	overtones
phosphoric	phosphorus ic
kaleidoscopic	kaleidoscope ic
ashes	ashes
swinishly	swinish ly
indefiniteness	indefinite ness
plate	plate
outbalance	out balance
calligrapher	calligraphy er
fornication	fornicate ion
textile	textile
invertebrate	in vertebrate
worriedly	worried ly
jugful	jug ful
prohibition	prohibit ion
moth	moth
observable	observe able
corporal	corporal
afoot	afoot
troublemaker	trouble make er
dub	dub
bearded	beard ed
tidiness	tidy ness
unprejudiced	un prejudiced
this	this
visitor	visit or
demographer	demography er
mistime	mis time
modally	modal ly
preserver	preserve er
incarnation	incarnate ion
phoney	phoney
coincidental	coincidence al
thine	thine
shipbuilder	ship builder
oaken	oak en
solitarily	solitary ly
boots	boots
pending	pending
trend	trend
supporter	support er
forgetfulness	forgetful ness
safe	safe
centaur	centaur
wooden	wood en
woad	woad
unnaturally	unnatural ly
flour	flour
disturbed	disturbed
liana	liana
calomel	calomel
loosen	loose en
gouge	gouge
togetherness	together ness
decline	decline
miserliness	miserly ness
disproportionately	disproportionate ly
unattached	un attached
nebulousness	nebulous ness
rival	rival
scrapings	scraping s
promulgator	promulgate or
telegraphist	telegraph ist
yeomanry	yeoman ry
nankeen	nankeen
inmate	in mate
lukewarmness	lukewarm ness
misspelling	misspelling
considered	considered
bunk	bunk
airily	airy ly
acrimonious	acrimony ous
vaingloriously	vainglorious ly
ague	ague
sexually	sexual ly
mangle	mangle
opera	opera
trackless	track less
petalled	petal ed
signification	signify ation
squirrel	squirrel
wilderness	wild ness
consumptive	consumption ive
acclimatization	acclimatize ation
gen	gen
restlessness	restless ness
reliquary	relic ary
barbel	barbel
stateside	stateside
precipitately	precipitate ly
friskiness	frisky ness
effervescence	effervescent ence
slothfully	slothful ly
reproachfully	reproachful ly
younger	younger
unbeknownst	unbeknownst
calculating	calculating
reformatory	reformation ory
paperhanger	paper hang er
scree	scree
marshy	marsh y
registration	register ation
dart	dart
toxic	toxin ic
illegality	illegal ity
vale	vale
exclamation	exclaim ation
trendiness	trendy ness
inclusively	inclusive ly
felicitous	felicity ous
starless	star less
depressing	depressing
revisionist	revisionism ist
slithery	slither y
disembowel	dis em bowel
mocking	mocking
avail	avail
knobbly	knob ly
relentless	relent less
introspective	introspection ive
hazard	hazard
tickle	tickle
seneschal	seneschal
goddess	god ess
braid	braid
usuriously	usurious ly
hundredth	hundredth
serially	serial ly
contiguousness	contiguous ness
oratory	oration ory
fanatical	fanatic al
coatee	coat ee
wind	wind
pale	pale
plentifully	plentiful ly
underworld	under world
operation	operate ion
schizophrenically	schizophrenic ally
ventricle	ventricle
kingmaker	king make er
inarticulately	inarticulate ly
underfloor	under floor
misanthropy	misanthrope y
hysterics	hysteric s
wife	wife
correlative	correlative
revitalization	revitalize ation
radioactivity	radioactive ity
boodle	boodle
panelling	panelling
portly	port ly
charming	charming
sorrow	sorrow
collected	collected
everlastingly	everlasting ly
carious	caries ous
pyrotechnic	pyrotechny ic
syllabize	syllable ize
inanimate	in animate
coincidence	coincident ence
numerical	number ical
disgruntled	disgruntled
homelessness	homeless ness
sisterhood	sister hood
zippy	zip y
shooting	shooting
synchronization	synchronize ation
amorphously	amorphous ly
gynaecologist	gynaecology ist
transplant	transplant
reword	re word
overawe	over awe
nippiness	nippy ness
sans	sans
guts	guts
mandragora	mandragora
purely	pure ly
battleship	battle ship
corroboration	corroborate ion
fabrication	fabricate ion
declension	decline ion
jug	jug
sphincter	sphincter
hymnal	hymn al
locker	lock er
humiliation	humiliate ion
johnny	johnny
analogize	analogy ize
collie	collie
congruously	congruous ly
dumbly	dumb ly
readdress	re address
hurricane	hurricane
aeration	aerate ion
syllogistic	syllogism ic
dyspeptic	dyspeptic
fourth	fourth
falcon	falcon
toupee	toupee
spook	spook
cautiously	cautious ly
aspirin	aspirin
ten	ten
discountenance	dis countenance
burdensome	burden some
litter	litter
warrantor	warrant or
molasses	molasses
sincerely	sincere ly
versify	verse ify
exertion	exert ion
agate	agate
fearfully	fearful ly
exiguously	exiguous ly
offhandedness	offhanded ness
tontine	Tonti ine
morello	morello
uncharitably	uncharitable ly
ambassadress	ambassador ess
harper	harp er
dredger	dredge er
chipmunk	chipmunk
integrated	integrated
deceptive	deception ive
galleon	galleon
showing	showing
peeler	peel er
unspeakable	un speakable
preservative	preservation ive
disinclined	disinclined
alienate	alien ate
marketing	marketing
requiem	requiem
rationalistic	rationalist ic
slatted	slat ed
typographical	typography ical
refractory	refract ory
flatten	flat en
navel	navel
skiffle	skiffle
deed	deed
variegation	variegate ion
jewelled	jewel ed
dynastic	dynasty ic
presumptively	presumptive ly
trestle	trestle
advert	advertisement
brusqueness	brusque ness
nightmarishly	nightmarish ly
protestingly	protesting ly
milch	milch
quietness	quiet ness
undock	un dock
saxophonist	saxophone ist
rub	rub
omission	omit ion
vicariously	vicarious ly
inconceivable	in conceivable
rook	rook
anonymity	anonymous ity
treason	treason
murderer	murder er
ermine	ermine
dissension	dissent ion
alcoholism	alcohol ism
indignantly	indignant ly
absentee	absent ee
understaffed	under staffed
horribly	horrible ly
recalcitrancy	recalcitrant ancy
jungle	jungle
tigerish	tiger ish
pointed	pointed
connotative	connotation ive
lengthy	length y
ungainliness	ungainly ness
falconry	falcon ry
pouf	pouf
commercialism	commercial ism
holder	hold er
eccentric	eccentric
growlingly	growling ly
acidulated	acidulated
offstage	offstage
tussle	tussle
pang	pang
seducer	seduce er
pretence	pretend ence
nationalist	nationalist
peelings	peeling s
liberally	liberal ly
spaciously	spacious ly
impersonally	impersonal ly
chopper	chop er
sybarite	Sybaris ite
valetudinarian	valetudinarian
impotently	impotent ly
lamprey	lamprey
pump	pump
dumps	dumps
press	press
thankfully	thankful ly
starkly	stark ly
obliteration	obliterate ion
conk	conk
scraps	scraps
undischarged	un discharged
pinko	pinko
determination	determine ation
grimace	grimace
badly	bad ly
his	his
heterodoxy	heterodox y
inalienable	in alienable
conceivable	conceive able
gibbon	gibbon
health	heal th
strange	strange
implication	imply ation
lantern	lantern
sierra	sierra
squabble	squabble
learner	learn er
cleanly	clean ly
wrongheaded	wrong head ed
unerringly	unerring ly
curiosity	curious ity
carver	carve er
unclaimed	un claimed
entomb	en tomb
event	event
elaborateness	elaborate ness
broil	broil
retell	re tell
secretively	secretive ly
tempestuousness	tempestuous ness
shy	shy
perfectionist	perfection ist
antique	antique
tackle	tackle
butt	butt
loopy	loop y
distribution	distribute ion
perspiration	perspire ation
prudence	prudent ence
loverlike	lover like
comprehensibility	comprehensible ity
largeish	large ish
sentinel	sentinel
cogitation	cogitate ion
outlay	out lay
gate	gate
economic	economy ic
catcall	catcall
ting	ting
vigorous	vigour ous
ranker	rank er
prosodic	prosody ic
adamantine	adamant ine
brownie	brown ie
theistically	theistical ly
subdivision	subdivide ion
gibingly	gibing ly
terminally	terminal ly
rubberneck	rubberneck
rat	rat
sip	sip
pylon	pylon
necessaries	necessary s
salutation	salute ation
theatrically	theatrical ly
solo	solo
ideal	ideal
acceptability	acceptable ity
piousness	pious ness
physicist	physics ist
capaciously	capacious ly
saute	saute
unspeakably	unspeakable ly
hurdler	hurdle er
anodyne	anodyne
commandant	command ant
suede	suede
eye	eye
fathomable	fathom able
orient	orient
culturally	cultural ly
fiddling	fiddling
manhattan	manhattan
apple	apple
moderations	moderation s
snowiness	snowy ness
speak	speak
strength	strong th
ordain	ordain
approval	approve al
pitifulness	pitiful ness
tranquilly	tranquil ly
excessively	excessive ly
plutocratic	plutocrat ic
squirt	squirt
exclusive	exclusive
godlessness	godless ness
unsex	un sex
tabulator	tabulate or
theological	theology ical
rollicking	rollicking
whine	whine
scummy	scum y
incorrigibility	incorrigible ity
unstudied	un studied
facer	face er
indifference	indifferent ence
conversationalist	conversational ist
chaperon	chaperon
forte	forte
squib	squib
facilely	facile ly
showery	shower y
haze	haze
console	console
kinky	kink y
grippingly	gripping ly
satirical	satire ical
reiteration	reiterate ion
frumpy	frump y
delve	delve
beetling	beetling
climb	climb
illicitly	illicit ly
limn	limn
stripe	stripe
woefully	woeful ly
villeinage	villein age
rhinoceros	rhinoceros
lever	lever
humorously	humorous ly
studio	studio
millionfold	millionfold
expectantly	expectant ly
intermix	inter mix
puce	puce
madness	mad ness
blase	blase
quavery	quaver y
gibbet	gibbet
prone	prone
rehabilitate	re habilitate
lightly	light ly
denominator	denominate or
dejectedly	dejected ly
steadiness	steady ness
cage	cage
joke	joke
salvage	salvage
misunderstanding	misunderstanding
peevishly	peevish ly
treacherously	treacherous ly
possibly	possible ly
hoe	hoe
cards	cards
equipped	equipped
distributor	distribute or
urbanely	urbane ly
startlingly	startling ly
tragedian	tragedy an
personage	person age
site	site
suitableness	suitable ness
concession	concede ion
knob	knob
committed	committed
undemonstrative	un demonstrative
warden	warden
convulse	convulse
tormentor	torment or
microfilm	microfilm
allegorical	allegory ical
complainer	complain er
thrift	thrift
saw	saw
signal	signal
frog	frog
feudatory	feudal ory
assassination	assassinate ion
cohesively	cohesive ly
coagulant	coagulate ant
animation	animate ion
drizzly	drizzle y
yearning	yearning
friend	friend
disparagingly	disparaging ly
idyllic	idyll ic
vividness	vivid ness
stretcher	stretch er
swerve	swerve
link	link
damask	damask
exultation	exult ation
pestilential	pestilence ial
tube	tube
bombastic	bombast ic
bloody	blood y
skywards	skyward s
jumper	jump er
relatively	relative ly
pessimistically	pessimistic ally
bullshit	bullshit
humidify	humid ify
phenomenally	phenomenal ly
effeminately	effeminate ly
balance	balance
muckraking	muckraking
kinship	kin ship
facility	facile ity
psychiatric	psychiatry ic
shipping	shipping
faithlessly	faithless ly
beggar	beggar
unnecessarily	unnecessary ly
cow	cow
reseat	re seat
distrust	dis trust
dislike	dis like
reflexes	reflexes
ambivalence	ambivalent ence
sound	sound
monotheistic	monotheism ic
solipsistic	solipsist ic
fortifiable	fortify able
interchangeably	interchangeable ly
rendering	rendering
past	past
demolition	demolish ion
enormous	enormity ous
demonetize	de monetize
penetratively	penetrative ly
surpassingly	surpassing ly
alexic	alexia ic
haul	haul
striated	striated
vicissitude	vicissitude
instrumental	instrument al
persecution	persecute ion
modelling	modelling
lend	lend
dismast	dis mast
falsies	false ie s
tweeter	tweet er
remould	re mould
sure	sure
amply	ample ly
cretonne	cretonne
cheat	cheat
decorously	decorous ly
nonsmoker	non smoker
oceanographer	oceanography er
widely	wide ly
anarchical	anarchy ical
wag	wag
dolefully	doleful ly
gingerly	gingerly
outdoors	out doors
combustion	combust ion
infectious	infection ous
tall	tall
plastered	plastered
stylistic	stylist ic
spanner	span er
uncork	un cork
cracksman	crack s man
morass	morass
persecutor	persecute or
broadly	broad ly
singly	single ly
jocose	jocose
awkwardly	awkward ly
neighbourliness	neighbourly ness
unfortunate	unfortunate
kibosh	kibosh
disreputable	disrepute able
gilding	gilding
bit	bit
neigh	neigh
benignantly	benignant ly
immense	immense
drearily	dreary ly
solubility	soluble ity
knightly	knight ly
divisively	divisive ly
metaphorically	metaphorical ly
wearable	wear able
indiscreetly	indiscreet ly
relatedness	related ness
advantageous	advantage ous
protein	protein
overtly	overt ly
pertinence	pertinent ence
illuminations	illuminations
idle	idle
belted	belted
upheaval	up heave al
predetermine	pre determine
flutter	flutter
appropriateness	appropriate ness
diadem	diadem
diddle	diddle
miserably	miserable ly
resplendence	resplendent ence
necessitous	necessity ous
indolently	indolent ly
seraphic	seraph ic
dresser	dress er
abrasively	abrasive ly
teaspoonful	teaspoon ful
roneo	Roneo
clinical	clinic al
thousandfold	thousandfold
disprove	dis prove
fiat	fiat
disputable	dispute able
scope	scope
mimic	mimic
executioner	execution er
canna	canna
bard	bard
incontestable	in contestable
component	component
plaintively	plaintive ly
ordinance	ordinance
crescendo	crescendo
instruction	instruct ion
upper	upper
occasionally	occasional ly
extenuation	extenuate ion
spray	spray
efficaciously	efficacious ly
pollen	pollen
mulch	mulch
cannibal	cannibal
authorization	authorize ation
rerun	rerun
lough	lough
predicatively	predicative ly
uprightness	upright ness
rehearing	rehearing
coarsen	coarse en
vituperation	vituperate ion
permanence	permanent ence
stinger	sting er
antiseptic	antiseptic
lecherousness	lecherous ness
disingenuousness	disingenuous ness
substitute	substitute
comer	come er
wring	wring
cower	cower
diploma	diploma
confederate	confederate
nebulous	nebula ous
morsel	morsel
tamarisk	tamarisk
exceedingly	exceeding ly
rocks	rocks
essential	essential
distension	distend ion
doltish	dolt ish
gage	gage
squealer	squeal er
unceasing	un ceasing
sluggishness	sluggish ness
underhung	under hung
traditionalist	traditionalism ist
rewards	rewards
cybernetics	cybernetic s
droppings	dropping s
bibliographer	bibliography er
colourful	colour ful
singleness	single ness
shuffler	shuffle er
riveting	riveting
inlay	in lay
hieroglyphic	hieroglyph ic
forger	forge er
integrate	integer ate
insult	insult
alchemist	alchemy ist
revision	revise ion
stork	stork
content	content
most	most
fieriness	fiery ness
dribble	dribble
sinner	sin er
motions	motions
compression	compress ion
overmaster	over master
scandalize	scandal ize
vogue	vogue
regulator	regulate or
eyelet	eye let
tension	tense ion
defalcation	defalcate ion
apprehensively	apprehensive ly
frequent	frequent
delicately	delicate ly
measure	measure
chubbiness	chubby ness
elusiveness	elusive ness
penetratingly	penetrating ly
outright	out right
medically	medical ly
professional	professional
char	charwoman
screed	screed
slimly	slim ly
barracks	barracks
bewitch	be witch
gregariousness	gregarious ness
uncertain	un certain
babel	babel
manila	Manila
punishable	punish able
pharisee	pharisee
retroactively	retroactive ly
familiarly	familiar ly
maddening	maddening
dish	dish
allowably	allowable ly
cleverly	clever ly
slavey	slave y
lyric	lyric
weigh	weigh
hierarchically	hierarchical ly
indent	in dent
expensively	expensive ly
glut	glut
giver	give er
teeming	teeming
gemmed	gem ed
plenteousness	plenteous ness
unfailing	un failing
scalar	scalar
fetid	fetid
mordantly	mordant ly
crispy	crisp y
porker	pork er
disable	dis able
anaesthetist	anaesthesia ist
primal	prime al
rapid	rapid
statics	static s
nautically	nautical ly
axiomatically	axiomatic ally
sympathizingly	sympathizing ly
langur	langur
joyously	joyous ly
submergence	submerge ence
snare	snare
sandiness	sandy ness
buoyant	buoy ant
numismatist	numismatic ist
rubbery	rubber y
sextette	sextette
mysterious	mystery ous
sphinx	sphinx
inviolability	inviolable ity
louse	louse
weirdly	weird ly
can	can
amphibious	amphibian ous
efficacity	efficacious ity
chimerically	chimerical ly
regroup	re group
tendril	tendril
barm	barm
girdle	girdle
lath	lath
nag	nag
exhilarating	exhilarating
lurid	lurid
secrecy	secret cy
gruellingly	gruelling ly
finitely	finite ly
ethyl	ethyl
whitening	whitening
heftily	hefty ly
perkiness	perky ness
amorphous	a morph ous
youthfulness	youthful ness
sottish	sot ish
track	track
brashly	brash ly
luff	luff
voluptuously	voluptuous ly
clubfooted	clubfoot ed
emollient	emollient
glamorization	glamorize ation
mall	mall
conic	cone ic
indemnification	indemnify ation
friar	friar
grumpily	grumpy ly
flagellant	flagellate ant
standoffishly	standoffish ly
manicure	manicure
donnish	don ish
ladyship	lady ship
frequently	frequent ly
misdemean	mis demean
zee	zee
rubric	rubric
domineering	domineering
treacherous	treachery ous
decencies	decencies
wallow	wallow
carve	carve
haft	haft
triumphant	triumph ant
needy	need y
republicanism	republican ism
inquirer	inquire er
certain	certain
need	need
rower	row er
reticulated	reticulated
lank	lank
greenishness	greenish ness
surmise	surmise
guarantee	guarantee
algorithm	algorithm
bewail	be wail
amputation	amputate ion
mad	mad
balm	balm
unlock	un lock
sands	sands
odds	odd s
wane	wane
orchestral	orchestra al
fraught	fraught
carryout	carryout
confirmation	confirm ation
piss	piss
nauseousness	nauseous ness
lorn	lorn
soundly	sound ly
pronominally	pronominal ly
twister	twist er
biscuit	biscuit
impertinence	impertinent ence
circa	circa
scenery	scene ery
breakage	break age
hyperbolical	hyperbola ical
misstate	mis state
psychologically	psychological ly
incline	incline
bug	bug
catch	catch
timpani	timpani
bolero	bolero
ale	ale
jockey	jockey
gelding	gelding
demystification	demystify ation
programme	programme
hers	her s
beery	beer y
muslin	muslin
poisoner	poison er
deserving	deserving
aperient	aperient
misbehaved	misbehaved
tailless	tail less
bismuth	bismuth
feel	feel
constipated	constipated
plasterer	plaster er
fiftieth	fiftieth
individualism	individual ism
respectably	respectable ly
pawkiness	pawky ness
disassociate	dis associate
forgiveness	forgive ness
posit	posit
intentness	intent ness
balconied	balcony ed
asphalt	asphalt
muzzily	muzzy ly
protectively	protective ly
homesickness	homesick ness
drum	drum
heartlessly	heartless ly
human	human
slenderness	slender ness
futurity	future ity
bet	bet
archdeaconry	archdeacon ry
trachoma	trachoma
presto	presto
cartographer	cartography er
golly	golliwog y
gored	gore ed
filtration	filtrate ion
unsexed	unsexed
rondo	rondo
barley	barley
sleek	sleek
percentage	percent age
scoundrelly	scoundrel y
bode	bode
bullheadedly	bullheaded ly
sub	sub
wallop	wallop
democratically	democratic ally
scrimshaw	scrimshaw
mildly	mild ly
poker	poke er
exhalation	exhale ation
vacantly	vacant ly
obliviously	oblivious ly
bespangled	be spangle ed
meaningless	meaning less
irresponsibly	irresponsible ly
pantheist	pantheism ist
ornamentally	ornamental ly
medico	medico
playfulness	playful ness
cataract	cataract
pulchritudinous	pulchritude ous
detention	detain ion
renegade	renegade
ostrich	ostrich
secularize	secular ize
cynicism	cynic ism
progesterone	progesterone
ginger	ginger
postal	post al
palatal	palatal
captivity	captive ity
accession	accede ion
char	char
tearlessly	tearless ly
parliamentary	parliament ary
lenience	lenient ence
pard	pardner
similarly	similar ly
plumb	plumb
predestination	predestine ation
credulity	credulous ity
dhoti	dhoti
acrobatics	acrobatic s
ogress	ogre ess
coincidentally	coincidental ly
junketing	junketing
neurotic	neurotic
contrapuntally	contrapuntal ly
symmetric	symmetry ic
scamper	scamp er
breakable	break able
divot	divot
incredibly	incredible ly
bait	bait
gimmick	gimmick
felon	felon
prime	prime
sincere	sincere
grid	grid
scurrilously	scurrilous ly
prod	prod
indecorously	indecorous ly
including	including
manoeuvrer	manoeuvre er
sloppily	sloppy ly
inattentiveness	inattentive ness
secondly	second ly
voluntary	volunteer ary
motorist	motor ist
conception	conceive ion
renunciation	renounce ation
seniority	senior ity
slangily	slangy ly
flaccid	flaccid
comb	comb
exportable	export able
worth	worth
tireless	tire less
trauma	trauma
sprinkle	sprinkle
presentably	presentable ly
legislator	legislate or
meagreness	meagre ness
starling	starling
ideologist	ideology ist
cunt	cunt
integument	in tegument
chilly	chill y
piece	piece
formlessness	formless ness
stare	stare
operatic	opera ic
primness	prim ness
capital	capital
rodent	rodent
reviser	revise er
era	era
trundle	trundle
ribbon	ribbon
intractable	in tractable
summarily	summary ly
indulgence	indulgent ence
conversationally	conversational ly
gavel	gavel
fighter	fight er
simple	simple
willowy	willow y
spiral	spiral
streamlined	streamlined
shoal	shoal
index	index
communicably	communicable ly
juggle	juggle
privilege	privilege
protectionism	protection ism
nugget	nugget
trawl	trawl
sideslip	sideslip
otiose	otiose
libellous	libel ous
removal	remove al
burnous	burnous
maladroitness	maladroit ness
increasingly	increase ing ly
retail	retail
cull	cull
draughty	draught y
lordliness	lordly ness
sparse	sparse
declaim	de claim
wait	wait
underground	underground
scanty	scant y
lustiness	lusty ness
foreigner	foreign er
precincts	precincts
slowness	slow ness
bifurcate	bifurcate
servilely	servile ly
falsify	false ify
pliable	ply able
stole	stole
plucky	pluck y
fetter	fetter
prepay	pre pay
singer	sing er
zircon	zircon
unbelieving	un believing
symbolically	symbolic ally
gossip	gossip
malignant	malign ant
manumission	manumit ion
doctrinaire	doctrinaire
ballast	ballast
mercilessly	merciless ly
profoundly	profound ly
avocet	avocet
detour	detour
demonstratively	demonstrative ly
influentially	influential ly
frightened	frightened
dispirit	dis spirit
smugly	smug ly
vivaciously	vivacious ly
surprisingly	surprising ly
effusive	effusion ive
japonica	japonica
purgation	purge ation
simplification	simplify ation
downright	downright
pissed	pissed
bundle	bundle
faultless	fault less
twerp	twerp
henna	henna
eleven	eleven
wherein	where in
principled	principle ed
clandestinely	clandestine ly
eunuch	eunuch
provision	provide ion
prospector	prospect or
bargee	barge ee
insolvent	in solvent
suzerainty	suzerain ty
scene	scene
perfumier	perfume ier
concerned	concerned
claw	claw
curtly	curt ly
thickly	thick ly
plastering	plaster ing
combinations	combinations
obsessive	obsession ive
old	old
abusively	abusive ly
incommensurate	in commensurate
redden	red en
pushing	pushing
receivable	receive able
runnel	runnel
design	design
polysyllabically	polysyllabic ally
mauve	mauve
perniciousness	pernicious ness
march	march
churlishness	churlish ness
further	further
dressing	dressing
reversely	reverse ly
perverseness	perverse ness
riverside	riverside
aphid	aphid
mooch	mooch
constructional	construction al
exaggeration	exaggerate ion
many	many
acquisitiveness	acquisitive ness
wen	wen
gladness	glad ness
underclothing	under clothing
interracially	interracial ly
bucketful	bucket ful
peace	peace
despoil	de spoil
bonesetter	bone set er
acreage	acre age
sweep	sweep
incision	incise ion
aeronautics	aeronautic s
strumpet	strumpet
vermifuge	vermifuge
ancestral	ancestor al
modernist	modernism ist
prosaic	prose ic
groat	groat
convent	convent
enplane	en plane
guru	guru
duly	due ly
meddlesome	meddle some
syrup	syrup
religiously	religious ly
convolute	convolute
disfavour	dis favour
squash	squash
costing	costing
greyish	grey ish
dunk	dunk
undershirt	under shirt
jumpiness	jumpy ness
wintry	winter y
quiff	quiff
downhearted	down heart ed
crocodile	crocodile
shred	shred
scissor	scissors
zoning	zoning
axle	axle
amiably	amiable ly
wariness	wary ness
slating	slating
thorniness	thorny ness
morphological	morphology ical
deliberate	deliberate
tinkle	tinkle
mispronounce	mis pronounce
membrane	membrane
psephologist	psephology ist
sash	sash
invulnerable	in vulnerable
gangrene	gangrene
seedsman	seed s man
belt	belt
closet	closet
decently	decent ly
openheartedness	openhearted ness
sacrificial	sacrifice ial
side	side
degeneration	degenerate ion
mortification	mortify ation
canyon	canyon
undefended	un defended
coffers	coffers
absorption	absorb ion
bobbin	bobbin
makeshift	makeshift
saxifrage	saxifrage
aggressive	aggression ive
icing	icing
offing	off ing
redundantly	redundant ly
musician	music ian
missus	missus
insure	in sure
liege	liege
dispenser	dispense er
procrastination	procrastinate ion
notarize	notary ize
diplomat	diplomat
bairn	bairn
lovely	lovely
player	play er
monitor	monitor
outport	out port
disorder	dis order
platypus	platypus
primitively	primitive ly
tenantry	tenant ry
thickening	thickening
frightfully	frightful ly
bulldozer	bulldoze er
dacha	dacha
hello	hello
snug	snug
coating	coating
tyrannically	tyrannical ly
sigh	sigh
stillness	still ness
disguise	disguise
fidgets	fidget s
recuperation	recuperate ion
lyrics	lyrics
supervisor	supervise or
shorten	short en
careless	care less
wireless	wire less
arrogantly	arrogant ly
wrist	wrist
nous	nous
downstream	downstream
discharge	discharge
creakiness	creaky ness
switch	switch
prehistorical	prehistory ical
cunning	cunning
overbear	over bear
disloyalty	disloyal ty
sundries	sundry s
institutionalize	institutional ize
submerged	submerged
vent	vent
moaner	moan er
elector	elect or
slinger	sling er
tersely	terse ly
horsemanship	horseman ship
bruiser	bruise er
keeper	keep er
encyclopedically	encyclopedic ally
conveyer	convey er
fortuitously	fortuitous ly
fitness	fit ness
wheaten	wheat en
games	games
cheque	cheque
pith	pith
excusably	excusable ly
treasonably	treasonable ly
unsyllabic	un syllabic
mighty	might y
raptly	rapt ly
retch	retch
shocking	shocking
specialization	specialize ation
engaging	engaging
patrimonial	patrimony al
gigantically	gigantic ally
paroxysm	paroxysm
detour	de tour
anachronistic	anachronism ic
havoc	havoc
blushingly	blushing ly
teetotaller	teetotal er
moreover	more over
greeting	greeting
flannels	flannels
barefooted	barefooted
dashing	dashing
objurgation	objurgate ion
compare	compare
confectioner	confection er
declarable	declare able
docility	docile ity
likeness	like ness
inclusive	inclusion ive
stinker	stink er
lusciousness	luscious ness
rudimentary	rudiment ary
mongoose	mongoose
cutlass	cutlass
transfusion	transfuse ion
aggravate	ag grave ate
abstainer	abstain er
syntactically	syntactic ally
pathological	pathology ical
telegraphic	telegraph ic
rig	rig
brittle	brittle
pryingly	prying ly
cancerous	cancer ous
hospitably	hospitable ly
vocal	vocal
ode	ode
wand	wand
bilateralism	bilateral ism
psychotic	psychotic
ribald	ribald
visualize	visual ize
infinitesimal	infinite al
melon	melon
sideswipe	sideswipe
imposingly	imposing ly
underwrite	under write
respect	respect
needless	need less
sceneshifter	scenery shift er
commensurably	commensurable ly
haulier	haul ier
envenom	en venom
openness	open ness
cleave	cleave
incompetence	incompetent ence
recollection	recollect ion
doubt	doubt
infernally	infernal ly
lob	lob
riveter	rivet er
nett	nett
slog	slog
drowsiness	drowsy ness
caboose	caboose
subjectivity	subjective ity
priory	prior ory
sadist	sadism ist
canalize	canal ize
denim	denim
quirk	quirk
woof	woof
inter	inter
enormously	enormous ly
straightness	straight ness
measured	measured
unmindful	un mindful
uneducated	un educated
genitally	genital ly
rum	rum
scantiness	scanty ness
inhumanity	inhuman ity
courageously	courageous ly
vie	vie
shutter	shut er
sultrily	sultry ly
multiple	multiple
spent	spent
fat	fat
pockmarked	pockmark ed
sultanate	sultan ate
custodial	custody al
woodenly	wooden ly
vet	vet
misapprehend	mis apprehend
cellarage	cellar age
palatable	palate able
shallowly	shallow ly
categorical	category ical
previously	previous ly
city	city
pinched	pinched
corker	cork er
costumier	costume ier
dyne	dyne
anything	anything
percipience	percipient ence
tan	tan
precognition	pre cognition
appetizingly	appetizing ly
fresher	fresh er
llama	llama
kelvin	Kelvin
quire	quire
dishonour	dishonour
fratricidal	fratricide al
emphatically	emphatic ally
passable	pass able
archly	arch ly
idylic	idyll ic
helmet	helmet
reflexive	reflexive
twelve	twelve
judo	judo
enlightened	enlightened
impressionist	impressionism ist
coaxingly	coax ing ly
beseechingly	beseeching ly
valuer	value er
memoirs	memoirs
monumentally	monumental ly
onerously	onerous ly
niggardliness	niggardly ness
perfidious	perfidy ous
treasurer	treasury er
recovery	recover ery
benightedly	benighted ly
causal	cause al
appealingly	appealing ly
parasitic	parasite ic
jester	jest er
cuirassier	cuirass ier
depravity	deprave ity
artifact	artifact
direct	direct
objectively	objective ly
disregard	disregard
laity	lay ity
neither	neither
overwhelmingly	overwhelming ly
fluffy	fluff y
interpose	inter pose
dome	dome
foretaste	fore taste
corrosion	corrode ion
rhymed	rhymed
subjection	subject ion
powerful	power ful
conceivably	conceivable ly
viscosity	viscous ity
unholy	un holy
zebu	zebu
snappily	snappy ly
olden	old en
accord	accord
angularity	angular ity
involved	involved
jaundice	jaundice
stalwart	stalwart
newmarket	Newmarket
magical	magic al
customary	custom ary
assegai	assegai
grater	grate er
display	display
adventure	adventure
paramount	paramount
bigotedly	bigoted ly
height	height
wealthy	wealth y
terminal	terminus al
hurray	hurray
beatification	beatify ation
southeastward	southeastward
watt	watt
doctrinal	doctrine al
factually	factual ly
conjunctive	conjunction ive
theatre	theatre
legitimatize	legitimate ize
plainness	plain ness
insole	in sole
modernize	modern ize
distally	distal ly
doer	do er
socialize	social ize
lioness	lion ess
draggled	draggled
discipleship	disciple ship
telegraphically	telegraphic ally
surpliced	surplice ed
condescending	condescending
bedimmed	be dim ed
rustless	rust less
materialistic	materialist ic
profanation	profane ation
musicianship	musician ship
overtures	overtures
diabetic	diabetes ic
tranquillity	tranquil ity
sheer	sheer
incoherence	incoherent ence
elated	elated
profitably	profitable ly
peck	peck
cater	cater
clique	clique
achieve	achieve
stalwartly	stalwart ly
monotonous	monotony ous
boldfaced	bold face ed
either	either
deuced	deuce ed
cleanliness	cleanly ness
joylessly	joyless ly
disdainful	disdain ful
bad	bad
minority	minor ity
heterosexual	heterosexual
harelipped	hare lip ed
hostel	hostel
rewire	re wire
complexity	complex ity
undercurrent	under current
brae	brae
clairvoyant	clairvoyant
beauteously	beauteous ly
fervently	fervent ly
disjointedness	disjointed ness
familial	family al
executive	execution ive
letter	letter
rejuvenation	rejuvenate ion
grouchiness	grouchy ness
reminiscences	reminiscences
nothingness	nothing ness
luckless	luck less
aimlessness	aimless ness
dig	dig
pictorial	pictorial
geometrical	geometry ical
distinctiveness	distinctive ness
minute	minute
swallower	swallow er
temperamentally	temperamental ly
gracelessness	graceless ness
usurp	usurp
phrase	phrase
obstructiveness	obstructive ness
snappish	snap ish
dejection	deject ion
corvee	corvee
promptness	prompt ness
place	place
preoccupied	preoccupied
unease	un ease
readiness	ready ness
hiking	hiking
rusticate	rustic ate
mistiness	misty ness
fevered	fever ed
ritualistic	ritualist ic
pursuer	pursue er
bludgeon	bludgeon
sternwheeler	stern wheel er
pontificate	pontiff ate
frighten	fright en
fulsomeness	fulsome ness
healing	healing
musically	musical ly
principal	principal
employee	employ ee
effeteness	effete ness
staccato	staccato
immorality	immoral ity
mesmerize	mesmerism ize
artistry	artist ry
bonds	bonds
aptness	apt ness
invitingly	inviting ly
trucking	truck ing
fruity	fruit y
strophe	strophe
occidental	Occident al
why	why
raft	raft
batch	batch
conservatively	conservative ly
leeringly	leering ly
liveried	livery ed
witlessly	witless ly
internationalist	internationalism ist
irritable	irritate able
pulp	pulp
soil	soil
heedfully	heedful ly
theorem	theorem
snarl	snarl
lethargically	lethargic ally
solid	solid
devilishly	devilish ly
siesta	siesta
angle	angle
willingly	willing ly
audit	audit
jolly	jolly
vindication	vindicate ion
lofty	loft y
quarry	quarry
bitty	bit y
hypnotize	hypnotism ize
unbelief	un belief
churchgoer	church go er
neighbourly	neighbour ly
wrestle	wrestle
booklet	book let
conversion	convert ion
reef	reef
unconsciousness	unconscious ness
abrasion	abrade ion
wild	wild
gravel	gravel
suffering	suffering
compel	compel
graft	graft
identification	identify ation
shoulder	shoulder
squander	squander
rowdy	rowdy
kittenishly	kittenish ly
sepulchral	sepulchre al
within	with in
raid	raid
monogamously	monogamous ly
articulated	articulated
rubberize	rubber ize
inexpiably	inexpiable ly
sooty	soot y
revitalize	re vitalize
late	late
corrective	correction ive
prospective	prospect ive
quiet	quiet
slips	slips
hireling	hire ling
gloom	gloom
supernova	super nova
outdate	out date
genie	genie
biff	biff
canine	canine
oceanic	ocean ic
identically	identical ly
unsaid	un said
flail	flail
stair	stair
crave	crave
unaware	un aware
without	with out
inferiority	inferior ity
burp	burp
lesson	lesson
sulphonamide	sulphonamide
aquatically	aquatic ally
anna	anna
sapper	sap er
thievery	thief ery
gladly	glad ly
drab	drab
hermetically	hermetic ally
choreographer	choreography er
sentimentalism	sentimental ism
dint	dint
impermanence	impermanent ence
fastening	fastening
funerary	funeral ary
pet	pet
scattiness	scatty ness
tediously	tedious ly
circumcision	circumcise ion
damages	damages
mileage	mile age
veranda	veranda
mutton	mutton
canasta	canasta
aft	aft
hymn	hymn
condemn	condemn
underlie	under lie
reasonableness	reasonable ness
unthinkable	un thinkable
feeder	feed er
trochaic	trochaic
gloatingly	gloat ing ly
radial	radius al
slavishly	slavish ly
statute	statute
pushy	push y
succubus	succubus
data	data
determinative	determination ive
mallow	mallow
taro	taro
smoocher	smooch er
prodigality	prodigal ity
skewer	skewer
disused	disuse ed
ceramics	ceramic s
gulp	gulp
blotch	blotch
purebred	purebred
uncompromisingly	uncompromising ly
mam	mam
tops	tops
scone	scone
slalom	slalom
immediacy	immediate cy
incurability	incurable ity
unmistakably	unmistakable ly
unhappy	un happy
aphasic	aphasia ic
dynamite	dynamic ite
corny	corn y
alluring	alluring
panga	panga
rationally	rational ly
solipsist	solipsism ist
subway	sub way
directive	direction ive
fly	fly
dueller	duel er
suppressor	suppress or
kilo	kilo
toady	toady
bland	bland
objector	object or
ascendancy	ascendant ancy
pecuniarily	pecuniary ly
agnosticism	agnostic ism
mountaineer	mountaineer
reproduce	re produce
unalienable	un alienable
bonus	bonus
designedly	design ed ly
deeply	deep ly
squall	squall
vertebrate	vertebra ate
indisposition	in disposition
weeds	weeds
bohemian	Bohemia an
invulnerably	invulnerable ly
nosh	nosh
captain	captain
slaughterer	slaughter er
alveolar	alveolar
eastwards	eastward s
undertow	under tow
swoon	swoon
remark	re mark
meed	meed
alternative	alternative
originator	originate or
bestowal	bestow al
progressive	progress ive
ghost	ghost
indistinct	in distinct
staunchness	staunch ness
combat	combat
barrelled	barrelled
horsewhip	horsewhip
higher	higher
swordsmanship	swordsman ship
quest	quest
jog	jog
housebreaker	house break er
brace	brace
secretiveness	secretive ness
miaou	miaou
ulna	ulna
ironically	ironic ally
welder	weld er
fingerprint	fingerprint
admirer	admire er
numb	numb
conservationist	conservation ist
prospects	prospects
shifty	shift y
dovetail	dovetail
respite	respite
vaccinate	vaccine ate
concatenation	concatenate ion
candle	candle
providently	provident ly
philologically	philological ly
admirable	admire able
inflame	in flame
hustle	hustle
nonrestrictive	non restrictive
collectedly	collected ly
present	present
elevation	elevate ion
delusion	delude ion
armless	arm less
pastry	pastry
complicatedness	complicated ness
picket	picket
snout	snout
causation	cause ation
ineffectively	ineffective ly
palate	palate
palmistry	palmist ry
blather	blather
ultimo	ultimo
viably	viable ly
lira	lira
profitlessly	profitless ly
negotiator	negotiate or
dust	dust
grief	grieve
impassiveness	impassive ness
tyrannical	tyrant ical
butch	butch
extensiveness	extensive ness
alternatively	alternative ly
haunting	haunting
consumer	consume er
ironclad	ironclad
fresco	fresco
laze	laze
dent	dent
marriage	marry age
paladin	paladin
fret	fret
compactly	compact ly
cupola	cupola
selectively	selective ly
bestrew	be strew
infract	infract
swinger	swing er
zenithal	zenith al
saint	saint
page	page
inappropriateness	inappropriate ness
drawl	drawl
usher	usher
elaborately	elaborate ly
existential	existence ial
predominantly	predominant ly
interpellation	interpellate ion
owner	own er
recurve	re curve
evocative	evocation ive
beech	beech
cruise	cruise
parity	par ity
accusing	accusing
loath	loath
waspish	wasp ish
distemper	dis temper
type	type
racing	racing
trombonist	trombone ist
immodestly	immodest ly
dick	dick
exemplify	example ify
influential	influence ial
secretarial	secretary al
clearly	clear ly
subnormal	sub normal
billposter	bill post er
sifter	sift er
nimbleness	nimble ness
metronome	metronome
formless	form less
knitting	knitting
mellowness	mellow ness
sprite	sprite
brad	brad
miffed	miffed
constrictor	constrict or
thermoplastic	thermoplastic
turf	turf
compo	composition
deformed	deformed
silicone	silicone
whale	whale
liquor	liquor
polygamist	polygamy ist
radiantly	radiant ly
buffer	buffer
westerner	western er
toilet	toilet
orderly	order ly
criminal	criminal
nutritiously	nutritious ly
technological	technology ical
muted	muted
containerize	container ize
beefy	beef y
come	come
garble	garble
drift	drift
snobbish	snob ish
tidily	tidy ly
nearly	near ly
vulgarity	vulgar ity
supplementary	supplement ary
vertebral	vertebra al
caravanning	caravanning
beach	beach
cajole	cajole
demoralize	de moral ize
bindery	bind ery
prebendary	prebend ary
maudlin	maudlin
aggregate	aggregate
choosy	choose y
vein	vein
singular	singular
reparations	reparations
mush	mush
grass	grass
expatriate	expatriate
proven	proven
eclectically	eclectic ally
bun	bun
cough	cough
elevated	elevated
moo	moo
confidentially	confidential ly
argon	argon
casuistry	casuist ry
bison	bison
lummox	lummox
drench	drench
widowed	widow ed
inadmissibly	inadmissible ly
productiveness	productive ness
consolidation	consolidate ion
smallness	small ness
winkers	wink er s
acoustic	acoustic
carol	carol
stodgy	stodge y
mindful	mind ful
adequately	adequate ly
meagre	meagre
narcissist	narcissism ist
decay	decay
second	second
dictatorial	dictator ial
abdication	abdicate ion
heckle	heckle
bilabial	bilabial
webbed	webbed
fascination	fascinate ion
denominate	de nominate
itinerary	itinerate ary
euphonious	euphony ous
conditional	conditional
helplessly	helpless ly
cattish	cat ish
testamentary	testament ary
correctness	correct ness
flirt	flirt
hooch	hooch
friendlessness	friendless ness
pedicle	pedicle
sleety	sleet y
newsy	news y
underclothes	under clothes
testatrix	testatrix
oft	oft
humanitarian	humanitarian
done	done
scrambler	scramble er
fitful	fit ful
unwritten	un written
ambit	ambit
beginning	beginning
recommendation	recommend ation
canon	canon
penniless	penny less
satanically	satanic ally
motherliness	motherly ness
sadistically	sadistic ally
prejudicial	prejudice ial
equestrian	equestrian
draught	draught
receipts	receipts
owl	owl
mercurially	mercurial ly
turban	turban
comfy	comfortable y
endearingly	endearing ly
titled	title ed
scandalmongering	scandalmonger ing
nonconformity	non conformity
scrounge	scrounge
flask	flask
journalistic	journalist ic
octave	octave
obey	obey
obstructionist	obstructionism ist
peaky	peak y
abominably	abominable ly
representation	represent ation
modern	modern
sociologist	sociology ist
malign	malign
dreamlessly	dreamless ly
parch	parch
dude	dude
fraternally	fraternal ly
abhorrence	abhorrent ence
preach	preach
undoing	undoing
ordination	ordain ation
servo	servo
underneath	under beneath
stifle	stifle
torrential	torrent ial
tactics	tactics
lands	lands
flee	flee
scramble	scramble
plating	plating
recognizable	recognize able
outwards	outward s
irretrievably	irretrievable ly
contented	contented
underplay	under play
schnorkel	schnorkel
earliness	early ness
bumper	bump er
mourn	mourn
lint	lint
copeck	copeck
fledged	fledged
reissue	re issue
adaptable	adapt able
restively	restive ly
diametrically	diametrical ly
vandal	vandal
downstairs	downstairs
entertaining	entertaining
delinquent	delinquent
rousing	rousing
breather	breathe er
hubby	husband y
nonflammable	non flammable
wintery	winter y
kiss	kiss
bisexuality	bisexual ity
projectionist	projection ist
laconism	laconic ism
spoon	spoon
clamour	clamour
bud	bud
laurelled	laurel ed
format	format
retool	re tool
speeding	speeding
tightness	tight ness
nonviolently	nonviolent ly
menially	menial ly
delimitate	de limit ate
crabbed	crabbed
clockwise	clock wise
hotly	hot ly
subordinate	subordinate
competitiveness	competitive ness
extensively	extensive ly
presence	present ence
epileptic	epileptic
hollowness	hollow ness
hammock	hammock
cravat	cravat
binding	binding
palais	palais
honour	honour
variable	vary able
scorer	score er
bilingual	bilingual
capillarity	capillary ity
weep	weep
behead	be head
advantageously	advantageous ly
tubful	tub ful
formalist	formalism ist
reverberation	reverberate ion
hornet	hornet
undomesticated	un domesticated
twitterer	twitter er
betwixt	betwixt
slumberous	slumber ous
ravings	raving s
prenatal	pre natal
slick	slick
toxicologist	toxicology ist
interpreter	interpret er
toad	toad
episodic	episode ic
curability	curable ity
shriek	shriek
coke	coke
rag	rag
tepidity	tepid ity
enthralled	enthralled
unequalness	unequal ness
inversely	inverse ly
outlaw	out law
moonless	moon less
partnership	partner ship
comically	comic ally
envious	envy ous
pettiness	petty ness
diagrammatical	diagram ical
frilly	frill y
languorously	languorous ly
lurcher	lurch er
snooper	snoop er
prematurely	premature ly
beneficently	beneficent ly
lacrosse	lacrosse
hue	hue
about	about
footballer	football er
perpetually	perpetual ly
bespoke	bespoke
medlar	medlar
expensive	expense ive
factorize	factor ize
foreplay	fore play
basketry	basket ry
ignite	ignite
excision	excise ion
narcotic	narcotic
burial	bury al
success	success
cautionary	caution ary
demagogic	demagogy ic
chesty	chest y
forced	forced
chieftainship	chieftain ship
ambassadorial	ambassador ial
earthling	earth ling
ratch	ratchet
quickly	quick ly
ounce	ounce
anchoress	anchorite ess
specificity	specific ity
ayah	ayah
flavouring	flavouring
solver	solve er
restfully	restful ly
bounciness	bouncy ness
gummy	gum y
pain	pain
reform	reform
cantaloup	cantaloup
crore	crore
parentage	parent age
degeneratively	degenerative ly
zany	zany
vivacity	vivacious ity
fife	fife
today	today
refrigeration	refrigerate ion
method	method
feebleness	feeble ness
gunge	gunge
lucent	lucent
oak	oak
dumdum	dumdum
horseshit	horseshit
official	office ial
palmetto	palmetto
cognoscenti	cognoscenti
stoneless	stone less
low	low
fugitive	fugitive
reign	reign
chorus	chorus
salad	salad
dynamo	dynamo
exemplary	example ary
invaluable	in valuable
scrappy	scrap y
gentian	gentian
diversity	diverse ity
immobility	immobile ity
domain	domain
guilelessly	guileless ly
barn	barn
obstructionism	obstruction ism
thou	thou
fraudulence	fraudulent ence
scrap	scrap
mare	mare
tickler	tickle er
rationalize	rational ize
eastward	eastward
sniffles	sniffles
degree	degree
first	first
wrest	wrest
concubinage	concubine age
legislatively	legislative ly
fab	fab
royalty	royal ty
bafflingly	baffling ly
featherweight	featherweight
masterful	master ful
bravery	brave ery
prohibitive	prohibition ive
annex	annex
psychokinetically	psychokinetic ally
atrociously	atrocious ly
relic	relic
forge	forge
proconsulate	proconsul ate
rankness	rank ness
springy	spring y
gild	gild
providential	providence ial
galumph	galumph
shower	shower
doll	doll
booziness	boozy ness
preparedness	prepared ness
stanza	stanza
contrariwise	contrary wise
basil	basil
scatterbrained	scatter brain ed
wiry	wire y
mastermind	mastermind
kudos	kudos
punctiliously	punctilious ly
mirror	mirror
crooner	croon er
planking	planking
burdensomeness	burdensome ness
folklorist	folklore ist
please	please
imam	imam
illness	ill ness
refutable	refute able
aesthetically	aesthetic ally
guano	guano
flatness	flat ness
knee	knee
exhibitionist	exhibitionism ist
delirious	delirium ous
remarkable	remark able
humanistic	humanist ic
boastfully	boastful ly
streamlet	stream let
bicycle	bicycle
lovers	love er s
palpation	palpate ion
protection	protect ion
diagnostic	diagnosis ic
willingness	willing ness
rigorously	rigorous ly
foulness	foul ness
indulge	indulge
lynch	lynch
resolve	resolve
heal	heal
humdrum	humdrum
untenable	un tenable
delft	delft
appearances	appearances
affluence	affluent ence
audibly	audible ly
melodic	melody ic
personation	personate ion
sunny	sun y
solicitous	solicit ous
conductivity	conductive ity
telephone	telephone
naturalism	natural ism
intertribal	inter tribal
reft	bereft
constructiveness	constructive ness
anus	anus
armoury	armour y
placket	placket
running	running
piffling	piffling
nonsensical	nonsense ical
touching	touching
undivided	un divided
shivery	shiver y
strive	strive
tiller	till er
ancestress	ancestor ess
candelabra	candelabra
clog	clog
fresh	fresh
immaturity	immature ity
fumigation	fumigate ion
palace	palace
exchangeable	exchange able
stagnantly	stagnant ly
affray	affray
knowingly	knowing ly
misgive	mis give
pupa	pupa
unimpeachably	unimpeachable ly
weaver	weave er
forenoon	fore noon
stroll	stroll
tire	tire
composer	compose er
telegrapher	telegraph er
driver	drive er
assess	assess
mistakenly	mistaken ly
latinize	Latin ize
ecological	ecology ical
cork	cork
ruby	ruby
glimmerings	glimmering s
chirpiness	chirpy ness
contusion	contuse ion
loo	loo
piglet	pig let
interaction	interact ion
gabble	gabble
caviller	cavil er
contraceptive	contraception ive
fastness	fast ness
checker	check er
stark	stark
computer	compute er
fruitlessness	fruitless ness
savage	savage
plunk	plunk
joylessness	joyless ness
bridle	bridle
attire	attire
inventiveness	inventive ness
ethnographic	ethnography ic
principles	principles
coagulation	coagulate ion
intercession	intercede ion
broadmindedness	broadminded ness
scoopful	scoop ful
evergreen	evergreen
cataclysmic	cataclysm ic
punishing	punishing
flabbergast	flabbergast
pugilistic	pugilist ic
benzol	benzol
redolence	redolent ence
enjoyably	enjoyable ly
daily	daily
guile	guile
pitiably	pitiable ly
horn	horn
whys	why s
nervous	nerve ous
acidic	acid ic
dissent	dissent
thankless	thank less
instructive	instruction ive
paraplegic	paraplegic
faintly	faint ly
porous	pore ous
straitened	straitened
culottes	culotte s
numeral	numeral
freakishly	freakish ly
bring	bring
lute	lute
bellyful	belly ful
untutored	un tutored
praise	praise
tradesman	trade s man
tittle	tittle
source	source
gastronomically	gastronomic ally
tolerable	tolerate able
peep	peep
gosling	goose ling
skill	skill
weirdness	weird ness
wearisome	weary some
refugee	refuge ee
passionate	passion ate
proposer	propose er
ninetieth	ninety th
dacoity	dacoit y
acquisitively	acquisitive ly
bascule	bascule
concordant	concord ant
pinstriped	pinstripe ed
yodel	yodel
comfrey	comfrey
congruently	congruent ly
contraindicated	contraindicated
radioactively	radioactive ly
stuffily	stuffy ly
wench	wench
heck	heck
genially	genial ly
zigzag	zigzag
brisket	brisket
tress	tress
will	will
bygone	bygone
sneerer	sneer er
view	view
definitely	definite ly
dunce	dunce
digression	digress ion
reserve	reserve
monopolistically	monopolistic ally
disreputably	disreputable ly
receptionist	reception ist
roadside	roadside
screening	screening
tropically	tropical ly
muskiness	musky ness
outcaste	out caste
incommodiously	incommodious ly
rug	rug
helper	help er
faultily	faulty ly
cumin	cumin
harrier	harry er
leafage	leaf age
disdainfully	disdainful ly
jazzily	jazzy ly
whenever	whenever
muscled	muscle ed
inequitably	inequitable ly
whin	whin
reinsure	re insure
unalterably	un alterable ly
automatic	automaton ic
vitamin	vitamin
fink	fink
matting	matting
authority	author ity
steed	steed
proportionable	proportion able
lordly	lord ly
enviable	envy able
formalism	formal ism
daintiness	dainty ness
tamable	tame able
immobilization	immobilize ation
strapless	strap less
tepee	tepee
lychee	lychee
musketry	musket ry
supertax	super tax
idolatrous	idolatry ous
pyramid	pyramid
repressed	repressed
faithfully	faithful ly
mythologist	mythology ist
hermaphroditic	hermaphrodite ic
carelessly	careless ly
herbalist	herbal ist
junkie	junk ie
horridness	horrid ness
spaciousness	spacious ness
macadam	macadam
mesmeric	mesmerism ic
crusade	crusade
mocha	mocha
miff	miff
lilt	lilt
quibble	quibble
bronchitic	bronchia ic
frighteningly	frightening ly
quintessentially	quintessential ly
synthetic	synthesis ic
engrossingly	engrossing ly
gloomily	gloomy ly
compensation	compensate ion
grocery	grocer ery
inexpressibly	inexpressible ly
complementary	complement ary
surefootedly	surefooted ly
broccoli	broccoli
enticingly	enticing ly
box	box
invader	invade er
believably	believable ly
ambitiously	ambitious ly
pod	pod
quadrophonic	quadrophony ic
nullah	nullah
rapacity	rapacious ity
flitch	flitch
amplify	ample ify
suggestion	suggest ion
governess	governor ess
gory	gore y
stakes	stakes
duel	duel
create	create
anarchistically	anarchistic ally
vermilion	vermilion
screamingly	scream ing ly
conference	confer ence
morphemic	morpheme ic
amplification	amplify ation
abbot	abbot
inflatable	inflate able
deem	deem
indirectness	indirect ness
chevron	chevron
kedgeree	kedgeree
millionth	millionth
venous	vein ous
pox	pox
casque	casque
miserly	miser ly
modernism	modern ism
overtime	over time
extremely	extreme ly
bigamist	bigamy ist
invincibly	invincible ly
outwardly	outward ly
rib	rib
laxative	laxation ive
lithograph	lithograph
bask	bask
maidenlike	maiden like
fate	fate
nebulosity	nebulous ity
pouch	pouch
recharge	re charge
perceptiveness	perceptive ness
revengeful	revenge ful
appointments	appointments
mousiness	mousy ness
flesh	flesh
lubricator	lubricate or
roguishly	roguish ly
snake	snake
pliers	ply er s
stanchly	stanch ly
severely	severe ly
convoy	convoy
sequestered	sequestered
determined	determined
emir	emir
composed	composed
adenoidal	adenoids al
exhaust	exhaust
regionally	regional ly
fibre	fibre
like	like
boohoo	boohoo
plainly	plain ly
yucca	yucca
insipidity	insipid ity
scurrility	scurrilous ity
subconsciousness	subconscious ness
soft	soft
meeting	meeting
resolvable	resolve able
crackling	crackling
preciosity	precious ity
musty	must y
reaper	reap er
fidget	fidget
constitution	constitute ion
unrestrained	un restrained
lewdness	lewd ness
asexually	asexual ly
lilliputian	Lilliputian
mulct	mulct
gent	gent
geometric	geometry ic
certified	certified
expedient	expedient
client	client
fumbler	fumble er
undulation	undulate ion
staff	staff
header	head er
substratum	sub stratum
hybrid	hybrid
delouse	de louse
moderation	moderate ion
fluorescence	fluorescent ence
kicks	kicks
greens	greens
farsighted	far sight ed
specifically	specific ally
sceptically	sceptical ly
skateboard	skateboard
fully	full ly
bestial	beast ial
millinery	milliner ery
expertly	expert ly
astigmatic	astigmatism ic
uncoloured	un coloured
polemically	polemical ly
fanfare	fanfare
mood	mood
reminiscence	reminiscent ence
admonishing	admonishing
knoll	knoll
orgasm	orgasm
tarnish	tarnish
dross	dross
vaccination	vaccinate ion
boot	boot
drove	drove
thorn	thorn
ret	ret
tuberculous	tubercle ous
misquotation	misquote ation
insanitary	in sanitary
misadventure	mis adventure
neap	neap
vicariousness	vicarious ness
backwardness	backward ness
overly	over ly
tastefulness	tasteful ness
garishness	garish ness
splits	splits
plight	plight
approbation	approbate ion
rick	rick
librarianship	librarian ship
epidemic	epidemic
mistranslation	mistranslate ion
philanderer	philander er
understudy	understudy
leprous	leper ous
blotter	blot er
mismanage	mis manage
utopia	utopia
nab	nab
robust	robust
inopportunely	inopportune ly
unclean	un clean
squeamishly	squeamish ly
washable	wash able
careerist	career ist
tastefully	tasteful ly
kitschy	kitsch y
explicitly	explicit ly
intestate	in testate
croon	croon
bethel	bethel
punt	punt
pus	pus
misbegotten	mis begotten
pixie	pixie
scarify	scar ify
quartering	quartering
disavowal	disavow al
tumultuous	tumult ous
commodore	commodore
sardine	sardine
morally	moral ly
sweetly	sweet ly
ulster	ulster
sonorously	sonorous ly
regretful	regret ful
protect	protect
habitat	habitat
rights	rights
commodiously	commodious ly
opportunism	opportune ism
emptiness	empty ness
marzipan	marzipan
fordable	ford able
despot	despot
ace	ace
coxswain	coxswain
renewal	renew al
consolable	console able
tiring	tiring
toughly	tough ly
conformation	conform ation
protraction	protract ion
ugliness	ugly ness
outcrop	out crop
sprint	sprint
complement	complement
defrayal	defray al
aerodynamically	aerodynamic ally
nylon	nylon
inch	inch
snobbishness	snobbish ness
punitive	punish ive
rapt	rapt
bop	bop
jaggedly	jagged ly
cuss	cuss
avert	avert
rocket	rocket
ticking	tick ing
tritely	trite ly
teal	teal
maw	maw
garrotte	garrotte
injustice	in justice
bar	bar
refreshments	refreshments
wedded	wedded
uncharted	un charted
realty	real ty
yang	yang
glen	glen
typify	type ify
lock	lock
loamy	loam y
berry	berry
disfigure	dis figure
surgically	surgical ly
damning	damning
township	town ship
gradualness	gradual ness
vest	vest
adorn	adorn
materially	material ly
nosher	nosh er
onshore	onshore
taxidermist	taxidermy ist
distiller	distil er
terracotta	terracotta
vitalize	vital ize
subtitle	sub title
blankly	blank ly
ranger	range er
troth	troth
western	western
rehear	re hear
distress	distress
fossilization	fossilize ation
felony	felon y
decompression	decompress ion
weekly	week ly
botanize	botany ize
mining	mining
standing	standing
successive	succession ive
drill	drill
chief	chief
indelicately	indelicate ly
mollycoddle	mollycoddle
streaky	streak y
intermission	intermit ion
provisional	provision al
rebellion	rebel ion
puss	puss
jobless	job less
cuneiform	cuneiform
nose	nose
stays	stays
beardless	beard less
gutsy	guts y
ancient	ancient
statistics	statistics
brawny	brawn y
cogently	cogent ly
faithless	faith less
tarboosh	tarboosh
promiscuously	promiscuous ly
telegraphy	telegraph y
mods	moderations
illogically	illogical ly
vibrantly	vibrant ly
fewer	few er
overbid	overbid
sadism	Sade ism
white	white
repentant	repentant
hotelier	hotel ier
regretfully	regretful ly
elucidatory	elucidation ory
fit	fit
diet	diet
quietly	quiet ly
inculcation	inculcate ion
twofaced	two face ed
meekly	meek ly
upmost	upmost
nipper	nip er
connective	connective
unlimited	un limited
overdraft	over draft
aspirant	aspire ant
stentorian	Stentor ian
concisely	concise ly
dear	dear
zebra	zebra
measliness	measly ness
lamp	lamp
nines	nines
father	father
filminess	filmy ness
adroitly	adroit ly
indeed	in deed
attractive	attraction ive
inestimable	in estimable
slippy	slip y
dip	dip
gunner	gun er
festivity	festive ity
calf	calf
fluky	fluke y
depressive	depression ive
head	head
ownership	owner ship
demonstrably	demonstrable ly
elision	elide ion
desalinize	de saline ize
feudatory	feudatory
strings	strings
mobile	mobile
calendar	calendar
falls	falls
fancily	fancy ly
flightless	flight less
calumniate	calumny ate
reinforce	re enforce
chunk	chunk
squatter	squat er
buffoonery	buffoon ery
numerate	number ate
cracker	crack er
canteen	canteen
foreleg	fore leg
away	away
devotions	devotions
laurel	laurel
degenerate	degenerate
claret	claret
its	its
manned	manned
freemasonry	Freemason ry
swindle	swindle
schooling	schooling
skateboarder	skateboard er
parlous	parlous
thug	thug
heave	heave
coquettishly	coquettish ly
maximal	maximum al
crib	crib
vigil	vigil
scrag	scrag
vengefully	vengeful ly
twin	twin
tolerantly	tolerant ly
golden	gold en
paras	paratroops
total	total
quarrelsome	quarrel some
unstring	un string
ploy	ploy
chick	chick
restrictive	restriction ive
befoul	be foul
meaningfulness	meaningful ness
tempest	tempest
separatist	separate ist
stagily	stagy ly
pilot	pilot
designate	designate
tastily	tasty ly
sojourn	sojourn
thicken	thick en
mandolin	mandolin
commissioner	commission er
suet	suet
progress	progress
authoritarian	authoritarian
elevator	elevate or
elongate	e long ate
then	then
funniness	funny ness
patella	patella
nonviolent	non violent
huge	huge
hot	hot
tine	tine
whorl	whorl
spareness	spare ness
carillon	carillon
equivocally	equivocal ly
hush	hush
mote	mote
smooth	smooth
erection	erect ion
flirtatious	flirtation ous
vector	vector
magus	magus
vault	vault
salvation	salvage ation
war	war
elephantine	elephant ine
darkness	dark ness
workmanlike	workman like
presumptive	presumption ive
masquerade	masquerade
shaking	shaking
impetus	impetus
patriarchal	patriarch al
foundress	founder ess
verbena	verbena
reproof	reproof
ball	ball
gods	gods
herbage	herb age
pigheaded	pig head ed
incompressible	in compressible
slobber	slobber
demagogy	demagogue y
conviviality	convivial ity
overriding	overriding
number	number
idiotic	idiot ic
beriberi	beriberi
renter	rent er
latitudinarian	latitudinarian
altruist	altruism ist
myrmidon	Myrmidon
intumescence	intumescent ence
pointer	point er
movable	move able
guillotine	guillotine
sales	sales
unarmed	un armed
internee	intern ee
radically	radical ly
think	think
week	week
dot	dot
mornings	morning s
onside	onside
centrist	centrist
illiteracy	illiterate cy
speakable	speak able
cohesiveness	cohesive ness
turner	turn er
contumaciously	contumacious ly
pregnancy	pregnant ancy
early	early
tenderness	tender ness
corm	corm
corps	corps
sentimentality	sentimental ity
marble	marble
invite	invitation
waffle	waffle
officiousness	officious ness
roomy	room y
ravel	ravel
cerebrate	cerebrum ate
forging	forging
laicize	laic ize
expressionist	expressionism ist
evaporate	e vapour ate
shall	shall
cloddish	clod ish
peddling	peddling
counterattack	counterattack
transcription	transcribe ion
tinker	tinker
itchiness	itchy ness
hotfoot	hotfoot
incapacitate	incapacity ate
incapably	incapable ly
agave	agave
crabby	crab y
magnification	magnify ation
tutu	tutu
coppery	copper y
insincerity	insincere ity
unreasonable	un reasonable
woman	woman
aegis	aegis
lesser	lesser
send	send
bloodily	bloody ly
feeble	feeble
malcontented	malcontent ed
annunciation	announce ation
brutalization	brutalize ation
graphics	graphic s
brisk	brisk
lather	lather
knot	knot
curliness	curly ness
cancerously	cancerous ly
prefix	prefix
ship	ship
outback	outback
chinless	chin less
captivate	captive ate
fruition	fruit ion
gait	gait
mince	mince
consequentially	consequential ly
carbuncle	carbuncle
myth	myth
subcontinent	sub continent
adventurer	adventure er
vilification	vilify ation
saga	saga
taper	taper
oxidization	oxidize ation
eff	eff
browse	browse
heterosexually	heterosexual ly
offence	offend ence
east	east
licentiousness	licentious ness
demagogue	demagogue
awfully	awful ly
placenta	placenta
fundamentalist	fundamentalism ist
asthmatic	asthma ic
diagonal	diagonal
uncouple	un couple
predominant	predominate ant
composite	composite
unadvisedly	unadvised ly
appellant	appellant
schist	schism ist
satirize	satire ize
algorithmic	algorithm ic
vocalize	vocal ize
compartmentalize	compartmental ize
inspiration	inspire ation
tucker	tuck er
morbidity	morbid ity
uphill	uphill
sorter	sort er
dynamically	dynamic ally
obligatory	obligation ory
offertory	offer ory
intangibility	intangible ity
dalesman	dale s man
chaser	chase er
research	research
trusteeship	trustee ship
laboriousness	laborious ness
gorgeousness	gorgeous ness
neutralizer	neutralize er
widgeon	widgeon
ossification	ossify ation
rage	rage
brevity	brief ity
alley	alley
slickness	slick ness
bunkered	bunker ed
tomboyish	tomboy ish
hastiness	hasty ness
worrisome	worry some
whirr	whirr
availability	available ity
boner	bone er
billet	billet
manioc	manioc
phagocyte	phagocyte
respectfully	respectful ly
covertly	covert ly
entrap	en trap
venomous	venom ous
devitalization	devitalize ation
semolina	semolina
craze	craze
uprising	up rise ing
derequisition	de requisition
jangle	jangle
reprovingly	reproving ly
eared	ear ed
sensor	sense or
laudatory	laud ory
peremptorily	peremptory ly
unfavourably	unfavourable ly
enslave	en slave
rasp	rasp
light	light
degeneracy	degenerate cy
evaporation	evaporate ion
monarchist	monarchist
bass	bass
galosh	galosh
theft	theft
career	career
unconvincing	un convincing
sombre	sombre
griminess	grimy ness
quoin	quoin
necklet	neck let
supinely	supine ly
homosexuality	homosexual ity
verge	verge
misconceive	mis conceive
untinged	un tinged
pickaback	pickaback
cannily	canny ly
garrulity	garrulous ity
toiler	toil er
experience	experience
clout	clout
stunningly	stunning ly
sheltered	sheltered
christening	christening
creel	creel
regression	regress ion
sprigged	sprig ed
integrally	integral ly
melodramatic	melodrama ic
denote	de note
bury	bury
mirthfully	mirthful ly
delicacy	delicate cy
retort	retort
uncommonly	uncommon ly
lubricant	lubricate ant
generosity	generous ity
interrogation	interrogate ion
consensus	consensus
hypocritically	hypocritical ly
chump	chump
decimalize	decimal ize
bag	bag
rightful	right ful
troublesome	trouble some
fag	faggot
roomer	room er
accessory	access ory
wispy	wisp y
reconsideration	reconsider ation
evanescence	evanescent ence
fountain	fountain
brief	brief
surefooted	sure foot ed
bridge	bridge
extermination	exterminate ion
bathe	bath
foundation	found ation
priestess	priest ess
incorrigible	in corrigible
stocks	stocks
whaler	whale er
contender	contend er
fruit	fruit
gondolier	gondola ier
egoistical	egoist ical
skein	skein
operationally	operational ly
makings	making s
paleographically	paleographic ally
cordiality	cordial ity
clean	clean
stubbornly	stubborn ly
solicitousness	solicitous ness
horned	horn ed
dissolutely	dissolute ly
treasonous	treason ous
idealist	idealism ist
boil	boil
overall	over all
debunker	debunk er
automatically	automatic ally
smell	smell
vestigially	vestigial ly
indwell	in dwell
fold	fold
writings	writings
lectureship	lecture ship
paralytic	paralytic
uncharitable	un charitable
fatal	fate al
haver	haver
declaration	declare ation
wedge	wedge
refine	re fine
cumulatively	cumulative ly
youthfully	youthful ly
caliph	caliph
headachy	headache y
manic	mania ic
aspen	aspen
grotto	grotto
gospel	gospel
womanhood	woman hood
oven	oven
incineration	incinerate ion
intelligibly	intelligible ly
blissful	bliss ful
soothe	soothe
debtor	debt or
coupon	coupon
cattiness	catty ness
reefer	reef er
melee	melee
confidentiality	confidential ity
inaugural	in augur al
pragmatically	pragmatic ally
checkers	checkers
crazily	crazy ly
insubstantial	in substantial
thrall	thrall
tired	tired
beaut	beaut
glittering	glittering
ammo	ammunition
oversubscribed	over subscribed
cashmere	cashmere
impetuously	impetuous ly
causatively	causative ly
prolongation	prolong ation
grotesquely	grotesque ly
licence	license
domestically	domestic ally
hear	hear
stalemate	stalemate
scrip	scrip
workmanship	workman ship
operative	operative
gudgeon	gudgeon
tilth	till th
compulsion	compel ion
protocol	protocol
gecko	gecko
paraplegic	paraplegia ic
unassumingly	unassuming ly
scab	scab
openheartedly	openhearted ly
alternator	alternate or
octavo	octavo
rumble	rumble
fleshings	flesh ing s
ducat	ducat
jag	jag
yoke	yoke
lagging	lagging
beggarliness	beggarly ness
aesthetical	aesthete ical
selection	select ion
crisp	crisp
day	day
misfit	mis fit
cyst	cyst
must	must
barbaric	barbarian ic
blond	blond
squeal	squeal
compassionately	compassionate ly
leveller	level er
crimson	crimson
stalk	stalk
confide	confide
companionable	companion able
disinfect	dis infect
rejoinder	rejoin er
nog	nog
immediately	immediately
dope	dope
mannerism	manner ism
outrigger	out rig er
livable	live able
dethrone	de throne
sightless	sight less
heaviness	heavy ness
bootless	boot less
undersexed	under sex ed
immaculately	immaculate ly
nonpareil	nonpareil
indicator	indicate or
cabin	cabin
grumble	grumble
hide	hide
unconventional	un conventional
indestructibility	indestructible ity
leprechaun	leprechaun
malcontent	malcontent
masturbatory	masturbation ory
confines	confine s
darts	darts
antipodean	antipodes an
corrosive	corrosive
thoughtlessly	thoughtless ly
testate	testate
inscrutably	inscrutable ly
blighter	blight er
channel	channel
dinosaur	dinosaur
unbecomingly	unbecoming ly
dumbness	dumb ness
undesirably	undesirable ly
unfriendly	un friendly
permeation	permeate ion
jewellery	jewel ery
organized	organized
cyclostyle	cyclostyle
healer	heal er
whippy	whip y
manageable	manage able
courtly	court ly
bashfulness	bashful ness
recruit	recruit
profanely	profane ly
timelessly	timeless ly
cumbrous	cumber ous
balcony	balcony
hassle	hassle
constant	constant
simply	simple ly
cold	cold
powerfully	powerful ly
cos	cos
robustness	robust ness
affront	affront
compilation	compile ation
interrelationship	interrelation ship
corruption	corrupt ion
shaky	shake y
shortening	shortening
wily	wile y
bellow	bellow
rawly	raw ly
dismally	dismal ly
safecracker	safe crack er
polarize	polar ize
incisive	incision ive
deception	deceive ion
deputize	deputy ize
placed	placed
crematory	cremation ory
vacancy	vacant ancy
smuggle	smuggle
incorrectly	incorrect ly
million	million
rustproof	rustproof
anthropoid	anthropoid
wall	wall
rock	rock
canonize	canon ize
wrongfully	wrongful ly
foreknowledge	fore knowledge
