allah	allah
pelacur	pen lacur
dituturkan	di tutur kan
absen	absen
membaca	men baca
alkohol	alkohol
dipahami	di paham i
didik	didik
membenahi	men benah i
menguatkan	men kuat kan
bayangannya	bayang an nya
pengaduan	pen adu an
demokratis	demokratis
terindikasi	ter indikasi
aumannya	aum an nya
dirobek	di robek
memperingati	men ingat i
pangkat	pangkat
penghalau	pen halau
lantainya	lantai nya
memperoleh	men peroleh
bergosip	ber gosip
mandatnya	mandat nya
dilaluinya	di lalu i nya
ketidakcocokan	ke tidak cocok an
fisiknya	fisik nya
ditekuninya	di tekun i nya
metode	metode
berperkara	ber perkara
dikelompokkan	di kelompok kan
perkataanmu	per kata an mu
licik	licik
berdasarkan	ber dasar kan
lawannya	lawan nya
monitor	monitor
fosil	fosil
disingkat	di singkat
sesamanya	se sama nya
terpukau	ter pukau
mendefinisikannya	men definisi kan nya
dipastikan	di pasti kan
berdiskusi	ber diskusi
timbangan	timbang an
partikel	partikel
panen	panen
berteknologi	ber teknologi
terperdaya	ter perdaya
terkandung	ter kandung
pengganggu	pen ganggu
sekiranya	sekira nya
diubahnya	di ubah nya
konsumsi	konsumsi
mengalah	men kalah
menyesatkan	men sesat kan
menggelora	men gelora
menerpa	men terpa
ambilkan	ambil kan
bayar	bayar
basah	basah
gagang	gagang
berpandangan	ber pandang an
rumahan	rumah an
sukses	sukses
pemodal	pen modal
bidannya	bidan nya
kadonya	kado nya
utusan	utus an
hambaku	hamba aku
meratapinya	men ratap i nya
berpalang	ber palang
pengalokasian	pen alokasi an
benci	benci
sebutan	sebut an
hadapan	hadap an
opini	opini
kontribusinya	kontribusi nya
mengenangnya	men kenang nya
serahkan	serah kan
alunan	alun an
memancarkan	men pancar kan
terdistribusi	ter distribusi
meramaikan	men ramai kan
rate	rate
dimaksimalkan	di maksimal kan
menuliskan	men tulis kan
tuna	tuna
membicarakan	men bicara kan
mendamaikan	men damai kan
pembatasan	pen batas an
melelahkan	men lelah kan
dinikahi	di nikah i
kompleks	kompleks
spekulasi	spekulasi
sekelilingnya	se keliling nya
disahkannya	di sah kan nya
masai	masa i
pengumumannya	pen umum an nya
dikoleksi	di koleksi
terdukung	ter dukung
berlalunya	ber lalu nya
perhatikan	perhatikan
bermitra	ber mitra
semprot	semprot
resolusi	resolusi
memenuhinya	men penuh i nya
memproses	men proses
lanjut	lanjut
reformis	reformis
transformasi	transformasi
lagu	lagu
sukarelawan	sukarela wan
melaut	men laut
memperpendek	men pendek
kamboja	kamboja
tanda	tanda
digarisbawahi	di garisbawah i
percobaan	per coba an
percaya	percaya
memuliakan	men mulia kan
pembersihan	pen bersih an
pariwisata	pariwisata
licin	licin
longgar	longgar
gajian	gaji an
dataran	datar an
menempel	men tempel
meregangkan	men regang kan
imbas	imbas
pernyataan	per nyata an
kemarin	kemarin
reputasi	reputasi
diskriminasi	diskriminasi
pantai	pantai
terkuat	ter kuat
menginjakkan	men injak kan
mengarungi	men karung i
pejuang	pejuang
mengalokasikan	men alokasi kan
ditaklukkan	di takluk kan
terlempar	ter lempar
menargetkan	men target kan
disepelekan	di sepele kan
isterimu	isteri mu
dikontrakkan	di kontrak kan
pencegahan	pen cegah an
wasit	wasit
olimpiade	olimpiade
memvonis	men vonis
penjaga	pen jaga
pencari	pen cari
biskuit	biskuit
terabaikannya	ter abai kan nya
lulus	lulus
ketidakadaan	ke tidak ada an
omzetnya	omzet nya
warung	warung
lereng	lereng
terpuruknya	ter puruk nya
dimaksudkan	di maksud kan
kufirmankan	ku firman kan
dileskan	di les kan
dikumandangkan	di kumandang kan
lebih	lebih
melanggarnya	men langgar nya
iuran	iuran
didesain	di desain
tolak	tolak
pemanjaan	pen manja an
kepercayaan	ke percaya an
ditempel	di tempel
jual	jual
lanjutan	lanjut an
penyiapan	pen siap an
dihadiri	di hadir i
penindakan	pen tindak an
menyingkapkan	men singkap kan
pidatonya	pidato nya
sayapnya	sayap nya
berkulit	ber kulit
ditandai	di tanda i
membalikkannya	men balik kan nya
kucapai	ku capai
prosesnya	proses nya
mengingatkan	men ingat kan
menjala	men jala
sobekan	sobek an
ribut	ribut
menembus	men tembus
mengganti	men ganti
pertimbangan	per timbang an
mengikut	men ikut
cukur	cukur
pemenuhannya	pen penuh an nya
sukarela	sukarela
omong	omong
mencantumkan	men cantum kan
koreksi	koreksi
kaya	kaya
kejadian	ke jadi an
berkelahi	ber kelahi
asalan	asal an
ketidakpuasannya	ke tidak puas an nya
membutuhkan	men butuh kan
dinegosiasikan	di negosiasi kan
cetak	cetak
belalai	belalai
melangsungkan	men langsung kan
kanannya	kanan nya
terbentang	ter bentang
kesenjangan	kesenjangan
pembedaan	pen beda an
dijatuhkan	di jatuh kan
cacing	cacing
kuadratnya	kuadrat nya
pengeruk	pen keruk
rentan	rentan
membangun	men bangun
watak	watak
jerat	jerat
sekeluarga	se keluarga
rekonsiliasi	rekonsiliasi
satuan	satu an
dirintis	di rintis
bungsu	bungsu
pengentasan	pen entas an
menular	men tular
pancaran	pancar an
dimobilisasi	di mobilisasi
tunggangan	tunggang an
diletakkan	di letak kan
merambah	men rambah
bencana	bencana
perangnya	perang nya
melecehkan	men leceh kan
peminjaman	pen pinjam an
melemparinya	men lempar i nya
situ	situ
karib	karib
menipis	men tipis
memandunya	men pandu nya
hadapannya	hadap an nya
meminjam	men pinjam
demonstrasi	demonstrasi
melonjaknya	men lonjak nya
menanyai	men tanya i
berteduh	ber teduh
respon	respon
triwulanannya	triwulan an nya
konsep	konsep
belakangnya	belakang nya
mengabdi	men abdi
kelahiran	ke lahir an
komputerisasi	komputerisasi
bergirang	ber girang
ilahinya	ilahi nya
mengitariku	men kitar i ku
canggung	canggung
pendaftaran	pen daftar an
berwilayah	ber wilayah
sedahsyat	se dahsyat
perabotan	perabot an
sinerginya	sinergi nya
lawan	lawan
dihubungkan	di hubung kan
pewaris	pen waris
sepesawat	se pesawat
pengucapan	pen ucap an
seutuhnya	se utuh nya
pembuatan	pen buat an
restrukturisasi	restrukturisasi
dijahitkan	di jahit kan
anggaran	anggar an
menuruni	men turun i
singkatnya	singkat nya
direkrut	di rekrut
uap	uap
disebar	di sebar
jagung	jagung
pemenang	pen menang
beradaptasi	ber adaptasi
didiktekan	di dikte kan
botani	botani
membuat	men buat
display	display
timbal	timbal
gugusan	gugus an
tanganmu	tangan mu
penahanan	pen tahan an
siswanya	siswa nya
mendisiplinkan	men disiplin kan
nyawanya	nyawa nya
berproduksi	ber produksi
berinteraksi	ber interaksi
setujui	setuju i
negaranya	negara nya
menggerebek	men gerebek
dukanya	duka nya
menyebarnya	men sebar nya
perkenalan	per kenal an
eropa	eropa
produknya	produk nya
kanan	kanan
pengelompokan	pen kelompok an
menayangkan	men tayang kan
berlatar	ber latar
berlabuh	ber labuh
alfabet	alfabet
ditugaskan	di tugas kan
terkenang	ter kenang
kenakan	kena kan
memelihara	men pelihara
meneruskannya	men terus kan nya
bawahmu	bawah mu
mobilnya	mobil nya
serakah	serakah
propinsi	propinsi
hulu	hulu
maksud	maksud
beralih	ber alih
penggorengan	pen goreng an
jamuan	jamu an
penakluk	pen takluk
dikompilasi	di kompilasi
modern	modern
menghargainya	men harga i nya
menyusunnya	men susun nya
ketimun	ketimun
daratannya	darat an nya
berakhir	ber akhir
perbendaharaan	per bendahara an
diinformasikan	di informasi kan
kuncinya	kunci nya
superior	superior
menghubungi	men hubung i
dimapankan	di mapan kan
ternaknya	ternak nya
doktrin	doktrin
susukan	susu kan
pencobaan	pen coba an
membungkam	men bungkam
dicicil	di cicil
berkondisi	ber kondisi
masanya	masa nya
tanam	tanam
mencipratkan	men ciprat kan
memperburuk	men buruk
menguasainya	men kuasa i nya
kuharap	ku harap
mengingini	men ingin i
nikel	nikel
menduduki	men duduk i
saljumu	salju mu
motivasinya	motivasi nya
khawatir	khawatir
dimenangkan	di menang kan
kode	kode
gigitannya	gigit an nya
merancang	men rancang
reporter	reporter
memburuk	men buruk
kepalaku	kepala aku
komponen	komponen
menangisinya	men tangis i nya
signifikan	signifikan
calon	calon
diciumnya	di cium nya
belakangmu	belakang mu
membela	men bela
bergantian	ber ganti an
menegakkan	men tegak kan
perenungannya	pen renung an nya
merotasi	men rotasi
kuyakini	ku yakin i
menuntaskan	men tuntas kan
adikku	adik ku
dibentuknya	di bentuk nya
area	area
kelihatan	ke lihat an
dilabuhkan	di labuh kan
orangtua	orangtua
mengantisipasi	men antisipasi
berpaling	ber paling
pangkuannya	pangku an nya
dini	din i
dinikahinya	di nikah i nya
kirim	kirim
indah	indah
juni	juni
berhimpitan	ber himpit an
ketidakmampuan	ke tidak mampu an
dilucuti	di lucut i
terselami	ter selam i
berupa	ber rupa
kulalui	ku lalu i
liburan	libur an
badannya	badan nya
menggenggam	men genggam
pengucuran	pen kucur an
investigasinya	investigasi nya
akomodasi	akomodasi
almamater	almamater
gempa	gempa
kualifikasinya	kualifikasi nya
menghiburku	men hibur ku
mengkonsumsi	men konsumsi
memerbaiki	men perbaiki
menguburkan	men kubur kan
awan	awan
menyumbang	men sumbang
menyembuhkan	men sembuh kan
konkret	konkret
juruselamat	juruselamat
didoakan	di doa kan
desember	desember
menyuruhnya	men suruh nya
gemuk	gemuk
persekutuannya	per sekutu an nya
dipandang	di pandang
berkuasa	ber kuasa
minoritas	minoritas
pertengahan	per tengah an
sinkronisasi	sinkronisasi
digenapi	di genap i
terpadat	ter padat
dijembatani	di jembatan i
antartahun	antar tahun
kuman	kuman
melaksanakan	men laksana kan
hubungi	hubung i
terkubur	ter kubur
penasehat	pen nasehat
bisnisnya	bisnis nya
rancu	rancu
seimbang	seimbang
kulit	kulit
lusinan	lusin an
gemilang	gemilang
lelah	lelah
pintu	pintu
ayahnya	ayah nya
tembus	tembus
entrinya	entri nya
meratapi	men ratap i
memperparah	men parah
menyiasatinya	men siasat i nya
sifatnya	sifat nya
menyebalkan	men sebal kan
embun	embun
kiamat	kiamat
meredakan	men reda kan
stempelnya	stempel nya
alih	alih
sejam	se jam
teluk	teluk
kusebut	ku sebut
perancang	pen rancang
perangkap	pen rangkap
menangani	men tangan i
terdengar	ter dengar
sambungan	sambung an
peneguhan	pen teguh an
perbankan	per bank an
penyalur	pen salur
jelasnya	jelas nya
pelupa	pen lupa
indonesia	indonesia
tertib	tertib
roboh	roboh
yunani	yunani
sumber	sumber
tradisional	tradisional
prestasi	prestasi
berpulangnya	ber pulang nya
asin	asin
gula	gula
review	review
sebarannya	sebar an nya
bangkit	bangkit
liriknya	lirik nya
melunasi	men lunas i
menambahkan	men tambah kan
jemput	jemput
kemunculan	ke muncul an
tenggang	tenggang
penuhi	penuh i
diungkapkan	di ungkap kan
seteguh	se teguh
diprotes	di protes
pesan	pesan
jalar	jalar
keinginannya	ke ingin an nya
pendapatan	pen dapat an
mengadunya	men adu nya
separah	se parah
sanjungan	sanjung an
perkataannya	per kata an nya
berawal	ber awal
pemberi	pen beri
adik	adik
reputasinya	reputasi nya
berkurangnya	ber kurang nya
denpasar	denpasar
bercacat	ber cacat
diagnostik	diagnostik
protokol	protokol
majelis	majelis
etnis	etnis
relevansinya	relevansi nya
kandangmu	kandang mu
memetik	men petik
dipajaki	di pajak i
dideklarasikan	di deklarasi kan
memancar	men pancar
pendetanya	pendeta nya
tunjukkan	tunjuk kan
panci	panci
penargetan	pen target an
mencurahkan	men curah kan
hadapi	hadap i
terjatuh	ter jatuh
ditargetkan	di target kan
peringkat	peringkat
hebat	hebat
defisit	defisit
mengaburkan	men kabur kan
daerahnya	daerah nya
pelan	pelan
rekapitulasi	rekapitulasi
penyulingan	pen suling an
tangan	tangan
hidrogen	hidrogen
pengemudi	pen kemudi
pengaudit	pen audit
lomba	lomba
penyaluran	pen salur an
status	status
sedetik	se detik
nakal	nakal
membajak	men bajak
memedulikan	men peduli kan
kalender	kalender
memberontak	men berontak
paksaan	paksa an
duniawi	duniawi
bubar	bubar
indera	indera
liter	liter
parahnya	parah nya
berjumlah	ber jumlah
nyamuk	nyamuk
pemberkatan	pen berkat an
tembaga	tembaga
skornya	skor nya
diuruskan	di urus kan
bernegosiasi	ber negosiasi
diselamatkan	di selamat kan
orangtuaku	orangtua aku
kalung	kalung
dihormatinya	di hormat i nya
berbunyi	ber bunyi
bergurau	ber gurau
penyortiran	pen sortir an
wadah	wadah
matahari	matahari
pengurangan	pen kurang an
dirangkum	di rangkum
dengarkan	dengar kan
campuran	campur an
mencalonkan	men calon kan
menguras	men kuras
efektivitasnya	efektivitas nya
penggolongan	pen golong an
bantu	bantu
mencacah	men cacah
terbayangkan	ter bayang kan
dirobohkan	di roboh kan
menempatkannya	men tempat kan nya
jasanya	jasa nya
lemaknya	lemak nya
pengampun	pen ampun
terjaganya	ter jaga nya
cercaan	cerca an
selesainya	selesai nya
penyelamat	pen selamat
menghapuskan	men hapus kan
rapi	rapi
sedih	sedih
ditabung	di tabung
pemanis	pen manis
mengharuskan	men harus kan
federal	federal
antipesawat	anti pesawat
diindonesiakan	di indonesia kan
bayangkan	bayang kan
mengemukakan	men kemuka kan
tersayat	ter sayat
sah	sah
usang	usang
rak	rak
tenis	tenis
palungan	palung an
fungsi	fungsi
cinta	cinta
bertiup	ber tiup
diungkap	di ungkap
ragi	ragi
daftarnya	daftar nya
privasi	privasi
beliau	beliau
merelakan	men rela kan
ketik	ketik
mengisolasi	men isolasi
berpikiran	ber pikir an
liberal	liberal
tergoda	ter goda
patah	patah
lontar	lontar
mentransfer	men transfer
menginformasikan	men informasi kan
dapatkan	dapat kan
bertahan	ber tahan
terjemahan	terjemah an
mengasihi	men kasih i
rumusan	rumus an
dahaga	dahaga
susu	susu
melainkan	men lain kan
bermilik	ber milik
dipersepsikan	di persepsi kan
membosankan	men bosan kan
pandangnya	pandang nya
pembatalan	pen batal an
sekrup	sekrup
pilih	pilih
terpahat	ter pahat
polisi	polisi
mengganggu	men ganggu
terbantahkan	ter bantah kan
pengarah	pen arah
memasukinya	men masuk i nya
acuh	acuh
ternak	ternak
dagangannya	dagang an nya
digaji	di gaji
jabatannya	jabat an nya
melengkapinya	men lengkap i nya
pudar	pudar
memberiku	men beri ku
harapannya	harap an nya
komunis	komunis
hikmat	hikmat
diakui	di aku i
nuraninya	nurani nya
diprediksikan	di prediksi kan
dibaca	di baca
perimbangan	per imbang an
kebobolan	ke bobol an
teologi	teologi
tawa	tawa
taat	taat
bintang	bintang
pemikiran	pen pikir an
pembukuannya	pen buku an nya
seni	seni
adonan	adon an
diturunkan	di turun kan
beragama	ber agama
ampas	ampas
bensin	bensin
diamati	di amati
menghemat	men hemat
mil	mil
kukatakan	ku kata kan
cakupan	cakup an
rumah	rumah
mengintervensi	men intervensi
mencegah	men cegah
penggenapannya	pen genap an nya
pembimbingan	pen bimbing an
relawan	rela wan
pasien	pasien
metrologi	metrologi
didirikannya	di diri kan nya
khayalan	khayal an
kunjungannya	kunjung an nya
mencarinya	men cari nya
memaksakan	men paksa kan
bergembira	ber gembira
simpulkan	simpul kan
diklasifikasikan	di klasifikasi kan
sindikat	sindikat
terkucil	ter kucil
murahnya	murah nya
penjagaan	pen jaga an
bruto	bruto
uluran	ulur an
dilanjutkan	di lanjut kan
gran	gr an
biar	biar
daratnya	darat nya
konsentrasi	konsentrasi
arsitektur	arsitektur
bajakannya	bajak an nya
terkejut	ter kejut
mencanangkan	men canang kan
peringatan	per ingat an
memprediksi	men prediksi
pasangannya	pasang an nya
anggun	anggun
pengusung	pen usung
turunannya	turun an nya
transisi	transisi
dijatuhi	di jatuh i
menjagamu	men jaga mu
dites	di tes
handuk	handuk
lemahnya	lemah nya
berhiaskan	ber hias kan
pengungkapan	pen ungkap an
cuacanya	cuaca nya
pemula	pen mula
menjelekkan	men jelek kan
terbaca	ter baca
memperkatakan	men kata kan
memasukkannya	men masuk kan nya
mengejarnya	men kejar nya
sulut	sulut
menjanjikan	men janji kan
kepergianku	ke pergi an ku
kurun	kurun
dikutuk	di kutuk
diupayakan	di upaya kan
pasukan	pasukan
didenda	di denda
diangkut	di angkut
bicara	bicara
kontraktor	kontraktor
mengesankan	men kesan kan
meneruskan	men terus kan
pola	pola
memblok	men blok
bermusyawarah	ber musyawarah
leher	leher
menteri	menteri
merenung	men renung
sepupu	sepupu
kau	kau
merancangkan	men rancang kan
diprioritaskan	di prioritas kan
surgawi	surgawi
berpendapatan	ber pen dapat an
penghormatan	pen hormat an
asean	asean
membujuk	men bujuk
mendata	men data
pendistribusi	pen distribusi
dedikasi	dedikasi
seprovinsi	se provinsi
pengiriman	pen kirim an
dijual	di jual
sekantung	se kantung
serok	se rok
sesederhana	se sederhana
pendatang	pen datang
menebusnya	men tebus nya
berbahagia	ber bahagia
landai	landa i
toleransi	toleransi
mata	mata
merealokasi	men realokasi
pengupahan	pen upah an
nonkonsumsi	non konsumsi
atap	atap
tanya	tanya
aula	aula
merekomendasikan	men rekomendasi kan
seterusnya	se terus nya
pintar	pintar
pegolf	pen golf
dikendorkan	di kendor kan
anjloknya	anjlok nya
menumpang	men tumpang
ditelaah	di telaah
diberikannya	di beri kan nya
pengarahannya	pen arah an nya
akurasi	akurasi
akunting	akunting
dipercayai	di percaya i
roda	roda
gerejanya	gereja nya
mahabintang	mahabintang
suriah	suriah
penyaliban	pen salib an
kuda	kuda
industri	industri
bergemar	ber gemar
ujar	ujar
disimpulkan	di simpul kan
mengidentifikasi	men identifikasi
debu	debu
tumpang	tumpang
persepsinya	persepsi nya
bapamu	bapa mu
pengukur	pen ukur
dia	dia
edisi	edisi
disembelih	di sembelih
kaku	kaku
kadarnya	kadar nya
berbaring	ber baring
bersertifikat	ber sertifikat
terduga	ter duga
dianalisis	di analisis
permainan	per main an
pentingnya	penting nya
minatnya	minat nya
dimakamkan	di makam kan
dicatat	di catat
sendirinya	sendiri nya
terdahsyat	ter dahsyat
ratap	ratap
kamar	kamar
diagendakan	di agenda kan
rangkuman	rangkum an
dikorbankan	di korban kan
memproduksinya	men produksi nya
diklaim	di klaim
andalkan	andal kan
meletus	men letus
dengar	dengar
almamaternya	almamater nya
teraniaya	ter aniaya
direformasi	di reformasi
gelas	gelas
cabangnya	cabang nya
canggih	canggih
mengoreksi	men koreksi
mendirikan	men diri kan
harinya	hari nya
imajinasi	imajinasi
bagiannya	bagi an nya
sibuknya	sibuk nya
terkoyak	ter koyak
privat	privat
diagnosis	diagnosis
penagihan	pen tagih an
telepon	telepon
penyalahgunaan	pen salahguna an
dikalahkan	di kalah kan
membayangkan	men bayang kan
melumpuhkannya	men lumpuh kan nya
menghancurkannya	men hancur kan nya
dipandu	di pandu
biologis	biologis
rupa	rupa
perjuangannya	per juang an nya
terkecil	ter kecil
bergulat	ber gulat
kaca	kaca
persiapan	per siap an
melukiskan	men lukis kan
membagikan	men bagi kan
saya	saya
mengingatnya	men ingat nya
kuingat	ku ingat
mesin	mesin
sengketa	sengketa
nondepartemen	non departemen
petunjuknya	petunjuk nya
dosen	dosen
pendekatannya	pen dekat an nya
latarbelakang	latarbelakang
mengaktifkannya	men aktif kan nya
tersinggung	ter singgung
berwewenang	ber wewenang
perdana	perdana
buruan	buru an
panjang	panjang
musuh	musuh
dituakan	di tua kan
produsen	produsen
memperkuat	men kuat
celah	celah
minta	minta
sains	sains
korea	korea
sangkaan	sangka an
kebagian	ke bagi an
kelapanya	kelapa nya
dicap	di cap
nyanyiannya	nyanyi an nya
ironisnya	ironis nya
menjelang	men jelang
menggalang	men galang
bakat	bakat
kisahnya	kisah nya
moneter	moneter
campak	campak
penyeragaman	pen seragam an
bahasa	bahasa
komersil	komersil
bersedih	ber sedih
berbicara	ber bicara
ciptakan	cipta kan
terpecahkan	ter pecah kan
pelamar	pen lamar
perbedaan	per beda an
mengajar	men ajar
dibayar	di bayar
menggoda	men goda
derita	derita
kudanya	kuda nya
kananmu	kanan mu
artikel	artikel
aduan	adu an
berlumpur	ber lumpur
sayang	sayang
debiturnya	debitur nya
pembeliannya	pen beli an nya
terpenuhinya	men penuh i nya
ketahui	ketahui
sebijaksana	se bijaksana
mual	mual
memperbincangkan	men bincang kan
membayarkan	men bayar kan
terealisasikan	ter realisasi kan
aparatnya	aparat nya
biasa	biasa
paham	paham
dipaksa	di paksa
menjulurkan	men julur kan
memberatkan	men berat kan
menghadapinya	men hadap i nya
sepeda	sepeda
menabrak	men tabrak
lebat	lebat
optimalisasi	optimalisasi
ramalannya	ramal an nya
menggolkan	men gol kan
sambutan	sambut an
laporkan	lapor kan
hadir	hadir
set	set
mulutku	mulut ku
diverifikasinya	di verifikasi nya
dikembalikan	di kembali kan
perunggu	perunggu
kompensasi	kompensasi
peningkatannya	pen tingkat an nya
menyelamatkannya	men selamat kan nya
langka	langka
kalkun	kalkun
bebasnya	bebas nya
kerasnya	keras nya
penghulu	pen hulu
periklanan	per iklan an
bisnis	bisnis
membalikkan	men balik kan
perekam	pen rekam
asian	asian
menegarkan	men tegar kan
utang	utang
pohonnya	pohon nya
menirukan	men tiru kan
bergelantungan	ber gelantung an
merenungkan	men renung kan
merapikan	men rapi kan
mengeringkan	men kering kan
york	york
dikasih	di kasih
mendiami	men diam i
alarm	alarm
penyelesaian	pen selesai an
cintanya	cinta nya
jumat	jumat
diutarakan	di utara kan
anehnya	aneh nya
partai	partai
ketidaktaatan	ke tidak taat an
katak	katak
simbol	simbol
bertekuk	ber tekuk
ditabrakkan	di tabrak kan
pemasangan	pen pasang an
kesediaannya	ke senya an nya
memuncak	men puncak
diimunisasi	di imunisasi
antri	antri
rincian	rinci an
akses	akses
lokal	lokal
pendefinisian	pen definisi an
berteman	ber teman
pengikat	pen ikat
perahu	perahu
penggundulan	pen gundul an
suksesnya	sukses nya
dermaganya	dermaga nya
didengungkan	di dengung kan
tuliskan	tulis kan
melekatnya	men lekat nya
mekanisme	mekanisme
abaikan	abai kan
saksama	saksama
relevannya	relevan nya
tersalurkan	ter salur kan
tobat	tobat
juara	juara
bergunung	ber gunung
memungkinkannya	memungkinkan nya
menjejak	men jejak
terpakai	ter pakai
menggigitnya	men gigit nya
timbangannya	timbang an nya
diterapkan	di terap kan
mengembalikan	men kembali kan
terpenting	ter penting
menimbang	men timbang
rekonstruksi	rekonstruksi
kubuang	ku buang
total	total
didampinginya	di damping i nya
pelabuhan	pen labuh an
ilegal	ilegal
rindu	rindu
kelompoknya	kelompok nya
menyingkirkan	men singkir kan
memaksimalkan	men maksimal kan
ambivalensi	ambivalensi
menggembala	men gembala
tunggal	tunggal
pertobatannya	per tobat an nya
dipaparkan	di papar kan
ingatannya	ingat an nya
ekspor	ekspor
familinya	famili nya
jarimu	jari mu
institusinya	institusi nya
doktor	doktor
melunasinya	men lunas i nya
dikontrak	di kontrak
dilukis	di lukis
kaumnya	kaum nya
dimarahi	di marah i
dalih	dalih
dilantunkannya	di lantun kan nya
menang	menang
dikonsolidasi	di konsolidasi
tanaman	tanam an
reaksinya	reaksi nya
syafaat	syafaat
bermusuhan	ber musuh an
menyambutku	men sambut ku
menghantarkan	men hantar kan
disemayamkan	di semayam kan
terelakkan	ter elak kan
pencocokan	pen cocok an
alumni	alumni
nafsunya	nafsu nya
misalnya	misal nya
izinnya	izin nya
relaksasi	relaksasi
dibangkitkan	di bangkit kan
lampiran	lampir an
memperkosa	men perkosa
mengendarainya	men kendara i nya
transmisi	transmisi
dicobai	di coba i
populasinya	populasi nya
mengendurkan	men kendur kan
menempati	men tempat i
piranti	piranti
curian	curi an
terpenuhi	men penuh i
diantar	di antar
damai	damai
semacamnya	se macam nya
berambisi	ber ambisi
takluk	takluk
digarap	di garap
melobi	men lobi
bermartabat	ber martabat
rakyatnya	rakyat nya
bersekutu	ber sekutu
nyeri	nyeri
pisang	pisang
dikekang	di kekang
reaktor	reaktor
membahasnya	men bahas nya
monumen	monumen
tertahan	ter tahan
pelat	pelat
menyinergikannya	men sinergi kan nya
terpikat	ter pikat
undi	undi
merata	men rata
pasal	pasal
persimpangan	per simpang an
bajakan	bajak an
nafsumu	nafsu mu
nonperbankan	non per bank an
menit	menit
sebulan	se bulan
citra	citra
tersendiri	ter sendiri
membuatkan	men buat kan
fakultas	fakultas
bahtera	bahtera
bom	bom
segmen	segmen
isu	isu
pemerintah	pen perintah
injeksikan	injeksi kan
mengumpulkannya	men kumpul kan nya
berlantai	ber lantai
pengurusan	pen urus an
dominan	dominan
orangtuanya	orangtua nya
pembeda	pen beda
terurus	ter urus
getaran	getar an
kiranya	kira nya
bergiat	ber giat
terwujudnya	ter wujud nya
menyeberang	men seberang
pergerakan	per gerak an
digandakan	di ganda kan
setoran	setor an
mengizinkannya	men izin kan nya
penjala	pen jala
relevansi	relevansi
menyangkanya	men sangka nya
projek	projek
menghilangkan	men hilang kan
memodernisasi	men modernisasi
nasabahnya	nasabah nya
fasih	fasih
pengetahuannya	pengetahuan nya
cantik	cantik
militernya	militer nya
mengetahui	men ketahui
merekonstruksi	men rekonstruksi
lutut	lutut
tercipta	ter cipta
terjun	terjun
ditembak	di tembak
ibuku	ibu ku
lukanya	luka nya
tragedi	tragedi
derajat	derajat
penuntun	pen tuntun
tindihnya	tindih nya
persalinan	per salin an
tandai	tanda i
selain	se lain
sengsara	sengsara
menggali	men gali
bawa	bawa
aman	aman
ganti	ganti
instansinya	instansi nya
tersegmentasi	ter segmentasi
traktornya	traktor nya
pengalokasiannya	pen alokasi an nya
kelas	kelas
melatih	men latih
memarkir	men parkir
perduli	perduli
hina	hina
mampukan	mampu kan
dinaikkan	di naik kan
jahe	jahe
kadaluarsa	kadaluarsa
fakta	fakta
1990an	1990 an
tungku	tungku
kalkulasi	kalkulasi
pinang	pinang
pembawa	pen bawa
terlarut	ter larut
peminjamannya	pen pinjam an nya
milyaran	milyar an
berkompromi	ber kompromi
membolehkan	men boleh kan
mengejek	men ejek
asalkan	asal kan
mengasuransi	men asuransi
penjaminan	pen jamin an
terpopuler	ter populer
mahasiswanya	mahasiswa nya
ruh	ruh
muridnya	murid nya
kebalikan	ke balik an
pembangkit	pen bangkit
besarnya	besar nya
sup	sup
kontrakan	kontrak an
kehadiran	ke hadir an
disaksikan	di saksi kan
singkat	singkat
tabungan	tabung an
bukunya	buku nya
dipadukan	di padu kan
hening	hening
tersebarnya	ter sebar nya
genggaman	genggam an
pemakai	pen pakai
sepucuk	se pucuk
memperdamaikan	men damai kan
kotak	kotak
diteruskan	di terus kan
berenang	ber renang
pendukung	pen dukung
akrab	akrab
menghadapi	men hadap i
mengesahkan	men sah kan
berkantor	ber kantor
menampilkan	men tampil kan
antargereja	antar gereja
pangan	pangan
fleksibilitas	fleksibilitas
mentransformasikan	men transformasi kan
pengayaan	pen kaya an
pengadministrasian	pen administrasi an
diprakarsai	di prakarsa i
melalaikan	men lalai kan
berderit	ber derit
mengejeknya	men ejek nya
mengecewakan	men kecewa kan
patokan	patok an
terakomodasi	ter akomodasi
perbatasan	per batas an
berdatangan	ber datang an
karat	karat
masalahnya	masalah nya
diwakilkan	di wakil kan
gawangnya	gawang nya
tipu	tipu
perorangan	per orang an
menatap	men tatap
berbahasa	ber bahasa
operasionalnya	operasional nya
selesai	selesai
awak	awak
datangnya	datang nya
digali	di gali
sorenya	sore nya
menjaminkan	men jamin kan
penyempitan	pen sempit an
dekan	dek an
kelanjutannya	ke lanjut an nya
dibacakan	di baca kan
meleleh	men leleh
tengahnya	tengah nya
cerah	cerah
perhatianku	per hati an ku
direkapitulasi	di rekapitulasi
pengemis	pen kemis
susulan	susul an
mencicipi	men cicip i
mendadak	mendadak
melambung	men lambung
ditjen	ditjen
persekutuan	per sekutu an
inisiatifnya	inisiatif nya
pemuridan	pen murid an
lalui	lalu i
penderitaannya	pen derita an nya
karung	karung
menderita	men derita
bervariasinya	ber variasi nya
kekal	kekal
sedunia	se dunia
udara	udara
pilihan	pilih an
mencukupkan	men cukup kan
gigih	gigih
diprovokasi	di provokasi
mencermati	men cermat i
soalnya	soal nya
prinsip	prinsip
daging	daging
tuanya	tua nya
dipanggang	di panggang
permata	permata
pengulangan	pen ulang an
regional	regional
sesamamu	se sama mu
pengumpulan	pen kumpul an
mengaruniakan	men karunia kan
mengabdikan	men abdi kan
perbintangan	per bintang an
ampun	ampun
menelan	men telan
perpaduan	per padu an
rekannya	rekan nya
terulang	ter ulang
bangunannya	bangun an nya
penyusunan	pen susun an
berpartisipasi	ber partisipasi
bijih	bijih
fasilitasnya	fasilitas nya
bakti	bakti
minuman	minum an
triwulan	triwulan
mengikutkan	men ikut kan
piutang	piutang
kabarkan	kabar kan
indikasinya	indikasi nya
rehabilitasi	rehabilitasi
memerlukan	men perlu kan
hikmatnya	hikmat nya
pengukuran	pen ukur an
terungkapkan	ter ungkap kan
berserakan	ber serak an
menyalurkan	men salur kan
nonanggota	non anggota
pungutan	pungut an
rumit	rumit
bertuliskan	ber tulis kan
berpengaruh	ber pengaruh
penganggur	pen anggur
atraksi	atraksi
pembedahan	pen bedah an
penebangan	pen tebang an
seekor	se ekor
laki	laki
wisma	wisma
menyedot	men sedot
nopember	nopember
membimbing	men bimbing
ketidakjujuran	ke tidak jujur an
belikan	beli kan
ketidaknyamanan	ke tidak nyaman an
hatinya	hati nya
dilatarbelakangi	di latarbelakang i
koran	koran
melalui	men lalu i
antarlingkungan	antar lingkung an
berorang	ber orang
mengkreditnya	men kredit nya
batalkan	batal kan
dihadapkan	di hadap kan
membingungkan	men bingung kan
ulangan	ulang an
sampahnya	sampah nya
menyegarkan	men segar kan
berbenturan	ber bentur an
pemberian	pen beri an
mandat	mandat
bersandarkan	ber sandar kan
tegar	tegar
semenarik	se menarik
menempelkan	men tempel kan
koperasi	koperasi
pelukan	peluk an
penyadaran	pen sadar an
diperoleh	di peroleh
terberatnya	ter berat nya
berganti	ber ganti
menaruhnya	men taruh nya
praktiknya	praktik nya
kendalinya	kendali nya
celana	celana
mencobai	men coba i
perlengkapannya	per lengkap an nya
partisipasi	partisipasi
kucilkan	kucil kan
tenang	tenang
mengimpor	men impor
dikendarainya	di kendara i nya
tambang	tambang
melimpahkan	men limpah kan
membohongi	men bohong i
meninggalnya	men tinggal nya
berkesusahan	ber ke susah an
menurunkannya	men turun kan nya
merehabilitasi	men rehabilitasi
figur	figur
mengharapkan	men harap kan
termiskin	ter miskin
tertua	ter tua
bilik	bilik
terjaga	ter jaga
tetesan	tetes an
mencerminkan	men cermin kan
penjatahan	pen jatah an
suratnya	surat nya
sampelnya	sampel nya
kawal	kawal
membuktikannya	men bukti kan nya
asuhan	asuh an
ingat	ingat
terbenam	ter benam
dikenai	di kena i
jatah	jatah
terbaru	ter baru
mirip	mirip
terdidik	ter didik
cuci	cuci
berkeberatan	ber ke berat an
piringan	piring an
gol	gol
goreng	goreng
dimonitor	di monitor
kompetitif	kompetitif
memveto	men veto
memperlancar	men lancar
membusukkan	men busuk kan
melatarbelakangi	men latarbelakang i
paragraf	paragraf
menggantikan	men ganti kan
tuanmu	tuan mu
investigasi	investigasi
realis	realis
antarkeyakinan	antar ke yakin an
melancarkan	men lancar kan
dikaburkan	di kabur kan
memaksanya	men paksa nya
persahabatan	per sahabat an
dielaborasi	di elaborasi
kacang	kacang
memperlihatkan	men lihat kan
memilikinya	men milik i nya
tuaku	tua aku
diplomatik	diplomatik
perguruan	per guru an
terusik	ter usik
semut	semut
bersedia	ber sedia
pelunak	pen lunak
realisasinya	realisasi nya
dititipkannya	di titip kan nya
pengintegrasian	pen integrasi an
pikiranmu	pikir an mu
sekotak	se kotak
berakting	ber akting
berlaga	ber laga
bangun	bangun
mengaliri	men alir i
tanggapan	tanggap an
makro	makro
kantornya	kantor nya
pengrajin	pen rajin
riilnya	riil nya
responden	responden
peranannya	peran an nya
nonpenerima	non pen terima
mempromosikan	men promosi kan
udang	udang
dipertanggungjawabkan	di per tanggungjawab kan
rawat	rawat
menggaji	men gaji
menoleransinya	men toleransi nya
eksekusinya	eksekusi nya
reproduksi	reproduksi
hobi	hobi
pekan	pekan
miliknya	milik nya
kukasihi	ku kasih i
perekrutan	pen rekrut an
diluruskan	di lurus kan
iurannya	iuran nya
membayangi	men bayang i
seniman	seniman
menyemangatinya	men semangat i nya
masa	masa
produksinya	produksi nya
konsistennya	konsisten nya
galian	gali an
berkomentar	ber komentar
termin	ter min
terabaikan	ter abai kan
pemogokan	pen mogok an
kembalikan	kembali kan
cerdas	cerdas
kumuhnya	kumuh nya
mengandalkan	men andal kan
asap	asap
pancing	pancing
menumbuhkannya	men tumbuh kan nya
serang	serang
rahim	rahim
berujar	ber ujar
penuturan	pen tutur an
dipercayakan	di percaya kan
penyeludup	pen seludup
merevisi	men revisi
buruk	buruk
nya	nya
dicurigai	di curiga i
mengetuai	men ketua i
takarannya	takar an nya
tingkatan	tingkat an
diwawancara	di wawancara
tarif	tarif
tempuh	tempuh
ciptanya	cipta nya
khusus	khusus
terdapat	ter dapat
bapanya	bapa nya
penentu	pen tentu
pagi	pagi
mobilisasi	mobilisasi
majikan	majikan
menyerupai	men serupa i
hantam	hantam
tenaga	tenaga
pengenal	pen kenal
disampaikan	di sampai kan
perpanjangan	per panjang an
menagih	men tagih
merangkum	men rangkum
mengubahkan	men ubah kan
tambahan	tambah an
bajaknya	bajak nya
antarpengurus	antar pen urus
diuraikan	di urai kan
terkelola	ter kelola
kasusnya	kasus nya
pergulatan	per gulat an
mengabari	men kabar i
dibukanya	di buka nya
rujukan	rujuk an
membesar	men besar
paman	paman
terlatih	ter latih
daur	daur
menduplikasi	men duplikasi
disiapkannya	di siap kan nya
pengamanan	pen aman an
silahkan	silahkan
beradu	ber adu
oknum	oknum
investasinya	investasi nya
wiraswastawan	wiraswasta wan
bergabung	ber gabung
terdiam	ter diam
ditukar	di tukar
tahan	tahan
terampuh	ter ampuh
terkendali	ter kendali
membentuk	men bentuk
dukun	dukun
pembentuk	pen bentuk
nyatanya	nyata nya
mengiring	men iring
tertabrak	ter tabrak
menjatuhi	men jatuh i
antartingkatan	antar tingkat an
tewasnya	tewas nya
diberitahukan	di beritahu kan
dicuci	di cuci
dikerjasamakan	di kerjasama kan
ditanam	di tanam
pemilik	pen milik
ismail	ismail
laksanakan	laksana kan
menyanggah	men sanggah
pikun	pikun
juru	juru
belulang	belulang
mengemudikan	men kemudi kan
pertaruhan	per taruh an
mencairkannya	men cair kan nya
majikannya	majikan nya
pemilahan	pen pilah an
pergeseran	per geser an
diunggah	di unggah
bapa	bapa
sorotan	sorot an
pernikahan	per nikah an
premi	premi
bermula	ber mula
membocorkan	men bocor kan
disalib	di salib
ambruknya	ambruk nya
ketidakseragaman	ke tidak seragam an
strukturnya	struktur nya
disidang	di sidang
dihibur	di hibur
firaun	firaun
mengikisnya	men kikis nya
kolaborasi	kolaborasi
mendampingi	men damping i
pendeta	pendeta
menolaknya	men tolak nya
melanjutkan	men lanjut kan
mendapatinya	men dapat i nya
pidato	pidato
betul	betul
dipakai	di pakai
pembukaan	pen buka an
dibagi	di bagi
analisisnya	analisis nya
tanyakan	tanya kan
praktis	praktis
pengamatannya	pengamat an nya
suntik	suntik
pengeluaran	pen keluar an
menghindarkan	men hindar kan
menceraikan	men cerai kan
ditumbuk	di tumbuk
riba	riba
upah	upah
hibah	hibah
menyimpannya	men simpan nya
dokternya	dokter nya
ambil	ambil
administrasinya	administrasi nya
temannya	teman nya
perjamuan	per jamu an
diambilnya	di ambil nya
perpisahannya	per pisah an nya
jangka	jangka
akuntabilitas	akuntabilitas
berintensitas	ber intensitas
mengaduk	men aduk
pengidentifikasian	pen identifikasi an
jaman	jam an
membalas	men balas
topi	top i
terbuang	ter buang
nyata	nyata
piring	piring
penyerang	pen serang
menginvestasikan	men investasi kan
melemah	men lemah
berumur	ber umur
dicerminkan	di cermin kan
peredaran	per edar an
eksteriornya	eksterior nya
berniat	ber niat
taksiran	taksir an
bendera	bendera
suaminya	suami nya
jawab	jawab
mengikatnya	men ikat nya
besarannya	besar an nya
kupikir	ku pikir
diyakini	di yakin i
kegemaran	ke gemar an
dieliminasi	di eliminasi
dipatuhi	di patuh i
tubuhku	tubuh ku
anjuran	anjur an
tersungkur	ter sungkur
galak	galak
anut	anut
maut	maut
membinasakan	men binasa kan
mendinginkan	men dingin kan
hamba	hamba
melanggengkannya	men langgeng kan nya
penularan	pen tular an
matang	matang
tubuh	tubuh
mendeskripsikan	men deskripsi kan
menyokong	men sokong
ditandatangani	di tandatangan i
dibuang	di buang
penanya	pen tanya
kuatnya	kuat nya
membaiknya	men baik nya
penyumbang	pen sumbang
dibenarkan	di benar kan
menyeringai	men seringai
teratur	ter atur
penjabaran	pen jabar an
pedoman	pedoman
ikatan	ikat an
kemajuannya	ke maju an nya
perkawinannya	per kawin an nya
mendukungnya	men dukung nya
dijadikan	di jadi kan
jati	jati
mengaudit	men audit
minumannya	minum an nya
unggun	unggun
minat	minat
pewawancara	pen wawancara
dihadiahi	di hadiah i
dipegang	di pegang
frekuensinya	frekuensi nya
pembidiknya	pen bidik nya
dimampukan	di mampu kan
menyebrangi	men sebrang i
memadainya	memadai nya
pengangkat	pen angkat
dipersiapkan	di per siap kan
bibir	bibir
anggota	anggota
sampingnya	samping nya
gemuruh	gemuruh
menggiatkan	men giat kan
ketidakpatuhan	ke tidak patuh an
pinggir	pinggir
benak	benak
dituntut	di tuntut
perpajakan	per pajak an
meyakinkan	men yakin kan
ekspresi	ekspresi
penetrasi	penetrasi
terpengaruh	ter pengaruh
meletakkan	men letak kan
belanjakan	belanja kan
alkitabnya	alkitab nya
terlewatnya	ter lewat nya
mengadakan	men ada kan
terpaut	ter paut
pengusulan	pen usul an
memancing	men pancing
terkuras	ter kuras
disalin	di salin
belanja	belanja
perbaiki	perbaiki
menginspirasi	men inspirasi
penggagasnya	pen gagas nya
material	material
mencabuti	men cabut i
jalurnya	jalur nya
kena	kena
komandan	komandan
penanganan	pen tangan an
protein	protein
menimpa	men timpa
duri	duri
menyusutnya	men susut nya
mainan	main an
subjek	subjek
penambang	pen tambang
selamatkanku	selamat kan ku
dituduh	di tuduh
menghalangimu	men halang i mu
dipasarkan	di pasar kan
menggulung	men gulung
terdesentralisasi	ter desentralisasi
menceritakan	men cerita kan
wawasan	wawasan
klasiknya	klasik nya
memberlakukan	men ber laku kan
keinginanmu	ke ingin an mu
kampanye	kampanye
perampok	pen rampok
temanku	teman ku
berjangka	ber jangka
peran	peran
sedihnya	sedih nya
pertumbuhannya	per tumbuh an nya
dekatnya	dekat nya
diselidiki	di selidik i
penjudi	pen judi
menjajakan	men jaja kan
ketidakharmonisan	ke tidak harmonis an
diinginkannya	di ingin kan nya
talentanya	talenta nya
teratas	ter atas
pemasarannya	pen pasar an nya
dicukur	di cukur
menutupi	men tutup i
berduka	ber duka
ujungnya	ujung nya
menjunjung	men junjung
konsisten	konsisten
meneladani	men teladan i
dilanda	di landa
evakuasi	evakuasi
berdialog	ber dialog
pameran	pamer an
pemalsuan	pen palsu an
tentara	tentara
implementasi	implementasi
memungutnya	men pungut nya
penggemar	pen gemar
bubur	bubur
diresmikan	di resmi kan
variasinya	variasi nya
sebenarnya	se benar nya
menolongnya	men tolong nya
diperkenalkan	di per kenal kan
melemparkan	men lempar kan
diinstruksikan	di instruksi kan
ribuan	ribu an
perkawinan	per kawin an
dipraktekkan	di praktek kan
komisi	komisi
pengusiran	pen usir an
memutar	men putar
menjamur	men jamur
kotornya	kotor nya
disangka	di sangka
saudara	saudara
rumitnya	rumit nya
mengamanatkan	men amanat kan
impor	impor
selektif	selektif
syairnya	syair nya
bendahara	bendahara
dibekali	di bekal i
mendistorsi	men distorsi
tekanan	tekan an
melangkahkan	men langkah kan
ayahku	ayah ku
duplikasi	duplikasi
penuntutan	pen tuntut an
diindikasikan	di indikasi kan
digigit	di gigit
vulkanik	vulkanik
diperdakan	di perda kan
tepat	tepat
akui	aku i
mengampuni	men ampun i
urbanisasi	urbanisasi
mematuhi	men patuh i
mempertanyakan	men tanya kan
pemaparan	pen papar an
urusan	urus an
ditekel	di tekel
menegakkannya	men tegak kan nya
terwakili	ter wakil i
auditor	auditor
menggandakannya	men ganda kan nya
logo	logo
dipulau	di pulau
mengudara	men udara
maksudkan	maksud kan
menyuguhkan	men suguh kan
akademi	akademi
bereaksi	ber reaksi
terbiasa	ter biasa
berkenan	ber kenan
lipatan	lipat an
palang	palang
sebatang	se batang
asuh	asuh
mapan	mapan
jajak	jajak
menipu	men tipu
jantungnya	jantung nya
dicuri	di curi
lurahnya	lurah nya
kronis	kronis
baik	baik
konstruksi	konstruksi
aktivis	aktivis
ditimbulkannya	di timbul kan nya
berterus	ber terus
bertepuk	ber tepuk
memberitahukan	men beritahu kan
pulang	pulang
menginginkannya	men ingin kan nya
menengok	men tengok
mendokumentasikan	men dokumentasi kan
permasalahannya	per masalah an nya
bedah	bedah
mengkoordinasikan	men koordinasi kan
membungkamkan	men bungkam kan
perpisahan	per pisah an
mengamati	men amati
menumbuhkan	men tumbuh kan
pilot	pilot
mewaspadai	men waspada i
sentimeter	sentimeter
hitung	hitung
mencampur	men campur
tumpangi	tumpang i
kedudukannya	ke duduk an nya
pembagi	pen bagi
perekonomiannya	per ekonomi an nya
depkes	depkes
menyusu	men susu
menabrakkannya	men tabrak kan nya
jemaatnya	jemaat nya
dititipi	di titip i
disapa	di sapa
mendesaknya	men desak nya
giliran	gilir an
terbentuk	ter bentuk
anyaman	anyam an
penciuman	pen cium an
polos	polos
penyamaran	pen samar an
stakeholder	stakeholder
pendosa	pen dosa
diupah	di upah
perbantahan	per bantah an
terkemuka	ter kemuka
tingkatannya	tingkat an nya
diratifikasi	di ratifikasi
pemadaman	pen madam an
didiskualifikasi	di diskualifikasi
kebal	kebal
berbaris	ber baris
keheranan	ke heran an
luntur	luntur
bima	bima
dikejar	di kejar
wc	wc
dominannya	dominan nya
semusim	se musim
dilunasi	di lunas i
berbuah	ber buah
visi	visi
sertifikasi	sertifikasi
komposisi	komposisi
keluhan	keluh an
lubang	lubang
persawahan	per sawah an
tuntutan	tuntut an
pemusnahan	pen musnah an
kejam	kejam
mempercepat	men cepat
beraktivitas	ber aktivitas
berobatnya	ber obat nya
hadirat	hadirat
diluputkan	di luput kan
tangerang	tangerang
pengabdian	pen abdi an
lambannya	lamban nya
impian	impian
tajuk	tajuk
nuansa	nuansa
secanggih	se canggih
pulau	pulau
antarteman	antar teman
menyaring	men saring
busana	busana
menghormati	men hormat i
balon	balon
berpenampilan	ber pen tampil an
perkumpulan	per kumpul an
pertobatan	per tobat an
mendominasinya	men dominasi nya
punyai	punya i
memindahkan	men pindah kan
apresiasinya	apresiasi nya
melelehkan	men leleh kan
cari	cari
perguliran	per gulir an
yakin	yakin
liat	liat
lihat	lihat
tanahnya	tanah nya
massal	massal
pertukangan	per tukang an
ditumpuk	di tumpuk
tersobek	ter sobek
tunggakan	tunggak an
menyimpan	men simpan
penyerangan	pen serang an
awet	awet
suasana	suasana
diwarnai	di warna i
disinyalir	di sinyalir
menggeser	men geser
interupsi	interupsi
pemantauan	pen pantau an
ditanami	di tanam i
purbakala	purbakala
dicontoh	di contoh
pinjaman	pinjam an
pencegah	pen cegah
independen	independen
bertumpuk	ber tumpuk
ketidakwaspadaan	ke tidak waspada an
kelasnya	kelas nya
kuponnya	kupon nya
menurun	men turun
diintegrasikan	di integrasi kan
mendorong	men dorong
tuturnya	tutur nya
membayang	men bayang
penarikan	pen tarik an
didiagnosa	di diagnosa
mengusir	men usir
mewujudkannya	men wujud kan nya
mandiri	mandiri
karun	karun
rodanya	roda nya
neraca	neraca
warisannya	waris an nya
dihantam	di hantam
mengagumkan	men kagum kan
memproduksi	men produksi
menggosok	men gosok
ilahi	ilahi
terintegrasi	ter integrasi
menahannya	men tahan nya
halal	halal
persatuan	per satu an
kekasihnya	kekasih nya
contoh	contoh
memotret	men potret
tersapu	ter sapu
pemancing	pen pancing
memujikan	men puji kan
kutanggung	ku tanggung
diskualifikasi	diskualifikasi
diambilkan	di ambil kan
pihak	pihak
cirinya	ciri nya
diorganisasi	di organisasi
mendistribusikannya	men distribusi kan nya
dibuatkannya	di buat kan nya
mendekat	men dekat
prestasinya	prestasi nya
penyajian	pen saji an
generasi	generasi
tabah	tabah
buatan	buat an
video	video
hormat	hormat
percayanya	percaya nya
bertempur	ber tempur
menyangga	men sangga
terbebani	ter beban i
perbelanjaan	per belanja an
membengkak	men bengkak
percayakan	percaya kan
misi	misi
diberatkan	di berat kan
diakses	di akses
dibina	di bina
mengawasi	men awas i
pembunuh	pen bunuh
curahan	curah an
budaya	budaya
diadili	di adil i
lampu	lampu
mengepalai	men kepala i
melibatkan	men libat kan
pilihnya	pilih nya
diatas	di atas
diseimbangkan	di seimbang kan
absolut	absolut
seleksi	seleksi
bunyi	bunyi
penegak	pen tegak
kedengaran	ke dengar an
operasi	operasi
metrik	metrik
menggugat	men gugat
semang	semang
bersasaran	ber sasar an
ketidaklengkapan	ke tidak lengkap an
berpacu	ber pacu
dikhotbahkan	di khotbah kan
penggilingan	pen giling an
penyemprot	pen semprot
bantalan	bantal an
diperankan	di peran kan
hebatnya	hebat nya
terselenggaranya	ter selenggara nya
menanami	men tanam i
melebur	men lebur
masyarakatnya	masyarakat nya
menkeu	menkeu
terhebat	ter hebat
kanker	kanker
berpihak	ber pihak
memprosesnya	men proses nya
mendiversifikasi	men diversifikasi
olah	olah
mei	mei
investor	investor
penampung	pen tampung
tepuk	tepuk
pedagang	pedagang
tren	tren
bergantung	ber gantung
produktif	produktif
perjanjian	per janji an
terlembagakan	ter lembaga kan
marah	marah
rendahan	rendah an
pengelolaannya	pen kelola an nya
gugus	gugus
ketidakefektifan	ke tidak efektif an
noninfrastruktur	non infrastruktur
independensinya	independensi nya
pemahamannya	pen paham an nya
berkata	ber kata
realisasi	realisasi
tetangga	tetangga
dikukuhkan	di kukuh kan
jaminan	jamin an
genetik	genetik
rajaku	raja aku
pembengkakan	pen bengkak an
menyalami	men salam i
barisan	baris an
seusia	se usia
panggung	panggung
berterima	ber terima
sesuatu	sesuatu
perdata	perdata
berjasa	ber jasa
didialogkan	di dialog kan
maksimal	maksimal
kapnya	kap nya
menghina	men hina
maksudnya	maksud nya
terendam	ter rendam
perjuangan	per juang an
tombol	tombol
mengelompokkan	men kelompok kan
terpercaya	ter percaya
nyaris	nyaris
sarana	sarana
berbelanja	ber belanja
suplemen	suplemen
pemuka	pen muka
rekanan	rekan an
terbitkan	terbit kan
mengakomodasikan	men akomodasi kan
pembenci	pen benci
bubungan	bubung an
lembaran	lembar an
anakku	anak ku
tersedot	ter sedot
pengenalanmu	pen kenal an mu
terbakar	ter bakar
menitipkan	men titip kan
mencuat	men cuat
memperbesar	men besar
terhentinya	ter henti nya
sinar	sinar
sd	sd
menyatakan	men nyata kan
rinciannya	rinci an nya
mengklasifikasi	men klasifikasi
mencakup	men cakup
belgia	belgia
senior	senior
rubuh	rubuh
tertahankan	ter tahan kan
israel	israel
lewat	lewat
siswa	siswa
meluluskan	men lulus kan
penampungan	pen tampung an
melewatkan	men lewat kan
penalarannya	pen nalar an nya
emas	emas
konsultasi	konsultasi
korup	korup
pengusahaan	pen usaha an
fragmen	fragmen
bebanmu	beban mu
adanya	ada nya
pengguna	pen guna
paginya	pagi nya
semampu	se mampu
majalah	majalah
dibelanjakan	di belanja kan
ceritanya	cerita nya
pengendalian	pen kendali an
menebang	men tebang
tahun	tahun
perairan	per air an
menuduhnya	men tuduh nya
diikutinya	di ikut i nya
santai	santai
isterinya	isteri nya
menginterpretasikannya	men interpretasi kan nya
perkataanku	per kata an ku
bapaknya	bapak nya
perujukan	pen rujuk an
ditambahkannya	di tambah kan nya
berkoordinasi	ber koordinasi
kreatif	kreatif
payudara	payudara
ditimbang	di timbang
disekolahkan	di sekolah kan
pertanggungjawabannya	per tanggungjawab an nya
menugasi	men tugas i
liciknya	licik nya
formasi	formasi
omongan	omong an
ajuan	aju an
pelanggarannya	pen langgar an nya
api	api
ubah	ubah
kesalnya	kesal nya
dicurangi	di curang i
absennya	absen nya
penerbang	pen terbang
sekolahan	sekolah an
makan	makan
dikupas	di kupas
adiknya	adik nya
integritasnya	integritas nya
menuju	men tuju
bertenaga	ber tenaga
anjingnya	anjing nya
permusuhan	per musuh an
mutasi	mutasi
sekayu	se kayu
divalidasi	di validasi
bergulingan	ber guling an
senada	se nada
mediasi	mediasi
terpenjara	ter penjara
gelarnya	gelar nya
perlengkapan	per lengkap an
budi	budi
terheran	ter heran
biologi	biologi
memaparkan	men papar kan
kliring	kliring
membacakan	men baca kan
perilaku	perilaku
lentur	lentur
khas	khas
nampaknya	nampak nya
bukit	bukit
prestise	prestise
suaraku	suara aku
kamu	kamu
pesaingnya	pesaing nya
perseroan	perseroan
mutakhir	mutakhir
peminjam	pen pinjam
lebaran	lebar an
tiba	tiba
meresahkan	men resah kan
kalanya	kala nya
perpipaan	per pipa an
diusahakan	di usaha kan
dikeluhkan	di keluh kan
agama	agama
menindak	men tindak
bertindak	ber tindak
terhimpun	ter himpun
perwakilan	per wakil an
jatuhnya	jatuh nya
lokasi	lokasi
mengangkatnya	men angkat nya
menyasar	men sasar
surgawinya	surgawi nya
auman	aum an
meletakkannya	men letak kan nya
didaftarkan	di daftar kan
memperjelas	men jelas
mengelompokkannya	men kelompok kan nya
meluncurkan	men luncur kan
diperhitungkan	di per hitung kan
pengenalan	pen kenal an
penerbit	pen terbit
baju	baju
dihentikan	di henti kan
menepati	men tepat i
panel	panel
mengering	men kering
kutipan	kutip an
barat	barat
dagangan	dagang an
berpendidikan	ber pen didik an
sulaman	sulam an
cair	cair
merepotkan	men repot kan
antardepartemen	antar departemen
wol	wol
dikomunikasikan	di komunikasi kan
eksportir	eksportir
jamu	jamu
rekening	rekening
menyepakati	men sepakat i
menabung	men tabung
memikul	men pikul
bertarung	ber tarung
dilantik	di lantik
dagang	dagang
berdampaknya	ber dampak nya
penerimanya	pen terima nya
bakteri	bakteri
berambut	ber rambut
dimasukkannya	di masuk kan nya
diremehkan	di remeh kan
melandasi	men landas i
rukun	rukun
keturunanmu	ke turun an mu
menyoroti	men sorot i
penayangan	pen tayang an
kairo	kairo
dimediasi	di mediasi
manisnya	manis nya
diukir	di ukir
dicakup	di cakup
unggulan	unggul an
dihasilkannya	di hasil kan nya
kurasa	ku rasa
stagnan	stagnan
merestui	men restu i
manusia	manusia
rombongan	rombong an
utama	utama
beraturan	ber atur an
dilangsungkan	di langsung kan
diredakan	di reda kan
membebani	men beban i
1950an	1950 an
lilin	lilin
senapan	senapan
beranak	ber anak
game	game
memberitahunya	men beritahu nya
hartanya	harta nya
membengkokkan	men bengkok kan
mendetil	men detil
telaknya	telak nya
terowongan	terowongan
alas	alas
sabtu	sabtu
perhitungannya	per hitung an nya
mengindikasikan	men indikasi kan
elit	elit
menendang	men tendang
mengirimkannya	men kirim kan nya
kompeten	kompeten
diperlukan	di perlu kan
residual	residual
bersalah	ber salah
mengimunisasi	men imunisasi
lambai	lambai
menewaskan	men tewas kan
dokumen	dokumen
bakatnya	bakat nya
memberkatinya	men berkat i nya
gadai	gadai
selatan	selatan
perumpamaan	per umpama an
digelar	di gelar
berternak	ber ternak
pemburu	pen buru
pemutakhirannya	pen mutakhir an nya
mewah	mewah
memesan	men pesan
sejumlah	se jumlah
perkelahian	per kelahi an
ketidakhadiran	ke tidak hadir an
mengakhirinya	men akhir i nya
pemungutannya	pen pungut an nya
zat	zat
dicurahkan	di curah kan
antiseparatis	anti separatis
menghayati	men hayat i
bernomor	ber nomor
jijik	jijik
iris	iris
tangisan	tangis an
suku	suku
tiket	tiket
menambang	men tambang
diaudit	di audit
merepresentasi	men representasi
komisaris	komisaris
ketidaksabaran	ke tidak sabar an
ibadah	ibadah
kesal	kesal
moyang	moyang
bermacam	ber macam
kelapa	kelapa
dimekarkan	di mekar kan
simbolis	simbolis
penghiburan	pen hibur an
memukulnya	men pukul nya
meminimalisasi	men minimalisasi
diusahakannya	di usaha kan nya
puja	puja
gagal	gagal
sangkut	sangkut
ungkapan	ungkap an
ditanggung	di tanggung
format	format
pengalihan	pen alih an
tepatnya	tepat nya
penentuan	pen tentu an
diikutkan	di ikut kan
piala	piala
penyerapan	pen serap an
digabungkan	di gabung kan
beritakan	berita kan
penganiayaan	pen aniaya an
zona	zona
anonim	anonim
dikeluarkan	di keluar kan
ditunda	di tunda
pemicu	pen picu
pusing	pusing
lirik	lirik
ditinggalkan	di tinggal kan
pengajuannya	pen aju an nya
disana	di sana
dihuni	di huni
dilaksanakannya	di laksana kan nya
dilingkupi	di lingkup i
aturannya	atur an nya
tangganya	tangga nya
diambang	di ambang
obyek	obyek
berkedudukan	ber ke duduk an
nasibnya	nasib nya
menginginkan	men ingin kan
tamu	tamu
menegosiasikan	men negosiasi kan
bersantai	ber santai
terkenal	ter kenal
anaknya	anak nya
ditusuk	di tusuk
penganut	pen anut
keras	keras
menanti	menanti
memfoto	men foto
disatukan	di satu kan
petik	petik
mendiskusikannya	men diskusi kan nya
diciptakan	di cipta kan
tampaknya	tampak nya
terselip	ter selip
penyetoran	pen setor an
jalanya	jala nya
diusulkan	di usul kan
niat	niat
tertelak	ter telak
tunggu	tunggu
ubin	ubin
terlaksana	ter laksana
ukurannya	ukur an nya
pelayanannya	pen layan an nya
dikemukakan	di kemuka kan
teknis	teknis
samping	samping
diasingkan	di asing kan
melangkahi	men langkah i
berorientasi	ber orientasi
berperan	ber peran
artistik	artistik
sepatunya	sepatu nya
menekuni	men tekun i
berhubung	ber hubung
khususnya	khusus nya
bumbu	bumbu
penyitaan	pen sita an
penggelembungan	pen gelembung an
tari	tari
mencondongkan	men condong kan
seperangkat	se perangkat
disusun	di susun
antardaerah	antar daerah
bercanda	ber canda
nyanyian	nyanyi an
perintah	perintah
mengulangnya	men ulang nya
menelaah	men telaah
penyinaran	pen sinar an
anggarannya	anggar an nya
monumennya	monumen nya
berjudul	ber judul
panah	panah
laut	laut
beruntun	beruntun
salib	salib
konservasi	konservasi
berselisih	ber selisih
eksploitasi	eksploitasi
membedakan	men beda kan
ditantang	di tantang
bergulir	ber gulir
mengusik	men usik
pemandangannya	pen pandang an nya
terdiri	ter diri
bercocok	ber cocok
resepnya	resep nya
eksternal	eksternal
mengutusnya	men utus nya
terpasang	ter pasang
diundur	di undur
penyelang	pen selang
diperkenalkannya	di per kenal kan nya
diperanakkan	di per anak kan
dikabulkan	di kabul kan
seporsi	se porsi
diparkir	di parkir
ketidakefisienan	ke tidak efisien an
peluncuran	pen luncur an
profesional	profesional
diartikan	di arti kan
ditakuti	di takut i
parit	parit
ayu	ayu
menyanggupi	men sanggup i
kunyah	kunyah
rekreasi	rekreasi
mencetak	men cetak
haknya	hak nya
bertemakan	ber tema kan
makmur	makmur
analis	analis
mementingkan	men penting kan
menulari	men tular i
skandal	skandal
memperbaikinya	men baik i nya
diurus	di urus
pengiring	pen iring
menghubungkannya	men hubung kan nya
tepukan	tepuk an
terlantar	terlantar
kompas	kompas
ditegur	di tegur
pemdanya	pemda nya
membanting	men banting
guncangan	guncang an
dewasanya	dewasa nya
dicanangkannya	di canang kan nya
berkelanjutan	ber ke lanjut an
nota	nota
kendali	kendali
solusi	solusi
luangkan	luang kan
membekaskan	men bekas kan
taman	taman
menyanyikan	men nyanyi kan
cipta	cipta
menjumpai	men jumpa i
karbon	karbon
mengurutkan	men urut kan
mempercayainya	men percaya i nya
lintasan	lintas an
dikhawatirkannya	di khawatir kan nya
menghancurkan	men hancur kan
berargumen	ber argumen
sehat	sehat
perantara	perantara
digunakan	di guna kan
mengulas	men ulas
terkuno	ter kuno
berpakaian	ber pakai an
terjadi	ter jadi
bangkrut	bangkrut
menyikapi	men sikap i
akurasinya	akurasi nya
panenan	panen an
tuntutannya	tuntut an nya
dekonsentrasi	dekonsentrasi
timbang	timbang
setahap	se tahap
meredam	men redam
memasukkan	men masuk kan
mengirim	men kirim
bermakna	ber makna
jengkel	jengkel
khotbahnya	khotbah nya
berdebar	ber debar
ditelan	di telan
dituntaskan	di tuntas kan
berkeluh	ber keluh
terbebas	ter bebas
dibangunkan	di bangun kan
deskripsi	deskripsi
dipilih	di pilih
kenaikan	ke naik an
memainkannya	men main kan nya
ekstrim	ekstrim
penambahan	pen tambah an
karier	karier
melarang	men larang
menghantui	men hantu i
menjagaku	men jaga aku
dikonsultasikan	di konsultasi kan
transparan	transparan
perundingan	pen runding an
panggang	panggang
foto	foto
keperluan	ke perlu an
suaranya	suara nya
ketidakselarasan	ke tidak selaras an
melewati	men lewat i
batasan	batas an
operatornya	operator nya
laporannya	lapor an nya
luasan	luas an
jendela	jendela
pemulihan	pen pulih an
menopang	men topang
karakteristik	karakteristik
garis	garis
bungkus	bungkus
intensi	intens i
mengakumulasi	men akumulasi
ditutup	di tutup
pertandingan	per tanding an
tanah	tanah
teladanku	teladan ku
persnelingnya	persneling nya
direnovasi	di renovasi
proteinnya	protein nya
penipuan	pen tipu an
menyeleksi	men seleksi
halnya	hal nya
semak	semak
bantuannya	bantu an nya
tindakannya	tindak an nya
penggantinya	pen ganti nya
menyetorkannya	men setor kan nya
penghakiman	pen hakim an
ukur	ukur
konversi	konversi
bertumpu	ber tumpu
menggunung	men gunung
petualangan	petualangan
pelabuh	pen labuh
es	es
komoditi	komoditi
berkilau	ber kilau
bersiap	ber siap
berusaha	ber usaha
meteran	meter an
membatu	men batu
belanda	belanda
kasihi	kasih i
posko	posko
progresif	progresif
jantung	jantung
popularitas	popularitas
jabodetabek	jabodetabek
pengolah	pen olah
dilekatkan	di lekat kan
pemikir	pen pikir
kabarnya	kabar nya
salinannya	salin an nya
terkurung	ter kurung
donasi	donasi
pendendam	pen dendam
informan	informan
obat	obat
termotivasi	ter motivasi
menunda	men tunda
sempurna	sempurna
mengkonsultasikan	men konsultasi kan
musiknya	musik nya
gembalaku	gembala aku
tercoreng	ter coreng
antikomunis	anti komunis
menyapanya	men sapa nya
poin	poin
datanya	data nya
mampu	mampu
disebarluaskan	di sebarluas kan
ditinggal	di tinggal
penempelan	pen tempel an
pengelola	pen kelola
senang	senang
penanggung	pen tanggung
dibiasakan	di biasa kan
penyebutan	pen sebut an
balas	balas
mendapatkan	men dapat kan
mendatanginya	men datang i nya
terik	terik
dimutakhirkan	di mutakhir kan
tentunya	tentu nya
kriminal	kriminal
mengungguli	men unggul i
ditempuh	di tempuh
mengintensifkan	men intensif kan
barunya	baru nya
mengkhususkan	men khusus kan
mencuci	men cuci
umpan	umpan
menghafal	men hafal
berbagi	ber bagi
buah	buah
lingkup	lingkup
rendah	rendah
nuklir	nuklir
kelopak	kelopak
junjunganku	junjung an ku
pendamai	pen damai
ditempeli	di tempel i
ayub	ayub
seumur	se umur
mencurinya	men curi nya
ungkapkan	ungkap kan
pelantikan	pen lantik an
antarinstansi	antar instansi
gawat	gawat
penghargaan	pen harga an
trendi	trend i
dievaluasi	di evaluasi
teman	teman
mayat	mayat
berpribadi	ber pribadi
kontak	kontak
kemunculannya	ke muncul an nya
luwes	luwes
penghapusan	pen hapus an
teroris	teroris
senasib	se nasib
membikin	men bikin
menyambung	men sambung
tersebar	ter sebar
hitungan	hitung an
dilenyapkan	di lenyap kan
memilah	men pilah
bahan	bah an
ejekan	ejek an
antusias	antusias
menjualnya	men jual nya
menorehkan	men toreh kan
ketidakpastian	ke tidak pasti an
penalaran	pen nalar an
firdaus	firdaus
tertular	ter tular
demobilisasi	demobilisasi
delegasi	delegasi
menghindarinya	men hindar i nya
penyemprotan	pen semprot an
cicilan	cicil an
menyuratkan	men surat kan
induknya	induk nya
konsepnya	konsep nya
pencetus	pen cetus
tersalib	ter salib
menggesernya	men geser nya
olahragawan	olahraga wan
anjlok	anjlok
menantikan	menanti kan
terbunuh	ter bunuh
finansial	finansial
ambruk	ambruk
milik	milik
merelokasikan	men relokasi kan
usaha	usaha
meremajakannya	men remaja kan nya
menghadap	men hadap
mengungkap	men ungkap
permanennya	permanen nya
komplikasi	komplikasi
katanya	kata nya
penyimpanan	pen simpan an
organik	organik
negosiasi	negosiasi
mempersulit	men sulit
mencobanya	men coba nya
menempuh	men tempuh
objek	objek
perkiraan	per kira an
berbenah	ber benah
menyerang	men serang
dinormalkan	di normal kan
menunjukkannya	men tunjuk kan nya
bersantap	ber santap
kristus	kristus
efisiennya	efisien nya
mengemuka	men kemuka
kebutuhanmu	ke butuh an mu
antarpengukuran	antar pen ukur an
janin	janin
mengadili	men adil i
diakibatkannya	di akibat kan nya
bermuara	ber muara
pendaratan	pen darat an
tekankan	tekan kan
perda	perda
menaikkan	men naik kan
aborsi	aborsi
merosot	merosot
periang	pen riang
katamu	kata mu
melegakan	men lega kan
trend	trend
susun	susun
puji	puji
penghambat	pen hambat
terdata	ter data
miliarder	miliarder
girang	girang
bertentangan	ber tentang an
bersalju	ber salju
berjarak	ber jarak
biografi	biografi
wajahnya	wajah nya
menyingkir	men singkir
bergizi	ber gizi
keterlibatan	ke terlibat an
persidangan	per sidang an
nomor	nomor
mengobarkan	men kobar kan
diimbangi	di imbang i
beratnya	berat nya
direkrutnya	di rekrut nya
korban	korban
menggadai	men gadai
urusanku	urus an ku
mempertegas	men tegas
sumatera	sumatera
yakub	yakub
melapor	men lapor
dihindarinya	di hindar i nya
ditangani	di tangan i
ikuti	ikut i
titipan	titip an
latar	latar
mengacuhkan	men acuh kan
komersialnya	komersial nya
pencalonan	pen calon an
patuh	patuh
mengajarinya	men ajar i nya
terkepung	ter kepung
tolongku	tolong ku
menyusul	men susul
bersimpati	ber simpati
mentimun	mentimun
rawa	rawa
bergantungnya	ber gantung nya
bertanam	ber tanam
diikat	di ikat
debitur	debitur
pemusik	pen musik
membanggakan	men bangga kan
diawasi	di awas i
uang	uang
terkaya	ter kaya
penilik	pen tilik
penugasan	pen tugas an
penyembah	pen sembah
manusianya	manusia nya
keikutsertaannya	ke ikutserta an nya
ditinggikan	di tinggi kan
mempersiapkan	men siap kan
pengetatan	pen ketat an
usul	usul
cukai	cuka i
diwakili	di wakil i
distribusinya	distribusi nya
dikonfirmasi	di konfirmasi
persentasenya	persentase nya
percepatan	per cepat an
klasik	klasik
bacaan	baca an
andil	andil
menanganinya	men tangan i nya
timah	timah
kota	kota
menggarisbawahi	men garisbawah i
wawancarai	wawancara i
minumnya	minum nya
pelintasan	pen lintas an
aktivitas	aktivitas
penyelenggara	pen selenggara
membersihkan	men bersih kan
banyaknya	banyak nya
flanel	flanel
berprinsip	ber prinsip
puding	puding
berpengetahuan	ber pengetahuan
menonton	men tonton
menyiangi	men siang i
menghalangi	men halang i
selandia	selandia
berkurang	ber kurang
berhitung	ber hitung
melukai	men luka i
sahnya	sah nya
pendidik	pen didik
dipacu	di pacu
ukraina	ukraina
dipungut	di pungut
menyerah	men serah
penambangan	pen tambang an
ijon	ijon
antartempat	antar tempat
aspirasi	aspirasi
dimaksud	di maksud
turis	turis
sayap	sayap
mingguan	minggu an
inefisiensi	inefisiensi
hari	hari
sensasi	sensasi
diperlebar	di per lebar
terealisasi	ter realisasi
pesanannya	pesan an nya
penggerak	pen gerak
menakar	men takar
hancurnya	hancur nya
managemen	managemen
mendulang	men dulang
meragukan	men ragu kan
antarpemilik	antar pen milik
tetangganya	tetangga nya
ramalan	ramal an
memberhentikan	men ber henti kan
ketidakaktifan	ke tidak aktif an
militer	militer
waktuku	waktu ku
instalasi	instalasi
limbah	limbah
banknya	bank nya
dilengkapi	di lengkap i
perumpamaannya	per umpama an nya
terlarang	ter larang
provinsi	provinsi
siaran	siar an
aus	aus
pembunuhan	pen bunuh an
dikemas	di kemas
terpangkas	ter pangkas
kasih	kasih
mengenal	men kenal
akibatnya	akibat nya
kebohongan	ke bohong an
sukacitamu	sukacita mu
berputar	ber putar
menaiki	men naik i
menyimpulkan	men simpul kan
senjata	senjata
gerai	gerai
dipinjam	di pinjam
surutnya	surut nya
gelap	gelap
durian	duri an
bercukur	ber cukur
habis	habis
federasi	federasi
disederhanakan	di sederhana kan
didarati	di darat i
dibatalkan	di batal kan
menjelajahi	men jelajah i
antarnegara	antar negara
penghancur	pen hancur
direnovasinya	di renovasi nya
kenangan	kenang an
meneg	meneg
mengenalnya	men kenal nya
separuhnya	se paruh nya
dipeluk	di peluk
mengucap	men ucap
memaksa	men paksa
proteksi	proteksi
pengecualian	pengecualian
meloloskan	men lolos kan
menyantuni	men santun i
menindaklanjuti	men tindaklanjut i
terhormat	ter hormat
menyulitkan	men sulit kan
kompleksnya	kompleks nya
mempertimbangkan	men timbang kan
didasarkan	di dasar kan
aneh	aneh
diatur	di atur
diberitahu	di beritahu
diumumkan	di umum kan
keluarkan	keluar kan
dijaminkan	di jamin kan
terkoordinasi	ter koordinasi
berdana	ber dana
mengencerkan	men encer kan
berakal	ber akal
penyegaran	pen segar an
menyajikan	men saji kan
digunakannya	di guna kan nya
dirjen	dirjen
beracun	ber racun
mengeram	men eram
bercerita	ber cerita
modalnya	modal nya
dijajakan	di jaja kan
tertolak	ter tolak
mengedarkan	men edar kan
silam	silam
solusinya	solusi nya
berbelok	ber belok
berharga	ber harga
pasif	pasif
mengajarku	men ajar ku
profesionalisme	profesionalisme
mengatur	men atur
membidangi	men bidang i
tertata	ter tata
ratifikasi	ratifikasi
terbuai	ter buai
alternatif	alternatif
mendekatinya	men dekat i nya
terpilih	ter pilih
memahaminya	men paham i nya
memisahkan	men pisah kan
berkemungkinan	ber kemungkinan
diperkirakannya	di per kira kan nya
menggantung	men gantung
disalibkan	di salib kan
pelajar	pelajar
optimal	optimal
terisolasi	ter isolasi
kritis	kritis
mengisahkan	men kisah kan
krisis	krisis
dilukai	di luka i
irak	irak
daya	daya
diledakkan	di ledak kan
sejenis	se jenis
tumbuhnya	tumbuh nya
menanggungnya	men tanggung nya
dipertanyakan	di per tanya kan
menimba	men timba
ongkos	ongkos
disiram	di siram
berdiam	ber diam
bara	bara
keruh	keruh
sekawasan	se kawasan
berumput	ber rumput
disurvei	di survei
terusir	ter usir
warga	warga
relevan	relevan
pembahas	pen bahas
tercemar	ter cemar
menutup	men tutup
idenya	ide nya
disadari	di sadar i
rehabilitasinya	rehabilitasi nya
diketuai	di ketua i
direpotkan	di repot kan
keledai	keledai
penunjang	pen tunjang
ditahun	di tahun
bermaksud	ber maksud
biro	biro
bercermin	ber cermin
sedekahmu	sedekah mu
prevalensinya	prevalensi nya
semeriah	se meriah
ketidaksiapan	ke tidak siap an
penjamin	pen jamin
terperangkap	ter pen rangkap
otoritasnya	otoritas nya
tni	tn i
urut	urut
personal	personal
pertolongannya	per tolong an nya
berurutan	ber urut an
memuaskan	men puas kan
meninggalkannya	men tinggal kan nya
dadaku	dada aku
musuhmu	musuh mu
menanggapinya	men tanggap i nya
kesehariannya	keseharian nya
menjemput	men jemput
memeliharamu	men pelihara mu
implikasinya	implikasi nya
diusir	di usir
pajaknya	pajak nya
mengentaskan	men entas kan
fluktuasi	fluktuasi
berkreasi	ber kreasi
penghasil	pen hasil
lain	lain
etnik	etnik
olahraganya	olahraga nya
sahabatnya	sahabat nya
pemikirannya	pen pikir an nya
mendongkrak	men dongkrak
merdeka	merdeka
selang	selang
zaman	zaman
terlukiskan	ter lukis kan
seisi	se isi
berjenjang	ber jenjang
menjejali	men jejal i
sekeliling	se keliling
biolanya	biola nya
lidahnya	lidah nya
putus	putus
pedesaannya	pedesaan nya
inisial	inisial
bibinya	bibi nya
reaksi	reaksi
dipetakan	di peta kan
bertobat	ber tobat
partisipasinya	partisipasi nya
siap	siap
menunjang	men tunjang
pergantian	per ganti an
merekrut	men rekrut
penjangkauan	pen jangkau an
memonitor	men monitor
akuisisi	akuisisi
sebal	sebal
membayarnya	men bayar nya
merobohkan	men roboh kan
baterai	baterai
pengampunan	pen ampun an
bagusnya	bagus nya
nama	nama
potong	potong
memilih	men pilih
membawakan	men bawa kan
pengunduran	pen undur an
mendiskusikan	men diskusi kan
punggungnya	punggung nya
berbunga	ber bunga
pekerja	pekerja
berkuda	ber kuda
mangkuk	mangkuk
mempertanggungjawabkannya	men tanggungjawab kan nya
membayar	men bayar
adam	adam
kentang	kentang
membesarkan	men besar kan
ringkasan	ringkas an
berlatih	ber latih
terkendala	ter kendala
memerdekakan	men merdeka kan
pembayar	pen bayar
mencolok	men colok
kartu	kartu
dikurung	di kurung
doaku	doa aku
terparkir	ter parkir
menerapkannya	men terap kan nya
uraian	urai an
antargenerasi	antar generasi
kepunyaan	ke punya an
diperburuk	di per buruk
isak	isak
maknanya	makna nya
menatapnya	men tatap nya
kaki	kaki
serap	serap
dikesampingkan	di kesamping kan
pergi	pergi
diilhamkan	di ilham kan
terjebak	ter jebak
ketidakjelasan	ke tidak jelas an
menyerahkan	men serah kan
pendahulu	pendahulu
bijak	bijak
selebihnya	se lebih nya
antarjenjang	antar jenjang
diabaikannya	di abai kan nya
halangan	halang an
pendengar	pen dengar
terangmu	terang mu
dibakukan	di baku kan
pengkhianatan	pen khianat an
membuahkan	men buah kan
dihadapi	di hadap i
mewakilinya	men wakil i nya
rasio	rasio
memancingnya	men pancing nya
narkoba	narkoba
ditelepon	di telepon
diburu	di buru
anekdot	anekdot
melahirkan	men lahir kan
mentri	mentri
dilandasi	di landas i
diadakannya	di ada kan nya
menyiramnya	men siram nya
tokoh	tokoh
tanamannya	tanam an nya
diagram	diagram
paparan	papar an
menghitungnya	men hitung nya
bea	bea
diabaikan	di abai kan
karirnya	karir nya
aroma	aroma
kuterima	ku terima
menggemukkannya	men gemuk kan nya
pelayaran	pen layar an
saleh	saleh
versi	versi
menjauh	men jauh
mesjid	mesjid
februari	februari
peraturan	per atur an
aparat	aparat
pemandu	pen pandu
penjelasan	pen jelas an
putrinya	putri nya
mengakar	men akar
gejolak	gejolak
januari	januari
melanda	men landa
diwariskan	di waris kan
diredupkan	di redup kan
penampilannya	pen tampil an nya
mengabulkan	men kabul kan
gurun	gurun
manajerial	manajerial
bersusah	ber susah
pertentangan	per tentang an
menyalin	men salin
pulsa	pulsa
berbeda	ber beda
meja	meja
jenazah	jenazah
diatasnya	di atas nya
minum	minum
perkataan	per kata an
kecaman	kecam an
cerminkan	cermin kan
neraka	neraka
merebut	men rebut
penjaminnya	pen jamin nya
demam	demam
parameter	parameter
digilir	di gilir
konstan	konstan
lucunya	lucu nya
pendamaian	pen damai an
sepuasnya	se puas nya
antarwilayah	antar wilayah
puas	puas
injil	injil
menjabarkan	men jabar kan
peri	pen ri
dimensi	dimensi
budak	budak
mengunjungi	men kunjung i
mamalia	mamalia
sepak	sepak
diperolehnya	di peroleh nya
setimpal	setimpal
menyiram	men siram
ditanggapi	di tanggap i
kelelawar	kelelawar
jiwamu	jiwa mu
aliran	alir an
empuk	empuk
menyerap	men serap
badan	badan
dipalsukan	di palsu kan
semaksimal	se maksimal
dipersalahkan	di per salah kan
ayam	ayam
menipisnya	men tipis nya
berserikat	ber serikat
mendewakan	men dewa kan
menampik	men tampik
palsu	palsu
pernafasan	per nafas an
dihancurkan	di hancur kan
otaknya	otak nya
pemetikan	pen petik an
hayatnya	hayat nya
timbul	timbul
retribusi	retribusi
bulanan	bulan an
observasi	observasi
rabu	rabu
diternakkan	di ternak kan
pemerasan	pen peras an
penanggulangannya	pen tanggulang an nya
rasional	rasional
akibat	akibat
promosi	promosi
pesat	pesat
menakjubkannya	men takjub kan nya
pendukungnya	pen dukung nya
dipekerjakan	di pekerja kan
penyebaran	pen sebar an
lahannya	lahan nya
kupercaya	ku percaya
menantangnya	men tantang nya
dipadati	di padat i
mencintaiku	men cinta i ku
gilir	gilir
alam	alam
pengadaan	pen ada an
peletakan	pen letak an
didalamnya	di dalam nya
karibia	karibia
didambakannya	di damba kan nya
diinvestasikan	di investasi kan
prioritas	prioritas
ketidaksetujuan	ke tidak setuju an
perbincangan	per bincang an
terkhusus	ter khusus
desa	desa
takutnya	takut nya
muara	muara
memberkati	men berkat i
agen	agen
disangga	di sangga
penyelenggaraan	pen selenggara an
kondisi	kondisi
mikrofon	mikrofon
ironis	ironis
mengundurkan	men undur kan
sebatas	se batas
payahmu	payah mu
harapkan	harap kan
semalam	se malam
tuntas	tuntas
dibuka	di buka
penolongku	pen tolong ku
proses	proses
akbar	akbar
terjepit	ter jepit
motornya	motor nya
terdalamnya	ter dalam nya
tabrakan	tabrak an
terbesar	ter besar
disalahgunakan	di salahguna kan
aplikasi	aplikasi
diangsur	di angsur
membakarmu	men bakar mu
terdampak	ter dampak
evaluasi	evaluasi
belokan	belok an
nonpemerintah	non pen perintah
digeluti	di gelut i
berkarakteristik	ber karakteristik
pemberontakan	pen berontak an
diremajakan	di remaja kan
letak	letak
melampaui	men lampau i
putri	putri
desanya	desa nya
didengar	di dengar
menyelami	men selam i
ditulis	di tulis
dikatakannya	di kata kan nya
tergali	ter gali
penerus	pen terus
mengimani	men iman i
terjalin	ter jalin
dibawahinya	di bawah i nya
layaknya	layak nya
kepemimpinannya	kepemimpinan nya
ditempatkan	di tempat kan
berisiko	ber risiko
sejelas	se jelas
menggandakan	men ganda kan
melintas	men lintas
melaporkannya	men lapor kan nya
dikendalikan	di kendali kan
eceran	ecer an
dipisahkan	di pisah kan
menggerus	men gerus
ludah	ludah
berterimakasih	ber terimakasih
mengerti	mengerti
berkenaan	ber kena an
anggur	anggur
dokter	dokter
singapura	singapura
telur	telur
maju	maju
data	data
diberlakukan	di ber laku kan
diminum	di minum
langkanya	langka nya
alergi	alergi
darah	darah
sidang	sidang
pindah	pindah
merisaukan	men risau kan
tercermin	ter cermin
perempuan	perempuan
memfasilitasi	men fasilitas i
pabrik	pabrik
sosis	sosis
pengimplementasian	pen implementasi an
mempelajarinya	men pelajar i nya
taktik	taktik
lidah	lidah
ambulan	ambulan
muramku	muram ku
panglima	panglima
provinsinya	provinsi nya
pelecehan	pen leceh an
mengakomodasi	men akomodasi
menetapkan	men tetap kan
ditontonnya	di tonton nya
petugas	petugas
perkreditan	per kredit an
bergereja	ber gereja
perdagangannya	per dagang an nya
sejuk	sejuk
berperingkat	ber peringkat
menyeberangi	men seberang i
sikap	sikap
menangkal	men tangkal
email	email
melatarbelakanginya	men latarbelakang i nya
teknologi	teknologi
saksi	saksi
variabel	variabel
dibayarkan	di bayar kan
mundur	mundur
imigrasi	imigrasi
bersoal	ber soal
islami	islam i
disaat	di saat
terhambatnya	ter hambat nya
perkotaan	per kota an
terbit	terbit
tertutupi	ter tutup i
memasukan	men pasukan
misteri	misteri
ditanggungnya	di tanggung nya
ditangkap	di tangkap
memampukan	men mampu kan
penegakan	pen tegak an
pengaruh	pengaruh
subjektivitasnya	subjektivitas nya
ketidaklayakan	ke tidak layak an
kemunduran	ke mundur an
gejalanya	gejala nya
dibawa	di bawa
menggagalkan	men gagal kan
berdurasi	ber durasi
kerinduan	ke rindu an
serigala	serigala
uu	uu
daerah	daerah
berair	ber air
berseru	ber seru
matanya	mata nya
menggetarkan	men getar kan
beririgasi	ber irigasi
asumsinya	asumsi nya
prakteknya	praktek nya
arahnya	arah nya
amerika	amerika
terjangan	terjang an
domisili	domisili
memayungi	men payung i
konvensional	konvensional
menyedihkannya	men sedih kan nya
instansi	instansi
memetakan	men peta kan
menyapa	men sapa
penelitinya	pen teliti nya
ketidakterbukaan	ke tidak terbuka an
paskah	paskah
memegangnya	men pegang nya
butir	butir
menitip	men titip
menjenguk	men jenguk
jajarannya	jajar an nya
pertalian	per tali an
membuka	men buka
mencerna	men cerna
diagunkan	di agun kan
memformatnya	men format nya
merekam	men rekam
penghuninya	pen huni nya
ditolong	di tolong
penentuannya	pen tentu an nya
kawan	kawan
menuntutnya	men tuntut nya
pesaing	pesaing
menjamu	men jamu
melintasinya	men lintas i nya
antarindustri	antar industri
kotamadya	kotamadya
sejawat	se jawat
serendah	se rendah
latihannya	latih an nya
pasiennya	pasien nya
sekarat	se karat
pinggiran	pinggir an
kualitas	kualitas
menjatahkan	men jatah kan
heran	heran
stoknya	stok nya
anggukan	angguk an
bagus	bagus
dipermuliakan	di per mulia kan
seriusnya	serius nya
berdinding	ber dinding
dikirim	di kirim
produksi	produksi
langkah	langkah
ditarik	di tarik
memandu	men pandu
keharusan	ke harus an
menghubunginya	men hubung i nya
bahasanya	bahasa nya
dirindukan	di rindu kan
selai	sela i
penajaman	pen tajam an
abad	abad
dirombak	di rombak
menua	men tua
warganegaranya	warganegara nya
membelanjakan	men belanja kan
pengelolanya	pen kelola nya
bermata	ber mata
awalnya	awal nya
menelepon	men telepon
jawabannya	jawab an nya
selebar	se lebar
gundul	gundul
sanksinya	sanksi nya
bi	bi
kampung	kampung
ikan	ikan
dianggarkan	di anggar kan
dimeriahkan	di meriah kan
meringkas	men ringkas
sarananya	sarana nya
penyusun	pen susun
asuransi	asuransi
disingkapkan	di singkap kan
pohon	pohon
takut	takut
kuat	kuat
aceh	aceh
dinyatakan	di nyata kan
berlalu	ber lalu
buku	buku
memakainya	men pakai nya
layar	layar
mulut	mulut
manja	manja
menjerit	men jerit
pergiliran	per gilir an
transportasi	transportasi
hasil	hasil
menakutkan	men takut kan
sinyal	sinyal
coraknya	corak nya
kemungkinan	kemungkinan
memanfaatkan	men manfaat kan
dikunjunginya	di kunjung i nya
sederhanakan	sederhana kan
mengucapkan	men ucap kan
gilanya	gila nya
dosanya	dosa nya
tergusur	ter gusur
kawasan	kawasan
mengumandangkan	men kumandang kan
ketidakpahaman	ke tidak paham an
mengendalikan	men kendali kan
menguraikan	men urai kan
memperkenalkan	men kenal kan
pencinta	pen cinta
dimungkinkan	dimungkinkan
tayangan	tayang an
mengkompensasi	men kompensasi
situasinya	situasi nya
melimpahi	men limpah i
jalinan	jalin an
meningkatnya	men tingkat nya
negara	negara
pemutakhiran	pen mutakhir an
kendaraan	kendara an
estimasi	estimasi
kontroversi	kontroversi
persen	persen
menegaskan	men tegas kan
lega	lega
hatimu	hati mu
potensialnya	potensial nya
didaur	di daur
menyembah	men sembah
memfotonya	men foto nya
menghimpunkan	men himpun kan
menghimbau	men himbau
penulis	pen tulis
berdampak	ber dampak
minyak	minyak
olokan	olok an
berbau	ber bau
direspon	di respon
seabad	se abad
merampas	men rampas
diperpanjang	di per panjang
penjaja	pen jaja
lemah	lemah
lulusan	lulus an
penggugat	pen gugat
lambang	lambang
mencemari	men cemar i
mencoreng	men coreng
asteroid	asteroid
ditaruhnya	di taruh nya
sistemnya	sistem nya
ditendang	di tendang
menjamurnya	men jamur nya
tantangan	tantang an
sumberdaya	sumberdaya
memperlebar	men lebar
tangki	tangki
dimilikinya	di milik i nya
penggunanya	pen guna nya
berdirinya	ber diri nya
kristen	kristen
lunturnya	luntur nya
pesta	pesta
mahabintangnya	mahabintang nya
bohong	bohong
pedesaan	pedesaan
membanjirnya	men banjir nya
melenceng	men lenceng
kepala	kepala
dibedakan	di beda kan
dikawal	di kawal
kebakaran	ke bakar an
dialirkan	di alir kan
meneguhkan	men teguh kan
layanannya	layan an nya
tempatkan	tempat kan
niatan	niat an
penampilan	pen tampil an
penenun	pen tenun
berminat	ber minat
penimbangan	pen timbang an
pembebanan	pen beban an
terumbu	terumbu
mempublikasikan	men publikasi kan
sudut	sudut
aktual	aktual
penghimpunan	pen himpun an
penanda	pen tanda
pencairan	pen cair an
reksa	reksa
pembuatannya	pen buat an nya
menjangkiti	men jangkit i
tembusan	tembus an
acara	acara
kelompok	kelompok
juruselamatku	juruselamat ku
pandangannya	pandang an nya
mengevaluasi	men evaluasi
menembak	men tembak
mengejar	men kejar
menelusuri	men telusuri
lemparan	lempar an
kabinet	kabinet
longgarnya	longgar nya
bagikan	bagi kan
cadang	cadang
dihiasi	di hias i
hasratnya	hasrat nya
disiarkan	di siar kan
mempraktekkan	men praktek kan
berprasangka	ber prasangka
eternitnya	eternit nya
mengeliminasi	men eliminasi
menyebarluaskan	men sebarluas kan
kuasa	kuasa
dimusnahkan	di musnah kan
tantangannya	tantang an nya
memantaunya	men pantau nya
terbentuknya	ter bentuk nya
tes	tes
lantang	lantang
politik	politik
gangguan	ganggu an
sucikan	suci kan
asas	asas
peternakan	peternakan
taruhan	taruh an
memurnikan	men murni kan
pelayarannya	pen layar an nya
optimisme	optimisme
terluka	ter luka
karakteristiknya	karakteristik nya
gadis	gadis
diperdagangkan	di per dagang kan
pemecatan	pen pecat an
belakangan	belakang an
mendatang	men datang
infrastrukturnya	infrastruktur nya
aksara	aksara
diolah	di olah
direalisasikan	di realisasi kan
tulisan	tulis an
tajam	tajam
berunjuk	ber unjuk
atom	atom
gerutu	gerutu
campur	campur
bergoncang	ber goncang
penyusup	pen susup
kendalikan	kendali kan
pikirkan	pikir kan
mendatangkan	men datang kan
rajanya	raja nya
mendambakan	men damba kan
merpati	merpati
penyerahannya	pen serah an nya
bertanggungjawab	ber tanggungjawab
mengembalikannya	men kembali kan nya
persediaan	per sedia an
memangkas	men pangkas
iringan	iring an
asalnya	asal nya
pengasuhan	pen asuh an
terpadu	ter padu
menggandeng	men gandeng
baku	baku
listrik	listrik
sehari	se hari
memutuskan	men putus kan
ketidakpuasan	ke tidak puas an
mengkaji	men kaji
amarahnya	amarah nya
buaian	buai an
meninjunya	men tinju nya
diulangi	di ulang i
kemungkinannya	kemungkinan nya
gemuruhnya	gemuruh nya
mengunyah	men kunyah
semburan	sembur an
difasilitasi	di fasilitas i
wortel	wortel
terbaik	ter baik
penabung	pen tabung
berkendaraan	ber kendara an
kartun	kartun
diajarkan	di ajar kan
mengulang	men ulang
petanya	peta nya
berpegangan	ber pegang an
tugasku	tugas ku
inginkan	ingin kan
angsa	angsa
telak	telak
pembaruannya	pen baru an nya
bersenjatakan	ber senjata kan
melebihi	men lebih i
diselesaikan	di selesai kan
berbatu	ber batu
raga	raga
difungsikan	di fungsi kan
penargetannya	pen target an nya
membebaskannya	men bebas kan nya
pamannya	paman nya
perkantoran	per kantor an
militan	militan
terobosan	terobos an
pemantau	pen pantau
terorisme	terorisme
menyengsarakan	men sengsara kan
merumput	men rumput
skandalnya	skandal nya
dicarinya	di cari nya
diskon	diskon
kehendaki	kehendak i
menenun	men tenun
media	media
cetakan	cetak an
mempersoalkan	men soal kan
liga	liga
diminatinya	di minat i nya
menggulingkan	men guling kan
menulis	men tulis
anak	anak
menyelenggarakan	men selenggara kan
dicanangkan	di canang kan
handal	handal
terkungkung	ter kungkung
mengiklankan	men iklan kan
janggal	janggal
administrasi	administrasi
diperhadapkan	di per hadap kan
dipermainkan	di per main kan
bengkok	bengkok
masukan	masuk an
mengaplikasikan	men aplikasi kan
ventilasi	ventilasi
sekaleng	se kaleng
berhadapan	ber hadap an
berawalan	ber awal an
rindukan	rindu kan
berfungsinya	ber fungsi nya
penahan	pen tahan
dibutuhkan	di butuh kan
tersingkap	ter singkap
cangkul	cangkul
melantunkan	men lantun kan
kemukakan	kemuka kan
menuding	men tuding
pedang	pedang
ajukan	aju kan
akhirat	akhirat
temanmu	teman mu
mempersingkat	men singkat
kasihmu	kasih mu
memerintah	men perintah
berhentinya	ber henti nya
perolehan	peroleh an
kinerja	kinerja
larut	larut
taksi	taksi
gaya	gaya
pejabat	pejabat
wali	wali
kecenderungan	kecenderungan
negatifnya	negatif nya
panggil	panggil
ditindaklanjuti	di tindaklanjut i
detektif	detektif
berimbangnya	ber imbang nya
gurunya	guru nya
sekelompok	se kelompok
memasarkan	men pasar kan
sekeping	se keping
terlontar	ter lontar
sabda	sabda
sel	sel
menggigiti	men gigit i
perbuatannya	per buat an nya
pendidikannya	pen didik an nya
penekanan	pen tekan an
mengorganisasi	men organisasi
mendetail	men detail
taiwan	tai wan
berkeliaran	ber ke liar an
kapten	kapten
serius	serius
terinspirasi	ter inspirasi
diberkati	di berkat i
dicocokkan	di cocok kan
membasuh	men basuh
penyusutan	pen susut an
pertandingannya	per tanding an nya
mengecilkan	men kecil kan
kalori	kalori
efektif	efektif
netral	netral
dijumpainya	di jumpa i nya
kenal	kenal
internet	internet
upahnya	upah nya
tampung	tampung
entitas	entitas
hektar	hektar
dikenang	di kenang
membantunya	men bantu nya
dipersoalkan	di per soal kan
disepakati	di sepakat i
kalimat	kalimat
profesi	profesi
mahal	mahal
elemen	elemen
penyeleksian	pen seleksi an
tesisnya	tesis nya
berdampingan	ber damping an
mengimbangi	men imbang i
agroindustri	agroindustri
mempersembahkan	men sembah kan
tinggal	tinggal
putranya	putra nya
pegangannya	pegang an nya
membutakan	men buta kan
diraup	di raup
mengelilinginya	men keliling i nya
paus	paus
bait	bait
emosi	emosi
ditunjukkan	di tunjuk kan
pemakaman	pen makam an
rasuli	rasul i
bbm	bbm
mengatakannya	men kata kan nya
berkualitas	ber kualitas
menyuburkan	men subur kan
pengantarnya	pen antar nya
ditampung	di tampung
menanggap	men tanggap
rantai	rantai
diminati	di minat i
kendala	kendala
laba	laba
pajangan	pajang an
perkebunan	per kebun an
siaga	siaga
dilantunkan	di lantun kan
bekal	bekal
tertampung	ter tampung
kelanjutan	ke lanjut an
organisasinya	organisasi nya
konsekuensinya	konsekuensi nya
sumberdayanya	sumberdaya nya
diperkenan	di per kenan
dicoret	di coret
menyurati	men surat i
nyawaku	nyawa aku
gantung	gantung
berfluktuasi	ber fluktuasi
memperbaiki	men baik i
merapat	men rapat
mengukur	men ukur
kendalanya	kendala nya
babak	babak
aksesibilitas	aksesibilitas
merekomendasi	men rekomendasi
terpajangnya	ter pajang nya
diberikan	di beri kan
lintas	lintas
harga	harga
pelatihan	pen latih an
alternatifnya	alternatif nya
akta	akta
sukar	sukar
nampak	nampak
pengubah	pen ubah
laksana	laksana
dirumahmu	di rumah mu
dijahit	di jahit
berlibur	ber libur
tercetak	ter cetak
memotivasi	men motivasi
disucikan	di suci kan
dijangkau	di jangkau
lapaknya	lapak nya
cina	cina
menyeragamkan	men seragam kan
menetapkannya	men tetap kan nya
diairi	di air i
dokumennya	dokumen nya
penggagas	pen gagas
lamaran	lamar an
pengingat	pen ingat
diwarisi	di waris i
diantisipasi	di antisipasi
jadinya	jadi nya
peserta	peserta
mencatatkan	men catat kan
terpanggil	ter panggil
persalinannya	per salin an nya
tontonan	tonton an
terbilang	ter bilang
menumpas	men tumpas
sentral	sentral
persembunyiannya	per sembunyi an nya
pertanggungjawaban	per tanggungjawab an
didata	di data
penyucian	pen suci an
digantikan	di ganti kan
allahmu	allah mu
diujicobakan	di ujicoba kan
karyanya	karya nya
nyaman	nyaman
memberitakan	men berita kan
kancing	kancing
terjamin	ter jamin
ide	ide
web	web
hotel	hotel
mempublikasikannya	men publikasi kan nya
harian	hari an
berkeinginan	ber ke ingin an
lantunan	lantun an
mengakses	men akses
lunas	lunas
rambut	rambut
lantai	lantai
hubunganku	hubung an ku
ban	ban
terhitung	ter hitung
pertukaran	per tukar an
pimpinan	pimpin an
dusun	dusun
mengupas	men kupas
sekutunya	sekutu nya
perbukitan	per bukit an
berarti	ber arti
tema	tema
zaitun	zaitun
mengkombinasikan	men kombinasi kan
aktris	aktris
komunitas	komunitas
melihat	men lihat
defensif	defensif
dipertahankan	di per tahan kan
kakek	kakek
margasatwa	margasatwa
tercium	ter cium
dihadapinya	di hadap i nya
instrumen	instrumen
kusampaikan	ku sampai kan
tahunannya	tahun an nya
menekankan	men tekan kan
ketatnya	ketat nya
ditunjukkannya	di tunjuk kan nya
internalnya	internal nya
tersembunyi	ter sembunyi
pemberangkatannya	pen berangkat an nya
berperilaku	ber perilaku
tua	tua
dibalik	di balik
intensifnya	intensif nya
tersambar	ter sambar
hibur	hibur
dipulihkan	di pulih kan
pengajar	pen ajar
laparnya	lapar nya
pipi	pipi
menetes	men tetes
famili	famili
sadari	sadar i
bagian	bagi an
guna	guna
tertancap	ter tancap
kandangnya	kandang nya
dipelihara	di pelihara
terkutuk	ter kutuk
angkasa	angkasa
meninjau	men tinjau
dosa	dosa
didiami	di diam i
keponakan	keponakan
sebotol	se botol
dilempar	di lempar
statistik	statistik
memeriksanya	men periksa nya
sekolahnya	sekolah nya
bola	bola
dijabarkan	di jabar kan
mengetahuinya	men ketahui nya
natur	natur
bersemangat	ber semangat
norma	norma
menyadari	men sadar i
langsing	langsing
lebar	lebar
meletihkan	men letih kan
dihafalkan	di hafal kan
obatan	obat an
sosialnya	sosial nya
antik	antik
mengambil	men ambil
rutinitasnya	rutinitas nya
dilelang	di lelang
semasa	se masa
dianugerahkan	di anugerah kan
kalangan	kalangan
irlandia	irlandia
berkesudahan	ber ke sudah an
pembaharuan	pen baharu an
konsensus	konsensus
infrastruktur	infrastruktur
obyeknya	obyek nya
menghantam	men hantam
sesat	sesat
pendalaman	pen dalam an
institusi	institusi
berkompeten	ber kompeten
slogan	slogan
gajinya	gaji nya
terhalang	ter halang
terpikir	ter pikir
bergiliran	ber gilir an
pendistribusiannya	pen distribusi an nya
pacarku	pacar ku
preminya	premi nya
mendelegasikan	men delegasi kan
menyusuri	men susur i
mengusulkannya	men usul kan nya
indikasi	indikasi
terjangkaunya	ter jangkau nya
coklat	coklat
merajut	men rajut
dibilang	di bilang
menempatkan	men tempat kan
denda	denda
pengantin	pengantin
antrian	antri an
optimalnya	optimal nya
manipulasi	manipulasi
profesor	profesor
dibagikan	di bagi kan
rontokan	rontok an
kisarannya	kisar an nya
ditekuni	di tekun i
bentuknya	bentuk nya
gerbang	gerbang
penyesuaian	pen sesuai an
laporan	lapor an
banjir	banjir
merakit	men rakit
lumpur	lumpur
duga	duga
menimbun	men timbun
pengirimannya	pen kirim an nya
pemangku	pen pangku
prostat	prostat
asisten	asisten
besar	besar
gardu	gardu
berencana	ber rencana
iklan	iklan
kesannya	kesan nya
tereliminasi	ter eliminasi
secepat	se cepat
tercanggih	ter canggih
rapuhnya	rapuh nya
melompat	men lompat
penutupan	pen tutup an
tubuhmu	tubuh mu
seusai	se usai
tunjangannya	tunjang an nya
kelahirannya	ke lahir an nya
kondisinya	kondisi nya
kontrak	kontrak
keramik	keramik
bermerk	ber merk
surut	surut
bijaksana	bijaksana
berwarna	ber warna
disayangkan	di sayang kan
kuartal	kuartal
sajian	saji an
dihina	di hina
mengasihinya	men kasih i nya
dimasukkan	di masuk kan
kimia	kimia
mencoba	men coba
penerjemahan	pen terjemah an
sepatu	sepatu
keliru	keliru
perumahan	pen rumah an
mekanismenya	mekanisme nya
diversifikasi	diversifikasi
dilayani	di layan i
stempel	stempel
mereproduksinya	men reproduksi nya
dioperasikan	di operasi kan
kumpulkan	kumpul kan
gemar	gemar
gerak	gerak
dimanipulasi	di manipulasi
dianut	di anut
jadwalku	jadwal ku
dilihatnya	di lihat nya
pepohonan	pepohonan
terbawah	ter bawah
perusahaannya	per usaha an nya
berdedikasi	ber dedikasi
organisasi	organisasi
frekuensi	frekuensi
mengoptimalkan	men optimal kan
agunan	agun an
marak	marak
tengah	tengah
manuver	manuver
mereda	men reda
musikal	musikal
berpacaran	ber pacar an
mengumumkan	men umum kan
sejarah	sejarah
fisika	fisika
monopoli	monopoli
diprediksi	di prediksi
dikuatkan	di kuat kan
payah	payah
permohonan	per mohon an
lenyap	lenyap
diurai	di urai
penjadwalan	pen jadwal an
perikanan	per ikan an
sepanjang	se panjang
membenarkan	men benar kan
berlimpah	ber limpah
padat	padat
peredam	pen redam
cincin	cincin
terkunci	ter kunci
berpelukan	ber peluk an
pertanggungan	per tanggung an
terpinggir	ter pinggir
rela	rela
kertas	kertas
menjuarai	men juara i
memikulnya	men pikul nya
komoditasnya	komoditas nya
berlawanan	ber lawan an
gading	gading
terpolusi	ter polusi
menguatkannya	men kuat kan nya
rangkap	rangkap
analogi	analog i
tepi	tepi
dipesan	di pesan
gizi	gizi
hadirnya	hadir nya
soda	soda
tujuan	tuju an
diciptakannya	di cipta kan nya
meliput	men liput
pengkajian	pen kaji an
memprakirakan	men prakira kan
salju	salju
mempermasalahkannya	men masalah kan nya
hilangnya	hilang nya
memisahkannya	men pisah kan nya
perampingan	pen ramping an
dikoordinasi	di koordinasi
transplantasi	transplantasi
terciptanya	ter cipta nya
tersisa	ter sisa
tatapannya	tatap an nya
pelita	pelita
merintangi	men rintang i
dirumuskan	di rumus kan
jala	jala
kutub	kutub
kontraknya	kontrak nya
perceraiannya	per cerai an nya
pendidikan	pen didik an
dolar	dolar
delima	delima
mudahnya	mudah nya
mendaur	men daur
hantu	hantu
bersaksi	ber saksi
bibirnya	bibir nya
pelelangan	pen lelang an
relasinya	relasi nya
dipanggil	di panggil
kamarmu	kamar mu
dicontohkan	di contoh kan
menuntunnya	men tuntun nya
pengembalian	pen kembali an
didapatkan	di dapat kan
logam	logam
berkewajiban	ber ke wajib an
tokonya	toko nya
pembaruan	pen baru an
pencacah	pen cacah
meminjamnya	men pinjam nya
liputan	liput an
kudus	kudus
kutinggalkan	ku tinggal kan
bayi	bayi
dipilah	di pilah
menimpanya	men timpa nya
ditelusuri	di telusuri
tuamu	tua mu
pelaksanaan	pen laksana an
terobsesi	ter obsesi
berukuran	ber ukur an
rohani	rohani
cepatnya	cepat nya
dilampirkan	di lampir kan
suap	suap
mengkompromikan	men kompromi kan
madunya	madu nya
dimintakan	di minta kan
menyelesaikan	men selesai kan
pelataran	pen latar an
serapan	serap an
mendefinisikan	men definisi kan
jarang	jarang
memedihkan	men pedih kan
bertenun	ber tenun
dijuluki	di juluk i
pergaulan	per gaul an
disebabkan	di sebab kan
mengkomunikasikan	men komunikasi kan
benar	benar
rata	rata
bertujuan	ber tuju an
realokasi	realokasi
hartamu	harta mu
nonkayu	non kayu
mengasingkan	men asing kan
ditempuhnya	di tempuh nya
rutinnya	rutin nya
subur	subur
bobroknya	bobrok nya
operator	operator
amati	amati
benturan	bentur an
ajak	ajak
ngeri	ngeri
suspensi	suspensi
tingkat	tingkat
ikut	ikut
mengucapkannya	men ucap kan nya
menyanyi	men nyanyi
perlombaan	per lomba an
sampaikan	sampai kan
opsi	opsi
dikelola	di kelola
mengagunkan	men agun kan
memburuknya	men buruk nya
pinjam	pinjam
pendisiplinan	pen disiplin an
diperbarui	di per baru i
rasul	rasul
girangnya	girang nya
memonopoli	men monopoli
target	target
takjub	takjub
minimalnya	minimal nya
alias	alias
jaya	jaya
kadar	kadar
terarah	ter arah
pelaksanaannya	pen laksana an nya
akademik	akademik
ilmu	ilmu
tonton	tonton
individu	individu
kepalanya	kepala nya
menghakimi	men hakim i
dilembagakan	di lembaga kan
pekerjanya	pekerja nya
ofensif	ofensif
invasi	invasi
butuhkan	butuh kan
kotanya	kota nya
dikoordinasikan	di koordinasi kan
menyamarkannya	men samar kan nya
kamarnya	kamar nya
meratanya	men rata nya
bertakhta	ber takhta
tariknya	tarik nya
dilatihnya	di latih nya
harum	harum
insinyur	insinyur
persoalan	per soal an
didokumentasikan	di dokumentasi kan
dikeluarkannya	di keluar kan nya
hapuskan	hapus kan
disisi	di sisi
kosong	kosong
menunggang	men tunggang
belalang	belalang
kandungmu	kandung mu
validasi	validasi
berprestasi	ber prestasi
mapannya	mapan nya
rasionya	rasio nya
hapus	hapus
transaksi	transaksi
melayang	men layang
lanjutannya	lanjut an nya
memasangnya	men pasang nya
warna	warna
berpesta	ber pesta
mengusulkan	men usul kan
dililiti	di lilit i
bocor	bocor
mengejutkannya	men kejut kan nya
meluangkan	men luang kan
mencicil	men cicil
siklus	siklus
unjuk	unjuk
berkerabat	ber kerabat
dosennya	dosen nya
infeksi	infeksi
mengkhawatirkan	men khawatir kan
dihimbau	di himbau
protes	protes
kalifornia	kalifornia
basi	bas i
gulungan	gulung an
beragi	ber ragi
terbalik	ter balik
sebangsamu	se bangsa mu
jerman	jerman
kental	kental
penyerbuan	pen serbu an
indikator	indikator
penggugah	pen gugah
mengoper	men koper
menerbangkan	men terbang kan
sepenuh	se penuh
pemisahan	pen pisah an
advokat	advokat
mewajibkan	men wajib kan
dikenal	di kenal
darussalam	darussalam
penglihatan	penglihatan
letusan	letus an
tagihan	tagih an
didiskusikan	di diskusi kan
berimbas	ber imbas
memilihnya	men pilih nya
jangkauan	jangkau an
memihak	men pihak
menanggulangi	men tanggulang i
katalog	katalog
mengorelasikan	men korelasi kan
kualifikasi	kualifikasi
deras	deras
menyiasati	men siasat i
pelaut	pen laut
menyibukkan	men sibuk kan
serukan	seru kan
pencoretan	pen coret an
pembacaan	pen baca an
berakhirnya	ber akhir nya
cukurnya	cukur nya
kekasih	kekasih
dihubungi	di hubung i
penebal	pen tebal
perkara	perkara
memeriksa	men periksa
kerah	kerah
mengasumsikan	men asumsi kan
umurku	umur ku
kupas	kupas
mengedipkan	men kedip kan
terperhatikan	ter perhatikan
fokusnya	fokus nya
menundukkan	men tunduk kan
didatangkan	di datang kan
pencetakan	pen cetak an
pundi	pundi
ditopang	di topang
dijunjung	di junjung
gua	gua
interiornya	interior nya
desentralisasi	desentralisasi
perbendaharaannya	per bendahara an nya
pemerintahannya	pen perintah an nya
tentu	tentu
agustus	agustus
tersisihkan	ter sisih kan
dewasa	dewasa
curiga	curiga
menuangkan	men tuang kan
mendampinginya	men damping i nya
kekalnya	kekal nya
saus	saus
memposisikan	men posisi kan
pemadam	pen madam
diobservasi	di observasi
antarvariabel	antar variabel
persoalannya	per soal an nya
prosedur	prosedur
menyalahgunakannya	men salahguna kan nya
mengokohkan	men kokoh kan
tempel	tempel
tinju	tinju
diperbaruinya	di per baru i nya
azas	azas
telaah	telaah
satelit	satelit
pempublikasian	pen publikasi an
pencuri	pen curi
sepakat	sepakat
pahatan	pahat an
penggoda	pen goda
pengurus	pen urus
literatur	literatur
pegangan	pegang an
tiang	tiang
mengurusnya	men urus nya
pendampingan	pen damping an
polusi	polusi
meluruskannya	men lurus kan nya
puskesmas	puskesmas
mewujudkan	men wujud kan
lestari	lestari
ditimbulkan	di timbul kan
disidangkan	di sidang kan
layang	layang
sekadar	se kadar
positif	positif
direkam	di rekam
otak	otak
korelasi	korelasi
indikatornya	indikator nya
utuh	utuh
merayu	men rayu
disambut	di sambut
diproduksi	di produksi
menoleh	men toleh
mendapat	men dapat
kubu	kubu
saraf	saraf
menyayangkan	men sayang kan
persis	persis
disiplin	disiplin
dianiaya	di aniaya
merendahkan	men rendah kan
menurunnya	men turun nya
kuatirmu	kuatir mu
pegunungan	pegunungan
jualbeli	jualbeli
kantor	kantor
artikelnya	artikel nya
postingan	posting an
jambu	jambu
beranggapan	ber anggap an
perjumpaan	per jumpa an
operasional	operasional
dikuasai	di kuasa i
direktorat	direktorat
mengerahkan	men kerah kan
mengantarkan	men antar kan
hemat	hemat
potongan	potong an
dikategorikan	di kategori kan
pelayananku	pen layan an ku
dibabat	di babat
berobat	ber obat
canada	canada
bayaran	bayar an
maraknya	marak nya
pembelajaran	pen belajar an
dilumpuhkan	di lumpuh kan
umat	umat
berurusan	ber urus an
memperbolehkan	men boleh kan
ketidakpedulian	ke tidak peduli an
teralih	ter alih
disahkan	di sah kan
mencangkul	men cangkul
kelihatannya	ke lihat an nya
pemiliknya	pen milik nya
dikhianati	di khianat i
dilupakannya	di lupa kan nya
institusional	institusional
diinginkan	di ingin kan
terbitnya	terbit nya
terpajang	ter pajang
optimistis	optimistis
mereduksi	men reduksi
tersulut	ter sulut
angsuran	angsur an
kotoran	kotor an
hurufnya	huruf nya
pemesanan	pen pesan an
kafein	kafein
pasca	pasca
percayai	percaya i
serumah	se rumah
pernikahannya	per nikah an nya
penginjil	pen injil
bertambahnya	ber tambah nya
mencabut	men cabut
mengecil	men kecil
penganggaran	pen anggar an
berlipat	ber lipat
mengenakan	men kena kan
permukiman	per mukim an
tercepat	ter cepat
rekornya	rekor nya
pertokoan	per toko an
menjadikannya	men jadi kan nya
penjara	penjara
pembentukannya	pen bentuk an nya
allahnya	allah nya
diikuti	di ikut i
menyesali	men sesal i
diwujudkan	di wujud kan
menyatukan	men satu kan
sempitnya	sempit nya
terindah	ter indah
selamat	selamat
omongnya	omong nya
jubahnya	jubah nya
diperluas	di per luas
diidentifikasikan	di identifikasi kan
diperparah	di per parah
legal	legal
membekukan	men beku kan
sebagian	sebagian
terawat	ter rawat
sisiku	sisi ku
antagonis	antagonis
dipikirkannya	di pikir kan nya
konseling	konseling
mula	mula
tafsirannya	tafsir an nya
diwakilinya	di wakil i nya
komersial	komersial
liar	liar
kilo	kilo
motonya	moto nya
biola	biola
wacana	wacana
munafik	munafik
menceritakannya	men cerita kan nya
berdomisili	ber domisili
ditepatinya	di tepat i nya
menyertifikasi	men sertifikasi
sebangsanya	se bangsa nya
pemimpinnya	pen pimpin nya
diistilahkan	di istilah kan
bantal	bantal
mendaratkan	men darat kan
perdanya	perda nya
persaingan	per saing an
timahnya	timah nya
bau	bau
terpaksa	ter paksa
disuapi	di suap i
disusul	di susul
mendidik	men didik
merahasiakan	men rahasia kan
penebusan	pen tebus an
menyalurkannya	men salur kan nya
sampannya	sampan nya
menaikan	men tai kan
diuntungkan	di untung kan
kesediaan	ke sedia an
pelacakan	pen lacak an
didapati	di dapat i
keseharian	keseharian
semacam	se macam
penutup	pen tutup
ditunjang	di tunjang
jiwanya	jiwa nya
rintangan	rintang an
pemeriksa	pen periksa
pembaru	pen baru
koleksinya	koleksi nya
didistribusikan	di distribusi kan
pengaturannya	pen atur an nya
pemberitahuan	pen beritahu an
salinan	salin an
diharuskan	di harus kan
andal	andal
diam	diam
potensial	potensial
terdahulu	terdahulu
tubuhnya	tubuh nya
mensyukuri	men syukuri
memanggilnya	men panggil nya
maksimalnya	maksimal nya
saringan	saring an
skema	skema
pengarung	pen karung
bermotor	ber motor
pertambahan	per tambah an
lahir	lahir
direlokasi	di relokasi
sekecil	se kecil
terdesak	ter desak
terpendam	ter pendam
bertugas	ber tugas
usus	usus
gunanya	guna nya
melukainya	men luka i nya
kuliah	kuliah
memberdayakan	men ber daya kan
difoto	di foto
pengekspor	pen ekspor
rambutan	rambut an
himbauan	himbau an
pembukuan	pen buku an
diambil	di ambil
teritorial	teritorial
jepang	jepang
wakil	wakil
menyatu	men satu
kembalinya	kembali nya
posisinya	posisi nya
berhak	ber hak
stasiun	stasiun
kuantitas	kuantitas
sekadarnya	se kadar nya
menjamin	men jamin
balau	balau
tabrak	tabrak
menaklukkan	men takluk kan
berkenalan	ber kenal an
kaosnya	kaos nya
berpasir	ber pasir
hamparan	hampar an
tanganku	tangan ku
kentalnya	kental nya
susahnya	susah nya
guntingan	gunting an
jakarta	jakarta
seyogyanya	se yogya nya
kategori	kategori
penggemukan	pen gemuk an
penanaman	pen tanam an
wajar	wajar
menanggulanginya	men tanggulang i nya
goncangan	goncang an
renggang	renggang
menyobek	men sobek
esa	esa
pelajarannya	pelajar an nya
jariku	jari ku
menyaksikannya	men saksi kan nya
merenovasi	men renovasi
menuntut	men tuntut
ulah	ulah
jubah	jubah
pasir	pasir
pengadilan	pen adil an
dijemput	di jemput
curah	curah
proporsinya	proporsi nya
menggembirakan	men gembira kan
kupasang	ku pasang
ulama	ulama
pengajaran	pen ajar an
puluhan	puluh an
memperkenankan	men kenan kan
penembakan	pen tembak an
upaya	upaya
diangkutnya	di angkut nya
diakomodasikan	di akomodasi kan
karya	karya
merumuskan	men rumus kan
diduga	di duga
citranya	citra nya
putuskan	putus kan
tangkapannya	tangkap an nya
supervisi	supervisi
sedarah	se darah
mereview	men review
ekspansi	ekspansi
urutan	urut an
memamerkan	men pamer kan
didengarkan	di dengar kan
jaga	jaga
dibubarkannya	di bubar kan nya
kerjasama	kerjasama
binasa	binasa
lamanya	lama nya
lancarnya	lancar nya
kumpulan	kumpul an
kelimpahan	ke limpah an
bajak	bajak
pemutar	pen putar
dibutakan	di buta kan
diibaratkan	di ibarat kan
berserah	ber serah
lupa	lupa
tenun	tenun
asing	asing
deretan	deret an
menyeberanginya	men seberang i nya
dikaji	di kaji
pembeli	pen beli
antarkegiatan	antar ke giat an
sama	sama
dihormati	di hormat i
seintensif	se intensif
pemurah	pen murah
dibimbing	di bimbing
penunggak	pen tunggak
rambutmu	rambut mu
jurang	jurang
kerangka	kerangka
menghibur	men hibur
serangan	serang an
intelektual	intelektual
persepsi	persepsi
mencapai	men capai
sempit	sempit
mengguncangkan	men guncang kan
pemetaan	pen peta an
laptop	laptop
dirapatkan	di rapat kan
automotif	automotif
janinnya	janin nya
dikeringkan	di kering kan
memprediksikan	men prediksi kan
aniaya	aniaya
ongkosnya	ongkos nya
efisiensi	efisiensi
bersinar	ber sinar
tangannya	tangan nya
mengintimidasi	men intimidasi
terutang	ter utang
dikembalikannya	di kembali kan nya
dicarikan	di cari kan
ketat	ketat
umatnya	umat nya
lanjuti	lanjut i
sektor	sektor
pertarungan	per tarung an
beban	beban
menandai	men tanda i
ragu	ragu
gitar	gitar
mengaktifkan	men aktif kan
pembaca	pen baca
prinsipnya	prinsip nya
berani	berani
mengharmoniskan	men harmonis kan
penderita	pen derita
ruangan	ruang an
bercela	ber cela
pengangkutan	pen angkut an
menjauhi	men jauh i
berasaskan	ber asas kan
mengajarkannya	men ajar kan nya
catatannya	catat an nya
pelaksananya	pen laksana nya
perkuliahan	per kuliah an
editorialnya	editorial nya
hariannya	hari an nya
mengenalinya	men kenal i nya
nonmakanan	non makan an
memperingatkan	men ingat kan
membanjiri	men banjir i
tersirat	ter sirat
melatihnya	men latih nya
realitasnya	realitas nya
relokasi	relokasi
tugasnya	tugas nya
berpagar	ber pagar
menghangatkan	men hangat kan
pemerintahnya	pen perintah nya
nelayan	nelayan
memperkirakan	men kira kan
ubi	ubi
segel	segel
membatalkan	men batal kan
dimakannya	di makan nya
memuja	men puja
mobilitas	mobilitas
goncangkan	goncang kan
air	air
dilemparkan	di lempar kan
nutrisi	nutrisi
pemainnya	pen main nya
diasah	di asah
menempuhnya	men tempuh nya
menyederhanakan	men sederhana kan
bermalam	ber malam
cermin	cermin
dikuduskan	di kudus kan
sejahtera	sejahtera
gamblang	gamblang
situsnya	situs nya
datang	datang
melupakan	men lupa kan
mengkampanyekan	men kampanye kan
ada	ada
mendominasi	men dominasi
gubernurnya	gubernur nya
dicegat	di cegat
ketidaksetaraan	ke tidak setara an
sampul	sampul
berbakat	ber bakat
berbentuk	ber bentuk
volume	volume
meninggal	men tinggal
bapak	bapak
bunuh	bunuh
situs	situs
dikunjungi	di kunjung i
ikhlas	ikhlas
sokongan	sokong an
tunggakannya	tunggak an nya
keguguran	ke gugur an
pengaruhnya	pengaruh nya
merekatkan	men rekat kan
setuju	setuju
korelasinya	korelasi nya
menggelikan	men geli kan
tinggalnya	tinggal nya
relasi	relasi
hinaan	hina an
pewahyuan	pen wahyu an
arti	arti
pendangkalan	pen dangkal an
antarkabupaten	antar kabupaten
irigasinya	irigasi nya
dangkal	dangkal
hasrat	hasrat
melemparkannya	men lempar kan nya
melewatinya	men lewat i nya
contohnya	contoh nya
muhammad	muhammad
pengelolaan	pen kelola an
kubur	kubur
bekas	bekas
merencanakan	men rencana kan
gelombang	gelombang
dilewati	di lewat i
selektifnya	selektif nya
menata	men tata
gerakan	gerak an
pembangunannya	pen bangun an nya
lunak	lunak
memperlambat	men lambat
tuntunan	tuntun an
puasa	puasa
prevalensi	prevalensi
pengoleksi	pen koleksi
tersesat	ter sesat
diperlunak	di per lunak
dirumahkan	di rumah kan
nonmiskin	nonmiskin
pemelihara	pen pelihara
dipromosikan	di promosi kan
dioptimalkan	di optimal kan
terpelajar	ter pelajar
menjangkaunya	men jangkau nya
pendahulunya	pendahulu nya
konseptual	konseptual
tindih	tindih
terpalang	ter palang
bentrokan	bentrok an
tuntut	tuntut
gugat	gugat
mengeruk	men keruk
kapital	kapital
nasionalnya	nasional nya
menyusahkan	men susah kan
termuda	ter muda
mencerahkan	men cerah kan
berjualan	ber jual an
penghilangan	pen hilang an
mengemban	men emban
menyiratkan	men sirat kan
pelajaran	pelajar an
operasinya	operasi nya
sebanding	se banding
pesawat	pesawat
kuminta	ku minta
pastikan	pasti kan
dibariskan	di baris kan
perhambaan	per hamba an
menyamar	men samar
tumpangan	tumpang an
jatuh	jatuh
fleksibel	fleksibel
dikuatirkan	di kuatir kan
aduk	aduk
halus	halus
lkm	lkm
ditebang	di tebang
presentase	presentase
mental	mental
ternyata	ter nyata
serbuan	serbu an
pembakaran	pen bakar an
legislasi	legislasi
sawit	sawit
menyepelekan	men sepele kan
grosir	grosir
baca	baca
dikte	dikte
alot	alot
kluster	kluster
sepatah	se patah
mengadopsi	men adopsi
paku	paku
pembicaranya	pen bicara nya
lengkung	lengkung
administrator	administrator
komitenya	komite nya
penundukan	pen tunduk an
tersesatnya	ter sesat nya
doanya	doa nya
kokpit	kokpit
memberi	men beri
terorganisir	ter organisir
perobohan	pen roboh an
didekati	di dekat i
bersintesis	ber sintesis
salad	salad
berulang	ber ulang
mutlak	mutlak
posyandu	posyandu
pergumulannya	per gumul an nya
borong	borong
pakan	pakan
berkesimpulan	ber ke simpul an
bermimpi	ber mimpi
ular	ular
mentalitas	mentalitas
terpanjang	ter panjang
terbayang	ter bayang
menunjuknya	men tunjuk nya
menyisakan	men sisa kan
berpendapat	ber pen dapat
menemaninya	men teman i nya
tafsiran	tafsir an
berkhotbah	ber khotbah
berunding	ber runding
bersinggungan	ber singgung an
nonbank	non bank
bertingkah	ber tingkah
pemangkasan	pen pangkas an
hiburan	hibur an
pelibatan	pen libat an
lontong	lontong
kliennya	klien nya
depkeu	depkeu
bantahan	bantah an
ganjaran	ganjar an
food	food
unggul	unggul
prasarananya	prasarana nya
seakurat	se akurat
lembu	lembu
mendanai	men dana i
penyembahan	pen sembah an
saksikan	saksi kan
diperlukannya	di perlu kan nya
penerbangannya	pen terbang an nya
terpintar	ter pintar
dirujuk	di rujuk
ilustrasi	ilustrasi
favorit	favorit
karpet	karpet
sederajat	se derajat
amatir	amatir
pengajarannya	pen ajar an nya
dimodifikasi	di modifikasi
dihasilkan	di hasil kan
terukir	ter ukir
anugerah	anugerah
pihaknya	pihak nya
tinggalkan	tinggal kan
menyelubungi	men selubung i
sesak	sesak
belakangku	belakang ku
pengasuh	pen asuh
sesama	se sama
tukar	tukar
antartingkat	antar tingkat
petinju	pen tinju
ulang	ulang
diizinkan	di izin kan
mencekik	men cekik
patung	patung
dibiaya	di biaya
memikat	men pikat
merawat	men rawat
penjembatanan	pen jembatan an
tanggungan	tanggung an
aktif	aktif
cangkang	cangkang
sebaliknya	sebaliknya
manfaat	manfaat
mencari	men cari
sesuainya	sesuai nya
rayakan	raya kan
dimuat	di muat
lingkaran	lingkar an
dikecewakan	di kecewa kan
populer	populer
orbit	orbit
pemenuhan	pen penuh an
buntu	buntu
bekasi	bekas i
pelemparan	pen lempar an
pandangan	pandang an
menahan	men tahan
dibohongi	di bohong i
mengartikan	men arti kan
berinovasi	ber inovasi
diincar	di incar
pertanyaannya	per tanya an nya
menyampaikannya	men sampai kan nya
memasuki	men masuk i
dipersatukan	di per satu kan
fasilitatornya	fasilitator nya
penggembala	pen gembala
gagasan	gagas an
memprakarsai	men prakarsa i
arsip	arsip
jawaban	jawab an
responsnya	respons nya
akal	akal
bersenjata	ber senjata
mengabaikannya	men abai kan nya
pabrikan	pabrik an
warganya	warga nya
direstrukturisasi	di restrukturisasi
firman	firman
disejajarkan	di sejajar kan
jalur	jalur
mengontrak	men kontrak
santunan	santun an
ujung	ujung
pelantikannya	pen lantik an nya
terputus	ter putus
dijabat	di jabat
batinnya	batin nya
memungut	men pungut
percakapan	per cakap an
bersamaan	ber sama an
tertundanya	ter tunda nya
riil	riil
diselaraskan	di selaras kan
seruan	seru an
drama	drama
selengkap	se lengkap
personel	personel
hubungannya	hubung an nya
sepakbola	sepakbola
lama	lama
dihabiskan	di habis kan
antarpeserta	antar peserta
buat	buat
kencang	kencang
menyaingi	men saing i
sulit	sulit
sisanya	sisa nya
putaran	putar an
memberitahu	men beritahu
berkabut	ber kabut
anti	anti
bulan	bulan
menghapus	men hapus
berwujud	ber wujud
mengeluarkannya	men keluar kan nya
sahabatku	sahabat ku
kebunnya	kebun nya
kotor	kotor
seseorang	seseorang
turunan	turun an
pancuran	pancur an
ceroboh	ceroboh
jasa	jasa
peniru	pen tiru
penekan	pen tekan
celaka	celaka
menggembalakan	men gembala kan
argumentasi	argumentasi
rotasi	rotasi
permintaannya	per minta an nya
dirampok	di rampok
proyeksi	proyeksi
permanen	permanen
kandas	kandas
cermat	cermat
edaran	edar an
memadamkan	men madam kan
mengimplementasi	men implementasi
remajanya	remaja nya
lahan	lahan
budimu	budi mu
berfirman	ber firman
koneksi	koneksi
uskup	uskup
angkutan	angkut an
kios	kios
pita	pita
rupanya	rupa nya
petang	petang
moto	moto
sapi	sapi
segan	segan
makamnya	makam nya
teh	teh
prediksi	prediksi
pengaman	pen aman
berpotensial	ber potensial
memeliharaku	men pelihara aku
berliku	ber liku
menstimulasi	men stimulasi
dikutip	di kutip
pengabdiannya	pen abdi an nya
bosnya	bos nya
pengobatannya	pen obat an nya
detail	detail
ikutan	ikut an
menghadirkan	men hadir kan
membobol	men bobol
berpatokan	ber patok an
menjanda	men janda
tertinggi	ter tinggi
mengalirkan	men alir kan
konferensi	konferensi
misinya	misi nya
lelang	lelang
meminjamkan	men pinjam kan
penyembuhan	pen sembuh an
kepemimpinan	kepemimpinan
berkeadilan	ber ke adil an
kata	kata
terucap	ter ucap
nikah	nikah
luasnya	luas nya
dijadikannya	di jadi kan nya
berkonotasi	ber konotasi
perhubungan	per hubung an
dipisah	di pisah
cangkir	cangkir
pria	pria
kolonial	kolonial
menggerakkan	men gerak kan
nonrumah	non rumah
terlampau	ter lampau
penimbunan	pen timbun an
menantang	men tantang
melekat	men lekat
miskinnya	miskin nya
nurani	nurani
menggagas	men gagas
kepindahan	ke pindah an
pendokumentasian	pen dokumentasi an
penyelesaiannya	pen selesai an nya
membagi	men bagi
album	album
presentasi	presentasi
minimal	minimal
perhotelan	per hotel an
mutu	mutu
hafalan	hafal an
elpiji	elpiji
terencana	ter rencana
praktik	praktik
keraskan	keras kan
membombardir	men bombardir
mengantri	men antri
perlindungan	per lindung an
mengenyahkan	men enyah kan
ditembus	di tembus
kritikus	kritikus
dicirikan	di ciri kan
negatif	negatif
meliputi	men liput i
doa	doa
persentase	persentase
arah	arah
pigmen	pigmen
bersifat	ber sifat
saudaranya	saudara nya
merumuskannya	men rumus kan nya
detik	detik
tenteram	tenteram
capnya	cap nya
merangkak	men rangkak
ukuran	ukur an
pembobotan	pen bobot an
pemeriksaan	pen periksa an
menggelisahkan	men gelisah kan
dipikat	di pikat
terjal	terjal
pai	pai
mengadministrasikan	men administrasi kan
membunuhnya	men bunuh nya
resminya	resmi nya
perbaikannya	per baik an nya
berdiri	ber diri
dinginnya	dingin nya
obligasi	obligasi
perburuan	per buru an
mikro	mikro
perspektif	perspektif
dijelang	di jelang
chevy	chevy
melipat	men lipat
dibayangkan	di bayang kan
menyederhanakannya	men sederhana kan nya
gitarnya	gitar nya
pestanya	pesta nya
saingan	saing an
adu	adu
bekerja	bekerja
unit	unit
kuil	kuil
menghimpun	men himpun
rambutku	rambut ku
membahas	men bahas
suksesi	sukses i
langit	langit
buktinya	bukti nya
tanggung	tanggung
tercabut	ter cabut
antarorangtua	antar orangtua
menggoncangkan	men goncang kan
telanjang	telanjang
terompetnya	terompet nya
permodalan	per modal an
disalahkan	di salah kan
lingkungan	lingkung an
jiwa	jiwa
klaim	klaim
bergema	ber gema
skemanya	skema nya
melambangkan	men lambang kan
goyah	goyah
digenggam	di genggam
lapak	lapak
penyelamatan	pen selamat an
purba	purba
terukur	ter ukur
menyambutnya	men sambut nya
merantai	men rantai
utamanya	utama nya
gerilyawan	gerilya wan
tercatat	ter catat
suntikan	suntik an
ditanyai	di tanya i
perintis	pen rintis
tembok	tembok
lokasinya	lokasi nya
berpotensi	ber potensi
imunisasi	imunisasi
terkoordinir	ter koordinir
pencerahan	pen cerah an
diadukan	di adu kan
dibantu	di bantu
bersesuaian	ber sesuai an
tangkapan	tangkap an
melemahnya	men lemah nya
bersumpah	ber sumpah
sehebat	se hebat
wakilnya	wakil nya
otomotif	otomotif
baki	bak i
tertindas	ter tindas
tangga	tangga
tungkunya	tungku nya
mengartikannya	men arti kan nya
pelimpahan	pen limpah an
komandannya	komandan nya
koleksi	koleksi
dihalangi	di halang i
merusak	men rusak
diboboli	di bobol i
altar	altar
diterjemahkan	di terjemah kan
terakomodasinya	ter akomodasi nya
berkonsentrasi	ber konsentrasi
bakunya	baku nya
pemakaian	pen pakai an
mengedit	men edit
tenar	tenar
memudar	men pudar
menjadikan	men jadi kan
berpraktik	ber praktik
pasalnya	pasal nya
simpanan	simpan an
dermaga	dermaga
merujuk	men rujuk
kasar	kasar
dibangunnya	di bangun nya
balistik	balistik
sekeras	se keras
mengangsur	men angsur
diperantarai	di perantara i
perencanaan	pen rencana an
encer	encer
tegak	tegak
diiringi	di iring i
pengeras	pen keras
menggariskan	men garis kan
representasi	representasi
kutuk	kutuk
nonkontrak	non kontrak
membina	men bina
kiri	kiri
kimiawi	kimiawi
teladan	teladan
jumlah	jumlah
mematikan	men mati kan
pakunya	paku nya
terposisikan	ter posisi kan
gumuli	gumul i
sisa	sisa
pendapatnya	pen dapat nya
mengajarkan	men ajar kan
batang	batang
nonpungutan	non pungut an
langganan	langgan an
ramainya	ramai nya
pencanangan	pen canang an
pembelian	pen beli an
cobaan	coba an
pembuka	pen buka
tembak	tembak
merawati	men rawat i
ketidaksepakatan	ke tidak sepakat an
istimewa	istimewa
posyandunya	posyandu nya
memanen	men panen
pendam	pendam
mewarnai	men warna i
jasad	jasad
neneknya	nenek nya
rusaknya	rusak nya
dilatih	di latih
tomat	tomat
praktek	praktek
pengikut	pen ikut
menyerukan	men seru kan
menjadi	men jadi
besi	besi
pala	pala
meminum	men minum
penggantiannya	pen ganti an nya
pertunjukan	per tunjuk an
pembuangan	pen buang an
serikat	serikat
kemajuan	ke maju an
dihapuskannya	di hapus kan nya
seminggu	se minggu
seefektif	se efektif
tidur	tidur
pencemaran	pen cemar an
melimpahnya	men limpah nya
belasan	belas an
ketidaksuburan	ke tidak subur an
marjinal	marjinal
sulam	sulam
penyesalan	pen sesal an
rendahkan	rendah kan
memprihatinkan	men prihatin kan
emosional	emosional
aneka	aneka
gelar	gelar
sedekah	sedekah
pencantuman	pen cantum an
asetnya	aset nya
nonpersonel	non personel
ayah	ayah
dibangku	di bangku
disinggung	di singgung
pemberdayaan	pemberdayaan
lembaga	lembaga
duduk	duduk
pekerjaan	pekerja an
diancam	di ancam
cemburu	cemburu
memerintahkannya	men perintah kan nya
dilemahkan	di lemah kan
pasarnya	pasar nya
persaudaraannya	per saudara an nya
rekrut	rekrut
pahitnya	pahit nya
diterapkannya	di terap kan nya
melaluinya	men lalu i nya
ibarat	ibarat
bertekad	ber tekad
halaman	halaman
memenangkan	men menang kan
kolonel	kolonel
menuliskannya	men tulis kan nya
menyangka	men sangka
menganalisis	men analisis
pemberitahuannya	pen beritahu an nya
ratapan	ratap an
harganya	harga nya
mengenakannya	men kena kan nya
mewarisi	men waris i
konstitusional	konstitusional
sepengetahuan	se pengetahuan
meningkat	men tingkat
berlangsung	ber langsung
tamak	tamak
koloni	koloni
ketidakadilan	ke tidak adil an
racun	racun
harfiah	harfiah
likuiditas	likuiditas
berkorelasi	ber korelasi
pasang	pasang
pengolahan	pen olah an
jantan	jantan
mengolahnya	men olah nya
kuku	kuku
ancaman	ancam an
berkontribusi	ber kontribusi
tonggak	tonggak
merefleksikan	men refleksi kan
walikota	walikota
keluarga	keluarga
sasaran	sasar an
simpatinya	simpati nya
direkomendasikan	di rekomendasi kan
renungan	renung an
santrinya	santri nya
memudarkan	men pudar kan
lukisan	lukis an
mencampuri	men campur i
mendoakan	men doa kan
durhaka	durhaka
memobilisasi	men mobilisasi
jurnalnya	jurnal nya
mengurus	men urus
ambisius	ambisius
ketidakstabilan	ke tidak stabil an
bergilir	ber gilir
tersisih	ter sisih
umumnya	umum nya
departemennya	departemen nya
adil	adil
gila	gila
tol	tol
memperhitungkan	men hitung kan
mengerikan	men ngeri kan
bertalian	ber tali an
muka	muka
didikan	didik an
dipersembahkan	di per sembah kan
remeh	remeh
memanjatkan	men panjat kan
empunya	empunya
penyejuk	pen sejuk
terburuk	ter buruk
berimbang	ber imbang
menikah	men nikah
memerangi	men perang i
membungkus	men bungkus
merontokkan	men rontok kan
menebus	men tebus
sekuler	sekuler
pasaran	pasar an
penafsir	pen tafsir
mencercanya	men cerca nya
kuajarkan	ku ajar kan
memasang	men pasang
dipuji	di puji
bertahun	ber tahun
menerbitkan	men terbit kan
tawanan	tawan an
tertutup	ter tutup
kacau	kacau
antarstatus	antar status
menjalin	men jalin
cita	cita
koordinator	koordinator
swalayan	swalayan
sendiri	sendiri
berkecukupan	ber ke cukup an
dipermasalahkan	di per masalah kan
berbuntut	ber buntut
pacu	pacu
dianugerahi	di anugerah i
sore	sore
konvensi	konvensi
antarkeluarga	antar keluarga
granat	granat
plastiknya	plastik nya
pengorbanannya	pen korban an nya
perencana	pen rencana
periksa	periksa
penunjukkan	penunjukkan
dakwaan	dakwa an
penyataan	pen nyata an
setangkai	se tangkai
peningkatan	pen tingkat an
mengimplementasikan	men implementasi kan
menyuntikkan	men suntik kan
digabung	di gabung
dialokasi	di alokasi
disempurnakan	di sempurna kan
penjelajah	pen jelajah
mengasihiku	men kasih i ku
mengestimasi	men estimasi
lembab	lembab
tuli	tuli
capaiannya	capai an nya
harapan	harap an
gelora	gelora
max	max
menciprat	men ciprat
menerobos	men terobos
menjauhkan	men jauh kan
memperindah	men indah
asa	asa
diakumulasikan	di akumulasi kan
dirawat	di rawat
diingat	di ingat
teknik	teknik
dipergunakan	di per guna kan
cahaya	cahaya
mesir	mesir
digalakkan	di galak kan
berkeramik	ber keramik
merangkap	men rangkap
dibiayai	di biaya i
sepedanya	sepeda nya
seyakin	se yakin
eksperimen	eksperimen
pemilihannya	pen pilih an nya
memandangnya	men pandang nya
berlebih	ber lebih
jarahan	jarah an
keberangkatan	ke berangkat an
perbaikan	per baik an
sutradara	sutradara
mulanya	mula nya
berkunjung	ber kunjung
gencarnya	gencar nya
geografi	geografi
menjelaskannya	men jelas kan nya
mukjizat	mukjizat
berbobot	ber bobot
percetakan	per cetak an
ngengat	ngengat
dirusak	di rusak
perindustrian	per industri an
bahagiaku	bahagia aku
medisnya	medis nya
restoran	restoran
diterjang	di terjang
mengajukannya	men aju kan nya
wewenang	wewenang
melampirkan	men lampir kan
lawatan	lawatan
persiapannya	per siap an nya
sesignifikan	se signifikan
penalti	penalti
cucunya	cucu nya
mempererat	men erat
penyelarasan	pen selaras an
busuk	busuk
lini	lini
antarpengadilan	antar pen adil an
memadai	memadai
terbantu	ter bantu
definisi	definisi
melempar	men lempar
pekerjaanku	pekerja an ku
sensitif	sensitif
merelokasi	men relokasi
sunyi	sunyi
dibatalkannya	di batal kan nya
bertengkar	ber tengkar
diputar	di putar
seharga	se harga
tersentuh	ter sentuh
wibawa	wibawa
diselamatkannya	di selamat kan nya
pemilu	pemilu
seluas	se luas
kitabnya	kitab nya
menangis	men tangis
mengelolanya	men kelola nya
teraman	ter aman
tertipu	ter tipu
merubuhkan	men rubuh kan
menyebabkannya	men sebab kan nya
stiker	stiker
manfaatnya	manfaat nya
ekonomis	ekonomis
permukaan	per muka an
penggantian	pen ganti an
diktenya	dikte nya
mungilnya	mungil nya
darahnya	darah nya
inovasi	inovasi
melayu	melayu
juruselamatnya	juruselamat nya
ketidaktersediaan	ke tidak tersedia an
alatnya	alat nya
menentangnya	men tentang nya
puskesmasnya	puskesmas nya
sifat	sifat
skeptis	skeptis
dikenali	di kenal i
pribadinya	pribadi nya
gelisah	gelisah
dibenci	di benci
gas	gas
mataku	mata aku
radiasi	radiasi
menerjemahkannya	men terjemah kan nya
surga	surga
rumput	rumput
amal	amal
punya	punya
berdenyut	ber denyut
dipasok	di pasok
yakini	yakin i
dihimpun	di himpun
baris	baris
dirham	dirham
tabir	tabir
insentif	insentif
tas	tas
nonaset	non aset
perpindahan	per pindah an
kalah	kalah
aset	aset
badai	badai
meresponnya	men respon nya
penyiarnya	pen siar nya
mencelakakan	men celaka kan
bir	bir
dikonversi	di konversi
menambah	men tambah
melamar	men lamar
berbisik	ber bisik
pembiayaan	pen biaya an
berwawasan	ber wawasan
dongeng	dongeng
tunjangan	tunjang an
menyelamatkan	men selamat kan
ulasan	ulas an
ditampilkan	di tampil kan
logonya	logo nya
melambat	men lambat
berwibawa	ber wibawa
terhubung	ter hubung
pesannya	pesan nya
sebaran	sebar an
diemban	di emban
mengubah	men ubah
lengkap	lengkap
sekolah	sekolah
bermanfaat	ber manfaat
dimiliki	di milik i
independensi	independensi
pegawai	pegawai
sesempurna	se sempurna
mempermudah	men mudah
dikapalkan	di kapal kan
kaum	kaum
terlihat	ter lihat
percekcokan	per cekcok an
serumit	se rumit
dikontraknya	di kontrak nya
berkekuatan	ber ke kuat an
manis	manis
sekerja	se kerja
dikenakan	di kena kan
antrinya	antri nya
dipukuli	di pukul i
perangkat	perangkat
menyikat	men sikat
unggulannya	unggul an nya
cadangannya	cadang an nya
panduan	pandu an
gema	gema
waspada	waspada
telinga	telinga
tebang	tebang
divonis	di vonis
perencanaannya	pen rencana an nya
favoritnya	favorit nya
sumbangannya	sumbang an nya
nafas	nafas
politis	politis
hutang	hutang
motor	motor
paruh	paruh
filipina	filipina
paket	paket
menyedihkan	men sedih kan
depan	depan
disamakan	di sama kan
penghematan	pen hemat an
puncak	puncak
departemen	departemen
pengantar	pen antar
lancar	lancar
bulanannya	bulan an nya
diulang	di ulang
makannya	makan nya
angkanya	angka nya
suci	suci
penandatangan	pen tandatangan
kongres	kongres
analisi	analis i
terjerumus	ter jerumus
memasok	men pasok
beraib	ber aib
prasarana	prasarana
tingginya	tinggi nya
mengancam	men ancam
latihan	latih an
jebakan	jebak an
hargai	harga i
struktural	struktural
keliling	keliling
membebaskan	men bebas kan
penonton	pen tonton
pukul	pukul
perusahaan	per usaha an
mini	min i
jadi	jadi
bercahaya	ber cahaya
pembajakan	pen bajak an
diterbangkan	di terbang kan
memamerkannya	men pamer kan nya
astronom	astronom
lazim	lazim
putraku	putra aku
fotonya	foto nya
dikelolanya	di kelola nya
perombakan	pen rombak an
anjurkan	anjur kan
perang	perang
konser	konser
mentargetkan	men target kan
radius	radius
renovasi	renovasi
pengecer	pen ecer
permintaan	per minta an
memfotokopi	men fotokopi
penumpangan	pen tumpang an
terdapatnya	ter dapat nya
mencontohkan	men contoh kan
dicerna	di cerna
garam	garam
secepatnya	se cepat nya
senilai	se nilai
galeri	galeri
kaidah	kaidah
konsorsium	konsorsium
duka	duka
disesuaikan	di sesuai kan
berdagang	ber dagang
memprioritaskan	men prioritas kan
setingkat	se tingkat
terbuat	ter buat
gugup	gugup
mewawancarainya	men wawancara i nya
menyemburkan	men sembur kan
kakaknya	kakak nya
domestik	domestik
binaan	bina an
kenalannya	kenal an nya
sepihak	se pihak
menyebarkan	men sebar kan
pendingin	pen dingin
ditafsirkan	di tafsir kan
menganggukkan	men angguk kan
tata	tata
ranting	ranting
diwarisinya	di waris i nya
berdosa	ber dosa
ditembuskan	di tembus kan
bersaudara	ber saudara
spesial	spesial
diberlakukannya	di ber laku kan nya
perceraian	per cerai an
sediakan	sedia kan
memainkan	men main kan
dibahas	di bahas
lautnya	laut nya
menginterpretasikan	men interpretasi kan
penerimaan	pen terima an
mempertanggungjawabkan	men tanggungjawab kan
inspirasi	inspirasi
ditambahkan	di tambah kan
resmi	resmi
urgensi	urgensi
tempuran	tempur an
agamanya	agama nya
dihidangkan	di hidang kan
peternakannya	peternakan nya
asramanya	asrama nya
mengikutinya	men ikut i nya
perluasan	per luas an
kedelai	kedelai
dibebani	di beban i
peranan	peran an
identitasnya	identitas nya
diformulasikan	di formulasi kan
menyimak	men simak
kapasitasnya	kapasitas nya
mengakali	men akal i
sintesis	sintesis
ketidakmunculan	ke tidak muncul an
bergeser	ber geser
ditulisi	di tulis i
kupenuhi	ku penuh i
digendong	di gendong
lucu	lucu
pertemanan	per teman an
tersimpan	ter simpan
mengguncang	men guncang
tarifnya	tarif nya
sedia	sedia
ditekan	di tekan
terbentur	ter bentur
pembahasan	pen bahas an
memperdalam	men dalam
memodifikasi	men modifikasi
sidik	sidik
aksesnya	akses nya
kelamin	kelamin
mukamu	muka kamu
ditunjuk	di tunjuk
kakiku	kaki ku
disuruh	di suruh
kuadrat	kuadrat
pacuan	pacu an
kejadiannya	ke jadi an nya
diperbaharui	di per baharu i
perisai	perisai
terpesona	ter pesona
matematikanya	matematika nya
pelanggannya	pen langgan nya
tundukkan	tunduk kan
menghambakan	men hamba kan
mempertaruhkan	men taruh kan
kerumunan	kerumun an
merubah	men rubah
mendekatkan	men dekat kan
stabilitas	stabilitas
hadiah	hadiah
kesempatan	kesempatan
didukung	di dukung
lagunya	lagu nya
menyampaikan	men sampai kan
penagih	pen tagih
substansi	substansi
disibukkan	di sibuk kan
terjauh	ter jauh
menanam	men tanam
naikkan	naik kan
mm	mm
argumen	argumen
dipilihkan	di pilih kan
cairnya	cair nya
kapal	kapal
penurunannya	pen turun an nya
pelaksana	pen laksana
merampingkan	men ramping kan
umur	umur
ingatan	ingat an
pendayagunaan	pen dayaguna an
beternak	beternak
letih	letih
ketidakakuratan	ke tidak akurat an
ditagih	di tagih
diperbuatnya	di per buat nya
pelindung	pen lindung
dibebankan	di beban kan
pembatalannya	pen batal an nya
penyiangan	pen siang an
gembira	gembira
memprotes	men protes
selidiki	selidik i
silang	silang
terang	terang
arteri	arteri
ketidakberhasilan	ke tidak berhasil an
komitmen	komitmen
mengambilkanku	men ambil kan ku
patriotik	patriotik
seru	seru
butuh	butuh
menentu	men tentu
menetap	men tetap
diserang	di serang
pemilihnya	pen pilih nya
perjudian	per judi an
miliki	milik i
kuabaikan	ku abai kan
membebankan	men beban kan
rendahnya	rendah nya
bebas	bebas
cuma	cuma
tersier	tersier
ajaran	ajar an
kebutuhanku	ke butuh an ku
tercurah	ter curah
terkena	ter kena
anugerahkan	anugerah kan
iklim	iklim
diikutsertakannya	di ikutserta kan nya
sesuai	sesuai
yakinkan	yakin kan
membelikan	men beli kan
asosiasi	asosiasi
pengangguran	pen anggur an
antarsektor	antar sektor
harmonis	harmonis
sebagus	se bagus
didatangi	di datang i
mendukung	men dukung
kawannya	kawan nya
fotokopi	fotokopi
nonpertanian	non per tani an
terparah	ter parah
aslinya	asli nya
serunya	seru nya
pelembagaan	pen lembaga an
ketidaktepatan	ke tidak tepat an
dibersihkan	di bersih kan
mulianya	mulia nya
berhembus	ber hembus
dikompensasikan	di kompensasi kan
terima	terima
penipu	pen tipu
mengorganisasikan	men organisasi kan
penangkapan	pen tangkap an
sekehendaknya	se kehendak nya
pedih	pedih
jaminannya	jamin an nya
tingkah	tingkah
menjelaskan	men jelas kan
rasi	ras i
cakap	cakap
dibacanya	di baca nya
didukungnya	di dukung nya
rezim	rezim
memukau	men pukau
mengekspor	men ekspor
rapat	rapat
apresiasi	apresiasi
sensor	sensor
pemeran	pen peran
tingkatnya	tingkat nya
khazanah	khazanah
respons	respons
tertekan	ter tekan
dirahasiakan	di rahasia kan
perbedaannya	per beda an nya
menyayangi	men sayang i
pemilikan	pen milik an
fasilitasi	fasilitas i
keju	keju
penunggakan	pen tunggak an
pelabuhannya	pen labuh an nya
penanam	pen tanam
carinya	cari nya
pencapaiannya	pen capai an nya
pesanan	pesan an
tali	tali
memacu	men pacu
dibakar	di bakar
didanai	di dana i
diloloskan	di lolos kan
bungkusan	bungkus an
mempercayakan	men percaya kan
persemaian	per semai an
balasannya	balas an nya
fitur	fitur
sesaat	se saat
terkini	terkini
diumpankan	di umpan kan
antarprovinsi	antar provinsi
ciri	ciri
penulisannya	pen tulis an nya
mengendarai	men kendara i
beredar	ber edar
perwakilannya	per wakil an nya
diperdalam	di per dalam
natalnya	natal nya
meminimalkan	men minimal kan
pemanah	pen panah
abdikan	abdi kan
referensi	referensi
kabur	kabur
mengandung	men kandung
martabat	martabat
merespon	men respon
perusakan	pen rusak an
bertanggung	ber tanggung
melupakannya	men lupa kan nya
perikanannya	per ikan an nya
mempermasalahkan	men masalah kan
pembekuan	pen beku an
merebak	men rebak
antarsekolah	antar sekolah
skalanya	skala nya
pemeta	pen peta
minggu	minggu
pengikatan	pen ikat an
kemas	kemas
menggoreng	men goreng
voltase	voltase
diubah	di ubah
memerintahkan	men perintah kan
menyelam	men selam
antarguru	antar guru
dicalonkan	di calon kan
didaftar	di daftar
bala	bala
menangnya	menang nya
elektronik	elektronik
ekor	ekor
tanggap	tanggap
mengira	men kira
pengrusakan	pen rusak an
tumbuhan	tumbuh an
membekas	men bekas
perdananya	perdana nya
bernapas	ber napas
diputuskan	di putus kan
pagar	pagar
kritikan	kritik an
pemberkasan	pen berkas an
perakitan	pen rakit an
menko	menko
diserahi	di serah i
lobang	lobang
pedihnya	pedih nya
dipukul	di pukul
pengganti	pen ganti
merusakkannya	men rusak kan nya
poster	poster
pelanggan	pen langgan
dinamis	dinamis
peninjau	pen tinjau
bergejolak	ber gejolak
ucapannya	ucap an nya
peralihan	per alih an
tertatanya	ter tata nya
berjaga	ber jaga
ketetapan	ke tetap an
meter	meter
mengajari	men ajar i
sadar	sadar
nyawa	nyawa
sebanyak	se banyak
jeratan	jerat an
penerangan	pen terang an
mencukur	men cukur
menguat	men kuat
membetulkan	men betul kan
pengacau	pen kacau
diadakan	di ada kan
paruhnya	paruh nya
seindah	se indah
penyehatan	pen sehat an
disembuhkan	di sembuh kan
proyek	proyek
mendesentralisasikan	men desentralisasi kan
berdasar	ber dasar
anggrek	anggrek
sumatra	sumatra
panennya	panen nya
menyemprotkan	men semprot kan
menyiarkan	men siar kan
dilansir	di lansir
menyimpang	men simpang
menyentuhnya	men sentuh nya
dikritik	di kritik
arogan	arogan
susah	susah
pembenaran	pen benar an
triwulanan	triwulan an
balik	balik
bawakan	bawa kan
konsumen	konsumen
langkahnya	langkah nya
memproteksi	men proteksi
terpencil	terpencil
pengambilannya	pen ambil an nya
mengunjunginya	men kunjung i nya
sinarnya	sinar nya
bersentuhan	ber sentuh an
penghubung	pen hubung
dll	dll
mengefisienkan	men efisien kan
memasarkannya	men pasar kan nya
mainkan	main kan
sebutkan	sebut kan
berjajar	ber jajar
membelenggu	men belenggu
sampingan	samping an
kelam	kelam
penerbangan	pen terbang an
menggugah	men gugah
tahunan	tahun an
kriteria	kriteria
jarum	jarum
menghentikannya	men henti kan nya
artinya	arti nya
tergolong	ter golong
pengorganisasian	pen organisasi an
tempatmu	tempat mu
gali	gali
melangkah	men langkah
ikannya	ikan nya
memperbaharui	men baharu i
gubernur	gubernur
internasional	internasional
wisata	wisata
disisihkan	di sisih kan
diputus	di putus
disarankan	di saran kan
subkontrak	subkontrak
penopang	pen topang
usianya	usia nya
loncatan	loncat an
soal	soal
pengguliran	pen gulir an
renungkan	renung kan
pembicaraan	pen bicara an
tabung	tabung
musyawarah	musyawarah
penyebabnya	pen sebab nya
nyonya	nyonya
bicarakan	bicara kan
pemerintahan	pen perintah an
berpikirnya	ber pikir nya
bertumbuhnya	ber tumbuh nya
menancapkan	men tancap kan
mandi	mandi
persaudaraan	per saudara an
konfrontasi	konfrontasi
ruangnya	ruang nya
mengkonsolidasikan	men konsolidasi kan
legenda	legenda
bidikan	bidik an
dipatok	di patok
mereformasi	men reformasi
ciptaan	cipta an
menolak	men tolak
menguap	men uap
menghindar	men hindar
seadanya	se ada nya
rutin	rutin
pemuji	pen puji
mengusung	men usung
tersandung	ter sandung
merealokasikan	men realokasi kan
terjembatani	ter jembatan i
sembuh	sembuh
didedikasikan	di dedikasi kan
semesta	semesta
geografis	geografis
pertengkaran	per tengkar an
nasional	nasional
bernama	ber nama
tebangan	tebang an
membendung	men bendung
saluran	salur an
berpawai	ber pawai
merespons	men respons
utara	utara
maret	maret
wajah	wajah
bertetanggaan	ber tetangga an
padang	padang
musik	musik
penyerahan	pen serah an
salahnya	salah nya
ruang	ruang
didiknya	didik nya
cek	cek
diajukannya	di aju kan nya
menangkis	men tangkis
daunnya	daun nya
lapangan	lapang an
tikar	tikar
pemeliharaan	pen pelihara an
menghadiri	men hadir i
dewa	dewa
ditegaskan	di tegas kan
mendiktekan	men dikte kan
dikelilingi	di keliling i
memeluknya	men peluk nya
koper	koper
mengambilkan	men ambil kan
disimpan	di simpan
melanggankan	men langgan kan
menyucikan	men suci kan
diterbitkannya	di terbit kan nya
perserikatan	per serikat an
menghalau	men halau
menggantungkan	men gantung kan
teringat	ter ingat
fiskal	fiskal
mempersiapkannya	men siap kan nya
diinterogasi	di interogasi
dampak	dampak
terhampar	ter hampar
enaknya	enak nya
konflik	konflik
permohonannya	per mohon an nya
tembakan	tembak an
intensif	intensif
dipajang	di pajang
ditimpakan	di timpa kan
norwegia	norwegia
klien	klien
mengidentifikasikan	men identifikasi kan
pengapalan	pen kapal an
penggratisan	pen gratis an
menyetir	men setir
ilmiah	ilmiah
sabun	sabun
angkut	angkut
seksual	seksual
bodoh	bodoh
turnamen	turnamen
mengeluarkan	men keluar kan
berkendara	ber kendara
iri	iri
paradigma	paradigma
mangsa	mangsa
terpola	ter pola
terdepan	ter depan
mencapainya	men capai nya
ramai	ramai
surabaya	surabaya
bobot	bobot
kebun	kebun
pemeringkatan	pen peringkat an
terdistribusikan	ter distribusi kan
akuntabilitasnya	akuntabilitas nya
memimpin	men pimpin
harumnya	harum nya
penghinaan	pen hina an
karakter	karakteri
malaikat	malaikat
mendalam	men dalam
dikaruniakan	di karunia kan
mengobati	men obat i
indeks	indeks
merapi	men rapi
membuktikan	men bukti kan
jatuhkan	jatuh kan
berjumpa	ber jumpa
melemahkan	men lemah kan
hak	hak
berdekatan	ber dekat an
jahit	jahit
pemotongan	pen potong an
mendaftarkannya	men daftar kan nya
janji	janji
terserang	ter serang
penjajahan	pen jajah an
pengendali	pen kendali
mencetuskan	men cetus kan
dipetik	di petik
berbatasan	ber batas an
hewan	hewan
penjumlahan	pen jumlah an
menyuruh	men suruh
dijerumuskan	di jerumus kan
liberalisasi	liberalisasi
menyeluruh	menyeluruh
diolesi	di oles i
revolusi	revolusi
tercakup	ter cakup
membukakan	men buka kan
terkorup	ter korup
terbayar	ter bayar
kaleng	kaleng
mengijonkan	men ijon kan
semangat	semangat
lonjakan	lonjak an
jenderal	jenderal
penengah	pen tengah
vakum	vakum
membawa	men bawa
muslihat	muslihat
sepenting	se penting
merosotnya	merosot nya
disebutnya	di sebut nya
tempatnya	tempat nya
sintetis	sintetis
penuaan	pen tua an
terpancar	ter pancar
bersihkan	bersih kan
dipedulikan	di peduli kan
berkebalikan	ber ke balik an
mengasah	men asah
diarahkan	di arah kan
menunggu	men tunggu
diubahkan	di ubah kan
teriak	teriak
takaran	takar an
mendermakan	men derma kan
peninjauan	pen tinjau an
bobrok	bobrok
tatap	tatap
islam	islam
dinyatakannya	di nyata kan nya
antarbidang	antar bidang
pelajari	pelajar i
menjembatani	men jembatan i
ditata	di tata
buang	buang
kolam	kolam
pangeran	pangeran
dipindahkan	di pindah kan
jujur	jujur
merangkul	men rangkul
pintas	pintas
pendamping	pen damping
penguburan	pen kubur an
bakso	bakso
digerakkan	di gerak kan
terganggunya	ter ganggu nya
jabatan	jabat an
menetesnya	men tetes nya
serangkaian	se rangkaian
melantik	men lantik
dilibatkannya	di libat kan nya
kunjungan	kunjung an
mekanis	mekanis
saham	saham
jam	jam
tahunnya	tahun nya
santun	santun
dieksekusi	di eksekusi
berkarya	ber karya
tekun	tekun
bayangan	bayang an
luang	luang
melonjak	men lonjak
diserahkan	di serah kan
pesatnya	pesat nya
bawah	bawah
mungil	mungil
mengembara	men kembara
pemuatan	pen muat an
penghilang	pen hilang
balap	balap
tuduh	tuduh
pengunjung	pen kunjung
sedangkan	sedang kan
merogoh	men rogoh
tekad	tekad
daftarkan	daftar kan
meminati	men minat i
penggalian	pen gali an
tempuhnya	tempuh nya
cokelat	cokelat
lipat	lipat
jebol	jebol
mengabarkan	men kabar kan
tanamnya	tanam nya
geram	geram
kafir	kafir
berargumentasi	ber argumentasi
kukira	ku kira
meraup	men raup
hakekatnya	hakekat nya
dikenalnya	di kenal nya
berkebangsaan	ber ke bangsa an
bentuk	bentuk
iklannya	iklan nya
menerjang	men terjang
memperkaya	men kaya
dominasi	dominasi
mengikutsertakan	men ikutserta kan
memanipulasi	men manipulasi
melintasi	men lintas i
tujuannya	tuju an nya
arahan	arah an
parlemen	parlemen
mekanik	mekanik
sosial	sosial
terserak	ter serak
dihindarkan	di hindar kan
kehendak	kehendak
kreditnya	kredit nya
dicetuskan	di cetus kan
berkeliling	ber keliling
dagingnya	daging nya
bernada	ber nada
pemberantasan	pen berantas an
ciuman	cium an
dipublikasikan	di publikasi kan
bos	bos
peralatan	per alat an
mencatat	men catat
dipinjami	di pinjam i
ganjil	ganjil
klarifikasi	klarifikasi
memukuli	men pukul i
disebutkan	di sebut kan
sorot	sorot
selembar	se lembar
ganda	ganda
dicacah	di cacah
menginterupsi	men interupsi
topinya	top i nya
diperintahkan	di perintah kan
ramping	ramping
pelayanan	pen layan an
menghabiskannya	men habis kan nya
menghamparkan	men hampar kan
diredam	di redam
suara	suara
semisal	se misal
lengan	lengan
lupakan	lupa kan
diucapkan	di ucap kan
penganiaya	pen aniaya
menyapu	men sapu
meringankan	men ringan kan
alamat	alamat
mengakibatkan	men akibat kan
menyita	men sita
bimbang	bimbang
terdaftar	ter daftar
pembagian	pen bagi an
umum	umum
pelanggaran	pen langgar an
mengharapkannya	men harap kan nya
munculnya	muncul nya
perizinan	per izin an
pemantapan	pen mantap an
mengajarnya	men ajar nya
peritel	pen ritel
pengobatan	pen obat an
ujarnya	ujar nya
terlayani	ter layan i
menyekolahkan	men sekolah kan
program	program
perkaretan	per karet an
melampirkannya	men lampir kan nya
curang	curang
bertetangga	ber tetangga
digembalakan	di gembala kan
gilirannya	gilir an nya
leganya	lega nya
menyejukkan	men sejuk kan
muram	muram
mendalami	men dalam i
luka	luka
menyantap	men santap
persekolahan	per sekolah an
bidan	bidan
kehendaknya	kehendak nya
jemu	jemu
memburu	men buru
peluru	peluru
pendaftar	pen daftar
menginginkanku	men ingin kan ku
hambatan	hambat an
tidurku	tidur ku
besok	besok
terasing	ter asing
membedah	men bedah
konteks	konteks
diingatnya	di ingat nya
dikonsumsi	di konsumsi
mutunya	mutu nya
optimis	optimis
pembongkaran	pen bongkar an
tropis	tropis
mengirimi	men kirim i
menggapai	men gapai
selaras	selaras
membeberkan	men beber kan
membuatku	men buat ku
jurusan	jurus an
selisih	selisih
memastikan	men pasti kan
penggarap	pen garap
gelanggang	gelanggang
orde	orde
diperberat	di per berat
terlipat	ter lipat
pendistribusian	pen distribusi an
berpenumpang	ber pen tumpang
sebangsaku	se bangsa aku
asumsi	asumsi
memalsukan	men palsu kan
mesra	mesra
diembannya	di emban nya
dilibatkan	di libat kan
pemanfaat	pen manfaat
sempurnanya	sempurna nya
ketanggapan	ke tanggap an
makhluk	makhluk
kokoh	kokoh
parah	parah
dipamerkan	di pamer kan
penyampaiannya	pen sampai an nya
didalam	di dalam
turunnya	turun nya
penghujat	pen hujat
inovatif	inovatif
mengulangi	men ulang i
limpahan	limpah an
matinya	mati nya
identitas	identitas
sistem	sistem
pembalasan	pen balas an
sukacitanya	sukacita nya
ajakan	ajak an
sekunder	sekunder
silakan	silakan
diasosiasikan	di asosiasi kan
terhisap	ter hisap
terbelah	ter belah
dialokasikan	di alokasi kan
struktur	struktur
mengefektifkan	men efektif kan
terdekat	ter dekat
didelegasikan	di delegasi kan
kutukan	kutuk an
berpenghuni	ber pen huni
pemaksaan	pen paksa an
musuhnya	musuh nya
antisipasi	antisipasi
perolehannya	peroleh an nya
mengintai	men intai
mendapatkannya	men dapat kan nya
larangan	larang an
terutama	ter utama
gembala	gembala
pengambil	pen ambil
tergantikan	ter ganti kan
dimaknai	di makna i
peledak	pen ledak
terakhir	ter akhir
ketidaksesuaian	ke tidak sesuai an
ditulisnya	di tulis nya
brasil	brasil
sembunyikan	sembunyi kan
berdarah	ber darah
digital	digital
tetes	tetes
arang	arang
judi	judi
peminatnya	pen minat nya
terjangkit	ter jangkit
seikhlasnya	se ikhlas nya
mencarikan	men cari kan
bersorak	ber sorak
bersih	bersih
dampingan	damping an
digadaikan	di gadai kan
inci	inci
seberat	se berat
jurnal	jurnal
ukiran	ukir an
mempekerjakan	men pekerja kan
terperosok	terperosok
pembantaian	pen bantai an
pemain	pen main
sentuh	sentuh
pil	pil
memagari	men pagar i
sawahnya	sawah nya
didorong	di dorong
capai	capai
atmosfir	atmosfir
rekonstruksinya	rekonstruksi nya
pengarahan	pen arah an
menyembur	men sembur
pejabatnya	pejabat nya
disetujuinya	di setuju i nya
dirampungkan	di rampung kan
angkat	angkat
terhutang	ter hutang
afiliasi	afiliasi
survey	survey
memantulkan	men pantul kan
pemahaman	pen paham an
memandangi	men pandang i
grup	grup
lindung	lindung
ketidakseimbangan	ke tidak seimbang an
setianya	setia nya
seenaknya	se enak nya
produk	produk
ditekankan	di tekan kan
kebungkaman	ke bungkam an
verifikasi	verifikasi
memukul	men pukul
mengubur	men kubur
seefisien	se efisien
punah	punah
rona	rona
perhitungan	per hitung an
benda	benda
mengacaukan	men kacau kan
ketidaksuksesan	ke tidak sukses an
pembicara	pen bicara
keberadaan	keberadaan
nonusaha	non usaha
menembakkan	men tembak kan
deklarasi	deklarasi
alokasinya	alokasi nya
memilihkan	men pilih kan
kuba	kuba
rupiah	rupiah
diperkirakan	di per kira kan
penganyam	pen anyam
beroperasi	ber operasi
cerminan	cermin an
tehnya	teh nya
mendokumentasi	men dokumentasi
tempat	tempat
mekaniknya	mekanik nya
melodi	melodi
pengamatan	pengamat an
distribusi	distribusi
kunci	kunci
nonfisik	non fisik
bongkar	bongkar
searah	se arah
mengelak	men elak
menghapusnya	men hapus nya
beragamnya	ber ragam nya
bergegas	ber gegas
menyingsingkan	men singsing kan
ikutannya	ikut an nya
menguduskan	men kudus kan
antusiasmenya	antusiasme nya
kepingan	keping an
diselenggarakan	di selenggara kan
penginjilannya	pen injil an nya
navigasi	navigasi
hakim	hakim
diatasi	di atas i
terseleksi	ter seleksi
pengorbanan	pen korban an
disalurkan	di salur kan
antarkelompok	antar kelompok
pemilih	pen pilih
ikat	ikat
melaksanakannya	men laksana kan nya
menggelapkan	men gelap kan
kering	kering
membelanjakannya	men belanja kan nya
tempati	tempat i
paksa	paksa
alumninya	alumni nya
motivasi	motivasi
penyuluh	pen suluh
pikir	pikir
penunjukan	pen tunjuk an
memanennya	men panen nya
petani	petani
duta	duta
penitipan	pen titip an
dipenjarakan	di penjara kan
dianjurkan	di anjur kan
pungut	pungut
perahunya	perahu nya
tuju	tuju
kristal	kristal
membutuhkannya	men butuh kan nya
sanksi	sanksi
diakuinya	di aku i nya
mempelajari	men pelajar i
memperkarakan	men perkara kan
buta	buta
madu	madu
semapan	se mapan
terompet	terompet
menindaklanjutinya	men tindaklanjut i nya
kumulatif	kumulatif
ras	ras
terhenti	ter henti
bandara	bandara
bermainnya	ber main nya
bersiul	ber siul
diseret	di seret
akibatkan	akibat kan
jarinya	jari nya
mengawasinya	men awas i nya
dipicu	di picu
pengering	pen kering
tampungnya	tampung nya
mengalirnya	men alir nya
bergunanya	ber guna nya
dihargai	di harga i
buka	buka
penyimpangan	pen simpang an
lurus	lurus
interpretasi	interpretasi
dimintai	di minta i
pelayannya	pen layan nya
memperkecil	men kecil
memeriksakan	men periksa kan
privasinya	privasi nya
penjelajahan	pen jelajah an
penindasan	pen tindas an
berakibat	ber akibat
pendarahan	pen darah an
gereja	gereja
sisi	sisi
romantis	romantis
cakupannya	cakup an nya
mengutamakan	men utama kan
didapatkannya	di dapat kan nya
bersamaku	ber sama aku
rahasia	rahasia
untungnya	untung nya
perempuannya	perempuan nya
kaos	kaos
tongkat	tongkat
bisikan	bisik an
gunting	gunting
bertanya	ber tanya
memperebutkan	men rebut kan
berpemerintahan	ber pen perintah an
terancam	ter ancam
menggendong	men gendong
riset	riset
topeng	topeng
harap	harap
pemantauannya	pen pantau an nya
sejumput	se jumput
saing	saing
mengukurkan	men ukur kan
direndahkan	di rendah kan
menghiraukan	men hirau kan
berlutut	ber lutut
merinci	men rinci
peristiwa	peristiwa
kala	kala
definisinya	definisi nya
menganggarkan	men anggar kan
pengajuan	pen aju an
berkepanjangan	ber ke panjang an
ilmuwan	ilmu wan
mendiskriminasi	men diskriminasi
terpandai	ter pandai
alur	alur
acak	acak
berburu	ber buru
dijawab	di jawab
kebangkitan	ke bangkit an
baitul	baitul
menantu	menantu
laju	laju
merealisasikan	men realisasi kan
menukar	men tukar
tentaranya	tentara nya
sangkakala	sangkakala
dikompromikan	di kompromi kan
imbangannya	imbang an nya
arus	arus
tambaknya	tambak nya
mengelabui	men kelabui
penerbitan	pen terbit an
menentukan	men tentu kan
perbuatanmu	per buat an mu
berbiaya	ber biaya
beraksi	ber aksi
profesionalismenya	profesionalisme nya
disesatkan	di sesat kan
ditabungkan	di tabung kan
bermunculan	ber muncul an
diverifikasi	di verifikasi
sayur	sayur
nenek	nenek
prosedurnya	prosedur nya
iman	iman
dek	dek
bunyinya	bunyi nya
penghasilan	pen hasil an
penelaahan	pen telaah an
diulas	di ulas
berharganya	ber harga nya
kombinasi	kombinasi
meluruskan	men lurus kan
berbohong	ber bohong
istilah	istilah
menyepakatinya	men sepakat i nya
dibunuh	di bunuh
pembobolan	pen bobol an
cerai	cerai
membuatmu	men buat mu
melihatnya	men lihat nya
akut	akut
dicabut	di cabut
tetapnya	tetap nya
penuntut	pen tuntut
diwawancarai	di wawancara i
pemberiannya	pen beri an nya
asistennya	asisten nya
mengevakuasi	men evakuasi
jumlahnya	jumlah nya
anggotanya	anggota nya
terhalangi	ter halang i
berlandaskan	ber landas kan
seksama	seksama
bernyanyi	ber nyanyi
klorofil	klorofil
nutrisinya	nutrisi nya
hal	hal
modifikasi	modifikasi
mertua	mertua
lekat	lekat
sahabat	sahabat
diadopsi	di adopsi
armada	armada
diseberangi	di seberang i
manajer	manajer
ditenderkan	di tender kan
bertingkat	ber tingkat
ketinggalan	ke tinggal an
memusyawarahkannya	men musyawarah kan nya
membunuh	men bunuh
berlangsungnya	ber langsung nya
congkak	congkak
mengikat	men ikat
menyesal	men sesal
teriakku	teriak ku
denyut	denyut
pemalsu	pen palsu
lensa	lensa
kandang	kandang
menyelidiki	men selidik i
restorasi	restorasi
pemisah	pen pisah
memulihkannya	men pulih kan nya
merasuk	men rasuk
pembacanya	pen baca nya
meluncur	men luncur
pematang	pen matang
bangsanya	bangsa nya
terjawab	ter jawab
tersadar	ter sadar
dorongan	dorong an
diteladankan	di teladan kan
dukunnya	dukun nya
rawan	rawan
tagih	tagih
proposal	proposal
efektifnya	efektif nya
mengumpat	men umpat
besoknya	besok nya
pinjamannya	pinjam an nya
pelindungnya	pen lindung nya
terinformasi	ter informasi
maraton	maraton
berjanji	ber janji
mengenalkan	men kenal kan
penelitiannya	pen teliti an nya
kredibilitas	kredibilitas
pencuci	pen cuci
nasib	nasib
ajaranmu	ajar an mu
menyiapkan	men siap kan
nyatakan	nyata kan
makanan	makan an
benaknya	benak nya
memikirkannya	men pikir kan nya
bawahannya	bawah an nya
disetor	di setor
dilahirkan	di lahir kan
upacara	upacara
antarjenis	antar jenis
ditanamkan	di tanam kan
menyebutkan	men sebut kan
penyangga	pen sangga
membaik	men baik
masuknya	masuk nya
musiman	musim an
menginduk	men induk
berwenang	ber wenang
perekat	pen rekat
baru	baru
berlainan	ber lain an
penyaringan	pen saring an
wewenangnya	wewenang nya
brutonya	bruto nya
menunjuk	men tunjuk
bunga	bunga
setara	setara
legislatif	legislatif
bersembunyi	ber sembunyi
bidangnya	bidang nya
jawabnya	jawab nya
jenewa	jenewa
penjual	pen jual
komoditas	komoditas
kecurigaan	ke curiga an
berbincang	ber bincang
warganegara	warganegara
mencukupi	men cukup i
pengalengan	pen kaleng an
perkoperasian	per koperasi an
ditemani	di teman i
perawatannya	pen rawat an nya
berintegritas	ber integritas
ditelanjangi	di telanjang i
mengulurkan	men ulur kan
diapit	di apit
pengasingan	pen asing an
tongkatnya	tongkat nya
aduannya	adu an nya
lambatnya	lambat nya
aktifnya	aktif nya
berbalik	ber balik
melaju	men laju
perwira	perwira
pertumbuhan	per tumbuh an
luapan	luap an
bertanding	ber tanding
malam	malam
mengkritik	men kritik
beasiswa	beasiswa
mengeraskan	men keras kan
prihatin	prihatin
putra	putra
implementasinya	implementasi nya
bergemuruh	ber gemuruh
bersekolah	ber sekolah
letusannya	letus an nya
menghilangnya	men hilang nya
terguncang	ter guncang
allahku	allah ku
tindakan	tindak an
basis	basis
pesona	pesona
terjerat	ter jerat
tektonik	tektonik
sampel	sampel
penjahit	pen jahit
berorganisasi	ber organisasi
meniadakan	men tiada kan
oposisi	oposisi
menyukseskan	men sukses kan
lokalnya	lokal nya
hadapanku	hadap an ku
dimuliakan	di mulia kan
praktisnya	praktis nya
dipikirkan	di pikir kan
diklasifikasi	di klasifikasi
ibu	ibu
dayanya	daya nya
bermurah	ber murah
pengawas	pen awas
internal	internal
bis	bis
bernaung	ber naung
stratanya	strata nya
layanan	layan an
pemanfaatnya	pen manfaat nya
biji	biji
hilang	hilang
raya	raya
mahalnya	mahal nya
publikasi	publikasi
sertifikat	sertifikat
kunjungi	kunjung i
berbukit	ber bukit
swedia	swedia
seks	seks
penggandaan	pen ganda an
berkala	ber kala
menyesuaikan	men sesuai kan
sabet	sabet
caranya	cara nya
ditayangkan	di tayang kan
sana	sana
penegasan	pen tegas an
diperkenankan	di per kenan kan
memfasilitas	men fasilitas
karakternya	karakteri nya
bising	bising
disiapkan	di siap kan
melawan	men lawan
penarik	pen tarik
sungai	sungai
hambatannya	hambat an nya
tertimpa	ter timpa
cepat	cepat
membelakangi	men belakang i
diasuransikan	di asuransi kan
menonjolkan	men tonjol kan
biarkan	biar kan
menuduh	men tuduh
pelatih	pen latih
bank	bank
menaati	men taat i
momen	momen
senjatanya	senjata nya
menjawabnya	men jawab nya
kawin	kawin
tersentak	ter sentak
impiannya	impian nya
bersalin	ber salin
prakarsa	prakarsa
berkorban	ber korban
mengukuhkan	men kukuh kan
bersemayam	ber semayam
dilalui	di lalu i
separuh	se paruh
tertulis	ter tulis
menyangkali	men sangkal i
santri	santri
balita	balita
tahapan	tahap an
berpaut	ber paut
sesampainya	se sampai nya
isapan	isap an
obsesi	obsesi
memberikan	men beri kan
terkelompok	ter kelompok
meledak	men ledak
menggunting	men gunting
dihakimi	di hakim i
diamanatkan	di amanat kan
naungan	naung an
kehadirannya	ke hadir an nya
pakaian	pakai an
kurs	kurs
menyusun	men susun
bergelar	ber gelar
apartemen	apartemen
permasalahan	per masalah an
sebidang	se bidang
amanat	amanat
berujung	ber ujung
otoritas	otoritas
selasa	selasa
kehendakku	kehendak ku
taksir	taksir
cacat	cacat
disegarkan	di segar kan
disamai	di sama i
hiasan	hias an
ditetapkannya	di tetap kan nya
berbekal	ber bekal
dideskripsikan	di deskripsi kan
dipimpin	di pimpin
berdetak	ber detak
merindukan	men rindu kan
mentari	mentari
nontunai	nontunai
steril	steril
ditempelkan	di tempel kan
keikutsertaan	ke ikutserta an
berperang	ber perang
mempekerjakannya	men pekerja kan nya
efektivitas	efektivitas
persamaan	per sama an
usah	usah
sipil	sipil
dituliskan	di tulis kan
keluarnya	keluar nya
pembimbing	pen bimbing
penetapan	pen tetap an
memediasi	men mediasi
melebihkan	men lebih kan
renovasinya	renovasi nya
devisa	devisa
pencurian	pen curi an
koperasinya	koperasi nya
penyambutan	pen sambut an
antarpasangan	antar pasang an
tragis	tragis
profil	profil
mengkomunikasikannya	men komunikasi kan nya
pertambangan	per tambang an
lalai	lalai
membagikannya	men bagi kan nya
pengaturnya	pen atur nya
dituju	di tuju
cobakan	coba kan
berangsur	ber angsur
sejenisnya	se jenis nya
ahli	ahli
pengambilalihan	pen ambilalih an
terganggu	ter ganggu
pergunungan	per gunung an
ditoleransi	di toleransi
terbaring	ter baring
pemasok	pen pasok
jamak	jamak
akumulasi	akumulasi
mendayagunakan	men dayaguna kan
catatan	catat an
enggannya	enggan nya
independent	independent
subjektivitas	subjektivitas
berlindung	ber lindung
penyediaan	pen sedia an
terintimidasi	ter intimidasi
bebuyutan	bebuyutan
pertunjukannya	per tunjuk an nya
jawabku	jawab ku
konstituen	konstituen
berkawan	ber kawan
diembankan	di emban kan
tersingkat	ter singkat
buruannya	buru an nya
pemboman	pen bom an
pendiri	pen diri
berkebun	ber kebun
gelandangan	gelandang an
mulia	mulia
dipertimbangkan	di per timbang kan
kartunya	kartu nya
tunangan	tunang an
tidurnya	tidur nya
corak	corak
dikuburkan	di kubur kan
dianggap	di anggap
bersamanya	ber sama nya
penyatuan	pen satu an
berjubahkan	ber jubah kan
mejanya	meja nya
beresiko	ber resiko
sertifikatnya	sertifikat nya
sumbangan	sumbang an
diminimalkan	di minimal kan
diterjunkan	di terjun kan
bernoda	ber noda
bergelut	ber gelut
usahakan	usaha kan
menggenapi	men genap i
berjauhan	ber jauh an
bibit	bibit
berpegang	ber pegang
bakar	bakar
penghitungan	pen hitung an
pipa	pipa
barangnya	barang nya
hutan	hutan
penyayang	pen sayang
didasari	di dasar i
pengeringan	pen kering an
mengantarnya	men antar nya
jahat	jahat
legitimasi	legitimasi
mengarah	men arah
remaja	remaja
menjawab	men jawab
irigasi	irigasi
menginvestasikannya	men investasi kan nya
menuntun	men tuntun
tergabung	ter gabung
enumerasi	enumerasi
menyiarkannya	men siar kan nya
judul	judul
selera	selera
cela	cela
bahkan	bah kan
modul	modul
menyombongkan	men sombong kan
strata	strata
minim	minim
berbasiskan	ber basis kan
difokuskan	di fokus kan
menentang	men tentang
dusunnya	dusun nya
kawanan	kawan an
sumbernya	sumber nya
memucat	men pucat
bertanda	ber tanda
mencela	men cela
kemasan	kemas an
korupsi	korupsi
resep	resep
dikoordinir	di koordinir
desain	desain
dikurangi	di kurang i
menerus	men terus
bermuatan	ber muat an
mengaksesnya	men akses nya
prospek	prospek
negarawan	negara wan
anu	anu
tertempel	ter tempel
terendah	ter rendah
diterlantarkan	di terlantar kan
beranggaran	ber anggar an
dicari	di cari
noda	noda
babakan	babak an
perumusan	pen rumus an
makam	makam
mengingatmu	men ingat mu
mengabaikan	men abai kan
wawasannya	wawasan nya
pengambilan	pen ambil an
angin	angin
antardusun	antar dusun
mengirimnya	men kirim nya
kostum	kostum
gawang	gawang
punggung	punggung
kontroversial	kontroversial
mengikuti	men ikut i
ranjang	ranjang
dikombinasikan	di kombinasi kan
induk	induk
penuntasan	pen tuntas an
salam	salam
gencar	gencar
kutuju	ku tuju
kagum	kagum
kerasukan	ke rasuk an
berlumur	ber lumur
gunung	gunung
diganti	di ganti
demonstran	demonstran
bidikannya	bidik an nya
penggaduhan	pen gaduh an
agresif	agresif
dijaga	di jaga
danau	danau
ditabur	di tabur
melontarkan	men lontar kan
terjaminnya	ter jamin nya
mencirikan	men ciri kan
beda	beda
pendapat	pen dapat
peti	peti
rumahnya	rumah nya
mendaratkannya	men darat kan nya
ui	ui
salehnya	saleh nya
gigitan	gigit an
memedomani	men pedoman i
kayu	kayu
teks	teks
mengosongkannya	men kosong kan nya
traktor	traktor
proyeknya	proyek nya
terdefinisi	ter definisi
napasnya	napas nya
memperlemah	men lemah
wilayahnya	wilayah nya
mengasari	men kasar i
dinding	dinding
mengunci	men kunci
sepoi	sepoi
menandingi	men tanding i
kepalamu	kepala mu
lembut	lembut
diliputi	di liput i
diaksesnya	di akses nya
keberadaannya	keberadaan nya
pesertanya	peserta nya
keluh	keluh
kuperintahkan	ku perintah kan
kira	kira
ampuh	ampuh
direktur	direktur
kandungannya	kandung an nya
menyadarkan	men sadar kan
sibuk	sibuk
diterus	di terus
berakar	ber akar
turbin	turbin
membacanya	men baca nya
melenyapkan	men lenyap kan
penasihat	penasihat
ia	ia
rinci	rinci
menarifkan	men tarif kan
peranakan	per anak an
diacuhkan	di acuh kan
dituangkan	di tuang kan
ambivalen	ambivalen
tambak	tambak
bervariasi	ber variasi
mengizinkan	men izin kan
pendanaannya	pen dana an nya
mengapung	men apung
terpana	terpana
korupsinya	korupsi nya
matiku	mati ku
pukulan	pukul an
serinci	se rinci
ditahan	di tahan
merawatnya	men rawat nya
pencarian	pen cari an
penjahat	pen jahat
didiagnosis	di diagnosis
tumpuan	tumpu an
domba	domba
koalisi	koalisi
berasal	ber asal
selepas	se lepas
pajak	pajak
pengeluarannya	pen keluar an nya
penerima	pen terima
katalis	katalis
saldo	saldo
ketahanan	ke tahan an
teologiku	teologi ku
mikroskop	mikroskop
tanamkan	tanam kan
keriput	keriput
misterius	misterius
kuota	kuota
dicapai	di capai
selesaikan	selesai kan
vertikal	vertikal
antikemiskinan	anti ke miskin an
luas	luas
galangan	galang an
sapu	sapu
dokumenter	dokumenter
penyelundupan	pen selundup an
tampil	tampil
bersukacita	ber sukacita
fitnah	fitnah
mengangkut	men angkut
mengalokasi	men alokasi
mengagendakan	men agenda kan
perancangan	pen rancang an
dampaknya	dampak nya
sukacitaku	sukacita aku
menghentikan	men henti kan
dunianya	dunia nya
diakomodasi	di akomodasi
dimandatkan	di mandat kan
berafiliasi	ber afiliasi
menyumbangkan	men sumbang kan
membuatnya	men buat nya
pengatur	pen atur
menandakan	men tanda kan
upahan	upah an
sini	sini
nafsu	nafsu
murah	murah
spesifik	spesifik
kuhadapi	ku hadap i
presiden	presiden
berharap	ber harap
telpon	telpon
tertawaan	ter tawa an
bertransaksi	ber transaksi
berotak	ber otak
pulangnya	pulang nya
meluap	men luap
penanggulangan	pen tanggulang an
habitat	habitat
wujud	wujud
ketidakkonsistenan	ke tidak konsisten an
sekretaris	sekretaris
peregangan	pen regang an
pakai	pakai
teguran	tegur an
profesionalnya	profesional nya
identik	identik
kilang	kilang
retak	retak
hipotesis	hipotesis
naiknya	naik nya
tersulit	ter sulit
damaskus	damaskus
pembantuan	pen bantu an
meletusnya	men letus nya
dinasehati	di nasehat i
mengalihkan	men alih kan
meninggalkan	men tinggal kan
membakar	men bakar
dimuntahkan	di muntah kan
ditepati	di tepat i
mengajak	men ajak
singa	singa
ditampar	di tampar
penetapannya	pen tetap an nya
memutakhirkan	men mutakhir kan
benua	benua
inflasi	inflasi
pangkalan	pangkal an
pembuat	pen buat
daun	daun
dijanjikan	di janji kan
sirip	sirip
teragung	ter agung
pendiam	pen diam
diadaptasi	di adaptasi
berendam	ber rendam
kiriman	kirim an
cengkeraman	cengkeram an
kredibel	kredibel
menyambut	men sambut
globalisasi	globalisasi
menggemparkan	men gempar kan
artis	artis
mendaftar	men daftar
uangnya	uang nya
melingkupi	men lingkup i
antarpemangku	antar pen pangku
validitas	validitas
lambat	lambat
dibaharui	di baharu i
dikehendaki	di kehendak i
lembah	lembah
pengungsian	pen ungsi an
dikenakannya	di kena kan nya
pengalih	pen alih
dinasnya	dinas nya
pengejaran	pen kejar an
berpindahnya	ber pindah nya
kereta	kereta
lebah	lebah
konservatif	konservatif
pembuatnya	pen buat nya
gratis	gratis
pemanfaatannya	pen manfaat an nya
arkeologi	arkeologi
sejawatnya	se jawat nya
menghindari	men hindar i
membangkitkanku	men bangkit kan ku
komentar	komentar
menjurus	men jurus
cabang	cabang
kabel	kabel
penting	penting
menyalahi	men salah i
pelikan	pelik an
motif	motif
menginvestigasi	men investigasi
didefinisikan	di definisi kan
ditunjukan	di tunjuk an
membasahi	men basah i
menganyam	men anyam
bulunya	bulu nya
diketik	di ketik
istana	istana
berkumpul	ber kumpul
beraneka	ber aneka
dikepalai	di kepala i
sabuk	sabuk
giat	giat
arena	arena
pencapaian	pen capai an
genggam	genggam
bertekun	ber tekun
membenci	men benci
sayangnya	sayang nya
rute	rute
pelengkap	pen lengkap
berhikmat	ber hikmat
mendorongnya	men dorong nya
mekar	mekar
kecil	kecil
manajemen	manajemen
otomatis	otomatis
bersumber	ber sumber
adaptasi	adaptasi
menjerat	men jerat
bernuansa	ber nuansa
mengatasi	men atas i
disentuh	di sentuh
rp	rp
menjulang	men julang
mengatakan	men kata kan
prancis	prancis
disodorkan	di sodor kan
memenangi	men menang i
hunian	huni an
aturan	atur an
komentarnya	komentar nya
menilik	men tilik
adat	adat
penyebab	pen sebab
diberi	di beri
menegangkan	men tegang kan
memanggang	men panggang
nontarif	non tarif
narkotika	narkotika
sukunya	suku nya
pemborosan	pen boros an
didekatnya	di dekat nya
pembina	pen bina
menyuarakan	men suara kan
surat	surat
memotong	men potong
diperbudak	di per budak
terpisahkan	ter pisah kan
pemilihan	pen pilih an
rudal	rudal
investasi	investasi
lumpuh	lumpuh
memproyeksikan	men proyeksi kan
mencairkan	men cair kan
penderitaan	pen derita an
memegang	men pegang
ayat	ayat
warisan	waris an
menggemakan	men gema kan
pengurusnya	pen urus nya
tekstil	tekstil
pisaunya	pisau nya
pengunjuk	pen unjuk
membereskan	men beres kan
klasifikasi	klasifikasi
berimplikasi	ber implikasi
dikonfirmasikan	di konfirmasi kan
beragam	ber ragam
pendesentralisasian	pen desentralisasi an
intens	intens
marinir	marinir
tersajikan	ter saji kan
mengungkapkan	men ungkap kan
administratif	administratif
nasabah	nasabah
wabah	wabah
menyarankan	men saran kan
memuat	men muat
pencakar	pen cakar
selisihnya	selisih nya
mertuanya	mertua nya
abstrak	abstrak
pas	pas
medan	medan
kagumi	kagum i
kekeliruan	ke keliru an
terselubung	ter selubung
keterlibatannya	ke terlibat an nya
geluti	gelut i
cairan	cair an
mabuk	mabuk
tumbuh	tumbuh
distributor	distributor
kontes	kontes
jarangnya	jarang nya
menerkam	men terkam
diimplementasikan	di implementasi kan
musium	musium
tuhan	tuhan
skotlandia	skotlandia
fotokopinya	fotokopi nya
memerlukannya	men perlu kan nya
membusuk	men busuk
memanjakan	men manja kan
bertatap	ber tatap
dilacak	di lacak
diperkuat	di per kuat
bakan	bak an
menggunakannya	men guna kan nya
sebut	sebut
pengumuman	pen umum an
muda	muda
memicu	men picu
tiketnya	tiket nya
menginginkanmu	men ingin kan mu
hindari	hindar i
kulkas	kulkas
dinamakan	di nama kan
terdokumentasi	ter dokumentasi
berbuat	ber buat
pasokan	pasok an
mengutuknya	men kutuk nya
enak	enak
memanggil	men panggil
gugur	gugur
tampilkan	tampil kan
mengorban	men korban
topik	topik
dimainkan	di main kan
berdinas	ber dinas
diperbuat	di per buat
mengutip	men kutip
insya	insya
risikonya	risiko nya
diukur	di ukur
menjadwal	men jadwal
berasumsi	ber asumsi
simak	simak
enggan	enggan
penyelaras	pen selaras
pendelegasian	pen delegasi an
konstitusi	konstitusi
volumenya	volume nya
rakyat	rakyat
bloknya	blok nya
pujikan	puji kan
berguna	ber guna
dikasihinya	di kasih i nya
antarkepala	antar kepala
mudanya	muda nya
terbenamnya	ter benam nya
bungkusnya	bungkus nya
film	film
kualitasnya	kualitas nya
fajar	fajar
mengagungkan	men agung kan
disajikan	di saji kan
pemasaran	pen pasar an
seismik	seismik
umumkan	umum kan
gusar	gusar
dilanggar	di langgar
menanggung	men tanggung
terpetakan	ter peta kan
meksiko	meksiko
menggelegar	men gelegar
diusung	di usung
meriamnya	meriam nya
meneliti	men teliti
beranggotakan	ber anggota kan
dikatakan	di kata kan
besaran	besar an
faktanya	fakta nya
perkampungan	per kampung an
meluas	men luas
penguatan	pen kuat an
langgengnya	langgeng nya
arif	arif
kolega	kolega
dititipkan	di titip kan
lanjutnya	lanjut nya
olahraga	olahraga
ratusan	ratus an
pengurutan	pen urut an
akhir	akhir
ditetapkan	di tetap kan
substansinya	substansi nya
areal	areal
penyuluhan	pen suluh an
goyang	goyang
mengirimkan	men kirim kan
bawaan	bawa an
dicurahkannya	di curah kan nya
berantai	ber rantai
plastik	plastik
kreativitas	kreativitas
perdamaian	per damai an
penyisihan	pen sisih an
harun	harun
tersingkir	ter singkir
negeri	negeri
antarpemerintahan	antar pen perintah an
berkompetisi	ber kompetisi
mengencangkan	men kencang kan
membuang	men buang
anemia	anemia
pungli	pungli
penyebarluasan	pen sebarluas an
moral	moral
segar	segar
faktor	faktor
luput	luput
berkarier	ber karier
nada	nada
ditransaksikan	di transaksi kan
intensitas	intensitas
magnetis	magnetis
menyibak	men sibak
kamp	kamp
konteksnya	konteks nya
bumi	bumi
menyamai	men sama i
bahagia	bahagia
ditaburkan	di tabur kan
akad	akad
abu	abu
relatifnya	relatif nya
integrasi	integrasi
lompatan	lompat an
tetapkan	tetap kan
budaknya	budak nya
keran	keran
refleksi	refleksi
setapak	se tapak
ternama	ter nama
janda	janda
penerjemah	pen terjemah
menggugahnya	men gugah nya
pembayaran	pen bayar an
dampingannya	damping an nya
memasukannya	men pasukan nya
memandang	men pandang
wajan	wajan
ditiadakan	di tiada kan
spesialis	spesialis
disyukuri	di syukuri
pemblokiran	pen blokir an
mengenang	men kenang
warisnya	waris nya
antariksa	antariksa
bidang	bidang
pelihara	pelihara
mencairnya	men cair nya
dipikirnya	di pikir nya
berlimpahnya	ber limpah nya
pasangan	pasang an
bersandar	ber sandar
ambisi	ambisi
enumerasinya	enumerasi nya
server	server
menguasai	men kuasa i
pencabutan	pen cabut an
muslimah	muslimah
dilimpahkan	di limpah kan
pengembara	pen kembara
berjiwa	ber jiwa
konkrit	konkrit
terbukti	ter bukti
penggelapan	pen gelap an
menulisnya	men tulis nya
membicarakannya	men bicara kan nya
tangani	tangan i
klip	klip
dekat	dekat
pengurusannya	pen urus an nya
menerjemahkan	men terjemah kan
menamainya	men nama i nya
mengoleksi	men koleksi
stres	stres
dibebaskan	di bebas kan
blok	blok
mulutnya	mulut nya
mendarat	men darat
dipersempit	di per sempit
universitas	universitas
mengungsi	men ungsi
tersendat	tersendat
melanjutkannya	men lanjut kan nya
keinginan	ke ingin an
penyiar	pen siar
diperingan	di per ringan
tengkorak	tengkorak
simpan	simpan
pendanaan	pen dana an
tercengang	ter cengang
darahku	darah ku
kompromi	kompromi
dirinci	di rinci
sedihan	sedih an
dialihkan	di alih kan
hanyut	hanyut
kupelajari	ku pelajar i
namanya	nama nya
masuk	masuk
kokpitnya	kokpit nya
tandatangani	tandatangan i
terkesan	ter kesan
ketidaksetiaan	ke tidak setia an
kuduskan	kudus kan
menyisihkan	men sisih kan
orientasi	orientasi
berkemampuan	ber ke mampu an
terbitan	terbit an
pertanyaan	per tanya an
saji	saji
pendirian	pen diri an
polandia	polandia
perijinan	per ijin an
huruf	huruf
berangin	ber angin
disuntik	di suntik
berkesempatan	ber kesempatan
pendahuluan	pendahulu an
merepresentasikan	men representasi kan
ditempat	di tempat
jauhkan	jauh kan
pengertian	pengertian
berandil	ber andil
buruh	buruh
rusak	rusak
dimotori	di motor i
dinikahkan	di nikah kan
mahasiswa	mahasiswa
berpuasa	ber puasa
penyalurannya	pen salur an nya
cukupi	cukup i
menyingkap	men singkap
menyenangkan	men senang kan
menggantinya	men ganti nya
sangka	sangka
melindungi	men lindung i
kesan	kesan
pribadi	pribadi
usahanya	usaha nya
kasi	kas i
jurnalisme	jurnalisme
mantan	mantan
usia	usia
dikonsentrasikan	di konsentrasi kan
dananya	dana nya
perbuatan	per buat an
rohaninya	rohani nya
hangus	hangus
mendua	men dua
samudera	samudera
disetorkan	di setor kan
solidaritas	solidaritas
membatasi	men batas i
digodok	di godok
pembekalan	pen bekal an
menyusui	men susu i
malapetaka	malapetaka
pemasoknya	pen pasok nya
yusuf	yusuf
diekspor	di ekspor
sumur	sumur
suami	suami
mengungkapkannya	men ungkap kan nya
disadarkan	di sadar kan
mengingat	men ingat
kerabat	kerabat
penggembalaan	pen gembala an
upayanya	upaya nya
pasta	pasta
disiasati	di siasat i
tenda	tenda
dimata	di mata
sesamaku	se sama aku
relatif	relatif
teralihkan	ter alih kan
terbelenggu	ter belenggu
simpulan	simpul an
rasial	rasial
camat	camat
terkonsolidasi	ter konsolidasi
dibentuk	di bentuk
dihapuskan	di hapus kan
dipanen	di panen
imam	imam
diskusi	diskusi
cerita	cerita
sesi	sesi
ditentang	di tentang
penolong	pen tolong
alat	alat
peninggalan	pen tinggal an
diramalkan	di ramal kan
manufaktur	manufaktur
kedatangan	ke datang an
sampan	sampan
pembiayaannya	pen biaya an nya
menumpuk	men tumpuk
disangkal	di sangkal
dibuktikan	di bukti kan
jenisnya	jenis nya
mempesona	men pesona
memperkokoh	men kokoh
merangsang	men rangsang
telingamu	telinga mu
mengoyakkan	men koyak kan
berawak	ber awak
survei	survei
pendapatannya	pen dapat an nya
terorganisasi	ter organisasi
menebarkan	men tebar kan
terlama	ter lama
gantungan	gantung an
raih	raih
dilema	dilema
ri	ri
kasihnya	kasih nya
ramah	ramah
merintis	men rintis
terinfeksi	ter infeksi
belakang	belakang
tolong	tolong
mengontrakkan	men kontrak kan
beradik	ber adik
skenario	skenario
peta	peta
retribusinya	retribusi nya
memekakkan	men pekak kan
merenggut	men renggut
sayuran	sayur an
aktor	aktor
konsolidasi	konsolidasi
meratap	men ratap
menghitung	men hitung
polanya	pola nya
merajalela	men rajalela
berseberangan	ber seberang an
disebut	di sebut
didampingi	di damping i
kipas	kipas
terpisah	ter pisah
tuan	tuan
mengarahkannya	men arah kan nya
ketidaksanggupan	ke tidak sanggup an
studinya	studi nya
ditanyakan	di tanya kan
interaksi	interaksi
tani	tani
tangkap	tangkap
mencocokkannya	men cocok kan nya
dibungakan	di bunga kan
pertanahan	per tanah an
iblis	iblis
timur	timur
peroleh	peroleh
jeda	jeda
menjajaki	men jajak i
menggoyahkan	men goyah kan
kuno	kuno
secangkir	se cangkir
mempertahankan	men tahan kan
penertiban	pen tertib an
dikumpulkan	di kumpul kan
menikahinya	men nikah i nya
antarmitra	antar mitra
kurangi	kurang i
informasinya	informasi nya
debutnya	debut nya
perlawanan	per lawan an
apik	apik
pelarangan	pen larang an
berkampanye	ber kampanye
kucingnya	kucing nya
menganugerahkan	men anugerah kan
tahanan	tahan an
jadwalnya	jadwal nya
memulangkan	men pulang kan
bertambah	ber tambah
diperiksa	di periksa
mengutarakan	men utara kan
bertempat	ber tempat
mencuri	men curi
erat	erat
suram	suram
asi	as i
pemberdayaannya	pemberdayaan nya
emosionalnya	emosional nya
peliharaannya	pelihara an nya
kampanyenya	kampanye nya
mengoleskan	men oles kan
pembubaran	pen bubar an
kakinya	kaki nya
wilayah	wilayah
meninggikan	men tinggi kan
indahnya	indah nya
timbunan	timbun an
menjual	men jual
kedipan	kedip an
lontarkan	lontar kan
tradisionalnya	tradisional nya
mengagumi	men kagum i
ucapkan	ucap kan
penakut	pen takut
hangat	hangat
pelempar	pen lempar
saudaraku	saudara aku
