fachreferentin	fachreferent in
rülpser	rülpsen er
kultivierung	kultivieren ung
knechtung	knechten ung
sittlichkeit	sitte lich keit
lebensmittelrechtlich	lebensmittelrecht lich
landsmannschaftlich	landsmann schaft lich
schlesierin	schlesien er in
denkmalpfleger	denkmalpflege er
arbeitsrechtlich	arbeitsrecht lich
beschäftigungswirksamkeit	beschäftigungswirksam keit
rückkehrer	rückkehr er
etappensieger	etappensieg er
eichenwäldchen	eichenwald chen
berufsunfähigkeit	berufsunfähig keit
zeitungsverkäuferin	zeitungsverkauf er in
schatzmeisterin	schatzmeister in
thailänderin	thailand er in
besänftigung	besänftigen ung
wirtschaftsstraftäter	wirtschaftsstraftat er
anschuldigung	anschuldigen ung
völkerrechtlerin	völkerrecht ler in
datierung	datieren ung
beschlagnahmung	beschlagnahmen ung
staatschefin	staatschef in
inderin	inder in
parteiamtlich	parteiamt lich
interessentin	interessent in
lokführerin	lokführer in
parteienvertreterin	parteienvertreter in
partnerschaftlich	partner schaft lich
mündung	münden ung
preiswürdigkeit	preiswürdig keit
wonneberger	wonneberg er
systemdenker	systemdenken er
widerlich	widern lich
unmündigkeit	un mündig keit
sanitäterin	sanitäter in
lauenburger	lauenburg er
kulturdezernentin	kulturdezernent in
widmung	widmen ung
kriegsberichterstatterin	kriegsberichterstatter in
handtaschenräuber	handtaschenraub er
zufallstreffer	zufallstreffen er
balder	balde er
bücherleser	bücherlesen er
lieferbar	liefern bar
schottin	schotte in
landschaftsplaner	landschaftsplan er
sozialpartnerschaftlich	sozialpartner schaft lich
strukturlos	struktur los
tunesier	tunesien er
graphikerin	graphik er in
saisonsieger	saisonsieg er
haussklavin	haussklave in
erschließung	erschließen ung
düsterkeit	düster keit
zulassung	zulassen ung
kunstsinnig	kunstsinn ig
tauschbar	tauschen bar
erbin	erbe in
zarin	zare in
filmeinkäufer	filmeinkauf er
steinbrunner	steinbrunnen er
aidin	aide in
zuspitzung	zuspitzen ung
hintertürchen	hintertür chen
generalmusikdirektorin	generalmusikdirektor in
überwirklich	über wirken lich
erneuerungsfähigkeit	erneuerungsfähig keit
komiker	komik er
vermittler	vermitteln er
schnellfahrer	schnellfahren er
nachfolger	nachfolgen er
atomfrachter	atomfracht er
klappbar	klappen bar
fußballanhänger	fußballanhang er
familienhelferin	familienhelfer in
transportarbeiter	transportarbeit er
sammelbändchen	sammelband chen
kundenberaterin	kundenberater in
fernsehtechniker	fernsehtechnik er
fachberaterin	fachberater in
verinnerlichen	ver inner e lich
vermeidbar	vermeiden bar
mitbewerberin	mitbewerber in
arnstädter	arnstadt er
genehmigungsrechtlich	genehmigungsrecht lich
harfenspielerin	harfenspiel er in
abstandhalter	abstandhalten er
schmalzig	schmalzen ig
verkehrswissenschaftlich	verkehrswissenschaft lich
tandemfahrer	tandemfahren er
entzündung	entzünden ung
feindseligkeit	feindselig keit
flöckchen	flock chen
delegierung	delegieren ung
fuhrunternehmer	fuhrunternehmen er
metallstäbchen	metallstab chen
mittelstreckenläuferin	mittelstreckenläufer in
schlagwerker	schlagwerk er
preisbindung	preisbinden ung
museumsleiterin	museumsleiter in
aussendung	aussenden ung
kaiserlos	kaiser los
gerichtsreporterin	gerichtsreport er in
traulich	trauen lich
expertin	experte in
ballettänzerin	ballettänzer in
witzeerzähler	witzeerzählen er
wiedereroberung	wiedererobern ung
großräumigkeit	großraum ig keit
wohnungsunternehmer	wohnungsunternehmen er
übertragung	übertragen ung
schriftführerin	schriftführer in
unselbständigkeit	un selbständig keit
luftschiffer	luftschiff er
liberalisierung	liberal isier ung
zwischenfinanzierung	zwischenfinanzieren ung
gerin	ger in
bummler	bummeln er
rotbärtig	rotbart ig
konsumfreudigkeit	konsumfreude ig keit
unterhachinger	unterhaching er
firmin	firm e in
springreiterin	springreiten er in
ersetzbar	ersetzen bar
überprüfung	überprüfen ung
postmeisterin	postmeister in
goldkörnchen	goldkorn chen
vorstellbar	vorstellen bar
fleischlos	fleisch los
klavierpädagogin	klavierpädagoge in
nautiker	nautik er
juniorenweltmeisterin	juniorenweltmeister in
fischzüchter	fischzucht er
friedrichsdorfer	friedrichsdorf er
technikfeindlichkeit	technikfeindlich keit
selbstbezüglich	selbstbezug lich
luftigkeit	luftig keit
behindertenfreundlichkeit	behindertenfreundlich keit
tanzbar	tanzen bar
gutmütigkeit	gutmütig keit
folger	folgen e er
konkretisierung	konkrete isier ung
seelsorger	seelsorge er
deckelung	deckeln ung
realisierbar	real isier bar
brüller	brüllen er
benutzer	benutzen er
eigenwillig	eigenwille ig
reichern	reich er
verbürgerlichen	ver bürgen lich
oranienburger	oranienburg er
kooperationswillig	kooperationswille ig
eigentumsrechtlich	eigentumsrecht lich
kleinlichkeit	klein lich keit
unbeständigkeit	un beständig keit
mittelstandspolitiker	mittelstandspolitik er
einsegnung	einsegnen ung
böblinger	böblingen er
regelwidrigkeit	regelwidrig keit
metzgerin	metzger in
stauchung	stauchen ung
gartenbaulich	gartenbau lich
erhaltung	erhalten ung
sehringer	sehring er
punktlos	punkt los
bürgerin	bürgen in
subventionsbetrüger	subventionsbetrug er
hauptspieler	hauptspiel er
streiter	streiten er
schlagersängerin	schlagersänger in
aufsichtsbehördlich	aufsichtsbehörde lich
zeitungsleserin	zeitungslesen er in
schützbar	schützen bar
wanderlustig	wanderlust ig
router	route er
gesundung	gesunden ung
gegentreffer	gegentreffen er
hofhaltung	hofhalten ung
trägerin	trage er in
beheizung	beheizen ung
bundestagspräsidentin	bundestagspräsident in
didaktiker	didaktik er
anwaltschaftlich	anwalt schaft lich
dentistin	dentist in
offensivspieler	offensivspiel er
vervielfältigung	vervielfältigen ung
wünschbarkeit	wünschen bar keit
reinberger	reinberg er
radierung	radieren ung
prüfer	prüfen er
nichtchristlich	nichtchrist lich
verkennung	verkennen ung
einrichtung	einrichten ung
bühnenbildnerin	bühnenbildner in
türmchen	turm chen
montagearbeiter	montagearbeit er
ungebührlich	ungebühr lich
sexualberaterin	sexualberater in
untersuchungsleiterin	untersuchungsleiter in
alkoholikerin	alkohol iker in
leistungsträgerin	leistungsträger in
fernsehregisseurin	fernsehregisseur in
überformung	über form ung
abwegig	abweg ig
verklebung	ver klebe ung
kamerunerin	kamerun er in
bahntechniker	bahntechnik er
trotzköpfig	trotzkopf ig
textilarbeiterin	textilarbeit er in
bundestrainerin	bundestrainer in
schuldnerberaterin	schuldnerberater in
auslöser	auslösen er
bundesvorstandssprecherin	bundesvorstandssprecher in
abbuchung	abbuchen ung
recorder	record er
willenlos	wille los
meerschweinchen	meerschwein chen
allzuständigkeit	allzuständig keit
verbreiterung	ver breit ung
langenberger	langenberg er
schwierigkeit	schwierig keit
plauderer	plaudern er
houstoner	houston er
kirchenbesucher	kirchenbesuch er
belanglos	belang los
weißwaschung	weißwaschen ung
bemäntelung	bemänteln ung
geschäftsmäßigkeit	geschäft mäßig keit
gesellschaftskritiker	gesellschaftskritik er
konfliktträchtigkeit	konfliktträchtig keit
kreditwürdigkeit	kreditwürdig keit
vergeblichkeit	vergeben lich keit
hinterhältigkeit	hinterhalten ig keit
kirchenmusikerin	kirchenmusik er in
gegenüberstellung	gegenüberstellen ung
offenbacher	offenbach er
thematisierung	thema atisch isier ung
wucherung	wuchern ung
ordnungsbehördlich	ordnungsbehörde lich
umweltschädlichkeit	umweltschädlich keit
gesangspädagogin	gesangspädagoge in
unausführbar	un ausführen bar
fein	fee in
mergentheimer	mergentheim er
geistesgegenwärtigkeit	geistesgegenwart ig keit
busunternehmer	busunternehmen er
immobilienunternehmer	immobilienunternehmen er
vollblütig	vollblüte ig
unterjochung	unterjochen ung
elternvertreterin	elternvertreter in
überbringung	über bring ung
wünschbar	wünschen bar
nachfolgekandidatin	nachfolgekandidat in
straßenkehrer	straßenkehren er
weltöffentlichkeit	weltöffentlich keit
artikelschreiber	artikelschreiben er
weingärtner	weingarten er
innergewerkschaftlich	inner gewerkschaft lich
einbindung	einbinden ung
nachgiebigkeit	nachgiebig keit
olympiateilnehmerin	olympiateilnehmer in
wellenförmig	wellenform ig
bergarbeiterin	bergarbeiter in
beherrscherin	beherrschen er in
neinsager	neinsagen er
fischereirechtlich	fischereirecht lich
sprachkritiker	sprachkritik er
begeisterung	begeistern ung
bombenwerfer	bombenwerfen er
textildesignerin	textildesign er in
reizlos	reiz los
sozialstaatssekretärin	sozialstaatssekretär in
bundesgesetzlich	bundesgesetz lich
westunternehmer	westunternehmen er
anschaulichkeit	anschauen lich keit
punktezähler	punktezahl er
simin	sime in
entsorgung	entsorgen ung
zwickauer	zwickau er
lutscher	lutschen er
quebecer	quebec er
bibliotheksdirektorin	bibliotheksdirektor in
garmischer	garmisch er
springer	springen er
provinzstädtchen	provinzstadt chen
gedankenleser	gedankenlesen er
kauffreudigkeit	kauffreude ig keit
lagerung	lagern ung
unfehlbarkeit	un fehlbar keit
nicaraguanerin	nicaragua aner in
richtigkeit	richten ig keit
übermütig	übermut ig
nachfühlbar	nach fühlen bar
charlottenburgerin	charlottenburg er in
leidenschaftlich	leiden schaft lich
umgestaltung	um gestalt ung
kunsthandwerkerin	kunsthandwerk er in
europapokalsieger	europapokalsieg er
kaltstellung	kaltstellen ung
gemeindesekretärin	gemeindesekretär in
überschuldung	überschulden ung
jägerin	jäger in
stadtgestalter	stadtgestalt er
täfelchen	tafel chen
aufmachung	aufmachen ung
optimistischer	optimist isch e n er
theaterpädagogin	theaterpädagoge in
moosburger	moosburg er
bienenfleißig	bienenfleiß ig
wissenschaftssenatorin	wissenschaftssenator in
zähmung	zähmen ung
bruchlos	bruch los
instrumentierung	instrument ier ung
vermieter	vermieten er
hausbesetzerin	hausbesetzen er in
unzeitgemäßer	unzeitgemäß e er
urnengänger	urnengang er
vorenthaltung	vorenthalten ung
kommissarin	kommissar in
sträußchen	strauß chen
fernsprecher	fernsprechen er
kurzsichtig	kurzsicht ig
beschäftigung	beschäftigen ung
fünfkämpfer	fünfkampf er
weltrekordhalterin	weltrekordhalter in
versteinerung	ver steiner ung
befreiung	befreien ung
antragstellerin	antragstelle er in
düsseldorfer	düsseldorf er
verderberin	ver derb er in
anspielung	anspielen ung
isländerin	island er in
lustmörder	lustmord er
sozialhilferechtlich	sozialhilferecht lich
gemeindepastorin	gemeindepastor in
entflammbarkeit	entflammbar keit
verletzbarkeit	verletzen bar keit
erklärbar	erklären bar
weiterveräußerung	weiterveräußern ung
universitätsstädtchen	universitätsstadt chen
germanin	german in
terrassierung	terrasse ier ung
altersforscherin	altersforscher in
binnenschiffer	binnenschiff er
wechsler	wechseln er
diskutierbar	diskutieren bar
bürgerschaftspräsidentin	bürgerschaftspräsident in
eisverkäuferin	eisverkauf er in
überzeugungskräftig	überzeugungskraft ig
vorführer	vorführen er
polizeisprecherin	polizeisprecher in
besuchbar	besuchen bar
unerfüllbarkeit	un erfüllen bar keit
bekanntmachung	bekanntmachen ung
zeitkritiker	zeitkritik er
tatzeugin	tatzeuge in
nachempfindung	nachempfinden ung
zimperlichkeit	zimperlich keit
hinderung	hindern ung
ägypterin	ägypten er in
schulpolitikerin	schulpolitik er in
schulversager	schulversagen er
grabungstechniker	grabungstechnik er
talentlos	talent los
frankierung	frank ie ier ung
menschenfreundin	menschenfreund in
überfälligkeit	überfall ig keit
reichenbacher	reichenbach er
flossenbürger	flossenburg er
strafrechtlich	strafrecht lich
schnürchen	schnur chen
beliebig	belieben ig
einförmigkeit	einförmig keit
literaturwissenschaftlich	literaturwissenschaft lich
modellierung	modell ier ung
sinsheimer	sinsheim er
weltmarktfähigkeit	weltmarktfähig keit
überwechsler	überwechseln er
passantin	passant in
graphiker	graphik er
anziehung	anziehen ung
arin	ar in
knaller	knallen er
stufig	stufe ig
verbesserbar	verbessern bar
angstmacher	angstmachen er
wattenscheider	wattenscheid er
erneuerung	erneuern ung
wirtschaftsreformer	wirtschaftsreform er
rückläufig	rücklauf ig
tatsächlichkeit	tatsächlich keit
klassenleiterin	klassenleiter in
christin	chr ist in
verantwortlichkeit	verantworten lich keit
verordnung	verordnen ung
gewichtung	gewichten ung
vergnüglich	vergnügen lich
verwaltungstechniker	verwaltungstechnik er
vergegenwärtigen	ver gegenwart ig
hausjuristin	hausjurist in
wettkämpferin	wettkämpfen in
großbetrüger	großbetrug er
schlachter	schlachten er
kliniker	klinik er
wahrnehmung	wahrnehmen ung
schwesterlich	schwester lich
abfallwirtschaftlich	abfallwirtschaft lich
melancholikerin	melancholiker in
gewerkschaftlerin	gewerkschaft ler in
notenbüchlein	notenbuch lein
heizung	heizen ung
sitznachbarin	sitznachbar in
verrohung	ver roh ung
südöstlich	südost lich
bierbrauer	bierbrauen er
turner	turnen er
hauptlieferantin	hauptlieferant in
trompeterin	trompeten er in
mandatslos	mandat los
exponentin	exponent in
vordergründig	vordergrund ig
kratzig	kratzen ig
kanufahrer	kanufahren er
intrigantin	intrigant in
steiger	steige er
unmanierlich	un manier lich
innovationsfreudigkeit	innovationsfreude ig keit
stressig	stressen ig
gebrechlichkeit	gebrech lich keit
farblich	farbe lich
verschließbar	ver schließen e bar
überwindung	überwinden ung
ökotester	ökotest er
landeigentümer	landeigentum er
vorspannung	vorspannen ung
erfolgstrainerin	erfolgstrainer in
reinier	reina er
triebwerksbauer	triebwerksbau er
frauenfreundlich	frauenfreund lich
pfeifenraucher	pfeifenrauch er
monatlich	monat lich
fremdenführerin	fremdenführer in
studienleiterin	studienleiter in
deponierung	deponie ier ung
turnierspieler	turnierspiel er
vergreisung	ver greis e ung
untermieter	untermiete er
entführerin	entführen er in
ausstrahlung	aus strahl ung
trinkfreudigkeit	trinkfreudig keit
utopistin	utopisch ist in
vertrauenswürdigkeit	vertrauenswürdig keit
teamkollegin	teamkollege in
wiener	wien er
feinsinnig	feinsinn ig
lösbar	lösen bar
regung	regen ung
ottobrunner	ottobrunn er
gerichtspräsidentin	gerichtspräsident in
nahkämpfer	nahkampf er
grausig	grausen ig
dienstbotin	dienstbote in
vernehmung	vernehmen ung
bewegungsfähigkeit	bewegungsfähig keit
begriffslos	begriff los
einsamkeit	einsam keit
körnchen	korn chen
kinderfeindlichkeit	kinderfeindlich keit
zustimmungsbedürftigkeit	zustimmungsbedürftig keit
postlerin	post ler in
südtiroler	südtirol er
pforzheimer	pforzheim er
marionettenspieler	marionettenspiel er
telefonanrufer	telefonanrufen er
überwinder	überwinden er
wahlgewinner	wahlgewinn er
nervig	nerven ig
chaotin	chaot in
zinker	zinke er
baurechtlich	baurecht lich
gemeinnützig	gemeinnutz ig
kürzlich	kürzen lich
kroneberger	kroneberg er
oberhofer	oberhof er
bonnerin	bonne er in
minchen	min chen
polizeioberwachtmeisterin	polizeioberwachtmeister in
tanzfreudig	tanzfreude ig
kaiserin	kaiser in
ausrichter	ausrichten er
verräterin	verraten er in
urwüchsigkeit	urwüchsig keit
olympionikin	olympionike in
fensterlein	fenster lein
diskriminierung	diskriminieren ung
avantgardemusiker	avantgardemusik er
eler	elen er
beimischung	beimischen ung
pflichtwidrigkeit	pflichtwidrig keit
wendung	wenden ung
frauenfeindlich	frauenfeind lich
dietzenbacher	dietzenbach er
vorwärtsbewegung	vorwärtsbewegen ung
saugfähigkeit	saugfähig keit
aktionskünstlerin	aktionskunst ler in
heimatpfleger	heimatpflege er
gesundheitsexpertin	gesundheitsexperte in
hochheimer	hochheim er
ungebärdigkeit	ungebärdig keit
vorgeblich	vorgeben lich
unerschöpflichkeit	unerschöpflich keit
weinleser	weinlese er
polizeirechtlich	polizeirecht lich
halbkugelig	halbkugel ig
stadtpatronin	stadtpatron in
unterbindung	unterbinden ung
patentierbar	patente ier bar
selbstmörderin	selbstmord er in
entschlußfreudig	entschlußfreude ig
berchtesgadener	berchtesgaden er
mausig	mausen ig
kulturreferentin	kulturreferent in
peter	pete er
winzerin	winzer in
undurchlässigkeit	un durchlässig keit
kompetenzlos	kompetenz los
vernachlässigen	ver nachlassen ig
eritreerin	eritreer in
opernliebhaberin	opernliebhaber in
umweltsünderin	umweltsünde er in
beendung	beenden ung
bodensteiner	bodenstein er
wassertröpflein	wassertropfen lein
parteifreundin	parteifreund in
entfaltung	entfalten ung
öffentlichkeit	öffentlich keit
henkellos	henkel los
mitarbeitervertreterin	mitarbeitervertreter in
landwirtschaftsexpertin	landwirtschaftsexperte in
nachfahrin	nachfahr in
rechtswissenschaftlich	rechtswissenschaft lich
diskussionsrednerin	diskussionsredner in
intensivmediziner	intensivmedizin er
bildschirmarbeiter	bildschirmarbeit er
weiter	weit e er
folgerichtigkeit	folgerichtig keit
bevorzugung	bevorzugen ung
überbauung	überbauen ung
mittäglich	mittag lich
frachter	fracht er
irmelin	irmel in
vogelhäuschen	vogelhaus chen
geltung	gelten ung
kaltblütigkeit	kaltblut ig keit
rückversicherer	rückversichern er
herausgeber	herausgeben er
dienerin	dienen er in
engstirnigkeit	engstirnig keit
senatsdirektorin	senatsdirektor in
drogendealer	drogendeal er
freiherrlich	freiherr lich
landshuter	landshut er
kastenförmig	kastenform ig
amtsnachfolger	amtsnachfolge er
rednerin	redner in
personenschützer	personenschutz er
besitzerin	besitzen er in
stilberaterin	stilberater in
wiederaufrichtung	wiederaufrichten ung
objektlos	objekt los
eingreifer	eingreifen er
makedonier	makedonien er
alper	alp er
oberbürgermeisterlich	oberbürgermeister lich
lästigkeit	lästig keit
sonderschülerin	sonderschule er in
belegbar	belegen bar
berufslos	beruf los
genügsamkeit	genügen sam keit
kupferstecherin	kupferstecher in
kulturlos	kultur los
infantin	infant in
beschlußfähigkeit	beschlußfähig keit
inhaltlich	inhalt lich
zerrüttung	zerrütten ung
geringfügigkeit	geringfügig keit
lieferfähigkeit	lieferfähig keit
absenderin	absenden er in
verleiher	verleihen er
priorin	prior in
entschließung	entschließen ung
humorlos	humor los
blaudrucker	blaudruck er
löwensteiner	löwenstein er
drogenbesitzer	drogenbesitz er
oberösterreicher	oberösterreich er
wiederbesetzung	wiederbesetzen ung
aufteilung	aufteilen ung
auskühlung	aus kühl ung
verkehrstüchtigkeit	verkehrstüchtig keit
vergünstigen	ver gunst ig
eigenmächtigkeit	eigenmacht ig keit
neuwerker	neuwerk er
lokalisierung	lokal isier ung
angreiferin	angreifen er in
kostümverleiher	kostümverleih er
europapolitiker	europapolitik er
leichtlebigkeit	leichtlebig keit
ausschöpfung	ausschöpfen ung
zünftig	zunft ig
blumenfreundin	blumenfreund in
überschwemmung	über schwemmen e ung
anfänger	anfangen er
ausschüttung	ausschütten ung
dickköpfig	dickkopf ig
überforderung	überfordern ung
strafrechtlerin	strafrecht ler in
wirkung	wirken ung
stahlbetonbauer	stahlbetonbau er
duldung	dulden ung
torger	torge er
neuengammer	neuengamme er
verehelichen	ver ehe lich
beweger	bewegen er
kletterer	klettern er
göttingerin	göttingen er in
zeichner	zeichnen er
traber	traben er
ordnung	ordnen ung
regreßpflichtig	regreßpflicht ig
braunschweigerin	braunschweig er in
ballettdirektorin	ballettdirektor in
volleyballspielerin	volleyballspielen er in
mitherausgeberin	mitherausgeber in
kühlung	kühlen ung
filmemacher	filmemachen er
oppositionschefin	oppositionschef in
berufsschüler	berufsschule er
manipulierung	manipulieren ung
vernehmungsfähigkeit	vernehmungsfähig keit
spätromantiker	spätromantik er
wirker	wirken er
peinigen	pein ig
gewaltverbrecher	gewaltverbrechen er
eiberger	eiberg er
kanzlerberaterin	kanzlerberater in
neugieriger	neugierige n er
datenschutzrechtlich	datenschutzrecht lich
faltenröckchen	faltenrock chen
meter	mete er
bestrafung	bestrafen ung
gewinnerin	gewinnen er in
landshuterin	landshut er in
schiffchen	schiff chen
danziger	danzig er
gewohnheitsrechtlich	gewohnheitsrecht lich
bezüglich	bezug lich
dornburger	dornburg er
schlüpfrigkeit	schlüpfen rig keit
washingtoner	washington er
unverkäuflichkeit	un verkauf lich keit
übersteiger	übersteigen er
tontechnikerin	tontechnik er in
erwerbsloser	erwerbslose er
friedchen	fried chen
automechanikerin	automechaniker in
vorchristlich	vor chr ist lich
parapsychologin	parapsychologe in
bautechniker	bautechnik er
befrachtung	befrachten ung
kampfgenossin	kampfgenosse in
rädelsführerin	rädelsführer in
scheibchen	scheibe chen
bader	baden er
umfunktionierung	umfunktionieren ung
bildlos	bild los
sozialdemokratin	sozialdemokrat in
iraker	irak er
vergoldung	ver gold ung
sportwetter	sportwetten er
busenfreundin	busenfreund in
muffelig	muffel ig
stifterin	stiften er in
brettener	bretten er
vernehmungsunfähigkeit	vernehmungsunfähig keit
installierung	installieren ung
einträchtigkeit	eintracht ig keit
schaffer	schaffen er
grönländer	grönland er
reiseleiterin	reiseleiter in
begleitung	begleiten ung
zeller	zell er
verlockung	verlocken ung
familienforscherin	familienforscher in
conradin	conrad in
vollziehbar	vollziehen bar
lehnenlos	lehne los
knackig	knacken ig
bilanzierung	bilanz ier ung
ascher	asche er
grundschulleiterin	grundschulleiter in
konzertpianistin	konzertpianist in
drehbuchautorin	drehbuchautor in
informatikerin	informatik er in
festhalter	festhalten er
enteignung	enteignen ung
seidig	seide ig
buchbinder	buchbinden er
orientalistin	orientale isch ist in
musikwissenschaftlerin	musikwissenschaft ler in
willigen	wille ig
kickerin	kicken er in
kleinstädtchen	kleinstadt chen
kränkung	kränken ung
tokioer	tokio er
barbesucher	barbesuch er
kundenfreundlichkeit	kundenfreundlich keit
pförtnerin	pförtner in
heimgärtner	heimgarten er
pünktchen	punkt chen
volksmusiker	volksmusik er
tonig	ton ig
rückstandslos	rückstand los
einsitzer	einsitzen er
trennung	trennen ung
marktleiterin	marktleiter in
aussiedlerin	aussiedeln er in
bezirkspokalsieger	bezirkspokalsieg er
volksfeindlich	volksfeind lich
teilnehmerin	teilnehmen er in
griesheimer	griesheim er
gegengutachter	gegengutachten er
sprachfähigkeit	sprachfähig keit
schärfung	schärfen ung
abschätzung	abschätzen ung
polizeireporter	polizeireport er
rechtsverbindlichkeit	rechtsverbindlich keit
boutiquebesitzerin	boutiquebesitzer in
hauskäufer	hauskauf er
sprudler	sprudeln er
wiedergängerin	wiedergänger in
rechtstaatlich	rechtstaat lich
ernährer	ernähren er
kauffreudig	kauffreude ig
philosophielehrerin	philosophielehrer in
entwicklungssoziologin	entwicklungssoziologe in
wahrhaftig	wahrhafte ig
ausbeuter	ausbeuten er
meinung	meinen ung
blitzkrieger	blitzkrieg er
theaterbesucherin	theaterbesuch er in
eisenacher	eisenach er
mailänderin	mailand er in
überversorgung	überversorgen ung
tränlein	träne lein
unschicklich	un schick e lich
traktätchen	traktat chen
werksärztlich	werksarzt lich
feierabendlich	feierabend lich
schauwerbegestalterin	schauwerbegestalter in
anstößigkeit	anstoß ig keit
expremierministerin	expremierminister in
vorbehaltslos	vorbehalt los
wehrbauer	wehrbau er
großhauser	großhaus er
speicherbar	speichern bar
holzung	holzen ung
indoktrinierung	indoktrinieren ung
betonwerker	betonwerk er
kassenhäuschen	kassenhaus chen
birkenwäldchen	birkenwald chen
fallensteller	fallenstelle er
versammlungsbesucher	versammlungsbesuch er
gesangslehrerin	gesangslehrer in
kompostierung	kompost ier ung
auspeitschung	auspeitschen ung
slawistin	slawe isch ist in
anfertigung	anfertigen ung
krankenpflegeschülerin	krankenpflegeschule er in
berater	beraten er
entzückung	entzücken ung
steuerflüchtig	steuerflucht ig
abneigung	abneigen ung
bensheimer	bensheim er
konturenlos	kontur los
sendlinger	sendling er
entgleisung	entgleisen ung
schweinchen	schwein chen
einkaufskörbchen	einkaufskorb chen
schuhputzer	schuhputz er
ziellos	ziel los
umleitung	umleiten ung
besinnung	besinnen ung
akklimatisierung	akklimatisieren ung
entsetzlich	entsetzen lich
unglaubwürdigkeit	un glaubwürdig keit
bündelung	bündeln ung
selbstverwaltung	selbstverwalten ung
fürsprecherin	fürsprecher in
gülin	gül in
gastsängerin	gastsänger in
krefelder	krefeld er
regionalplaner	regionalplan er
erträglich	ertrag lich
beeilung	beeilen ung
volksfeindlichkeit	volksfeind lich keit
erzwingung	erzwingen ung
bereichsleiterin	bereichsleiter in
kronstädter	kronstadt er
tanzkritiker	tanzkritik er
rennläufer	rennlauf er
alltagsgeschichtlich	alltagsgeschichte lich
besteuerung	be steuer ung
linksradikaler	linksradikale n er
schulabgänger	schulabgang er
trüppchen	trupp chen
hauptschülerin	hauptschule er in
superministerin	superminister in
grafikerin	grafik er in
ausfüllung	ausfüllen ung
kartoffelanbauer	kartoffelanbau er
ruhmlos	ruhm los
weltbanker	weltbank er
kunsträuber	kunstraub er
glückssucher	glückssuche er
angler	angeln er
pforzheimerin	pforzheim er in
giebelhäuschen	giebelhaus chen
marokkanerin	marokkaner in
schulärztlich	schularzt lich
sportwissenschaftlich	sportwissenschaft lich
papierkügelchen	papierkugel chen
alltagstauglichkeit	alltagstauglich keit
belebung	beleben ung
berlinerin	berlin er in
ottersberger	ottersberg er
verdächtigung	verdacht ig ung
wohltäter	wohltat er
türchen	tür chen
kenntnislos	kenntnis los
tabulos	tabu los
manipulierbar	manipulieren bar
weihung	weihen ung
musikgeschichtlich	musikgeschichte lich
freischaltung	freischalten ung
markierung	markieren ung
musikredakteurin	musikredakteur in
nachforderung	nachfordern ung
jazzsängerin	jazzsänger in
michelin	michel in
urlauberin	urlaube er in
ergänzung	ergänzen ung
verquickung	ver quick ung
erregbarkeit	erregbar keit
eigenverantwortlichkeit	eigenverantwortlich keit
betrügerin	betrügen in
stadtwerker	stadtwerk er
beschwerdeführerin	beschwerdeführer in
auslandskorrespondentin	auslandskorrespondent in
hirtin	hirt in
vorrangig	vorrang ig
zweitligaspieler	zweitligaspiel er
nichtwählerin	nichtwählen er in
vorbildlos	vorbild los
einheitlich	einheit lich
kurpfuscherin	kurpfuscher in
unterhaltspflichtig	unterhaltspflicht ig
schauberger	schauberg er
missetäter	missetat er
haushälterin	haushalten in
anlehnung	anlehnen ung
zeichenlehrer	zeichenlehre er
bertin	bert in
hilker	hilke er
bettchen	bett chen
notierung	notieren ung
jasager	jasagen er
falschschreibung	falschschreiben ung
theatergeschichtlich	theatergeschichte lich
senker	senke er
werfer	werfen er
weitung	weiten ung
punkerin	punk er in
städtebaulich	städtebau lich
hanauerin	hanau er in
demilitarisierung	demilitarisieren ung
befindlich	befinden lich
greisin	greis e in
visapflichtig	visapflicht ig
überweisung	über weise ung
flüsterer	flüstern er
schlitzäugig	schlitzauge ig
moskauerin	moskau er in
banksprecherin	banksprecher in
unüberschaubar	un überschauen bar
zentralstaatlich	zentralstaat lich
gönnerin	gönnen in
marienbader	marienbad er
wohltätig	wohltat ig
internatsschüler	internatsschule er
verursacherin	ver ursache er in
schacherer	schachern er
staatsbürgerlich	staatsbürger lich
versorgungslager	versorgungslage er
gladbacher	gladbach er
schweizer	schweiz er
aufschlüsselung	aufschlüsseln ung
fundamentalistin	fundamentale ist in
sätzchen	satz chen
staatsbanker	staatsbank er
seiltänzerin	seiltanzen in
warnung	warnen ung
denkmalsschützer	denkmalsschutz er
vergänglichkeit	vergänglich keit
regensburger	regensburg er
baumüller	baumüll er
untergebener	untergeben er
vorderpfälzer	vorderpfalz er
arbeitstäglich	arbeitstag lich
leichtgewichtig	leichtgewichten ig
mißgünstig	mißgunst ig
germain	germa in
widernatürlichkeit	wider natürlich keit
rehlein	reh lein
biberacherin	biberach er in
heilkundig	heilkunde ig
munterkeit	munter keit
vertonung	ver ton ung
rosenberger	rosenberg er
energieplaner	energieplan er
flugmediziner	flugmedizin er
klatschsüchtig	klatschsucht ig
zukunftslos	zukunft los
tourismusunternehmer	tourismusunternehmen er
staatsbürgerin	staatsbürger in
aufenthaltsrechtlich	aufenthaltsrecht lich
entkrampfung	entkrampfen ung
uller	ulle er
entwertung	entwerten ung
wochenendlich	wochenende lich
trecker	treck er
perin	pere in
mitschuldig	mitschuld ig
tilgung	tilgen ung
unvereinbarkeit	un vereinbar keit
wählbarkeit	wählen bar keit
schneekönigin	schneekönig in
friedenscamper	friedenscamp er
eidlich	eid lich
textilunternehmer	textilunternehmen er
bankräuberin	bankraub er in
wohnungseigentümerin	wohnungseigentum er in
ermunterung	er muntere ung
familienministerin	familienminister in
grifflos	griff los
schneidermeisterin	schneidermeister in
lebensfähigkeit	lebensfähig keit
vorbildlich	vorbilden lich
gemeingefährlichkeit	gemeingefährlich keit
neurotikerin	neurotiker in
bergrechtlich	bergrecht lich
aufbietung	aufbieten ung
altöttinger	altötting er
motorradbauer	motorradbau er
kontrollierbarkeit	kontrolle ier bar keit
badehäuschen	badehaus chen
mathematikerin	mathematik er in
botengänger	botengang er
überteuerung	über teuer ung
kulturpreisträgerin	kulturpreisträger in
lokalpolitikerin	lokalpolitik er in
grimmig	grimm e ig
jungautorin	jungautor in
betreiber	betreiben er
tabakbauer	tabakbau er
soller	soll er
wissenschaftsministerin	wissenschaftsminister in
verwaltungsdirektorin	verwaltungsdirektor in
umständlich	umstand lich
anbauer	anbauen er
phrasierung	phrase ier ung
grauslich	grausen lich
kostümbildnerin	kostümbildner in
rechtspflegerin	rechtspflege er in
splittern	splitt er
sanktionslos	sanktion los
parlamentspräsidentin	parlamentspräsident in
baseballspieler	baseballspiel er
schriftsteller	schriftstelle er
brünstig	brunst ig
wettbewerbsfähigkeit	wettbewerbsfähig keit
bäuerlich	bauer lich
sesamkörner	sesamkorn er
denkmalrechtlich	denkmalrecht lich
stromsparer	stromsparen er
aufrührer	aufrühren er
anbiederung	anbiedern ung
designerin	design er in
nötigung	nötigen ung
ärgerlich	ärger lich
wurstbrötchen	wurstbrot chen
anschauung	anschauen ung
jungsteinzeitlich	jungsteinzeit lich
pressung	pressen ung
bilderstürmer	bildersturm er
sportmediziner	sportmedizin er
verringerung	ver ring ung
silbertaler	silbertal er
abschwächung	ab schwach e ung
schmarotzer	schmarotzen er
unterweisung	unterweisen ung
helder	held er
bäckerin	backen er in
theaterdirektorin	theaterdirektor in
seelenlos	seele los
irin	ire in
saldierung	saldieren ung
bildjournalistin	bildjournalist in
radfahrer	radfahren er
wintertauglichkeit	wintertauglich keit
befähigung	befähigen ung
zufällig	zufallen ig
käufer	kaufen er
sizilianerin	sizilianer in
zugehörigkeit	zugehören ig keit
privatverbraucher	privatverbrauch er
umweltmediziner	umweltmedizin er
zerstäuber	zer stäuben er
rückfällig	rückfall ig
salzburger	salzburg er
torgefährlichkeit	torgefährlich keit
schmerzempfindlichkeit	schmerzempfindlich keit
kommunalpolitiker	kommunalpolitik er
ausprägung	ausprägen ung
schaumburger	schaumburg er
schwindsüchtig	schwindsucht ig
waldhöfer	waldhof er
zündler	zündeln er
stadtentwicklungssenatorin	stadtentwicklungssenator in
professionalisierung	professional isier ung
berghauser	berghausen er
farmerin	farm er in
goldschmiedin	goldschmiede in
blockierer	block ier er
plötzlich	plötze lich
vermögensrechtlich	vermögensrecht lich
trinkerin	trinken er in
abenteurerin	abenteuer er in
umsteiger	um steig er
spitzfindigkeit	spitzfindig keit
bremerhavenerin	bremerhaven er in
krummbeinig	krummbein ig
unheimlichkeit	un heimlich keit
plausibler	plausible er
trampolinspringer	trampolinspringen er
bewegung	bewegen ung
nachforschung	nach forsch ung
unsterblich	un sterben lich
erfrierung	erfrieren ung
jahressieger	jahressieg er
belgierin	belgien er in
bewunderung	bewundern ung
schwerin	schwer e in
schalung	schalen ung
würzburger	würzburg er
wollenberger	wollenberg er
romanschriftstellerin	romanschriftsteller in
fortschrittlich	fortschritt lich
schulrektorin	schulrektor in
buchhändlerin	buchhändler in
sichtbarlich	sichten bar lich
landeswahlleiterin	landeswahlleiter in
erklärlich	erklären lich
veranstaltungsbesucher	veranstaltungsbesuch er
gegenstandlos	gegenstand los
langbärtig	langbart ig
geschichtsträchtigkeit	geschichtsträchtig keit
abonnentin	abonnent in
starterin	starten er in
mariazeller	mariazell er
besatzungsrechtlich	besatzungsrecht lich
ortskundiger	ortskundige n er
jazzmusikerin	jazzmusik er in
aufsteiger	aufsteigen er
frühstarter	frühstart er
gitarrenschüler	gitarrenschule er
raunheimer	raunheim er
unterstützerin	unterstützen er in
mittelbauer	mittelbau er
zierlich	zieren lich
baströckchen	bastrock chen
regimekritikerin	regimekritik er in
flugblattverteiler	flugblattverteilen er
bestattung	bestatten ung
stellvertreterin	stellvertreten er in
immobilieneigentümer	immobilieneigentum er
baronin	baron in
theoriefeindlichkeit	theoriefeindlich keit
grundschullehrerin	grundschullehrer in
bootsverleiher	bootsverleih er
aufwendung	aufwenden ung
verdeutschung	ver deutsch ung
kunstlos	kunst los
sprachlich	sprache lich
museumsplaner	museumsplan er
roggenbrötchen	roggenbrot chen
heidenheimer	heidenheim er
johannstädter	johannstadt er
bewachung	bewachen ung
stimmrechtslos	stimmrecht los
sprinter	sprinten er
richtigstellung	richtigstellen ung
christlich	chr ist lich
samtig	samt ig
räuberin	rauben er in
ausgrabung	ausgraben ung
entschädigungslos	entschädigen ung los
fahrzeugführerin	fahrzeugführer in
selbstbestimmung	selbstbestimmen ung
hochschulmeisterin	hochschulmeister in
ergreifung	ergreifen ung
schwergewichtig	schwergewichten ig
gottesfürchtig	gottesfurcht ig
unterstellung	unterstellen ung
bratschistin	bratsche ist in
nichtschuldig	nichtschuld ig
motivierung	motivieren ung
pitter	pitt er
ziegenbärtchen	ziegenbart chen
stammler	stammeln er
fraulichkeit	frau lich keit
alber	alb er
mühlheimer	mühlheim er
mannschaftsführerin	mannschaftsführer in
mannschaftssieger	mannschaftssieg er
jungseniorin	jungsenior in
unverantwortlichkeit	un verantworten lich keit
verpflichtung	ver pflicht ung
zuckerrohrschneider	zuckerrohrschneiden er
raumfahrtexpertin	raumfahrtexperte in
protestlos	protest los
ökologischer	ökologischen er
schiffbrüchig	schiffbruch ig
alkoholabhängigkeit	alkoholabhängig keit
feierlich	feier lich
elektroingenieurin	elektroingenieur in
nachholung	nachholen ung
kiesunternehmer	kiesunternehmen er
bullig	bull ig
geiger	geigen er
freiberuflerin	freiberufler in
maximin	maxime in
pflichtig	pflichten ig
programmdirektorin	programmdirektor in
ausräubern	aus rauben er
ausscheidung	ausscheiden ung
lenker	lenken er
vorentscheidung	vorentscheiden ung
friedlos	friede los
ausländerin	ausland er in
umänderung	umändern ung
verbrennung	verbrennen ung
fahrschüler	fahrschule er
oberschlesier	oberschlesien er
aufbesserung	aufbessern ung
roßtaler	roßtal er
einfältig	einfalt ig
inhaftierung	inhaftieren ung
bezieher	beziehen er
protestantin	protestant in
wahnsinnig	wahnsinn ig
ersatzbewerberin	ersatzbewerber in
rechtskräftig	rechtskraft ig
rollstuhlfahrer	rollstuhlfahren er
bereifung	bereifen ung
boxberger	boxberg er
schutzherrin	schutzherr in
berghofer	berghof er
verwender	verwenden er
materialistin	materiale ist in
krankheitsanfälligkeit	krankheitsanfällig keit
erwartung	erwarten ung
grasig	grasen ig
grenzstädtchen	grenzstadt chen
meißner	meißen er
polin	pol in
fremdsprachig	fremdsprache ig
fachhochschüler	fachhochschule er
wollig	wolle ig
meinungsführerin	meinungsführer in
wärter	warten er
umweltverträglicher	umweltverträglich e er
rückläufer	rücklauf er
raffung	raffen ung
hauswirtschaftlich	hauswirt schaft lich
wohnungslos	wohnen ung los
marter	marte er
harzburger	harzburg er
zerstreuung	zer streu ung
biologielehrerin	biologielehrer in
statistin	statisch ist in
spitzenmanagerin	spitzenmanager in
vertragsbrüchig	vertragsbruch ig
heusenstammer	heusenstamm er
verästelung	verästeln ung
halterin	halten er in
einzelgänger	einzelgang er
salzburgerin	salzburg er in
mägdlein	magd lein
eisschnelläuferin	eisschnellaufen er in
pressebetreuerin	pressebetreuer in
verwaltungsgerichtlich	verwaltungsgericht lich
fallschirmspringer	fallschirmspringen er
ordnungsmäßigkeit	ordnen ung mäßig keit
anzeigenverkäufer	anzeigenverkauf er
demokratiefeindlichkeit	demokratiefeind lich keit
pastellig	pastell ig
duisburger	duisburg er
förderungswürdigkeit	förderungswürdig keit
londoner	london er
wiedererweckung	wiedererwecken ung
experimentalmusiker	experimentalmusik er
abteilungsleiterin	abteilungsleiter in
jahresdurchschnittlich	jahresdurchschnitt lich
fernüberwachung	fernüberwachen ung
polospieler	polospiel er
liebchen	lieb e chen
waghalsigkeit	waghalsig keit
spitzig	spitzen ig
einverleibung	einverleiben ung
generalkoordinatorin	generalkoordinator in
verwundbarkeit	verwundbar keit
regelung	regeln ung
schwermetaller	schwermetall er
breitenberger	breitenberg er
fremdenfeindlich	fremdenfeind lich
schwächlichkeit	schwach e lich keit
gebärfähigkeit	gebärfähig keit
heutig	heute ig
plötzlichkeit	plötze lich keit
bernauer	bernau er
wägelchen	wägen chen
schmerzlich	schmerz lich
verfassungsmäßigkeit	verfassen ung mäßig keit
vortäuschung	vortäuschen ung
vereinskollegin	vereinskollege in
wehmütig	wehmut ig
kammersängerin	kammersänger in
umtriebig	umtrieb ig
kleidung	kleiden ung
sünderin	sünde er in
entschlußlos	entschluß los
riecher	riechen er
naturwissenschaftlich	naturwissenschaft lich
landeschefin	landeschef in
privatbesitzer	privatbesitz er
nußlocher	nußloch er
jugoslawin	jugoslawe in
sozialversicherungsrechtlich	sozialversicherungsrecht lich
kinderbuchautorin	kinderbuchautor in
kirgisin	kirgise in
fernsehsüchtig	fernsehsucht ig
hobbygärtnerin	hobbygärtner in
mehrheitsgesellschafterin	mehrheitsgesellschaft er in
völkermörder	völkermorden er
mercedesfahrerin	mercedesfahrer in
witwer	witwe er
zahnärztlich	zahnarzt lich
lörracher	lörrach er
vollzeitschüler	vollzeitschule er
absperrung	absperren ung
ermordung	ermorden ung
spritzung	spritzen ung
räumlichkeit	räumen lich keit
sprachlehrer	sprachlehre er
berichterstatter	berichterstatten er
gebräuchlich	gebrauch lich
longin	longe in
transformierung	transformieren ung
weinverkäufer	weinverkauf er
projektmitarbeiterin	projektmitarbeiter in
weiterbildung	weiterbilden ung
erreichung	erreichen ung
rostocker	rostock er
demokratiefähigkeit	demokratiefähig keit
briefschreiberin	briefschreiber in
bluesmusiker	bluesmusik er
faltblättchen	faltblatt chen
denkbar	denken bar
verweltlichen	ver welt lich
ehegattin	ehegatte in
zwischengeschlechtlich	zwischen geschlecht lich
weberin	web er in
großwallstädter	großwallstadt er
fürstin	fürst in
religionswissenschaftlich	religionswissenschaft lich
verdächtigen	verdacht ig
krakauer	krakau er
stufenlos	stufe los
liliputanerin	liliput aner in
arbeitsamtsdirektorin	arbeitsamtsdirektor in
wähler	wählen er
albanerin	alban er in
gartenbauschüler	gartenbauschule er
holzfäller	holzfällen er
rückseitig	rückseite ig
behebung	beheben ung
hünfelder	hünfeld er
trickbetrügerin	trickbetrug er in
waldspaziergänger	waldspaziergang er
gießenerin	gießen er in
käfertaler	käfertal er
holzbänkchen	holzbank chen
juniorpartnerin	juniorpartner in
verunstaltung	verunstalten ung
kaffeepflanzer	kaffeepflanze er
tätigkeit	tätig keit
staubig	stauben ig
betriebsverfassungsrechtlich	betriebsverfassungsrecht lich
krisenanfälligkeit	krisenanfällig keit
hochschulabsolventin	hochschulabsolvent in
suspendierung	suspendieren ung
steinhäuschen	steinhaus chen
amtsnachfolgerin	amtsnachfolge er in
versprechung	versprechen ung
waldshuter	waldshut er
geisteswissenschaftlich	geisteswissenschaft lich
neubrandenburger	neubrandenburg er
wasserläufer	wasserlauf er
übersiedlerin	übersiedeln er in
betonhäuschen	betonhaus chen
solotänzerin	solotanz er in
sprüchlein	spruch lein
stauung	stauen ung
siegener	siegen er
frühzeitig	frühzeit ig
ausstoßung	ausstoßen ung
fachverkäuferin	fachverkäufer in
beschäftigungspflichtig	beschäftigungspflicht ig
waffenbauer	waffenbau er
ewin	ewe in
augsburger	augsburg er
singer	singen er
rechtsdezernentin	rechtsdezernent in
unhöflichkeit	un hof lich keit
spaltbarkeit	spalten bar keit
landesplaner	landesplan er
kursteilnehmerin	kursteilnehmer in
geldeintreiber	geldeintreiben er
junglehrerin	junglehrer in
firmenaufkäufer	firmenaufkauf er
pragmatikerin	pragmatik er in
entscheidungsunfähigkeit	entscheidungsunfähig keit
urchristlich	urchrist lich
kunstministerin	kunstminister in
juniorenmeisterin	juniorenmeister in
zweitkandidatin	zweitkandidat in
klarträumer	klartraum er
wartenberger	wartenberg er
höcker	hocken er
impulsgeberin	impulsgeber in
privatbauer	privatbau er
peinigung	pein ig ung
stuttgarter	stuttgart er
vergleichbar	ver gleich bar
betreuer	betreuen er
generalunternehmer	generalunternehmen er
knochenbrecher	knochenbrechen er
römerzeitlich	römerzeit lich
stallgefährtin	stallgefährte in
glashäuschen	glashaus chen
schwämmchen	schwamm chen
bedienungsfreundlichkeit	bedienungsfreundlich keit
einsteigerin	einsteigen er in
urkundlich	urkunde lich
konzentrierung	konzentrieren ung
wiedererkennbarkeit	wiedererkennen bar keit
treuherzig	treuherz ig
medaillengewinnerin	medaillengewinn er in
alleingänger	alleingang er
filmbesucher	filmbesuch er
züricherin	zürich er in
wirtschaftsberaterin	wirtschaftsberater in
verknappung	ver knapp ung
entgegnung	entgegnen ung
funktionsträgerin	funktionsträger in
zukunftsplaner	zukunftsplan er
fachschüler	fachschule er
reformbedürftigkeit	reformbedürftig keit
gleichung	gleichen ung
nordkoreanerin	nordkorea aner in
einschärfung	einschärfen ung
gemächlich	gemach lich
finder	finden er
abenteurer	abenteuer er
gefährdung	gefährden ung
vorführung	vorführen ung
weiterbetreuung	weiterbetreuen ung
shahin	shah in
benotung	benoten ung
senegalesin	senegalese in
würzburgerin	würzburg er in
diskussionsteilnehmerin	diskussionsteilnehmer in
räuber	rauben er
rapsanbauer	rapsanbau er
straßenläufer	straßenlauf er
bezirksamtsleiterin	bezirksamtsleiter in
verwesung	verwesen ung
tatverdächtig	tatverdacht ig
planmäßigkeit	planmäßig keit
wahlleiterin	wahlleiter in
forschungsleiterin	forschungsleiter in
vernetzung	ver netz ung
belehrbar	belehren bar
ausartung	aus arten ung
umgruppierung	umgruppieren ung
nachrichtensprecherin	nachrichtensprecher in
wirkungsmächtigkeit	wirkungsmacht ig keit
planierung	planie ier ung
kampftrinker	kampftrinken er
aktienkäufer	aktienkauf er
anspannung	anspannen ung
stockfleckig	stockflecken ig
annaberger	annaberg er
rivalin	rivale in
absendung	absenden ung
verwandtschaftlich	verwandte schaft lich
nachzeichnung	nachzeichnen ung
arbeitsrichterin	arbeitsrichter in
verweichlichen	ver weich lich
konzeptkünstlerin	konzeptkunst ler in
schauspielschüler	schauspielschule er
wehleidig	wehleid ig
mundartdichterin	mundartdichter in
boxer	boxen er
kranzberger	kranzberg er
eistänzerin	eistanzen er in
überreichlich	über reich lich
anfeindung	anfeinden ung
gutgläubigkeit	gutgläubig keit
florettfechterin	florettfechten er in
spürbar	spüren bar
packer	packen er
designer	design er
ostholsteiner	ostholstein er
automobilwerker	automobilwerk er
färber	farbe er
freimütigkeit	freimut ig keit
erheblich	erheben lich
dynamisierung	dynamisch isier ung
verbrühung	ver brühen ung
schwinger	schwingen er
tobsüchtig	tobsucht ig
medienwissenschaftlich	medienwissenschaft lich
entrümpelung	entrümpeln ung
kreuzigen	kreuz ig
abstoßung	abstoßen ung
auswirkung	auswirken ung
rückgängig	rückgang ig
nachmeldung	nachmelden ung
verweichlichen	ver weich lich
klarstellung	klarstellen ung
kartenleser	kartenlesen er
hausbesetzer	hausbesetzen er
späher	spähen er
ableitung	ableiten ung
siegenerin	siegen er in
ehrenbürger	ehrenburg er
nachdichter	nach dicht er
bauchredner	bauchreden er
abenteuerlustig	abenteuerlust ig
profanierung	profane ier ung
bühnenmusiker	bühnenmusik er
hamburgerin	hamburg er in
vielgestaltig	vielgestalt ig
christbäumchen	christbaum chen
eigenbetrieblich	eigenbetrieb lich
übereilung	übereilen ung
tiefbauarbeiter	tiefbauarbeit er
verantwortlich	verantworten lich
erlernbarkeit	erlernbar keit
unparteilich	un partei lich
niederschlagung	niederschlagen ung
requisiteurin	requisiteur in
römer	rom er
hofmeisterin	hofmeister in
eindringlicher	eindringen lich e er
treuhandpräsidentin	treuhandpräsident in
einzelstarterin	einzelstart er in
vertäfelung	vertäfeln ung
geheimnislos	geheim nis los
konsumfreudig	konsumfreude ig
liebeslustig	liebeslust ig
flußfischer	flußfisch er
weiterbetreibung	weiterbetreiben ung
parteitaktiker	parteitaktik er
verbrüderung	ver bruder ung
personalchefin	personalchef in
kreuzförmig	kreuzform ig
schorndorferin	schorndorf er in
goldmedaillengewinnerin	goldmedaillengewinn er in
hausärztlich	hausarzt lich
sechseckig	sechseck ig
querflötistin	querflöte ist in
einwanderung	einwandern ung
verrenkung	ver renke ung
strafbar	strafen bar
aushändigung	aushändigen ung
volkssprachlich	volkssprache lich
seminaristin	seminar ist in
auskofferung	auskoffern ung
jungfräulich	jungfrau lich
redaktionsleiterin	redaktionsleiter in
mitschülerin	mitschüler in
werkstofftechniker	werkstofftechnik er
handbüchlein	handbuch lein
chemnitzerin	chemnitz er in
formulierung	formulieren ung
sättigung	sättigen ung
starnberger	starnberg er
flötistin	flöte ist in
arbeitsmediziner	arbeitsmedizin er
sultanin	sultan in
abriegelung	abriegeln ung
fleischverkäufer	fleischverkauf er
nordhessin	nordhesse in
ideologin	ideologe in
aussonderung	aussondern ung
leerung	leeren ung
verherrlichen	ver herr lich
aushilfsarbeiter	aushilfsarbeit er
verführung	verführen ung
selbstgefälligkeit	selbstgefallen ig keit
tiefbauer	tiefbau er
unsauberkeit	un sauber keit
lizenznehmerin	lizenznehmer in
textlos	text los
flügellos	flügel los
doppelpartnerin	doppelpartner in
schwunglos	schwung los
saarländerin	saarland er in
fortpflanzungsfähigkeit	fortpflanzungsfähig keit
projektmanagerin	projektmanager in
ölverbraucher	ölverbrauch er
werkstofflich	werkstoff lich
einzigartigkeit	einzigartig keit
pfingsturlauber	pfingsturlaub er
irrlehrer	irrlehre er
hilfeempfängerin	hilfeempfänger in
männlichkeit	mann lich keit
wohnungsbesitzer	wohnungsbesitz er
deggendorfer	deggendorf er
zufälligkeit	zufallen ig keit
mutmacher	mutmachen er
geburtshelferin	geburtshelfer in
zärtlichkeit	zärtlich keit
personalrechtlich	personalrecht lich
parteifeindlich	parteifeind lich
arierin	ari er in
rezeptionsgeschichtlich	rezeptionsgeschichte lich
durchmesser	durchmessen er
zurücklassung	zurücklassen ung
scherer	schere er
hüttenbauer	hüttenbau er
banditin	bandit in
lohnbuchhalterin	lohnbuchhalter in
mitbestimmungspflichtig	mitbestimmungspflicht ig
beeinflußbarkeit	beeinflußbar keit
ätzung	ätzen ung
zweimalig	zweimal ig
anrufer	anrufen er
drucklos	drucken los
jugendlich	jugend lich
abkanzelung	abkanzeln ung
klotzig	klotzen ig
wiederaufhebung	wiederaufheben ung
gleichgewichtig	gleichgewicht ig
kopierer	kopie ier er
angeblich	angeben lich
schäbigkeit	schabe ig keit
verkaufsständer	verkaufsstand er
feinstofflichkeit	feinstofflich keit
gewerkschafterin	gewerkschaft er in
doppelspieler	doppelspiel er
waldarbeiterin	waldarbeit er in
samin	same in
ettlinger	ettlingen er
darstellung	darstellen ung
vergegenständlichen	ver gegenstand lich
ordnungsamtsleiterin	ordnungsamtsleiter in
südtirolerin	südtirol er in
säuferin	saufen er in
schmalzlockig	schmalzlocken ig
dänin	däne in
kurzurlauber	kurzurlaub er
verbindungslos	verbinden ung los
bürgermeisterstellvertreterin	bürgermeisterstellvertreter in
kirchenmusiker	kirchenmusik er
teilchenphysiker	teilchenphysik er
absender	absenden er
bildungsbürgerlich	bildungsbürger lich
filmgeschichtlich	filmgeschichte lich
schulin	schule in
lösung	lösen ung
appetitlich	appetit lich
abtrennbar	abtrennen bar
lockerung	lockern ung
aquarellmaler	aquarellmalen er
bundesgeschäftsführerin	bundesgeschäftsführer in
stollberger	stollberg er
kernphysiker	kernphysik er
kinderpfleger	kinderpflege er
beachtung	be acht ung
langmütig	langmut ig
großformatig	großformat ig
kulturchefin	kulturchef in
zigarettenverkäufer	zigarettenverkauf er
überbrückung	überbrücken ung
ersatzkandidatin	ersatzkandidat in
klosterschüler	klosterschule er
abstellung	abstellen ung
überlebenskämpfer	überlebenskampf er
holztürmchen	holzturm chen
weiterwanderung	weiterwandern ung
reiseveranstalterin	reiseveranstalter in
bauphysiker	bauphysik er
auslagerung	auslagern ung
legitimierung	legitim e ier ung
zukunftsfähigkeit	zukunftsfähig keit
bestellerin	bestellen er in
mehrheitsaktionärin	mehrheitsaktionär in
wesenlos	wesen los
operationsfähigkeit	operationsfähig keit
verminung	verminen ung
reinigungsunternehmer	reinigungsunternehmen er
steinigung	steinigen ung
geringschätzung	geringschätzen ung
verpuppung	ver puppe ung
sensationsgierig	sensationsgier ig
lichtenberger	lichtenberg er
fernsehreporterin	fernsehreporter in
verständigung	ver ständig ung
kleinlich	klein lich
sprachschüler	sprachschule er
mitwisserin	mitwissen er in
geisteswissenschaftlerin	geisteswissenschaft ler in
lebensreformer	lebensreform er
rudererin	rudern er in
begleiterin	begleiten er in
inselurlauber	inselurlaub er
fortbewegung	fortbewegen ung
landbesitzer	landbesitz er
wahlbeamtin	wahlbeamte in
denkmalspfleger	denkmalspflege er
ohrwurmig	ohrwurm ig
energieverbraucher	energieverbrauch er
kläger	klage er
staatsverbrecher	staatsverbrechen er
schwimmfähigkeit	schwimmfähig keit
aufsässigkeit	aufsässig keit
festbesucherin	festbesucher in
bandenchefin	bandenchef in
aufnahmefähigkeit	aufnahmefähig keit
menschenfreundlichkeit	menschenfreund lich keit
wiesenburger	wiesenburg er
blaustichig	blaustich ig
besatzungshoheitlich	besatzungshoheit lich
metallerin	metall er in
brückenbauer	brückenbauen er
lokomotivbauer	lokomotivbau er
ausländer	ausland er
beschneidung	beschneiden ung
raver	rave n er
ingenieurstudentin	ingenieurstudent in
stadtgärtner	stadtgarten er
steiermärker	steiermark er
machtpolitiker	machtpolitik er
hühnerzüchter	hühnerzucht er
aufsetzer	aufsetzen er
hochstämmig	hochstamm ig
konsensfähigkeit	konsensfähig keit
puppenmacherin	puppenmacher in
arbeitsgesellschaftlich	arbeitsgesellschaft lich
starnbergerin	starnberg er in
endverbraucher	endverbrauch er
verwertung	verwerten ung
kaliningrader	kaliningrad er
geheimhaltungsbedürftigkeit	geheimhaltungsbedürftig keit
überflieger	über fliege er
seniorin	seniore in
ehebrecherin	ehebrecher in
verfügung	verfügen ung
fernsehdarstellerin	fernsehdarsteller in
vollstreckung	vollstrecken ung
einleitung	einleiten ung
steckbrieflich	steckbrief lich
frühsommerlich	frühsommer lich
dichtung	dichten ung
nachlieferung	nachliefern ung
erläuterung	erläutern ung
jugendturner	jugendturnen er
wirklicher	wirklichen er
ausländerfeindlichkeit	ausländerfeind lich keit
abtretung	abtreten ung
tierpflegerin	tierpflege er in
verdauung	verdauen ung
glücksburger	glücksburg er
verschreibung	verschreiben ung
serviererin	servie ier er in
anhäufung	anhäufen ung
bernerin	bern er in
abtreiberin	abtreiben er in
rückständig	rückstand ig
fortbildung	fortbilden ung
kunstfertigkeit	kunstfertig keit
überholung	überholen ung
krankmeldung	krankmelden ung
erbrechtlich	erbrecht lich
redaktionssekretärin	redaktionssekretär in
kleinbesitzer	kleinbesitz er
ausbilderin	ausbilden er in
sportlichkeit	sport lich keit
ziegenbärtig	ziegenbart ig
affenartig	affenart ig
mitarbeiterin	mitarbeiten er in
liverpooler	liverpool er
unleserlich	un lese er lich
modellierer	modell ier er
gesundheitsurlauber	gesundheitsurlaub er
frontstädter	frontstadt er
unterschlagung	unterschlagen ung
waffenträger	waffentragen er
bayreuther	bayreuth er
undurchsichtigkeit	un durchsicht ig keit
räumlich	räumen lich
gewerblich	gewerbe lich
erziehungswissenschaftlich	erziehungswissenschaft lich
täschchen	tasche chen
seligkeit	selig keit
beiträger	beitragen er
bildkräftig	bildkraft ig
altenpflegeschüler	altenpflegeschule er
lübeckerin	lübeck er in
rundung	runden ung
bogenhauser	bogenhausen er
stellvertreter	stellvertreten er
hausväterlich	hausvater lich
stimmgewaltig	stimmgewalt ig
vorlesung	vorlesen ung
verkrümmung	verkrümmen ung
unrichtigkeit	un richten ig keit
weltenbummlerin	weltenbummler in
gardinenlos	gardine los
gattin	gatte in
projektleiterin	projektleiter in
faltig	falten ig
tankstellenpächterin	tankstellenpächter in
umschichtig	umschichten ig
polarisierung	polar isier ung
unanständigkeit	un anständig keit
schlückchen	schluck chen
bescheidener	bescheiden e er
turner	turnen er
übermenschlich	übermensch lich
puppenkünstlerin	puppenkünstler in
hundefreundin	hundefreund in
inbrünstig	inbrunst ig
unterordnung	unterordnen ung
unfruchtbarkeit	un fruchten bar keit
bösartigkeit	bösartig keit
sommersprossig	sommersprosse ig
verlagerung	verlagern ung
charakterschauspielerin	charakterschauspieler in
windschlüpfrigkeit	windschlüpfrig keit
bürgermeisterkandidatin	bürgermeisterkandidat in
fernsteuerung	fernsteuern ung
bogenberger	bogenberg er
polizeimeisterin	polizeimeister in
wettbewerbsteilnehmerin	wettbewerbsteilnehmer in
hochberger	hochberg er
wellenchefin	wellenchef in
mülheimer	mülheim er
bürochefin	bürochef in
übermäßig	übermaß ig
einspeisung	einspeisen ung
tierschutzrechtlich	tierschutzrecht lich
sexarbeiterin	sexarbeit er in
baumschützer	baumschutz er
wiederaufbereitung	wiederaufbereiten ung
artikulationsfähigkeit	artikulationsfähig keit
forellenzüchter	forellenzucht er
binnenwirtschaftlich	binnenwirtschaft lich
hexenhäuschen	hexenhaus chen
gespenstig	gespenst ig
kurfürstlich	kurfürst lich
dehnbarkeit	dehnbar keit
leitung	leiten ung
beschreibbar	beschreiben bar
busfahrer	busfahren er
pilzesucher	pilzesuche n er
zeitungsausträger	zeitungsaustragen er
innerweltlich	inner welt lich
verschwender	ver schwende er
umweltingenieurin	umweltingenieur in
bankkundin	bankkunde in
komödiantin	komödiant in
dürftigkeit	dürftig keit
figurenspieler	figurenspiel er
kranführerin	kranführer in
bankdrücker	bankdruck er
wechselseitigkeit	wechselseitig keit
dezernatsleiterin	dezernatsleiter in
verbuchung	ver buch ung
allgewaltig	allgewalt ig
straßenbauer	straßenbau er
trommelspieler	trommelspiel er
farbig	farbe ig
meßdienerin	meßdiener in
berufsberaterin	berufsberater in
hüpfer	hüpfen er
wiederernennung	wiederernennen ung
halbjährlich	halbjahr lich
vergrößerung	vergrößern ung
verhängung	verhängen ung
rauscher	rausch er
kurierin	kuri er in
rattenfängerin	rattenfang er in
brandschützer	brandschutz er
sprachwissenschaftlich	sprachwissenschaft lich
konsumkritiker	konsumkritik er
astin	ast in
füllung	füllen ung
ausschreitung	ausschreiten ung
residenzstädtchen	residenzstadt chen
felsberger	felsberg er
forster	forst er
erringung	erringen ung
undurchschaubar	un durchschauen bar
regierungskritiker	regierungskritik er
ausrichtung	ausrichten ung
wehrfähigkeit	wehrfähig keit
entstehung	entstehen ung
rekordsieger	rekordsieg er
prüfbar	prüfen bar
umweltfreundlichkeit	umweltfreund lich keit
übersteigerung	übersteigern ung
töchterchen	tochter chen
fabrikarbeiter	fabrikarbeit er
stauer	stauen er
treter	treten er
köstlichkeit	kost lich keit
stücklein	stück lein
regierungssprecherin	regierungssprecher in
umsetzung	umsetzen ung
entscheidungsfreudig	entscheidungsfreude ig
kelterung	keltern ung
liebenzeller	liebenzell er
hauptgewinner	hauptgewinn er
medizinstudentin	medizinstudent in
realpolitiker	realpolitik er
nationalisierung	nationale isier ung
zuständigkeit	zuständig keit
feldarbeiter	feldarbeit er
privatärztlich	privatarzt lich
römerin	rom er in
raumzeitlich	raumzeit lich
eintauschbar	eintauschen bar
edinburgher	edinburgh er
armierung	armieren ung
tarifpolitiker	tarifpolitik er
unförmig	unform ig
wohlfahrtsstaatlich	wohlfahrtsstaat lich
landung	landen ung
stararchitektin	stararchitekt in
überbelichtung	überbelichten ung
fischfänger	fischfang er
militärtransporter	militärtransport er
ungleichmäßigkeit	un gleichmaß ig keit
paderbornerin	paderborn er in
rückbezüglich	rückbezug lich
linkshändigkeit	linkshändig keit
investmentsparer	investmentsparen er
übermächtig	übermacht ig
großstädterin	großstadt er in
einseitigkeit	einseitig keit
mittlerin	mittler e in
spielverderberin	spielverderber in
bürgermeisterin	bürgermeister in
gegenöffentlichkeit	gegenöffentlich keit
realwirtschaftlich	realwirtschaft lich
plattenkäufer	plattenkauf er
wundertäter	wundertat er
arbeitsrechtlerin	arbeitsrecht ler in
lehramtlich	lehramt lich
nachinszenierung	nachinszenieren ung
rekordnationalspielerin	rekordnationalspieler in
fürsorger	fürsorge er
sittlichkeitsverbrecher	sittlichkeitsverbrechen er
zauberer	zaubern er
kartenlegerin	kartenlegen er in
thüringer	thüringen er
gärung	gären ung
prozeßbeobachterin	prozeßbeobachter in
bautzener	bautzen er
krebsanfälligkeit	krebsanfällig keit
untröstlich	un trost lich
gesundheitsverträglichkeit	gesundheitsverträglich keit
pockennarbig	pockennarbe ig
besorgung	besorgen ung
kanadier	kanada er
ausübung	ausüben ung
anzahlung	anzahlen ung
übergriffig	übergriff ig
verklärung	verklären ung
alleinerziehung	alleinerziehen ung
firmenchefin	firmenchef in
regimegegnerin	regimegegner in
landespolizeilich	landespolizei lich
sektenführerin	sektenführer in
tiefbauunternehmer	tiefbauunternehmen er
ehepartnerin	ehepartner in
bäcker	backen er
schlächter	schlachten er
schürer	schur er
absicherung	absichern ung
patentfähigkeit	patentfähig keit
beibehaltung	beibehalten ung
marxistin	marx ist in
kunstflieger	kunstfliegen er
helsinkier	helsinki er
bockig	bocken ig
wertstellung	wertstellen ung
hintergehung	hintergehen ung
burgenbauer	burgenbau er
hutmacherin	hutmacher in
friedensvertraglich	friedensvertrag lich
mittelfeldspieler	mittelfeldspiel er
offenlegung	offenlegen ung
ernährungsberaterin	ernährungsberater in
möglichkeit	möglich keit
menschlich	mensch lich
aachener	aachen er
gymnasiallehrerin	gymnasiallehrer in
nebenberuflich	nebenberuf lich
fügung	fügen ung
mehrstimmigkeit	mehrstimmig keit
strandung	stranden ung
laiendarstellerin	laiendarsteller in
ballettlehrerin	ballettlehrer in
fettnäpfchen	fettnapf chen
abfassung	abfassen ung
friedensverträglich	friedensvertrag lich
falschparker	falschparken er
schläfer	schläfe er
schnurrig	schnurren ig
zügelung	zügeln ung
taschendiebin	taschendieb in
frankensteiner	frankenstein er
gesellschaftswissenschaftlich	gesellschaftswissenschaft lich
versündigung	ver sünde ig e ung
fotoredakteurin	fotoredakteur in
naturwissenschaftlerin	naturwissenschaft ler in
bereithaltung	bereithalten ung
sprechbar	sprechen bar
postbeamtin	postbeamte in
semin	sem in
verfemung	ver feme ung
luftverkehrsrechtlich	luftverkehrsrecht lich
fünfhunderter	fünfhundert er
attentäter	attentat er
kippenberger	kippenberg er
läuterung	läutern ung
herzlichkeit	herz lich keit
vorbehaltlos	vorbehalt los
eisläuferin	eislaufen in
federlos	feder los
zickig	zicken ig
hochtechnisierung	hochtechnisch isier ung
belgraderin	belgrad er in
prager	prag er
lastenträger	lastentragen er
nuklearphysiker	nuklearphysik er
zwischenrufer	zwischenrufen er
ausspähung	ausspähen ung
ausläufer	auslauf er
testamentsvollstreckerin	testamentsvollstrecker in
sozialethiker	sozialethik er
ostarbeiter	ostarbeit er
tagesplaner	tagesplan er
unschlagbar	un schlagen bar
seitlich	seite lich
vorstadthäuschen	vorstadthaus chen
nordthüringer	nordthüringen er
streckung	strecken ung
wiederherstellbar	wiederherstellen bar
härtung	härten ung
nützlichkeit	nützen lich keit
abstumpfung	abstumpfen ung
offiziersschüler	offiziersschule er
großspender	großspende er
bergung	bergen ung
freudenstädter	freudenstadt er
parkbesucher	parkbesuch er
theaterbesucher	theaterbesuch er
altersgenossin	altersgenosse in
halbschattig	halbschatten ig
mitstreiterin	mitstreiten in
raubgierig	raubgier ig
tischnachbarin	tischnachbar in
nachrichtentechniker	nachrichtentechnik er
treuhänder	treuhand er
unveränderlich	un verändern lich
unpäßlichkeit	unpäßlich keit
nachberuflich	nach beruf lich
asylrechtlich	asylrecht lich
verdoppelung	ver doppeln el ung
preislich	preis lich
kaper	kap er
mobilisierungsfähigkeit	mobilisierungsfähig keit
kindler	kindl er
sowjetbotschafter	sowjetbotschaft er
überleiter	überleiten er
tramper	trampen er
fortzahlung	fortzahlen ung
zuordnung	zuordnen ung
ausdrücklich	ausdrücken lich
medienwirtschaftlich	medienwirtschaft lich
unumgänglichkeit	un umgang lich keit
verkünder	verkünden er
staatsekretärin	staatsekretär in
ausführbar	ausführen bar
querdenkerin	querdenken er in
österreicher	österreich er
ungemütlichkeit	un gemüt lich keit
sozialbetreuerin	sozialbetreuer in
lesefreudig	lesefreude ig
diffamierung	diffamieren ung
reisefreudigkeit	reisefreude ig keit
nordin	nord in
betäubung	betäuben ung
einhaltung	einhalten ung
dampfer	dampfen er
wasserschlößchen	wasserschloß chen
mehrheitseigentümerin	mehrheitseigentum er in
teepflückerin	teepflücker in
ponyreiterin	ponyreiten er in
bedachung	bedachen ung
ozeanier	ozeanien er
unheilbar	un heilen bar
thrakerin	thraker in
erdrosselung	erdrosseln ung
tanin	tan in
gleichmacher	gleichmachen er
oppositionspolitiker	oppositionspolitik er
saarländer	saarland er
stattlichkeit	statt lich keit
flugtauglichkeit	flugtauglich keit
nicolin	nicole in
schulpflichtig	schulpflicht ig
gebieterin	gebieten er in
puppenstübchen	puppenstube chen
geldverteiler	geldverteilen er
vollbeschäftigung	vollbeschäftigen ung
entmutigung	entmutigen ung
folterung	foltern ung
pastellfarbig	pastellfarbe ig
versinnbildlichen	ver sinnbild lich
autowäscher	autowaschen er
konkurrenzlos	konkurrenz los
ewigkeit	ewig keit
langläufer	langlaufen er
bezirksvorsteherin	bezirksvorsteher in
pilsner	pilsen er
tonlos	ton los
kommandantin	kommandant in
theoriegeschichtlich	theoriegeschichte lich
jenaer	jena er
gestalterin	gestalten er in
erbringung	erbringen ung
trockner	trocknen er
betriebswirtschaftsstudentin	betriebswirtschaftsstudent in
protektorin	protektor in
gestaltung	gestalten ung
entsorgungsunternehmer	entsorgungsunternehmen er
baupolizeilich	baupolizei lich
einlegung	einlegen ung
westenberger	westenberg er
schneidig	schneiden ig
verfügbarkeit	verfügbar keit
kindsmörder	kindsmord er
bernadin	bernad in
prozeßvertreterin	prozeßvertreter in
sambatänzerin	sambatänzer in
ausleitung	ausleiten ung
endgültigkeit	endgültig keit
verengung	verengen ung
oberschüler	oberschule er
täuscher	tausch er
restaurantkritiker	restaurantkritik er
speisung	speisen ung
wirtschaftspolitiker	wirtschaftspolitik er
sologeiger	sologeige er
teilung	teilen ung
bukarester	bukarest er
folgerung	folgern ung
einzelvertraglich	einzelvertrag lich
wirtschaftsprüferin	wirtschaftsprüfer in
belästigung	belästigen ung
fischverkäuferin	fischverkäufer in
fotokünstlerin	fotokunst ler in
umweltschützerin	umweltschutz er in
erklärungslos	erklären ung los
straffähigkeit	straffähig keit
verschleierung	ver schleier ung
pillenschlucker	pillenschlucken er
erzeugung	erzeugen ung
ausweitung	ausweiten ung
natürlichkeit	natürlich keit
mondsüchtig	mondsucht ig
lügner	lügen er
paarung	paaren ung
codierung	code ier ung
vermännlichen	ver mann lich
oberassistentin	oberassistent in
nahöstlich	nahost lich
metallarbeiter	metallarbeit er
eigensinnigkeit	eigensinn ig keit
mittelschüler	mittelschule er
detailfreudigkeit	detailfreude ig keit
fabrikantin	fabrikant in
architekturhistorikerin	architekturhistoriker in
umfahrung	umfahren ung
verleumdung	verleumden ung
soner	son er
auszählung	auszählen ung
vollzugstauglichkeit	vollzugstauglich keit
kreditfähigkeit	kreditfähig keit
bundesministerin	bundesminister in
lebensfeindlichkeit	lebensfeind lich keit
schlagkräftig	schlagkraft ig
verkohlung	ver kohle ung
altin	alt in
traktoristin	traktor ist in
absichtlich	absicht lich
tibeter	tibet er
atomexpertin	atomexperte in
juniorin	junior in
winterlich	winter lich
leiterin	leiten er in
aufrichtung	aufrichten ung
weltmusiker	weltmusik er
zollhäuschen	zollhaus chen
sachsenhauser	sachsenhausen er
anreicherung	anreichern ung
väterchen	vater chen
großeinkäufer	großeinkauf er
unterpächterin	unterpächter in
bewirtung	bewirten ung
ausschließung	aus schließen e ung
landespolitiker	landespolitik er
idsteiner	idstein er
sublimierung	sublime ier ung
norweger	norwegen er
lärmschützer	lärmschutz er
lichttechniker	lichttechnik er
schauspieldirektorin	schauspieldirektor in
ermangelung	ermangeln ung
gastrednerin	gastredner in
unredlich	un reden lich
einprägung	einprägen ung
taner	tan er
haushaltswirtschaftlich	haushaltswirtschaft lich
weltgeschichtlich	weltgeschichte lich
hausberger	hausberg er
schulanfänger	schulanfang er
notenbanker	notenbank er
gewalttätig	gewalttat ig
mißbilligung	mißbilligen ung
lästerer	lästern er
fingerhütchen	fingerhut chen
literaturagentin	literaturagent in
verfassungsgeschichtlich	verfassungsgeschichte lich
gemütlichkeit	gemüt lich keit
tiertransporter	tiertransport er
unkenntlichkeit	un kenntlich keit
verfeinerung	ver fein ung
sylvain	sylva in
anzüglich	anzug lich
drogenkrieger	drogenkrieg er
abedin	abed in
ereignislos	ereignis los
theaterchefin	theaterchef in
stimmigkeit	stimmen ig keit
nachdenklich	nachdenken lich
vereisung	vereisen ung
handlich	hand lich
vegetarierin	vegetarier in
verteilung	verteilen ung
zeitarbeiter	zeitarbeit er
zuverlässigkeit	zuverlässig keit
kunstvermittlerin	kunstvermittler in
gutachterin	gutachten er in
witterung	wittern ung
spärlichkeit	spärlich keit
schöpfung	schöpfen ung
lieblingsschauspielerin	lieblingsschauspieler in
farbenprächtig	farbenpracht ig
süchtig	sucht ig
fraktionsmitarbeiterin	fraktionsmitarbeiter in
erzähler	erzählen er
lichtung	lichten ung
verkehrlich	verkehren lich
schuldnerin	schuldner in
unsittlichkeit	unsitte lich keit
widerstandslos	widerstand los
einsatzfreudig	einsatzfreude ig
türsteherin	türsteher in
bildungssenatorin	bildungssenator in
erteilung	erteilen ung
darbietung	darbieten ung
gestaltbar	gestalten bar
obergutachter	obergutachten er
gemächlichkeit	gemach lich keit
habgierig	habgier ig
löslichkeit	löslich keit
lernfähigkeit	lernfähig keit
überschätzung	überschätzen ung
einzementierung	einzementieren ung
gastspieler	gastspiel er
einsiedler	einsiedeln er
baumpfleger	baumpflege er
homosexuellenfeindlichkeit	homosexuellenfeindlich keit
anhörung	anhören ung
schlemmer	schlemmen er
einkapselung	ein kapsel ung
nachchristlich	nach chr ist lich
wattig	watte ig
protestwähler	protestwahl er
markenlos	mark los
strangulierung	strangulieren ung
immissionsschutzrechtlich	immissionsschutzrecht lich
verstellung	verstellen ung
lagerleiterin	lagerleiter in
erhöhung	erhöhen ung
nachdichtung	nach dicht ung
rückgratlos	rückgrat los
bündnispartnerin	bündnispartner in
prokuristin	prokura ist in
schwächlich	schwach e lich
regierungsunfähigkeit	regierungsunfähig keit
krankenversicherungspflichtig	krankenversicherungspflicht ig
thronfolger	thronfolge er
hauptgeschäftsführerin	hauptgeschäftsführer in
ohrenschützer	ohrenschutz er
abrechnung	abrechnen ung
heuberger	heuberg er
ausformung	ausformen ung
fraktionslos	fraktion los
rechtswirksamkeit	rechtswirksam keit
umtauschbar	um tausch bar
naturschützerin	naturschutz er in
beibringung	beibringen ung
huldigen	huld ig
drogenpolitiker	drogenpolitik er
spitzenspielerin	spitzenspiel er in
schuldrechtlich	schuldrecht lich
verdichtung	ver dicht ung
lenin	len in
miniröckchen	minirock chen
anschaffung	anschaffen ung
hofheimer	hofheim er
beraterin	beraten er in
kronzeugin	kronzeuge in
geschichtsdenker	geschichtsdenken er
koblenzerin	koblenz er in
unsachlichkeit	un sache lich keit
rohstofflich	rohstoff lich
benützung	benützen ung
galeristin	galerie ist in
mehrkämpfer	mehrkampf er
doppelweltmeisterin	doppelweltmeister in
erwerbslos	erwerb los
teilnehmer	teilnehmen er
bundeskanzlerin	bundeskanzler in
nachmessung	nachmessen ung
lothringer	lothringen er
priesterin	priester in
ordnungspolitiker	ordnungspolitik er
zeitungsredakteurin	zeitungsredakteur in
plieninger	plieningen er
europatauglichkeit	europatauglich keit
investitionsfreudigkeit	investitionsfreude ig keit
windig	wind ig
auswahlspielerin	auswahlspiel er in
selbstverantwortlichkeit	selbstverantwortlich keit
festsitzung	festsitzen ung
verwundung	verwunden ung
ingenieurswissenschaftlich	ingenieurswissenschaft lich
volksschüler	volksschule er
textverständlichkeit	textverständlich keit
windung	winden ung
privatunternehmer	privatunternehmen er
rotenburger	rotenburg er
spionin	spion in
sportsenatorin	sportsenator in
behördensprecherin	behördensprecher in
badenerin	baden er in
rechtswissenschaftlerin	rechtswissenschaft ler in
violinspieler	violinspiel er
literaturdozentin	literaturdozent in
spielertrainerin	spielertrainer in
einpflanzung	einpflanzen ung
physikprofessorin	physikprofessor in
pfändung	pfänden ung
kantig	kanten ig
spannung	spannen ung
weltlich	welt lich
warentester	warentest er
bedrückung	bedrücken ung
mütterlichkeit	mutter lich keit
abendländer	abendland er
unstimmigkeit	un stimmen ig keit
plochinger	plochingen er
araberin	arab er in
bildstöckchen	bildstock chen
zeitmäßig	zeitmaß ig
rechtsfähigkeit	rechtsfähig keit
geldwäscher	geldwäsche er
tanzpädagogin	tanzpädagoge in
kalifornier	kalifornien er
verlader	verladen er
ligaspieler	ligaspiel er
übelkeit	übel keit
standesrechtlich	standesrecht lich
klarsichtig	klarsicht ig
verödung	veröden ung
lyoner	lyon er
korrektorin	korrektor in
lüneburger	lüneburg er
anästhesistin	anästhesie ist in
zeugin	zeuge in
architekturkritiker	architekturkritik er
höchstädter	höchstädt er
lichtfleckchen	lichtfleck chen
bearbeiter	bearbeiten er
angstlos	angst los
individualistin	individualist in
außergewöhnlich	außer gewöhnen lich
gründerzeitlich	gründerzeit lich
bedürfnislos	bedürfen nis los
zweizügigkeit	zweizügig keit
wolfsberger	wolfsberg er
prächtig	pracht ig
recyclingfähigkeit	recyclingfähig keit
theaterkritiker	theaterkritik er
pläuschchen	plausch chen
stuttgarterin	stuttgart er in
leuchtstäbchen	leuchtstab chen
stromlinienförmig	stromlinienform ig
gastregisseurin	gastregisseur in
kransberger	kransberg er
durchsichtigkeit	durchsicht ig keit
cheftrainerin	cheftrainer in
ortenberger	ortenberg er
randecker	randeck er
jamaikanerin	jamaika aner in
großstädter	großstadt er
ansprechpartnerin	ansprechpartner in
pfandleiher	pfandleihe er
verliererin	verlieren er in
projektierung	projekt ier ung
referatsleiterin	referatsleiter in
staatsrechtlich	staatsrecht lich
übernatürlich	übernatur lich
bezirkssekretärin	bezirkssekretär in
auslobung	ausloben ung
wonnig	wonne ig
beanspruchung	be anspruch ung
sprachheillehrerin	sprachheillehrer in
mitverantwortung	mitverantworten ung
baumeisterin	baumeister in
bühnenbauer	bühnenbau er
magersüchtig	magersucht ig
pilzig	pilz ig
reaktionslos	reaktion los
umsatzsteuerpflichtig	umsatzsteuerpflicht ig
marburgerin	marburg er in
freier	frei e er
personalwirtschaftlich	personalwirtschaft lich
bombenattentäter	bombenattentat er
schwarzbrenner	schwarzbrennen er
hundeführerin	hundeführer in
infizierung	infizieren ung
wucherer	wuchern er
diskussionsfähigkeit	diskussionsfähig keit
frühmittelalterlich	frühmittelalter lich
anbieter	anbieten er
löwenberger	löwenberg er
zeitungsverkäufer	zeitungsverkauf er
vieldeutigkeit	vieldeutig keit
somalier	somalia er
falkenburger	falkenburg er
verzweigung	ver zweig ung
königsmacherin	königsmacher in
spielführerin	spielführer in
fluchthelferin	fluchthelfer in
zuneigung	zuneigen ung
nukleartechniker	nukleartechnik er
schalter	schalten er
parteichefin	parteichef in
existenzfähigkeit	existenzfähig keit
mannschaftskollegin	mannschaftskollege in
peinigerin	pein ig er in
ladendiebin	ladendieb in
abrichtung	abrichten ung
übersinnlich	über sinn lich
regierungslos	regieren ung los
hauseigentümer	hauseigentum er
auffrischung	auffrischen ung
produktdesigner	produktdesign er
akin	ake in
sensibilisierung	sensibilisieren ung
kindermörderin	kindermord er in
hopfenbauer	hopfenbau er
schiller	schill er
jesuitenschüler	jesuitenschule er
wiesbadener	wiesbaden er
naturräumlich	naturraum lich
kitschig	kitsch ig
demokratisierung	demokrat isch isier ung
sozialarbeiterin	sozialarbeit er in
prorektorin	prorektor in
aufwärter	aufwarten er
quantenphysiker	quantenphysik er
schifferstädter	schifferstadt er
zurechnungsfähigkeit	zurechnungsfähig keit
eggenberger	eggenberg er
akrobatin	akrobat in
freiheitskämpferin	freiheitskampf er in
zweihunderter	zweihundert er
pflüger	pflug er
fürtherin	fürth er in
kinounternehmer	kinounternehmen er
südkoreanerin	südkorea aner in
rechner	rechnen er
riesin	ries in
alkoholisierung	alkohol isch isier ung
sprücheklopfer	sprücheklopfen er
einzelunternehmer	einzelunternehmen er
seiler	seil er
besserwisser	besserwissen er
heuchlerin	heucheln er in
mutmacherin	mutmachen er in
verstaatlichen	ver staat lich
beeinflussung	beeinflussen ung
startläuferin	startläufer in
marathonläuferin	marathonlaufen er in
cremig	creme ig
sonneberger	sonneberg er
weichlich	weich lich
hausarbeiter	hausarbeit er
schwammigkeit	schwamm ig keit
firmensprecherin	firmensprecher in
abschaffung	abschaffen ung
entscheidungsfähigkeit	entscheidungsfähig keit
breisgauer	breisgau er
vortrefflichkeit	vor trefflich keit
reformfeindlich	reformfeind lich
fernöstlich	fernost lich
hilfsarbeiterin	hilfsarbeit er in
beflaggung	beflaggen ung
nachlaßverwalterin	nachlaßverwalter in
mißlich	miß lich
amerikanisierung	amerika anisch isier ung
wuchtig	wuchten ig
übermächtigkeit	übermacht ig keit
aufmunterung	aufmuntern ung
necker	neck er
holzner	holzen er
undurchdringlichkeit	undurchdringlich keit
unterminierung	unterminieren ung
wahlgewinnerin	wahlgewinn er in
geschwätzig	schwatz sfx ig
abrißarbeiter	abrißarbeit er
sammlerin	sammler in
trotteligkeit	trottel ig keit
fischer	fischen er
steinhofer	steinhof er
oxforder	oxford er
vermehrung	ver mehr ung
macherin	machen er in
entsorgungsplaner	entsorgungsplan er
richtig	richten ig
berechtigung	berechtigen ung
rezitatorin	rezitator in
solistin	solist in
hartherzig	hartherz ig
vermögensverwalterin	vermögensverwalter in
marktmeisterin	marktmeister in
hochschätzung	hochschätzen ung
kalbin	kalb in
schloßherrin	schloßherr in
geschlechtsgenossin	geschlechtsgenosse in
aufschüttung	aufschütten ung
feuerleger	feuerlegen er
echolos	echo los
klavierspieler	klavierspielen er
friedlichkeit	frieden lich keit
stadtentwicklungsplaner	stadtentwicklungsplan er
bläser	blase er
lässigkeit	lässig keit
millionärin	million är in
gestaltlos	gestalten los
nutzfahrzeugbauer	nutzfahrzeugbau er
verhältnismäßigkeit	verhältnis mäßig keit
spielfreudig	spielfreude ig
schauspieler	schauspielen er
unauflöslichkeit	unauflöslich keit
widersprüchlich	widerspruch lich
holzhacker	holzhacken er
leckermäulchen	leckermaul chen
zwielichtig	zwielicht ig
ehrbarkeit	ehrbar keit
hinterlegung	hinterlegen ung
überdurchschnittlich	über durchschnitt lich
unaussprechbar	un aussprechen bar
billardspieler	billardspielen er
schändlich	schänden lich
schauspielerin	schauspielen er in
bewaldung	bewalden ung
supermächtig	supermacht ig
kränklich	kränken lich
gießener	gießen er
integrationsfähigkeit	integrationsfähig keit
nordirin	nordire in
funker	funken er
aspirantin	aspirant in
berücksichtigung	berücksichtigen ung
bridgespieler	bridgespielen er
springreiter	springreiten er
hauseigentümerin	hauseigentum er in
trickbetrüger	trickbetrug er
gegenseitig	gegenseite ig
akzentuierung	akzentuieren ung
prellung	prellen ung
weiterbildner	weiterbilden er
führungslos	führung los
kampftänzer	kampftanz er
entmachtung	entmachten ung
germanistikstudentin	germanistikstudent in
nellinger	nellingen er
ausschaltung	ausschalten ung
videospieler	videospiel er
unentschuldbar	un entschulden bar
kasteiung	kasteien ung
finanzberaterin	finanzberater in
gegenständlichkeit	gegenstand lich keit
skeptikerin	skeptiker in
zuschauer	zuschauen er
täfelung	täfeln ung
züchtigen	zucht ig
unmenschlichkeit	unmensch lich keit
schmerzlichkeit	schmerz lich keit
lämmchen	lamm chen
eigenstaatlichkeit	eigenstaatlich keit
schwätzer	schwätzen er
unmäßigkeit	un mäßig keit
wahrscheinlichkeit	wahrscheinlich keit
neuseeländerin	neuseeland er in
frohsinnig	frohsinn ig
nachzüchtung	nachzüchten ung
leiner	leine er
daumenlutscher	daumenlutschen er
frischhaltung	frischhalten ung
restlich	rest lich
hauptbelastungszeugin	hauptbelastungszeuge in
kundin	kunde in
waschbar	waschen bar
hündchen	hund chen
mordlustig	mordlust ig
fachhochschulprofessorin	fachhochschulprofessor in
gartenhäuschen	gartenhaus chen
verbannung	ver bann ung
ideologiegeschichtlich	ideologiegeschichte lich
denkerin	denker in
fahnenflüchtig	fahnenflucht ig
schwermütigkeit	schwermut ig keit
armbändchen	armband chen
lehrmeisterlich	lehrmeister lich
eder	ede er
finanzdezernentin	finanzdezernent in
moralistin	moral ist in
vereinigung	ver eine ig ung
umladung	umladen ung
kurdin	kurde in
ideengeschichtlich	ideengeschichte lich
demütigen	demut ig
bewohnbar	bewohnen bar
kleinhandwerker	kleinhandwerk er
gesundheitsministerin	gesundheitsminister in
säuberung	säubern ung
grafikdesigner	grafikdesign er
planerin	planen er in
datenschützerin	datenschutz er in
unterspülung	unterspülen ung
technisierung	technisch isier ung
akademikerin	akademiker in
osteuropäerin	osteuropäer in
blumberger	blumberg er
diplompsychologin	diplompsychologe in
lehramtsanwärterin	lehramtsanwärter in
leipziger	leipzig er
mannigfaltigkeit	mannigfaltig keit
rekordgewinner	rekordgewinn er
haarschneider	haarschneiden er
nordbadener	nordbaden er
abwägung	abwägen ung
unterrichtsministerin	unterrichtsminister in
ausländerrechtlich	ausländerrecht lich
kirchgänger	kirchgang er
aufbahrung	aufbahren ung
landesherrlich	landesherr lich
falter	falten er
volkspolizistin	volkspolizei ist in
bestallung	bestallen ung
anwender	anwenden er
funkerin	funken er in
weindörfchen	weindorf chen
vergegenwärtigung	ver gegenwart ig ung
redseligkeit	redselig keit
wimbledonsieger	wimbledonsieg er
bodenlos	boden los
kleinbauer	kleinbau er
fahrradständer	fahrradstand er
parlamentsvizepräsidentin	parlamentsvizepräsident in
umwälzung	umwälzen ung
jugendpolitikerin	jugendpolitik er in
südwürttemberger	südwürttemberg er
hainburger	hainburg er
schwefelhölzchen	schwefelholz chen
seriensiegerin	seriensieger in
leutseligkeit	leutselig keit
anständigkeit	anständig keit
unsinnig	unsinn ig
sozialpolitikerin	sozialpolitik er in
stadtplanerin	stadtplan er in
nachschulung	nachschulen ung
bekleidung	be kleid ung
beantragung	be antrag ung
stammfreier	stammfreie er
geschäftsunfähigkeit	geschäftsunfähig keit
drohung	drohen ung
achtbar	achten bar
riedstädter	riedstadt er
kurzlebigkeit	kurzlebig keit
kaufbeurener	kaufbeuren er
könner	können er
negierung	negieren ung
ausstellungsbesucher	ausstellungsbesuch er
löber	lob er
anteilseignerin	anteilseigner in
referentin	referent in
verkäuflichkeit	verkauf lich keit
gewinnträchtigkeit	gewinnträchtig keit
lackierung	lack ier ung
entwaldung	ent wald ung
neuburger	neuburg er
märchenerzähler	märchenerzählen er
entwicklungspsychologin	entwicklungspsychologe in
schartig	scharte ig
trostberger	trostberg er
nachbarlich	nachbar lich
jugendpfleger	jugendpflege er
schlichtung	schlichten ung
fertigung	fertigen ung
rumänin	rumäne in
westöstlicher	westöstlich e n er
pärchen	paaren chen
wämschen	wams chen
zuckerrübenanbauer	zuckerrübenanbau er
stockholmer	stockholm er
edin	ede in
entwaffnung	entwaffnen ung
gänschen	gans chen
deutschlehrerin	deutschlehrer in
wohnungsmieter	wohnungsmiete er
widersinnig	widersinn ig
anstellung	anstellen ung
vollständigkeit	vollständig keit
altenseelsorger	altenseelsorge er
login	log in
sparsamkeit	sparen sam keit
verwahrlosung	verwahrlosen ung
hecker	heck er
jugendhilfeplanerin	jugendhilfeplan er in
fraktionschefin	fraktionschef in
redenschreiberin	redenschreiber in
dubliner	dublin er
staatsministerin	staatsminister in
anfechtbar	anfechten bar
volksschullehrerin	volksschullehrer in
prüfung	prüfen ung
herzoglich	herzog lich
kernlos	kern los
atombomber	atombombe er
radiohörer	radiohören er
parteigenossin	parteigenosse in
bewegungsfreudig	bewegungsfreude ig
zollrechtlich	zollrecht lich
bewerber	bewerben er
pflanzenbauer	pflanzenbau er
neustifter	neustift er
bernardin	bernard in
straflos	strafen los
flüchtlingsberaterin	flüchtlingsberater in
aussagefähigkeit	aussagefähig keit
verbildlichen	ver bild lich
entscheidungslos	entscheiden ung los
künstlichkeit	kunst lich keit
untersagung	untersagen ung
teheraner	teheran er
störung	stören ung
laupheimer	laupheim er
voranmeldung	voranmelden ung
süßlich	süß lich
hanger	hang er
bedeutsamkeit	bedeuten sam keit
unverständlich	unverstand lich
erbeutung	er beuten ung
rentenversicherungspflichtig	rentenversicherungspflicht ig
verzeihlich	verzeihen lich
überanpassung	überanpassen ung
lichtlos	licht e los
sindelfinger	sindelfingen er
werbung	werben ung
ausgleichbar	ausgleichen bar
firmenkäufer	firmenkauf er
verfilmung	ver film ung
jungunternehmer	jungunternehmen er
abberufung	abberufen ung
verfehlung	ver fehl ung
assoziierung	assoziieren ung
berufsstarter	berufsstart er
baumgartner	baumgarten er
geschlechtlich	geschlecht lich
rastlos	rast los
nachbarbauer	nachbarbau er
finanzsenatorin	finanzsenator in
unsichtbarkeit	un sichten bar keit
osnabrückerin	osnabrück er in
entschädigung	entschädigen ung
stationierung	stationieren ung
verbüßung	verbüßen ung
stalinistin	stalin ist in
erwachsenenbildnerin	erwachsenenbildner in
profitsüchtig	profitsucht ig
laborassistentin	laborassistent in
religionsgeschichtlich	religionsgeschichte lich
krankenhausseelsorger	krankenhausseelsorge er
bärtchen	bart chen
regierungschefin	regierungschef in
hebung	heben ung
wohnungsbauministerin	wohnungsbauminister in
meinungsmacher	meinungsmache er
investmentbanker	investmentbank er
eigensinnig	eigensinn ig
kritikfreudigkeit	kritikfreudig keit
einzellig	einzelle ig
zentralbanker	zentralbank er
anmerkung	anmerken ung
fahrschülerin	fahrschule er in
fransig	fransen ig
mutwillig	mutwille ig
kühler	kühlen er
transfusionsmediziner	transfusionsmedizin er
werblich	werben lich
lebensmittelverkäuferin	lebensmittelverkäufer in
mißmutig	mißmut ig
strickerin	stricken er in
pokerspieler	pokerspiel er
wettbewerbsschützer	wettbewerbsschutz er
aufklärung	aufklären ung
pfarrerin	pfarre er in
wuchtigkeit	wuchten ig keit
skiläufer	skilaufen er
versöhnung	versöhnen ung
widerstandsunfähigkeit	widerstandsunfähig keit
rührigkeit	rühren ig keit
hermannstädter	hermannstadt er
mulattin	mulatte in
kunsthandwerklich	kunsthandwerk lich
völkerrechtlich	völkerrecht lich
verschanzung	ver schanze ung
ostfriesin	ostfriese in
raucher	rauchen er
bärbeißigkeit	bärbeißig keit
chemnitzer	chemnitz er
religionspädagogin	religionspädagoge in
minderwertig	minderwert ig
bergführerin	bergführer in
verhärtung	ver hart e ung
persönchen	person chen
erziehungsministerin	erziehungsminister in
spurenlos	spuren los
linienrichterin	linienrichter in
reparaturanfälligkeit	reparaturanfällig keit
radiomacherin	radiomachen er in
außenspielerin	außenspieler in
beweglich	bewegen lich
firmenrechtlich	firmenrecht lich
gastspielerin	gastspiel er in
flugbegleiterin	flugbegleiter in
kurstädtchen	kurstadt chen
beziehungslos	beziehen ung los
kniefällig	kniefall ig
lichtlein	licht lein
vorfertigung	vorfertigen ung
putzig	putzen ig
obdachloser	obdachlose n er
anerkennung	anerkennen ung
einbeinig	einbein ig
nachwuchswissenschaftlerin	nachwuchswissenschaftler in
erschütterung	erschüttern ung
veränderung	verändern ung
schuppig	schuppen ig
geldzähler	geldzählen er
zagreber	zagreb er
pilsener	pilsen er
verslein	vers lein
tagebuchschreiber	tagebuchschreiben er
tagwerker	tagwerk er
gesamtheitlich	gesamt heit lich
reederin	reede er in
kraftfahrzeugmechanikerin	kraftfahrzeugmechaniker in
unregelmäßigkeit	un regelmäßig keit
überfreundlich	über freund lich
vorarbeiter	vorarbeiten er
baskin	baske in
schullehrerin	schullehrer in
heimatdichterin	heimatdichter in
volljährigkeit	volljährig keit
begradigung	begradigen ung
töter	tote er
chorführerin	chorführer in
dämmung	dämmen ung
atheistin	atheist in
ludwigsburgerin	ludwigsburg er in
wäscherin	waschen er in
bauchig	bauch ig
freisprechung	freisprechen ung
austauschpartnerin	austauschpartner in
brudermörder	brudermord er
sympathisantin	sympathisant in
fremdenfeindlichkeit	fremdenfeind lich keit
ministerpräsidentin	ministerpräsident in
sportwissenschaftlerin	sportwissenschaft ler in
traditionslos	tradition los
erstwähler	erstwahl er
weitermeldung	weitermelden ung
straffälliger	straffälligen er
standfußballer	standfußball er
göttinger	göttingen er
madrider	madrid er
spinnerin	spinnen in
steuerungsfähigkeit	steuerungsfähig keit
reformierung	reform ier ung
postmitarbeiterin	postmitarbeiter in
verkehrsgutachter	verkehrsgutachten er
friesin	friese in
einstimmig	einstimmen ig
einbettung	einbetten ung
steuerfachgehilfin	steuerfachgehilfe in
russischlehrerin	russischlehrer in
andienung	andienen ung
fürstlich	fürst lich
vertauschung	vertauschen ung
nachbereitung	nachbereiten ung
erweiterung	erweitern ung
münchener	münchen er
gewöhnung	gewöhnen ung
überspezialisierung	überspezialisieren ung
allzeitig	allzeit ig
freizeitspieler	freizeitspiel er
tanneberger	tanneberg er
verbandsdirektorin	verbandsdirektor in
theaterwissenschaftlerin	theaterwissenschaft ler in
tänzer	tanz er
stärkung	stärken ung
nahostexpertin	nahostexperte in
manager	managen er
wilmersdorfer	wilmersdorf er
töchterlein	tochter lein
bratwürstchen	bratwurst chen
krustig	kruste ig
überspitzung	über spitz e ung
friedrichshafener	friedrichshafen er
stopfung	stopfen ung
militärexpertin	militärexperte in
mittelöstlich	mittelost lich
heimleiterin	heimleiter in
spaßig	spaß ig
kronberger	kronberg er
abschiebung	abschieben ung
dauerparker	dauerparken er
mitleidlos	mitleiden los
bolivianerin	bolivianer in
trostpflästerchen	trostpflaster chen
verwurzelung	ver wurzel ung
zweikämpfer	zweikampf er
brauchtumspfleger	brauchtumspflege er
feministin	feminist in
wasserwirtschaftlich	wasserwirtschaft lich
omnibusunternehmer	omnibusunternehmen er
bielefelderin	bielefelder in
erstaunlich	erstaunen lich
peruanerin	peru aner in
ablieferung	abliefern ung
klassenlos	klass los
offenherzigkeit	offenherzig keit
unterfütterung	unterfüttern ung
locker	locke er
reformfreudigkeit	reformfreude ig keit
ungefährlich	ungefähr e lich
starautorin	starautor in
bundesrichterin	bundesrichter in
gesangssolistin	gesangssolist in
streetworkerin	streetworker in
eingängigkeit	eingängig keit
abschottung	abschotten ung
politikwissenschaftlich	politikwissenschaft lich
bedeutungslos	bedeuten ung los
landurlauber	landurlaub er
verheimlichung	ver heimlich ung
wiedereinsteigerin	wiedereinsteiger in
celestin	celeste in
rückenschwimmer	rückenschwimmen er
schulschwänzer	schulschwänzen er
schichtarbeiterin	schichtarbeit er in
bekehrer	bekehren er
richterlich	richten er lich
vergeßlichkeit	vergeßlich keit
musiklehrer	musiklehre er
starschauspielerin	starschauspieler in
aschaffenburger	aschaffenburg er
risikolos	risiko los
chemiewerker	chemiewerk er
unwillig	unwille ig
kurdenpolitiker	kurdenpolitik er
unantastbarkeit	unantastbar keit
holker	holke er
schöffin	schöffe in
sozialverträglich	sozialvertrag lich
gewöhnlich	gewöhnen lich
teehäuschen	teehaus chen
zulieferung	zuliefern ung
kontrabassistin	kontrabassist in
langzeitstudentin	langzeitstudent in
konservatorin	konservator in
wahlberlinerin	wahlberliner in
ostberliner	ostberlin er
widerspruchsführerin	widerspruchsführer in
erdig	erden ig
vermieterin	vermieten er in
lektorin	lektor in
müllerin	mull er in
diebespärchen	diebespaar chen
betriebsleiterin	betriebsleiter in
verblutung	ver blut ung
fischerdörfchen	fischerdorf chen
einzeltäter	einzeltat er
songschreiberin	songschreiben er in
reisefreudig	reisefreude ig
klubkollegin	klubkollege in
verselbständigung	ver selbständig ung
schleifung	schleifen ung
heidelbergerin	heidelberg er in
hochspannung	hochspannen ung
rehabilitierung	rehabilitieren ung
rechtmäßigkeit	rechtmäßig keit
begreiflich	begreifen lich
ebenmäßigkeit	ebenmaß ig keit
überdehnung	überdehnen ung
mannheimerin	mannheim er in
nichtsnutzig	nichtsnutzen ig
trockenlegung	trockenlegen ung
freiheitskämpfer	freiheitskampf er
mittelstürmerin	mittelstürmer in
weltpolitiker	weltpolitik er
breiig	brei ig
geschichtenerzählerin	geschichtenerzählen er in
verhüllung	ver hüllen ung
kundschafterin	kundschaften in
verschlimmerung	ver schlimm ung
kreisspieler	kreisspiel er
grundstücksbesitzerin	grundstücksbesitz er in
schreinerin	schrein er in
unnachsichtig	un nachsicht ig
dornberger	dornberg er
einflußlos	einfluß los
biegung	biegen ung
althistorikerin	althistoriker in
starrköpfig	starrkopf ig
jesulein	jesu lein
spaßmacher	spaßmachen er
abwegigkeit	abweg ig keit
wiederbelebung	wiederbeleben ung
pressechefin	pressechef in
unterbelichtung	unterbelichten ung
zustimmungspflichtig	zustimmungspflicht ig
mäßigkeit	mäßig keit
kurpfälzer	kurpfalz er
rainer	rain er
maschinenschriftlich	maschinenschrift lich
gebieter	gebieten er
zwischenzeitlich	zwischenzeit lich
kirchenamtlich	kirchenamt lich
landtagspräsidentin	landtagspräsident in
ermahnung	ermahnen ung
wiedererlangung	wiedererlangen ung
geschäftemacher	geschäftemachen er
servierer	servie ier er
gedanklich	gedanke lich
staatsfeindlichkeit	staatsfeind lich keit
industriestädtchen	industriestadt chen
exkommunizierung	exkommunizieren ung
hindin	hinde in
radlos	rad los
radikalreformer	radikalreform er
beistellung	beistellen ung
futterhäuschen	futterhaus chen
erhärtung	erhärten ung
freyberger	freyberg er
nachträglich	nachtrag lich
amateurfunker	amateurfunk er
musiker	musik er
abschirmung	abschirmen ung
verschickung	ver schick ung
weltklasseathletin	weltklasseathlet in
kleinbürgerlich	kleinbürger lich
tübinger	tübingen er
beschilderung	beschildern ung
frauenlos	frau los
rechtfertigung	rechtfertigen ung
treppchen	treppe chen
athletin	athlet in
altenburger	altenburg er
rundlich	rund lich
zeitgeschichtlich	zeitgeschichte lich
justizbeamtin	justizbeamte in
freistaatlich	freistaat lich
zufriedenstellung	zufriedenstellen ung
tuttlinger	tuttlingen er
heilbronnerin	heilbronn er in
veränderbar	verändern bar
schwanzlos	schwanz los
senkrechtstarter	senkrechtstart er
wohnung	wohnen ung
bereisung	bereisen ung
athener	athene er
verausgabung	verausgaben ung
liebkosung	liebkosen ung
unhandlichkeit	un hand lich keit
wesselin	wessel in
unzweckmäßigkeit	un zweck mäßig keit
einzelsiegerin	einzelsieg er in
braunlager	braunlage er
großspurigkeit	großspurig keit
altmühltaler	altmühltal er
steinberger	steinberg er
einschiffung	ein schiff ung
verbandspolitiker	verbandspolitik er
optiker	optik er
leinenlos	leinen los
unbilligkeit	unbill ig keit
trommlerin	trommeln er in
überstaatlich	überstaat lich
vergegenständlichen	ver gegenstand lich
münchenerin	münchen er in
überempfindlichkeit	über empfinden lich keit
basketballer	basketball er
mongolin	mongole in
erniedrigung	erniedrigen ung
steigung	steigen ung
finanzkräftig	finanzkraft ig
ausstaffierung	ausstaffieren ung
hörer	hören er
mainzer	mainz er
küster	küste er
kinderfreundlichkeit	kinderfreund lich keit
behinderung	behindern ung
turnlehrerin	turnlehrer in
zerstörer	zerstören er
endlich	ende lich
westbesucher	westbesuch er
verfrachtung	ver fracht ung
siebenbürger	siebenbürge n er
ministerialdirektorin	ministerialdirektor in
unruhestifterin	unruhestifter in
eroberung	erobern ung
großfürstin	großfürst in
lebenszeitlich	lebenszeit lich
folgenlos	folgen e los
winzigkeit	winzig keit
frostig	frost ig
starter	starten er
übersättigung	übersättigen ung
reykjaviker	reykjavik er
zahlenmystiker	zahlenmystik er
tiefschläfer	tiefschlaf er
zählung	zählen ung
schmittlein	schmitt lein
staatlich	staat lich
veranschaulichung	ver anschauen lich ung
gemüsehändlerin	gemüsehändler in
vermittelbar	vermitteln bar
betrüblich	betrüben lich
planungsrechtlich	planungsrecht lich
begünstigen	be gunst ig
widerstandskämpferin	widerstandskampf er in
bastler	basteln er
sozialfürsorger	sozialfürsorge er
folterer	foltern er
sortierbar	sortieren bar
kulturpolitiker	kulturpolitik er
grantig	grant ig
kaufkräftig	kaufkraft ig
altlandsberger	altlandsberg er
distanzierung	distanz ier ung
fremdsprachenkorrespondentin	fremdsprachenkorrespondent in
freiburger	freiburg er
wirklichkeit	wirken lich keit
titelverteidigerin	titelverteidiger in
aquarellmalerin	aquarellmalen er in
chefreporterin	chefreporter in
weiher	weihe er
mandeläugig	mandelauge ig
kippbar	kippen bar
kleintierzüchter	kleintierzucht er
eicher	eiche er
kundenbetreuerin	kundenbetreuer in
nachsichtig	nachsicht ig
krankentransporter	krankentransport er
vertragsarbeiterin	vertragsarbeiter in
großzügigkeit	großzügig keit
kontaktfreudigkeit	kontaktfreudig keit
kirchenpolitiker	kirchenpolitik er
botin	bote in
väterlich	vater lich
abbestellung	abbestellen ung
lügnerin	lügen er in
titellos	titel los
angolanerin	angola aner in
rollschuhläufer	rollschuhlaufen er
verleumder	verleumden er
justierung	justieren ung
klingenberger	klingenberg er
ungeheuerlich	ungeheuer lich
lückenlos	lücke los
zahntechniker	zahntechnik er
volkswirtschaftlich	volkswirt schaft lich
ganztagsschüler	ganztagsschule er
räumchen	raum chen
sexualisierung	sex ual isier ung
feuerwerker	feuerwerk er
kenner	kennen er
kämpferin	kämpfen er in
vergötterung	ver gott ung
veränderlich	verändern lich
farmarbeiter	farmarbeit er
fernsehzuschauerin	fernsehzuschauer in
vorsichtigkeit	vorsicht ig keit
biophysikerin	biophysik er in
kommunikationslos	kommunikation los
ehrfurchtslos	ehrfurcht los
balinger	balingen er
absolvierung	absolvieren ung
schwerbehinderung	schwerbehindern ung
ballung	ballen ung
elsässerin	elsässer in
verzahnung	verzahnen ung
weiterblättern	weiterblatt er
freisetzung	freisetzen ung
federung	federn ung
wegbereiterin	wegbereiter in
regenlos	regen los
vermessungstechniker	vermessungstechnik er
literaturgeschichtlich	literaturgeschichte lich
vertreibung	vertreiben ung
waldbauer	waldbau er
viehräuber	viehraub er
pflasterung	pflastern ung
main	mae in
berichtspflichtig	berichtspflicht ig
finalgegnerin	finalgegner in
unsichtbar	un sichten bar
grundsatzreferentin	grundsatzreferent in
anwerbung	anwerben ung
augenfälligkeit	augenfällig keit
vollautomatisierung	vollautomat isch isier ung
pferdehalterin	pferdehalter in
langsamfahrer	langsamfahren er
marlin	marle in
ortung	orten ung
irakerin	irak er in
kirchenreformer	kirchenreform er
umweltsünder	umweltsünde er
finanzwirtschaftlich	finanzwirt schaft lich
hauptkassiererin	hauptkassierer in
überwachungsstaatlich	überwachungsstaat lich
abstufung	abstufen ung
alleinerbin	alleinerbe in
computermusiker	computermusik er
neuzeller	neuzelle er
ruhelos	ruhe los
verdächtigen	verdacht ig
medikamentenabhängigkeit	medikamentenabhängig keit
bewahrung	bewahren ung
rüsselsheimer	rüsselsheim er
kapellmeisterin	kapellmeister in
ostpreußin	ostpreuße in
opferung	opfern ung
aktionsfähigkeit	aktionsfähig keit
ausspielung	ausspielen ung
aufstockung	aufstocken ung
glasgower	glasgow er
ukrainer	ukraine er
erwerber	erwerben er
kellermeisterin	kellermeister in
dämpfung	dämpfen ung
anfänglich	anfang lich
großherzigkeit	großherzig keit
straftäterin	straftat er in
wallung	wallen ung
gesundheitsarbeiter	gesundheitsarbeit er
dolmetscher	dolmetschen er
abstempelung	ab stempeln el ung
industriemechanikerin	industriemechaniker in
lohnarbeiterin	lohnarbeit er in
ermutigung	ermutigen ung
rufer	rufen er
abwertung	abwerten ung
einmalig	einmalen ig
gespielin	spielen sfx in
engin	eng e in
südthüringer	südthüringen er
notwendiger	notwendigen er
bestürzung	bestürzen ung
vizebürgermeisterin	vizebürgermeister in
universalerbin	universalerbe in
farbspritzer	farbspritze er
gesprächspartnerin	gesprächspartner in
werbegrafikerin	werbegrafik er in
rosenkönigin	rosenkönig in
verstärker	ver stark e er
fachwerkstädtchen	fachwerkstadt chen
schlager	schlagen er
kartin	karte in
unabhängigkeitskämpfer	unabhängigkeitskampf er
schwitzig	schwitzen ig
begehung	begehen ung
tütchen	tute chen
enthüllung	enthüllen ung
sigmaringer	sigmaringen er
vorwitzig	vorwitz ig
niveaulos	niveau los
schönberger	schönberg er
nuklearmediziner	nuklearmedizin er
liederlichkeit	liederlich keit
einmischung	einmischen ung
avantgardistin	avantgarde ist in
zuwendung	zuwenden ung
untertänigkeit	untertane ig keit
rechtshänderin	rechtshänder in
parteisekretärin	parteisekretär in
chin	che in
schwerelos	schwer e los
hilfswillig	hilfswille ig
bühnengestalter	bühnengestalt er
familienfreundlich	familienfreund lich
unerklärlichkeit	un erklären lich keit
bundesstaatlich	bundesstaat lich
pfiffig	pfiff ig
europakritiker	europakritik er
vieleckig	vieleck ig
bläulich	blau e lich
lübecker	lübeck er
waldbaulich	waldbau lich
lackierer	lack ier er
hintergründig	hintergrund ig
kriegerin	krieg er in
mischung	mischen ung
gastfreundlich	gastfreund lich
ostschweizer	ostschweiz er
könnerin	können er in
menschenrechtsaktivistin	menschenrechtsaktivist in
unholdin	unholde in
erlahmung	erlahmen ung
verkäuflich	verkauf lich
landesverräter	landesverrat er
auspowerung	auspowern ung
binder	binde er
verwaltungsleiterin	verwaltungsleiter in
nordspanier	nordspanien er
äußerlich	äußern lich
nationalspieler	nationalspiel er
geruchslos	geruch los
sozialverträglichkeit	sozialvertrag lich keit
schreiberin	schreiben er in
anregung	anregen ung
verwaltungschefin	verwaltungschef in
rötlich	röten lich
wahlmünchnerin	wahlmünchner in
apothekerin	apotheke er in
heimatstädtchen	heimatstadt chen
sticker	sticken er
verdränger	verdrängen er
spreizung	spreizen ung
mutlos	mut los
unverständlichkeit	unverstand lich keit
überzeugung	überzeugen ung
genießbarkeit	genießen bar keit
strapazierfähigkeit	strapazierfähig keit
birger	birge er
klärchen	klar chen
sportfischer	sportfischen er
sehnlich	sehnen lich
unumkehrbar	un umkehren bar
tontäfelchen	tontafel chen
beschränkung	beschränken ung
stahlarbeiter	stahlarbeit er
fernschreiber	fernschreiben er
kratzer	kratzen er
überdeckung	über decke ung
profitgierig	profitgier ig
frankenberger	frankenberg er
kaffeepflücker	kaffeepflücken er
eisesser	eisesse er
gottesdienstbesucherin	gottesdienstbesuch er in
spielbar	spielen bar
samenspender	samenspende er
kommunistin	kommunist in
ungeschlechtlich	un geschlecht lich
kunstwissenschaftlerin	kunstwissenschaft ler in
farmer	farm er
weinbauer	weinbau er
zuseher	zusehen er
brunner	brunnen er
herausforderung	herausfordern ung
begrifflich	begriff lich
unmerklich	un merken lich
brötchen	brot chen
handelspolitiker	handelspolitik er
leugnung	leugnen ung
testesser	testesse er
installationskünstlerin	installationskunst ler in
geschmeidig	geschmeide ig
nacheiferung	nacheifern ung
angreifer	angreifen er
gewerberechtlich	gewerberecht lich
rückkehrwillig	rückkehrwille ig
brunnenbauer	brunnenbau er
zuzahlung	zuzahlen ung
wirtschaftsprofessorin	wirtschaftsprofessor in
unversöhnlichkeit	unversöhnlich keit
belustigung	belustigen ung
zuwanderung	zuwandern ung
untergrabung	untergraben ung
individualrechtlich	individualrecht lich
wanderarbeiter	wanderarbeit er
ritter	ritt er
mitwirkung	mitwirken ung
dickbauchig	dickbauch ig
zugänglich	zugang lich
erlöserin	erlösen er in
kupplerin	kuppler in
schuldigkeit	schuld ig keit
abschweifung	abschweifen ung
überlebensnotwendigkeit	über lebensnotwendig keit
überdimensionierung	überdimensionieren ung
gesamtstaatlich	gesamtstaat lich
rottenburger	rottenburg er
interpretationsfähigkeit	interpretationsfähig keit
waliserin	waliser in
findigkeit	findig keit
bootsbauer	bootsbau er
überbelegung	über beleg ung
hundehalterin	hundehalter in
zubilligung	zubilligen ung
schillern	schill er
pilzförmig	pilzform ig
abstammung	abstammen ung
kutschenfahrer	kutschenfahren er
operettensängerin	operettensänger in
heimführung	heimführen ung
streitigkeit	streiten ig keit
einsatzfähigkeit	einsatzfähig keit
landesbeamtin	landesbeamte in
bodengutachter	bodengutachten er
färberin	farbe er in
chorleiterin	chorleiter in
vorauszahlung	vorauszahlen ung
hochrechnung	hochrechnen ung
unfreundlichkeit	un freund lich keit
spitzensportlerin	spitzensport ler in
klarinettistin	klarinette ist in
metaller	metall er
wankelmütig	wankelmut ig
schmuggler	schmuggeln er
pieper	piepen er
stofflichkeit	stoff lich keit
optikerin	optik er in
entzifferung	entziffern ung
sindelfingerin	sindelfingen er in
schaltung	schalten ung
marketenderin	marketender in
überglücklich	über glück lich
kirchlich	kirche lich
einschüchterung	einschüchtern ung
politikstudentin	politikstudent in
fernsehkritiker	fernsehkritik er
eifersüchtig	eifersucht ig
schleifer	schleifen er
steller	stellen er
parteikritiker	parteikritik er
steuerzahler	steuerzahl er
körperverträglichkeit	körperverträglich keit
wendelsteiner	wendelstein er
waldschützer	waldschutz er
schußwaffenbesitzer	schußwaffenbesitz er
erdarbeiter	erdarbeit er
vereinigen	ver eine ig
arbeitnehmerin	arbeitnehmer in
akkordeonspielerin	akkordeonspiel er in
chronistin	chronisch ist in
karlsteiner	karlstein er
gesinnungsgenossin	gesinnungsgenosse in
rechtspolitiker	rechtspolitik er
profisportlerin	profisport ler in
verdaulich	verdauen lich
spießigkeit	spießen ig keit
übersetzerin	übersetzen er in
einhebung	einheben ung
gesetzmäßigkeit	gesetz mäßig keit
verschuldung	ver schuld ung
mainstädter	mainstadt er
jährlich	jähren lich
langzeitig	langzeit ig
ermäßigung	ermäßigen ung
friedenstifter	friedenstiften er
fragesteller	fragestelle er
temperamentlos	temperament los
zweitgutachter	zweitgutachten er
begutachtung	begutachten ung
kinderfreundlich	kinderfreund lich
bärtig	barte ig
historiker	historik er
figürlich	figur lich
diskussionsleiterin	diskussionsleiter in
dienstpflichtig	dienstpflicht ig
elternsprecherin	elternsprecher in
wiedervereinigung	wiedervereinigen ung
auswanderung	auswandern ung
erzieherin	erziehen er in
einzelhändlerin	einzelhändler in
bearbeitung	bearbeiten ung
ungiftig	un giften ig
unscheinbarkeit	un scheinen bar keit
achtsamkeit	achten sam keit
körperfeindlichkeit	körperfeindlich keit
tierfreundin	tierfreund in
ungesellig	un gesellen ig
privatfunker	privatfunk er
rechtsexpertin	rechtsexperte in
streifig	streifen ig
dörflich	dorf lich
weiterverarbeitung	weiterverarbeiten ung
tränkung	tränken ung
beschädigung	beschädigen ung
raketentechniker	raketentechnik er
überbevölkerung	überbevölkern ung
heimatlich	heimat lich
haupttäterin	haupttat er in
landeskirchlich	landeskirche lich
ausspülung	ausspülen ung
kanalbauer	kanalbau er
sozialpsychologin	sozialpsychologe in
theaterschauspielerin	theaterschauspieler in
brillenträgerin	brillenträger in
russin	russe in
subventionierung	subvention ier ung
ernährungsmediziner	ernährungsmedizin er
georgierin	georgien er in
redlichkeit	reden lich keit
cellistin	cellist in
verwaltungsrechtlich	verwaltungsrecht lich
duselig	dusel ig
romantikerin	romantik er in
wächter	wächte er
lindauer	lindau er
schlafwandlerin	schlafwandler in
juristin	jura ist in
meisterschülerin	meisterschule er in
regionalgeschichtlich	regionalgeschichte lich
eigennützig	eigennutz ig
marktfähigkeit	marktfähig keit
männlich	mann lich
schweißerin	schweißen in
bonner	bonne er
gesundheitspolizeilich	gesundheitspolizei lich
steinecker	steineck er
üppigkeit	üppig keit
kontrollierbar	kontrolle ier bar
aufheller	aufhellen er
ausständig	ausstand ig
bühler	buhl er
kehrer	kehre er
feigenblättchen	feigenblatt chen
fernzündung	fernzünden ung
firmenbesitzer	firmenbesitz er
pietätlos	pietät los
digitalisierung	digitale isier ung
tempelbauer	tempelbau er
lichtpünktchen	lichtpunkt chen
bundestagsvizepräsidentin	bundestagsvizepräsident in
errichtung	errichten ung
materielos	materie los
schmuckdesigner	schmuckdesign er
konfliktfähigkeit	konfliktfähig keit
kosmetiker	kosmetik er
schönfärber	schönfärben er
inger	inge er
bibliothekarin	bibliothekar in
metaphysiker	metaphysik er
grimmigkeit	grimm e ig keit
waldhauser	waldhausen er
pokalsiegerin	pokalsieg er in
biomechaniker	biomechanik er
einwechselung	einwechseln ung
domstädter	domstadt er
versammlungsrechtlich	versammlungsrecht lich
kinnbärtchen	kinnbart chen
adventlich	advent lich
unstimmig	un stimmen ig
wirtschaftswunderlich	wirtschaftswunder lich
wirtschaftlichkeit	wirtschaften lich keit
töchterlich	tochter lich
dimensionierung	dimension ier ung
gemeindepfarrerin	gemeindepfarrer in
tankstellenräuber	tankstellenraub er
rentenrechtlich	rentenrecht lich
postbotin	postbote in
fremdenfreundlichkeit	fremdenfreundlich keit
bildlichkeit	bild lich keit
nachdenklicher	nachdenklichen er
ehrlichkeit	ehrlich keit
sehnsüchtig	sehnsucht ig
judenfreundlich	judenfreund lich
erforscher	er forsch er
ungewöhnlichkeit	un gewöhnen lich keit
fadenscheinig	fadenschein ig
achteckig	achteck ig
psychologin	psychologe in
popsängerin	popsänger in
programmatiker	programmatik er
melderechtlich	melderecht lich
stutzer	stutz er
krankenpflegerin	krankenpflege er in
propagandistin	propaganda ist in
ungelenkigkeit	un gelenk ig keit
knurrig	knurren ig
dudelsackpfeifer	dudelsackpfeife er
leidensgefährtin	leidensgefährte in
ermittlungsrichterin	ermittlungsrichter in
einzelsieger	einzelsieg er
förmlichkeit	förmlich keit
staffelung	staffeln ung
förderung	fördern ung
westberlinerin	westberlin er in
jähzornig	jähzorn ig
einzelfallhelferin	einzelfallhelfer in
geschirrspüler	geschirrspülen er
puter	pute er
polenfeindlichkeit	polenfeindlich keit
landesbanker	landesbank er
neunecker	neuneck er
dogmatiker	dogmatik er
hochspringerin	hochspringen er in
medienreferentin	medienreferent in
hochschuldozentin	hochschuldozent in
stromberger	stromberg er
matin	mate in
buschig	busch ig
haller	hall er
pflegehelferin	pflegehelfer in
erreger	erregen er
berlinbesucher	berlinbesuch er
enthüller	enthüllen er
bromberger	bromberg er
presseöffentlichkeit	presseöffentlich keit
einpendler	einpendeln er
verantwortungsethiker	verantwortungsethik er
sozialstaatlich	sozialstaat lich
mehrheitsfähigkeit	mehrheitsfähig keit
regionalligaspielerin	regionalligaspiel er in
erschlaffung	erschlaffen ung
auszeichnung	auszeichnen ung
kriminaldirektorin	kriminaldirektor in
untrennbar	un trennen bar
neapolitanerin	neapolitaner in
agraringenieurin	agraringenieur in
frauensenatorin	frauensenator in
schwergewichtsboxer	schwergewichtsboxen er
anilin	anil in
musterschüler	musterschule er
rummelsberger	rummelsberg er
nichtarbeiter	nichtarbeit er
besiedelung	besiedeln ung
weggefährtin	weggefährte in
entgiftung	entgiften ung
angeber	angeben er
täuber	taube er
psychologieprofessorin	psychologieprofessor in
verantwortungslos	verantworten ung los
christopher	christophe er
neuenburger	neuenburg er
ausweislos	ausweisen los
modifizierung	modifizieren ung
pflegedirektorin	pflegedirektor in
umschreibung	umschreiben ung
barockschlößchen	barockschloß chen
schlagzeugerin	schlagzeug er in
akkordeonspieler	akkordeonspiel er
aalener	aalen er
verweslich	verwesen lich
feiertäglich	feiertag lich
unentbehrlichkeit	un entbehren lich keit
erwerbswirtschaftlich	erwerbswirtschaft lich
spieler	spielen el er
haftunfähigkeit	haftunfähig keit
heilerziehungspflegerin	heilerziehungspflege er in
spanierin	spanien er in
briefsteller	briefstelle er
jogger	joggen er
kinobesucher	kinobesuch er
zurichtung	zurichten ung
mietrechtlich	mietrecht lich
neubürgerlich	neuburg er lich
skispringer	skispringen er
verwalterin	verwalten er in
ökobauer	ökobau er
offenburger	offenburg er
industriearbeiter	industriearbeit er
wetzlarer	wetzlar er
zudringlichkeit	zudringlich keit
wirtschaftsfreundlich	wirtschaftsfreund lich
seufzer	seufzen er
eigenheimbauer	eigenheimbau er
iranerin	iran er in
autobahnbauer	autobahnbau er
postkutscher	postkutsche er
pfälzer	pfalz er
weiterreichung	weiterreichen ung
wurmig	wurmen ig
dekorateurin	dekorateur in
undurchführbar	un durchführen bar
unterscheidbar	unterscheiden bar
namibier	namibia er
erfüllungsgehilfin	erfüllungsgehilfe in
schwulstig	schwulst ig
herzförmig	herzform ig
gewerkschaftsaktivistin	gewerkschaftsaktivist in
mittelbäuerlich	mittelbau er lich
wuppertaler	wuppertal er
zustimmung	zustimmen ung
filmschauspielerin	filmschauspieler in
trübung	trüben ung
heldin	held in
vorspiegelung	vorspiegeln ung
steuerpflichtig	steuerpflicht ig
ehrenberger	ehrenberg er
abspielbar	ab spielen el bar
überalterung	über alter ung
sonderung	sondern ung
hausverwalterin	hausverwalter in
gruppenführerin	gruppenführer in
stecher	stechen er
kielerin	kiel er in
impfung	impfen ung
visualisierung	visual isier ung
parteispender	parteispende er
rempler	rempeln er
spielfähigkeit	spielfähig keit
freistellung	freistellen ung
zwischenschaltung	zwischenschalten ung
schwergängigkeit	schwergängig keit
kurzatmigkeit	kurzatmig keit
hinterlassung	hinterlassen ung
schmerzlos	schmerz los
unverdächtig	un verdacht ig
vergegenständlichung	ver gegenstand lich ung
stichhaltigkeit	stichhaltig keit
hauptakteurin	hauptakteur in
irrwitzig	irrwitz ig
leichtsinnig	leichtsinn ig
fortsetzerin	fortsetzen er in
vorläufer	vorlaufen er
zeitungsmacherin	zeitungsmachen er in
publikumswirksamkeit	publikumswirksam keit
rechtsförmlich	rechtsform lich
botaniker	botanik er
auschwitzer	auschwitz er
vogelschützer	vogelschutz er
schafscherer	schafscheren er
vierkantig	vierkant ig
querköpfig	querkopf ig
vergeistigen	ver geist ig
berichterstatterin	berichterstatten er in
erkenntlichkeit	erkenntlich keit
nichtöffentlichkeit	nichtöffentlich keit
heimarbeiterin	heimarbeit er in
kameradschaftlichkeit	kamerad schaft lich keit
ersetzbarkeit	ersetzen bar keit
innerörtlich	innerort lich
versenkung	versenken ung
drogistin	drogist in
pazifistin	pazifisch ist in
liederbüchlein	liederbuch lein
bagdader	bagdad er
schinkenbrötchen	schinkenbrot chen
klassiker	klassik er
kollegin	kollege in
westlich	weste lich
unterlaufung	unterlaufen ung
erwerbbar	erwerben bar
fraktionskollegin	fraktionskollege in
ausheilung	aus heil ung
jazzmusiker	jazzmusik er
rathaussprecherin	rathaussprecher in
projektkoordinatorin	projektkoordinator in
relativierung	relative ier ung
meierhofer	meierhof er
taubenzüchter	taubenzucht er
stammesgeschichtlich	stammesgeschichte lich
polizeistaatlich	polizeistaat lich
geltungssüchtig	geltungssucht ig
vermeidlich	vermeiden lich
amtskollegin	amtskollege in
heizer	heizen er
haushaltsrechtlich	haushaltsrecht lich
vorreiterin	vorreiten in
familienpfleger	familienpflege er
torfig	torf ig
tieferlegung	tieferlegen ung
standrechtlich	standrecht lich
verwünschung	verwünschen ung
schiedsrichterin	schiedsrichter in
kassenprüferin	kassenprüfer in
energetiker	energetik er
kalifornierin	kalifornien er in
zugängig	zugang ig
dustin	dust in
wiedererstarkung	wiedererstarken ung
universitätspräsidentin	universitätspräsident in
sanierungsfähigkeit	sanierungsfähig keit
farbfernseher	farbfernsehen er
massenschlächter	massenschlacht er
ausklammerung	ausklammern ung
gastprofessorin	gastprofessor in
emsigkeit	emsig keit
berufsschullehrerin	berufsschullehrer in
wälzer	wälzen er
sonderbotschafterin	sonderbotschafter in
perspektivelos	perspektive los
namensrechtlich	namensrecht lich
talentsucher	talentsuche er
kunstfreundin	kunstfreund in
lichtempfindlichkeit	lichtempfindlich keit
amtsärztlich	amtsarzt lich
beitragsrechtlich	beitragsrecht lich
marsberger	marsberg er
geburtsmediziner	geburtsmedizin er
kapstädter	kapstadt er
gutheißung	gutheißen ung
nigerianerin	nigeria aner in
schattenboxer	schattenboxen er
radiomacher	radiomachen er
verkörperung	ver körper ung
filmregisseurin	filmregisseur in
solinger	solingen er
mentorin	mentor in
geschichtenerzähler	geschichtenerzählen er
verteiler	verteilen er
polizeibeamtin	polizeibeamte in
ungleichgewichtig	ungleichgewicht ig
algerierin	algerien er in
marbacher	marbach er
agrarunternehmer	agrarunternehmen er
truppentransporter	truppentransport er
unverantwortlich	un verantworten lich
randlos	rand los
verblödung	ver blöd e ung
barfüßer	barfuß er
motorradfahrer	motorradfahren er
zügigkeit	zügig keit
ausführung	ausführen ung
industriemeisterin	industriemeister in
kurzwellig	kurzwelle ig
erlegung	erlegen ung
schönredner	schönreden er
familiengesellschafter	familiengesellschaft er
bibliotheksbesucher	bibliotheksbesuch er
räuchermännchen	räuchermann chen
täterin	tat er in
unternehmensberaterin	unternehmensberater in
verflüchtigen	ver flüchten ig
schmucklos	schmuck los
matschig	matschen ig
abwehrspezialistin	abwehrspezialist in
zugrundelegung	zugrundelegen ung
qualifizierung	qualifizieren ung
spitzbogig	spitzbogen ig
menschenwürdig	menschenwürde ig
etikettierung	etikette ier ung
kontaktfähigkeit	kontaktfähig keit
kinderpflegerin	kinderpflege er in
garstigkeit	garstig keit
südafrikanerin	südafrika aner in
gesetzlichkeit	gesetz lich keit
teilsanierung	teilsanieren ung
erhebung	erheben ung
sechstägig	sechstag ig
funktionsfähigkeit	funktionsfähig keit
hervorhebung	hervorheben ung
fraktionssprecherin	fraktionssprecher in
reimlos	reim los
sparpolitiker	sparpolitik er
ober	oben er
innergesellschaftlich	inner gesellschaft lich
tanker	tank er
großmütig	großmut ig
pflichtverteidigerin	pflichtverteidiger in
neukäufer	neukauf er
selbstläufer	selbstlauf er
besprechung	besprechen ung
zukünftig	zukunft ig
denkmalschutzwürdigkeit	denkmalschutzwürdig keit
ressortchefin	ressortchef in
fokker	fokke er
eingewöhnung	eingewöhnen ung
harmloser	harmlose er
kirchenvorsteherin	kirchenvorsteher in
torschützenkönigin	torschützenkönig in
welzheimer	welzheim er
mitläuferin	mitlaufen er in
städter	stadt er
eindringlichkeit	eindringen lich keit
bundespräsidentin	bundespräsident in
republikflüchtig	republikflucht ig
packung	packen ung
nichtpolitiker	nichtpolitik er
diplomlehrerin	diplomlehrer in
unhandlich	un hand lich
werber	werben er
zwischenkirchlich	zwischen kirche lich
entleerung	ent leer e ung
kugelig	kugel ig
überdüngung	überdüngen ung
wunschdenker	wunschdenken er
köfferchen	koffer chen
langnasig	langnase ig
finanzbeamtin	finanzbeamte in
jugendforscherin	jugendforscher in
auskunftspflichtig	auskunftspflicht ig
freundlichkeit	freund lich keit
bockwürstchen	bockwurst chen
erschießung	erschießen ung
verstimmung	ver stimme ung
frager	fragen er
verheiratung	ver heirat ung
chistopher	chistoph er
scholastiker	scholastik er
röster	röste er
erinnerungsseligkeit	erinnerungsselig keit
blattmacher	blattmachen er
maserung	masern ung
ausmalung	ausmalen ung
gerichtssprecherin	gerichtssprecher in
weiblich	weib lich
jugendfreundin	jugendfreund in
staatsdichterin	staatsdichter in
frührentnerin	frührentner in
nazimörder	nazimord er
öffentlichkeitswirksamkeit	öffentlichkeitswirksam keit
primin	prim in
ausländerfreundlichkeit	ausländerfreund lich keit
damenschneiderin	damenschneider in
einsatzplaner	einsatzplan er
verehelichen	ver ehe lich
salzstreuer	salzstreuen er
teilbarkeit	teilen bar keit
begünstigung	begünstigen ung
österreicherin	österreich er in
biologiestudentin	biologiestudent in
benennung	benennen ung
materialwissenschaftlich	materialwissenschaft lich
kriegslustig	kriegslust ig
staatsschützer	staatsschutz er
speicherung	speichern ung
übertragbar	übertragen bar
eigentätigkeit	eigentätig keit
alleinerzieher	alleinerziehen er
marktbesucher	marktbesuch er
rheinpfälzer	rheinpfalz er
hauptorganisatorin	hauptorganisator in
schornsteinfegerin	schornsteinfegen er in
persönlichkeit	persönlich keit
vermarktung	ver markt ung
gewerkschafter	gewerkschaft er
montrealer	montreal er
seltsamkeit	seltsam keit
löschung	löschen ung
schmierigkeit	schmieren e ig keit
kenianerin	kenia aner in
erforschung	er forsch ung
augenlos	auge los
graubärtig	graubart ig
einatmung	einatmen ung
luxemburger	luxemburg er
bürgerlich	bürgen lich
herausarbeitung	herausarbeiten ung
frühaufsteherin	frühaufstehen er in
wirtschaftsmächtig	wirtschaftsmacht ig
entzweiung	entzweien ung
radioempfänger	radioempfang er
jugendreferentin	jugendreferent in
borbecker	borbeck er
besserstellung	besserstellen ung
besinnlichkeit	besinnen lich keit
anknüpfung	anknüpfen ung
empfindlichkeit	empfinden lich keit
verkehrsplanerin	verkehrsplan er in
bergbaulich	bergbau lich
astrologin	astrologe in
yorkerin	york er in
freilassung	freilassen ung
chemikerin	chemiker in
erwerbsunfähigkeit	erwerbsunfähig keit
pizzabäcker	pizzabacken er
kinderpsychologin	kinderpsychologe in
ausbaubar	ausbauen bar
lauber	laube er
spaltung	spalten ung
kleinwalsertaler	kleinwalsertal er
eindämmung	eindämmen ung
agrarexpertin	agrarexperte in
kassenverwalterin	kassenverwalter in
bodendecker	bodendecke er
vereinbarkeit	vereinbar keit
konfliktfreudigkeit	konfliktfreude ig keit
reinlich	rein lich
betreuung	betreuen ung
juniorchefin	juniorchef in
vereinheitlichen	ver einheit lich
machtpolitikerin	machtpolitik er in
telefonistin	telefon isch ist in
judenmörder	judenmord er
satin	sat in
eigenmächtig	eigenmacht ig
pferdchen	pferd chen
landesjustizministerin	landesjustizminister in
eintrübung	eintrüben ung
kupferarbeiter	kupferarbeit er
urteilsfähigkeit	urteilsfähig keit
plünderung	plündern ung
landstädtchen	landstadt chen
besinnlich	besinnen lich
sondierung	sonde ier ung
regionalwissenschaftlich	regionalwissenschaft lich
befindlichkeit	befinden lich keit
zahnarzthelferin	zahnarzthelfer in
holzschläger	holzschlag er
ästhetiker	ästhetik er
dummschwätzer	dummschwatz er
gleichmütig	gleichmut ig
mitarbeiter	mitarbeiten er
vanillig	vanille ig
langzeiturlauber	langzeiturlaub er
eigentümerin	eigentum er in
alphornbläser	alphornblasen er
geizig	geizen ig
jordanier	jordan ien er
fühlbar	fühlen bar
kulturpolitikerin	kulturpolitik er in
restaurierung	restaurieren ung
magerkeit	mager keit
turiner	ture in er
water	waten er
mayer	may er
leverkusener	leverkusen er
lyriker	lyrik er
einbetonierung	einbetonieren ung
lohnarbeiter	lohnarbeit er
langenerin	lange n er in
geschwätzigkeit	schwatz sfx ig keit
ursprünglichkeit	ursprung lich keit
rentnerpärchen	rentnerpaar chen
behindertensportlerin	behindertensport ler in
anwärterin	anwärter in
bundesligaspielerin	bundesligaspiel er in
abfallrechtlich	abfallrecht lich
amateurboxer	amateurboxen er
heiligung	heiligen ung
menschenfreundlich	menschenfreund lich
humanwissenschaftlich	humanwissenschaft lich
kuwaiterin	kuwait er in
karriereberaterin	karriereberater in
körperlos	körper los
einreichung	einreichen ung
ablösung	ablösen ung
türkeiurlauber	türkeiurlaub er
einfaltslos	einfalt los
schäfchen	schaf chen
profilierungssüchtig	profilierungssucht ig
innenarchitektin	innenarchitekt in
verpflanzung	ver pflanzen e ung
ladenbesitzerin	ladenbesitzer in
physiklehrerin	physiklehrer in
amerikanistin	amerika anisch ist in
neuwähler	neuwahl er
praktikerin	praktik er in
gemahlin	gemahl in
wiederbelegung	wiederbelegen ung
fahrzeugbauer	fahrzeugbau er
verrichtung	verrichten ung
schneiderin	schneiden er in
bilgin	bilge in
unbeträchtlich	un betracht lich
verkaufsfähigkeit	verkaufsfähig keit
klassenkämpfer	klassenkampf er
ahnung	ahnen ung
schauerlich	schau er lich
ehelich	ehe lich
sehnig	sehnen ig
ortsamtsleiterin	ortsamtsleiter in
zusammengehörigkeit	zusammengehören ig keit
einbestellung	einbestellen ung
zuteilung	zuteilen ung
wetterauer	wetterau er
jungarbeiterin	jungarbeiter in
kassenführerin	kassenführer in
massenmörderin	massenmorden er in
fernsehschauspielerin	fernsehschauspieler in
hausleiterin	hausleiter in
halbierung	halb ier ung
vertretung	vertreten ung
dumpfig	dumpfe ig
schöpferin	schöpfen er in
spazierstöckchen	spazierstock chen
choreographin	choreograph in
koller	koll er
goldberger	goldberg er
bobfahrer	bobfahren er
gerichtsmediziner	gerichtsmedizin er
klagbar	klagen bar
tannenberger	tannenberg er
mündchen	mund chen
spitzenkämpfer	spitzenkampf er
holprigkeit	holprig keit
deckung	decken ung
artgenossin	artgenosse in
teilhaberin	teilhaben in
seraphin	seraph in
pariser	paris er
zweiradfahrer	zweiradfahren er
rückhaltlos	rückhalt los
meßbarkeit	meßbar keit
fernmelder	fernmelde er
befehligen	befehl ig
brennbar	brennen bar
fließbandarbeiterin	fließbandarbeit er in
muttersöhnchen	muttersohn chen
neuseeländer	neuseeland er
bemerkung	bemerken ung
weitspringerin	weitspringer in
löscher	löschen er
gröblich	grob e lich
steuerzahlerin	steuerzahl er in
keyboardspieler	keyboardspiel er
steinewerfer	steinewerfen er
kodifizierung	kodifizieren ung
koalitionspolitiker	koalitionspolitik er
afghanin	afghane in
naturschiefer	naturschiefe er
masseurin	masseur in
allmächtig	allmacht ig
datenschützer	datenschutz er
merlin	merle in
deklarierung	deklarieren ung
unerschütterlichkeit	unerschütterlich keit
nachbarschaftshelferin	nachbarschaftshelfer in
schwimmerin	schwimmen er in
spielleiterin	spielleiter in
bindungslos	bindung los
sonderberichterstatterin	sonderberichterstatter in
hollander	holland er
slalomläufer	slalomlauf er
auskunftsfreudig	auskunftsfreude ig
armeesprecherin	armeesprecher in
unfallflüchtig	unfallflucht ig
existenzgründerin	existenzgründer in
feststellung	feststellen ung
göttlich	gott lich
abgängig	abgang ig
einschränkung	einschränken ung
wochenendhäuschen	wochenendhaus chen
hauswirtschafterin	hauswirt schaft er in
yener	yen er
ärmellos	ärmel los
sicherheitswächter	sicherheitswacht er
ungleichmäßig	un gleichmaß ig
bedienerin	bedienen er in
bildungswissenschaftlich	bildungswissenschaft lich
rucksäckchen	rucksack chen
menschenrechtlich	menschenrecht lich
bluttäter	bluttat er
realschüler	realschule er
skandinavier	skandinavien er
hürdensprinter	hürdensprint er
verfolgbar	verfolgen bar
kapitalisierung	kapitale isier ung
mißdeutung	mißdeuten ung
leichtgläubigkeit	leichtgläubig keit
kassenärztlich	kassenarzt lich
stützer	stützen er
anforderung	anfordern ung
begeisterungsfähigkeit	begeisterungsfähig keit
sympathieträgerin	sympathieträger in
aktualisierung	aktualisieren ung
ausschließlich	aus schließen e lich
umgebung	umgeben ung
lagerfähigkeit	lagerfähig keit
jugendläufer	jugendlauf er
schahin	schah in
festlich	fest e lich
gruppierung	gruppe ier ung
beratung	beraten ung
fanatikerin	fanatiker in
trommler	trommeln er
verbrennbar	verbrennen bar
standardmäßig	standardmaßen ig
wohnbar	wohnen bar
privatwirtschaftlich	privatwirtschaft lich
unerklärbarkeit	un erklären bar keit
investorin	investor in
lehrbar	lehren bar
freiheitlich	frei heit lich
liedlein	lied lein
raumpflegerin	raumpfleger in
spitzohrig	spitzohr ig
besitzlos	besitzen los
schutzpatronin	schutzpatron in
rostig	rost ig
miesmacher	miesmachen er
bremsung	bremsen ung
näherin	nähen e er in
klosterschülerin	klosterschule er in
stürmerin	stürmen er in
abstrafung	ab strafen e ung
dreimalig	dreimal ig
wildecker	wildeck er
jugendturnerin	jugendturnen er in
steinhauser	steinhausen er
gewerkschaftsführerin	gewerkschaftsführer in
systemkritiker	systemkritik er
wohnlich	wohnen lich
heiterkeit	heiter keit
ausladung	ausladen ung
stahlbauer	stahlbau er
sanierungsträgerin	sanierungsträger in
altistin	alte ist in
zeugung	zeugen ung
witzigkeit	witzig keit
deckmäntelchen	deckmantel chen
nachahmung	nachahmen ung
kurörtlich	kurort lich
bartlos	barte los
magdeburger	magdeburg er
vergolder	ver gold er
allgemeinverbindlichkeit	allgemeinverbindlich keit
vorbesprechung	vorbesprechen ung
lachszüchter	lachszucht er
durchschlagkräftig	durchschlagkraft ig
quintin	quinte in
umbesetzung	umbesetzen ung
siemensstädter	siemensstadt er
rotterdamer	rotterdam er
rabin	rabe in
abgeltung	abgelten ung
rumpelig	rumpel ig
aussichtslos	aussicht los
ringelschwänzchen	ringelschwanz chen
verwirrung	ver wirre ung
bewässerung	bewässern ung
mystikerin	mystik er in
berliner	berlin er
obstverkäufer	obstverkauf er
aufstellung	aufstellen ung
konstanzerin	konstanze er in
atomfreundlich	atomfreund lich
überwachung	überwachen ung
erzählerin	erzählen er in
lenkbar	lenken bar
psychiaterin	psychiater in
erdmännchen	erdmann chen
überquerung	überqueren ung
beurteilung	beurteilen ung
stürmer	stürmen er
unschicklichkeit	un schick e lich keit
symbolkräftig	symbolkraft ig
schützenkönigin	schützenkönig in
wettbewerblich	wettbewerb lich
privatgutachter	privatgutachten er
genshagener	genshagen er
strapazierbar	strapaze ier bar
königssteiner	königsstein er
kürzung	kürzen ung
verehrerin	verehren er in
uneigennützig	un eigennutz ig
terminplaner	terminplan er
geschäftsfähigkeit	geschäftsfähig keit
devisenrechtlich	devisenrecht lich
verleitung	verleiten ung
portugiesin	portugiese in
rottenberger	rottenberg er
albanier	albanien er
tagung	tagen ung
übertreibung	übertreiben ung
dauerrivalin	dauerrivale in
kampagnenfähigkeit	kampagnenfähig keit
verschnörkelung	ver schnörkel ung
einstimmung	einstimmen ung
unfallfahrerin	unfallfahrer in
zwischenparteilich	zwischen partei lich
unehelichkeit	un ehe lich keit
schöpfer	schöpfen er
demontierung	demontieren ung
schächtelchen	schachtel chen
wildberger	wildberg er
bundestagskandidatin	bundestagskandidat in
zornig	zorn ig
kunstkritiker	kunstkritik er
pilzsucher	pilzsuche er
eisenbahnbauer	eisenbahnbau er
zurückstellung	zurückstellen ung
bandarbeiter	bandarbeit er
einzelbesucher	einzelbesuch er
beschwichtigung	beschwichtigen ung
ladenbauer	ladenbau er
verweltlichung	ver welt lich ung
hauptzeugin	hauptzeuge in
erlanger	erlangen er
regenerationsfähigkeit	regenerationsfähig keit
bauwerker	bauwerk er
ruhmsüchtig	ruhmsucht ig
schreier	schreien er
parteistaatlich	parteistaat lich
beifahrerin	beifahrer in
ankläger	anklagen er
kriegshetzer	kriegshetze er
forderung	fordern ung
sittsamkeit	sittsam keit
schulleiterin	schulleiter in
berufspolitikerin	berufspolitik er in
guerillakrieger	guerillakrieg er
unabhängigkeit	un abhängen ig keit
teamleiterin	teamleiter in
protokollierung	protokoll ier ung
wuppertalerin	wuppertal er in
erzeugerin	erzeugen er in
achter	achten er
entnationalisierung	entnationalisieren ung
flächenmäßig	flächenmaß ig
urenkelin	urenkel in
sozialwissenschaftlich	sozialwissenschaft lich
vorurteilslos	vorurteil los
bundesjustizministerin	bundesjustizminister in
kokainsüchtig	kokainsucht ig
endlichkeit	ende lich keit
mauersberger	mauersberg er
vordringlich	vordringen lich
verfassungsrechtlich	verfassungsrecht lich
sensationssieger	sensationssieg er
teilzeitarbeiter	teilzeitarbeit er
wirtschaftsexpertin	wirtschaftsexperte in
zumutung	zumuten ung
meckerer	meckern er
änderung	ändern ung
austragbar	austragen bar
vertraglich	vertragen lich
denkmalschützer	denkmalschutz er
soziologieprofessorin	soziologieprofessor in
nachbearbeitung	nachbearbeiten ung
kunstwissenschaftlich	kunstwissenschaft lich
erfassung	erfassen ung
schmachtenhagener	schmachtenhagen er
unlösbar	un lösen bar
häutung	häuten ung
verweltlichen	ver welt lich
einsatzfreudigkeit	einsatzfreude ig keit
programmierung	programm ier ung
tibeterin	tibet er in
unterbrecher	unterbrechen er
albumin	album in
oberbürgermeisterkandidatin	oberbürgermeisterkandidat in
wiedererkennung	wiedererkennen ung
erwerbstätigkeit	erwerbstätig keit
kunstgewerblich	kunstgewerbe lich
oberstufenschüler	oberstufenschule er
oldenburgerin	oldenburg er in
fachwerkhäuschen	fachwerkhaus chen
programmierer	programm ier er
berger	berg er
rudersberger	rudersberg er
untersuchung	untersuchen ung
beyer	bey er
vermummung	ver mumm ung
hilfsarbeiter	hilfsarbeit er
vergnügung	vergnügen ung
dividendenfähigkeit	dividendenfähig keit
menschenräuber	menschenraub er
vereinslos	verein los
erheiterung	erheitern ung
presserechtlich	presserecht lich
weigerung	weigern ung
trendelburger	trendelburg er
streitig	streiten ig
stadtschreiberin	stadtschreiber in
spezialistin	spezial ist in
sozialfürsorgerin	sozialfürsorge er in
glaubwürdigkeit	glaubwürdig keit
berghauser	berghaus er
frankfurter	frankfurt er
überbringer	über bring er
lacher	lachen er
militärgerichtlich	militärgericht lich
schwarzwaldstädtchen	schwarzwaldstadt chen
lächerlichkeit	lächerlich keit
herrscher	herrschen er
messebauer	messebau er
undankbar	un danken bar
rochlitzer	rochlitz er
pastorin	pastor in
verräuchern	ver rauchen er
multiinstrumentalistin	multiinstrumentalist in
hastig	hast ig
verwaltung	verwalten ung
abartigkeit	abart ig keit
schwermütig	schwermut ig
ausräumung	ausräumen ung
gesamtsieger	gesamtsieg er
adelig	adele ig
saisonabhängigkeit	saisonabhängig keit
kiener	kien er
kunstliebhaberin	kunstliebhaber in
köstlich	kost lich
arbeiter	arbeiten er
jugendhilferechtlich	jugendhilferecht lich
führer	führen er
rasenspieler	rasenspiel er
entsiegelung	entsiegeln ung
esin	ese in
zusammenhangslos	zusammenhang los
bestechlichkeit	bestechen lich keit
abdecker	abdecken er
journalistenschüler	journalistenschule er
mobilisierung	mobil isier ung
provinzblättchen	provinzblatt chen
nachreifung	nach reif ung
fahrerlos	fahren er los
erlösung	erlösen ung
strafrichterin	strafrichter in
spritzigkeit	spritzen ig keit
schuldunfähigkeit	schuldunfähig keit
flötenspieler	flötenspiel er
mitverantwortlich	mitverantworten lich
überfürsorglich	überfürsorge lich
hörigkeit	hörig keit
ostberlinerin	ostberlin er in
wiederholungstäter	wiederholungstat er
maastrichter	maastricht er
innerdienstlich	inner dienst lich
bozener	bozen er
normalgewichtig	normalgewicht ig
gleichstellung	gleichstellen ung
erreichbar	erreichen bar
fischesser	fischesse er
walzwerker	walzwerk er
zueignung	zueignen ung
schöngeistig	schöngeist ig
vortänzerin	vortanzen in
gefährtin	gefährte in
kunstverständig	kunstverstand ig
bereicherung	bereichern ung
entschlackung	entschlacken ung
kleinhaltung	kleinhalten ung
bauplanungsrechtlich	bauplanungsrecht lich
buchautorin	buchautor in
bedingung	bedingen ung
befreiungskämpfer	befreiungskampf er
kopflos	kopf los
gewährung	gewähren ung
verwerflich	verwerfen lich
kursleiterin	kursleiter in
gleichberechtigung	gleichberechtigen ung
anteilig	anteilen ig
chefsekretärin	chefsekretär in
biotechniker	biotechnik er
unabwendbar	un abwenden bar
überwälzung	überwälzen ung
sirin	sire in
eisenbahnerin	eisenbahn er in
hintersteiner	hinterstein er
innergemeinschaftlich	inner gemeinschaft lich
knetbar	kneten bar
spendierfreudig	spendierfreude ig
raketenbauer	raketenbau er
apothekenpflichtig	apothekenpflicht ig
zivilistin	zivil ist in
knobler	knobeln er
nachzahlung	nachzahlen ung
homburger	homburg er
hauptberuflich	hauptberuf lich
angster	angst er
musterschülerin	musterschule er in
bauhandwerker	bauhandwerk er
jain	ja in
autofahrerin	autofahren er in
seher	sehen er
klohäuschen	klohaus chen
offenbarung	offenbaren ung
überstilisierung	überstilisieren ung
zeugungsfähigkeit	zeugungsfähig keit
unterhaltungskünstlerin	unterhaltungskunst ler in
goldin	gold in
fernsehkritikerin	fernsehkritik er in
hemdsärmelig	hemdsärmel ig
bruchsaler	bruchsal er
unterbewertung	unterbewerten ung
bodendenkmalpfleger	bodendenkmalpflege er
sternsinger	sternsingen er
olympiasieger	olympiasieg er
verdummung	ver dumm ung
zirkusdirektorin	zirkusdirektor in
abschätzig	abschätzen ig
kirchenpfleger	kirchenpflege er
mandantin	mandant in
nacktbader	nacktbaden er
stadtstaatlich	stadtstaat lich
nationalstaatlichkeit	nationalstaat lich keit
musikjournalistin	musikjournalist in
unkörperlich	un körper lich
testkäufer	testkauf er
unsportlich	un sport lich
regimekritiker	regimekritik er
ghanaer	ghana er
ängstlichkeit	ängstlich keit
ausmusterung	aus muster ung
mitteilsamkeit	mitteilen sam keit
jugendsprecherin	jugendsprecher in
unverletzlich	un verletzen lich
rauchbar	rauchen bar
bringer	bring er
hersteller	herstellen er
arbeitssenatorin	arbeitssenator in
wißbegierig	wißbegier ig
bereitstellung	bereitstellen ung
mannschaftlich	mannschaft lich
grausamkeit	grauen sam keit
sozialsenatorin	sozialsenator in
vormundschaftsgerichtlich	vormundschaftsgericht lich
pflegebedürftigkeit	pflegebedürftig keit
selbstherrlichkeit	selbstherrlich keit
schwerfällig	schwerfallen ig
entsorgungslager	entsorgungslage er
schicksalslos	schicksal los
wasserverbraucher	wasserverbrauch er
liechtensteiner	liechtenstein er
fischerstädtchen	fischerstadt chen
trotzkistin	trotzkist in
längenmäßig	längenmaß ig
vorläufig	vorlaufen ig
versicherungsunternehmer	versicherungsunternehmen er
wanderung	wandern ung
unerfreulich	un erfreuen lich
hauptlehrer	hauptlehre er
grundbesitzer	grundbesitz er
gemeinwesenarbeiter	gemeinwesenarbeit er
verkehrsunternehmer	verkehrsunternehmen er
wiederbegründung	wiederbegründen ung
einzelspender	einzelspende er
innerbetrieblich	inner betrieb lich
verdinglichen	ver ding lich
überlebensfähigkeit	über lebensfähig keit
straßenverkäufer	straßenverkauf er
verhütung	verhüten ung
heimkehrer	heimkehren er
durchsetzung	durchsetzen ung
durstlöscher	durstlöschen er
erdgeschichtlich	erdgeschichte lich
finderin	finden er in
solidaritätsarbeiter	solidaritätsarbeit er
sichtung	sichten ung
büchermacher	büchermachen er
mildtätigkeit	mildtätig keit
versicherer	versichern er
vereinskameradin	vereinskamerad in
ingolstädterin	ingolstadt er in
laienschauspielerin	laienschauspieler in
herabsetzung	herabsetzen ung
wahlkämpfer	wahlkampf er
interessenvertreterin	interessenvertreter in
einschlägig	einschlagen ig
identitätslos	identität los
bedenklichkeit	bedenken lich keit
bohrung	bohren ung
grenzgänger	grenzgang er
ermittler	ermitteln er
wirtschaftsverbrecher	wirtschaftsverbrechen er
bochumer	bochum er
haupttäter	haupttat er
zurückweisung	zurückweisen ung
abflachung	abflachen ung
korruptionsanfälligkeit	korruptionsanfällig keit
schulgeschichtlich	schulgeschichte lich
entsorgungspflichtig	entsorgungspflicht ig
seligsprechung	seligsprechen ung
klein	klee in
arglos	arg los
magierin	magie er in
schwindlerin	schwindeln er in
antiheldin	antiheld in
streitbar	streiten bar
unterdrücker	unterdrücken er
landhäuschen	landhaus chen
ratifizierung	ratifizieren ung
gefährlichkeit	gefährlich keit
faßlich	faß lich
herrlichkeit	herr lich keit
monopolisierung	monopol isier ung
walldorfer	walldorf er
verwendungsfähigkeit	verwendungsfähig keit
gartenplaner	gartenplan er
technikkritiker	technikkritik er
einziehung	einziehen ung
gemeindevertreterin	gemeindevertreter in
zwangsverwalterin	zwangsverwalter in
abstimmung	abstimmen ung
unkontrollierbar	un kontrolle ier bar
mitteltaler	mitteltal er
sportlehrerin	sportlehrer in
auflockerung	auflockern ung
unterspannung	unterspannen ung
schwenker	schwenk er
herder	herd er
durchführung	durchführen ung
baugeschichtlich	baugeschichte lich
treiber	treiben er
verräuchern	ver rauchen er
waldschlößchen	waldschloß chen
zustellung	zustellen ung
stadtpolitiker	stadtpolitik er
aktienrechtlich	aktienrecht lich
rassegeflügelzüchter	rassegeflügelzucht er
wunderlin	wunderle in
zehnkämpfer	zehnkampf er
kleingeistig	kleingeist ig
strafmündigkeit	strafmündig keit
mitteilungsblättchen	mitteilungsblatt chen
bernburger	bernburg er
medienunternehmer	medienunternehmen er
ständestaatlich	ständestaat lich
akkreditierung	akkreditieren ung
naturnotwendigkeit	naturnotwendig keit
magdeburgerin	magdeburg er in
fachbereichsleiterin	fachbereichsleiter in
verpflegung	verpflegen ung
lebenslänglich	lebenslang e lich
wirkungsmächtig	wirkungsmacht ig
gelblich	gelb e lich
gesundheitsberaterin	gesundheitsberater in
verkehrszähler	verkehrszahl er
ansässigkeit	ansässig keit
jobvermittlerin	jobvermittler in
schleicher	schleichen e er
künzelsauer	künzelsau er
abtragung	abtragen ung
viehhauser	viehhausen er
vertrauenslehrerin	vertrauenslehrer in
sichtbarkeit	sichten bar keit
ultragiftig	ultragift ig
tännchen	tann chen
wahlsieger	wahlsieg er
unteilbar	un teilen bar
entehrung	ent ehren e ung
gebrauchsfähigkeit	gebrauchsfähig keit
langhaarig	langhaar ig
maschinenführerin	maschinenführer in
hörfunker	hörfunk er
adelberger	adelberg er
ingenieurin	ingenieur in
abnabelung	abnabeln ung
hälmchen	halm chen
provozierung	provozieren ung
unbeweglich	un bewegen lich
zuführung	zuführen ung
entsprechung	entsprechen ung
vorsätzlich	vorsatz lich
kirchgängerin	kirchgang er in
eindeckung	eindecken ung
autoverkäufer	autoverkauf er
heimsuchung	heimsuchen ung
fahnenschwinger	fahnenschwingen er
trübsinnigkeit	trübsinn ig keit
unverbindlichkeit	un verbinden lich keit
geistlos	geist los
pharmazeutin	pharmazeut in
blockierung	block ier ung
rocksängerin	rocksänger in
vertragspartnerin	vertragspartner in
heldenmutig	heldenmut ig
pfandpflichtig	pfandpflicht ig
behördenchefin	behördenchef in
unternehmensrechtlich	unternehmensrecht lich
standesamtsleiterin	standesamtsleiter in
schälung	schälen ung
deutschstämmigkeit	deutschstämmig keit
rohrleitungsbauer	rohrleitungsbau er
verschiedenartigkeit	verschiedenartig keit
petermännchen	petermann chen
obergerichtlich	obergericht lich
trainingsfleißig	trainingsfleiß ig
wohnungskäufer	wohnungskauf er
schwimmbadbesucher	schwimmbadbesuch er
bestattungsunternehmer	bestattungsunternehmen er
aussteuerung	aussteuern ung
geheimhaltung	geheimhalten ung
drehung	drehen ung
kultusministerin	kultusminister in
aufbewahrung	aufbewahren ung
militärpolitiker	militärpolitik er
kaltenberger	kaltenberg er
tierfreundlich	tierfreund lich
fortsetzer	fortsetzen er
überbietbar	überbieten bar
flatterig	flattern ig
obstbäumchen	obstbaum chen
bürogehilfin	bürogehilfe in
wässerig	wässern ig
volkswirtin	volkswirt in
höchstrichterlich	höchstrichter lich
mißfällig	mißfallen ig
wirkungslos	wirken ung los
buchenwäldchen	buchenwald chen
blumenständer	blumenstand er
nichtraucherin	nichtrauchen er in
verfasserin	verfassen in
militarisierung	militarisieren ung
schriftlich	schrift lich
otter	otte er
rechnerin	rechnen er in
differenzierung	differenz ier ung
frankfurterin	frankfurt er in
schwärzlich	schwärzen lich
hoffnungsvoller	hoffnungsvollen er
verdinglichen	ver ding lich
abreibung	abreiben ung
ruferin	rufen er in
billiglohnarbeiter	billiglohnarbeit er
tegernseer	tegernsee er
stickerin	sticken er in
entwicklungsgeschichtlich	entwicklungsgeschichte lich
monarchin	monarch in
konstatierung	konstatieren ung
ackerbauer	ackerbau er
transplantationsmediziner	transplantationsmedizin er
spaltbar	spalten bar
großflächig	großfläche ig
frauenfeindlichkeit	frauenfeind lich keit
langeweiler	langeweile er
warzig	warze ig
verelendung	ver elend ung
ökosozialistin	ökosozial ist in
erker	erke er
mittelamerikanerin	mittelamerika aner in
beitreibung	beitreiben ung
gutachtlich	gutachten lich
nördlich	nord lich
verständnisinnigkeit	verständnisinnig keit
unzulänglichkeit	unzulänglich keit
evakuierung	evakuieren ung
äußerlichkeit	äußern lich keit
zusammenziehung	zusammenziehen ung
entwirrung	entwirren ung
seniorenmeisterin	seniorenmeister in
straßenbahnfahrer	straßenbahnfahren er
gesteigert	ge steige er
erfurter	erfurt er
gabelung	gabeln ung
uneinsichtig	un einsicht ig
hingerichteter	hingerichtet e n er
einstimmigkeit	einstimmen ig keit
cheflektorin	cheflektor in
jüngerin	jüngere in
fehlernährung	fehlernähren ung
eigennützigkeit	eigennutz ig keit
nachbarin	nachbar in
schwertkämpfer	schwertkampf er
magnetisierung	magnet isch isier ung
vielseitigkeit	vielseitig keit
sozialbürgermeisterin	sozialbürgermeister in
phantasielos	phantasie los
stattlich	statt lich
interventionsfähigkeit	interventionsfähig keit
weiterbewilligung	weiterbewilligen ung
teiler	teilen er
vertagung	ver tag ung
parteipräsidentin	parteipräsident in
restaurateurin	restaurateur in
einzelfahrer	einzelfahren er
urheberrechtlich	urheberrecht lich
verflüchtigung	ver flüchten ig ung
schneelos	schnee los
freigängerin	freigang er in
schädigung	schädigen ung
villinger	villingen er
kostbarkeit	kostbar keit
wertpapierbesitzer	wertpapierbesitz er
häufig	häufen ig
baseler	basel er
fängerin	fangen in
sozialtechniker	sozialtechnik er
arbeitsschützer	arbeitsschutz er
lebensnotwendigkeit	lebensnotwendig keit
prunksüchtig	prunksucht ig
iraner	iran er
vermeintlich	ver meine t lich
europaparlamentarierin	europaparlamentarier in
adreßbüchlein	adreßbuch lein
wackelig	wackeln ig
wirtschaftspraktiker	wirtschaftspraktik er
nichtmenschlich	nichtmensch lich
transporter	transport er
satellitenempfänger	satellitenempfang er
gentechniker	gentechnik er
stadtbewohnerin	stadtbewohner in
premierministerin	premierminister in
heilbarkeit	heilen bar keit
vertreter	vertreten er
zäunchen	zaun chen
märchenkönigin	märchenkönig in
vierteljährlich	vierteljahr lich
verdrängung	verdrängen ung
goldmedaillengewinner	goldmedaillengewinn er
abschnürung	abschnüren ung
pflaumenbäumchen	pflaumenbaum chen
tätowierung	tätowieren ung
hinfälligkeit	hinfallen ig keit
ausgleichung	ausgleichen ung
austräger	austragen er
kerber	kerbe er
amateurfußballer	amateurfußball er
rockmusiker	rockmusik er
trittbrettfahrer	trittbrettfahren er
segelfliegerin	segelfliegen er in
konzertmeisterin	konzertmeister in
straffällig	straffall ig
hanifin	hanife in
sozialforscherin	sozialforscher in
bildungsdezernentin	bildungsdezernent in
lebensretterin	lebensretter in
physikstudentin	physikstudent in
niederlassung	niederlassen ung
vernebelung	ver nebeln el ung
gutartigkeit	gutartig keit
unabsetzbar	un absetzen bar
unehrlichkeit	unehre lich keit
klapperig	klapper ig
schwankung	schwanken ung
kieler	kiel er
vielfältig	vielfalt ig
einspritzung	einspritzen ung
vergleichbarkeit	ver gleich bar keit
salamibrötchen	salamibrot chen
stimmig	stimmen ig
alphastrahler	alphastrahl er
sanierung	sanieren ung
volksfestbesucher	volksfestbesuch er
vereinheitlichung	ver einheit lich ung
teilprivatisierung	teilprivatisieren ung
wüstenkrieger	wüstenkrieg er
belastbarkeit	belastbar keit
hellseherin	hellsehen er in
stadtplaner	stadtplan er
vertiefung	vertiefen ung
ferienhäuschen	ferienhaus chen
weißrussin	weißrusse in
ummantelung	um mantel ung
überführung	überführen ung
bedürftigkeit	bedürften ig keit
kundenfänger	kundenfang er
erkrankung	erkranken ung
plattenverkäufer	plattenverkauf er
vergebung	vergeben ung
kammerschauspielerin	kammerschauspieler in
popmusiker	popmusik er
eheberaterin	eheberater in
ferienarbeiter	ferienarbeit er
vorbehaltlich	vorbehalten lich
mühlenberger	mühlenberg er
museumsdirektorin	museumsdirektor in
decker	decke er
weiterverfolgung	weiterverfolgen ung
packerin	packen er in
gottgefälligkeit	gottgefällig keit
eigenständigkeit	eigenständig keit
vorbildlichkeit	vorbilden lich keit
verfolger	verfolgen er
wildschützer	wildschütz er
kerntechniker	kerntechnik er
trinkbar	trinken bar
gartenarbeiter	gartenarbeit er
prophezeiung	prophezeien ung
observierung	observieren ung
entschärfung	entschärfen ung
hochmittelalterlich	hochmittelalter lich
nebendarstellerin	nebendarsteller in
reinwaschung	reinwaschen ung
umbildung	umbilden ung
rundfunkreporterin	rundfunkreporter in
alleinschuldig	alleinschuld ig
straßenfeger	straßenfegen er
antreiber	antreiben er
weiterförderung	weiterfördern ung
mitläufer	mitlaufen er
hausbesitzer	hausbesitz er
walter	walt er
urzeitlich	urzeit lich
steuerabzugsfähigkeit	steuerabzugsfähig keit
altensteiger	altensteig er
kläglichkeit	kläglich keit
normung	normen ung
feierlichkeit	feier lich keit
schicklichkeit	schick e lich keit
notizbüchlein	notizbuch lein
geologin	geologe in
geschäftlich	geschäft lich
bauwirtschaftlich	bauwirtschaft lich
staatschützer	staatschutz er
tagelöhner	tagelohn er
mondlos	mond los
spielgestalterin	spielgestalter in
sexualmediziner	sexualmedizin er
wirtschaftswissenschaftlerin	wirtschaftswissen schaft ler in
streikfähigkeit	streikfähig keit
drachin	drache in
kachelofenbauer	kachelofenbau er
wildbader	wildbad er
helferin	helfen er in
kreisjugendpfleger	kreisjugendpflege er
fusionierung	fusion ier ung
auslassung	auslassen ung
nachtschichtarbeiter	nachtschichtarbeit er
wohlständig	wohlstand ig
pfefferkörner	pfefferkorn er
durchlässigkeit	durchlässig keit
trösterin	trost er in
personalleiterin	personalleiter in
durchschaubar	durchschauen bar
bewirkung	bewirken ung
vollziehbarkeit	vollziehen bar keit
komprimierung	komprimieren ung
aufwendig	aufwenden ig
bassin	basse in
ansagerin	ansage er in
taxifahrerin	taxifahren er in
versorgungsrechtlich	versorgungsrecht lich
leiter	leiten er
pfungstädter	pfungstadt er
köpper	kopp er
unartig	unart ig
tangotänzer	tangotanzen er
weinerlich	weinen er lich
tischlerin	tischler in
verzögerung	verzögern ung
fahnenflüchtiger	fahnenflüchtige n er
yorker	york er
abbruchunternehmer	abbruchunternehmen er
dickfelligkeit	dickfellig keit
betrachtbar	betrachten bar
feldforscherin	feldforscher in
tänzerin	tanz er in
unterstützung	unterstützen ung
wirklich	wirken lich
atemlos	atem los
überweltlich	über welt lich
unbeweglichkeit	un bewegen lich keit
gallig	galle ig
gefängniswärterin	gefängniswärter in
stadträumlich	stadtraum lich
krümmung	krümmen ung
mehrheitlich	mehrheit lich
petersberger	petersberg er
leiblich	leib lich
erzieher	erziehen er
werbegraphiker	werbegraphik er
musikschüler	musikschule er
gaststättenrechtlich	gaststättenrecht lich
vorsichtig	vorsicht ig
weiterzüchtung	weiterzüchten ung
ungehörigkeit	un ge hörig e keit
sozialreformer	sozialreform er
wechselburger	wechselburg er
giftmischerin	giftmischer in
trainer	train er
versicherungspflichtig	versicherungspflicht ig
umbuchung	um buch ung
rettungsschwimmer	rettungsschwimmen er
unangreifbar	un angreifen bar
jauchzer	jauchzen er
kulturgeschichtlich	kulturgeschichte lich
muttersprachlich	muttersprache lich
trassierung	trasse ier ung
nichtarbeitslos	nichtarbeit los
teamgefährtin	teamgefährte in
wagenwäscher	wagenwaschen er
reformwillig	reformwille ig
demokratieunfähigkeit	demokratieunfähig keit
pragmatiker	pragmatik er
repräsentantin	repräsentant in
unwahrscheinlichkeit	unwahrscheinlich keit
gewerbeärztlich	gewerbearzt lich
sachpolitiker	sachpolitik er
stapler	stapeln er
briefträgerin	briefträger in
privatgärtner	privatgarten er
denkmöglichkeit	denkmöglich keit
schwedin	schwede in
restaurantbesucher	restaurantbesuch er
alin	ale in
tierzüchter	tierzucht er
estin	este in
unerbittlichkeit	unerbittlich keit
männerfeindlichkeit	männerfeindlich keit
bayerin	bayer in
übertariflich	über tarif lich
kioskverkäuferin	kioskverkauf er in
quantifizierung	quantifizieren ung
gnadenlos	gnade los
kauflustig	kauflust ig
benzin	benz in
untrennbarkeit	un trennen bar keit
graphikdesigner	graphikdesign er
ladeninhaberin	ladeninhaber in
anweisung	anweisen ung
jenaerin	jena er in
klösterlich	kloster lich
würzig	würzen ig
konzernsprecherin	konzernsprecher in
vorjährig	vorjahr ig
aussprechbar	aussprechen bar
basketballspieler	basketballspielen er
obdachlos	obdach los
aufbereitung	aufbereiten ung
steuerung	steuern ung
absteiger	absteigen er
venezianerin	venezianer in
schlittschuhläufer	schlittschuhlaufen er
überbaubar	überbauen bar
auslegung	auslegen ung
kleidchen	kleid chen
dienstunfähigkeit	dienstunfähig keit
staatswirtschaftlich	staatswirtschaft lich
nichterwerbstätigkeit	nichterwerbstätig keit
melkerin	melken er in
jodler	jodeln er
demokratin	demokrat in
theatermacherin	theatermachen er in
riesenberger	riesenberg er
oberhausenerin	oberhausen er in
zecher	zechen er
nebenklägervertreterin	nebenklägervertreter in
romain	roma in
beherrschung	beherrschen ung
entdeckung	entdecken ung
etablierung	etablieren ung
bekämpfung	bekämpfen ung
dahergelaufener	dahergelaufene er
betriebstechniker	betriebstechnik er
augustin	auguste in
fernsehansagerin	fernsehansager in
festigen	fest e ig
unkameradschaftlich	un kamerad schaft lich
gleichmäßig	gleichmaß ig
bitterkeit	bitter keit
manipulierbarkeit	manipulieren bar keit
undurchsichtig	un durchsicht ig
autobauer	autobau er
gesundheitsgefährlich	gesundheitsgefahr lich
schlangenbader	schlangenbad er
spangenberger	spangenberg er
altenpfleger	altenpflege er
berufsschülerin	berufsschule er in
wettbewerbsunfähigkeit	wettbewerbsunfähig keit
eisenhüttenstädter	eisenhüttenstadt er
fortschrittsfeindlichkeit	fortschrittsfeindlich keit
langwellig	langwelle ig
bannerträgerin	bannerträger in
gesellschaftsreformer	gesellschaftsreform er
umformung	umformen ung
landwirtschaftsschüler	landwirtschaftsschule er
salzkörner	salzkorn er
frauenrechtlerin	frauenrecht ler in
verkaufsleiterin	verkaufsleiter in
nachtarbeiter	nachtarbeit er
fiatfahrerin	fiatfahrer in
plazierung	plazieren ung
erstligaspieler	erstligaspiel er
stimulierung	stimulieren ung
lätzchen	latz chen
hornlos	horn los
kulturmanagerin	kulturmanager in
versteuerung	versteuern ung
schöneberger	schöneberg er
cannstatter	cannstatt er
weitläufigkeit	weitläufig keit
zeitungsleser	zeitungslesen er
androhung	androhen ung
raumplanerin	raumplan er in
tunnelarbeiter	tunnelarbeit er
spitzenspieler	spitzenspiel er
josefstädter	josefstadt er
esser	essen er
farbberaterin	farbberater in
preisträgerin	preisträger in
wildwasserfahrer	wildwasserfahren er
osterurlauber	osterurlaub er
verhinderung	verhindern ung
bademeisterin	bademeister in
regierung	regieren ung
schweinsäuglein	schweinsaugen lein
baltin	balte in
drogenabhängigkeit	drogenabhängig keit
schnüfflerin	schnüffeln er in
entscheidung	entscheiden ung
unermüdlichkeit	unermüdlich keit
mitbürgerin	mitbürger in
pflegedienstleiterin	pflegedienstleiter in
bremerhavener	bremerhaven er
kompromißunfähigkeit	kompromißunfähig keit
fettleibigkeit	fettleibig keit
ölabhängigkeit	ölabhängig keit
überhebung	überheben ung
kirchentagspräsidentin	kirchentagspräsident in
umweltsenatorin	umweltsenator in
speditionsunternehmer	speditionsunternehmen er
jugendsozialarbeiter	jugendsozialarbeit er
reiseführerin	reiseführer in
beisetzung	beisetzen ung
somalierin	somalia er in
gastarbeiter	gastarbeit er
lustfeindlichkeit	lustfeindlich keit
korruptionsverdächtig	korruptionsverdacht ig
institutsleiterin	institutsleiter in
wählbar	wählen bar
banner	bannen er
plastikbomber	plastikbombe er
sennerin	sennen in
steinbecker	steinbeck er
alpträumer	alptraum er
handhabung	handhaben ung
feldberger	feldberg er
schnauzbärtig	schnauzbart ig
betreibung	betreiben ung
pflanzung	pflanzen ung
straßenverkehrsbehördlich	straßenverkehrsbehörde lich
erbaulich	erbauen lich
pharmareferentin	pharmareferent in
bildermacher	bildermachen er
kerlchen	kerl chen
aussparung	aussparen ung
universitätsmediziner	universitätsmedizin er
punker	punk er
einschließung	einschließen ung
versumpfung	ver sumpf ung
baulichkeit	bau lich keit
parteiführerin	parteiführer in
mandatsträgerin	mandatsträger in
jagdpächter	jagdpachten er
übersehbar	übersehen bar
atomphysikerin	atomphysik er in
doppelagentin	doppelagent in
hockeyspieler	hockeyspielen er
fürsorglichkeit	fürsorge lich keit
wundertätigen	wundertat ig
unerreichbar	un erreichen bar
wegbegleiterin	wegbegleiter in
seerechtlich	seerecht lich
braunschweiger	braunschweig er
vorsteherin	vorstehen in
oppositionsführerin	oppositionsführer in
justizsprecherin	justizsprecher in
simulantin	simulant in
praktikumslehrerin	praktikumslehrer in
weiterplanung	weiterplanen ung
übertretung	übertreten ung
leserin	lese er in
caritasdirektorin	caritasdirektor in
voraussehbar	voraussehen bar
obstbauer	obstbau er
kronenberger	kronenberg er
landesumweltministerin	landesumweltminister in
anreger	anregen er
hochachtung	hochachten ung
staatsanwaltschaftlich	staatsanwalt schaft lich
rüstungswirtschaftlich	rüstungswirtschaft lich
unterdrückerin	unterdrücken er in
fernsehmacher	fernsehmachen er
anlandung	anlanden ung
subjektlos	subjekt los
haftfähigkeit	haftfähig keit
kindlichkeit	kind lich keit
oberzeller	oberzell er
aufwiegler	aufwiegeln er
schändung	schänden ung
grasberger	grasberg er
aberwitzig	aberwitz ig
überempfindlich	über empfinden lich
berieselung	berieseln ung
schulsprecherin	schulsprecher in
vorbildung	vorbilden ung
röckchen	rock chen
entsorger	entsorgen er
resozialisierung	resozialisieren ung
wiederverarbeitung	wiederverarbeiten ung
schwertransporter	schwertransport er
nachtschränkchen	nachtschrank chen
lustschlößchen	lustschloß chen
widerspiegelung	widerspiegeln ung
birminghamer	birmingham er
holzhauser	holzhausen er
landeshauptstädter	landeshauptstadt er
senatsplaner	senatsplan er
leser	lese er
schlittenfahrer	schlittenfahren er
quedlinburger	quedlinburg er
landschaftsschützer	landschaftsschutz er
anführer	anführen er
freipressung	freipressen ung
vollwertig	vollwert ig
turnierleiterin	turnierleiter in
rationierung	ration ier ung
grafikdesignerin	grafikdesign er in
solarkocher	solarkochen er
zehntausender	zehntausend er
kurstädter	kurstadt er
abtönung	abtönen ung
kleingläubigkeit	kleingläubig keit
beschützer	beschützen er
feuergefährlich	feuergefahr lich
mäuschen	maus chen
herzlich	herz lich
richter	richten er
aussagelos	aussagen e los
rückversicherung	rückversichern ung
staatsfeindlich	staatsfeind lich
schwänzer	schwänzen er
nacherfassung	nacherfassen ung
sachkundig	sachkunde ig
allein	allee in
aufrichtigkeit	aufrichten ig keit
auftragsmörder	auftragsmord er
einsparung	ein spar ung
beruflich	beruf lich
rastplätzchen	rastplatz chen
schuldlos	schuld los
chikagoer	chikago er
winterberger	winterberg er
hauptkritiker	hauptkritik er
lückenbüßerin	lückenbüßer in
geher	gehen er
badelustig	badelust ig
erbitterung	er bitter ung
berufsgerichtlich	berufsgericht lich
hinterberger	hinterberg er
einsichtig	einsicht ig
vaterlandsverräter	vaterlandsverrat er
stiftung	stiften ung
hauptkonkurrentin	hauptkonkurrent in
bäuchlein	bauch lein
löwin	löwe in
treffer	treff er
irmin	irme in
pier	pia er
sinnenfreudig	sinnenfreude ig
konfliktfreudig	konfliktfreude ig
hasseler	hassel er
sprichwörtlich	sprichwort lich
roßberger	roßberg er
spielsüchtig	spielsucht ig
schlagbar	schlagen bar
verharmlosung	ver harmlos ung
kampfrichterin	kampfrichter in
schwarzfahrerin	schwarzfahren in
flugzeugbauer	flugzeugbau er
imagepfleger	imagepflege er
kunstpädagogin	kunstpädagoge in
sägewerker	sägewerk er
brechung	brechen ung
gleichsetzung	gleichsetzen ung
untersuchungsrichterin	untersuchungsrichter in
formung	formen ung
geschwisterlichkeit	geschwister lich keit
traditionspfleger	traditionspflege er
asylbetrüger	asylbetrug er
sudaner	sudan er
unterbelegung	unter beleg ung
bundessiegerin	bundessieg er in
bedeckung	bedecken ung
schnapsgläschen	schnapsglas chen
fachgutachter	fachgutachten er
innenministerin	innenminister in
schließung	schließen ung
wellenreiter	wellenreiten er
behördlich	behörde lich
beobachter	beobachten er
sterilisierung	steril e isier ung
werkstattleiterin	werkstattleiter in
feuilletonredakteurin	feuilletonredakteur in
doktorin	doktor in
gefühllos	ge fühlen los
militärtechniker	militärtechnik er
antiquitätenhändlerin	antiquitätenhändler in
studienfreundin	studienfreund in
harmoniesüchtig	harmoniesucht ig
gehässigkeit	gehässig keit
nehmer	nehmen er
konzeptionslos	konzeption los
münchnerin	münchen er in
zermartern	zer marte er
marktforscherin	marktforscher in
zoobesucher	zoobesuch er
bootfahrer	bootfahren er
stromlos	strom los
bezirksmeisterin	bezirksmeister in
politikfähigkeit	politikfähig keit
schriftlos	schrift los
beharrlich	beharren lich
defensivspieler	defensivspiel er
studioleiterin	studioleiter in
kolonialstädtchen	kolonialstadt chen
mitleidslos	mitleid los
allgäuerin	allgäu er in
pressereferentin	pressereferent in
vorstellig	vorstellen ig
verständigkeit	verständig keit
männerlos	mann los
einzeichnung	einzeichnen ung
musterung	mustern ung
saumseligkeit	saumselig keit
schuftig	schuft ig
verfassungspolitiker	verfassungspolitik er
schlußläuferin	schlußläufer in
olefin	olef in
übersetzbar	übersetzen bar
straßenhändlerin	straßenhändler in
banknachbarin	banknachbar in
kooperationsfähigkeit	kooperationsfähig keit
tröpfchen	tropf chen
ziehung	ziehen ung
diplomingenieurin	diplomingenieur in
pädagogikprofessorin	pädagogikprofessor in
plappermäulchen	plappermaul chen
elektrohandwerker	elektrohandwerk er
lautenspieler	lautenspiel er
weiterverwendung	weiterverwenden ung
verladung	verladen ung
wolfsburgerin	wolfsburg er in
büroarbeiter	büroarbeit er
verhandlungsführerin	verhandlungsführer in
kabinettskollegin	kabinettskollege in
katzenberger	katzenberg er
marientaler	mariental er
alltäglichkeit	alltag lich keit
großmannsüchtig	großmannsucht ig
schulfachlich	schulfach lich
vorbeugung	vorbeugen ung
landesjugendpfarrerin	landesjugendpfarrer in
stadtverordnetenvorsteherin	stadtverordnetenvorsteher in
stadtförster	stadtforst er
verwendung	verwenden ung
fischchen	fisch chen
halsstarrigkeit	halsstarrig keit
nachvollziehbarkeit	nachvollziehen bar keit
jazztrompeter	jazztrompete er
verbraucher	verbrauchen er
verkettung	ver kette ung
kleinstunternehmer	kleinstunternehmen er
umerziehung	umerziehen ung
taktiker	taktik er
freizeitsportlich	freizeitsport lich
berufsanfängerin	berufsanfänger in
demonstrationsteilnehmerin	demonstrationsteilnehmer in
schmerzunempfindlichkeit	schmerzunempfindlich keit
porzellanmalerin	porzellanmaler in
widerrufbar	widerrufen bar
buchhalterin	buchhalter in
tödlich	tod lich
holzklötzchen	holzklotz chen
rechtsmißbräuchlich	rechtsmißbrauch lich
halbjährig	halbjahr ig
eisenbahner	eisenbahn er
keramiker	keramik er
liedermacherin	liedermacher in
nachbarschaftlich	nachbar schaft lich
personalberaterin	personalberater in
rüschenkleidchen	rüschenkleid chen
freiin	frei e in
liedersängerin	liedersänger in
gartenbauer	gartenbau er
wiederverwertung	wiederverwerten ung
versteigerer	ver steige er er
achttausender	achttausend er
kalender	kalenden er
miladin	milad in
regierungsfähigkeit	regierungsfähig keit
zutraulich	zutrauen lich
küsterin	küste er in
stillung	stillen ung
oberstudiendirektorin	oberstudiendirektor in
modernisierung	modern isier ung
diskussionswürdigkeit	diskussionswürdig keit
steinbrecher	steinbrech er
aufspaltung	auf spalt ung
humanisierung	humane isier ung
ungenießbar	un genießen bar
versöhnlichkeit	versöhnen lich keit
langbeinig	langbein ig
symbolisierung	symbol isch isier ung
reformfreundlich	reformfreund lich
amtsvorgängerin	amtsvorgänger in
lissaboner	lissabon er
attentäterin	attentat er in
freigebigkeit	freigeben ig keit
verkehrsfähigkeit	verkehrsfähig keit
möbelverkäufer	möbelverkauf er
umweltfeindlich	umweltfeind lich
didier	didi er
lumpig	lumpen ig
vergegenwärtigen	ver gegenwart ig
inniglich	innig lich
erleuchtung	er leuchten e ung
schaulustig	schaulust ig
aufhellung	aufhellen ung
bewährung	bewähren ung
sorgenlos	sorgen los
rezipientin	rezipient in
gemeinschaftsrechtlich	gemeinschaftsrecht lich
pittsburgher	pittsburgh er
indonesierin	indonesien er in
uhrtürmchen	uhrturm chen
hinrichtung	hinrichten ung
winkelbauer	winkelbau er
rechtsgültigkeit	rechtsgültig keit
lauschig	lauschen ig
dorin	dore in
kaputtmacher	kaputtmachen er
unterdurchschnittlich	unter durchschnitt lich
mittelständig	mittelstand ig
hauptschuldig	hauptschuld ig
goldwäscher	goldwaschen er
abschöpfung	abschöpfen ung
mutmaßlich	mutmaßen lich
dortmunderin	dortmund er in
schräubchen	schrauben e chen
wochentäglich	wochentag lich
ostallgäuer	ostallgäu er
lehner	lehen er
viereckig	viereck ig
rauschgiftabhängigkeit	rauschgiftabhängig keit
abweisung	abweisen ung
maintaler	maintal er
reisefähigkeit	reisefähig keit
giftig	giften ig
vollbärtig	vollbart ig
bittstellerin	bittsteller in
verabschiedung	ver abschied ung
jagdschlößchen	jagdschloß chen
ingelheimer	ingelheim er
anhängig	anhängen ig
abrüstungswillig	abrüstungswille ig
palmer	palme er
fleckenlos	fleck los
auswechselung	auswechseln ung
gewerkschaftssekretärin	gewerkschaftssekretär in
zersetzung	zer setzen ung
stolzenberger	stolzenberg er
reuig	reue ig
tarifexpertin	tarifexperte in
architektin	architekt in
freiwilligkeit	freiwillig keit
leinensäckchen	leinensack chen
unentgeltlich	un entgelt lich
schmalspurig	schmalspur ig
gartenfreundin	gartenfreund in
münsteranerin	münster aner in
preisrichterin	preisrichter in
meßtechniker	meßtechnik er
fürstenberger	fürstenberg er
nuancierung	nuance ier ung
giftmörderin	giftmord er in
selbstfinanzierung	selbstfinanzieren ung
parlamentsberichterstatterin	parlamentsberichterstatter in
ballettmeisterin	ballettmeister in
wecker	wecken er
kleiderlos	kleid los
kulturredakteurin	kulturredakteur in
züchtung	züchten ung
pointer	pointe er
medizinsoziologin	medizinsoziologe in
reformer	reform er
entwickler	entwickeln er
aktivierung	akt iv e ier ung
erziehungsschwierigkeit	erziehungsschwierig keit
umweltexpertin	umweltexperte in
westernreiter	westernreiten er
schleimig	schleimen ig
entsagung	entsagen ung
fahruntüchtigkeit	fahruntüchtig keit
gemeinschaftlich	gemeinschaft lich
straßenmusiker	straßenmusik er
studentin	student in
vorsehung	vorsehen ung
oberflächig	oberfläche ig
setzung	setzen ung
klößchen	kloß chen
großherzogin	großherzog in
erschaffung	erschaffen ung
ernennung	ernennen ung
kernig	kernen ig
klavierbegleiterin	klavierbegleiter in
wikinger	wiking er
deutschlandpolitiker	deutschlandpolitik er
geschichtlich	geschichte lich
heimlichkeit	heimlich keit
auswertung	auswerten ung
schicklich	schick e lich
genießbar	genießen bar
vorstellung	vorstellen ung
entthronung	entthronen ung
frauenmörder	frauenmord er
hautverträglichkeit	hautverträglich keit
rührung	rühren ung
ungewöhnlich	un gewöhnen lich
höherwertigkeit	höherwertig keit
umweltplaner	umweltplan er
zeitigen	zeit ig
dezimierung	dezimieren ung
predigerin	predigen er in
spiegelbildlich	spiegelbild lich
veranschaulichen	ver anschauen lich
vernünftig	vernunft ig
militärmusiker	militärmusik er
zuchtlos	zucht los
hehlerin	hehl er in
konsequenzlos	konsequenz los
gleichmäßigkeit	gleichmaß ig keit
weiterverteilung	weiterverteilen ung
achtziger	achtzig er
kriegstreiber	kriegstreiben er
verführer	verführen er
funktionsunfähigkeit	funktionsunfähig keit
wiederbegegnung	wiederbegegnen ung
straußberger	straußberg er
versteifung	ver steif ung
abspaltung	abspalten ung
überwindbar	überwinden bar
niederträchtigkeit	niedertracht ig keit
bundesschatzmeisterin	bundesschatzmeister in
kritiker	kritik er
vorladung	vorladen ung
rikschafahrer	rikschafahren er
markwirtschaftlich	markwirtschaft lich
theaterschriftstellerin	theaterschriftsteller in
bürgerfreundlichkeit	bürgerfreund lich keit
auffälligkeit	auffällig keit
absichtlichkeit	absicht lich keit
komponistin	komponist in
einarbeitung	einarbeiten ung
machtteilhaber	machtteilhabe er
verbürgerlichen	ver bürgen lich
klientin	klient in
sauger	saugen er
hannoveranerin	hannover aner in
astrophysiker	astrophysik er
fährtensucher	fährtensuche er
rufmörder	rufmord er
bebilderung	bebildern ung
landeseinheitlich	landeseinheit lich
jordanierin	jordan ien er in
überzieher	überziehen er
ratspräsidentin	ratspräsident in
handelbar	handeln bar
großschreibung	großschreiben ung
armlos	arm e los
potsdamer	potsdam er
scheuringer	scheuring er
implementierung	implementieren ung
schmissigkeit	schmissig keit
staatsrechtslehrer	staatsrechtslehre er
oberkellnerin	oberkellner in
erdinger	erding er
krieger	krieg er
volkstänzer	volkstanzen er
nennbar	nennen bar
elektromechaniker	elektromechanik er
fürsorglich	fürsorge lich
deutschfreundlichkeit	deutschfreundlich keit
vermengung	vermengen ung
kartellrechtlich	kartellrecht lich
erziehung	erziehen ung
verkantung	verkanten ung
sachlichkeit	sache lich keit
siedlerhäuschen	siedlerhaus chen
erpresserin	erpressen in
sprachauffälligkeit	sprachauffällig keit
verschlingung	ver schlinge ung
musikliebhaberin	musikliebhaber in
skilangläufer	skilanglauf er
tempelhofer	tempelhof er
operndirektorin	operndirektor in
obstanbauer	obstanbau er
wiederveröffentlichung	wiederveröffentlichen ung
trotzig	trotzen ig
chilenin	chilene in
saxophonistin	saxophon ist in
wolkenlos	wolke los
handhabbar	handhaben bar
säger	säge er
schulpsychologin	schulpsychologe in
eulenberger	eulenberg er
abschaltung	abschalten ung
starkenburger	starkenburg er
überbringerin	über bring er in
fremdsprachlich	fremdsprache lich
enteisung	enteisen ung
initiatorin	initiator in
notdürftig	notdurft ig
strähnig	strähne ig
facharbeiterin	facharbeit er in
fabrikarbeiterin	fabrikarbeit er in
exportabhängigkeit	exportabhängig keit
bergungsarbeiter	bergungsarbeit er
medaillengewinner	medaillengewinn er
reiber	reibe er
überfremdung	über fremd ung
heilslehrer	heilslehre er
internatsschülerin	internatsschule er in
schenkung	schenken ung
winker	wink er
wohnungsnachbarin	wohnungsnachbar in
majorin	major in
hexenmeisterin	hexenmeister in
vorgeschichtlich	vorgeschichte lich
brieflich	brief lich
fachpolitiker	fachpolitik er
demokratiefeindlich	demokratiefeind lich
vollzähligkeit	vollzählig keit
keimfähigkeit	keimfähig keit
leibfeindlichkeit	leibfeindlich keit
schattenkönigin	schattenkönig in
tagessiegerin	tagessieg er in
stiefväterlich	stiefvater lich
staatskirchlich	staatskirche lich
zivilisationskritiker	zivilisationskritik er
überbeanspruchung	überbeanspruchen ung
durchsuchung	durchsuchen ung
bildung	bilden ung
unstetig	un stet e ig
berberin	berber in
freistilringer	freistilringen er
rücksichtlos	rücksicht los
araber	arab er
verlagsleiterin	verlagsleiter in
frauenberger	frauenberg er
baggerfahrer	baggerfahren er
dreiköpfig	dreikopf ig
gesundheitlich	gesund heit lich
lackiererin	lack ier er in
basisaktivistin	basisaktivist in
schulsozialarbeiterin	schulsozialarbeit er in
genehmigungspflichtig	genehmigungspflicht ig
kreuzbergerin	kreuzberg er in
lettin	lette in
ausrufung	ausrufen ung
christofer	christof er
notfallpatientin	notfallpatient in
entlastungszeugin	entlastungszeuge in
geschichtsstudentin	geschichtsstudent in
honorierung	honorieren ung
nachwuchsregisseurin	nachwuchsregisseur in
merkwürdig	merkwürde ig
saftigkeit	saft ig keit
störanfälligkeit	störanfällig keit
umschiffung	umschiffen ung
zwischennutzung	zwischennutzen ung
sozialgeschichtlich	sozialgeschichte lich
datentechniker	datentechnik er
ulkig	ulken ig
flößer	floß er
filterlos	filter los
verwandlungskünstlerin	verwandlungskunst ler in
lieblingsspieler	lieblingsspiel er
abholung	abholen ung
heiner	heinen er
terrassenförmig	terrassenform ig
innerchristlich	inner chr ist lich
bergsteiger	bergsteigen er
verschlüsselung	ver schlüssel ung
freundlich	freund lich
essenerin	essen er in
clubleiterin	clubleiter in
emsländer	emsland er
erstickung	ersticken ung
glaubenskämpfer	glaubenskampf er
grundstücksbesitzer	grundstücksbesitz er
viktorin	viktor in
wassersucher	wassersuche er
verteidigungspolitiker	verteidigungspolitik er
wasserbauer	wasserbau er
funktionslos	funktion los
preisdrücker	preisdruck er
streicher	streichen er
allmächtiger	allmacht ig e n er
fortschrittsgläubig	fortschrittsglaube ig
barfüßig	barfuß ig
profiboxer	profiboxen er
gefräßigkeit	gefräßig keit
altehrwürdigkeit	altehrwürdig keit
läufer	lauf er
philosophiedozentin	philosophiedozent in
prinzlich	prinz lich
günzburger	günzburg er
anheuerung	anheuern ung
polizeipraktiker	polizeipraktik er
blumig	blume ig
rechtzeitigkeit	rechtzeitig keit
handarbeiterin	handarbeiten in
kandidatin	kandidat in
amtskirchlich	amtskirche lich
rentenexpertin	rentenexperte in
einzelwissenschaftlich	einzelwissen schaft lich
verzückung	verzücken ung
hochsommerlich	hochsommer lich
landesdenkmalpfleger	landesdenkmalpflege er
angriffsfreudigkeit	angriffsfreudig keit
schreibtischarbeiter	schreibtischarbeit er
rathäuslich	rathaus lich
übergangslos	übergang los
züchtigen	zucht ig
hausschlachter	hausschlachten er
taunussteiner	taunusstein er
spätsommerlich	spätsommer lich
tierschützer	tierschutz er
fernseher	fernsehen er
inhaltlos	inhalt los
notversorgung	notversorgen ung
meersburger	meersburg er
besetzung	besetzen ung
heider	heide er
bündnisfähigkeit	bündnisfähig keit
meuchler	meucheln er
wahnwitzig	wahnwitz ig
gewalttäter	gewalttat er
straßenverkehrsrechtlich	straßenverkehrsrecht lich
dringlich	dringen lich
kurier	kuri er
sachlich	sache lich
ortskundig	ortskunde ig
stimmrechtlos	stimmrecht los
philosophieprofessorin	philosophieprofessor in
klassespieler	klassespiel er
sexualtäter	sexualtat er
spaziergänger	spaziergang er
bucher	buche er
bauernfänger	bauernfang er
kommandierung	kommandieren ung
plattenaufleger	plattenauflegen er
nachbarrechtlich	nachbarrecht lich
immobilienbesitzer	immobilienbesitz er
weiterbearbeitung	weiterbearbeiten ung
dorfpolitiker	dorfpolitik er
häufung	häufen ung
hausbauer	hausbauen er
gasthörerin	gasthörer in
rottaler	rottal er
idiotin	idiot in
anlieferung	anliefern ung
junggesellin	junggeselle in
litauerin	litauen er in
versperrung	ver sperre ung
angstgegnerin	angstgegner in
koalitionspartnerin	koalitionspartner in
beifügung	beifügen ung
manierlich	manier lich
hauslehrerin	hauslehrer in
stadtführerin	stadtführer in
königshofer	königshof er
altstädter	altstadt er
nobelpreisträgerin	nobelpreisträger in
regungslos	regen ung los
raumplaner	raumplan er
stahlunternehmer	stahlunternehmen er
elektriker	elektrik er
wanderer	wandern er
fürsterzbischöflich	fürsterzbischof lich
gesellig	gesellen ig
aufrechterhaltung	aufrechterhalten ung
nonkonformistin	nonkonformist in
haltbarkeit	halten bar keit
fragestellerin	fragestelle er in
geschäftsinhaberin	geschäftsinhaber in
puffer	puff er
heizungsbauer	heizungsbau er
mißhandler	mißhandeln er
jugendseelsorger	jugendseelsorge er
tischlein	tisch lein
ungeduldig	ungeduld ig
zollbeamtin	zollbeamte in
weltwirtschaftlich	weltwirtschaft lich
haushaltspolitiker	haushaltspolitik er
straßensozialarbeiter	straßensozialarbeit er
oberin	obere in
vordenker	vordenken er
mieter	mieten er
einladung	einladen ung
landesschatzmeisterin	landesschatzmeister in
außenangreiferin	außenangreifer in
elektrikerin	elektrik er in
spurlos	spuren los
uhrmacherin	uhrmacher in
lehrgangsleiterin	lehrgangsleiter in
nationalstürmerin	nationalstürmer in
ermattung	ermatten ung
sänger	sang er
bewaffnung	bewaffnen ung
veredelung	ver edel ung
darstellerin	darstellen er in
becker	beck er
entwendung	entwenden ung
firmengründerin	firmengründer in
strafverteidigerin	strafverteidiger in
untadeligkeit	untadelig keit
wildwüchsig	wildwuchs ig
durchleuchtung	durch leuchten e ung
medikamentensüchtig	medikamentensucht ig
ungläubig	un glauben ig
erschwerung	erschweren ung
pater	pate er
kelkheimer	kelkheim er
gegenseitigkeit	gegenseite ig keit
vergasung	vergasen ung
überwältigung	überwältigen ung
großbetrieblich	großbetrieb lich
kapitalistin	kapital ist in
flauschig	flausch ig
verstoßung	verstoßen ung
einzelgängerin	einzelgang er in
bemessung	bemessen ung
gehirnwäscher	gehirnwäsche er
heuschreckenartig	heuschreckenart ig
verkrampfung	ver krampf ung
ausstellungsleiterin	ausstellungsleiter in
sonderschullehrerin	sonderschullehrer in
vertraulich	vertrauen lich
mietvertraglich	mietvertrag lich
neustädter	neustadt er
burgschauspielerin	burgschauspieler in
hoffnungsträgerin	hoffnungsträger in
staubkörnchen	staubkorn chen
containerfrachter	containerfracht er
wildgruber	wildgrube er
hohepriesterlich	hohepriester lich
aussteiger	aussteigen er
fraktionsgeschäftsführerin	fraktionsgeschäftsführer in
puppenspieler	puppenspielen er
gaswäscher	gaswäsche er
schlößchen	schloß chen
kelkheimerin	kelkheim er in
lohndrücker	lohndruck er
vietnamesin	vietnam ese in
justizpolitiker	justizpolitik er
zahlbar	zahlen bar
schrubber	schrubben er
überschreitbar	überschreiten bar
ausrottung	ausrotten ung
quereinsteigerin	quereinsteiger in
selbstdenker	selbstdenken er
dreitausender	dreitausend er
wimbledonsiegerin	wimbledonsieg er in
beschuldigen	be schuld ig
innerkirchlich	inner kirche lich
weißenberger	weißenberg er
musterkläger	musterklage er
straßenkreuzer	straßenkreuz er
briefeschreiber	briefeschreiben er
abfällig	abfällen ig
tapferkeit	tapfer keit
enthaltung	enthalten ung
hoffähigkeit	hoffähig keit
altenpflegehelferin	altenpflegehelfer in
gewichtig	gewichten ig
erforderlichkeit	erforderlich keit
widerlichkeit	widern lich keit
passierbar	passieren bar
straßenkämpfer	straßenkampf er
vorprüfung	vorprüfen ung
lebensabschnittspartnerin	lebensabschnittspartner in
fußpflegerin	fußpflege er in
umverteilung	umverteilen ung
vorrichtung	vorrichten ung
bremser	bremsen e er
mülltransporter	mülltransport er
unumgänglich	un umgang lich
seelsorgerin	seelsorge er in
eisverkäufer	eisverkauf er
landeshoheitlich	landeshoheit lich
wunschkandidatin	wunschkandidat in
salin	sal in
unannehmbar	un annehmen bar
berufskundlich	berufskunde lich
wörtlich	wort lich
gestaltungsfähigkeit	gestaltungsfähig keit
wahlsiegerin	wahlsieg er in
schattierung	schattieren ung
kajakfahrer	kajakfahren er
schneckenhäuschen	schneckenhaus chen
arzthelferin	arzthelfer in
lossprechung	lossprechen ung
kreisarchäologin	kreisarchäologe in
unanfechtbar	un anfechten bar
kommentatorin	kommentator in
erfolgslos	erfolg los
skater	skat er
arbeitsfähigkeit	arbeitsfähig keit
fliegerin	fliegen er in
heraufsetzung	heraufsetzen ung
schimmelig	schimmel ig
lieblingssängerin	lieblingssänger in
computerunternehmer	computerunternehmen er
sperrung	sperren ung
teetrinker	teetrinken er
metrofahrer	metrofahren er
rheinländer	rheinland er
tennisspielerin	tennisspielen er in
leistungswillig	leistungswille ig
marktgängigkeit	marktgängig keit
richtungslos	richtung los
parteireformer	parteireform er
numerierung	numerieren ung
patentrechtlich	patentrecht lich
augustiner	auguste ine er
begegnung	begegnen ung
kreisstädtchen	kreisstadt chen
bosnierin	bosnien er in
reproduktionsfähigkeit	reproduktionsfähig keit
faustkämpfer	faustkampf er
verleger	verlegen er
schmiegsamkeit	schmiegen sam keit
wiedereinweihung	wiedereinweihen ung
einteilig	einteilen ig
wissenschaftsfeindlichkeit	wissenschaftsfeindlich keit
fahrkartenverkäufer	fahrkartenverkauf er
urplötzlich	ur plötze lich
kunststudentin	kunststudent in
untertreibung	untertreiben ung
gewerkschaftssprecherin	gewerkschaftssprecher in
abwaschbar	abwaschen bar
hauptbuchhalterin	hauptbuchhalter in
erlangung	erlangen ung
multimediakünstlerin	multimediakünstler in
energiepolitiker	energiepolitik er
amtsleiterin	amtsleiter in
auseinandersetzung	auseinandersetzen ung
kleber	kleben er
protokollchefin	protokollchef in
isin	ise in
diplompädagogin	diplompädagoge in
friedensaktivistin	friedensaktivist in
hausgärtner	hausgarten er
herumtreiber	herumtreiben er
stimmbürgerin	stimmbürger in
abendschüler	abendschule er
massenwirksamkeit	massenwirksam keit
allgegenwärtigkeit	allgegenwart ig keit
hindernisläufer	hindernislauf er
ungeistig	ungeist ig
praktiker	praktik er
hilfsbedürftigkeit	hilfsbedürftig keit
gottesauer	gottesaue er
vogelschauer	vogelschau er
schleusung	schleusen ung
danzigerin	danzig er in
vampirin	vampir in
sklavenarbeiter	sklavenarbeit er
erziehbar	erziehen bar
einlassung	einlassen ung
gottähnlichkeit	gottähnlich keit
unterstützer	unterstützen er
umweltpolitikerin	umweltpolitik er in
aussätzig	aussatz ig
revolutionärin	revolutionäre in
einordnung	einordnen ung
nichtskönner	nichtskönnen er
abbaubar	abbauen bar
anführerin	anführen er in
anschmiegsamkeit	anschmiegen sam keit
tamilin	tamile in
rechtskundig	rechtskunde ig
nachnominierung	nachnominieren ung
einzäunung	einzäunen ung
pfleger	pflegen er
außenstellenleiterin	außenstellenleiter in
menschenfeindlich	menschenfeind lich
trinker	trinken er
lobsänger	lobsang er
genußfähigkeit	genußfähig keit
aufwartung	aufwarten ung
feinsinnigkeit	feinsinn ig keit
kriminalkommissarin	kriminalkommissar in
ministerkollegin	ministerkollege in
benützer	benutzen er
wegführung	wegführen ung
bekömmlichkeit	bekömmlich keit
taxierung	taxieren ung
volksheldin	volksheld in
psychologiestudentin	psychologiestudent in
industrieministerin	industrieminister in
fremdarbeiterin	fremdarbeit er in
wachschützer	wachschutz er
verlängerung	ver lange n ung
sechsmalig	sechsmal ig
verteilerin	verteilen er in
eckerlein	eck er lein
kochbuchautorin	kochbuchautor in
statthalterin	statthalter in
stromverbraucher	stromverbrauch er
mittelbar	mitteln bar
ensemblespieler	ensemblespiel er
knochig	knochen ig
mäuslein	maus lein
blumenberger	blumenberg er
aussetzung	aussetzen ung
soldatenseelsorger	soldatenseelsorge er
vermutlich	vermuten lich
betreiberin	betreiben er in
friedenskämpferin	friedenskampf er in
innerlich	inner e lich
lernbar	lernen bar
bauplaner	bauplan er
bundesverfassungsrichterin	bundesverfassungsrichter in
verjährung	verjähren ung
leverkusenerin	leverkusen er in
angehörigkeit	angehören ig keit
zündhölzchen	zündholz chen
sanierer	sanieren er
kammerpräsidentin	kammerpräsident in
überschwenglichkeit	überschwenglich keit
friedrichshainer	friedrichshain er
zulassungspflichtig	zulassungspflicht ig
kugelfischer	kugelfisch er
stadtjugendpfleger	stadtjugendpflege er
heber	hebe er
spargelanbauer	spargelanbau er
unbelehrbarkeit	un belehren bar keit
unbewohnbar	un bewohnen bar
unfallträchtigkeit	unfallträchtig keit
gefügigkeit	ge fuge keit
tröger	trog er
ruppigkeit	ruppig keit
tagungsteilnehmerin	tagungsteilnehmer in
bildhauer	bildhauen er
barrikadenbauer	barrikadenbau er
süffig	suff ig
verbrämung	verbrämen ung
reiniger	rein e ig er
unvergleichbar	un ver gleich bar
elfenbeintürmchen	elfenbeinturm chen
chefideologin	chefideologe in
selbstverwirklichung	selbstverwirklichen ung
fantasielos	fantasie los
chemielaborantin	chemielaborant in
einbringung	einbringen ung
schlangenartig	schlangenart ig
fünfmalig	fünfmal ig
blankenburger	blankenburg er
werbetechniker	werbetechnik er
ausschließlichkeit	aus schließen e lich keit
studentenvertreterin	studentenvertreter in
anleitung	anleiten ung
zweibeinig	zweibein ig
verletzlichkeit	verletzen lich keit
beleidigung	beleidigen ung
universitätsabsolventin	universitätsabsolvent in
spendenfreudigkeit	spendenfreude ig keit
unbeugsamkeit	unbeugsam keit
henneberger	henneberg er
amtsrichterin	amtsrichter in
antichristlich	antichrist lich
sozialhilfebetrüger	sozialhilfebetrug er
strafprozeßrechtlich	strafprozeßrecht lich
anrufung	anrufen ung
rechtswidrigkeit	rechtswidrig keit
eichelberger	eichelberg er
aufregung	aufregen ung
umweltrechtlich	umweltrecht lich
betriebsärztlich	betriebsarzt lich
nachwuchsmusikerin	nachwuchsmusiker in
zwangsarbeiter	zwangsarbeit er
starrsinnig	starrsinn ig
schlechterstellung	schlechterstellen ung
blockflötistin	blockflöte ist in
dachkämmerchen	dachkammer chen
streuer	streuen er
hühnerleber	hühnerleben er
göteborger	göteborg er
musikwissenschaftlich	musikwissenschaft lich
unwahrhaftigkeit	unwahrhaftig keit
oberkonservatorin	oberkonservator in
fachkundig	fachkunde ig
zurechtweisung	zurechtweisen ung
norwegerin	norwegen er in
fesselung	fesseln ung
turniergewinner	turniergewinn er
fußgängerin	fußgänger in
sozialstaatlichkeit	sozialstaat lich keit
schreckenberger	schreckenberg er
briefwähler	briefwahl er
festigung	fest e ig ung
belastungszeugin	belastungszeuge in
museumswärterin	museumswärter in
niedrigkeit	niedrig keit
armseligkeit	armselig keit
abwanderung	abwandern ung
bauingenieurin	bauingenieur in
verkühlung	ver kühl e ung
bundesrechtlich	bundesrecht lich
bewohnerin	bewohnen er in
kassierin	kassier in
standardisierung	standard isier ung
streikbrecherin	streikbrecher in
münchner	münchen er
brechter	brecht er
strahler	strahlen er
hitzköpfig	hitzkopf ig
kartenleger	kartenlegen er
schächter	schacht er
auffindung	auffinden ung
organistin	organist in
namensvetterin	namensvetter in
holzhäuschen	holzhaus chen
übertragbarkeit	übertragen bar keit
kater	kate er
erweckung	erwecken ung
bundesgesundheitsministerin	bundesgesundheitsminister in
turnerin	turnen er in
halter	halten er
neuzeitlich	neuzeit lich
nachpflanzung	nachpflanzen ung
ungleichzeitig	un gleichzeit ig
kappung	kappen ung
immigrantin	immigrant in
lockenköpfchen	lockenkopf chen
schaltbar	schalten bar
generalkonsulin	generalkonsul in
spiegelung	spiegeln ung
überparteilich	über partei lich
brüderchen	bruder chen
umkehrbar	umkehren bar
abschnittsleiterin	abschnittsleiter in
unterstufenlehrerin	unterstufenlehrer in
rechenschaftspflichtig	rechenschaftspflicht ig
bergbauer	bergbau er
austauschbarkeit	austauschen bar keit
gastlich	gast lich
farbenstädter	farbenstadt er
übervorteilung	übervorteilen ung
schiffbarkeit	schiffen bar keit
bundesgenossin	bundesgenosse in
zusammensetzung	zusammensetzen ung
pekinger	peking er
grabungsleiterin	grabungsleiter in
gemeindearbeiter	gemeindearbeit er
fokussierung	fokus ier ung
miniaturisierung	miniatur isier ung
begrifflichkeit	begriff lich keit
virtuosin	virtuose in
widerstandlos	widerstand los
rechtgläubigkeit	rechtgläubig keit
regelmäßigkeit	regelmäßig keit
brandenburgerin	brandenburg er in
produktionsdesigner	produktionsdesign er
surrealistin	surreal ist in
dorfschullehrerin	dorfschullehrer in
berührung	berühren ung
bürgerrechtlerin	bürgerrecht ler in
unfertigkeit	un fertig keit
gesetzgeberin	gesetzgeber in
ehrlos	ehren e los
winterurlauber	winterurlaub er
provinzpolitiker	provinzpolitik er
regieassistentin	regieassistent in
ester	este er
naturalisierung	naturalie isier ung
natürlicher	natürlichen er
zeitungskäufer	zeitungskauf er
verwalter	verwalten er
hochstimmung	hochstimmen ung
kriegführer	kriegführen er
winterschläfer	winterschlaf er
mehrdeutigkeit	mehrdeutig keit
stimmlos	stimme los
schwetzinger	schwetzingen er
auszehrung	auszehren ung
unterfinanzierung	unter finanz ier ung
respektierung	respekt ier ung
unübersichtlich	un übersichten lich
bewehrung	bewehren ung
feindlich	feinden lich
unerfüllbar	un erfüllen bar
unbestechlichkeit	un bestechen lich keit
verschonung	verschonen ung
ahrensburger	ahrensburg er
wohnlichkeit	wohnen lich keit
schnäpschen	schnaps chen
brüsseler	brüssel er
spätwinterlich	spätwinter lich
hochschullehrer	hochschullehre er
dschungelkämpfer	dschungelkampf er
sahnig	sahnen ig
pflegeschülerin	pflegeschule er in
paderborner	paderborn er
abfertigung	abfertigen ung
herzberger	herzberg er
rechtlichkeit	recht lich keit
betriebsseelsorger	betriebsseelsorge er
justin	just in
nachweislich	nachweisen lich
mönchengladbacher	mönchengladbach er
werbeleiterin	werbeleiter in
verstopfung	verstopfen ung
tropfenförmig	tropfenform ig
teemeisterin	teemeister in
konzernchefin	konzernchef in
pharmakologin	pharmakologe in
einigkeit	eine ig keit
hausherrin	hausherr in
ideologiekritiker	ideologiekritik er
ausführlich	ausfuhr lich
vorsitzer	vorsitzen er
bräunlich	bräunen lich
ringerin	ringen er in
laienspieler	laienspiel er
affekttäter	affekttat er
anzeiger	anzeigen er
vollzugshelferin	vollzugshelfer in
fristlos	frist los
nachzieher	nachziehen er
pflanzlich	pflanzen lich
funktionstüchtigkeit	funktionstüchtig keit
ringer	ringen er
überbetrieblich	über betrieb lich
millionenbetrüger	millionenbetrug er
billigung	billigen ung
hochverdiener	hochverdienen er
scharfsinnig	scharfsinn ig
kirchenkritiker	kirchenkritik er
reinigen	rein e ig
farbtupfer	farbtupfen er
befremdlich	befremden lich
schillern	schill er
mathelehrerin	mathelehrer in
grundschülerin	grundschüler in
schwellenlos	schwelle los
neckarstädtchen	neckarstadt chen
stammtischpolitiker	stammtischpolitik er
henner	henn er
selbsternennung	selbsternennen ung
stotterer	stottern er
wunderbar	wundern bar
gegenspielerin	gegenspiel er in
landesdirektorin	landesdirektor in
fensterlos	fenster los
schnarcher	schnarchen er
bochumerin	bochum er in
niederländerin	niederlande er in
entspannung	ent spanne ung
uneinlösbar	un einlösen bar
theoretikerin	theoretiker in
stallarbeiter	stallarbeit er
blumenzüchter	blumenzucht er
äußerung	äußern ung
premier	premi er
stockung	stocken ung
brandung	branden ung
ausländerbehördlich	ausländerbehörde lich
umgehung	umgehen ung
setzerin	setzer in
stadtstreicherin	stadtstreicher in
brauchbarkeit	brauchen bar keit
widerspenstigkeit	widerspenstig keit
einzeller	einzelle er
angreifbar	angreifen bar
selbstverwalter	selbstverwalten er
zwischenlandung	zwischenlanden ung
kurzzeitig	kurzzeit ig
zivilrichterin	zivilrichter in
schaumberger	schaumberg er
aufsteigerin	aufsteigen er in
hain	hae in
kurzhaarig	kurzhaar ig
südbadener	südbaden er
versendung	versenden ung
technikerin	technik er in
städterin	stadt er in
wilkin	wilke in
problemslos	problem los
schattig	schatten ig
krankenhaussprecherin	krankenhaussprecher in
umarmung	umarmen ung
grundeigentümer	grundeigentum er
aktienbesitzer	aktienbesitz er
medaillenlos	medaille los
nachsichtigkeit	nachsicht ig keit
oberbereiter	oberbereite er
werklich	werk lich
putzsüchtig	putzsucht ig
kriegsberichter	kriegsbericht er
weinstädtchen	weinstadt chen
handlungslos	handlung los
überzeugungstäterin	überzeugungstat er in
rechteckig	rechteck ig
farbigkeit	farbe ig keit
mißbräuchlich	mißbrauch lich
geburtshilflich	geburtshilfe lich
abhärtung	abhärten ung
bedürftig	bedürften ig
direktorin	direktor in
krebsmediziner	krebsmedizin er
kampffähigkeit	kampffähig keit
neuhauser	neuhausen er
renier	renie er
erwiderung	erwidern ung
säuerlichkeit	säuern lich keit
taxifahrer	taxifahren er
museumsmitarbeiterin	museumsmitarbeiter in
andersartigkeit	andersartig keit
rollschuhfahrer	rollschuhfahren er
gruppenbetreuerin	gruppenbetreuer in
wieger	wiegen e er
verdampfung	ver dampf ung
lebensschützer	lebensschutz er
exportfähigkeit	exportfähig keit
metallgewerkschafter	metallgewerkschaft er
gasförmig	gasform ig
prämierung	prämie ier ung
thüringerin	thüringen er in
sozialarbeiter	sozialarbeit er
schafzüchter	schafzucht er
bogenförmig	bogenform ig
schulmediziner	schulmedizin er
kreditbetrüger	kreditbetrug er
libyer	libyen er
untauglichkeit	un taugen lich keit
schulpolitiker	schulpolitik er
straffälligkeit	straffall ig keit
dozentin	dozent in
wahlhelferin	wahlhelfer in
taiwanesin	taiwan ese in
weiterdichtung	weiterdichten ung
favoritin	favorit in
josephin	joseph in
wallfahrerin	wallfahren in
halslos	hals los
einübung	einüben ung
gleitschirmflieger	gleitschirmfliegen er
verlautbarung	verlautbaren ung
klangsinnlich	klangsinn lich
auslandsbesucher	auslandsbesuch er
wissenschaftsjournalistin	wissenschaftsjournal ist in
posthalterin	posthalter in
lindenbäumchen	lindenbaum chen
kabarettistin	kabarett ist in
fachplaner	fachplan er
adelung	adeln ung
europapokalgewinner	europapokalgewinn er
dickhäuter	dickhaut er
beinhaltung	beinhalten ung
massig	masse ig
stadtratskandidatin	stadtratskandidat in
gegenwärtigkeit	gegenwart ig keit
ordnungspolizeilich	ordnungspolizei lich
oderberger	oderberg er
lother	loth er
bezugsfertigkeit	bezugsfertig keit
geläufigkeit	geläufig keit
urmenschlich	urmensch lich
bauernhäuschen	bauernhaus chen
freudigkeit	freude ig keit
bodenreformer	bodenreform er
fahrradfahrerin	fahrradfahren er in
kleinlein	klee in lein
ausquartierung	ausquartieren ung
kommentarlos	kommentar los
kremer	krem er
geiseltaler	geiseltal er
zirkusartistin	zirkusartist in
behaglichkeit	behagen lich keit
rüsselsheimerin	rüsselsheim er in
umsiedelung	umsiedeln ung
gesellschafter	gesellschaft er
mutterlos	mutter los
unbedenklich	un bedenken lich
aufnahmeleiterin	aufnahmeleiter in
leisetreter	leisetreten er
filmheldin	filmheld in
strandhäuschen	strandhaus chen
sozialwirtschaftlich	sozialwirtschaft lich
kaffeeverkäufer	kaffeeverkauf er
kriegsgewinner	kriegsgewinn er
tiefsinnig	tiefsinn ig
konturlos	kontur los
wiederbeschaffung	wiederbeschaffen ung
außenwirtschaftsrechtlich	außenwirtschaftsrecht lich
linderung	lindern ung
kanzlerkandidatin	kanzlerkandidat in
augenzeugin	augenzeuge in
ausstattung	ausstatten ung
philologin	philologe in
serber	serbe er
jungforscherin	jungforscher in
festlegung	festlegen ung
nebelig	nebeln el ig
domberger	domberg er
arbeiterin	arbeiten er in
songschreiber	songschreiben er
religionsschüler	religionsschule er
cottbuser	cottbus er
hofschneiderin	hofschneider in
trittbrettfahrerin	trittbrettfahren er in
jämmerlich	jammer lich
theaterunternehmer	theaterunternehmen er
hessenmeisterin	hessenmeister in
verkapselung	ver kapsel ung
traurigkeit	traurig keit
weiterbeschäftigung	weiterbeschäftigen ung
patronin	patrone in
bischöflich	bischof lich
gemüseverkäufer	gemüseverkauf er
weißensteiner	weißenstein er
nachfüllung	nachfüllen ung
verbandsvertreterin	verbandsvertreter in
errettung	erretten ung
fütterung	füttern ung
friedberger	friedberg er
vorzeitlich	vorzeit lich
aufleger	auflegen er
beschuldigen	be schuld ig
bepflanzung	bepflanzen ung
verlagssprecherin	verlagssprecher in
bauleiterin	bauleiter in
schälchen	schal chen
pausenlos	pause los
rosenzüchter	rosenzucht er
gemüseanbauer	gemüseanbau er
waschung	waschen ung
eichstätter	eichstätt er
reporterin	report er in
krankmacher	krankmachen er
pächterin	pachten in
entvölkerung	entvölkern ung
kartoffelkönigin	kartoffelkönig in
westkollegin	westkollege in
unterwerfung	unterwerfen ung
austeilung	austeilen ung
korbacher	korbach er
einkaufbar	einkaufen bar
moosig	moos ig
großartigkeit	großartig keit
merklich	merken lich
verwirklichen	ver wirken lich
unauffindbar	un auffinden bar
verschmutzer	ver schmutz er
ehrgeizig	ehrgeiz ig
würfelig	würfel ig
freizeitlich	freizeit lich
schwerarbeiter	schwerarbeit er
ravensburger	ravensburg er
erforschbar	er forsch bar
liebenswürdigkeit	liebenswürdig keit
dezernentin	dezernent in
vorsängerin	vorsänger in
schmierung	schmieren ung
verkehrssünder	verkehrssünde er
nationalstaatlich	nationalstaat lich
stofflich	stoff lich
rötung	röten ung
anarchistin	anarchisch ist in
vergällung	vergällen ung
unvernünftig	unvernunft ig
heimberger	heimberg er
verabredung	verabreden ung
umstrukturierung	umstrukturieren ung
süchtigkeit	sucht ig keit
freiberger	freiberg er
kreuzigung	kreuz ig ung
steinhäger	steinhagen er
dramatiker	dramatik er
friedensarbeiterin	friedensarbeit er in
brotkörbchen	brotkorb chen
überanstrengung	überanstrengen ung
versteigern	ver steige er
verunreinigung	verunreinigen ung
chefdramaturgin	chefdramaturg in
bieterin	bieten er in
überwinterung	über winter ung
fechterin	fechten er in
anwohnerin	anwohner in
erinnerungslos	erinnern ung los
bundessozialministerin	bundessozialminister in
kurzsichtigkeit	kurzsicht ig keit
unzeitig	unzeit ig
taucherin	tauchen er in
wassertreter	wassertreten er
zeitungsmacher	zeitungsmachen er
zuffenhausener	zuffenhausen er
großbäuerlich	großbau er lich
pilotin	pilot in
überhörbar	überhören bar
kurzfassung	kurzfassen ung
einmütigkeit	einmut ig keit
teufelin	teufel in
erwerbung	erwerben ung
landtagskollegin	landtagskollege in
handwerksmeisterin	handwerksmeister in
benutzerin	benutzen er in
verwirklichung	ver wirken lich ung
stimmenfänger	stimmenfang er
kontoinhaberin	kontoinhaber in
handschriftlich	handschrift lich
abfallberaterin	abfallberater in
steckbar	stecken bar
anlagerung	anlagern ung
hochstufung	hochstufen ung
unzugänglichkeit	un zugang lich keit
heilsberger	heilsberg er
vordringlichkeit	vordringen lich keit
reifenberger	reifenberg er
hinterlistig	hinterlist ig
einbrecher	einbrechen er
aushöhlung	aushöhlen ung
stadtbesucher	stadtbesuch er
einberufung	einberufen ung
wochenendurlauber	wochenendurlaub er
zeitgenossin	zeitgenosse in
sendung	senden ung
entlassung	entlassen ung
behindertenfeindlichkeit	behindertenfeindlich keit
einigungsfähigkeit	einigungsfähig keit
dunstig	dunst ig
zuversichtlich	zuversicht lich
immobilienhändlerin	immobilienhändler in
getreidebauer	getreidebau er
bioethiker	bioethik er
sicherstellung	sicherstellen ung
fragwürdigkeit	fragwürdig keit
naturschutzrechtlich	naturschutzrecht lich
autobesitzerin	autobesitz er in
löcherig	löchern ig
wiederverheiratung	wiederverheiraten ung
geschichtswissenschaftlich	geschichtswissen schaft lich
vogelzüchter	vogelzucht er
ungeheuerlichkeit	ungeheuer lich keit
entwicklungspolitiker	entwicklungspolitik er
uneinig	un eine ig
zuschauerin	zuschauen er in
viermalig	viermal ig
verlosung	verlosen ung
fleißig	fleiß ig
rugbyspieler	rugbyspiel er
abtreibung	abtreiben ung
neudecker	neudeck er
streichhölzchen	streichholz chen
glückstädter	glückstadt er
landesmeisterin	landesmeister in
weitervermietung	weitervermieten ung
brasilianerin	brasil ien aner in
strahlenmediziner	strahlenmedizin er
haftrichterin	haftrichter in
trennbar	trennen bar
bevormundung	bevormunden ung
würstchen	wurst chen
präparierung	präparieren ung
mütterlich	mutter lich
obrigkeitlich	obrigkeit lich
lederstückchen	lederstück chen
gewissenlos	gewissen los
kreuzer	kreuzen er
steinzeitlich	steinzeit lich
einzelgesellschafter	einzelgesellschaft er
fügsamkeit	fügen sam keit
vielfältigkeit	vielfalt ig keit
besitzer	besitzen er
glaublich	glauben lich
skilehrerin	skilehrer in
medizinerin	medizin er in
verwachsung	verwachsen ung
entblößer	ent bloß e er
valer	val er
konditionierung	kondition ier ung
unveränderlichkeit	un verändern lich keit
kurseelsorger	kurseelsorge er
legalisierung	legale isier ung
blicklos	blicken los
deutlichkeit	deutlich keit
mitgestalter	mitgestalten er
nachzählung	nachzählen ung
verschreibungspflichtig	verschreibungspflicht ig
verarbeitung	verarbeiten ung
chorsängerin	chorsänger in
standesbeamtin	standesbeamte in
schößchen	schoß chen
zivilrechtlich	zivilrecht lich
verfassung	verfassen ung
stahlwerker	stahlwerk er
militärsprecherin	militärsprecher in
erwerblos	erwerb los
verspätung	ver spät ung
nutznießerin	nutznießer in
ratgeberin	ratgeber in
verpfändung	verpfänden ung
widerlegung	widerlegen ung
helfer	helfen er
weitsichtigkeit	weitsicht ig keit
zugezogener	zugezogene n er
entkräftung	entkräften ung
mörderin	morden er in
violinistin	viola ine ist in
ruchlos	ruch los
vollbelegung	vollbelegen ung
grundsätzlich	grundsatz lich
verlegerin	verlegen er in
möbelbauer	möbelbau er
ausrutscher	aus rutsch er
fechter	fechten er
großberliner	großberlin er
familienpflegerin	familienpflege er in
frauensteiner	frauenstein er
frauenfreundlichkeit	frauenfreund lich keit
hauptverbrecher	hauptverbrechen er
vergesellschaftung	ver gesellschaft ung
peinigen	pein ig
korbflechter	korbflechten er
untertürkheimer	untertürkheim er
gemeindepfleger	gemeindepflege er
mauerbauer	mauerbau er
ersatztorhüterin	ersatztorhüter in
weinbautechniker	weinbautechnik er
schachspieler	schachspielen er
äthiopier	äthiopien er
fortsetzung	fortsetzen ung
hänger	hängen er
hauer	haue er
sexualforscherin	sexualforscher in
bußfertigkeit	bußfertig keit
umwelttechniker	umwelttechnik er
enttäuschung	enttäuschen ung
ohrenzeugin	ohrenzeuge in
reifung	reifen ung
wirtschafterin	wirtschaften er in
kulturamtsleiterin	kulturamtsleiter in
übergangspräsidentin	übergangspräsident in
kaffeetrinker	kaffeetrinken er
videoverleiher	videoverleih er
angemessener	angemessen e n er
tessiner	tessin er
friedensfähigkeit	friedensfähig keit
nacheiszeitlich	nacheiszeit lich
erstellung	erstellen ung
aufhetzung	aufhetzen ung
artenschützer	artenschutz er
erbvertraglich	erbvertrag lich
zugführerin	zugführer in
schönleber	schönleben er
schmächtig	schmachten ig
einfamilienhäuschen	einfamilienhaus chen
erfinder	erfinden er
steigerungsfähigkeit	steigerungsfähig keit
maschinenbaulich	maschinenbau lich
überträger	übertragen er
minensucher	minensuchen er
leichtsinnigkeit	leichtsinn ig keit
sauberhaltung	sauberhalten ung
stammspielerin	stammspieler in
thronerbin	thronerbe in
niederschlesier	niederschlesien er
drogensüchtig	drogensucht ig
gesamtarbeiter	gesamtarbeit er
ernährungswissenschaftlich	ernährungswissenschaft lich
seelentröster	seelentrost er
feldarbeiterin	feldarbeit er in
gesetzeskräftig	gesetzeskraft ig
hirschauer	hirschau er
vervollkommnung	vervollkommnen ung
übersichtlich	übersichten lich
aktivensprecherin	aktivensprecher in
unterallgäuer	unterallgäu er
einmündung	einmünden ung
benachteiligung	benachteiligen ung
stückeschreiber	stückeschreiben er
lehrgangsteilnehmerin	lehrgangsteilnehmer in
anrüchigkeit	anrüchig keit
breitenbrunner	breitenbrunn er
lebendig	leben e ig
leidensfähigkeit	leidensfähig keit
reiterin	reiten er in
tätlichkeit	tätlich keit
flüchtlingskommissarin	flüchtlingskommissar in
aufschiebung	aufschieben ung
seherin	sehen er in
selbsterklärung	selbsterklären ung
weiterverbreitung	weiterverbreiten ung
erfrischung	er frisch ung
stellerin	stellen er in
teerung	teeren ung
filmstudentin	filmstudent in
ehrung	ehren ung
nachdrücklich	nachdruck lich
unbeirrbarkeit	unbeirrbar keit
landeskonservatorin	landeskonservator in
engelberger	engelberg er
bettlerin	betteln er in
konfliktlos	konflikt los
zynikerin	zyniker in
landesgeschäftsführerin	landesgeschäftsführer in
profilierung	profil ier ung
befehlsempfänger	befehlsempfang er
thronnachfolger	thronnachfolge er
nationalgeschichtlich	nationalgeschichte lich
monopolistin	monopol ist in
schulforscherin	schulforscher in
aufblähung	aufblähen ung
brotbäcker	brotbacken er
krebsartig	krebsart ig
raumfahrttechniker	raumfahrttechnik er
krämer	kramen er
brüchigkeit	brüchig keit
erbauerin	erbauen er in
turniersiegerin	turniersieg er in
überprüfer	überprüfen er
flügelspieler	flügelspiel er
landessiegerin	landessieg er in
selbstpflücker	selbstpflücken er
verkaufbar	verkaufen bar
kioskverkäufer	kioskverkauf er
verteidigungsministerin	verteidigungsminister in
entsetzlichkeit	entsetzen lich keit
abtreibungsgegnerin	abtreibungsgegner in
verschwörerin	verschwören in
streichung	streichen ung
abhängig	abhängen ig
motorisierung	motor isch isier ung
fremdenpolizeilich	fremdenpolizei lich
entscheidungsfreudigkeit	entscheidungsfreude ig keit
stadtteilbewohnerin	stadtteilbewohner in
entwicklungsministerin	entwicklungsminister in
bernhardiner	bernhardine er
großaktionärin	großaktion är in
bildungsplaner	bildungsplan er
motivationslos	motivation los
unauffälligkeit	un auffällig keit
merkwürdigkeit	merkwürde ig keit
zottelig	zottel ig
rostockerin	rostock er in
gewalttäterin	gewalttat er in
leichtathletin	leichtathlet in
mechaniker	mechanik er
sportlich	sport lich
archäologin	archäologe in
finanzierung	finanz ier ung
sandkörnchen	sandkorn chen
wohlanständigkeit	wohlanständig keit
weihnachtlich	weihnachten lich
lüftung	lüften ung
kriminalhauptkommissarin	kriminalhauptkommissar in
überbezirklich	über bezirk lich
neueinsteigerin	neueinsteiger in
nikotinsüchtig	nikotinsucht ig
anpassungsfähigkeit	anpassungsfähig keit
schwarzbauer	schwarzbau er
einsichtigkeit	einsicht ig keit
umweltpolitiker	umweltpolitik er
filmtechniker	filmtechnik er
geduldig	geduld ig
lagerbar	lagern bar
religionslehrerin	religionslehre er in
herrichtung	herrichten ung
auswaschung	aus waschen ung
vornehmlich	vornehm lich
enthauptung	enthaupten ung
rauchlos	rauchen los
autolos	auto los
vertrauensärztlich	vertrauensarzt lich
erkundigung	erkundigen ung
verifizierung	verifizieren ung
finanzwissenschaftlich	finanzwissenschaft lich
verzweiflungstäter	verzweiflungstat er
haber	haben er
hauswirtin	hauswirt in
kompositionslehrer	kompositionslehre er
freundschaftlich	freund schaft lich
bürokratisierung	bürokrat isch ie isier ung
gynäkologin	gynäkologe in
zerbrechlichkeit	zer brechen lich keit
verglasung	ver glas ung
stoppelbärtig	stoppelbart ig
umwidmung	umwidmen ung
dramatikerin	dramatik er in
neubrandenburgerin	neubrandenburg er in
vaterlos	vater los
ausländerfeindlich	ausländerfeind lich
pensionswirtin	pensionswirt in
oliver	oliv e er
ökogärtner	ökogarten er
pessimistin	pessimist in
maschinenbauer	maschinenbau er
reichenberger	reichenberg er
literaturstudentin	literaturstudent in
loslösung	loslösen ung
regierungspolitiker	regierungspolitik er
kodierung	kode ier ung
gewichtigkeit	gewichten ig keit
erfurterin	erfurt er in
adlershofer	adlershof er
blockspieler	blockspiel er
finkenberger	finkenberg er
sprachlos	sprache los
zusätzlich	zusatz lich
taunusstädtchen	taunusstadt chen
maximierung	maxime ier ung
beerdigungsunternehmer	beerdigungsunternehmen er
gutsherrin	gutsherr in
wasserwerker	wasserwerk er
skizzierung	skizze ier ung
kneipenwirtin	kneipenwirt in
wundertätig	wundertat ig
experimentalphysiker	experimentalphysik er
sinnbildlich	sinnbild lich
weberhäuschen	weberhaus chen
nachmieterin	nachmieter in
friedensnobelpreisträgerin	friedensnobelpreisträger in
meldung	melden ung
unbestimmbar	un bestimmen bar
arbeitswillig	arbeitswille ig
grundstückseigentümer	grundstückseigentum er
schäflein	schaf lein
tiermediziner	tiermedizin er
augenoptiker	augenoptik er
finalistin	finale ist in
gutwilligkeit	gutwillig keit
wiederverwendung	wiederverwenden ung
einwanderungsministerin	einwanderungsminister in
transferierung	transfer ier ung
schlänglein	schlange lein
ausstellungsbesucherin	ausstellungsbesuch er in
nutzbar	nutzen bar
quarter	quarte er
unbefahrbar	un befahren bar
gastautorin	gastautor in
einleiter	einleiten er
auszahlung	auszahlen ung
weitergeltung	weitergelten ung
formierung	form ier ung
zivildienstpflichtig	zivildienstpflicht ig
überbuchung	über buche ung
monarchistin	monarch isch ist in
schatzsucher	schatzsuche er
dresdnerin	dresden er in
sanierungsbedürftigkeit	sanierungsbedürftig keit
abmachung	abmachen ung
bierverkäufer	bierverkauf er
bewacher	bewachen er
müller	mull er
menner	menne er
brüderlichkeit	brüderlich keit
pollenkörner	pollenkorn er
sozialplaner	sozialplan er
innovationsfähigkeit	innovationsfähig keit
distanzlos	distanz los
abzweigung	abzweigen ung
reutlinger	reutlingen er
nürnberger	nürnberg er
ausgliederung	ausgliedern ung
unvorsichtig	un vorsicht ig
schulmeisterin	schulmeister in
geller	gellen er
verbildung	ver bild ung
filmwissenschaftlerin	filmwissenschaft ler in
absplitterung	ab splitten ung
holzstäbchen	holzstab chen
romanheldin	romanheld in
krimiautorin	krimiautor in
bauhauptgewerblich	bauhauptgewerbe lich
geschäftsführerin	geschäftsführer in
ahnungslos	ahnen ung los
friedrichstädter	friedrichstadt er
ungastlich	un gast lich
interviewpartnerin	interviewpartner in
hanauer	hanau er
informantin	informant in
schwingung	schwingen ung
verschönerung	ver schön ung
vernarbung	ver narbe ung
ausstellungsmacherin	ausstellungsmachen er in
fellbacherin	fellbach er in
verdienstlich	verdienst lich
dampfstrahler	dampfstrahl er
unterhaltungsmusiker	unterhaltungsmusik er
rinderzüchter	rinderzucht er
chicagoer	chicago er
flüchtigkeit	flüchten ig keit
kocher	kochen er
ertüchtigung	ertüchtigen ung
mehrheitseignerin	mehrheitseigner in
zigarrenraucher	zigarrenrauchen er
erklärung	erklären ung
klavierschüler	klavierschule er
mecklenburger	mecklenburg er
ordnungsrechtlich	ordnungsrecht lich
unwürdigkeit	un würdig keit
prostituiertenmörder	prostituiertenmord er
gastwirtin	gastwirt in
näherung	nähern ung
zusammenschaltung	zusammenschalten ung
überbietung	überbieten ung
wohnungseigentümer	wohnungseigentum er
autobesitzer	autobesitz er
bekehrung	bekehren ung
bestechlich	bestechen lich
dotierung	dotieren ung
gleichgültigkeit	gleichgültig keit
schlesier	schlesien er
zugehörig	zugehören ig
nachahmer	nachahmen er
fremdbestimmung	fremdbestimmen ung
freimütig	freimut ig
historikerin	historik er in
automatisierung	automat isch isier ung
eierwerfer	eierwerfen er
großfarmer	großfarm er
konfessionslos	konfession los
sahin	sah in
erkennbarkeit	erkennbar keit
mittagsschläfchen	mittagsschlaf chen
länderkundlich	länderkunde lich
goldgierig	goldgier ig
entdeckerin	entdecken er in
romanistin	roma anisch ist in
albaner	alban er
selbstgefällig	selbstgefallen ig
ablehner	ablehnen er
standespolitiker	standespolitik er
veterinärmediziner	veterinärmedizin er
reiter	reiten er
rechtsvorgängerin	rechtsvorgänger in
vermesser	vermessen er
ungünstig	ungunst ig
austrägerin	austragen er in
kulturfreundlich	kulturfreund lich
olympier	olympia er
keulenschwinger	keulenschwingen er
schläfchen	schläfe chen
lateinamerikanerin	lateinamerika aner in
wertbeständigkeit	wertbeständig keit
hohepriesterin	hohepriester in
schrankenlos	schranke los
raubfischer	raubfischen er
seehafer	seehafen er
heßlein	heß lein
besiegelung	besiegeln ung
lebendspender	lebendspende er
hafenarbeiter	hafenarbeit er
aufzählung	aufzählen ung
umzingelung	umzingeln ung
millionenerbin	millionenerbe in
haustechniker	haustechnik er
minnesänger	minnesang er
rechtsberaterin	rechtsberater in
umwertung	um wert ung
dachauer	dachau er
geschmacklich	geschmack lich
stellungslos	stellung los
obrigkeitsstaatlich	obrigkeitsstaat lich
wagner	wagen er
unterteilbar	unterteilen bar
filmhochschüler	filmhochschule er
messebesucher	messebesuch er
gelegenheitskäufer	gelegenheitskauf er
großbanker	großbank er
zwischenzeitig	zwischenzeit ig
argentinierin	argentine ien er in
kulturpädagogin	kulturpädagoge in
nachkolorierung	nachkolorieren ung
industriegeschichtlich	industriegeschichte lich
unwirklich	un wirken lich
textildesigner	textildesign er
londonerin	london er in
einweihung	einweihen ung
gardistin	gard ist in
dokumentarfilmer	dokumentarfilm er
notwendigkeit	notwendig keit
tabuierung	tabu ier ung
schwärmer	schwärmen er
königlich	könig lich
kabellos	kabel los
unterversorgung	unterversorgen ung
studienabsolventin	studienabsolvent in
unterzeichner	unterzeichnen er
einplanung	einplanen ung
menschenähnlichkeit	menschenähnlich keit
entstellung	entstellen ung
tröpflein	tropf lein
eiskunstläufer	eiskunstlaufen er
medienpädagogin	medienpädagoge in
verkaufsmanagerin	verkaufsmanager in
fließbandarbeiter	fließbandarbeit er
vietnamkrieger	vietnamkrieg er
bühnenschauspielerin	bühnenschauspieler in
privatbesucher	privatbesuch er
erwägung	erwägen ung
bahnfahrer	bahnfahren er
biochemikerin	biochemiker in
elin	ele in
klopfer	klopfen er
maiskörner	maiskorn er
konsumsüchtig	konsumsucht ig
marin	mare in
überschreitung	überschreiten ung
elendiglich	elend ig lich
staksig	staksen ig
spenderin	spenden er in
sowjetbürgerin	sowjetbürger in
ethiker	ethik er
lebenstüchtigkeit	lebenstüchtig keit
organisierung	organisieren ung
widersprüchlichkeit	widerspruch lich keit
starjournalistin	starjournalist in
leonberger	leonberg er
traufetter	traufe ette er
degenfechter	degenfechten er
opernsängerin	opernsänger in
bescherung	bescheren ung
sportministerin	sportminister in
studentensprecherin	studentensprecher in
haushaltung	haushalten ung
reformpolitiker	reformpolitik er
amtstierärztlich	amtstierarzt lich
radlerin	radeln er in
halböffentlichkeit	halböffentlich keit
zweisprachigkeit	zweisprachig keit
symbolträchtigkeit	symbolträchtig keit
verläßlichkeit	verlaß lich keit
ticketverkäufer	ticketverkauf er
langener	lange n er
rattenfänger	rattenfang er
blumenverkäufer	blumenverkauf er
andächtig	andacht ig
drucker	drucken er
schwülstig	schwulst ig
verständnislos	verständnis los
gerüstbauer	gerüstbau er
stellenbewerberin	stellenbewerber in
verschiffung	ver schiff ung
reihung	reihen ung
verbrecherin	verbrechen in
medizinstatistiker	medizinstatistik er
entwicklungsfähigkeit	entwicklungsfähig keit
messerwerfer	messerwerfen er
golfspielerin	golfspiel er in
kriminalbeamtin	kriminalbeamte in
zuhörer	zuhören er
klinker	klinke er
anmeldung	anmelden ung
freudenberger	freudenberg er
gerichtsmedizinerin	gerichtsmedizin er in
karlsruherin	karlsruhe er in
mitfinanzierung	mitfinanzieren ung
rechtlos	recht e los
holztäfelchen	holztafel chen
schädlichkeit	schädlich keit
zweiradfahrerin	zweiradfahren er in
durchdringung	durchdringen ung
bebauung	be bau ung
studienanfänger	studienanfang er
knacker	knacken er
restauratorin	restaurator in
wichtelmännchen	wichtelmann chen
sackpfeifer	sackpfeife er
bürgerfreundlich	bürgerfreund lich
gartenbesitzerin	gartenbesitzer in
öffentlichkeitsarbeiter	öffentlichkeitsarbeit er
ausbürgerung	ausbürgern ung
getränkeverkäufer	getränkeverkauf er
nichtkenner	nichtkennen er
abrundung	abrunden ung
sozialisierung	sozial isier ung
kräftigung	kräftigen ung
menschlichkeit	mensch lich keit
eisenberger	eisenberg er
instandhaltung	instandhalten ung
literaturwissenschaftlerin	literaturwissenschaft ler in
wachhäuschen	wachhaus chen
kitzler	kitzeln er
schmuckdesignerin	schmuckdesign er in
indianerin	indien aner in
dosierung	dose ier ung
einsendung	einsenden ung
bilderfeindlichkeit	bilderfeindlich keit
biophysiker	biophysik er
sexualverbrecher	sexualverbrechen er
prüfungspflichtig	prüfungspflicht ig
hammerwerfer	hammerwerfen er
wellig	wellen ig
mäulchen	maul chen
tauglichkeit	taugen lich keit
gießer	gießen er
verbin	verb in
knollig	knolle ig
mitternächtlich	mitternacht lich
altenessener	altenessen er
landessprachlich	landessprache lich
schwulenfeindlichkeit	schwulenfeindlich keit
hilfebedürftigkeit	hilfebedürftig keit
aussichtlos	aussicht los
zusammenfassung	zusammenfassen ung
kümmeltürkin	kümmeltürke in
innenstädter	innenstadt er
elbestädter	elbestadt er
dichter	dichten er
teepflanzer	teepflanze er
koordinatorin	koordinator in
medienwirksamkeit	medienwirksam keit
nationaltorhüterin	nationaltorhüter in
ausschmückung	ausschmücken ung
schwarzarbeiterin	schwarzarbeiten in
langstreckenläufer	langstreckenlauf er
enthemmung	enthemmen ung
gewerbemieter	gewerbemiete er
unzulässigkeit	un zulassen ig keit
frevler	freveln er
putzer	putz er
illustrierung	illustre ier ung
sterbenswörtchen	sterbenswort chen
opernbesucher	opernbesuch er
illuminierung	illuminieren ung
glücksspieler	glücksspiel er
todesmutig	todesmut ig
strafbarkeit	strafen bar keit
panikmacher	panikmache er
untätigkeit	untat ig keit
unterkellerung	unterkellern ung
anbindung	anbinden ung
rekonvaleszentin	rekonvaleszent in
theatertechniker	theatertechnik er
privatpatientin	privatpatient in
arbeitsmedizinerin	arbeitsmedizin er in
dankbarkeit	danken bar keit
chiffrierung	chiffre ier ung
landesligaspieler	landesligaspiel er
straftäter	straftat er
meinungslos	meinen ung los
privatisierung	private isier ung
panzerung	panzern ung
personalplaner	personalplan er
langstreckenläuferin	langstreckenlauf er in
ostjerusalemer	ostjerusalem er
kinobesitzerin	kinobesitzer in
seelentrösterin	seelentrost er in
urweltlich	urwelt lich
serbin	serbe in
popularisierung	popular isier ung
seminarteilnehmerin	seminarteilnehmer in
käuferin	kaufen er in
überarbeitung	überarbeiten ung
armin	arm e in
jerusalemer	jerusalem er
ofenbauer	ofenbau er
maierhöfer	maierhof er
halbgöttlich	halbgott lich
politikunfähigkeit	politikunfähig keit
steuerehrlichkeit	steuerehrlich keit
fahrradfahrer	fahrradfahren er
bodenturner	bodenturnen er
bezirkspolitiker	bezirkspolitik er
hinterhältig	hinterhalten ig
sprachforscherin	sprachforscher in
unendlich	un ende lich
parteipolitikerin	parteipolitik er in
übereinstimmung	übereinstimmen ung
fahrradverleiher	fahrradverleih er
dankbar	danken bar
moskauer	moskau er
interpreter	interpret er
lindner	linden er
ungebräuchlich	un gebrauch lich
schmalenberger	schmalenberg er
polizeilich	polizei lich
menschenrechtlerin	menschenrecht ler in
kampflos	kampf los
dezentralisierung	dezentral isier ung
waldlos	wald los
zutraulichkeit	zutrauen lich keit
integrierung	integrieren ung
dienstlich	dienst lich
lokalpolitiker	lokalpolitik er
außenseiterin	außenseite er in
wissensdurstig	wissensdurst ig
vertreiber	vertreiben er
lautsprachlich	lautsprache lich
kindergärtner	kindergarten er
klimatechniker	klimatechnik er
helfensteiner	helfenstein er
schönenberger	schönenberg er
unschlüssigkeit	un schlüssig keit
commerzbanker	commerzbank er
umbenennung	umbenennen ung
oberbürgermeisterin	oberbürgermeister in
reformfähigkeit	reformfähig keit
wirtschaftsjournalistin	wirtschaftsjournal ist in
medizinaldirektorin	medizinaldirektor in
bayernspieler	bayernspiel er
spielberger	spielberg er
begründerin	begründen er in
glitschig	glitschen ig
ansager	ansage er
verweser	verwesen er
wiederherrichtung	wiederherrichten ung
golfplatzbauer	golfplatzbau er
hornberger	hornberg er
leserlich	lese er lich
wiedergutmachung	wiedergutmachen ung
untermischung	untermischen ung
heizlüfter	heizluft er
schiersteiner	schierstein er
deutung	deuten ung
einstweilig	einstweilen ig
papiermacher	papiermache er
pensionsbesitzerin	pensionsbesitzer in
ricker	ricke er
gleichmütigkeit	gleichmut ig keit
weitschweifigkeit	weitschweifig keit
kolorierung	kolorieren ung
volksvertreterin	volksvertreter in
überdeutlichkeit	über deutlich keit
theaterregisseurin	theaterregisseur in
zurückzahlung	zurückzahlen ung
mittelmäßigkeit	mittelmaß ig keit
stegbauer	stegbau er
weltmeisterin	weltmeister in
sühnung	sühnen ung
darstellbar	darstellen bar
unwohnlich	un wohnen lich
ilker	ilke er
einwohnerin	einwohner in
belagerung	belagern ung
flexibilisierung	flexibilisieren ung
untersucher	untersuchen er
behaglich	behagen lich
peinlichkeit	peinlich keit
nebenklagevertreterin	nebenklagevertreter in
sozialrichterin	sozialrichter in
godesberger	godesberg er
ministrantin	ministrant in
beherbergung	beherbergen ung
bestrahlung	be strahl ung
karikaturistin	karikatur ist in
hoheitsrechtlich	hoheitsrecht lich
symptomlos	symptom los
betonbauer	betonbau er
showmasterin	showmaster in
sterblichkeit	sterben lich keit
erntearbeiter	erntearbeit er
glücksschweinchen	glücksschwein chen
charlottenburger	charlottenburg er
leuchtkräftig	leuchtkraft ig
zahnlos	zahn los
begleiter	begleiten er
schaffner	schaffen er
schätzchen	schatz chen
feuerung	feuern ung
vielfarbigkeit	vielfarbig keit
wirtschaftsreferentin	wirtschaftsreferent in
farbdrucker	farbdruck er
umfänglich	umfang lich
vatermörder	vatermord er
achtundsechziger	achtundsechzig er
jugendtrainerin	jugendtrainer in
antragssteller	antragsstelle er
vergeltung	vergelten ung
schaumschläger	schaumschlagen er
harheimer	harheim er
überplanung	überplanen ung
agrarwissenschaftlich	agrarwissenschaft lich
gewerkschaftlich	gewerkschaft lich
umweltschutztechniker	umweltschutztechnik er
lesebändchen	leseband chen
wohltätigkeit	wohltat ig keit
zitherspieler	zitherspiel er
dreizehner	dreizehn er
farbenfreudig	farbenfreude ig
reeder	reede er
leistungsschwimmerin	leistungsschwimmer in
dresdener	dresden er
körbchen	korb chen
quirlig	quirl ig
habsburger	habsburg er
optimierung	optimieren ung
pressesprecherin	pressesprecher in
spendierfreudigkeit	spendierfreude ig keit
dogger	dogge er
gesprächigkeit	gespräch ig keit
verteidigung	verteidigen ung
ruderer	rudern er
faltbar	falten bar
solospieler	solospiel er
lebensfreundlich	lebensfreund lich
panzerbauer	panzerbau er
sparwillig	sparwille ig
quäler	quälen er
hausmütterchen	hausmutter chen
ausbeutung	ausbeuten ung
erner	erne er
absonderlich	absondern lich
garantin	garant in
bedränger	bedrängen er
wertvoller	wertvollen er
unbehaglich	un behagen lich
unaufrichtig	un aufrichten ig
wendig	wenden ig
räumung	räumen ung
änderungsschneiderin	änderungsschneider in
dechiffrierbar	dechiffrieren bar
stimmungsmacher	stimmungsmache er
kündigung	kündigen ung
entweihung	entweihen ung
schreiner	schrein er
gastkünstlerin	gastkünstler in
konstrukteurin	konstrukteur in
handballerin	handballen er in
steuerexpertin	steuerexperte in
rasterung	rastern ung
sicherheitspolitiker	sicherheitspolitik er
narbig	narbe ig
säumigkeit	säumig keit
fernsehtauglichkeit	fernsehtauglich keit
irrtümlich	irrtum lich
sangesfreudig	sangesfreude ig
abmahnung	abmahnen ung
fahrradfreundlich	fahrradfreund lich
mächtigkeit	mächtig keit
feller	fell er
iserlohner	iserlohn er
entführung	entführen ung
niederwerfung	niederwerfen ung
umschließung	umschließen ung
verteidigungsplaner	verteidigungsplan er
jugendsenatorin	jugendsenator in
heroin	hero in
rundenzähler	rundenzählen er
verstellbar	verstellen bar
spielerin	spielen el er in
führungstreffer	führungstreffen er
theorielos	theorie los
zündung	zünden ung
iller	ille er
kälbchen	kalben chen
ordnungswidrigkeit	ordnungswidrig keit
zwangsarbeiterin	zwangsarbeit er in
heger	hege er
zulässigkeit	zulassen ig keit
volksschauspielerin	volksschauspiel er in
seelsorglich	seelsorge lich
torwärter	torwart er
roulettespieler	roulettespiel er
planung	planen ung
futterneider	futterneid er
vereinnahmung	vereinnahmen ung
verzichtbar	verzichten bar
zivilschützer	zivilschutz er
wiedereinsetzung	wiedereinsetzen ung
veranschlagung	veranschlagen ung
schalterbeamtin	schalterbeamte in
züchtigung	zucht ig ung
arbeitsmarktpolitiker	arbeitsmarktpolitik er
warschauer	warschau er
diskussionslos	diskussion los
moorburger	moorburg er
hochspringer	hochspringen er
berner	bern er
einlösbar	einlösen bar
traulichkeit	trauen lich keit
verbildlichen	ver bild lich
orgelspieler	orgelspielen er
entmietung	ent mieten e ung
wasserkocher	wasserkochen er
wahrnehmbar	wahrnehmen bar
vierkämpfer	vierkampf er
sprachgeschichtlich	sprachgeschichte lich
leinfelder	leinfelden er
machbar	machen bar
zwischenbetrieblich	zwischen betrieb lich
arbeitersportlerin	arbeitersport ler in
jugendärztlich	jugendarzt lich
demaskierung	demaskieren ung
eichenberger	eichenberg er
unergründlichkeit	unergründlich keit
ruderin	ruder in
kleinhändlerin	kleinhändler in
erholung	erholen ung
verbesserung	verbessern ung
studiendirektorin	studiendirektor in
therapeutin	therapeut in
einengung	einengen ung
torfstecher	torfstechen er
entspannungspolitiker	entspannungspolitik er
absentierung	absentieren ung
kindsmörderin	kindsmord er in
reformfreudig	reformfreude ig
staatspräsidentin	staatspräsident in
beweglichkeit	bewegen lich keit
kapitalbesitzer	kapitalbesitz er
zerrung	zerren ung
geflügelzüchter	geflügelzucht er
bildungsministerin	bildungsminister in
geräumigkeit	ge raume keit
oberflächlich	oberfläche lich
leichenwäscherin	leichenwäscher in
landarbeiter	landarbeit er
birnenförmig	birnenform ig
asylpolitiker	asylpolitik er
vernichtung	ver nichte ung
sinnesfreudig	sinnesfreude ig
uneigennützigkeit	un eigennutz ig keit
entbehrlich	entbehren lich
antonin	anton in
tanzschüler	tanzschule er
kumulierung	kumulieren ung
schwachsinnig	schwachsinn ig
garnierung	garn ier ung
belehrung	belehren ung
partnerin	partner in
opelstädter	opelstadt er
ansprechbar	ansprechen bar
fahrfähigkeit	fahrfähig keit
erlin	erle in
nordwestlich	nordwest lich
hüttenberger	hüttenberg er
odin	ode in
fußballspieler	fußballspielen er
lebensgefährlich	lebensgefahr lich
verknüpfung	verknüpfen ung
schwülstigkeit	schwulst ig keit
terroristin	terror ist in
reiselustig	reiselust ig
kugelstoßer	kugelstoßen er
stromverkäufer	stromverkauf er
gaukler	gaukeln er
klanglich	klang lich
innerparteilich	inner partei lich
kartenständer	kartenstand er
belieferung	beliefern ung
kleingärtner	kleingarten er
unanstößig	un anstoß ig
voreiligkeit	vor eilen ig keit
reichlich	reich lich
zaunkönigin	zaunkönig in
extremistin	extrem ist in
sonnig	sonnen ig
versöhnlich	versöhnen lich
ostkirchlich	ostkirche lich
volksschauspieler	volksschauspiel er
gitarristin	gitarre ist in
verwaltungsrichterin	verwaltungsrichter in
bedrohlich	bedrohen lich
klavierschülerin	klavierschule er in
kassandrarufer	kassandraruf er
lockig	locken ig
unlösbarkeit	un lösen bar keit
klötzchen	klotz chen
sprachgewaltig	sprachgewalt ig
nichtbesitzer	nichtbesitz er
verschärfung	ver scharf e ung
freihaltung	freihalten ung
beleger	belegen er
bewegungstherapeutin	bewegungstherapeut in
sternchen	stern chen
insiderin	insider in
zivilpolizistin	zivilpolizei ist in
undeutlichkeit	un deutlich keit
erstarrung	erstarren ung
kaffer	kaff er
pionierleiterin	pionierleiter in
schwerstarbeiter	schwerstarbeit er
tropenmediziner	tropenmedizin er
anstifterin	anstiften in
weber	web er
rehberger	rehberg er
schreibung	schreiben ung
priesterlich	priester lich
maskierung	maske ier ung
wehleidigkeit	wehleid ig keit
ermächtigung	ermächtigen ung
unterschiedslos	unterschied los
theatermusiker	theatermusik er
laborantin	laborant in
landesvorstandssprecherin	landesvorstandssprecher in
anwendbarkeit	anwendbar keit
züchter	züchten er
nachweisbar	nachweisen bar
schmollmündchen	schmollmund chen
engländer	england er
ebenmäßig	ebenmaß ig
verzeihung	verzeihen ung
weiterverwertung	weiterverwerten ung
saisonarbeiterin	saisonarbeit er in
seniorchefin	seniorchef in
unschätzbar	un schätzen bar
besteigung	besteigen ung
herausgeberin	herausgeben er in
kreispolitiker	kreispolitik er
feldspieler	feldspiel er
bediener	bedienen er
mißbrauchbarkeit	mißbrauchen bar keit
kriegsgegnerin	kriegsgegner in
wiesentaler	wiesental er
heilig	heil e ig
herbeiführung	herbeiführen ung
gleichförmigkeit	gleichförmig keit
altbürgerlich	altbürger lich
schiffsbauer	schiffsbau er
marathonläufer	marathonlaufen er
berufspolitiker	berufspolitik er
hauptschüler	hauptschule er
freisinnig	freisinn ig
verwöhnung	verwöhnen ung
bauhandwerklich	bauhandwerk lich
verdammung	verdammen ung
arbeitgeberin	arbeitgeber in
lateinschüler	lateinschule er
häutchen	haute chen
befehlsempfängerin	befehlsempfang er in
wunderlichkeit	wundern lich keit
südlich	süd lich
schülervertreterin	schülervertreter in
emmendinger	emmendingen er
unflätig	unflat ig
alteigentümer	alteigentum er
jugendspieler	jugendspiel er
literaturnobelpreisträgerin	literaturnobelpreisträger in
schlampigkeit	schlampen ig keit
bahnsprecherin	bahnsprecher in
senfkörner	senfkorn er
hamelner	hameln er
meldepflichtig	meldepflicht ig
erkennungsdienstlich	erkennungsdienst lich
westeuropäerin	westeuropäer in
künstlich	kunst lich
bauchtänzer	bauchtanzen er
rächerin	rächen er in
lesung	lesen ung
politisierung	politisch isier ung
zusammenlegung	zusammenlegen ung
todessehnsüchtig	todessehnsucht ig
gesundheitsstaatssekretärin	gesundheitsstaatssekretär in
lobensteiner	lobenstein er
fahrrädchen	fahrrad chen
zeitungsausträgerin	zeitungsaustragen er in
regellos	regeln el los
träumerin	träumen er in
grenzenlos	grenzen e los
ponyreiter	ponyreiten er
hongkonger	hongkong er
demonstrantin	demonstrant in
golffahrerin	golffahrer in
ostseestädter	ostseestadt er
hilfsschüler	hilfsschule er
raffgierig	raffgier ig
bekräftigung	bekräftigen ung
wirklicher	wirklichen er
hauptinitiatorin	hauptinitiator in
weiblichkeit	weib lich keit
jahresplaner	jahresplan er
programmkoordinatorin	programmkoordinator in
müßiggänger	müßiggang er
unvorstellbar	un vorstellen bar
landesministerin	landesminister in
zigarettenverkäuferin	zigarettenverkauf er in
limburger	limburg er
unachtsamkeit	un achten sam keit
pensionärin	pension är in
überlebenskünstlerin	überlebenskunst ler in
freundin	freund in
einstrahlung	ein strahl ung
rechtskräftigkeit	rechtskraft ig keit
simultanübersetzerin	simultanübersetzer in
baufälligkeit	baufällig keit
gesundheitspolitikerin	gesundheitspolitik er in
keglerin	kegler in
eigensüchtig	eigensucht ig
umrechnung	umrechnen ung
beweiskräftig	beweiskraft ig
bottroper	bottrop er
steinmännchen	steinmann chen
lebenspartnerin	lebenspartner in
tapsig	tapsen ig
geschmacklos	geschmack los
herstellung	herstellen ung
boulevardblättchen	boulevardblatt chen
münstertaler	münstertal er
christer	chr ist er
autofeindlichkeit	autofeindlich keit
polterig	poltern ig
konzeptlos	konzept los
risikopatientin	risikopatient in
ermöglichung	ermöglichen ung
synchronisierung	synchrone isch isier ung
tilsiter	tilsit er
nachdrücklichkeit	nachdruck lich keit
tierärztlich	tierarzt lich
exzentriker	exzentrik er
spülung	spülen ung
unstetigkeit	un stet e ig keit
gleichzeitig	gleichzeit ig
ergötzung	ergötzen ung
übersäuerung	übersäuern ung
touristenführerin	touristenführer in
wasserlos	wasser los
verflüssigung	ver flüssig ung
risikofreudig	risikofreude ig
radschläger	radschlagen er
diplomsoziologin	diplomsoziologe in
bezirklich	bezirk lich
empfindlich	empfinden lich
sodener	soden er
athenerin	athene er in
rechtsinhaberin	rechtsinhaber in
minderheitenfeindlichkeit	minderheitenfeindlich keit
osnabrücker	osnabrück er
kranichsteiner	kranichstein er
drahtlos	draht los
moder	mod er
lichtchen	licht chen
mattheuer	mattheu er
übergesetzlich	über gesetz lich
volksläufer	volkslauf er
besoldungsrechtlich	besoldungsrecht lich
voreilig	vor eilen ig
exhibitionistin	exhibition ist in
literaturprofessorin	literaturprofessor in
geschwisterlich	geschwister lich
gehorsamkeit	gehorsam keit
prozentpünktchen	prozentpunkt chen
schriftstellerin	schriftstelle er in
überziehung	überziehen ung
spezialgesetzlich	spezialgesetz lich
sonderbar	sondern bar
studentenpfarrerin	studentenpfarrer in
armenierin	armenien er in
mobilfunker	mobilfunk er
versicherung	versichern ung
weiterfinanzierung	weiterfinanzieren ung
proklamierung	proklamieren ung
drehbuchschreiber	drehbuchschreiben er
erblindung	er blind ung
wunderlich	wundern lich
motivlos	motiv los
schimpflich	schimpf lich
kioskbesitzerin	kioskbesitzer in
weißenburger	weißenburg er
wahlhamburgerin	wahlhamburger in
schminkköfferchen	schminkkoffer chen
unterhalter	unterhalten er
erinnerung	erinnern ung
strippenzieher	strippenziehen er
computertechniker	computertechnik er
metallbauer	metallbau er
verknöcherung	ver knochen ung
oktoberfestbesucher	oktoberfestbesuch er
spüler	spülen er
schwarzafrikanerin	schwarzafrika aner in
kreisläuferin	kreislauf er in
verweigerung	verweigern ung
listig	list ig
joker	joke er
verhandlungswillig	verhandlungswille ig
arbeitskollegin	arbeitskollege in
bildhauerin	bildhauen er in
präsidentin	präsident in
unabwendbarkeit	un abwenden bar keit
litauer	litauen er
umgänglich	umgang lich
unternehmer	unternehmen er
unempfindlichkeit	un empfinden lich keit
ionenaustauscher	ionenaustausch er
sozialräumlich	sozialraum lich
untervermietung	untervermieten ung
freudlos	freud los
umrahmung	um rahm ung
krimileser	krimilesen er
feldmäuschen	feldmaus chen
schläfrigkeit	schlaf rig keit
spreeathener	spreeathen er
auflösung	auflösen ung
mediziner	medizin er
beziehung	beziehen ung
fotodesigner	fotodesign er
saisonarbeiter	saisonarbeit er
kunstturner	kunstturnen er
termin	term in
rieger	riege er
musikstudentin	musikstudent in
heimatforscherin	heimatforscher in
scheinheiligkeit	scheinheilig keit
wohlgefällig	wohlgefallen ig
warin	ware in
arbeitswissenschaftlich	arbeitswissenschaft lich
wirtschaftswissenschaftlich	wirtschaftswissen schaft lich
filmkritikerin	filmkritik er in
wohnungsverwalterin	wohnungsverwalter in
lein	lee in
versicherungsrechtlich	versicherungsrecht lich
kerner	kern er
untragbarkeit	un tragbar keit
beteiligung	beteiligen ung
klassenlehrerin	klassenlehrer in
buchberger	buchberg er
tunnelbauer	tunnelbau er
gestalter	gestalten er
kostspieligkeit	kostspielig keit
fürther	fürth er
meisterin	meister in
botmäßigkeit	botmäßig keit
abschreibung	abschreiben ung
maßregelung	maßregeln ung
rosenkreuzer	rosenkreuz er
einbürgerung	ein bürgen ung
privatschülerin	privatschule er in
verbindung	verbinden ung
bauschig	bauschen ig
grüner	grün e er
stilisierung	stilisieren ung
bombenbauer	bombenbauen er
baudirektorin	baudirektor in
leistungsfähigkeit	leistungsfähig keit
jugendringer	jugendringen er
sinnlich	sinn lich
schläger	schlag er
interviewer	interviewen er
firmeninhaberin	firmeninhaber in
gesprächsunfähigkeit	gesprächsunfähig keit
auferweckung	auferwecken ung
verteidigerin	verteidigen er in
kunstschüler	kunstschule er
täuschung	täuschen ung
malaysier	malaysia er
röttger	röttgen er
wirtschaftsministerin	wirtschaftsminister in
typisierung	type isch isier ung
reflexionslos	reflexion los
teeverkäufer	teeverkauf er
versicherungsnehmerin	versicherungsnehmer in
verrußung	ver ruß ung
kriegsfähigkeit	kriegsfähig keit
miststreuer	miststreue er
vereinssprecherin	vereinssprecher in
rollkunstläuferin	rollkunstlaufen er in
hochstapler	hochstapeln er
verursacher	ver ursache er
sinnlichkeit	sinn lich keit
bemalung	bemalen ung
abflußlos	abfluß los
genehmigung	genehmigen ung
berechnung	berechnen ung
heilssucher	heilssuche er
eindeutigkeit	eindeutig keit
schlichter	schlichten er
filialleiterin	filialleiter in
fußballer	fußballen er
schwimmlehrerin	schwimmlehrer in
beisitzer	beisitzen er
ausschlachtung	aus schlacht ung
harfenspieler	harfenspiel er
klangsinnlichkeit	klangsinn lich keit
konstantin	konstante in
schreinern	schrein er
spargelstecher	spargelstechen er
elsner	elsen er
lebensfreudig	lebensfreude ig
naturgesetzlichkeit	naturgesetz lich keit
bezichtigung	bezichtigen ung
trübseligkeit	trübselig keit
kammergerichtspräsidentin	kammergerichtspräsident in
fachfraulich	fachfrau lich
bevollmächtigung	bevollmächtigen ung
hafenstädtchen	hafenstadt chen
vorläuferin	vorlaufen er in
gesinnungslos	gesinnung los
landespolitikerin	landespolitik er in
unmenschlich	unmensch lich
kassierer	kassieren er
unerträglich	un ertrag lich
inhaltslos	inhalt los
verderber	ver derb er
genferin	genf er in
erstarkung	erstarken ung
sieglos	siegen los
wüstenstädtchen	wüstenstadt chen
schaffung	schaffen ung
antragsteller	antragstelle er
verschwendungssüchtig	verschwendungssucht ig
begnadigung	begnadigen ung
zerschlagung	zer schlagen ung
ersttäter	ersttat er
runzelig	runzel ig
musikhörer	musikhören er
lokalbesucher	lokalbesuch er
nachtclubbesitzerin	nachtclubbesitzer in
nordamerikanerin	nordamerika aner in
losung	losen ung
fünftausender	fünftausend er
schülersprecherin	schülersprecher in
chemiestudentin	chemiestudent in
beugung	beugen ung
güler	gül er
erbsenzähler	erbsenzählen er
anrechnung	anrechnen ung
daimlerstädter	daimlerstadt er
gleichzeitigkeit	gleichzeit ig keit
jugendspielerin	jugendspiel er in
reimer	reimen er
fälligkeit	fällig keit
verderblichkeit	verderb lich keit
reitlehrerin	reitlehrer in
kaufsüchtig	kaufsucht ig
springerin	springen er in
einquartierung	ein quartier ung
inspektorin	inspektor in
verhätschelung	verhätscheln ung
nordöstlich	nordost lich
macker	macke er
turniertänzer	turniertanzen er
freiräumlich	freiräumen lich
vollkornbrötchen	vollkornbrot chen
vizemeisterin	vizemeister in
eigentümer	eigentum er
kapitalverbrecher	kapitalverbrechen er
knauserig	knauser ig
sexualwissenschaftlerin	sexualwissen schaft ler in
textlich	texten lich
zeichnerin	zeichnen er in
verrechnung	verrechnen ung
fürstbischöflich	fürstbischof lich
unterzeichnung	unterzeichnen ung
giftspritzer	giftspritze er
schiller	schill er
ungefällig	un gefälle ig
friedfertigkeit	friedfertig keit
widerruflich	widerrufen lich
verfluchung	ver fluch ung
retter	retten er
holländer	holland er
bieter	bieten er
ingolstädter	ingolstadt er
pfarramtlich	pfarramt lich
hagener	hagen er
liedsängerin	liedsänger in
glanzlos	glanz los
jugendarbeiter	jugendarbeit er
falkenberger	falkenberg er
erwerbsfähigkeit	erwerbsfähig keit
gelenkigkeit	gelenk ig keit
gastfreundlichkeit	gastfreund lich keit
eschborner	eschborn er
harlemer	harlem er
abnehmerin	abnehmen er in
vielschreiberin	vielschreiber in
klostergärtner	klostergarten er
umdrehung	umdrehen ung
unzerbrechlich	un zer brechen lich
enthaltsamkeit	enthalten sam keit
ungenießbarkeit	un genießen bar keit
heidelberger	heidelberg er
mitspieler	mitspielen er
entrückung	ent ruck ung
streber	streben er
fleischer	fleisch er
umständlichkeit	umstand lich keit
anglistin	anglist in
verwässerung	verwässern ung
erdung	erden ung
pfeifer	pfeife er
rechtsstaatlich	rechtsstaat lich
macher	machen er
unnatürlichkeit	un natürlich keit
privatsekretärin	privatsekretär in
pauschalurlauber	pauschalurlaub er
geschenkbändchen	geschenkband chen
schwerfälligkeit	schwerfallen ig keit
leistungsfeindlichkeit	leistungsfeindlich keit
lebensschützerin	lebensschutz er in
schulmeisterlich	schulmeister lich
langweiligkeit	langweilen ig keit
landwirtschaftsministerin	landwirtschaftsminister in
landräuber	landraub er
rechtsgutachter	rechtsgutachten er
vilbeler	vilbel er
diabetikerin	diabetiker in
frühherbstlich	frühherbst lich
vegetationslos	vegetation los
detailfreudig	detailfreude ig
sicherheitsexpertin	sicherheitsexperte in
erfahrung	erfahren ung
nachtschwärmerin	nachtschwärmer in
eberstädter	eberstadt er
tanner	tanne er
ehrwürdigkeit	ehrwürde ig keit
lesbar	lesen bar
kracher	krachen er
stachelig	stachel ig
burgherrin	burgherr in
gebrauchsgrafiker	gebrauchsgrafik er
erweichung	er weich ung
vollstreckbarkeit	vollstreckbar keit
unfähigkeit	un fähig keit
reiskörner	reiskorn er
offenbarer	offenbaren er
schulamtsdirektorin	schulamtsdirektor in
nachrichtenredakteurin	nachrichtenredakteur in
prestigesüchtig	prestigesucht ig
vergünstigen	ver gunst ig
holzarbeiter	holzarbeit er
wiedergewinnung	wiedergewinnen ung
republikanerin	republik aner in
fahrlässigkeit	fahrlässig keit
programmleiterin	programmleiter in
wundertätigkeit	wundertat ig keit
vereinigen	ver eine ig
islamwissenschaftlerin	islamwissenschaft ler in
pastoralreferentin	pastoralreferent in
argentinier	argentine ien er
einsetzung	einsetzen ung
einbeziehung	einbeziehen ung
widrigkeit	widrig keit
stadtjugendpflegerin	stadtjugendpflege er in
fraglich	fragen lich
führerhäuschen	führerhaus chen
panzerfahrer	panzerfahren er
ausfahrer	ausfahren er
bausenatorin	bausenator in
rettung	retten ung
bambergerin	bamberg er in
renovierung	renovieren ung
staubsauger	staubsaugen er
trottelig	trottel ig
kreatürlich	kreatur lich
bezirksleiterin	bezirksleiter in
demeter	demet er
riesig	riese ig
sieger	siegen er
regionalpolitiker	regionalpolitik er
pflanzenschützer	pflanzenschutz er
veranlagung	veranlagen ung
diplomverwaltungswirtin	diplomverwaltungswirt in
gutsherrlich	gutsherr lich
überordnung	überordnen ung
verteufelung	ver teufel ung
hüttenstädter	hüttenstadt er
florin	flor in
zerteilung	zer teilen ung
laienmusiker	laienmusik er
schwerstpflegebedürftigkeit	schwerstpflegebedürftig keit
bühnentänzer	bühnentanz er
baumartig	baumart ig
verpackung	verpacken ung
zeremonienmeisterin	zeremonienmeister in
krebsverdächtig	krebsverdacht ig
protestlerin	protest ler in
öffentlichkeitsreferentin	öffentlichkeitsreferent in
anfängerin	anfangen er in
aufopferung	aufopfern ung
christlichkeit	chr ist lich keit
buchdrucker	buchdruck er
muffigkeit	muff ig keit
kasseler	kassel er
realpolitikerin	realpolitik er in
einstellung	einstellen ung
wahrung	wahren ung
weltenburger	weltenburg er
innerstaatlich	inner staat lich
gastschülerin	gastschüler in
oberschlesierin	oberschlesien er in
nachbewilligung	nachbewilligen ung
abbiegung	abbiegen ung
kaffeesatzleser	kaffeesatzlesen er
aufseherin	aufsehen in
gralshüterin	gralshüter in
selbsttätigkeit	selbsttätig keit
schwindler	schwindeln er
slawin	slawe in
entflechtung	entflechten ung
optimistin	optimist in
stammkundin	stammkunde in
stifter	stiften er
stilgeschichtlich	stilgeschichte lich
weinberghäuschen	weinberghaus chen
rechtsreferentin	rechtsreferent in
trübsinnig	trübsinn ig
elektroschweißer	elektroschweißen er
trapezkünstlerin	trapezkünstler in
expliziter	explizit e er
umschichtung	umschichten ung
tonmeisterin	tonmeister in
losverkäufer	losverkauf er
lehrstuhlinhaberin	lehrstuhlinhaber in
koppelung	koppeln ung
reuelos	reue los
baugewerblich	baugewerbe lich
erscheinung	erscheinen ung
unaufrichtigkeit	un aufrichten ig keit
weiterbenutzung	weiterbenutzen ung
teilchen	teil chen
notschlachtung	notschlachten ung
müllunternehmer	müllunternehmen er
unabhängig	un abhängen ig
altmeisterin	altmeister in
konvertierung	konvertieren ung
unabdingbarkeit	unabdingbar keit
lagerarbeiterin	lagerarbeit er in
hauptkommissarin	hauptkommissar in
falschspieler	falschspiel er
pausbäckig	pausback ig
turin	ture in
vorstandsvorsitzer	vorstandsvorsitz er
algerier	algerien er
einkäufer	einkaufen er
tierfänger	tierfang er
beförderung	befördern ung
beglaubigung	beglaubigen ung
mittäterin	mittäter in
einspringer	einspringen er
höflich	hof lich
silbermedaillengewinnerin	silbermedaillengewinner in
würstchenverkäuferin	würstchenverkäufer in
korrespondentin	korrespondent in
wiederverwendbar	wiederverwenden bar
lehrerin	lehren er in
schriftsetzerin	schriftsetzer in
sozialpädagogin	sozialpädagoge in
lästerung	lästern ung
schwerstverbrecher	schwerstverbrechen er
nachdenker	nachdenken er
kauzig	kauz ig
zahlungsfähigkeit	zahlungsfähig keit
vokalartistin	vokalartist in
barleber	barleben er
vorrednerin	vorredner in
abgründig	abgrund ig
tartarin	tartare in
verhandlungsunfähigkeit	verhandlungsunfähig keit
gefühlsseligkeit	gefühlsselig keit
tranig	tran ig
unwirtschaftlichkeit	un wirtschaften lich keit
kulturministerin	kulturminister in
durchschnittlich	durchschnitt lich
stahlhelmer	stahlhelm er
erblasser	erblassen er
charakterlos	charakter los
dresdner	dresden er
