panzerung	panzern ung
hünfelder	hünfeld er
rechtsdezernentin	rechtsdezernent in
holzhäuschen	holzhaus chen
kneipenbesucher	kneipenbesuch er
seminarteilnehmerin	seminarteilnehmer in
bargeldlos	bargeld los
verbraucherschützerin	verbraucherschutz er in
vorbildlos	vorbild los
richterin	richten er in
beschreibung	beschreiben ung
parteisekretärin	parteisekretär in
gegensätzlich	gegensatz lich
stimmigkeit	stimmen ig keit
weltlich	welt lich
stiefväterlich	stiefvater lich
verleitung	verleiten ung
facharbeiter	facharbeit er
spargelstecher	spargelstechen er
festigen	fest e ig
billigung	billigen ung
überschlägig	überschlagen ig
befreiung	befreien ung
nellinger	nellingen er
raketentechniker	raketentechnik er
schönenberger	schönenberg er
lehramtlich	lehramt lich
reinlichkeit	rein lich keit
übergriffig	übergriff ig
argentinier	argentine ien er
impulsgeberin	impulsgeber in
arierin	ari er in
klagbar	klagen bar
vererblich	ver erbe lich
schäferin	schaf er in
augenoptiker	augenoptik er
haitianerin	haiti aner in
stichhaltigkeit	stichhaltig keit
schöntaler	schöntal er
halterin	halten er in
erläuterung	erläutern ung
unteilbarkeit	un teilen bar keit
flugblattverteiler	flugblattverteilen er
rädchen	rad chen
genügsamkeit	genügen sam keit
thronfolgerin	thronfolge er in
ohrenzeugin	ohrenzeuge in
sozialrichterin	sozialrichter in
rathauspolitiker	rathauspolitik er
grauslich	grausen lich
hauptamtlich	hauptamt lich
tagungsleiterin	tagungsleiter in
straußberger	straußberg er
saisonarbeiter	saisonarbeit er
mutmaßlich	mutmaßen lich
beschaffung	beschaffen ung
wirtschaftsredakteurin	wirtschaftsredakteur in
jazztrompeter	jazztrompete er
angreifer	angreifen er
ruhelos	ruhe los
finanzberaterin	finanzberater in
fahnder	fahnden er
ludwigshafener	ludwigshafen er
kennzeichnungspflichtig	kennzeichnungspflicht ig
winkelbauer	winkelbau er
verstoßung	verstoßen ung
umsichtig	umsicht ig
belustigung	belustigen ung
gutsbesitzerin	gutsbesitzer in
nachhilfeschüler	nachhilfeschule er
einstimmung	einstimmen ung
telefonseelsorgerin	telefonseelsorge er in
gesellschafter	gesellschaft er
kaper	kap er
fotoreporterin	fotoreporter in
störung	stören ung
frevlerin	freveln er in
schwerarbeiter	schwerarbeit er
landsmannschaftlich	landsmann schaft lich
lichtlein	licht lein
erwerbstätigkeit	erwerbstätig keit
dachauer	dachau er
rüger	rüge er
regenerierung	regenerieren ung
bücherschreiber	bücherschreiben er
balltreter	balltreten er
unredlichkeit	un reden lich keit
ungeistig	ungeist ig
entkrampfung	entkrampfen ung
abfahrtsläufer	abfahrtslauf er
gesellschaftsfähigkeit	gesellschaftsfähig keit
verwirklichung	ver wirken lich ung
assistentin	assistent in
urchristlich	urchrist lich
fraglich	fragen lich
praktikumslehrerin	praktikumslehrer in
schnulzig	schnulze ig
supermächtig	supermacht ig
essener	essen er
diplomvolkswirtin	diplomvolkswirt in
verwundung	verwunden ung
kitzler	kitzeln er
ofenbauer	ofenbau er
chefanklägerin	chefankläger in
krüppelig	krüppel ig
steher	stehen er
rekordnationalspielerin	rekordnationalspieler in
ideengeberin	ideengeber in
gelsenkirchener	gelsenkirchen er
monopolisierung	monopol isier ung
haller	hall er
handbüchlein	handbuch lein
giftigkeit	giften ig keit
recklinghausener	recklinghausen er
urmenschlich	urmensch lich
schwächlichkeit	schwach e lich keit
alltäglichkeit	alltag lich keit
musiker	musik er
trapezkünstlerin	trapezkünstler in
überbringung	über bring ung
technikkritiker	technikkritik er
generalkoordinatorin	generalkoordinator in
gegenöffentlichkeit	gegenöffentlich keit
flexibilisierung	flexibilisieren ung
werfer	werfen er
umweltwissenschaftlerin	umweltwissen schaft ler in
prestigesüchtig	prestigesucht ig
klassenverräter	klassenverrat er
filmkritiker	filmkritik er
außergewöhnlich	außer gewöhnen lich
friedlich	frieden lich
denkmalschützer	denkmalschutz er
fernzündung	fernzünden ung
entschuldung	entschulden ung
bewässerung	bewässern ung
jugendärztlich	jugendarzt lich
zackig	zacken ig
schriftlos	schrift los
beifällig	beifallen ig
überfüllung	überfüllen ung
etappensieger	etappensieg er
kinderpsychologin	kinderpsychologe in
wechselburger	wechselburg er
gemüsebauer	gemüsebau er
anspruchslos	anspruch los
kunstreiterin	kunstreiter in
ergründung	ergründen ung
prophetin	prophet in
vorführer	vorführen er
vokalartistin	vokalartist in
hauswirtschafterin	hauswirt schaft er in
lockerung	lockern ung
informatikerin	informatik er in
sportlich	sport lich
kampftrinker	kampftrinken er
freisetzung	freisetzen ung
abspielbar	ab spielen el bar
nicaraguanerin	nicaragua aner in
schulamtsdirektorin	schulamtsdirektor in
fachberaterin	fachberater in
vanillig	vanille ig
versöhnung	versöhnen ung
steinenberger	steinenberg er
ruferin	rufen er in
konsumentenschützer	konsumentenschutz er
unerschütterlichkeit	unerschütterlich keit
rückgratlos	rückgrat los
frankierung	frank ie ier ung
fortsetzerin	fortsetzen er in
luftfrachter	luftfracht er
kreisjugendpfleger	kreisjugendpflege er
beibringung	beibringen ung
jungsozialistin	jungsozialist in
schuldigkeit	schuld ig keit
bleistiftspitzer	bleistiftspitze er
kreismeisterin	kreismeister in
maastrichter	maastricht er
rednerin	redner in
anmutig	anmuten ig
ordnungsamtsleiterin	ordnungsamtsleiter in
fleischlich	fleisch lich
vollziehbar	vollziehen bar
vorherbestimmung	vorherbestimmen ung
rundlich	rund lich
übermächtigkeit	übermacht ig keit
feiertäglich	feiertag lich
bergsteiger	bergsteigen er
steinhäger	steinhagen er
gleichung	gleichen ung
werbeleiterin	werbeleiter in
josefin	josef in
abmahnung	abmahnen ung
betriebswirtin	betriebswirt in
theaterschauspielerin	theaterschauspieler in
theaterwissenschaftlich	theaterwissenschaft lich
unbestechlich	un bestechen lich
vorführung	vorführen ung
grimmig	grimm e ig
langläuferin	langlaufen er in
luxemburger	luxemburg er
kriminalpsychologin	kriminalpsychologe in
kumulierung	kumulieren ung
umdrehung	umdrehen ung
betreuung	betreuen ung
schulmeisterin	schulmeister in
warzig	warze ig
betrachtbar	betrachten bar
zwischenschaltung	zwischenschalten ung
pokalgewinner	pokalgewinn er
fälligkeit	fällig keit
unwandelbar	un wandeln bar
yener	yen er
beschwörung	beschwören ung
haarlos	haar los
unterhaltung	unterhalten ung
feierabendlich	feierabend lich
verlautbarung	verlautbaren ung
heftigkeit	heftig keit
prozeßbeobachterin	prozeßbeobachter in
strandung	stranden ung
unkontrollierbar	un kontrolle ier bar
osnabrückerin	osnabrück er in
leser	lese er
reformer	reform er
tablettenabhängigkeit	tablettenabhängig keit
dauermieter	dauermiete er
fahrradverleiher	fahrradverleih er
krankheitsanfälligkeit	krankheitsanfällig keit
grundschülerin	grundschüler in
stufung	stufen ung
einschiffung	ein schiff ung
kassenärztlich	kassenarzt lich
pförtnerhäuschen	pförtnerhaus chen
zuführung	zuführen ung
verlader	verladen er
landesschatzmeisterin	landesschatzmeister in
traditionspfleger	traditionspflege er
fremdsprachensekretärin	fremdsprachensekretär in
umgangssprachlich	umgangssprache lich
heimlichkeit	heimlich keit
mixer	mix er
serviererin	servie ier er in
siedlerin	siedler in
anhäufung	anhäufen ung
bildungspolitikerin	bildungspolitik er in
straßenfeger	straßenfegen er
kaputtmacher	kaputtmachen er
genfer	genf er
schulsenatorin	schulsenator in
mondsüchtig	mondsucht ig
tilsiter	tilsit er
reiseveranstalterin	reiseveranstalter in
textautorin	textautor in
kulturpolitikerin	kulturpolitik er in
binder	binde er
hochstapler	hochstapeln er
nachstellung	nachstellen ung
lesbar	lesen bar
biedersteiner	biederstein er
kunstturner	kunstturnen er
rentenrechtlich	rentenrecht lich
nationalspieler	nationalspiel er
dalmatiner	dalmatien er
kutschenfahrer	kutschenfahren er
jazzmusikerin	jazzmusik er in
römerzeitlich	römerzeit lich
mitteilung	mitteilen ung
necker	neck er
sanierer	sanieren er
wundertäter	wundertat er
augustiner	auguste ine er
einzelgesellschafter	einzelgesellschaft er
verschweigung	verschweigen ung
allgäuerin	allgäu er in
untervermietung	untervermieten ung
wartepflichtig	wartepflicht ig
aussagelos	aussagen e los
erledigung	erledigen ung
nichtswürdigkeit	nichtswürdig keit
bedränger	bedrängen er
sinnbildlich	sinnbild lich
unterdrückung	unterdrücken ung
überläufer	überlaufen er
berufsgerichtlich	berufsgericht lich
melderechtlich	melderecht lich
schutzwürdigkeit	schutzwürdig keit
feldspielerin	feldspiel er in
ressortchefin	ressortchef in
schwerpflegebedürftigkeit	schwerpflegebedürftig keit
amokläufer	amoklauf er
verzinslich	ver zins lich
unterhöhlung	unterhöhlen ung
rollerfahrerin	rollerfahrer in
dankbar	danken bar
erwiderung	erwidern ung
freidemokratin	freidemokrat in
bahnengolfer	bahnengolf er
betriebsberaterin	betriebsberater in
kampagnenfähigkeit	kampagnenfähig keit
bieter	bieten er
begründung	begründen ung
mißbrauchbar	mißbrauchen bar
stromwirtschaftlich	stromwirtschaft lich
bosnierin	bosnien er in
glanzlos	glanz los
holker	holke er
schöpfer	schöpfen er
bauernfänger	bauernfang er
aktivistin	akt iv ist in
bürgerschaftspräsidentin	bürgerschaftspräsident in
wiederaufstellung	wiederaufstellen ung
florentinerin	florentine er in
wirtin	wirt in
eingemeindung	eingemeinden ung
yorkerin	york er in
bergbauer	bergbau er
fahrradfreundlichkeit	fahrradfreund lich keit
enttarnung	enttarnen ung
mittelbar	mitteln bar
wellenchefin	wellenchef in
andächtig	andacht ig
hauptgeschäftsführerin	hauptgeschäftsführer in
hinterlassung	hinterlassen ung
abkühlung	ab kühl e ung
priesterin	priester in
aufblähung	aufblähen ung
verbindung	verbinden ung
sprecherin	sprecher in
fechter	fechten er
siegerin	siegen er in
hexenhäuschen	hexenhaus chen
heilung	heilen ung
heilsgeschichtlich	heilsgeschichte lich
salbung	salben ung
tourismusministerin	tourismusminister in
pädagogikstudentin	pädagogikstudent in
eisenacher	eisenach er
koalitionsfähigkeit	koalitionsfähig keit
autoverleiher	autoverleih er
utopielos	utopie los
stadttürmer	stadtturm er
abneigung	abneigen ung
nachforderung	nachfordern ung
eigentümlich	eigentum lich
bozener	bozen er
machtpolitikerin	machtpolitik er in
biochemikerin	biochemiker in
querdenkerin	querdenken er in
kalkulierbar	kalkulieren bar
kleinhaltung	kleinhalten ung
honigbrötchen	honigbrot chen
auswegslos	ausweg los
erbeutung	er beuten ung
bundesstaatlich	bundesstaat lich
reiseführerin	reiseführer in
emigrantin	emigrant in
unehelichkeit	un ehe lich keit
entschleierung	entschleiern ung
arbeitswillig	arbeitswille ig
profiboxer	profiboxen er
eigennützig	eigennutz ig
raver	rave n er
wirtschaftsstraftäter	wirtschaftsstraftat er
gänger	gang er
botin	bote in
jähzornig	jähzorn ig
fischerin	fischen er in
kulturmanagerin	kulturmanager in
streber	streben er
steinhofer	steinhof er
bauschig	bauschen ig
staubsauger	staubsaugen er
losverkäufer	losverkauf er
förderung	fördern ung
profitgierig	profitgier ig
augenlos	auge los
umweltpolitiker	umweltpolitik er
spielführerin	spielführer in
jungseniorin	jungsenior in
sängerin	sang er in
chicagoer	chicago er
seelsorgerin	seelsorge er in
engin	eng e in
aufschiebung	aufschieben ung
mauerlos	mauer los
mehrheitsaktionärin	mehrheitsaktionär in
lohnabhängigkeit	lohnabhängig keit
schwesterlein	schwester lein
europatauglichkeit	europatauglich keit
golfspieler	golfspiel er
rollkunstläufer	rollkunstlaufen er
demokratiefähigkeit	demokratiefähig keit
beschützerin	beschützen er in
datenschützer	datenschutz er
strandhäuschen	strandhaus chen
pfeifenraucher	pfeifenrauch er
popsängerin	popsänger in
züchterin	züchten er in
wahrheitssucher	wahrheitssuche er
wiedereinführung	wiedereinführen ung
schmuggler	schmuggeln er
wahlbetrüger	wahlbetrug er
stammtischpolitiker	stammtischpolitik er
üppigkeit	üppig keit
kleinunternehmer	kleinunternehmen er
bewerber	bewerben er
jogger	joggen er
diskussionsfreudigkeit	diskussionsfreude ig keit
schlichter	schlichten er
absender	absenden er
orchestrierung	orchestrieren ung
humanisierung	humane isier ung
wiederkäuer	wiederkäuen er
teppichklopfer	teppichklopfen er
umbesetzung	umbesetzen ung
assoziierung	assoziieren ung
werkstattleiterin	werkstattleiter in
gemächlichkeit	gemach lich keit
mitbestimmungspflichtig	mitbestimmungspflicht ig
managerin	managen er in
lothringer	lothringen er
eheberaterin	eheberater in
konzeptionslos	konzeption los
sozialpsychologin	sozialpsychologe in
auswirkung	auswirken ung
schaffnerin	schaffen er in
vernünftig	vernunft ig
öffnung	öffnen ung
gegenstandlos	gegenstand los
verständigkeit	verständig keit
antriebslos	antrieb los
menschenfreundin	menschenfreund in
hochverdiener	hochverdienen er
olympionikin	olympionike in
rechtsverbindlichkeit	rechtsverbindlich keit
barmherzigkeit	barmherzig keit
vorsängerin	vorsänger in
organspender	organspenden er
regellos	regeln el los
erhitzung	erhitzen ung
zusammenrottung	zusammenrotten ung
geistig	geist ig
verbindungslos	verbinden ung los
rentnerpärchen	rentnerpaar chen
unrichtig	un richten ig
unerbittlichkeit	unerbittlich keit
rostig	rost ig
hemdsärmelig	hemdsärmel ig
papierlos	papier los
unanfechtbar	un anfechten bar
glücksschweinchen	glücksschwein chen
kleinteilig	kleinteil ig
verständnislos	verständnis los
maskenbildnerin	maskenbildner in
abspaltung	abspalten ung
überwechsler	überwechseln er
skandinavier	skandinavien er
oberzeller	oberzell er
japanerin	japan er in
gesamtgesellschaftlich	gesamtgesellschaft lich
frauenfreundlichkeit	frauenfreund lich keit
einschulung	einschulen ung
schwierigkeit	schwierig keit
briefschreiberin	briefschreiber in
knochig	knochen ig
wiederherrichtung	wiederherrichten ung
erhöhung	erhöhen ung
verbindlich	verbinden lich
begrenzung	begrenzen ung
norditaliener	norditalien er
unruhestifterin	unruhestifter in
selbsterklärung	selbsterklären ung
kindergärtner	kindergarten er
ahndung	ahnden ung
mehrung	mehren ung
böhler	bohle er
integrierung	integrieren ung
wieger	wiegen e er
bevormundung	bevormunden ung
fanatikerin	fanatiker in
kniefällig	kniefall ig
glücksspielerin	glücksspiel er in
mittelschüler	mittelschule er
innenministerin	innenminister in
vorbereitung	vorbereiten ung
mittelamerikanerin	mittelamerika aner in
alteigentümerin	alteigentum er in
modelleisenbahner	modelleisenbahn er
kriminaldirektorin	kriminaldirektor in
göttingerin	göttingen er in
rattenfängerin	rattenfang er in
oppositionslos	opposition los
verkohlung	ver kohle ung
liedsängerin	liedsänger in
verfassungswidrigkeit	verfassungswidrig keit
mauerbauer	mauerbau er
explosionsgefährlich	explosionsgefahr lich
blockspieler	blockspiel er
schwanzlos	schwanz los
karrieresüchtig	karrieresucht ig
schorndorferin	schorndorf er in
werbegrafikerin	werbegrafik er in
multimediakünstlerin	multimediakünstler in
entwurzelung	entwurzeln ung
großfarmer	großfarm er
charlottenburger	charlottenburg er
türchen	tür chen
bearbeitung	bearbeiten ung
weltrekordhalterin	weltrekordhalter in
bürgerin	bürgen in
muttersöhnchen	muttersohn chen
generalkonsulin	generalkonsul in
untergründig	untergrund ig
unterschiedlich	unterschied lich
eidesstattlich	eidesstatt lich
hügelig	hügel ig
hüttenbauer	hüttenbau er
überzeugungstäterin	überzeugungstat er in
metallstäbchen	metallstab chen
kassenhäuschen	kassenhaus chen
lehrerin	lehren er in
erwerbbar	erwerben bar
namenspatronin	namenspatron in
konfliktlos	konflikt los
meßtechniker	meßtechnik er
vorspiegelung	vorspiegeln ung
steuerbar	steuern bar
atomphysikerin	atomphysik er in
cafer	cafe er
theoriefeindlichkeit	theoriefeindlich keit
ungeschlechtlich	un geschlecht lich
ortsvorsteherin	ortsvorsteher in
ablieferung	abliefern ung
unbelehrbar	un belehren bar
achtsamkeit	achten sam keit
unhandlichkeit	un hand lich keit
verträglich	vertrag lich
verwurzelung	ver wurzel ung
straßenmusikantin	straßenmusikant in
rheinberger	rheinberg er
fahrerlos	fahren er los
karrieremacher	karrieremachen er
hoffnungsvoller	hoffnungsvollen er
kleinlein	klee in lein
aufrichtigkeit	aufrichten ig keit
schwammig	schwamm ig
lenin	len in
erlösung	erlösen ung
neuzeller	neuzelle er
hauptverdächtig	hauptverdacht ig
thronnachfolger	thronnachfolge er
pferdekutscher	pferdekutsche er
vergötterung	ver gott ung
korbacher	korbach er
machbar	machen bar
politikmacher	politikmachen er
scharfsichtig	scharfsicht ig
säger	säge er
dehnung	dehnen ung
benachrichtigung	benachrichtigen ung
schweißerin	schweißen in
kitzbüheler	kitzbühel er
erlernung	erlernen ung
personalplaner	personalplan er
eisläuferin	eislaufen in
ölunternehmer	ölunternehmen er
irrsinniger	irrsinn ig e n er
rauschenberger	rauschenberg er
gebirgig	gebirge ig
einzeller	einzelle er
forscher	forschen er
aussiedler	aussiedeln er
zeitungsmacher	zeitungsmachen er
temperamentlos	temperament los
gitarristin	gitarre ist in
dreispringerin	dreispringer in
religionslehrerin	religionslehre er in
gutsherrin	gutsherr in
nacktbader	nacktbaden er
computermusiker	computermusik er
vorstellung	vorstellen ung
sucher	suchen er
unabwendbarkeit	un abwenden bar keit
werner	wern er
studioleiterin	studioleiter in
hilfeempfängerin	hilfeempfänger in
blockierung	block ier ung
listenführerin	listenführer in
verkündigung	verkündigen ung
miesmacher	miesmachen er
oldenburgerin	oldenburg er in
volleyballspieler	volleyballspielen er
arbeitsvermittlerin	arbeitsvermittler in
radfahrer	radfahren er
arbeitsgerichtlich	arbeitsgericht lich
nachreifung	nach reif ung
blaumacher	blaumachen er
angehörigkeit	angehören ig keit
zigarettenverkäuferin	zigarettenverkauf er in
zurückhaltung	zurückhalten ung
unterstützung	unterstützen ung
jugoslawin	jugoslawe in
jugendministerin	jugendminister in
autobesitzer	autobesitz er
rundfunkrechtlich	rundfunkrecht lich
ingolstädter	ingolstadt er
protokollführerin	protokollführer in
kachelofenbauer	kachelofenbau er
sendefähigkeit	sendefähig keit
belgrader	belgrad er
parlamentskollegin	parlamentskollege in
putzsüchtig	putzsucht ig
dreifaltigkeit	dreifaltig keit
insolvenzrechtlich	insolvenzrecht lich
schwermütig	schwermut ig
unzugänglich	un zugang lich
sprachlehrerin	sprachlehre er in
spritzigkeit	spritzen ig keit
bestäubung	bestäuben ung
unerreichbar	un erreichen bar
preisdrücker	preisdruck er
gasförmig	gasform ig
memminger	memmingen er
entnationalisierung	entnationalisieren ung
nobelpreisträgerin	nobelpreisträger in
besetzer	besetzen er
herrschsüchtig	herrschsucht ig
verproviantierung	verproviantieren ung
umsetzung	umsetzen ung
betreuer	betreuen er
zeitanzeiger	zeitanzeige er
beiträger	beitragen er
werkschützer	werkschutz er
gefährlichkeit	gefährlich keit
spaltbar	spalten bar
altersgenossin	altersgenosse in
konturlos	kontur los
marionettenspieler	marionettenspiel er
spielbar	spielen bar
wiedereinweihung	wiedereinweihen ung
schülerin	schule er in
kanzlerin	kanzler in
ausschließlich	aus schließen e lich
buchhändlerin	buchhändler in
versicherungsagentin	versicherungsagent in
geldbotin	geldbote in
zeitgeschichtlich	zeitgeschichte lich
internierung	intern e ier ung
merkwürdiger	merkwürde ig e er
erstickung	ersticken ung
jodler	jodeln er
bühnenarbeiter	bühnenarbeit er
lutzer	lutz er
aufhängung	aufhängen ung
alain	ala in
wörtchen	wort chen
verstauchung	verstauchen ung
krustig	kruste ig
seelsorglich	seelsorge lich
hauptberuflich	hauptberuf lich
waldecker	waldecke er
lustigkeit	lustig keit
schändlichkeit	schänden lich keit
burgstädter	burgstadt er
geldverleiher	geldverleih er
zweiradfahrer	zweiradfahren er
lenkung	lenken ung
unersetzbar	un ersetzen bar
abdeckung	abdecken ung
urlauber	urlaube er
einsichtsfähigkeit	einsichtsfähig keit
leichtgläubigkeit	leichtgläubig keit
abwerbung	abwerben ung
schmalzbrötchen	schmalzbrot chen
bestallung	bestallen ung
liedermacherin	liedermacher in
straßenverkehrsrechtlich	straßenverkehrsrecht lich
lieblingsheldin	lieblingsheld in
quittierung	quitt ier ung
monarchistin	monarch isch ist in
zivilisationskritiker	zivilisationskritik er
erkenntlichkeit	erkenntlich keit
schwellung	schwellen ung
baupolizeilich	baupolizei lich
ansehnlichkeit	ansehnlich keit
mehrheitsbesitzer	mehrheitsbesitz er
jungsteinzeitlich	jungsteinzeit lich
vilbeler	vilbel er
verschiffung	ver schiff ung
vorrednerin	vorredner in
stadtentwicklungssenatorin	stadtentwicklungssenator in
schnittig	schnitte ig
heilsversprecher	heilsversprechen er
fesselung	fesseln ung
patentierbar	patente ier bar
hundehalterin	hundehalter in
schlagwerker	schlagwerk er
hauptlehrer	hauptlehre er
grundgesetzlich	grundgesetz lich
kleidung	kleiden ung
alin	ale in
staatskommissarin	staatskommissar in
tatkräftig	tatkraft ig
feldarbeiter	feldarbeit er
fortbewegung	fortbewegen ung
diskussionsfreudig	diskussionsfreude ig
irrtümlich	irrtum lich
bevollmächtigung	bevollmächtigen ung
verbrennbar	verbrennen bar
besprechung	besprechen ung
schafscherer	schafscheren er
bergsteigerin	bergsteigen er in
langhaarig	langhaar ig
herabwürdigung	herabwürdigen ung
genesung	genesen ung
alleinunterhalterin	alleinunterhalter in
tiefbauunternehmer	tiefbauunternehmen er
amateurfunker	amateurfunk er
belastungszeugin	belastungszeuge in
hingerichteter	hingerichtet e n er
vereinbarung	vereinbaren ung
gleichförmigkeit	gleichförmig keit
museumsmitarbeiterin	museumsmitarbeiter in
feinsinnigkeit	feinsinn ig keit
kindermörderin	kindermord er in
umstellung	umstellen ung
starrsinnig	starrsinn ig
neuberger	neuberg er
anbiederung	anbiedern ung
einmütigkeit	einmut ig keit
steuerabzugsfähigkeit	steuerabzugsfähig keit
entpersönlichung	entpersönlichen ung
vollkornbrötchen	vollkornbrot chen
ungelenkig	un gelenk ig
vernehmungsfähigkeit	vernehmungsfähig keit
holzner	holzen er
silbertaler	silbertal er
erlernbarkeit	erlernbar keit
übermenschlich	übermensch lich
bremer	bremen er
sozialbürgermeisterin	sozialbürgermeister in
blutdürstig	blutdurst ig
unverständlichkeit	unverstand lich keit
landespolitiker	landespolitik er
marketingchefin	marketingchef in
einzeichnung	einzeichnen ung
gewöhnung	gewöhnen ung
haltbarkeit	halten bar keit
filmkritikerin	filmkritik er in
tester	test er
kleingläubigkeit	kleingläubig keit
wehrbauer	wehrbau er
einengung	einengen ung
nordöstlich	nordost lich
losung	losen ung
herrschaftlich	herrschaft lich
wiederernennung	wiederernennen ung
dolmetscher	dolmetschen er
kassiererin	kassieren er in
blutdurstig	blutdurst ig
sender	senden er
sozialversicherungsrechtlich	sozialversicherungsrecht lich
qualifizierung	qualifizieren ung
alphornbläser	alphornblasen er
indianerin	indien aner in
zahnrädchen	zahnrad chen
tieferlegung	tieferlegen ung
regenwaldschützer	regenwaldschutz er
erstarrung	erstarren ung
löber	lob er
weiher	weihe er
reizbarkeit	reizen bar keit
werkstofftechniker	werkstofftechnik er
staffelläufer	staffellauf er
modellbauer	modellbau er
chemnitzerin	chemnitz er in
rollstuhlfahrerin	rollstuhlfahren er in
widersprüchlichkeit	widerspruch lich keit
schauberger	schauberg er
gefällig	gefälle ig
kinderpflegerin	kinderpflege er in
niederträchtig	niedertracht ig
zwischenzeitlich	zwischenzeit lich
staatlich	staat lich
gemeindepfleger	gemeindepflege er
dilettantin	dilettant in
klassifizierung	klassifizieren ung
vertagung	ver tag ung
verwender	verwenden er
zahlungskräftig	zahlungskraft ig
falkenhagener	falkenhagen er
erleuchtung	er leuchten e ung
höchstädter	höchstädt er
einfügung	einfügen ung
oberbereiter	oberbereite er
anzahlung	anzahlen ung
bindungslos	bindung los
wegrationalisierung	wegrationalisieren ung
verlustig	verlust ig
volkskirchlich	volkskirche lich
stopfung	stopfen ung
klassenlehrerin	klassenlehrer in
weizenkörner	weizenkorn er
sozialbetreuerin	sozialbetreuer in
geschäftsunfähigkeit	geschäftsunfähig keit
schwärmerin	schwärmen er in
theaterwissenschaftlerin	theaterwissenschaft ler in
lieferer	liefern er
kundenbetreuerin	kundenbetreuer in
baströckchen	bastrock chen
allgemeingültigkeit	allgemeingültig keit
fortpflanzung	fortpflanzen ung
zerrüttung	zerrütten ung
kinderärztlich	kinderarzt lich
litauerin	litauen er in
datierung	datieren ung
tiroler	tirol er
tübingerin	tübingen er in
straffung	straffen ung
teilnehmerin	teilnehmen er in
bootsfahrer	bootsfahren er
grantig	grant ig
mulattin	mulatte in
water	waten er
verteidigungsplaner	verteidigungsplan er
benutzbarkeit	benutzen bar keit
verfolgung	verfolgen ung
altin	alt in
rücksichtlos	rücksicht los
kulturkritiker	kulturkritik er
joggerin	joggen er in
oberschlesierin	oberschlesien er in
programmchefin	programmchef in
festigen	fest e ig
hauer	haue er
sozialministerin	sozialminister in
agentin	agent in
reederin	reede er in
hüllenlos	hüllen los
investitionsfreudigkeit	investitionsfreude ig keit
winzerin	winzer in
klassensprecherin	klassensprecher in
namenloser	namenlose n er
entschlußfreudigkeit	entschlußfreude ig keit
klavierpädagogin	klavierpädagoge in
eingewöhnung	eingewöhnen ung
kokainabhängigkeit	kokainabhängig keit
landschaftsarchitektin	landschaftsarchitekt in
erstürmung	erstürmen ung
schiffbauer	schiffbau er
handwerker	handwerk er
haftung	haften ung
taxifahrerin	taxifahren er in
neidlos	neiden los
widernatürlichkeit	wider natürlich keit
präsidentin	präsident in
großstädter	großstadt er
freigängerin	freigang er in
durchsetzung	durchsetzen ung
schwarzwaldstädtchen	schwarzwaldstadt chen
wirkungslos	wirken ung los
strippenzieher	strippenziehen er
bezauberung	bezaubern ung
schwerverbrecher	schwerverbrechen er
senatsdirektorin	senatsdirektor in
drachenbauer	drachenbauen er
servierer	servie ier er
podiumsteilnehmerin	podiumsteilnehmer in
schönredner	schönreden er
dringlich	dringen lich
mannheimerin	mannheim er in
landessozialministerin	landessozialminister in
rinderzüchter	rinderzucht er
schlaflos	schlaf los
ringer	ringen er
bildner	bilden er
nachfinanzierung	nachfinanzieren ung
absendung	absenden ung
sozialtechniker	sozialtechnik er
wiederentstehung	wiederentstehen ung
krabbenbrötchen	krabbenbrot chen
sahin	sah in
sparpolitiker	sparpolitik er
auflösung	auflösen ung
wirtschaftsplaner	wirtschaftsplan er
talentsucher	talentsuche er
namensgeberin	namensgeber in
agrarpolitiker	agrarpolitik er
schriftsetzerin	schriftsetzer in
beischläfer	beischlaf er
betonwerker	betonwerk er
mittelläufer	mittellauf er
defensivspieler	defensivspiel er
kirchenpolitiker	kirchenpolitik er
keulenschwinger	keulenschwingen er
fürsorger	fürsorge er
pfläumchen	pflaume chen
hohepriesterlich	hohepriester lich
frauensteiner	frauenstein er
wiederaufarbeitung	wiederaufarbeiten ung
unwiderstehlichkeit	unwiderstehlich keit
müßig	muß ig
henner	henn er
handhabbar	handhaben bar
beurkundung	beurkunden ung
fraktionsgeschäftsführerin	fraktionsgeschäftsführer in
überwölbung	überwölben ung
zivilkläger	zivilklage er
italiener	italien er
äußerlich	äußern lich
verinnerlichen	ver inner e lich
alternativlos	alternative los
farmerin	farm er in
stimmungsmacher	stimmungsmache er
hamburgerin	hamburg er in
neugierig	neugier ig
instrumentalistin	instrument al ist in
abwanderung	abwandern ung
engstirnigkeit	engstirnig keit
landsberger	landsberg er
mitfinanzierung	mitfinanzieren ung
verzeihlich	verzeihen lich
brauchtumspfleger	brauchtumspflege er
emmendinger	emmendingen er
kaltentaler	kaltental er
tierpfleger	tierpflege er
ergebung	ergeben ung
rentnerin	rentner in
weinbauer	weinbau er
wahlgewinnerin	wahlgewinn er in
büroarbeiter	büroarbeit er
sozialschädlichkeit	sozialschädlich keit
fehldeutung	fehldeuten ung
näherin	nähen e er in
armbändchen	armband chen
faltbar	falten bar
demokratisierung	demokrat isch isier ung
lieferung	liefern ung
moosburger	moosburg er
einvernehmlich	einvernehmen lich
bezirksleiterin	bezirksleiter in
putzer	putz er
aushöhlung	aushöhlen ung
widmung	widmen ung
harheimer	harheim er
treulich	treu e lich
wiederverwendung	wiederverwenden ung
christain	christa in
überdeutlichkeit	über deutlich keit
leidenschaftlichkeit	leiden schaft lich keit
giebelhäuschen	giebelhaus chen
nachbarschaftlich	nachbar schaft lich
rohrleitungsbauer	rohrleitungsbau er
gesamtkirchlich	gesamtkirche lich
verhandlungsunfähigkeit	verhandlungsunfähig keit
bannerträgerin	bannerträger in
einäscherung	einäschern ung
konradin	konrad in
eritreerin	eritreer in
herrichtung	herrichten ung
hausbesitzerin	hausbesitz er in
bauchtänzerin	bauchtanzen er in
moder	mod er
jugendschützer	jugendschutz er
spießigkeit	spießen ig keit
präzedenzlos	präzedenz los
kriminalbeamtin	kriminalbeamte in
bierbrauer	bierbrauen er
führerin	führen er in
kriegstreiberin	kriegstreiben er in
koreanerin	korea aner in
unterhaltungskünstlerin	unterhaltungskunst ler in
reichsstädter	reichsstadt er
anmerkung	anmerken ung
liebhaberin	liebhaben in
exportfähigkeit	exportfähig keit
zivilgesellschaftlich	zivilgesellschaft lich
lorin	lore in
hausärztlich	hausarzt lich
kronberger	kronberg er
zauberer	zaubern er
baskin	baske in
distanzlos	distanz los
lagerfähigkeit	lagerfähig keit
einzelstarter	einzelstart er
bezeugung	bezeugen ung
kompromißlos	kompromiß los
gleisarbeiter	gleisarbeit er
schwindsüchtig	schwindsucht ig
runderneuerung	runderneuern ung
gutachtlich	gutachten lich
diplomverwaltungswirtin	diplomverwaltungswirt in
justizpolitiker	justizpolitik er
ferienhäuschen	ferienhaus chen
hansestädter	hansestadt er
albaner	alban er
blutlos	bluten los
überbesetzung	überbesetzen ung
genießbar	genießen bar
objektleiterin	objektleiter in
unermüdlichkeit	unermüdlich keit
rechtsförmlich	rechtsform lich
einkaufbar	einkaufen bar
bremerhavener	bremerhaven er
tannenberger	tannenberg er
abscheulich	abscheu lich
fischerdörfchen	fischerdorf chen
offenbarer	offenbaren er
kontrastierung	kontrast ier ung
notversorgung	notversorgen ung
parteiaktivistin	parteiaktivist in
interpretationsfähigkeit	interpretationsfähig keit
installierung	installieren ung
rechtspflegerin	rechtspflege er in
überhitzung	überhitzen ung
aquarellmalerin	aquarellmalen er in
bummler	bummeln er
freyberger	freyberg er
rückgängig	rückgang ig
schwetzinger	schwetzingen er
stoppelig	stoppel ig
germanistikprofessorin	germanistikprofessor in
novellierung	novelle ier ung
entrümpelung	entrümpeln ung
kracher	krachen er
ärmellos	ärmel los
fürstlichkeit	fürst lich keit
achter	achten er
baulich	bau lich
schweinezüchter	schweinezucht er
neuseeländer	neuseeland er
erschaffung	erschaffen ung
gegenspieler	gegenspiel er
vermehrung	ver mehr ung
alterung	altern ung
mittlerin	mittler e in
angrenzer	angrenzen er
pekinger	peking er
studentin	student in
erzwingung	erzwingen ung
anfechtbar	anfechten bar
bühnenbauer	bühnenbau er
selbstgefällig	selbstgefallen ig
alleinerzieher	alleinerziehen er
bullig	bull ig
ulmer	ulme er
begünstigung	begünstigen ung
heiligsprechung	heiligsprechen ung
diplomatin	diplom at in
inspirationslos	inspiration los
motivierung	motivieren ung
landesgeschäftsführerin	landesgeschäftsführer in
referatsleiterin	referatsleiter in
flügelspielerin	flügelspiel er in
stiernackig	stiernacken ig
operndirektorin	operndirektor in
zerteilung	zer teilen ung
lindenberger	lindenberg er
ausbildung	ausbilden ung
wohnung	wohnen ung
grünlich	grün e lich
sechsmalig	sechsmal ig
gemütlichkeit	gemüt lich keit
toursieger	toursieg er
selbstüberzeugung	selbstüberzeugen ung
lebenslustig	lebenslust ig
verzerrung	verzerren ung
klösterlich	kloster lich
eiförmig	eiform ig
herausbildung	herausbilden ung
aufzeichnung	aufzeichnen ung
zweitakter	zweitakt er
bildungsplaner	bildungsplan er
scheinheiligkeit	scheinheilig keit
ingenieurstudentin	ingenieurstudent in
arbeitsmarktpolitiker	arbeitsmarktpolitik er
faltig	falten ig
heuchlerin	heucheln er in
bucher	buche er
magdeburgerin	magdeburg er in
chorleiterin	chorleiter in
windung	winden ung
trotzköpfchen	trotzkopf chen
kartenständer	kartenstand er
münstertaler	münstertal er
nachbesserung	nachbessern ung
schnellfahrer	schnellfahren er
brutalisierung	brutale isier ung
unternehmerin	unternehmen er in
verhüllung	ver hüllen ung
reformfeindlich	reformfeind lich
behaglich	behagen lich
messebesucher	messebesuch er
bewirkung	bewirken ung
puppenmacherin	puppenmacher in
hintergründig	hintergrund ig
wissensdurstig	wissensdurst ig
siebenmalig	siebenmal ig
mäuschen	maus chen
umquartierung	um quartier ung
straßenbahnfahrerin	straßenbahnfahren er in
arbeitnehmerin	arbeitnehmer in
jugendpolitikerin	jugendpolitik er in
verwandlungsfähigkeit	verwandlungsfähig keit
linkshändigkeit	linkshändig keit
betriebswirtschaftsstudentin	betriebswirtschaftsstudent in
eßsüchtig	eßsucht ig
stammheimer	stammheim er
chaotin	chaot in
belegbar	belegen bar
verweichlichen	ver weich lich
bürgerrechtlich	bürgerrecht lich
landeskundlich	landeskunde lich
trennbar	trennen bar
slalomläufer	slalomlauf er
grabungsleiterin	grabungsleiter in
einzelsieger	einzelsieg er
nicolin	nicol in
großzügigkeit	großzügig keit
kaltblütigkeit	kaltblut ig keit
stimmungslos	stimmen ung los
hinderung	hindern ung
blondhaarig	blondhaar ig
kammerpräsidentin	kammerpräsident in
unglücklich	unglück lich
nordkoreanerin	nordkorea aner in
altenpflegeschüler	altenpflegeschule er
querschläger	querschlag er
druckunternehmer	druckunternehmen er
kämpfer	kämpfen er
berechnung	berechnen ung
konkretisierung	konkrete isier ung
beaufsichtigung	be aufsicht ung
tanzbar	tanzen bar
gegnerin	gegner in
schulabgänger	schulabgang er
behaglichkeit	behagen lich keit
lebensweltlich	lebenswelt lich
gemächlich	gemach lich
sicherheitslager	sicherheitslage er
rötlich	röten lich
eisverkäufer	eisverkauf er
rabenecker	rabeneck er
schminkköfferchen	schminkkoffer chen
eilbedürftigkeit	eilbedürftig keit
schneckenhäuschen	schneckenhaus chen
eichenberger	eichenberg er
senkrechtstarterin	senkrechtstart er in
kaltherzigkeit	kaltherzig keit
küster	küste er
retterin	retten er in
hobbykünstlerin	hobbykunst ler in
klinger	klingen e er
verweltlichen	ver welt lich
heimaturlauber	heimaturlaub er
abfällig	abfällen ig
nachtschränkchen	nachtschrank chen
wanderlustig	wanderlust ig
eichelberger	eichelberg er
wolkig	wolke ig
landesplaner	landesplan er
metaphysiker	metaphysik er
bergarbeiterin	bergarbeiter in
bühnentänzer	bühnentanz er
neapolitanerin	neapolitaner in
wurmig	wurmen ig
nassauer	nassau er
alkoholabhängigkeit	alkoholabhängig keit
borbecker	borbeck er
umklammerung	um klammer ung
tunnelarbeiter	tunnelarbeit er
grauhaarig	grauhaar ig
zuständigkeit	zuständig keit
blähung	blähen ung
kirchenpatronin	kirchenpatron in
schauspiellehrerin	schauspiellehrer in
vereinnahmung	vereinnahmen ung
unvorsichtigkeit	un vorsicht ig keit
farblich	farbe lich
bedingungslos	bedingen ung los
frauenrechtlerin	frauenrecht ler in
liebespärchen	liebespaar chen
rührung	rühren ung
gehässigkeit	gehässig keit
schlagkräftig	schlagkraft ig
materielos	materie los
hauptbelastungszeugin	hauptbelastungszeuge in
vorhanglos	vorhang los
einzelbetrieblich	einzelbetrieb lich
kontaktfreudigkeit	kontaktfreudig keit
demeter	demet er
projektplaner	projektplan er
satin	sat in
steinzeitlich	steinzeit lich
inhaltlos	inhalt los
lichtchen	licht chen
kenner	kennen er
porzellanmalerin	porzellanmaler in
mündchen	mund chen
industriemeisterin	industriemeister in
hellseherin	hellsehen er in
schwesterlich	schwester lich
geographin	geograph in
beamtenanwärterin	beamtenanwärter in
prorektorin	prorektor in
alltagsgeschichtlich	alltagsgeschichte lich
verdinglichen	ver ding lich
stumpfsinnig	stumpfsinn ig
gesundheitsministerin	gesundheitsminister in
ausbaubar	ausbauen bar
abenteuerlichkeit	abenteuer lich keit
seerechtlich	seerecht lich
entscheidungsfreudigkeit	entscheidungsfreude ig keit
trommlerin	trommeln er in
bockwürstchen	bockwurst chen
gärtnerin	gärtner in
zuleitung	zuleiten ung
anschauung	anschauen ung
erprobung	erproben ung
katalogisierung	katalog isier ung
elektromaschinenbauer	elektromaschinenbau er
holzschnitzer	holzschnitzen er
angstgegnerin	angstgegner in
frühsommerlich	frühsommer lich
austräger	austragen er
sensationsgierig	sensationsgier ig
unwirklich	un wirken lich
verwirklichen	ver wirken lich
unzulässig	un zulassen ig
unfallfahrerin	unfallfahrer in
verwandter	verwandte er
satirikerin	satire iker in
schmalspurig	schmalspur ig
ministerkollegin	ministerkollege in
küchenchefin	küchenchef in
birnenförmig	birnenform ig
posträuber	postraub er
sicherheitstechniker	sicherheitstechnik er
neubrandenburgerin	neubrandenburg er in
erschütterung	erschüttern ung
amtsvorgängerin	amtsvorgänger in
einsteller	einstellen er
grasberger	grasberg er
untätig	untat ig
pappig	pappen ig
schönleber	schönleben er
computertechniker	computertechnik er
begriffslos	begriff los
iranerin	iran er in
rummelsburger	rummelsburg er
möbelverkäufer	möbelverkauf er
ortspolitiker	ortspolitik er
dogger	dogge er
köpper	kopp er
montäglich	montag lich
longin	longe in
prozeßvertreterin	prozeßvertreter in
gleichstellung	gleichstellen ung
shanghaier	shanghai er
verkäuferin	verkaufen er in
vereinskollegin	vereinskollege in
befürwortung	befürworten ung
bestsellerautorin	bestsellerautor in
urenkelin	urenkel in
diplomsportlehrerin	diplomsportlehrer in
senkung	senken ung
kurzwellig	kurzwelle ig
schafzüchter	schafzucht er
absehbar	absehen bar
nordamerikanerin	nordamerika aner in
unbehaglichkeit	un behagen lich keit
menschlichkeit	mensch lich keit
wohlanständigkeit	wohlanständig keit
tessiner	tessin er
ehrendoktorin	ehrendoktor in
mühlberger	mühlberg er
router	route er
parteichefin	parteichef in
stadtjugendpflegerin	stadtjugendpflege er in
kunsthändlerin	kunsthändler in
modellflieger	modellfliegen er
konsolidierung	konsolidieren ung
halböffentlichkeit	halböffentlich keit
gesprächig	gespräch ig
voraussehbar	voraussehen bar
hilfswillig	hilfswille ig
bewirtschaftung	be wirtschaft ung
arzneimittelrechtlich	arzneimittelrecht lich
straßenläufer	straßenlauf er
religionsschüler	religionsschule er
bogenhauser	bogenhausen er
quedlinburger	quedlinburg er
verweser	verwesen er
anstandslos	anstand los
empörung	empören ung
agenturchefin	agenturchef in
alpträumer	alptraum er
umweltsünderin	umweltsünde er in
sprechbar	sprechen bar
klassespieler	klassespiel er
beiziehung	beiziehen ung
ostpreußin	ostpreuße in
mehrheitsgesellschafter	mehrheitsgesellschaft er
annäherung	annähern ung
akklimatisierung	akklimatisieren ung
wettbewerbsunfähigkeit	wettbewerbsunfähig keit
ravensburger	ravensburg er
zeitgenossin	zeitgenosse in
fernschüler	fernschule er
osterurlauber	osterurlaub er
hinfällig	hinfallen ig
gastgewerblich	gastgewerbe lich
unerheblich	un erheben lich
höchstrichterlich	höchstrichter lich
somalierin	somalia er in
trapper	trappe er
kundenfänger	kundenfang er
rostockerin	rostock er in
großbetrüger	großbetrug er
bundesministerin	bundesminister in
tannenbäumchen	tannenbaum chen
fleischverkäufer	fleischverkauf er
verfassungsgerichtlich	verfassungsgericht lich
beeinflußbarkeit	beeinflußbar keit
straflos	strafen los
lesbarkeit	lesen bar keit
verfassungspolitiker	verfassungspolitik er
freizeitlich	freizeit lich
drehung	drehen ung
gehirnlos	gehirn los
testpilotin	testpilot in
dichterin	dichten er in
schalterbeamtin	schalterbeamte in
regierungsfähigkeit	regierungsfähig keit
bodenreformer	bodenreform er
innergesellschaftlich	inner gesellschaft lich
konsumkritiker	konsumkritik er
veranschaulichen	ver anschauen lich
erlegung	erlegen ung
lohnarbeiterin	lohnarbeit er in
steinbrecher	steinbrech er
kulturgeschichtlich	kulturgeschichte lich
stahlbetonbauer	stahlbetonbau er
einschätzung	einschätzen ung
grafikdesigner	grafikdesign er
anreger	anregen er
zustellung	zustellen ung
vollendung	vollenden ung
sachlichkeit	sache lich keit
poetin	poet in
bändigung	bändigen ung
vormundschaftsgerichtlich	vormundschaftsgericht lich
irakerin	irak er in
konditorin	konditor in
helferin	helfen er in
tragiker	tragik er
irmelin	irmel in
rundenzähler	rundenzählen er
lehmig	lehm ig
straßenkreuzer	straßenkreuz er
betrachterin	betrachten er in
stadtförster	stadtforst er
bobfahrer	bobfahren er
veränderlichkeit	verändern lich keit
meuchler	meucheln er
abschöpfung	abschöpfen ung
schuldig	schuld ig
bluessängerin	bluessänger in
manager	managen er
übertragbarkeit	übertragen bar keit
übellaunigkeit	übellaunig keit
mütterlichkeit	mutter lich keit
unüberhörbar	un überhören bar
privatbesucher	privatbesuch er
zwischengeschlechtlich	zwischen geschlecht lich
menschenwürdig	menschenwürde ig
volleyballspielerin	volleyballspielen er in
verdächtigen	verdacht ig
fußpflegerin	fußpflege er in
baumgartner	baumgarten er
medienassistentin	medienassistent in
samtig	samt ig
präzisierung	präzis e ier ung
busunternehmer	busunternehmen er
laborassistentin	laborassistent in
gedanklich	gedanke lich
verkehrsgutachter	verkehrsgutachten er
anreicherung	anreichern ung
papierkügelchen	papierkugel chen
judenfeindlichkeit	judenfeindlich keit
modernisierung	modern isier ung
aufklärung	aufklären ung
umschichtig	umschichten ig
vertäfelung	vertäfeln ung
unbrauchbar	un brauchen bar
plieninger	plieningen er
antiquitätenhändlerin	antiquitätenhändler in
cellistin	cellist in
scheuringer	scheuring er
mainburger	mainburg er
untertunnelung	untertunneln ung
ablehnung	ablehnen ung
nordspanier	nordspanien er
vorankündigung	vorankündigen ung
machtsüchtig	machtsucht ig
verbandsdirektorin	verbandsdirektor in
botmäßigkeit	botmäßig keit
juniorenmeisterin	juniorenmeister in
übersichtlich	übersichten lich
arbeitstäglich	arbeitstag lich
unwahrhaftigkeit	unwahrhaftig keit
greisin	greis e in
töter	tote er
unabhängigkeit	un abhängen ig keit
rechteckig	rechteck ig
einträchtig	eintracht ig
vermännlichen	ver mann lich
schlittschuhläufer	schlittschuhlaufen er
gutartigkeit	gutartig keit
schreibung	schreiben ung
seelenlos	seele los
hauskäufer	hauskauf er
übertariflich	über tarif lich
volkskammerpräsidentin	volkskammerpräsident in
torhüterin	torhüter in
generalmusikdirektorin	generalmusikdirektor in
finanzexpertin	finanzexperte in
rückhaltlos	rückhalt los
sonderlich	sondern lich
demokratieverträglichkeit	demokratieverträglich keit
gesellschaftsreformer	gesellschaftsreform er
innergemeinschaftlich	inner gemeinschaft lich
ausmerzung	ausmerzen ung
mechanikerin	mechanik er in
abweichung	abweichen ung
linksradikaler	linksradikale n er
verbeugung	verbeugen ung
wurstigkeit	wurstig keit
kleinfischer	kleinfisch er
tolpatschig	tolpatsch ig
mehrheitlich	mehrheit lich
überflüssigkeit	über flüssig keit
surrealistin	surreal ist in
behindertensportlerin	behindertensport ler in
zusammenziehung	zusammenziehen ung
athenerin	athene er in
skiläufer	skilaufen er
legitimierung	legitim e ier ung
gewerkschaftssprecherin	gewerkschaftssprecher in
kunsträuber	kunstraub er
künstlerin	künstler in
offenhaltung	offenhalten ung
enkelin	enkel in
unsterblichkeit	un sterben lich keit
ausspielung	ausspielen ung
statistiker	statistik er
holzarbeiter	holzarbeit er
wirtschaftsberaterin	wirtschaftsberater in
spießbürgerlich	spießbürger lich
sehnlich	sehnen lich
verstellbar	verstellen bar
rosenzüchter	rosenzucht er
entwicklungsfähigkeit	entwicklungsfähig keit
wiederveröffentlichung	wiederveröffentlichen ung
golferin	golf er in
pfeiferaucher	pfeiferauchen er
versprechung	versprechen ung
vermittlerin	vermitteln er in
rezeptpflichtig	rezeptpflicht ig
panzerbauer	panzerbau er
trübsalbläser	trübsalblasen er
werblich	werben lich
zusammenstellung	zusammenstellen ung
einschreibung	einschreiben ung
stammspielerin	stammspieler in
verabschiedung	ver abschied ung
selbstmörder	selbstmord er
zulassung	zulassen ung
wahlkampfleiterin	wahlkampfleiter in
schreinern	schrein er
wahlhamburgerin	wahlhamburger in
senatsvertreterin	senatsvertreter in
anpassung	anpassen ung
statiker	statik er
querflötistin	querflöte ist in
jugendleiterin	jugendleiter in
wohnlichkeit	wohnen lich keit
dienstherrin	dienstherr in
schauer	schau er
pressereferentin	pressereferent in
zinngießer	zinngießen er
doppelung	doppeln ung
heimatlos	heimat los
altertümlich	altertum lich
umweglos	umweg los
schaffner	schaffen er
eisenhüttenstädter	eisenhüttenstadt er
individualrechtlich	individualrecht lich
selbstpflücker	selbstpflücken er
zigarettenraucher	zigarettenrauchen er
ungleichzeitig	un gleichzeit ig
ausbürgerung	ausbürgern ung
hammerwerfer	hammerwerfen er
lebensfreudig	lebensfreude ig
riesin	ries in
treuherzig	treuherz ig
schmerzunempfindlichkeit	schmerzunempfindlich keit
unendlichkeit	un ende lich keit
unerläßlichkeit	unerläßlich keit
entschlußlos	entschluß los
nationalstürmerin	nationalstürmer in
kirchberger	kirchberg er
erneuerer	erneuern er
schmuckdesigner	schmuckdesign er
diplomökonomin	diplomökonom in
einzelkämpfer	einzelkampf er
rückkehrer	rückkehr er
nützlich	nützen lich
frühlingslüftchen	frühlingsluft chen
lagerung	lagern ung
modezeichnerin	modezeichner in
überbezirklich	über bezirk lich
überbrückung	überbrücken ung
kundenfreundlichkeit	kundenfreundlich keit
querköpfig	querkopf ig
erkältung	erkälten ung
aufrechterhaltung	aufrechterhalten ung
klinker	klinke er
wochenendbesucher	wochenendbesuch er
viktorin	viktor in
heimatlich	heimat lich
gängig	gang ig
wohnungsbesitzer	wohnungsbesitz er
vorstädter	vorstadt er
lebenstüchtigkeit	lebenstüchtig keit
politisierung	politisch isier ung
bloßstellung	bloßstellen ung
alltagstauglichkeit	alltagstauglich keit
verdrahtung	ver draht ung
schöpferin	schöpfen er in
ladenbesitzerin	ladenbesitzer in
streitig	streiten ig
rechtskundig	rechtskunde ig
kammermusiker	kammermusik er
fehler	fehlen er
wehrfähigkeit	wehrfähig keit
tourismusunternehmer	tourismusunternehmen er
ersetzung	ersetzen ung
weilchen	weile chen
nationaltorhüterin	nationaltorhüter in
kelkheimerin	kelkheim er in
professorin	professor in
allgäuer	allgäu er
badestädter	badestadt er
frankensteiner	frankenstein er
verwendbarkeit	verwendbar keit
zuffenhausener	zuffenhausen er
zahlenmystiker	zahlenmystik er
graphiker	graphik er
kinogänger	kinogang er
forschungspolitiker	forschungspolitik er
besserung	bessern ung
flugmediziner	flugmedizin er
diffamierung	diffamieren ung
schneider	schneiden er
unentgeltlich	un entgelt lich
heizer	heizen er
lauschig	lauschen ig
unmündigkeit	un mündig keit
parteiarbeiter	parteiarbeit er
mercedesfahrerin	mercedesfahrer in
einbürgerung	ein bürgen ung
überdachung	über dach ung
flauschig	flausch ig
provinzblättchen	provinzblatt chen
tröstlich	trost lich
sinnlos	sinn los
esin	ese in
malerin	malen er in
parteipolitiker	parteipolitik er
entsiegelung	entsiegeln ung
parteiunabhängigkeit	parteiunabhängig keit
zerstreuung	zer streu ung
sanierungsbedürftigkeit	sanierungsbedürftig keit
bündnisfähigkeit	bündnisfähig keit
offiziersschüler	offiziersschule er
olympiasieger	olympiasieg er
textildesignerin	textildesign er in
holzhauser	holzhausen er
diskussionsleiterin	diskussionsleiter in
glücklich	glück lich
seifig	seifen ig
dokumentarfilmer	dokumentarfilm er
satzungsrechtlich	satzungsrecht lich
straßenfahrer	straßenfahren er
schlachtenbummlerin	schlachtenbummler in
börsenmaklerin	börsenmakler in
fußballer	fußballen er
europafähigkeit	europafähig keit
wunderbar	wundern bar
heimberger	heimberg er
sozialsenatorin	sozialsenator in
kugelförmig	kugelform ig
leistungssportlich	leistungssport lich
handtaschenräuber	handtaschenraub er
erwerbung	erwerben ung
geschenkbändchen	geschenkband chen
klosterschülerin	klosterschule er in
seligkeit	selig keit
abmessung	abmessen ung
fahruntüchtigkeit	fahruntüchtig keit
kulturwissenschaftlerin	kulturwissenschaft ler in
seiler	seil er
renovierung	renovieren ung
kämpferin	kämpfen er in
parteistaatlich	parteistaat lich
wandlungsfähigkeit	wandlungsfähig keit
gesetzlich	gesetz lich
gleichgültigkeit	gleichgültig keit
fremdsprachig	fremdsprache ig
zahlbar	zahlen bar
zertrümmerung	zer trümmer ung
unduldsamkeit	un dulden sam keit
zahlungspflichtig	zahlungspflicht ig
unpfändbar	un pfänden bar
waffenrechtlich	waffenrecht lich
sozialwirtschaftlich	sozialwirtschaft lich
kurzatmigkeit	kurzatmig keit
stattlich	statt lich
filmschauspielerin	filmschauspieler in
festschreibung	festschreiben ung
verkaufsleiterin	verkaufsleiter in
schulin	schule in
herzoglich	herzog lich
thailänder	thailand er
rückschrittlich	rückschritt lich
etablierung	etablieren ung
unvorstellbar	un vorstellen bar
anmeldung	anmelden ung
reformbedürftigkeit	reformbedürftig keit
umsiedelung	umsiedeln ung
werktäglich	werktag lich
sonderbotschafterin	sonderbotschafter in
zusammenfügung	zusammenfügen ung
blaudruckerin	blaudruck er in
wanderung	wandern ung
sensationssieger	sensationssieg er
zoodirektorin	zoodirektor in
ureinwohnerin	ureinwohner in
verdienstlich	verdienst lich
investmentsparer	investmentsparen er
quebecer	quebec er
schnüffler	schnüffeln er
widerborstig	wider borste ig
mißbräuchlich	mißbrauch lich
kurvig	kurven ig
handballer	handballen er
mitbestimmung	mitbestimmen ung
göttlichkeit	gott lich keit
erstattung	erstatten ung
landessprachlich	landessprache lich
amtsnachfolger	amtsnachfolge er
wahlleiterin	wahlleiter in
umverteilung	umverteilen ung
reformfreudig	reformfreude ig
immunisierung	immun isier ung
unaussprechbar	un aussprechen bar
übermüdung	über müde ung
studienanfängerin	studienanfang er in
kürner	küren er
abwehrspezialistin	abwehrspezialist in
passantin	passant in
glaubenskämpfer	glaubenskampf er
libanesin	libanese in
untersuchungsrichterin	untersuchungsrichter in
volksfeindlichkeit	volksfeind lich keit
immissionsschutzrechtlich	immissionsschutzrecht lich
bauchredner	bauchreden er
neuhofer	neuhof er
privatgutachter	privatgutachten er
borussin	borusse in
abgeltung	abgelten ung
gebührenpflichtig	gebührenpflicht ig
anteilseignerin	anteilseigner in
nürnberger	nürnberg er
bildung	bilden ung
schreiber	schreiben er
sandmännchen	sandmann chen
übermalung	über mal ung
tarifvertraglich	tarifvertrag lich
zwischenlandung	zwischenlanden ung
filialleiterin	filialleiter in
rottenburger	rottenburg er
sonntäglich	sonntag lich
binnenwirtschaftlich	binnenwirtschaft lich
spielverderberin	spielverderber in
umwertung	um wert ung
erfolgsautorin	erfolgsautor in
ankündigung	ankündigen ung
unumkehrbar	un umkehren bar
wochenblättchen	wochenblatt chen
videospieler	videospiel er
fischzüchter	fischzucht er
unterfütterung	unterfüttern ung
entwickler	entwickeln er
schulrektorin	schulrektor in
pflegedienstleiterin	pflegedienstleiter in
großformatig	großformat ig
afghanin	afghane in
entbehrlich	entbehren lich
antragssteller	antragsstelle er
drucker	drucken er
einschmelzung	einschmelzen ung
verkehrswissenschaftlich	verkehrswissenschaft lich
augenblicklich	augenblick lich
erdig	erden ig
peilung	peilen ung
häßlichkeit	haß lich keit
ländlich	lände lich
intrigantin	intrigant in
verletzbar	verletzen bar
giftmischerin	giftmischer in
gottesdienstbesucherin	gottesdienstbesuch er in
vorsichtig	vorsicht ig
färber	farbe er
undurchsichtigkeit	un durchsicht ig keit
schätzchen	schatz chen
gebrauchsgrafiker	gebrauchsgrafik er
psychologin	psychologe in
überheblichkeit	überheben lich keit
oberflächlich	oberfläche lich
straßenverkehrsbehördlich	straßenverkehrsbehörde lich
richtungslos	richtung los
ermittlerin	ermitteln er in
lustmörder	lustmord er
erzähler	erzählen er
besinnung	besinnen ung
außenstellenleiterin	außenstellenleiter in
vorbehaltslos	vorbehalt los
aussprechbar	aussprechen bar
dienstunfähigkeit	dienstunfähig keit
alltäglich	alltag lich
waldbaulich	waldbau lich
pfeifer	pfeife er
hürdenläuferin	hürdenlauf er in
premierministerin	premierminister in
glaublich	glauben lich
huldigung	huld ig ung
geigerin	geigen er in
matin	mate in
siebenbürger	siebenbürge n er
eisig	eisen ig
politikunfähigkeit	politikunfähig keit
abfallwirtschaftlich	abfallwirtschaft lich
bundesverfassungsrichterin	bundesverfassungsrichter in
überempfindlich	über empfinden lich
wehmütig	wehmut ig
forscherin	forschen er in
nürtinger	nürtingen er
charakterlos	charakter los
maskierung	maske ier ung
jazzpianistin	jazzpianist in
kunsthandwerker	kunsthandwerk er
barbesucher	barbesuch er
leidenschaftslos	leiden schaft los
zwischenstaatlich	zwischen staat lich
heusenstammer	heusenstamm er
speditionsunternehmer	speditionsunternehmen er
fischesser	fischesse er
investmentbanker	investmentbank er
dominikanerin	dominika aner in
bundesgesetzlich	bundesgesetz lich
abbiegung	abbiegen ung
intensivmediziner	intensivmedizin er
kilometerzähler	kilometerzahl er
staubig	stauben ig
hessin	hesse in
altmühltaler	altmühltal er
empfänger	empfang er
unbillig	unbill ig
liedlein	lied lein
versicherung	versichern ung
langjährig	langjahr ig
monatlich	monat lich
weißensteiner	weißenstein er
spitzbogig	spitzbogen ig
kiefernwäldchen	kiefernwald chen
oberbauer	oberbau er
wohlgefälligkeit	wohlgefallen ig keit
heidenheimer	heidenheim er
barleber	barleben er
aufgliederung	aufgliedern ung
respektierung	respekt ier ung
tagungsteilnehmerin	tagungsteilnehmer in
widerwärtigkeit	widerwärtig keit
versteinerung	ver steiner ung
überwindbar	überwinden bar
ilker	ilke er
sever	seven er
reutlinger	reutlingen er
überempfindlichkeit	über empfinden lich keit
bestimmung	bestimmen ung
überwältigung	überwältigen ung
kassenzahnärztlich	kassenzahnarzt lich
anstößig	anstoß ig
bauplanungsrechtlich	bauplanungsrecht lich
heimgärtner	heimgarten er
begegnung	begegnen ung
schwerelos	schwer e los
ahnung	ahnen ung
naturlyriker	naturlyrik er
schriftlich	schrift lich
diplompsychologin	diplompsychologe in
trickbetrügerin	trickbetrug er in
verherrlichen	ver herr lich
trennbarkeit	trennen bar keit
kunstgeschichtlich	kunstgeschichte lich
archivierung	archiv ier ung
wiederaufbereitung	wiederaufbereiten ung
kreuzförmig	kreuzform ig
feldarbeiterin	feldarbeit er in
trotteligkeit	trottel ig keit
lichtfleckchen	lichtfleck chen
betreuerin	betreuen er in
einlegung	einlegen ung
schläfern	schlaf er
pflegebedürftigkeit	pflegebedürftig keit
jazzmusiker	jazzmusik er
zerstäuber	zer stäuben er
arier	ari er
wiederaufhebung	wiederaufheben ung
titelgewinner	titelgewinn er
generalsekretärin	generalsekretär in
stofflichkeit	stoff lich keit
bewegungslos	bewegen ung los
eroberung	erobern ung
leichtfertigkeit	leichtfertig keit
schiebung	schieben ung
fortzahlung	fortzahlen ung
rathaussprecherin	rathaussprecher in
sozialwissenschaftlerin	sozialwissenschaft ler in
franziskanerin	franziska aner in
rochlitzer	rochlitz er
nachfüllung	nachfüllen ung
armseligkeit	armselig keit
jugendsozialarbeiter	jugendsozialarbeit er
überdüngung	überdüngen ung
verräuchern	ver rauchen er
flensburgerin	flensburg er in
priorin	prior in
sterbenswörtchen	sterbenswort chen
dreizehner	dreizehn er
obstpflücker	obstpflücken er
oberbürgermeisterlich	oberbürgermeister lich
voraussetzung	voraussetzen ung
briefeschreiber	briefeschreiben er
angriffsfähigkeit	angriffsfähig keit
verneinung	ver nein ung
schlierseer	schliersee er
erheiterung	erheitern ung
schiller	schill er
stotterer	stottern er
reporter	report er
denkmalpfleger	denkmalpflege er
einzelspielerin	einzelspiel er in
fünfeckig	fünfeck ig
rasenmäher	rasenmähen er
restauratorin	restaurator in
literaturredakteurin	literaturredakteur in
scheußlichkeit	scheußlich keit
konstituierung	konstituieren ung
unentbehrlich	un entbehren lich
ministerialdirektorin	ministerialdirektor in
überstellung	überstellen ung
schaller	schallen er
grafenberger	grafenberg er
staatsbanker	staatsbank er
anspielung	anspielen ung
klappbar	klappen bar
anwenderfreundlichkeit	anwenderfreundlich keit
kriegsdienstgegnerin	kriegsdienstgegner in
ermahnung	ermahnen ung
regionalisierung	regionale isier ung
barpianistin	barpianist in
fachhochschulprofessorin	fachhochschulprofessor in
recyclingfähigkeit	recyclingfähig keit
integrationsfähigkeit	integrationsfähig keit
auskunftsfreudigkeit	auskunftsfreude ig keit
wurzellos	wurzel los
hotelchefin	hotelchef in
typisierung	type isch isier ung
gesinnungsgenossin	gesinnungsgenosse in
zähflüssigkeit	zähflüssig keit
süßlich	süß lich
löwenberger	löwenberg er
nationalistin	nationale ist in
vollstrecker	vollstrecken er
hinrichtung	hinrichten ung
verflüchtigen	ver flüchten ig
chemiestudentin	chemiestudent in
wurstbrötchen	wurstbrot chen
sonderberichterstatterin	sonderberichterstatter in
meuchelmörder	meuchelmord er
finanzkräftig	finanzkraft ig
tischlerin	tischler in
bewegungsunfähigkeit	bewegungsunfähig keit
vogelzüchter	vogelzucht er
pianospieler	pianospiel er
spartanerin	sparta aner in
bundespolitikerin	bundespolitik er in
nachweispflichtig	nachweispflicht ig
schläfer	schläfe er
eintönigkeit	eintönig keit
unhaltbarkeit	un halten bar keit
türkin	türke in
menschenrechtlich	menschenrecht lich
flußfischer	flußfisch er
augenoptikerin	augenoptik er in
laienspieler	laienspiel er
wundertätigen	wundertat ig
kodifizierung	kodifizieren ung
beunruhigung	beunruhigen ung
friedlos	friede los
immobilieneigentümer	immobilieneigentum er
bereitstellung	bereitstellen ung
dudelsackpfeifer	dudelsackpfeife er
musikgeschichtlich	musikgeschichte lich
einsichtigkeit	einsicht ig keit
stricker	stricken er
michelstädter	michelstadt er
lüneburger	lüneburg er
abtönung	abtönen ung
brüderchen	bruder chen
mißachtung	mißachten ung
überraschungssieger	überraschungssieg er
testamentsvollstreckerin	testamentsvollstrecker in
elendiglich	elend ig lich
handlichkeit	hand lich keit
überängstlichkeit	über ängstlich keit
unterscheidbar	unterscheiden bar
abtrennung	abtrennen ung
konfessionslos	konfession los
anthropologin	anthropologe in
herzlich	herz lich
hochwürdig	hochwürden ig
bühnengestalter	bühnengestalt er
niederhaltung	niederhalten ung
haarschneider	haarschneiden er
einsatzfreudigkeit	einsatzfreude ig keit
hochachtung	hochachten ung
fleckenlos	fleck los
pantöffelchen	pantoffel chen
führerscheinlos	führerschein los
vernetzer	ver netz er
unempfindlichkeit	un empfinden lich keit
unterdrückerin	unterdrücken er in
aktivierung	akt iv e ier ung
entleerung	ent leer e ung
sorgfältig	sorgfalt ig
gewaltverbrecher	gewaltverbrechen er
abrichtung	abrichten ung
beschimpfung	be schimpf ung
elfjähriger	elfjährig er
reflexionslos	reflexion los
zähmung	zähmen ung
größenwahnsinnig	größenwahnsinn ig
behördenchefin	behördenchef in
planierung	planie ier ung
leichenwäscherin	leichenwäscher in
schulplaner	schulplan er
türsteherin	türsteher in
hintersteiner	hinterstein er
breitenberger	breitenberg er
bundesvorstandssprecherin	bundesvorstandssprecher in
kunstmalerin	kunstmaler in
straßenbauarbeiter	straßenbauarbeit er
wilmersdorfer	wilmersdorf er
mattheuer	mattheu er
vaterlos	vater los
fruchtbarkeit	fruchten bar keit
annchen	ann chen
vergänglichkeit	vergänglich keit
fachgutachter	fachgutachten er
reizlos	reiz los
gesellschafterin	gesellschaft er in
ungebärdigkeit	ungebärdig keit
kleinchen	klein e chen
spieler	spielen el er
kunstradfahrerin	kunstradfahren er in
streicherin	streichen er in
titelverteidigerin	titelverteidiger in
quantifizierung	quantifizieren ung
vegetarierin	vegetarier in
radolfzeller	radolfzell er
straßenhändlerin	straßenhändler in
schauspieler	schauspielen er
landräuber	landraub er
holztechniker	holztechnik er
einstufig	einstufen ig
pummelig	pummel ig
verbürgerlichen	ver bürgen lich
schmählich	schmähen lich
torfig	torf ig
ordnung	ordnen ung
verwerfung	verwerfen ung
schatzsucher	schatzsuche er
aufbewahrung	aufbewahren ung
parteifreundin	parteifreund in
umsteuerung	umsteuern ung
ursprünglichkeit	ursprung lich keit
lottogewinner	lottogewinn er
zulässigkeit	zulassen ig keit
vorarbeiterin	vorarbeiten er in
aushändigung	aushändigen ung
minderwertig	minderwert ig
sauberhaltung	sauberhalten ung
brettspieler	brettspiel er
sechstägig	sechstag ig
bürgerrechtlerin	bürgerrecht ler in
medienarbeiter	medienarbeit er
regelwidrigkeit	regelwidrig keit
südöstlich	südost lich
irrwitzig	irrwitz ig
umschulung	umschulen ung
mittelstandspolitiker	mittelstandspolitik er
hauptgewinner	hauptgewinn er
dreibändig	dreiband ig
verneigung	ver neige ung
sportlehrerin	sportlehrer in
reuig	reue ig
gleichmäßig	gleichmaß ig
entscheidungslos	entscheiden ung los
vorehelich	vor ehe lich
fernsehkritiker	fernsehkritik er
einbringung	einbringen ung
hindin	hinde in
wunschdenker	wunschdenken er
bodenbesitzer	bodenbesitz er
malaysier	malaysia er
strafprozeßrechtlich	strafprozeßrecht lich
agrarunternehmer	agrarunternehmen er
slalomfahrer	slalomfahren er
würzig	würzen ig
liebeslager	liebeslage er
vollautomatisierung	vollautomat isch isier ung
regierungsvertreterin	regierungsvertreter in
küchenleiterin	küchenleiter in
versöhnlich	versöhnen lich
stierstädter	stierstadt er
willigen	wille ig
hochtechnisierung	hochtechnisch isier ung
anfänglich	anfang lich
verdauung	verdauen ung
sein	see in
überziehung	überziehen ung
simulantin	simulant in
ausnahmeathletin	ausnahmeathlet in
alleingänger	alleingang er
pantomimin	pantomime in
inspektorin	inspektor in
versammlungsrechtlich	versammlungsrecht lich
goldfarbig	goldfarbe ig
hausmütterchen	hausmutter chen
auspowerung	auspowern ung
medizinaldirektorin	medizinaldirektor in
schnauzbärtig	schnauzbart ig
zellennachbarin	zellennachbar in
farbfernseher	farbfernsehen er
polizeibeamtin	polizeibeamte in
verblutung	ver blut ung
gruppenbetreuerin	gruppenbetreuer in
sorgsamkeit	sorgsam keit
fortwirkung	fortwirken ung
zarin	zare in
zuspitzung	zuspitzen ung
einsiedler	einsiedeln er
beratungslehrerin	beratungslehrer in
atomtechniker	atomtechnik er
kirchenbauer	kirchenbau er
langzeiturlauber	langzeiturlaub er
schülersprecherin	schülersprecher in
grausamkeit	grauen sam keit
wetzlarer	wetzlar er
zusammenhanglos	zusammenhang los
graubärtig	graubart ig
würdelos	würde los
deutschfeindlichkeit	deutschfeindlich keit
oberlippenbärtchen	oberlippenbart chen
europapolitiker	europapolitik er
abwertung	abwerten ung
avantgardemusiker	avantgardemusik er
abschaffung	abschaffen ung
kompostierung	kompost ier ung
orientierungsläufer	orientierungslauf er
absonderlichkeit	absondern lich keit
müller	mull er
anhängig	anhängen ig
kampfgenossin	kampfgenosse in
ermangelung	ermangeln ung
südoldenburger	südoldenburg er
planerin	planen er in
erbaulich	erbauen lich
vorkämpferin	vorkämpfer in
hochschullehrerin	hochschullehre er in
scheidung	scheiden ung
minderjährigkeit	minderjährig keit
dramatikerin	dramatik er in
tierquäler	tierqual er
stallarbeiter	stallarbeit er
hänger	hängen er
sicherheitspolitiker	sicherheitspolitik er
unfreundlichkeit	un freund lich keit
ölverbraucher	ölverbrauch er
karrieristin	karriere ist in
pflänzchen	pflanzen chen
metrofahrer	metrofahren er
umweltschützerin	umweltschutz er in
nutzung	nutzen ung
meteorologin	meteorologe in
herabsetzung	herabsetzen ung
vorspannung	vorspannen ung
ruchlos	ruch los
möglinger	möglingen er
abfallberaterin	abfallberater in
kraushaarig	kraushaar ig
zählung	zählen ung
steinigung	steinigen ung
drogistin	drogist in
kissinger	kissingen er
tschernobyler	tschernobyl er
küchenhelferin	küchenhelfer in
mathematikerin	mathematik er in
verschließbar	ver schließen e bar
raubfischer	raubfischen er
gastprofessorin	gastprofessor in
unkenrufer	unkenrufen er
studienfreundin	studienfreund in
biegung	biegen ung
wohnungskäufer	wohnungskauf er
enteignung	enteignen ung
bevölkerungspolitiker	bevölkerungspolitik er
diabetikerin	diabetiker in
feindlich	feinden lich
enthüller	enthüllen er
teilstaatlich	teilstaat lich
pforzheimerin	pforzheim er in
werbeblättchen	werbeblatt chen
bielefelderin	bielefelder in
islamwissenschaftlerin	islamwissenschaft ler in
orientalistin	orientale isch ist in
osttiroler	osttirol er
fransig	fransen ig
lebendigkeit	leben e ig keit
interessenvertreterin	interessenvertreter in
berichterstatter	berichterstatten er
regierungskritiker	regierungskritik er
fremdenpolizeilich	fremdenpolizei lich
zeitarbeiter	zeitarbeit er
profilierung	profil ier ung
bruchlos	bruch los
goldwäscher	goldwaschen er
wissenschaftlichkeit	wissenschaft lich keit
umweltschutztechniker	umweltschutztechnik er
wohlständig	wohlstand ig
experimentalmusiker	experimentalmusik er
umwidmung	umwidmen ung
straffälligkeit	straffall ig keit
überlebensfähigkeit	über lebensfähig keit
taucher	tauchen er
estin	este in
tragfähigkeit	tragfähig keit
bankräuber	bankraub er
mäuslein	maus lein
kirchenkritiker	kirchenkritik er
absetzung	absetzen ung
hauptschullehrerin	hauptschullehrer in
adelung	adeln ung
unwirksamkeit	unwirksam keit
hochschulprofessorin	hochschulprofessor in
vertonung	ver ton ung
unternehmensberaterin	unternehmensberater in
freizeitsportlich	freizeitsport lich
anbauer	anbauen er
gesundheitsschützer	gesundheitsschutz er
digitalisierung	digitale isier ung
verlagsleiterin	verlagsleiter in
millionenbetrüger	millionenbetrug er
polterig	poltern ig
transfusionsmediziner	transfusionsmedizin er
schuldrechtlich	schuldrecht lich
holzstöckchen	holzstock chen
militärtransporter	militärtransport er
bezirksvorsteherin	bezirksvorsteher in
römerin	rom er in
firmin	firm e in
tuttlinger	tuttlingen er
zottelig	zottel ig
sinnvoller	sinnvollen er
kabarettistin	kabarett ist in
tabuierung	tabu ier ung
damenschneiderin	damenschneider in
nachbarlich	nachbar lich
pollenkörner	pollenkorn er
schieber	schieben er
wächter	wächte er
spätmittelalterlich	spätmittelalter lich
tibeter	tibet er
nachrechnung	nachrechnen ung
kommunalwissenschaftlich	kommunalwissenschaft lich
kulturlos	kultur los
südtirolerin	südtirol er in
spezifizierung	spezifizieren ung
redseligkeit	redselig keit
saunagänger	saunagang er
jugendarbeiter	jugendarbeit er
wohltäter	wohltat er
relativierung	relative ier ung
mitteltaler	mitteltal er
steuerzahler	steuerzahl er
vorbehaltlich	vorbehalten lich
würzburgerin	würzburg er in
ober	oben er
gipfelstürmerin	gipfelsturm er in
biomechaniker	biomechanik er
verwarnung	verwarnen ung
vorbildung	vorbilden ung
sprintweltmeisterin	sprintweltmeister in
theatermusiker	theatermusik er
arbeitsberaterin	arbeitsberater in
ausgrenzung	ausgrenzen ung
preisbindung	preisbinden ung
vorchristlich	vor chr ist lich
kroatin	kroate in
freiheitlich	frei heit lich
abweisung	abweisen ung
begehung	begehen ung
weltklasseathletin	weltklasseathlet in
gespannfahrer	gespannfahren er
fahndung	fahnden ung
britin	brite in
entfaltung	entfalten ung
caritasdirektorin	caritasdirektor in
abschwächung	ab schwach e ung
aneignung	aneignen ung
gesundheitsdezernentin	gesundheitsdezernent in
kinobesucher	kinobesuch er
unüberschreitbar	un überschreiten bar
entertainerin	entertainer in
flüssigkeit	flüssig keit
randalierer	randale ier er
straßenmusiker	straßenmusik er
bierseligkeit	bierselig keit
konsumsüchtig	konsumsucht ig
beruflich	beruf lich
minderung	mindern ung
zweitligaspieler	zweitligaspiel er
verschnörkelung	ver schnörkel ung
verblüffung	verblüffen ung
grundstücksbesitzer	grundstücksbesitz er
kinogeher	kinogehen er
wankelmütigkeit	wankelmut ig keit
hospitantin	hospitant in
althistorikerin	althistoriker in
begrifflichkeit	begriff lich keit
auslandsbesucher	auslandsbesuch er
evakuierung	evakuieren ung
rechtsvorgängerin	rechtsvorgänger in
freigeistig	freigeist ig
schulsiegerin	schulsieger in
gästeführerin	gästeführer in
darstellbar	darstellen bar
tontechniker	tontechnik er
waffenträger	waffentragen er
äthiopierin	äthiopien er in
neinsager	neinsagen er
wirtschaftlich	wirtschaften lich
klavierspielerin	klavierspielen er in
bereifung	bereifen ung
fachreferentin	fachreferent in
unentwirrbar	un entwirren bar
dienlich	dienen lich
bertin	bert in
zinker	zinke er
religionswissenschaftlich	religionswissenschaft lich
gefälligkeit	gefälle ig keit
unterwerfung	unterwerfen ung
strafrechtsreformer	strafrechtsreform er
pflegehelferin	pflegehelfer in
weihung	weihen ung
heilpraktikerin	heilpraktiker in
verslein	vers lein
abänderung	abändern ung
halsstarrigkeit	halsstarrig keit
sozialromantiker	sozialromantik er
geschäftsmäßigkeit	geschäft mäßig keit
verpflanzung	ver pflanzen e ung
vorentscheidung	vorentscheiden ung
verführung	verführen ung
überanstrengung	überanstrengen ung
vorstandssprecherin	vorstandssprecher in
hundeführerin	hundeführer in
geltung	gelten ung
verläßlichkeit	verlaß lich keit
schulanfänger	schulanfang er
gleichschaltung	gleichschalten ung
inderin	inder in
parlamentsberichterstatterin	parlamentsberichterstatter in
überforderung	überfordern ung
schleusung	schleusen ung
lebendspender	lebendspende er
oberreichenbacher	oberreichenbach er
rechtskräftig	rechtskraft ig
türmchen	turm chen
körperlich	körper lich
unterstufenlehrerin	unterstufenlehrer in
städterin	stadt er in
arbeitsministerin	arbeitsminister in
calin	cal in
haupttäterin	haupttat er in
verdrießlichkeit	verdrießen lich keit
farbtupfer	farbtupfen er
verflüchtigen	ver flüchten ig
sozialpfleger	sozialpflege er
vernarbung	ver narbe ung
bestrahlung	be strahl ung
floristin	flora ist in
knechtung	knechten ung
trübsinnig	trübsinn ig
gasteiner	gastein er
abhärtung	abhärten ung
baulichkeit	bau lich keit
hamburger	hamburg er
robbenfänger	robbenfang er
einfriedung	einfrieden ung
wettbewerbsfähigkeit	wettbewerbsfähig keit
decodierung	decodieren ung
seher	sehen er
kraftwerker	kraftwerk er
einkäufer	einkaufen er
zermartern	zer marte er
staatsrechtlich	staatsrecht lich
regiestudentin	regiestudent in
institutsleiterin	institutsleiter in
ausstellungsbesucherin	ausstellungsbesuch er in
aufwärterin	aufwarten er in
harzburger	harzburg er
helsinkier	helsinki er
tapsig	tapsen ig
senegalesin	senegalese in
ungläubig	un glauben ig
entschlußfreudig	entschlußfreude ig
amerikanerin	amerika aner in
gewinnbar	gewinnen bar
konkurrenzlos	konkurrenz los
sandberger	sandberg er
violinspieler	violinspiel er
forschung	forschen ung
machtlos	macht los
chefredakteurin	chefredakteur in
ersteigung	ersteigen ung
schwerlich	schwer e lich
leichtfüßig	leichtfuß ig
kinokritiker	kinokritik er
konzertbesucher	konzertbesuch er
auftraggeberin	auftraggeber in
hauptverursacherin	hauptverursacher in
mutmacherin	mutmachen er in
besinnlich	besinnen lich
wasserverbraucher	wasserverbrauch er
linkshänderin	linkshänder in
lebensfreundlich	lebensfreund lich
bitterlich	bitter lich
zuhörerin	zuhören er in
landesligaspieler	landesligaspiel er
kanadierin	kanada er in
gräfin	gräf in
bürochefin	bürochef in
wuchtigkeit	wuchten ig keit
straßensozialarbeiter	straßensozialarbeit er
gitarrenschüler	gitarrenschule er
läuterung	läutern ung
bewunderung	bewundern ung
heilsberger	heilsberg er
wohnungsnachbarin	wohnungsnachbar in
wohnungsmieterin	wohnungsmiete er in
verrenkung	ver renke ung
umkehrbar	umkehren bar
jugendturner	jugendturnen er
humorlos	humor los
windig	wind ig
buchberger	buchberg er
puppenbauer	puppenbau er
schulabgängerin	schulabgang er in
korndörfer	korndorf er
medienwissenschaftlerin	medienwissenschaft ler in
verquickung	ver quick ung
museumsdirektorin	museumsdirektor in
vollstreckbarkeit	vollstreckbar keit
westernreiter	westernreiten er
vereinsamung	ver einsam ung
nicolin	nicole in
entzifferung	entziffern ung
griesgrämig	griesgram ig
befolgung	befolgen ung
enthebung	entheben ung
literaturgeschichtlich	literaturgeschichte lich
figurenspieler	figurenspiel er
vervielfältigung	vervielfältigen ung
altmannsteiner	altmannstein er
verbandsvertreterin	verbandsvertreter in
karikaturistin	karikatur ist in
herforder	herford er
dentistin	dentist in
lebensschützerin	lebensschutz er in
bewehrung	bewehren ung
lesung	lesen ung
verbrämung	verbrämen ung
plastikkörbchen	plastikkorb chen
filmemacher	filmemachen er
sahnig	sahnen ig
slowenin	slowene in
drangsalierung	drangsal ier ung
fernschreiber	fernschreiben er
selbstbestimmung	selbstbestimmen ung
immobilienbesitzer	immobilienbesitz er
königsteiner	königstein er
gegenspielerin	gegenspiel er in
wissenschaftsfeindlichkeit	wissenschaftsfeindlich keit
carolin	carole in
marienbader	marienbad er
weltgeschichtlich	weltgeschichte lich
asylbetrüger	asylbetrug er
verkehrung	verkehren ung
grundstücksverkäufer	grundstücksverkauf er
interpreter	interpret er
sprücheklopfer	sprücheklopfen er
trendelburger	trendelburg er
drogensüchtig	drogensucht ig
wagner	wagen er
einspritzung	einspritzen ung
nichtpolitiker	nichtpolitik er
blödsinnig	blödsinn ig
allmächtigkeit	allmacht ig keit
lichtenberger	lichtenberg er
instrumentenbauer	instrumentenbau er
grämlich	grämen lich
gesundheitssenatorin	gesundheitssenator in
überlebenskämpfer	überlebenskampf er
abtragung	abtragen ung
unmäßigkeit	un mäßig keit
unfallträchtigkeit	unfallträchtig keit
ungastlich	un gast lich
festigung	fest e ig ung
überschneidung	überschneiden ung
vertragsbrüchig	vertragsbruch ig
reaktionslos	reaktion los
abzahlung	abzahlen ung
sinologin	sinologe in
golfer	golf er
schächtelchen	schachtel chen
vorsorglich	vorsorgen lich
übersteiger	übersteigen er
lossprechung	lossprechen ung
schellenberger	schellenberg er
anglistin	anglist in
impfung	impfen ung
sammlerin	sammler in
autodesigner	autodesign er
bildungsministerin	bildungsminister in
austreibung	austreiben ung
leutseligkeit	leutselig keit
psychologieprofessorin	psychologieprofessor in
analytiker	analytik er
popularisierung	popular isier ung
mannschaftssieger	mannschaftssieg er
übertragbar	übertragen bar
zauberstäbchen	zauberstab chen
gründer	gründen er
badenerin	baden er in
ermunterung	er muntere ung
sexualmediziner	sexualmedizin er
wiedererkennbarkeit	wiedererkennen bar keit
bröselig	brösel ig
abbildbar	abbilden bar
vielschreiberin	vielschreiber in
regierungsunfähigkeit	regierungsunfähig keit
nordthüringer	nordthüringen er
stadtplaner	stadtplan er
schwinger	schwingen er
enthauptung	enthaupten ung
kalifornier	kalifornien er
belohnung	belohnen ung
minnesänger	minnesang er
übergangslos	übergang los
aussendung	aussenden ung
quetschung	quetschen ung
kennerin	kennen er in
berieselung	berieseln ung
ausformung	ausformen ung
bruchsaler	bruchsal er
werbegraphiker	werbegraphik er
geistlos	geist los
motivlos	motiv los
eifersüchtig	eifersucht ig
selbstverwaltung	selbstverwalten ung
zeremonienmeisterin	zeremonienmeister in
gauklerin	gaukeln er in
ernährerin	ernähren er in
fachwerkhäuschen	fachwerkhaus chen
pappelwäldchen	pappelwald chen
oppositionschefin	oppositionschef in
kaiserlos	kaiser los
marbacher	marbach er
kurzbesucher	kurzbesuch er
schwulstig	schwulst ig
tabulos	tabu los
schulministerin	schulminister in
wahlkämpferin	wahlkampf er in
starnberger	starnberg er
diplompädagogin	diplompädagoge in
entlohnung	entlohnen ung
abwehrspielerin	abwehrspiel er in
utrechter	utrecht er
anfertigung	anfertigen ung
integrationswillig	integrationswille ig
schwerbehinderung	schwerbehindern ung
gesprächsfähigkeit	gesprächsfähig keit
unaufmerksamkeit	un aufmerksam keit
anwohnerin	anwohner in
beispielslos	beispielen los
wienerin	wien er in
abnehmerin	abnehmen er in
radschläger	radschlagen er
pflichtwidrigkeit	pflichtwidrig keit
piepser	piepsen er
bauarbeiter	bauarbeit er
naturräumlich	naturraum lich
hochberger	hochberg er
kelterung	keltern ung
tierschutzrechtlich	tierschutzrecht lich
musikliebhaberin	musikliebhaber in
änderbar	ändern bar
neufundländer	neufundland er
regisseurin	regisseur in
mannheimer	mannheim er
verdinglichen	ver ding lich
beweglichkeit	bewegen lich keit
ostberlinerin	ostberlin er in
birminghamer	birmingham er
hobbymalerin	hobbymaler in
sänger	sang er
doppelspieler	doppelspiel er
schwarzfahrerin	schwarzfahren in
einsteigerin	einsteigen er in
mitspieler	mitspielen er
konzentrierung	konzentrieren ung
zuschauerin	zuschauen er in
gesundschrumpfung	gesundschrumpfen ung
energieplaner	energieplan er
keramikerin	keramik er in
schulforscherin	schulforscher in
expliziter	explizit e er
sparsamkeit	sparen sam keit
allzuständigkeit	allzuständig keit
gesellschaftsrechtlich	gesellschaftsrecht lich
abstoßung	abstoßen ung
tapferkeit	tapfer keit
philosophiestudentin	philosophiestudent in
sponsorin	sponsor in
schorndorfer	schorndorf er
trockner	trocknen er
wirtschaftsfeindlichkeit	wirtschaftsfeindlich keit
unpünktlichkeit	un pünktlich keit
anilin	anil in
bäuchlein	bauch lein
auskleidung	auskleiden ung
diskuswerfer	diskuswerfen er
luftlos	luft los
abtreiber	abtreiben er
pilsner	pilsen er
gegenstandslos	gegenstand los
verhältnismäßigkeit	verhältnis mäßig keit
beherbergung	beherbergen ung
wohnungsunternehmer	wohnungsunternehmen er
steurer	steuer er
duisburger	duisburg er
erdrosselung	erdrosseln ung
hochstädter	hochstadt er
reformerin	reform er in
grimmigkeit	grimm e ig keit
filderstädter	filderstadt er
sauger	saugen er
theaterspieler	theaterspielen er
merklich	merken lich
sinnfälligkeit	sinnfällig keit
denkmalspfleger	denkmalspflege er
schulsozialarbeiter	schulsozialarbeit er
vermutung	vermuten ung
nahöstlich	nahost lich
eiskunstläufer	eiskunstlaufen er
peinigung	pein ig ung
schacherer	schachern er
wahrscheinlichkeit	wahrscheinlich keit
absplitterung	ab splitten ung
breslauerin	breslau er in
joker	joke er
farbdrucker	farbdruck er
betrachtung	betrachten ung
demokratiefeindlich	demokratiefeind lich
urkundlich	urkunde lich
holzschläger	holzschlag er
rufmörder	rufmord er
kindlich	kind lich
anmietung	anmieten ung
ausführbar	ausführen bar
zugbegleiterin	zugbegleiter in
würstchen	wurst chen
immobilienhändlerin	immobilienhändler in
michelin	michel in
gemeinwesenarbeiter	gemeinwesenarbeit er
dubrovniker	dubrovnik er
schwindlerin	schwindeln er in
sinnig	sinnen ig
diener	dienen er
stifterin	stiften er in
zweizügigkeit	zweizügig keit
vernehmbar	vernehmen bar
sexarbeiter	sexarbeit er
sprachlehrer	sprachlehre er
nachmittäglich	nachmittag lich
absolvierung	absolvieren ung
züchtigen	zucht ig
glitschig	glitschen ig
verschlechterung	ver schlecht ung
kleintransporter	kleintransport er
erschließung	erschließen ung
erwerblos	erwerb los
durchsetzungsfähigkeit	durchsetzungsfähig keit
faltenlos	falten los
verfassungsgeschichtlich	verfassungsgeschichte lich
benützer	benutzen er
missetäter	missetat er
lernbar	lernen bar
schwarzenberger	schwarzenberg er
bienenfleißig	bienenfleiß ig
militärmusiker	militärmusik er
wiedereinsteigerin	wiedereinsteiger in
entsprechung	entsprechen ung
wikinger	wiking er
großeinkäufer	großeinkauf er
friedrichshainer	friedrichshain er
häßlich	haß lich
steuerfachgehilfin	steuerfachgehilfe in
nachweislich	nachweisen lich
jesulein	jesu lein
restlos	rest los
fehlplazierung	fehlplazieren ung
unfallverursacherin	unfallverursacher in
weltläufigkeit	weltlauf ig keit
vertreter	vertreten er
mannschaftsführerin	mannschaftsführer in
kreuzigen	kreuz ig
schönsein	schönsee in
ludwigsburgerin	ludwigsburg er in
käsebrötchen	käsebrot chen
gattin	gatte in
auslieferung	ausliefern ung
zeitungsredakteurin	zeitungsredakteur in
kehrer	kehre er
glücksspieler	glücksspiel er
abnehmer	abnehmen er
oberkonservatorin	oberkonservator in
widersprüchlich	widerspruch lich
genießerin	genießen er in
verstaatlichen	ver staat lich
ideologiegeschichtlich	ideologiegeschichte lich
rechtgläubigkeit	rechtgläubig keit
übergeschichtlich	über geschichte lich
charlottenburgerin	charlottenburg er in
zukunftsplaner	zukunftsplan er
kartellrechtlich	kartellrecht lich
flatterig	flattern ig
sachlich	sache lich
volkswirtin	volkswirt in
verelendung	ver elend ung
ungebräuchlich	un gebrauch lich
vegetationslos	vegetation los
zwischenkirchlich	zwischen kirche lich
büchereileiterin	büchereileiter in
aufmachung	aufmachen ung
solidaritätsarbeiter	solidaritätsarbeit er
ersatzbewerberin	ersatzbewerber in
kontoristin	kontor ist in
gesundheitspolitikerin	gesundheitspolitik er in
musikjournalistin	musikjournalist in
schürzchen	schurz chen
karlsruher	karlsruhe er
gastfreundlichkeit	gastfreund lich keit
oberin	obere in
europapolitikerin	europapolitik er in
wünschbar	wünschen bar
einzelwissenschaftlich	einzelwissen schaft lich
meßdienerin	meßdiener in
sterblich	sterben lich
stolzenberger	stolzenberg er
reibung	reiben ung
strahlenmediziner	strahlenmedizin er
staffelung	staffeln ung
mathelehrerin	mathelehrer in
tastendrücker	tastendruck er
rechtsanwaltsgehilfin	rechtsanwaltsgehilfe in
wüstenstädtchen	wüstenstadt chen
vergegenwärtigen	ver gegenwart ig
friedensforscherin	friedensforscher in
streuung	streuen ung
unsachlichkeit	un sache lich keit
fachplaner	fachplan er
nebenklägerin	nebenklage er in
bibliothekarin	bibliothekar in
unvorsichtig	un vorsicht ig
liedersängerin	liedersänger in
erzeugung	erzeugen ung
veränderbar	verändern bar
paraphrasierung	paraphrase ier ung
wahnsinnig	wahnsinn ig
erdgeschichtlich	erdgeschichte lich
ernennung	ernennen ung
bauingenieurin	bauingenieur in
feinstofflichkeit	feinstofflich keit
matschig	matschen ig
ehrenbürger	ehrenburg er
spaßmacher	spaßmachen er
formbar	formen bar
überfürsorglich	überfürsorge lich
geistesgegenwärtigkeit	geistesgegenwart ig keit
nebenkläger	nebenklage er
konjunkturanfälligkeit	konjunkturanfällig keit
mitbürgerin	mitbürger in
saarbrücker	saarbrücken er
kommilitonin	kommilitone in
hauswirtschafter	hauswirt schaft er
abschottung	abschotten ung
bestellung	bestellen ung
schlitzohrig	schlitzohr ig
großstädterin	großstadt er in
geburtshilflich	geburtshilfe lich
uter	ute er
anfänger	anfangen er
bioethiker	bioethik er
nachbarin	nachbar in
großfürstin	großfürst in
beantwortung	be antwort ung
fertigstellung	fertigstellen ung
beraubung	be raub ung
deklarationspflichtig	deklarationspflicht ig
radiomacher	radiomachen er
jetziger	jetzig e n er
schöpfung	schöpfen ung
versendung	versenden ung
bürgerrechtskämpfer	bürgerrechtskampf er
zerrung	zerren ung
alber	alb er
sandig	sand ig
sünderin	sünde er in
schwarzarbeiterin	schwarzarbeiten in
folgsamkeit	folgen sam keit
konsumfreudig	konsumfreude ig
mehrkämpfer	mehrkampf er
verwaltung	verwalten ung
anerkennung	anerkennen ung
stapler	stapeln er
ministrantin	ministrant in
platzanweiserin	platzanweiser in
vermögensverwalterin	vermögensverwalter in
unkameradschaftlich	un kamerad schaft lich
giftig	giften ig
lichtempfindlichkeit	lichtempfindlich keit
zukünftig	zukunft ig
kölner	köln er
realschullehrerin	realschullehrer in
kinnbärtchen	kinnbart chen
göppinger	göppingen er
nebenbuhlerin	nebenbuhler in
raumplanerin	raumplan er in
fischchen	fisch chen
baudezernentin	baudezernent in
versandung	versanden ung
angreifbar	angreifen bar
genossenschaftlich	genossen schaft lich
irrsinnig	irrsinn ig
stadtpolitiker	stadtpolitik er
drogenabhängigkeit	drogenabhängig keit
einmündung	einmünden ung
conradin	conrad in
dauerläufer	dauerlaufen er
unzerbrechlich	un zer brechen lich
minensucher	minensuchen er
krankenpflegeschüler	krankenpflegeschule er
sektkühler	sektkühle er
schachspielerin	schachspielen er in
schlammig	schlamm ig
negierung	negieren ung
stützung	stützen ung
sozialreformer	sozialreform er
patronin	patrone in
kunsthandwerklich	kunsthandwerk lich
nestchen	nest chen
kassierer	kassieren er
garmischer	garmisch er
weltbürgerin	weltbürger in
unterbewertung	unterbewerten ung
lutscher	lutschen er
transportfähigkeit	transportfähig keit
kritikfähigkeit	kritikfähig keit
führer	führen er
mordlustig	mordlust ig
entdecker	entdecken er
wismarer	wismar er
alphabetisierung	alphabet isch isier ung
bischöflich	bischof lich
verehrer	verehren er
verkaufbar	verkaufen bar
programmierer	programm ier er
verschränkung	verschränken ung
jugendtrainerin	jugendtrainer in
besteigung	besteigen ung
schloßherrin	schloßherr in
ausstaffierung	ausstaffieren ung
vorurteilslos	vorurteil los
münchenerin	münchen er in
löschung	löschen ung
parlamentspräsidentin	parlamentspräsident in
kreisläuferin	kreislauf er in
wegbegleiterin	wegbegleiter in
beobachter	beobachten er
herzogin	herzog in
jagdhornbläser	jagdhornblasen er
oberassistentin	oberassistent in
ervin	erve in
stetigkeit	stet e ig keit
opportunistin	opportun ist in
tagelöhner	tagelohn er
meter	mete er
wettkämpferin	wettkämpfen in
friedchen	fried chen
gleichmütigkeit	gleichmut ig keit
schlagersängerin	schlagersänger in
eindringlich	eindringen lich
geldwäscher	geldwäsche er
wahlfähigkeit	wahlfähig keit
sozialstaatssekretärin	sozialstaatssekretär in
sieger	siegen er
göteborger	göteborg er
metaller	metall er
seifer	seife er
sanktionslos	sanktion los
zeichner	zeichnen er
teilprivatisierung	teilprivatisieren ung
jugendforscherin	jugendforscher in
augenzeugin	augenzeuge in
rheinpfälzer	rheinpfalz er
bürgermeisterlich	bürgermeister lich
nachdrücklich	nachdruck lich
kurier	kuri er
nichtmenschlich	nichtmensch lich
ausarbeitung	ausarbeiten ung
oberflächig	oberfläche ig
hobbygärtnerin	hobbygärtner in
wattenscheiderin	wattenscheid er in
alkoholsüchtig	alkoholsucht ig
berater	beraten er
verklebung	ver klebe ung
überspitzung	über spitz e ung
emsländer	emsland er
aberwitzigkeit	aberwitz ig keit
mathematikprofessorin	mathematikprofessor in
stahlwerker	stahlwerk er
unterjochung	unterjochen ung
wahrung	wahren ung
undurchführbar	un durchführen bar
kurzwellenempfänger	kurzwellenempfang er
genossenschaftlerin	genossen schaft ler in
breisgauer	breisgau er
rheinländerin	rheinland er in
mitarbeiterin	mitarbeiten er in
verfassung	verfassen ung
hausmeisterin	hausmeister in
bauphysiker	bauphysik er
vorturnerin	vorturnen in
zecher	zechen er
internatsschüler	internatsschule er
problematisierung	problem atisch isier ung
schwächung	schwächen ung
nichtarbeiter	nichtarbeit er
kranzberger	kranzberg er
chefideologin	chefideologe in
aufstellung	aufstellen ung
landschaftsbauer	landschaftsbau er
spielerin	spielen el er in
tennisspieler	tennisspielen er
ungenießbarkeit	un genießen bar keit
gebrechlichkeit	gebrech lich keit
immigrantin	immigrant in
berechtigung	berechtigen ung
buchdrucker	buchdruck er
westberlinerin	westberlin er in
kaufbar	kaufen bar
zuordnung	zuordnen ung
luftrechtlich	luftrecht lich
überraschung	über rasch ung
vertraulich	vertrauen lich
grundbesitzer	grundbesitz er
versprecher	versprechen er
unschätzbar	un schätzen bar
ermattung	ermatten ung
machttechniker	machttechnik er
istanbuler	istanbul er
rocksängerin	rocksänger in
funktionstüchtigkeit	funktionstüchtig keit
sportpolitikerin	sportpolitik er in
weltöffentlichkeit	weltöffentlich keit
entrückung	ent ruck ung
pfarrerlos	pfarre er los
bläser	blase er
kreuzer	kreuzen er
rückkehrwillig	rückkehrwille ig
verfassungsrechtlichkeit	verfassungsrecht lich keit
degenerierung	degenerieren ung
gleichmütig	gleichmut ig
dauerrivalin	dauerrivale in
jungunternehmerin	jungunternehmen er in
haushaltung	haushalten ung
posthalterin	posthalter in
erdung	erden ung
ansehung	ansehen ung
sieglos	siegen los
ausnutzung	ausnutzen ung
botschafter	botschaft er
filmkünstlerin	filmkunst ler in
oberhausenerin	oberhausen er in
wiedereröffnung	wiedereröffnen ung
metzgerin	metzger in
europakritiker	europakritik er
lebensgeschichtlich	lebensgeschichte lich
überprüfung	überprüfen ung
telefonistin	telefon isch ist in
drosselung	drosseln ung
straßenfußballer	straßenfußball er
sinnesfreudig	sinnesfreude ig
wortführerin	wortführer in
nutzbar	nutzen bar
trampolinspringer	trampolinspringen er
unnatürlichkeit	un natürlich keit
tierfreundlich	tierfreund lich
geschäftigkeit	geschäftig keit
hausgärtner	hausgarten er
schuldunfähigkeit	schuldunfähig keit
baumartig	baumart ig
gartenbauschüler	gartenbauschule er
pfarramtlich	pfarramt lich
jugendturnerin	jugendturnen er in
wartung	warten ung
geselligkeit	gesellen ig keit
errichtung	errichten ung
rostiger	rostige n er
kundenberaterin	kundenberater in
manipulierbar	manipulieren bar
opernbesucher	opernbesuch er
wiedererrichtung	wiedererrichten ung
chemielaborantin	chemielaborant in
bestrafung	bestrafen ung
kugelig	kugel ig
obrigkeitlich	obrigkeit lich
kurzhaarig	kurzhaar ig
koordinierung	koordinieren ung
besserwisser	besserwissen er
geschäftsfähigkeit	geschäftsfähig keit
kielerin	kiel er in
unternehmensrechtlich	unternehmensrecht lich
kraftwerksbauer	kraftwerksbau er
eisesser	eisesse er
besiedelung	besiedeln ung
abwaschbar	abwaschen bar
umstrukturierung	umstrukturieren ung
rippchen	rippe chen
wunderlin	wunderle in
wiedergängerin	wiedergänger in
technikfeindlichkeit	technikfeindlich keit
gleichzeitigkeit	gleichzeit ig keit
sener	sen er
baurechtlich	baurecht lich
vatermörder	vatermord er
verhinderung	verhindern ung
medienpolitiker	medienpolitik er
baggerfahrer	baggerfahren er
unerklärbarkeit	un erklären bar keit
vergnüglich	vergnügen lich
verpflichtung	ver pflicht ung
fortsetzer	fortsetzen er
ungesellig	un gesellen ig
angstlos	angst los
menschheitlich	menschheit lich
höflich	hof lich
geigenbauer	geigenbau er
schauenburger	schauenburg er
ausschließung	aus schließen e ung
fernsehansagerin	fernsehansager in
kleinstädter	kleinstadt er
wildwasserfahrer	wildwasserfahren er
umkehrung	umkehren ung
stückchen	stück chen
studentensprecherin	studentensprecher in
erpressung	erpressen ung
programmierbar	programm ier bar
pfandpflichtig	pfandpflicht ig
undurchsichtig	un durchsicht ig
barrikadenkämpfer	barrikadenkampf er
wagenwäscher	wagenwaschen er
einwohnerin	einwohner in
arbeitslos	arbeit los
verkehrspolizeilich	verkehrspolizei lich
energieministerin	energieminister in
überbietbar	überbieten bar
klatschsüchtig	klatschsucht ig
gastarbeiter	gastarbeit er
bedenklich	bedenken lich
beugung	beugen ung
widersacherin	widersacher in
edinburgher	edinburgh er
koblenzerin	koblenz er in
weiterverteilung	weiterverteilen ung
untätigkeit	untat ig keit
bauhandwerker	bauhandwerk er
auszählung	auszählen ung
musikkritiker	musikkritik er
ökobauer	ökobau er
abflußlos	abfluß los
freudlos	freud los
abschiebung	abschieben ung
zusammenlegung	zusammenlegen ung
autorin	autor in
schwertransporter	schwertransport er
förmlichkeit	förmlich keit
brechter	brecht er
bewegungsfreudig	bewegungsfreude ig
profanierung	profane ier ung
neckartaler	neckartal er
einberufung	einberufen ung
untertänig	untertane ig
jugendfreundin	jugendfreund in
festlich	fest e lich
verzettelung	verzetteln ung
reinigen	rein e ig
vordenker	vordenken er
angeber	angeben er
hessenmeisterin	hessenmeister in
tanneberger	tanneberg er
ölarbeiter	ölarbeit er
raucher	rauchen er
nachfolger	nachfolgen er
sportdezernentin	sportdezernent in
hochschulpolitiker	hochschulpolitik er
radierung	radieren ung
überbevölkerung	überbevölkern ung
warnung	warnen ung
baller	ballen er
lehramtsanwärterin	lehramtsanwärter in
nuklearphysiker	nuklearphysik er
verweichlichen	ver weich lich
beantragung	be antrag ung
abwendung	abwenden ung
wellig	wellen ig
einstig	einst ig
waldlos	wald los
bademeisterin	bademeister in
heilbarkeit	heilen bar keit
unzugänglichkeit	un zugang lich keit
deutschlandkorrespondentin	deutschlandkorrespondent in
unberechenbarkeit	un berechenbar keit
anlieger	anliegen er
heilslehrer	heilslehre er
hersteller	herstellen er
bluesmusiker	bluesmusik er
abspeckung	abspecken ung
verdichtung	ver dicht ung
abstufung	abstufen ung
obstverkäuferin	obstverkauf er in
marktgängigkeit	marktgängig keit
brandung	branden ung
führungslos	führung los
unvermeidlich	un vermeiden lich
abartigkeit	abart ig keit
streichung	streichen ung
glaubwürdigkeit	glaubwürdig keit
nationalstaatlich	nationalstaat lich
rechtsmedizinerin	rechtsmedizin er in
hausherrin	hausherr in
hofschneiderin	hofschneider in
verhütung	verhüten ung
bombenleger	bombenlegen er
jungfräulich	jungfrau lich
wirtschaftsministerin	wirtschaftsminister in
öffner	öffnen er
vereinsgründerin	vereinsgründer in
rennläufer	rennlauf er
erzielung	erzielen ung
pferdehalterin	pferdehalter in
krummbeinig	krummbein ig
kundin	kunde in
main	mae in
schlüsselchen	schlüssel chen
sublimierung	sublime ier ung
abordnung	abordnen ung
bibelleser	bibellesen er
individualisierung	individualisieren ung
ausrufer	ausrufen er
devisenrechtlich	devisenrecht lich
umrahmung	um rahm ung
taxierung	taxieren ung
straßenkehrer	straßenkehren er
farmarbeiter	farmarbeit er
unzweckmäßigkeit	un zweck mäßig keit
geschäftstüchtigkeit	geschäftstüchtig keit
angreiferin	angreifen er in
psychiatriepatientin	psychiatriepatient in
polsterung	polstern ung
göttinger	göttingen er
bezüglich	bezug lich
entflammbarkeit	entflammbar keit
sprinter	sprinten er
vogelfänger	vogelfang er
pflegedirektorin	pflegedirektor in
wonneberger	wonneberg er
spitzenverdienerin	spitzenverdiener in
einzelsiegerin	einzelsieg er in
redlich	reden lich
länglich	lang lich
staatslos	staat los
bezahlbar	bezahlen bar
verzahnung	verzahnen ung
wiederbesetzung	wiederbesetzen ung
handballspieler	handballspielen er
komplikationslos	komplikation los
trapezförmig	trapezform ig
genußfähigkeit	genußfähig keit
vieleckig	vieleck ig
schädlichkeit	schädlich keit
weiterbetreuung	weiterbetreuen ung
salzkörner	salzkorn er
berlinerin	berlin er in
verweigerung	verweigern ung
schwimmer	schwimmen er
imker	imke er
ausrottung	ausrotten ung
hochrechnung	hochrechnen ung
strebung	streben ung
buchenwäldchen	buchenwald chen
schwarzafrikanerin	schwarzafrika aner in
kandidatin	kandidat in
backsteinhäuschen	backsteinhaus chen
beweger	bewegen er
rechnerin	rechnen er in
töpfchen	topf chen
stadtpräsidentin	stadtpräsident in
gutsherrlich	gutsherr lich
westkollegin	westkollege in
londonerin	london er in
einzelgängerin	einzelgang er in
athener	athene er
privatschülerin	privatschule er in
geringschätzung	geringschätzen ung
irrläufer	irrlauf er
vogelwärter	vogelwarten er
prüfungspflichtig	prüfungspflicht ig
rucksäckchen	rucksack chen
lockenköpfchen	lockenkopf chen
zerschlagung	zer schlagen ung
ruhmsüchtig	ruhmsucht ig
nagolder	nagold er
bundesgrenzschützer	bundesgrenzschutz er
ungenießbar	un genießen bar
übelkeit	übel keit
drehbar	drehen bar
frevler	freveln er
oboistin	oboe ist in
wasserburger	wasserburg er
tauscher	tausch er
kümmeltürkin	kümmeltürke in
diskriminierung	diskriminieren ung
flößer	floß er
fernsehschauspielerin	fernsehschauspieler in
wasserschlößchen	wasserschloß chen
stilisierung	stilisieren ung
pferdezüchter	pferdezucht er
wortgewaltig	wortgewalt ig
analysierbar	analyse ier bar
vielstimmigkeit	vielstimmig keit
nordbadener	nordbaden er
vielfältigkeit	vielfalt ig keit
verfassungsrichterin	verfassungsrichter in
prophezeiung	prophezeien ung
einwilligung	einwilligen ung
arifin	arif in
integrierbar	integrieren bar
pulverförmig	pulverform ig
unabsichtlich	un absicht lich
fotokopierer	fotokopieren er
schmachtenhagener	schmachtenhagen er
entdeckung	entdecken ung
überwachung	überwachen ung
somalier	somalia er
nachkolorierung	nachkolorieren ung
hirnlos	hirn los
wasserrechtlich	wasserrecht lich
heilssucher	heilssuche er
neubürgerlich	neuburg er lich
erziehungswissenschaftlerin	erziehungswissenschaft ler in
landeshauptstädter	landeshauptstadt er
abfallrechtlich	abfallrecht lich
lichtlos	licht e los
parawissenschaftlich	parawissenschaft lich
fremdarbeiterin	fremdarbeit er in
vertraulichkeit	vertrauen lich keit
aussonderung	aussondern ung
automobilwerker	automobilwerk er
treuhänder	treuhand er
anfeindung	anfeinden ung
täuber	taube er
bildstöckchen	bildstock chen
christopher	christophe er
peinigerin	pein ig er in
gebräuchlich	gebrauch lich
hafenarbeiter	hafenarbeit er
stifter	stiften er
baseler	basel er
naturgeschichtlich	naturgeschichte lich
miladin	milad in
anweisung	anweisen ung
wolfsburger	wolfsburg er
eicher	eiche er
lieblingsspieler	lieblingsspiel er
großmütterlich	großmutter lich
beimischung	beimischen ung
familienpolitiker	familienpolitik er
befruchtung	befruchten ung
walfänger	walfang er
landurlauber	landurlaub er
altenseelsorger	altenseelsorge er
beschaulich	beschauen lich
langweilig	langweilen ig
zehnkämpfer	zehnkampf er
erhärtung	erhärten ung
bezugsfertigkeit	bezugsfertig keit
gastlich	gast lich
lebensfähigkeit	lebensfähig keit
räumlichkeit	räumen lich keit
stationsleiterin	stationsleiter in
einzelrichterin	einzelrichter in
teufelsberger	teufelsberg er
sozialamtsleiterin	sozialamtsleiter in
grimassenschneider	grimassenschneiden er
häutung	häuten ung
bernerin	bern er in
abdichtung	abdichten ung
erschwerung	erschweren ung
erkrankung	erkranken ung
mannschaftlich	mannschaft lich
kleingeistig	kleingeist ig
vermieter	vermieten er
wenigkeit	wenig keit
landesdenkmalpfleger	landesdenkmalpflege er
amtsinhaberin	amtsinhaber in
lacher	lachen er
fahnenflüchtig	fahnenflucht ig
hochschuldidaktiker	hochschuldidaktik er
teepflanzer	teepflanze er
militarisierung	militarisieren ung
aufführung	aufführen ung
reduzierung	reduzieren ung
kaffeeverkäufer	kaffeeverkauf er
widerruflich	widerrufen lich
donauwörther	donauwörth er
aufsässigkeit	aufsässig keit
reisepartnerin	reisepartner in
reiskörner	reiskorn er
verlockung	verlocken ung
späterer	späteren er
musikerin	musik er in
frankfurter	frankfurt er
zeugungsfähigkeit	zeugungsfähig keit
standardmäßig	standardmaßen ig
unterbesetzung	unterbesetzen ung
furchtbarkeit	furchtbar keit
säuerlich	säuern lich
zäunchen	zaun chen
überbewertung	überbewerten ung
vorjahressieger	vorjahressieg er
beleger	belegen er
ratifizierung	ratifizieren ung
kolumbianerin	kolumbianer in
rekonvaleszentin	rekonvaleszent in
wirker	wirken er
krebsverdächtig	krebsverdacht ig
gesundschreibung	gesundschreiben ung
fahrlässigkeit	fahrlässig keit
koppelung	koppeln ung
profilierungssüchtig	profilierungssucht ig
klarstellung	klarstellen ung
hannoveranerin	hannover aner in
enthaltung	enthalten ung
heilpädagogin	heilpädagoge in
tricktechniker	tricktechnik er
einschränkung	einschränken ung
steuerzahlerin	steuerzahl er in
blumenständer	blumenstand er
theaterkritiker	theaterkritik er
gattungsgeschichtlich	gattungsgeschichte lich
märtyrerin	märtyrer in
verschlammung	ver schlamm ung
drehbuchschreiber	drehbuchschreiben er
hochstaplerin	hochstapeln er in
österreicher	österreich er
bogenförmig	bogenform ig
kurzsichtigkeit	kurzsicht ig keit
bierstädter	bierstadt er
avantgardistin	avantgarde ist in
australierin	australien er in
widerstandlos	widerstand los
altbürgerlich	altbürger lich
berufsberaterin	berufsberater in
filmbesucher	filmbesuch er
hemmungslos	hemmung los
verweisung	verweisen ung
wirklicher	wirklichen er
karlsruherin	karlsruhe er in
überbezahlung	überbezahlen ung
gewichtig	gewichten ig
literaturstudentin	literaturstudent in
schälung	schälen ung
streikbrecherin	streikbrecher in
mannschaftsspieler	mannschaftsspiel er
unterstaatssekretärin	unterstaatssekretär in
erfurterin	erfurt er in
spitzenpolitikerin	spitzenpolitik er in
kunstverständig	kunstverstand ig
ermittlungsrichterin	ermittlungsrichter in
prämiierung	prämiieren ung
herbstlich	herbst lich
unterschreitung	unterschreiten ung
rücker	ruck er
auslegung	auslegen ung
gewerkschaftssekretärin	gewerkschaftssekretär in
bevorteilung	bevorteilen ung
kunststudentin	kunststudent in
fahrschüler	fahrschule er
luxemburgerin	luxemburg er in
klassenleiterin	klassenleiter in
kipper	kippen er
einlieferer	einliefern er
kameruner	kamerun er
beweisfähigkeit	beweisfähig keit
oktoberfestbesucher	oktoberfestbesuch er
ausweglos	ausweg los
grundsatzreferentin	grundsatzreferent in
veranstaltungsbesucher	veranstaltungsbesuch er
fünfkämpferin	fünfkampf er in
hüpfer	hüpfen er
bestandskräftig	bestandskraft ig
außenseiter	außenseite er
regimekritikerin	regimekritik er in
haltbar	halten bar
starkenburger	starkenburg er
verblödung	ver blöd e ung
staatsbürgerin	staatsbürger in
fremdenfeindlichkeit	fremdenfeind lich keit
moderatorin	moderator in
kinogängerin	kinogang er in
verteiler	verteilen er
vorenthaltung	vorenthalten ung
verflechtung	verflechten ung
einzelspieler	einzelspiel er
untergrundkämpfer	untergrundkampf er
wählbarkeit	wählen bar keit
waldläufer	waldlauf er
verehrerin	verehren er in
dialogfähigkeit	dialogfähig keit
balinger	balingen er
erforscher	er forsch er
forster	forst er
arbeitsrechtlerin	arbeitsrecht ler in
maschinenstürmer	maschinensturm er
belieferung	beliefern ung
gewerberechtlich	gewerberecht lich
kanalbauer	kanalbau er
eichenwäldchen	eichenwald chen
aktienkäufer	aktienkauf er
energetiker	energetik er
teilchen	teil chen
zufriedenstellung	zufriedenstellen ung
prager	prag er
hochschullehrer	hochschullehre er
gastanker	gastank er
befeuerung	befeuern ung
rotkreuzhelferin	rotkreuzhelfer in
medienwirksamkeit	medienwirksam keit
wiedereinstellung	wiedereinstellen ung
bestattung	bestatten ung
erstunterzeichnerin	erstunterzeichner in
vergolder	ver gold er
gesetzlichkeit	gesetz lich keit
wassertreter	wassertreten er
scheinbar	scheinen bar
kioskbesitzerin	kioskbesitzer in
annehmbar	annehmen bar
schriftsteller	schriftstelle er
tanzkritiker	tanzkritik er
freimütigkeit	freimut ig keit
verteidigungsfähigkeit	verteidigungsfähig keit
ostarbeiter	ostarbeit er
täschchen	tasche chen
fraglos	fragen e los
futterhäuschen	futterhaus chen
birker	birk er
berberin	berber in
überfachlich	über fach lich
domstädterin	domstadt er in
nichterwerbstätigkeit	nichterwerbstätig keit
aktionskünstlerin	aktionskunst ler in
riesig	riese ig
berufstätigkeit	berufstätig keit
perleberger	perleberg er
landschaftsgärtner	landschaftsgarten er
regionalplaner	regionalplan er
auskühlung	aus kühl ung
durchsuchung	durchsuchen ung
einpendler	einpendeln er
mittelmäßigkeit	mittelmaß ig keit
teiler	teilen er
hilfspolizistin	hilfspolizei ist in
braunlager	braunlage er
frühgeschichtlich	frühgeschichte lich
berufspraktikantin	berufspraktikant in
auseinandersetzung	auseinandersetzen ung
zuweisung	zuweisen ung
kampfunfähigkeit	kampfunfähig keit
landespolitikerin	landespolitik er in
vergegenwärtigen	ver gegenwart ig
kreisarchäologin	kreisarchäologe in
nachlieferung	nachliefern ung
kriegsberichter	kriegsbericht er
unehrlich	unehre lich
schwerfälligkeit	schwerfallen ig keit
schmierer	schmieren er
vermengung	vermengen ung
gewerkschaftlich	gewerkschaft lich
schulung	schulen ung
raumzeitlich	raumzeit lich
übersiedler	übersiedeln er
bezichtigung	bezichtigen ung
formalin	formale in
engelsberger	engelsberg er
meinungsmacher	meinungsmache er
zehntausender	zehntausend er
seelentröster	seelentrost er
solospieler	solospiel er
übeltäter	übeltat er
behutsamkeit	behutsam keit
umänderung	umändern ung
germain	germa in
dreitausender	dreitausend er
freiwilligkeit	freiwillig keit
festivalleiterin	festivalleiter in
ansteckung	anstecken ung
bewegungsfähigkeit	bewegungsfähig keit
modernisierungswillig	modernisierungswille ig
kuschelig	kuscheln ig
tänzer	tanz er
plasmaspender	plasmaspende er
einrechnung	einrechnen ung
kommissionssprecherin	kommissionssprecher in
geller	gellen er
ersttäter	ersttat er
bombenwerfer	bombenwerfen er
innerbehördlich	inner behörde lich
waghalsigkeit	waghalsig keit
interessenlos	interesse los
ballettmeisterin	ballettmeister in
bewacher	bewachen er
sprachkundig	sprachkunde ig
plappermäulchen	plappermaul chen
schottin	schotte in
protokollchefin	protokollchef in
verpfändung	verpfänden ung
oppositionspolitiker	oppositionspolitik er
verbindlichkeit	verbinden lich keit
müllunternehmer	müllunternehmen er
tiefbauer	tiefbau er
lettin	lette in
kulturamtsleiterin	kulturamtsleiter in
wärter	warten er
rehabilitierung	rehabilitieren ung
kleinkrämer	kleinkram er
bemühung	bemühen ung
gallig	galle ig
packer	packen er
bangkoker	bangkok er
aussteller	ausstellen er
kölnerin	köln er in
wahlsieger	wahlsieg er
unterernährung	unterernähren ung
ratspräsidentin	ratspräsident in
erfinder	erfinden er
kurfürstin	kurfürst in
abflachung	abflachen ung
erziehungswissenschaftlich	erziehungswissenschaft lich
meitinger	meitingen er
unterordnung	unterordnen ung
rechenschaftspflichtig	rechenschaftspflicht ig
waffenbauer	waffenbau er
fachbereichsleiterin	fachbereichsleiter in
unzulässigkeit	un zulassen ig keit
umfassung	umfassen ung
entsorgungslager	entsorgungslage er
zulieferung	zuliefern ung
buckelig	buckel ig
verspottung	ver spott ung
preisrichterin	preisrichter in
lederarbeiter	lederarbeit er
diebin	dieb in
kommentarlos	kommentar los
spreizung	spreizen ung
rufer	rufen er
abenteuerlustig	abenteuerlust ig
einsamkeit	einsam keit
ermächtigung	ermächtigen ung
einfarbigkeit	einfarbig keit
automatenspieler	automatenspielen er
angeblich	angeben lich
vervollkommnung	vervollkommnen ung
gottesdienstbesucher	gottesdienstbesuch er
fensterlein	fenster lein
vollblüter	vollblut er
zwielichtig	zwielicht ig
verwertung	verwerten ung
wiedergründung	wiedergründen ung
bewahrung	bewahren ung
voreiligkeit	vor eilen ig keit
zerstörer	zerstören er
programmplaner	programmplan er
gebärfähigkeit	gebärfähig keit
kinderfreundlich	kinderfreund lich
rockmusiker	rockmusik er
lohnarbeiter	lohnarbeit er
politikprofessorin	politikprofessor in
friedensbotschafter	friedensbote schaft er
rechtzeitigkeit	rechtzeitig keit
militärsprecherin	militärsprecher in
sportmediziner	sportmedizin er
mißgünstig	mißgunst ig
einlagerung	einlagern ung
pauschalurlauber	pauschalurlaub er
einarbeitung	einarbeiten ung
entgegnung	entgegnen ung
schulgeschichtlich	schulgeschichte lich
ehrfürchtig	ehrfurcht ig
beleuchter	beleuchten er
durchmusterung	durch muster ung
exportabhängigkeit	exportabhängig keit
fernsehkritikerin	fernsehkritik er in
konzertmeisterin	konzertmeister in
schwerin	schwer e in
streitigkeit	streiten ig keit
skiläuferin	skilaufen er in
baseballspieler	baseballspiel er
unterrichtung	unterrichten ung
frischhaltung	frischhalten ung
museumsplaner	museumsplan er
umweltschützer	umweltschutz er
robber	robbe er
vortrefflichkeit	vor trefflich keit
modeschöpferin	modeschöpfer in
bücherleser	bücherlesen er
durchführbar	durchführen bar
ensemblespieler	ensemblespiel er
rotbärtig	rotbart ig
falschspieler	falschspiel er
fingerhütchen	fingerhut chen
rasterung	rastern ung
begleiter	begleiten er
fischer	fischen er
haber	haben er
witzigkeit	witzig keit
pflichtig	pflichten ig
residenzstädtchen	residenzstadt chen
weißrussin	weißrusse in
rattenfänger	rattenfang er
vollbesetzung	vollbesetzen ung
teamleiterin	teamleiter in
zypriotin	zypriote in
moskauerin	moskau er in
exzentrikerin	exzentrik er in
kreuzung	kreuzen ung
unregelmäßigkeit	un regelmäßig keit
überwinterung	über winter ung
sozialstaatlichkeit	sozialstaat lich keit
differenzierung	differenz ier ung
marokkanerin	marokkaner in
sorger	sorge er
fehlerlos	fehlen er los
wochengewinner	wochengewinn er
verhandlungsfähigkeit	verhandlungsfähig keit
austauschschülerin	austauschschüler in
abtreiberin	abtreiben er in
beendung	beenden ung
verleugnung	verleugnen ung
vorläuferin	vorlaufen er in
leuchtstäbchen	leuchtstab chen
sirin	sire in
fernsehdarstellerin	fernsehdarsteller in
rauchbar	rauchen bar
sättigung	sättigen ung
perin	pere in
primatenforscherin	primatenforscher in
sumpfig	sumpf ig
abschaltung	abschalten ung
reiber	reibe er
münchner	münchen er
ester	este er
herder	herd er
kammerschauspielerin	kammerschauspieler in
endzeitlich	endzeit lich
zwischenbetrieblich	zwischen betrieb lich
wählerin	wählen er in
kaltstellung	kaltstellen ung
schnörkellos	schnörkel los
überweisung	über weise ung
verwässerung	verwässern ung
scharrer	scharre er
belegung	belegen ung
zimmergenossin	zimmergenosse in
sexualreformer	sexualreform er
rundfunksprecherin	rundfunksprecher in
notärztlich	notarzt lich
anstifterin	anstiften in
nachdrücklichkeit	nachdruck lich keit
überheblich	überheben lich
windrädchen	windrad chen
zugehörig	zugehören ig
komödiantin	komödiant in
schläfchen	schläfe chen
berghauser	berghaus er
unfehlbarkeit	un fehlbar keit
genüßlich	genuß lich
bäcker	backen er
gegenständlich	gegenstand lich
dressurreiter	dressurreiten er
beschilderung	beschildern ung
zwangsverwalterin	zwangsverwalter in
biophysikerin	biophysik er in
redaktionssekretärin	redaktionssekretär in
kettenraucherin	kettenrauchen er in
versicherungsbetrüger	versicherungsbetrug er
schmalzlockig	schmalzlocken ig
gründlich	gründen lich
biotechniker	biotechnik er
persönchen	person chen
wiederentdeckung	wiederentdecken ung
unbarmherzigkeit	un barmherzig keit
verbrüderung	ver bruder ung
verkehrsmediziner	verkehrsmedizin er
charakterschauspielerin	charakterschauspieler in
betriebsseelsorger	betriebsseelsorge er
rheinländer	rheinland er
seehafer	seehafen er
kläger	klage er
versorgungsrechtlich	versorgungsrecht lich
gästespielerin	gästespieler in
nichtöffentlichkeit	nichtöffentlich keit
enthemmung	enthemmen ung
nachzüchtung	nachzüchten ung
wahrsagung	wahrsagen ung
finanzministerin	finanzminister in
frostig	frost ig
unbenutzbar	un benutzen bar
aussiedelung	aussiedeln ung
schlackenlos	schlacke los
kunstkritikerin	kunstkritik er in
tempelchen	tempel chen
abschürfung	abschürfen ung
danzigerin	danzig er in
lübecker	lübeck er
zagreber	zagreb er
haider	haid er
großmeisterin	großmeister in
ökologischer	ökologischen er
musikschulleiterin	musikschulleiter in
kapitalkräftig	kapitalkraft ig
hinterhältig	hinterhalten ig
opelstädter	opelstadt er
folger	folgen e er
zuschüttung	zuschütten ung
zwischenzeitig	zwischenzeit ig
trittbrettfahrerin	trittbrettfahren er in
pflanzlich	pflanzen lich
unbestimmbar	un bestimmen bar
hofgärtner	hofgarten er
rückkehrerin	rückkehr er in
bauordnungsrechtlich	bauordnungsrecht lich
erzbischöflich	erzbischof lich
schwitzig	schwitzen ig
beitreibung	beitreiben ung
eigenheimbauer	eigenheimbau er
erinnerungsseligkeit	erinnerungsselig keit
königssteiner	königsstein er
friedfertigkeit	friedfertig keit
tangotänzerin	tangotanzen er in
religionsgeschichtlich	religionsgeschichte lich
jain	ja in
seufzer	seufzen er
rotzig	rotzen ig
prunksüchtig	prunksucht ig
nachbewilligung	nachbewilligen ung
leserlich	lese er lich
wehrlos	wehr los
sexualmörder	sexualmord er
amtsträgerin	amtsträger in
iraner	iran er
liebchen	lieb e chen
hasseler	hassel er
südtiroler	südtirol er
zeitmäßig	zeitmaß ig
leichtathletin	leichtathlet in
informationsministerin	informationsminister in
sechseckig	sechseck ig
frachter	fracht er
schwefelhölzchen	schwefelholz chen
taner	tan er
vergünstigen	ver gunst ig
lärmempfindlichkeit	lärmempfindlich keit
sündigen	sünde ig
demütig	demut ig
aufwiegelung	aufwiegeln ung
umstimmung	umstimmen ung
abscheulichkeit	abscheu lich keit
herausfordererin	herausforderer in
freihaltung	freihalten ung
engelmacherin	engelmacher in
fernmeldetechniker	fernmeldetechnik er
weitläufigkeit	weitläufig keit
verbandspolitiker	verbandspolitik er
bochumer	bochum er
münzenberger	münzenberg er
malaiin	malaie in
beiläufigkeit	beiläufig keit
leidensfähigkeit	leidensfähig keit
volksschullehrerin	volksschullehrer in
frankfurterin	frankfurt er in
unterströmung	unterströmen ung
flüchtig	flüchten ig
aktivensprecherin	aktivensprecher in
springer	springen er
erziehbar	erziehen bar
industriepolitiker	industriepolitik er
großflächig	großfläche ig
kubanerin	kuba aner in
weichherzigkeit	weichherzig keit
ansprechbar	ansprechen bar
merlin	merle in
eisenberger	eisenberg er
kippbar	kippen bar
weiterverbreitung	weiterverbreiten ung
vortäuschung	vortäuschen ung
schaltbar	schalten bar
überleiter	überleiten er
begeisterung	begeistern ung
reformierung	reform ier ung
rechtswissenschaftlerin	rechtswissenschaft ler in
nachsendung	nachsenden ung
verletzung	verletzen ung
ausrichterin	ausrichten er in
geschäftsstellenleiterin	geschäftsstellenleiter in
diskussionspartnerin	diskussionspartner in
eisenbahnbauer	eisenbahnbau er
rationierung	ration ier ung
reitsportlich	reitsport lich
bildkräftig	bildkraft ig
hager	hagen er
folterung	foltern ung
weiterblättern	weiterblatt er
landtagspräsidentin	landtagspräsident in
lebenspartnerin	lebenspartner in
pionierleiterin	pionierleiter in
empörer	empören er
prozeßrechtlich	prozeßrecht lich
voreiszeitlich	vor eiszeit lich
leugnung	leugnen ung
aberwitzig	aberwitz ig
zugkräftig	zugkraft ig
wildbader	wildbad er
vorweihnachtlich	vor weihnachten lich
detailfreudig	detailfreude ig
räuchermännchen	räuchermann chen
postbotin	postbote in
solotänzer	solotanz er
berufsanfängerin	berufsanfänger in
beinhaltung	beinhalten ung
entgiftung	entgiften ung
bombardierung	bombardieren ung
evin	eve in
agraringenieurin	agraringenieur in
turner	turnen er
rechtsgutachter	rechtsgutachten er
schlauchförmig	schlauchform ig
parteifeindlich	parteifeind lich
hörigkeit	hörig keit
friedenskämpferin	friedenskampf er in
selbsttätigkeit	selbsttätig keit
verteidigerin	verteidigen er in
beweglich	bewegen lich
kreditwürdigkeit	kreditwürdig keit
kärglichkeit	kärglich keit
nächtlich	nacht lich
klimatechniker	klimatechnik er
vereinigen	ver eine ig
katzenliebhaberin	katzenliebhaber in
überträger	übertragen er
derbysieger	derbysieg er
strafrechtlerin	strafrecht ler in
melderin	melden er in
anarchistin	anarchisch ist in
bedienerin	bedienen er in
auflassung	auflassen ung
rückfällig	rückfall ig
schauerlich	schau er lich
berlinbesucher	berlinbesuch er
verantwortlichkeit	verantworten lich keit
kreatürlich	kreatur lich
entflechtung	entflechten ung
verdunkelung	ver dunkel ung
abholzung	abholzen ung
schweinchen	schwein chen
bildhauerin	bildhauen er in
spurensucher	spurensuchen er
exekutivdirektorin	exekutivdirektor in
klausenburger	klausenburg er
eser	ese er
bluttäter	bluttat er
vollzähligkeit	vollzählig keit
pariserin	paris er in
jugendpolitiker	jugendpolitik er
kristofer	kristof er
radfahrerin	radfahren er in
großbesitzer	großbesitz er
schulfreundin	schulfreund in
wildgruber	wildgrube er
obergutachter	obergutachten er
nachwuchsmusikerin	nachwuchsmusiker in
täuscher	tausch er
namenloser	namenlos er
pickelig	pickel ig
beier	bea er
umsichtigkeit	umsicht ig keit
widrigkeit	widrig keit
kurzsichtig	kurzsicht ig
tabakbauer	tabakbau er
verminderung	ver minder ung
absonderung	absondern ung
aufmunterung	aufmuntern ung
unglaublich	unglaube lich
werksärztlich	werksarzt lich
umweltberaterin	umweltberater in
behördlich	behörde lich
bergung	bergen ung
unparteilichkeit	un partei lich keit
lufttransporter	lufttransport er
französischlehrerin	französischlehrer in
tierpflegerin	tierpflege er in
breitenbrunner	breitenbrunn er
gemütlich	gemüt lich
uneinheitlich	un einheit lich
reiniger	rein e ig er
vergnügung	vergnügen ung
vorleser	vorlesen er
steuerbetrüger	steuerbetrug er
steuerlich	steuer lich
tröger	trog er
regionalligaspieler	regionalligaspiel er
bühnentechniker	bühnentechnik er
wiesenburger	wiesenburg er
überfälligkeit	überfall ig keit
bodengutachter	bodengutachten er
sanierungsfähigkeit	sanierungsfähig keit
bilanzierung	bilanz ier ung
wiederholungstäter	wiederholungstat er
feinmechaniker	feinmechanik er
maiberger	maiberg er
maskenspieler	maskenspiel er
zwickauer	zwickau er
meßbarkeit	meßbar keit
kybernetiker	kybernetik er
renier	renie er
cannstatter	cannstatt er
umbenennung	umbenennen ung
rundfunkjournalistin	rundfunkjournalist in
beschuldigen	be schuld ig
standesamtsleiterin	standesamtsleiter in
ausbrecher	ausbrechen er
sonnenberger	sonnenberg er
humanmediziner	humanmedizin er
laxenburger	laxenburg er
krachig	krachen ig
stahlhelmer	stahlhelm er
weltenburger	weltenburg er
ungeduldig	ungeduld ig
edin	ede in
eichung	eichen ung
stalinistin	stalin ist in
nachrichter	nachricht er
religionslehrer	religionslehre er
vorzüglichkeit	vorzug lich keit
krisenanfälligkeit	krisenanfällig keit
weiterbetreibung	weiterbetreiben ung
verfahrensrechtlich	verfahrensrecht lich
entschließung	entschließen ung
vergesellschaftung	ver gesellschaft ung
fahnenflüchtiger	fahnenflüchtige n er
jurastudentin	jurastudent in
kabelwerker	kabelwerk er
versteifung	ver steif ung
luftigkeit	luftig keit
traufetter	traufe ette er
motivationslos	motivation los
strähnig	strähne ig
streuer	streuen er
spitzenspieler	spitzenspiel er
osteroder	osterode er
wohnungsbauministerin	wohnungsbauminister in
nachinszenierung	nachinszenieren ung
theaterleiterin	theaterleiter in
musikredakteurin	musikredakteur in
überdeckung	über decke ung
seelentrösterin	seelentrost er in
stellenlos	stellen e los
jugendrichterin	jugendrichter in
leichtsinnigkeit	leichtsinn ig keit
unsichtbarkeit	un sichten bar keit
überstaatlich	überstaat lich
novemberlich	november lich
naturgesetzlich	naturgesetz lich
besteuerung	be steuer ung
firmierung	firm e ier ung
schattig	schatten ig
kokapflanzer	kokapflanze er
aktionärin	aktionär in
röckchen	rock chen
gabelung	gabeln ung
neuartigkeit	neuartig keit
notschlachtung	notschlachten ung
flossenbürger	flossenburg er
weltfußballer	weltfußball er
lizenznehmerin	lizenznehmer in
unsinnigkeit	unsinn ig keit
schäbig	schabe ig
klassenlos	klass los
erregbarkeit	erregbar keit
einsitzer	einsitzen er
soner	son er
tauberbischofsheimerin	tauberbischofsheim er in
krimiautorin	krimiautor in
plattenaufleger	plattenauflegen er
houstoner	houston er
nachfühlbar	nach fühlen bar
kuratorin	kurator in
chinesin	china ese in
maximierung	maxime ier ung
krebsartig	krebsart ig
schächter	schacht er
norweger	norwegen er
mitverantwortlich	mitverantworten lich
magnetisierung	magnet isch isier ung
pittsburgher	pittsburgh er
hiller	hille er
vietnamkrieger	vietnamkrieg er
bürgermeisterstellvertreterin	bürgermeisterstellvertreter in
kärntener	kärnten er
hochschuldozentin	hochschuldozent in
überdehnung	überdehnen ung
polizeisprecherin	polizeisprecher in
speckig	speck ig
abnabelung	abnabeln ung
rumänin	rumäne in
randlos	rand los
schönecker	schöneck er
beeinflussung	beeinflussen ung
auswanderung	auswandern ung
parlamentarierin	parlamentarier in
körperlichkeit	körper lich keit
zürcherin	zürcher in
rektorin	rektor in
sinnenfreudig	sinnenfreude ig
vervollständigung	ver vollständig ung
lauffreudig	lauffreude ig
mitschuldig	mitschuld ig
verbesserung	verbessern ung
uneinigkeit	un eine ig keit
umformung	umformen ung
ungefährlich	ungefähr e lich
sexualforscherin	sexualforscher in
verdeutlichung	ver deutlich ung
klavierspieler	klavierspielen er
beherrscher	beherrschen er
parlamentssprecherin	parlamentssprecher in
unvergänglichkeit	unvergänglich keit
inhaftierung	inhaftieren ung
skilehrerin	skilehrer in
vornehmlich	vornehm lich
blumensträußchen	blumenstrauß chen
befleckung	beflecken ung
entsetzlich	entsetzen lich
uneigennützigkeit	un eigennutz ig keit
umweltmediziner	umweltmedizin er
nachsichtig	nachsicht ig
kippenberger	kippenberg er
fähigkeit	fähig keit
bekömmlichkeit	bekömmlich keit
ortsgeschichtlich	ortsgeschichte lich
wirkungsmächtig	wirkungsmacht ig
leistungsträgerin	leistungsträger in
triebwerksbauer	triebwerksbau er
schadenfreudig	schadenfreude ig
trägerin	trage er in
hauptlieferantin	hauptlieferant in
arbeitsvertraglich	arbeitsvertrag lich
reiseunternehmer	reiseunternehmen er
bundesbanker	bundesbank er
verbildlichen	ver bild lich
fraktionsmitarbeiterin	fraktionsmitarbeiter in
kampfesmutig	kampfesmut ig
unordentlichkeit	un ordentlich keit
nachwuchsathletin	nachwuchsathlet in
fernbedienung	fernbedienen ung
nachahmung	nachahmen ung
parapsychologin	parapsychologe in
umweltingenieurin	umweltingenieur in
maschinenbauingenieurin	maschinenbauingenieur in
geiseltaler	geiseltal er
ravensburger	ravensburg er
solotänzerin	solotanz er in
reinlich	rein lich
spaltbarkeit	spalten bar keit
beziehung	beziehen ung
fernsehsüchtig	fernsehsucht ig
solinger	solingen er
herforderin	herford er in
reinigen	rein e ig
programmleiterin	programmleiter in
vorlesung	vorlesen ung
überlebenskünstlerin	überlebenskunst ler in
anbindung	anbinden ung
ehrengerichtlich	ehrengericht lich
schiedsrichterlich	schiedsrichter lich
bearbeiter	bearbeiten er
eilfertigkeit	eilfertig keit
geldsäckchen	geldsack chen
interessentin	interessent in
frankenberger	frankenberg er
sortierung	sortieren ung
neuwerker	neuwerk er
verkäufer	verkaufen er
holzung	holzen ung
spielgefährtin	spielgefährte in
erzählung	erzählen ung
abteilungsleiterin	abteilungsleiter in
gemüsehändlerin	gemüsehändler in
melancholikerin	melancholiker in
seetüchtigkeit	seetüchtig keit
aberkennung	aberkennen ung
provozierung	provozieren ung
löcherig	löchern ig
risikolos	risiko los
lügner	lügen er
vergleichbarkeit	ver gleich bar keit
dechiffrierung	dechiffrieren ung
dealerin	dealen in
weißwaschung	weißwaschen ung
bundesgesundheitsministerin	bundesgesundheitsminister in
bewährungshelferin	bewährungshelfer in
apotheker	apotheke er
hausbesetzer	hausbesetzen er
erntearbeiter	erntearbeit er
ballettänzerin	ballettänzer in
begründerin	begründen er in
humanistin	human ist in
makellos	makel los
jetztzeitig	jetztzeit ig
sibirier	sibirien er
marktbesucher	marktbesuch er
zweisprachigkeit	zweisprachig keit
stetig	stet e ig
ausübung	ausüben ung
fertigung	fertigen ung
ausrichter	ausrichten er
glasmalerin	glasmaler in
straffälliger	straffälligen er
maier	maia er
klärchen	klar chen
freipressung	freipressen ung
liebeslyriker	liebeslyrik er
obstbauer	obstbau er
unfaßlich	un faß lich
urbanisierung	urbane isier ung
bolivianerin	bolivianer in
verantwortungsethiker	verantwortungsethik er
deponierung	deponie ier ung
verwaltungsrichterin	verwaltungsrichter in
marin	mare in
vierteljährlich	vierteljahr lich
unergründlichkeit	unergründlich keit
darsteller	darstellen er
pädagogin	pädagoge in
kunstsinnigkeit	kunstsinn ig keit
banknachbarin	banknachbar in
vereinssprecherin	vereinssprecher in
atomfrachter	atomfracht er
gasverbraucher	gasverbrauch er
witzlos	witz los
marxistin	marx ist in
wühler	wühlen er
herrin	herr in
ellenberger	ellenberg er
entkriminalisierung	entkriminalisieren ung
aussteiger	aussteigen er
anrufbar	anrufen bar
postlerin	post ler in
peiniger	pein ig er
reservistin	reserve ist in
verkehrssünder	verkehrssünde er
sachkundig	sachkunde ig
stadtverträglichkeit	stadtverträglich keit
marientaler	mariental er
erbauer	erbauen er
bergungsarbeiter	bergungsarbeit er
historikerin	historik er in
waldschlößchen	waldschloß chen
ernährungswissenschaftlich	ernährungswissenschaft lich
hausverwalterin	hausverwalter in
notlandung	notlanden ung
spiegelbildlich	spiegelbild lich
anlageberaterin	anlageberater in
botaniker	botanik er
unstetig	un stet e ig
splittern	splitt er
wiederbegründung	wiederbegründen ung
vertretbar	vertreten bar
starter	starten er
waldhofer	waldhof er
senkrechtstarter	senkrechtstart er
berufsständig	berufsstand ig
lieblichkeit	lieben lich keit
stromverkäufer	stromverkauf er
berufsschülerin	berufsschule er in
begutachtung	begutachten ung
walschützer	walschutz er
lateinlehrerin	lateinlehrer in
kartoffelbauer	kartoffelbau er
bastler	basteln er
wolkenlos	wolke los
durchschlagskräftig	durchschlagskraft ig
kapitalbesitzer	kapitalbesitz er
fürsorgerin	fürsorge er in
jüngerin	jüngere in
programmatiker	programmatik er
salamibrötchen	salamibrot chen
unsichtbar	un sichten bar
unschicklichkeit	un schick e lich keit
seminaristin	seminar ist in
gemüseanbauer	gemüseanbau er
tiergärtner	tiergarten er
straftäter	straftat er
versorgungslager	versorgungslage er
faserig	faser ig
selbstfinanzierung	selbstfinanzieren ung
rotenberger	rotenberg er
restaurantbesucher	restaurantbesuch er
durstig	durst ig
vollblütig	vollblüte ig
werbetexter	werbetext er
entmachtung	entmachten ung
stimmung	stimmen ung
europapokalsieger	europapokalsieg er
filmhochschüler	filmhochschule er
leipziger	leipzig er
momentaner	momentane er
rezitatorin	rezitator in
stimmlich	stimmen lich
ladeninhaberin	ladeninhaber in
fackelläufer	fackellauf er
türöffner	türöffnen er
balder	balde er
vorleserin	vorlesen er in
verwaltungsgerichtlich	verwaltungsgericht lich
reeder	reede er
schlampigkeit	schlampen ig keit
ewin	ewe in
weiterleitung	weiterleiten ung
verlosung	verlosen ung
herausarbeitung	herausarbeiten ung
aidin	aide in
revolutionärin	revolutionäre in
verkehrstüchtigkeit	verkehrstüchtig keit
starjournalistin	starjournalist in
runzelig	runzel ig
biophysiker	biophysik er
westpolitiker	westpolitik er
übermäßig	übermaß ig
redaktionsleiterin	redaktionsleiter in
schwergewichtig	schwergewichten ig
bezeichnung	bezeichnen ung
reichern	reich er
studiotechniker	studiotechnik er
fahrfähigkeit	fahrfähig keit
erlöser	erlösen er
lobensteiner	lobenstein er
skatspieler	skatspielen er
libyer	libyen er
äußerung	äußern ung
kleinhändlerin	kleinhändler in
heiratsvermittlerin	heiratsvermittler in
bärbeißigkeit	bärbeißig keit
hektiker	hektik er
abidin	abid in
dividendenfähigkeit	dividendenfähig keit
fachkundig	fachkunde ig
werkstofflich	werkstoff lich
glasgower	glasgow er
modedesigner	modedesign er
normalverbraucherin	normalverbraucher in
weitermeldung	weitermelden ung
unfertigkeit	un fertig keit
tibeterin	tibet er in
zwiespältig	zwiespalt ig
verschleierung	ver schleier ung
inbrünstig	inbrunst ig
kinderbuchautorin	kinderbuchautor in
kriegerin	krieg er in
vorstadthäuschen	vorstadthaus chen
überstürzung	überstürzen ung
einseitigkeit	einseitig keit
schulpolitiker	schulpolitik er
zeitkritiker	zeitkritik er
lebensgefährtin	lebensgefährte in
versetzung	versetzen ung
briefträgerin	briefträger in
landtagskandidatin	landtagskandidat in
taunussteiner	taunusstein er
reiselustig	reiselust ig
widerstandsunfähigkeit	widerstandsunfähig keit
tabellenachter	tabellenachte n er
staatsbesucher	staatsbesuch er
verfälschung	verfälschen ung
lösung	lösen ung
buchbinder	buchbinden er
industrieministerin	industrieminister in
überteuerung	über teuer ung
kindsmörderin	kindsmord er in
wildberger	wildberg er
strahlung	strahlen ung
landtagskollegin	landtagskollege in
rapsanbauer	rapsanbau er
pizzabäcker	pizzabacken er
friedensstifterin	friedensstifter in
motorisierung	motor isch isier ung
scheißer	scheißen er
nichtwähler	nichtwählen er
schmierung	schmieren ung
erbsenzähler	erbsenzählen er
protzig	protz ig
übernachtung	übernachten ung
fotografin	fotograf in
umzingelung	umzingeln ung
knochenmarkspender	knochenmarkspende er
michelsberger	michelsberg er
würdigung	würdigen ung
samenkörnchen	samenkorn chen
regierungsdirektorin	regierungsdirektor in
überschaubar	überschauen bar
backnanger	backnang er
seinsgeschichtlich	seinsgeschichte lich
blockierer	block ier er
immobilienmaklerin	immobilienmakler in
geringschätzig	geringschätzen ig
spitzenpolitiker	spitzenpolitik er
privatärztlich	privatarzt lich
einstudierung	einstudieren ung
turnierspieler	turnierspiel er
neuwagenkäufer	neuwagenkauf er
beitragspflichtig	beitragspflicht ig
schicksalslos	schicksal los
tierfreundin	tierfreund in
eigentümer	eigentum er
stärkung	stärken ung
spurlos	spuren los
petersberger	petersberg er
koalitionspartnerin	koalitionspartner in
jurysprecherin	jurysprecher in
rollbar	rollen bar
sexualwissenschaftlerin	sexualwissen schaft ler in
nachbildung	nachbilden ung
jugendfußballer	jugendfußball er
mißdeutung	mißdeuten ung
hanger	hang er
überleitung	überleiten ung
anlagerung	anlagern ung
verderberin	ver derb er in
nebenklagevertreterin	nebenklagevertreter in
spüler	spülen er
infantin	infant in
inhaltslos	inhalt los
familienähnlichkeit	familienähnlich keit
beurteilung	beurteilen ung
abdankung	abdanken ung
langzeitig	langzeit ig
sträußchen	strauß chen
streetworkerin	streetworker in
ausreisewilliger	ausreisewillige n er
holzklötzchen	holzklotz chen
hauptgegnerin	hauptgegner in
selbstgestaltung	selbstgestalten ung
schuldlos	schuld los
eitelkeit	eitel keit
glasbläser	glasblasen er
verstädterung	verstädtern ung
wortspieler	wortspiel er
anhänger	anhängen er
vermarktbar	ver markt bar
lother	loth er
einhebung	einheben ung
deutschstämmigkeit	deutschstämmig keit
gartenbesitzerin	gartenbesitzer in
verknotung	verknoten ung
politikfähigkeit	politikfähig keit
ehrwürdig	ehrwürde ig
neuenburger	neuenburg er
erkundigung	erkundigen ung
sprachwissenschaftlich	sprachwissenschaft lich
ehrenamtlich	ehrenamt lich
glückssucher	glückssuche er
leichtgewichtig	leichtgewichten ig
lenin	lene in
übersetzbar	übersetzen bar
garnierung	garn ier ung
meineidig	meineid ig
helfensteiner	helfenstein er
familienfreundlich	familienfreund lich
katastrophenschützer	katastrophenschutz er
romanschriftstellerin	romanschriftsteller in
teeverkäufer	teeverkauf er
leidenschaftlich	leiden schaft lich
fachwerkstädtchen	fachwerkstadt chen
richtigstellung	richtigstellen ung
krankenpfleger	krankenpflege er
überfliegerin	über fliege er in
bootsbauer	bootsbau er
schrulligkeit	schrulle ig keit
sangesfreudig	sangesfreude ig
verbraucherfreundlichkeit	verbraucherfreundlich keit
kultusministerin	kultusminister in
meinungsforscherin	meinungsforscher in
unverträglichkeit	unverträglich keit
einquartierung	ein quartier ung
freiverkäuflich	freiverkauf lich
kleinmütigkeit	kleinmut ig keit
wiesbadener	wiesbaden er
vertragsarbeiterin	vertragsarbeiter in
romanheldin	romanheld in
bartlos	barte los
lieblingssängerin	lieblingssänger in
konzertpianistin	konzertpianist in
nikotinsüchtig	nikotinsucht ig
klärung	klären ung
kopfarbeiter	kopfarbeit er
autobesitzerin	autobesitz er in
rückständig	rückstand ig
sinsheimer	sinsheim er
auffindbar	auffinden bar
vollbärtig	vollbart ig
unehrlichkeit	unehre lich keit
tierheilpraktikerin	tierheilpraktiker in
sündig	sünde ig
jahresdurchschnittlich	jahresdurchschnitt lich
gruppenführerin	gruppenführer in
beschwerdeführerin	beschwerdeführer in
beschuldigung	be schuld ig ung
willenlos	wille los
allein	allee in
vergrößerung	vergrößern ung
orientierung	orient ier ung
lästerer	lästern er
ermöglichung	ermöglichen ung
produktdesigner	produktdesign er
arretierung	arretieren ung
sorglich	sorge lich
fabrikarbeiterin	fabrikarbeit er in
rollschuhläufer	rollschuhlaufen er
kapstädter	kapstadt er
niederschlesier	niederschlesien er
essayistin	essay ist in
besucher	besuchen er
vernebelung	ver nebeln el ung
rheinauer	rheinaue er
saftigkeit	saft ig keit
klavierschüler	klavierschule er
tempelhofer	tempelhof er
artigkeit	artig keit
aufsichtsbehördlich	aufsichtsbehörde lich
erfrierung	erfrieren ung
ortenburger	ortenburg er
entführer	entführen er
weinig	wein ig
torontoer	toronto er
verzeichnung	verzeichnen ung
aufwärter	aufwarten er
schülervertreterin	schülervertreter in
allgewaltig	allgewalt ig
blicklos	blicken los
nukleartechniker	nukleartechnik er
kräftigung	kräftigen ung
oliver	oliv e er
landesministerin	landesminister in
berichtspflichtig	berichtspflicht ig
jesuitenschüler	jesuitenschule er
weiblich	weib lich
sandkörner	sandkorn er
westeuropäerin	westeuropäer in
gemeindereferentin	gemeindereferent in
laufställchen	laufstall chen
didier	didi er
mahnung	mahnen ung
höhergruppierung	höhergruppieren ung
trauung	trauen ung
mutmaßung	mutmaßen ung
vereinfachung	ver einfach ung
hochschulreformer	hochschulreform er
pflegeschülerin	pflegeschule er in
türker	türke er
besetzung	besetzen ung
empfänglich	empfang lich
innerschweizer	innerschweiz er
vampirin	vampir in
handlich	hand lich
architektin	architekt in
heuschreckenartig	heuschreckenart ig
harmoniesüchtig	harmoniesucht ig
veranlagung	veranlagen ung
rechner	rechnen er
köfferchen	koffer chen
fünfkämpfer	fünfkampf er
computerdesigner	computerdesign er
anstiftung	anstiften ung
personalwirtschaftlich	personalwirtschaft lich
justin	just in
wechselseitigkeit	wechselseitig keit
verstaatlichung	ver staat lich ung
kratzer	kratzen er
protagonistin	protagonist in
pastoralreferentin	pastoralreferent in
befehligen	befehl ig
volkskundlich	volkskunde lich
bildungsdezernentin	bildungsdezernent in
bevölkerung	bevölkern ung
nachdenklich	nachdenken lich
bergführerin	bergführer in
erwärmung	erwärmen ung
sossenheimer	sossenheim er
potsdamer	potsdam er
köhler	kohl er
gelnhausener	gelnhausen er
verderblichkeit	verderb lich keit
jugendringer	jugendringen er
erwerbslos	erwerb los
unterstützer	unterstützen er
vergeblich	vergeben lich
unschuldig	unschuld ig
aufopferung	aufopfern ung
hutmacherin	hutmacher in
ziehung	ziehen ung
kinderfeindlichkeit	kinderfeindlich keit
fahrtüchtigkeit	fahrtüchtig keit
genferin	genf er in
rosenkönigin	rosenkönig in
geldgeberin	geldgeber in
realwirtschaftlich	realwirtschaft lich
kioskverkäufer	kioskverkauf er
zusätzlich	zusatz lich
natürlichkeit	natürlich keit
bereitwilligkeit	bereitwillig keit
baudirektorin	baudirektor in
reaktorbauer	reaktorbau er
quirlig	quirl ig
notierung	notieren ung
songschreiber	songschreiben er
geschichtsdenker	geschichtsdenken er
dunstig	dunst ig
verschönerung	ver schön ung
unzeitig	unzeit ig
fahrradständer	fahrradstand er
energielos	energie los
lokalredakteurin	lokalredakteur in
pflegerin	pflegen er in
taxiunternehmer	taxiunternehmen er
hirschauer	hirschau er
kulturkritikerin	kulturkritik er in
bildungswissenschaftlich	bildungswissenschaft lich
gemeinschaftsfähigkeit	gemeinschaftsfähig keit
niederlassung	niederlassen ung
zahler	zahlen er
absicherung	absichern ung
ausartung	aus arten ung
rempler	rempeln er
unterspannung	unterspannen ung
wendelsteiner	wendelstein er
ehrenbürgerin	ehrenburg er in
tagessieger	tagessieg er
beflaggung	beflaggen ung
brummer	brummen er
stelzenläufer	stelzenlaufen er
schiefer	schief e er
verwahrung	verwahren ung
tanker	tank er
päpstlich	papst lich
abbildung	abbilden ung
ungeheuerlichkeit	ungeheuer lich keit
wiesensteiger	wiesensteig er
feierlichkeit	feier lich keit
verwilderung	verwildern ung
anlandung	anlanden ung
übersetzer	übersetzen er
gegenseitigkeit	gegenseite ig keit
volkssprachlich	volkssprache lich
waiblingerin	waiblingen er in
leibwächterin	leibwächter in
apothekenpflichtig	apothekenpflicht ig
salzburger	salzburg er
stecker	stecken er
gebrauchsgraphiker	gebrauchsgraphik er
naturrechtlich	naturrecht lich
lebenszeitlich	lebenszeit lich
filzig	filzen ig
torhäuschen	torhaus chen
baßspieler	baßspiel er
nützlichkeit	nützen lich keit
patentrechtlich	patentrecht lich
urheberin	urheber in
entführung	entführen ung
filmtechniker	filmtechnik er
spitzohrig	spitzohr ig
planbar	planen bar
stimulierung	stimulieren ung
wesenlos	wesen los
vergiftung	ver gift ung
dickhäutig	dickhaut ig
lebensmittelverkäuferin	lebensmittelverkäufer in
weiterverarbeitung	weiterverarbeiten ung
bernardin	bernard in
hauptstädter	hauptstadt er
beschäftigungspflichtig	beschäftigungspflicht ig
abrundung	abrunden ung
armbruster	armbrust er
gastkünstlerin	gastkünstler in
berufspolitikerin	berufspolitik er in
verhandlungspartnerin	verhandlungspartner in
heider	heide er
sozialchristlich	sozialchrist lich
hecker	heck er
banksprecherin	banksprecher in
eiszeitlich	eiszeit lich
fahrzeugbauer	fahrzeugbau er
überspezialisierung	überspezialisieren ung
physikerin	physik er in
nachrichtenchefin	nachrichtenchef in
leckermäulchen	leckermaul chen
markierung	markieren ung
weingärtner	weingarten er
abzweigung	abzweigen ung
charakterdarstellerin	charakterdarsteller in
sortierbar	sortieren bar
empfindsamkeit	empfinden sam keit
einzelspender	einzelspende er
untrennbar	un trennen bar
stellvertreterin	stellvertreten er in
eschborner	eschborn er
sudanesin	sudanese in
marketingleiterin	marketingleiter in
trübseligkeit	trübselig keit
greifer	greifen er
staatsekretärin	staatsekretär in
maschinenbauer	maschinenbau er
regulierung	regulieren ung
undenkbar	un denken bar
lieferantin	lieferant in
turniersieger	turniersieg er
sportlichkeit	sport lich keit
höcker	hocken er
pilzsucher	pilzsuche er
aufstockung	aufstocken ung
isländerin	island er in
exhibitionistin	exhibition ist in
tiefsinnig	tiefsinn ig
kunstliebhaberin	kunstliebhaber in
kurzweilig	kurzweil ig
ungebührlich	ungebühr lich
umweltgutachter	umweltgutachten er
altlandsberger	altlandsberg er
spiegelberger	spiegelberg er
berufslos	beruf los
titelträgerin	titelträger in
protestantin	protestant in
notenbüchlein	notenbuch lein
unsterblich	un sterben lich
ablehner	ablehnen er
hauptkommissarin	hauptkommissar in
gewerkschaftsaktivistin	gewerkschaftsaktivist in
druckerin	drucken er in
keimfähigkeit	keimfähig keit
eindeutigkeit	eindeutig keit
befeuchtung	be feucht ung
scholastiker	scholastik er
heiligkeit	heil e ig keit
nachrichtendienstlich	nachrichtendienst lich
ideengeschichtlich	ideengeschichte lich
aktienbesitzer	aktienbesitz er
fahrradfreundlich	fahrradfreund lich
bergrechtlich	bergrecht lich
ausgleichbar	ausgleichen bar
laublos	laub los
solistin	solist in
geduldig	geduld ig
verärgerung	ver ärger ung
töchterlein	tochter lein
selbstverantwortlichkeit	selbstverantwortlich keit
vorbesprechung	vorbesprechen ung
kollegin	kollege in
fellbacherin	fellbach er in
gesprächsteilnehmerin	gesprächsteilnehmer in
verbrühung	ver brühen ung
startläuferin	startläufer in
pastellig	pastell ig
rancher	ranch er
zollamtlich	zollamt lich
wahrsagerin	wahrsagen er in
lautlich	lauten lich
spießig	spießen ig
denkmalschutzwürdigkeit	denkmalschutzwürdig keit
tyrannin	tyrann in
betreibung	betreiben ung
asylpolitiker	asylpolitik er
fahrrädchen	fahrrad chen
frauenärztlich	frauenarzt lich
benutzer	benutzen er
rechtsförmig	rechtsform ig
schädigung	schädigen ung
sünder	sünde er
volksschüler	volksschule er
springreiter	springreiten er
schwätzer	schwätzen er
staubkörnchen	staubkorn chen
ehrenberger	ehrenberg er
kooperationsfähigkeit	kooperationsfähig keit
andeutung	andeuten ung
weiträumigkeit	weiträumig keit
schneeberger	schneeberg er
durchsichtig	durchsicht ig
säbelfechter	säbelfechten er
werkzeugmaschinenbauer	werkzeugmaschinenbau er
freundlichkeit	freund lich keit
lackierung	lack ier ung
mißlich	miß lich
eindringlichkeit	eindringen lich keit
enthaltsamkeit	enthalten sam keit
verwöhnung	verwöhnen ung
falkenberger	falkenberg er
parteispender	parteispende er
trinkfreudigkeit	trinkfreudig keit
kartenkäufer	kartenkauf er
grundeigentümerin	grundeigentum er in
verkehrsplaner	verkehrsplan er
ostschweizer	ostschweiz er
programmierung	programm ier ung
stadtplanerin	stadtplan er in
staksig	staksen ig
sicherung	sichern ung
zusicherung	zusichern ung
demoralisierung	demoralisieren ung
blättchen	blatt chen
geruchslos	geruch los
grazer	graz er
erfahrungswissenschaftlich	erfahrungswissen schaft lich
krankenversicherungspflichtig	krankenversicherungspflicht ig
radin	rad in
puppenkünstlerin	puppenkünstler in
ursprünglich	ursprung lich
herausgeberin	herausgeben er in
androhung	androhen ung
zirndorfer	zirndorf er
verknüpfung	verknüpfen ung
gottsucher	gottsuche er
würfelchen	würfel chen
schlemmer	schlemmen er
ausländerfreundlich	ausländerfreund lich
verlagschefin	verlagschef in
bettnachbarin	bettnachbar in
tiertransporter	tiertransport er
ricker	ricke er
verschanzung	ver schanze ung
gesundheitsexpertin	gesundheitsexperte in
weiterbildner	weiterbilden er
kapitalistin	kapital ist in
landesrechtlich	landesrecht lich
akkreditierung	akkreditieren ung
schwammigkeit	schwamm ig keit
agrarwissenschaftlerin	agrarwissenschaft ler in
befremdung	befremden ung
brandstifterin	brandstifter in
versicherer	versichern er
untergrabung	untergraben ung
schuppig	schuppen ig
entzündung	entzünden ung
auslassung	auslassen ung
bieterin	bieten er in
republikanerin	republik aner in
marienburger	marienburg er
frauenministerin	frauenminister in
nutzfahrzeugbauer	nutzfahrzeugbau er
geschwätzig	schwatz sfx ig
nachbörslich	nachbörse lich
schattenkönigin	schattenkönig in
brüderlichkeit	brüderlich keit
hausschlachter	hausschlachten er
privatbauer	privatbau er
gemeinsamkeit	gemeinsam keit
bildungsexpertin	bildungsexperte in
absonderlich	absondern lich
pfiffigkeit	pfiff ig keit
bundeseinheitlich	bundeseinheit lich
zugänglich	zugang lich
rührseligkeit	rührselig keit
hauptgesellschafterin	hauptgesellschafter in
falkenburger	falkenburg er
spitzenathletin	spitzenathlet in
exkommunizierung	exkommunizieren ung
atmung	atmen ung
dienstbotin	dienstbote in
kunstpädagogin	kunstpädagoge in
aufwartung	aufwarten ung
überzieher	überziehen er
fischhändlerin	fischhändler in
laserdrucker	laserdruck er
jugendhilfeplaner	jugendhilfeplan er
weggeher	weggehen er
unterzeichner	unterzeichnen er
verpflegung	verpflegen ung
roßtaler	roßtal er
konstanzer	konstanze er
öffentlichkeitsreferentin	öffentlichkeitsreferent in
rauchlos	rauchen los
konfliktfreudig	konfliktfreude ig
unveränderlich	un verändern lich
unheilbarkeit	un heilen bar keit
austragbar	austragen bar
anstellung	anstellen ung
taunusstädtchen	taunusstadt chen
hauptkläger	hauptklage er
unwohnlich	un wohnen lich
kommunalrechtlich	kommunalrecht lich
hühnerleber	hühnerleben er
unterrichtlich	unterrichten lich
geldgierig	geldgier ig
harfenspieler	harfenspiel er
verdiener	verdienen er
wirtschaftsexpertin	wirtschaftsexperte in
sistierung	sistieren ung
teilchenphysiker	teilchenphysik er
pressechefin	pressechef in
kirchenamtlich	kirchenamt lich
kassenpatientin	kassenpatient in
überweltlich	über welt lich
fokussierung	fokus ier ung
fürstlich	fürst lich
verabreichung	verabreichen ung
schneelos	schnee los
straffällig	straffall ig
kapitalisierung	kapitale isier ung
antagonistin	antagonist in
wiedergutmachung	wiedergutmachen ung
weltmarktfähigkeit	weltmarktfähig keit
natürlicher	natürlichen er
heimleiterin	heimleiter in
trompeter	trompeten er
geschwisterlichkeit	geschwister lich keit
brunner	brunnen er
skilangläufer	skilanglauf er
tigerin	tiger in
teheraner	teheran er
seniorenmeisterin	seniorenmeister in
bezirkschefin	bezirkschef in
stammesgeschichtlich	stammesgeschichte lich
reykjaviker	reykjavik er
moralistin	moral ist in
tropfenförmig	tropfenform ig
mitfahrerin	mitfahren er in
importeurin	importeur in
wintertauglichkeit	wintertauglich keit
discobesucher	discobesuch er
franzensbader	franzensbad er
lästigkeit	lästig keit
erdinger	erding er
insektenforscherin	insektenforscher in
starnbergerin	starnberg er in
innenstädter	innenstadt er
umschließung	umschließen ung
kaiserlich	kaiser lich
schraffierung	schraffieren ung
elektrohandwerker	elektrohandwerk er
funkerin	funken er in
dämmerung	dämmern ung
beraterin	beraten er in
lochung	lochen ung
regionalpolitiker	regionalpolitik er
geldzähler	geldzählen er
eintragung	eintragen ung
nachdenklicher	nachdenklichen er
musterschüler	musterschule er
selbstmitleidig	selbstmitleid ig
zielstrebigkeit	zielstrebig keit
waldarbeiter	waldarbeit er
krankengymnastin	krankengymnast in
obstverkäufer	obstverkauf er
filmjournalistin	filmjournalist in
zoobesucher	zoobesuch er
wildecker	wildeck er
schnürchen	schnur chen
arbeitersportlerin	arbeitersport ler in
dreiköpfig	dreikopf ig
würzburger	würzburg er
schuldenmacher	schuldenmachen er
kahlköpfig	kahlkopf ig
maschinenarbeiterin	maschinenarbeit er in
elternlos	eltern los
verödung	veröden ung
radiomacherin	radiomachen er in
jugendreferentin	jugendreferent in
friseurmeisterin	friseurmeister in
wecker	wecken er
anleger	anlegen er
schmerzlos	schmerz los
wunderlich	wundern lich
überreichlich	über reich lich
epileptikerin	epileptiker in
hauser	hausen er
serienmörder	serienmord er
genforscherin	genforscher in
fernöstlich	fernost lich
kassierin	kassier in
initiatorin	initiator in
kulturministerin	kulturminister in
zerlegung	zerlegen ung
kleinbesitzer	kleinbesitz er
innerlichkeit	inner e lich keit
kaiserin	kaiser in
constantin	constant in
turmbläser	turmblasen er
bebauung	be bau ung
bärtchen	bart chen
grenzgängerin	grenzgang er in
asylbewerberin	asylbewerber in
überlieferung	überliefern ung
umweltfreundlichkeit	umweltfreund lich keit
schmucklos	schmuck los
nördlich	nord lich
klapperig	klapper ig
rückseitig	rückseite ig
restaurateurin	restaurateur in
jasager	jasagen er
einfältig	einfalt ig
inniglich	innig lich
aussichtslos	aussicht los
handarbeiterin	handarbeiten in
chefdesignerin	chefdesigner in
unterzeichnung	unterzeichnen ung
zudringlichkeit	zudringlich keit
argentinierin	argentine ien er in
halter	halten er
einsegnung	einsegnen ung
geheimagentin	geheimagent in
kunstsammlerin	kunstsammler in
cheflektorin	cheflektor in
flüsterer	flüstern er
kurseelsorger	kurseelsorge er
kunsthandwerkerin	kunsthandwerk er in
stopfer	stopfen er
söhnchen	sohn chen
kampflos	kampf los
wundertätig	wundertat ig
unzuverlässigkeit	unzuverlässig keit
glückseligkeit	glückselig keit
unsachlich	un sache lich
erfüllungsgehilfin	erfüllungsgehilfe in
tierfänger	tierfang er
bildlichkeit	bild lich keit
füller	füllen er
mahler	mahl er
kantorin	kantor in
angolanerin	angola aner in
untauglichkeit	un taugen lich keit
einradfahrer	einradfahren er
konservatorin	konservator in
afrikanerin	afrika aner in
hausbesetzerin	hausbesetzen er in
journalistenschüler	journalistenschule er
domberger	domberg er
ehebrecherin	ehebrecher in
überformung	über form ung
tamer	tam er
zierlichkeit	zieren lich keit
absichtlichkeit	absicht lich keit
schauspielerin	schauspielen er in
schneidig	schneiden ig
provinzstädtchen	provinzstadt chen
gartenarbeiter	gartenarbeit er
einsparung	ein spar ung
kulturanthropologin	kulturanthropologe in
aufwendung	aufwenden ung
gaswirtschaftlich	gaswirtschaft lich
naturalisierung	naturalie isier ung
ausbildungswillig	ausbildungswille ig
unentschuldbar	un entschulden bar
berufsstarter	berufsstart er
schachspieler	schachspielen er
mitfahrer	mitfahren er
kreispolitiker	kreispolitik er
verschonung	verschonen ung
verkehrsexpertin	verkehrsexperte in
appenzeller	appenzell er
oxforder	oxford er
hühnchen	huhn chen
profifußballer	profifußball er
ernährungsmediziner	ernährungsmedizin er
telefonseelsorger	telefonseelsorge er
grundlos	grund los
laupheimer	laupheim er
farbspritzer	farbspritze er
kleinstaatlichkeit	kleinstaat lich keit
ruheständlerin	ruhestand ler in
christoper	christop er
karosseriebauer	karosseriebau er
kronstädter	kronstadt er
öffentlichkeitsarbeiter	öffentlichkeitsarbeit er
kostbarkeit	kostbar keit
abstempelung	ab stempeln el ung
schatzmeisterin	schatzmeister in
bilderfeindlichkeit	bilderfeindlich keit
stierkämpfer	stierkampf er
vizekönigin	vizekönig in
weindörfchen	weindorf chen
nachprüfung	nachprüfen ung
zimmervermieterin	zimmervermieter in
aufdeckung	aufdecken ung
briefeschreiberin	briefeschreiben er in
gewichtung	gewichten ung
konzipierung	konzipieren ung
gesprächsunfähigkeit	gesprächsunfähig keit
gerichtspräsidentin	gerichtspräsident in
folgerichtigkeit	folgerichtig keit
vereinheitlichung	ver einheit lich ung
vorjahressiegerin	vorjahressieg er in
geistesarbeiter	geistesarbeit er
unüberwindbar	un überwinden bar
bedienungsfreundlichkeit	bedienungsfreundlich keit
dienstpflichtig	dienstpflicht ig
ausgleichung	ausgleichen ung
teigig	teig ig
texanerin	texaner in
ausländerin	ausland er in
knaller	knallen er
flötistin	flöte ist in
medizinsoziologin	medizinsoziologe in
siegburger	siegburg er
kontextlos	kontext los
kahlköpfigkeit	kahlkopf ig keit
keglerin	kegler in
unzurechnungsfähigkeit	unzurechnungsfähig keit
mechanisierung	mechanisch isier ung
kälbchen	kalben chen
sachbearbeiterin	sachbearbeiter in
tunnelbauer	tunnelbau er
wasserverkäufer	wasserverkauf er
verkaufsständer	verkaufsstand er
umschiffung	umschiffen ung
kartenlegerin	kartenlegen er in
auswahlspieler	auswahlspiel er
entscheidungsfreudig	entscheidungsfreude ig
geringachtung	geringachten ung
polizeireporterin	polizeireport er in
bahnradfahrer	bahnradfahren er
kirchenmusiker	kirchenmusik er
ausstellungsmacherin	ausstellungsmachen er in
theatergeschichtlich	theatergeschichte lich
lörracher	lörrach er
schwertkämpfer	schwertkampf er
freibadbesucher	freibadbesuch er
ausstellerin	ausstellen er in
elsässerin	elsässer in
wildschützer	wildschütz er
haushaltspolitiker	haushaltspolitik er
bündnispartnerin	bündnispartner in
chemielehrerin	chemielehrer in
aufwendig	aufwenden ig
landflüchtig	landflucht ig
fadenscheinig	fadenschein ig
walzwerker	walzwerk er
mentorin	mentor in
hürdensprinter	hürdensprint er
käfertaler	käfertal er
klangmagier	klangmagie er
serienmörderin	serienmord er in
stattlichkeit	statt lich keit
volksfestbesucher	volksfestbesuch er
wasserbaulich	wasserbau lich
verführer	verführen er
entsorgungsunternehmer	entsorgungsunternehmen er
pieper	piepen er
verinnerlichung	ver inner e lich ung
vertragslos	vertrag los
beschneidung	beschneiden ung
ehegattin	ehegatte in
commerzbanker	commerzbank er
steptänzerin	steptanz er in
geigenspieler	geigenspiel er
pfleger	pflegen er
gestaltlos	gestalten los
ramin	ram in
romantiker	romantik er
hochnäsigkeit	hochnäsig keit
abschnürung	abschnüren ung
polarisierung	polar isier ung
musikhörer	musikhören er
kommunikationsdesigner	kommunikationsdesign er
unerfüllbar	un erfüllen bar
auslobung	ausloben ung
tarifrechtlich	tarifrecht lich
kartoffelanbauer	kartoffelanbau er
wirtschaftsreformer	wirtschaftsreform er
kleinmütig	kleinmut ig
unbestechlichkeit	un bestechen lich keit
jungautorin	jungautor in
erinnerung	erinnern ung
alleingesellschafterin	alleingesellschafter in
tanzer	tanz er
attentäterin	attentat er in
harlemer	harlem er
alphastrahler	alphastrahl er
motorradfahrerin	motorradfahren er in
sozialbetrüger	sozialbetrug er
bezieher	beziehen er
musikkritikerin	musikkritik er in
prüfung	prüfen ung
bedachung	bedachen ung
abführung	abführen ung
verteidigung	verteidigen ung
statthalterin	statthalter in
befreiungskämpfer	befreiungskampf er
rostocker	rostock er
ausscheidung	ausscheiden ung
fernmelder	fernmelde er
menschenrechtlerin	menschenrecht ler in
kontrollierbarkeit	kontrolle ier bar keit
sachgebietsleiterin	sachgebietsleiter in
zerstörerin	zerstören er in
haftfähigkeit	haftfähig keit
ortsansässigkeit	ortsansässig keit
todessehnsüchtig	todessehnsucht ig
moldauer	moldau er
lätzchen	latz chen
landschaftspfleger	landschaftspflege er
moosig	moos ig
verteidigungsministerin	verteidigungsminister in
leiterin	leiten er in
frankenhauser	frankenhausen er
cottbuser	cottbus er
artikelschreiberin	artikelschreiben er in
iserlohner	iserlohn er
mitgestalter	mitgestalten er
hinterberger	hinterberg er
kaltenecker	kalteneck er
intendantin	intendant in
wissenschaftlerin	wissenschaft ler in
überreichung	überreichen ung
schweizerin	schweiz er in
küsterin	küste er in
landschaftsplaner	landschaftsplan er
zwiespältigkeit	zwiespalt ig keit
designer	design er
altistin	alte ist in
gesamtstaatlich	gesamtstaat lich
schweriner	schwer e in er
chorsängerin	chorsänger in
firmenbesitzer	firmenbesitz er
einzelbauer	einzelbau er
wahrnehmung	wahrnehmen ung
heilerziehungspflegerin	heilerziehungspflege er in
goldberger	goldberg er
zimperlichkeit	zimperlich keit
wiederverwertbar	wiederverwerten bar
ansprechpartnerin	ansprechpartner in
eigensüchtig	eigensucht ig
widerrufung	widerrufen ung
zivilisierung	zivil e isier ung
gesetzeskräftig	gesetzeskraft ig
fokker	fokke er
loslösung	loslösen ung
soller	soll er
neueinsteigerin	neueinsteiger in
unhöflich	un hof lich
nahkämpfer	nahkampf er
einzeltäter	einzeltat er
erschleichung	erschleichen ung
kommunikationslos	kommunikation los
gleichartigkeit	gleichartig keit
fliegerin	fliegen er in
versteigern	ver steige er
spitzfindigkeit	spitzfindig keit
abberufung	abberufen ung
zwischengesellschaftlich	zwischengesellschaft lich
veränderungswillig	veränderungswille ig
ablösung	ablösen ung
studienassessorin	studienassessor in
verträglichkeit	vertrag lich keit
einschließung	einschließen ung
gewerkschaftsvertreterin	gewerkschaftsvertreter in
reinwaschung	reinwaschen ung
hermannstädter	hermannstadt er
einsichtig	einsicht ig
garantiegeberin	garantiegeber in
juristin	jura ist in
mausig	mausen ig
weiterförderung	weiterfördern ung
bausparer	bausparen er
publikumswirksamkeit	publikumswirksam keit
sprengung	sprengen ung
verspätung	ver spät ung
weiter	weit e er
gleichsetzung	gleichsetzen ung
anhänglichkeit	anhang lich keit
empfängerin	empfang er in
bundessieger	bundessieg er
gegenkandidatin	gegenkandidat in
überantwortung	überantworten ung
teufelin	teufel in
mitmenschlich	mitmensch lich
erweiterung	erweitern ung
eilig	eilen ig
vorrangig	vorrang ig
arbeitsmedizinerin	arbeitsmedizin er in
bemalung	bemalen ung
gesundheitspolitiker	gesundheitspolitik er
musiklehrerin	musiklehre er in
alttestamentlerin	alttestamentler in
gemeindepastorin	gemeindepastor in
gerichtsvollzieherin	gerichtsvollzieher in
werbewirksamkeit	werbewirksam keit
bauunternehmer	bauunternehmen er
ähnlichkeit	ähnlich keit
vertrauensärztlich	vertrauensarzt lich
milchfarmer	milchfarm er
umweltdezernentin	umweltdezernent in
selbstverwalter	selbstverwalten er
saftig	saft ig
bremserin	bremsen e er in
großbauer	großbau er
kommissarin	kommissar in
bedenkenlos	bedenken los
statistin	statisch ist in
heldenmutig	heldenmut ig
hellseher	hellsehen er
sicherstellung	sicherstellen ung
ellipsenförmig	ellipsenform ig
produktionsarbeiter	produktionsarbeit er
rückraumspielerin	rückraumspieler in
brüter	brüten er
bauleiterin	bauleiter in
knochenbrecher	knochenbrechen er
wellenförmig	wellenform ig
alterspräsidentin	alterspräsident in
männerfeindlichkeit	männerfeindlich keit
altbesitzer	altbesitz er
vollständigkeit	vollständig keit
spezialisierung	spezi al isier ung
antragsgegnerin	antragsgegner in
restaurierung	restaurieren ung
kokain	koka in
sprichwörtlich	sprichwort lich
beschäftigung	beschäftigen ung
arbeitsschutzrechtlich	arbeitsschutzrecht lich
denkmalsschützer	denkmalsschutz er
bayernspieler	bayernspiel er
heldin	held in
europafeindlichkeit	europafeindlich keit
pfingsturlauber	pfingsturlaub er
bautechniker	bautechnik er
verachtung	verachten ung
amtstierärztlich	amtstierarzt lich
freizügigkeit	freizügig keit
bukarester	bukarest er
verantwortung	verantworten ung
betriebswirtschaftlichkeit	betriebswirt schaft lich keit
ausgrabung	ausgraben ung
grundstückseigentümer	grundstückseigentum er
zerbrechlich	zer brechen lich
partisanenkämpfer	partisanenkampf er
staatlichkeit	staat lich keit
abedin	abed in
starrköpfig	starrkopf ig
schimmelig	schimmel ig
planwirtschaftlich	planwirtschaft lich
wucherung	wuchern ung
kartenleger	kartenlegen er
demaskierung	demaskieren ung
ohrwurmig	ohrwurm ig
fernsehchefredakteurin	fernsehchefredakteur in
berufskundlich	berufskunde lich
versachlichen	ver sache lich
gierig	gieren ig
vereinigen	ver eine ig
fischfänger	fischfang er
hauptgewinnerin	hauptgewinn er in
abtötung	abtöten ung
nichtsnutzig	nichtsnutzen ig
requisiteurin	requisiteur in
ewigkeit	ewig keit
überschwenglichkeit	überschwenglich keit
justizsenatorin	justizsenator in
übertreibung	übertreiben ung
pitter	pitt er
basketballspieler	basketballspielen er
eigennützigkeit	eigennutz ig keit
ingenieurin	ingenieur in
weiterwanderung	weiterwandern ung
aussöhnung	aussöhnen ung
naturnotwendigkeit	naturnotwendig keit
steigung	steigen ung
chancenlos	chance los
widerspruchsführerin	widerspruchsführer in
bundesgeschäftsführerin	bundesgeschäftsführer in
befürchtung	befürchten ung
nutzer	nutzen er
treppchen	treppe chen
krefelder	krefeld er
beilegung	beilegen ung
rheintaler	rheintal er
gralshüterin	gralshüter in
genehmigungspflichtig	genehmigungspflicht ig
wortgeschichtlich	wortgeschichte lich
lernfähigkeit	lernfähig keit
kreuzigen	kreuz ig
untersagung	untersagen ung
umweltsünder	umweltsünde er
austrägerin	austragen er in
mitspielerin	mitspielen er in
antonin	anton in
nebelwerfer	nebelwerfen er
bürokratisierung	bürokrat isch ie isier ung
merkbar	merken bar
einmischung	einmischen ung
polizeioberwachtmeisterin	polizeioberwachtmeister in
stimmlos	stimme los
brasilianerin	brasil ien aner in
rückversicherer	rückversichern er
marmeladenbrötchen	marmeladenbrot chen
schulpflichtig	schulpflicht ig
starschauspielerin	starschauspieler in
weiterbewilligung	weiterbewilligen ung
umbettung	umbetten ung
teilung	teilen ung
graphikerin	graphik er in
brudermörder	brudermord er
besitzerin	besitzen er in
übernatürlich	übernatur lich
befahrbar	befahren bar
ostholsteiner	ostholstein er
formung	formen ung
beachtung	be acht ung
kragenlos	kragen los
stegbauer	stegbau er
herbeiführung	herbeiführen ung
pilsener	pilsen er
körnchen	korn chen
kulturbürgermeisterin	kulturbürgermeister in
zündhölzchen	zündholz chen
grafikdesignerin	grafikdesign er in
altenpflegehelferin	altenpflegehelfer in
armenierin	armenien er in
sonderpädagogin	sonderpädagoge in
umzäunung	umzäunen ung
schwellenlos	schwelle los
dogmatiker	dogmatik er
forstarbeiter	forstarbeit er
erfolgslos	erfolg los
unerfüllbarkeit	un erfüllen bar keit
forellenzüchter	forellenzucht er
spendung	spenden ung
sätzchen	satz chen
eintägig	eintag ig
überzeichnung	überzeichnen ung
meisterschüler	meisterschule er
gartenplaner	gartenplan er
zeugungsunfähigkeit	zeugungsunfähig keit
kostümverleiher	kostümverleih er
pharmareferentin	pharmareferent in
verkehrlich	verkehren lich
pfungstädter	pfungstadt er
klavierschülerin	klavierschule er in
investitionsfreudig	investitionsfreude ig
trostberger	trostberg er
atommülltransporter	atommülltransport er
nachwuchsregisseurin	nachwuchsregisseur in
unterbringung	unterbringen ung
beweisbar	beweisen bar
parteisprecherin	parteisprecher in
landschaftsplanerin	landschaftsplan er in
züchtigen	zucht ig
farbenfreudig	farbenfreude ig
schwergängigkeit	schwergängig keit
aufwertung	aufwerten ung
numerierung	numerieren ung
erlin	erle in
bernadin	bernad in
zigeunerin	zigeuner in
harzig	harzen ig
chefdramaturgin	chefdramaturg in
schneekönigin	schneekönig in
wendigkeit	wenden ig keit
theaterreformer	theaterreform er
eifelstädtchen	eifelstadt chen
landestrainerin	landestrainer in
pendlerin	pendeln er in
versteigern	ver steige er
waldbauer	waldbau er
finanzdezernentin	finanzdezernent in
passierbar	passieren bar
neustädterin	neustadt er in
bestechlichkeit	bestechen lich keit
verkehrsministerin	verkehrsminister in
krümmung	krümmen ung
geistigkeit	geist ig keit
jugendläufer	jugendlauf er
innerörtlich	innerort lich
dürftigkeit	dürftig keit
abwägung	abwägen ung
wohnungspolitiker	wohnungspolitik er
marktfähigkeit	marktfähig keit
schlechterstellung	schlechterstellen ung
mitherausgeberin	mitherausgeber in
rollenspieler	rollenspiel er
aussparung	aussparen ung
wehleidig	wehleid ig
flieger	fliegen er
rivalin	rivale in
belüftung	belüften ung
verwünschung	verwünschen ung
fernsehjournalistin	fernsehjournalist in
zeichenlehrer	zeichenlehre er
vorgängerin	vorgänger in
humanwissenschaftlich	humanwissenschaft lich
aufhebung	aufheben ung
ausländer	ausland er
vermessungstechniker	vermessungstechnik er
übersehbar	übersehen bar
medienreferentin	medienreferent in
wiesentaler	wiesental er
unversöhnlichkeit	unversöhnlich keit
personenschützer	personenschutz er
potsdamerin	potsdam er in
schutzherrin	schutzherr in
indonesierin	indonesien er in
unachtsamkeit	un achten sam keit
gleichgeschlechtlicher	gleichgeschlechtlich e n er
regierungstauglichkeit	regierungstauglich keit
turniersiegerin	turniersieg er in
landwirtschaftsministerin	landwirtschaftsminister in
menschenschlächter	menschenschlachten er
verwaltungstechniker	verwaltungstechnik er
naturschützerin	naturschutz er in
edelfräulein	edelfrau lein
saarländerin	saarland er in
baumpfleger	baumpflege er
bremerhavenerin	bremerhaven er in
sozialrechtlich	sozialrecht lich
schläfrigkeit	schlaf rig keit
räumchen	raum chen
strafrechtlich	strafrecht lich
schlepper	schleppen er
hinterhältigkeit	hinterhalten ig keit
rechtswirksamkeit	rechtswirksam keit
südkoreanerin	südkorea aner in
köcher	kochen er
bausenatorin	bausenator in
häuserkämpfer	häuserkampf er
bedachtsamkeit	bedacht sam keit
iller	ille er
folgerung	folgern ung
marktwirtschaftlich	marktwirt schaft lich
skater	skat er
unmittelbar	un mitteln bar
heilbrunner	heilbrunnen er
volkstänzer	volkstanzen er
weinmacher	weinmachen er
erkennbarkeit	erkennbar keit
decker	decke er
songschreiberin	songschreiben er in
umsatzsteuerpflichtig	umsatzsteuerpflicht ig
gutherzigkeit	gutherzig keit
sprachheillehrerin	sprachheillehrer in
schmollmündchen	schmollmund chen
möbeldesigner	möbeldesign er
ausstellungsleiterin	ausstellungsleiter in
millionärin	million är in
entwirrung	entwirren ung
geschlechtsgenossin	geschlechtsgenosse in
anhalterin	anhalten er in
justizbeamtin	justizbeamte in
besserstellung	besserstellen ung
innenarchitektin	innenarchitekt in
großherzogin	großherzog in
nachempfindung	nachempfinden ung
gastautorin	gastautor in
literaturdozentin	literaturdozent in
privatschüler	privatschule er
kosmetiker	kosmetik er
investitionswillig	investitionswille ig
widerspiegelung	widerspiegeln ung
junker	junk er
ehrbarkeit	ehrbar keit
unterweisung	unterweisen ung
reporterin	report er in
tennisspielerin	tennisspielen er in
ballspieler	ballspielen er
spanierin	spanien er in
eigenmächtig	eigenmacht ig
gesundheitsverträglichkeit	gesundheitsverträglich keit
spätzchen	spatz chen
leiner	leine er
rockmusikerin	rockmusik er in
ungeheuerlich	ungeheuer lich
gesellschaftswissenschaftlich	gesellschaftswissenschaft lich
privatdozentin	privatdozent in
kunstministerin	kunstminister in
steiger	steige er
pastellfarbig	pastellfarbe ig
langmütig	langmut ig
levin	lev in
pressesprecherin	pressesprecher in
wiederauffindung	wiederauffinden ung
vernetzung	ver netz ung
anbahnung	anbahnen ung
bulgarin	bulgare in
sozialethiker	sozialethik er
oberstufenschülerin	oberstufenschule er in
oberkasseler	oberkassel er
bilderstürmer	bildersturm er
steuerehrlichkeit	steuerehrlich keit
verwaltungsrechtlich	verwaltungsrecht lich
schreiberin	schreiben er in
weißenberger	weißenberg er
wandelbar	wandeln bar
krämer	kramen er
lyoner	lyon er
heilig	heil e ig
klarträumer	klartraum er
minikleidchen	minikleid chen
macker	macke er
durchschaubar	durchschauen bar
stauber	staub er
mystikerin	mystik er in
friedensnobelpreisträgerin	friedensnobelpreisträger in
gastfreundlich	gastfreund lich
verzichtbar	verzichten bar
rechtsgeschäftlich	rechtsgeschäft lich
sexualverbrecher	sexualverbrechen er
ultragiftig	ultragift ig
schulversager	schulversagen er
verräterin	verraten er in
torjägerin	torjäger in
vorwitzig	vorwitz ig
zierlich	zieren lich
ehrlichkeit	ehrlich keit
landbesitzer	landbesitz er
verunsicherung	ver unsicher ung
reitlehrerin	reitlehrer in
verirrung	ver irre ung
erstligaspieler	erstligaspiel er
spürbar	spüren bar
beruhigung	beruhigen ung
messechefin	messechef in
langlebigkeit	langlebig keit
berücksichtigung	berücksichtigen ung
väterchen	vater chen
weiterbildung	weiterbilden ung
angriffsspieler	angriffsspiel er
nutznießerin	nutznießer in
lichtdurchlässigkeit	lichtdurchlässig keit
gemeindeblättchen	gemeindeblatt chen
günstig	gunst ig
dotierung	dotieren ung
firmeninhaberin	firmeninhaber in
tropenmediziner	tropenmedizin er
gesundheitsstaatssekretärin	gesundheitsstaatssekretär in
auslagerung	auslagern ung
kringelig	kringel ig
tilgung	tilgen ung
unbeirrbarkeit	unbeirrbar keit
klein	klee in
einklagbar	einklagen bar
herrscherin	herrschen er in
appetitlich	appetit lich
landarbeiter	landarbeit er
auskunftspflichtig	auskunftspflicht ig
auflockerung	auflockern ung
achtundsechziger	achtundsechzig er
blocker	block er
hornlos	horn los
stapelbar	stapeln bar
hornberger	hornberg er
lustlos	lust los
regierungssprecherin	regierungssprecher in
reimlos	reim los
langzeitstudentin	langzeitstudent in
erzeuger	erzeugen er
mitarbeitervertreterin	mitarbeitervertreter in
lindenbäumchen	lindenbaum chen
anziehung	anziehen ung
senatskollegin	senatskollege in
einkaufskörbchen	einkaufskorb chen
talmudschüler	talmudschule er
roulettespieler	roulettespiel er
dornburger	dornburg er
verschwender	ver schwende er
grenzpolizeilich	grenzpolizei lich
boutiquebesitzerin	boutiquebesitzer in
verpackung	verpacken ung
leitung	leiten ung
textildesigner	textildesign er
sperrung	sperren ung
arin	ar in
zutraulich	zutrauen lich
belehrbar	belehren bar
widerspenstigkeit	widerspenstig keit
tributpflichtig	tributpflicht ig
unschlüssigkeit	un schlüssig keit
traber	traben er
tatverdächtig	tatverdacht ig
verdickung	ver dick e ung
nuancierung	nuance ier ung
sozialneider	sozialneid er
pferdchen	pferd chen
weltpolizeilich	weltpolizei lich
vergünstigung	ver gunst ig ung
polospieler	polospiel er
spätherbstlich	spätherbste lich
geruhsamkeit	geruhen sam keit
winzigkeit	winzig keit
vielfältig	vielfalt ig
verräter	verraten er
unwahrscheinlichkeit	unwahrscheinlich keit
überraschungslos	über rasch ung los
wärmetauscher	wärmetausch er
bundesstatistiker	bundesstatistik er
empfindung	empfinden ung
bekehrung	bekehren ung
unnahbarkeit	unnahbar keit
feuerwerker	feuerwerk er
galeriebesitzerin	galeriebesitzer in
verkündung	verkünden ung
regelung	regeln ung
räuberin	rauben er in
verstrickung	ver strick ung
ethiker	ethik er
hochmittelalterlich	hochmittelalter lich
vergütung	vergüten ung
quarter	quarte er
schillern	schill er
transplantationsmediziner	transplantationsmedizin er
klingenberger	klingenberg er
opernsängerin	opernsänger in
koalitionspolitiker	koalitionspolitik er
blumenberger	blumenberg er
hanifin	hanife in
jugendsprecherin	jugendsprecher in
tunesier	tunesien er
wahrnehmbar	wahrnehmen bar
celestin	celeste in
rekordgewinner	rekordgewinn er
völkerrechtlerin	völkerrecht ler in
spötter	spotten er
spangenberger	spangenberg er
ungünstig	ungunst ig
elin	ele in
wertschätzung	wertschätzen ung
andienung	andienen ung
festrednerin	festredner in
vergällung	vergällen ung
liquidierung	liquide ier ung
reproduktionsfähigkeit	reproduktionsfähig keit
unzuständigkeit	unzuständig keit
kriegswirtschaftlich	kriegswirtschaft lich
melker	melken er
radlos	rad los
ausbilder	ausbilden er
transporter	transport er
zuerkennung	zuerkennen ung
lebensgefährlich	lebensgefahr lich
gefühllos	ge fühlen los
nervig	nerven ig
eberstädter	eberstadt er
gefängniswärterin	gefängniswärter in
neubrandenburger	neubrandenburg er
stadtstreicherin	stadtstreicher in
verkehrszähler	verkehrszahl er
firmensprecherin	firmensprecher in
geschichtlich	geschichte lich
holzhacker	holzhacken er
friedrichstädter	friedrichstadt er
einbildung	ein bild ung
verkehrsplanerin	verkehrsplan er in
tunesierin	tunesien er in
wiedererlangung	wiedererlangen ung
pier	pia er
weiterführung	weiterführen ung
inhaberin	inhaber in
beiordnung	beiordnen ung
nachforschung	nach forsch ung
lastenträger	lastentragen er
seniorenbetreuerin	seniorenbetreuer in
subjektlos	subjekt los
konsumfreudigkeit	konsumfreude ig keit
einübung	einüben ung
unschicklich	un schick e lich
behebung	beheben ung
herrenberger	herrenberg er
neutralisierung	neutrale isier ung
blumenzüchter	blumenzucht er
wiederaufrichtung	wiederaufrichten ung
grafiker	grafik er
zeitanteilig	zeitanteil ig
bietigheimer	bietigheim er
valer	val er
doktorandin	doktorand in
verdrehung	verdrehen ung
häuslichkeit	häuslich keit
leidensgefährtin	leidensgefährte in
fälschlich	falsch lich
entwicklungspsychologin	entwicklungspsychologe in
hüttenstädter	hüttenstadt er
unüberbietbar	un überbieten bar
überfütterung	überfüttern ung
vermummung	ver mumm ung
berghöfer	berghof er
choreographin	choreograph in
unterpächterin	unterpächter in
unappetitlich	un appetit lich
verwaltungschefin	verwaltungschef in
tobsüchtig	tobsucht ig
unfruchtbarkeit	un fruchten bar keit
marcellin	marcelle in
produktmanagerin	produktmanager in
mitleidlos	mitleiden los
widerstandskämpfer	widerstandskampf er
artikulationsfähigkeit	artikulationsfähig keit
gardistin	gard ist in
realschülerin	realschule er in
säuferin	saufen er in
chefbuchhalterin	chefbuchhalter in
stilberaterin	stilberater in
zeugin	zeuge in
bautzener	bautzen er
landespolizeilich	landespolizei lich
senatsplaner	senatsplan er
kunstsinnig	kunstsinn ig
japaner	japan er
verwalter	verwalten er
auskunftsfähigkeit	auskunftsfähig keit
entwicklungshelferin	entwicklungshelfer in
wertminderung	wertmindern ung
beweispflichtig	beweispflicht ig
vielgestaltig	vielgestalt ig
baltin	balte in
fachverkäuferin	fachverkäufer in
medienforscherin	medienforscher in
überführung	überführen ung
autokäufer	autokauf er
verflüchtigung	ver flüchten ig ung
verjüngung	verjüngen ung
kleinbäuerlich	kleinbau er lich
miniaturisierung	miniatur isier ung
gewinnträchtigkeit	gewinnträchtig keit
eichhörnchen	eichhorn chen
gleichmacher	gleichmachen er
eingruppierung	eingruppieren ung
schnitter	schnitte er
anpassungswillig	anpassungswille ig
naturwissenschaftlich	naturwissenschaft lich
lehrstuhlinhaberin	lehrstuhlinhaber in
schrecklich	schreck lich
meersburger	meersburg er
gelockert	ge locke er
staatsverbrecher	staatsverbrechen er
illuminierung	illuminieren ung
stadionbesucher	stadionbesuch er
fremdsprachlich	fremdsprache lich
stürmerin	stürmen er in
demokratiefeindlichkeit	demokratiefeind lich keit
selbstlos	selbst los
provinzpolitiker	provinzpolitik er
nürnbergerin	nürnberg er in
kartellamtlich	kartellamt lich
erotisierung	erotisch isier ung
winkelig	winkel ig
untergliederung	untergliedern ung
kampfkräftig	kampfkraft ig
fließbandarbeiterin	fließbandarbeit er in
wachschützer	wachschutz er
eigenwilligkeit	eigenwille ig keit
warentester	warentest er
kleinstädtchen	kleinstadt chen
sicherheitswächter	sicherheitswacht er
fahrdienstleiterin	fahrdienstleiter in
sprachforscherin	sprachforscher in
unanständigkeit	un anständig keit
bezirksmeisterin	bezirksmeister in
treuhandpräsidentin	treuhandpräsident in
vierteilig	vierteil ig
behinderung	behindern ung
überprüfer	überprüfen er
schnüfflerin	schnüffeln er in
bissig	bissen ig
geistlich	geist lich
abschleppunternehmer	abschleppunternehmen er
nordhessin	nordhesse in
hüttenberger	hüttenberg er
schriftstellerkollegin	schriftstellerkollege in
vertriebsleiterin	vertriebsleiter in
bundessprecherin	bundessprecher in
friedensverträglich	friedensvertrag lich
trotzköpfig	trotzkopf ig
nachberuflich	nach beruf lich
algerier	algerien er
zivilrechtlich	zivilrecht lich
untröstlich	un trost lich
syrerin	syr er in
konstatierung	konstatieren ung
vertreiber	vertreiben er
oldenburger	oldenburg er
begünstigen	be gunst ig
kunstgewerblich	kunstgewerbe lich
behandlungsbedürftigkeit	behandlungsbedürftig keit
steckbar	stecken bar
ballettlehrerin	ballettlehrer in
biobrötchen	biobrot chen
erringung	erringen ung
verfassungsschützer	verfassungsschutz er
gewinnung	gewinnen ung
vorbildlichkeit	vorbilden lich keit
ecker	eck er
umbildung	umbilden ung
entschuldbar	entschulden bar
beanstandung	be anstand ung
großherzoglich	großherzog lich
protektorin	protektor in
armenier	armenien er
nahostexpertin	nahostexperte in
lagerleiterin	lagerleiter in
mütterlich	mutter lich
demütigen	demut ig
kuwaiterin	kuwait er in
unvernünftig	unvernunft ig
sozialdemokratin	sozialdemokrat in
lackierer	lack ier er
versicherungsrechtlich	versicherungsrecht lich
plauderer	plaudern er
lebenslänglicher	lebenslang e lich e n er
menschenartig	menschenart ig
fernsehredakteurin	fernsehredakteur in
lehrgangsleiterin	lehrgangsleiter in
verkünder	verkünden er
starautorin	starautor in
salzburgerin	salzburg er in
beschäftigungswirksamkeit	beschäftigungswirksam keit
abtretung	abtreten ung
einig	eine ig
berufsrechtlich	berufsrecht lich
schwindler	schwindeln er
gipfelstürmer	gipfelsturm er
graphikdesigner	graphikdesign er
wohltätig	wohltat ig
heftchen	heft chen
schiffbar	schiffen bar
neustädter	neustadt er
entwaffnung	entwaffnen ung
volksschauspieler	volksschauspiel er
vergewaltigung	ver gewaltige ung
raffung	raffen ung
babysitter	babysitte er
landeigentümer	landeigentum er
rüstungswirtschaftlich	rüstungswirtschaft lich
einstweilig	einstweilen ig
venezianerin	venezianer in
ausschweifung	aus schweif ung
eisenbahner	eisenbahn er
klinkenputzer	klinkenputzen er
hamelner	hameln er
rezeptionsgeschichtlich	rezeptionsgeschichte lich
gefangenentransporter	gefangenentransport er
todesbotin	todesbote in
belastbarkeit	belastbar keit
blutung	bluten ung
unterwanderung	unterwandern ung
verdaulich	verdauen lich
nachkontrollierbar	nachkontrolle ier bar
mecklenburgerin	mecklenburg er in
zahntechnikerin	zahntechnik er in
rechtsnachfolgerin	rechtsnachfolge er in
doktorin	doktor in
hofnachfolger	hofnachfolge er
sowjetbotschafter	sowjetbotschaft er
dahergelaufener	dahergelaufene er
blattmacher	blattmachen er
zulässig	zulassen ig
benutzbar	benutzen bar
kreisläufer	kreislauf er
wonnig	wonne ig
lobsänger	lobsang er
schwülstig	schwulst ig
verstopfung	verstopfen ung
wohlig	wohl ig
oehler	oehl er
fachärztlich	facharzt lich
klavierbegleiterin	klavierbegleiter in
mittelfeldspielerin	mittelfeldspiel er in
absenderin	absenden er in
landesjustizministerin	landesjustizminister in
librettistin	librettist in
urplötzlich	ur plötze lich
billardspieler	billardspielen er
beisitzerin	beisitzen er in
vergreisung	ver greis e ung
finanzbuchhalterin	finanzbuchhalter in
liberalisierung	liberal isier ung
schulmusiker	schulmusik er
medikamentenabhängigkeit	medikamentenabhängig keit
gemeinwirtschaftlich	gemeinwirtschaft lich
deggendorfer	deggendorf er
soziologiestudentin	soziologiestudent in
beistellung	beistellen ung
außenamtssprecherin	außenamtssprecher in
lustfeindlichkeit	lustfeindlich keit
verdeckung	ver deck ung
rehberger	rehberg er
sackpfeifer	sackpfeife er
spitzig	spitzen ig
synchronisierung	synchrone isch isier ung
panikmacher	panikmache er
plochinger	plochingen er
angehörig	angehören ig
nachrichtenredakteurin	nachrichtenredakteur in
zigarettenverkäufer	zigarettenverkauf er
arrondierung	arrondieren ung
obdachloser	obdachlose n er
voraussichtlich	voraussicht lich
verteidiger	verteidigen er
großwallstädter	großwallstadt er
töpferin	topf er in
wiederauferstehung	wiederauferstehen ung
ausrichtung	ausrichten ung
steigerungsfähigkeit	steigerungsfähig keit
fahrig	fahr ig
beitragsrechtlich	beitragsrecht lich
schmiegsamkeit	schmiegen sam keit
anmutung	anmuten ung
plattenkäufer	plattenkauf er
araber	arab er
bewohnbar	bewohnen bar
giftmörder	giftmord er
realisierbarkeit	real isier bar keit
privatbanker	privatbank er
opernliebhaberin	opernliebhaber in
mitstreiterin	mitstreiten in
verkapselung	ver kapsel ung
unmenschlich	unmensch lich
südwürttemberger	südwürttemberg er
abrechnung	abrechnen ung
speisung	speisen ung
bayerin	bayer in
verstümmelung	verstümmeln ung
rauchig	rauchen ig
reifenberger	reifenberg er
arbeitsamtsdirektorin	arbeitsamtsdirektor in
ungemütlichkeit	un gemüt lich keit
studentenpfarrerin	studentenpfarrer in
müllerin	mull er in
händlerin	händler in
schweigsamkeit	schweigen sam keit
pflanzenzüchter	pflanzenzucht er
sektenchefin	sektenchef in
schlangenbader	schlangenbad er
regeltechniker	regeltechnik er
literaturwissenschaftlerin	literaturwissenschaft ler in
musikwissenschaftlerin	musikwissenschaft ler in
ausprägung	ausprägen ung
stadtwerker	stadtwerk er
spitzenspielerin	spitzenspiel er in
stiftung	stiften ung
zwangslager	zwangslage er
rücksichtslos	rücksicht los
mitleidig	mitleiden ig
verunreinigung	verunreinigen ung
überbetonung	überbetonen ung
ausbreitung	ausbreiten ung
reformfeindlichkeit	reformfeind lich keit
standespolitiker	standespolitik er
sympathisantin	sympathisant in
schaulustig	schaulust ig
dezentralisierung	dezentral isier ung
donaustädter	donaustadt er
literaturagentin	literaturagent in
schwerlaster	schwerlast er
arbeitskollegin	arbeitskollege in
partnerschüler	partnerschule er
aussichtlos	aussicht los
gemeindeassistentin	gemeindeassistent in
unterbrechung	unterbrechen ung
sanierungspflichtig	sanierungspflicht ig
beweiskräftig	beweiskraft ig
rotschwänzchen	rotschwanz chen
einzäunung	einzäunen ung
neuensteiner	neuenstein er
frohsinnig	frohsinn ig
jenaerin	jena er in
einbeziehung	einbeziehen ung
fünfprozentig	fünfprozent ig
auskunftsfreudig	auskunftsfreude ig
studiendirektorin	studiendirektor in
taiwanesin	taiwan ese in
peinlichkeit	peinlich keit
teilhaberin	teilhaben in
verweltlichen	ver welt lich
menschenrechtswidrigkeit	menschenrechtswidrig keit
träumer	träumen er
tränlein	träne lein
heimkehrerin	heimkehren er in
messestädter	messestadt er
einträchtigkeit	eintracht ig keit
tagträumer	tagtraum er
einschärfung	einschärfen ung
rüstungsabhängigkeit	rüstungsabhängig keit
abbuchung	abbuchen ung
auszahlung	auszahlen ung
fahrkartenverkäuferin	fahrkartenverkauf er in
veredelung	ver edel ung
regierungspräsidentin	regierungspräsident in
begleichung	begleichen ung
erforschbar	er forsch bar
hildesheimer	hildesheim er
ordnungswidrigkeit	ordnungswidrig keit
stockung	stocken ung
elektrotechnikerin	elektrotechnik er in
niederösterreicher	niederösterreich er
überdimensionierung	überdimensionieren ung
sambier	sambia er
nationalspielerin	nationalspiel er in
reformpolitiker	reformpolitik er
weltgesellschaftlich	weltgesellschaft lich
dessauer	dessau er
unkörperlich	un körper lich
helmer	helm er
neustifter	neustift er
nichtwählerin	nichtwählen er in
zeller	zell er
berchtesgadener	berchtesgaden er
spätromantiker	spätromantik er
hauptinitiatorin	hauptinitiator in
verkantung	verkanten ung
langläufer	langlaufen er
jugendamtsleiterin	jugendamtsleiter in
stufig	stufe ig
steinhauser	steinhausen er
bibliotheksbesucher	bibliotheksbesuch er
tonig	ton ig
überstilisierung	überstilisieren ung
bürgin	bürge in
aufwallung	aufwallen ung
augenscheinlich	augenschein lich
basisaktivistin	basisaktivist in
orientierungslos	orient ier ung los
segler	segeln er
bildlich	bild lich
austauschbarkeit	austauschen bar keit
fütterung	füttern ung
tamilin	tamile in
bräuer	brauen er
gewinnerin	gewinnen er in
kinderfreundlichkeit	kinderfreund lich keit
hirtin	hirt in
dachkämmerchen	dachkammer chen
jugendpfleger	jugendpflege er
hauswirtschaftlich	hauswirt schaft lich
einhaltung	einhalten ung
klatschreporterin	klatschreporter in
untermieter	untermiete er
brückenbauer	brückenbauen er
generalüberholung	generalüberholen ung
ausquartierung	ausquartieren ung
krankenhaussprecherin	krankenhaussprecher in
gesangssolistin	gesangssolist in
bescherung	bescheren ung
wissenschaftsgeschichtlich	wissenschaftsgeschichte lich
verunglimpfung	verunglimpfen ung
unauflöslichkeit	unauflöslich keit
färberin	farbe er in
packung	packen ung
abschnittsleiterin	abschnittsleiter in
anfeuerung	anfeuern ung
entblößer	ent bloß e er
mitternächtlich	mitternacht lich
schrullig	schrulle ig
missionarin	missionar in
bomber	bomben er
kaltblütig	kaltblut ig
mutwillig	mutwille ig
rodgauer	rodgau er
schleifer	schleifen er
erlanger	erlangen er
planer	planen er
adelberger	adelberg er
zubilligung	zubilligen ung
goldmedaillengewinner	goldmedaillengewinn er
abendländer	abendland er
schwerstverbrecher	schwerstverbrechen er
halbjährig	halbjahr ig
antwortlos	antwort los
wohnungswirtschaftlich	wohnungswirtschaft lich
verständlich	verstand lich
schuftig	schuft ig
gemeindearbeiter	gemeindearbeit er
lissaboner	lissabon er
bergstädtchen	bergstadt chen
breitensportlich	breitensport lich
amtsvorsteherin	amtsvorsteher in
waschung	waschen ung
optimistin	optimist in
stoppelbärtig	stoppelbart ig
sichtbarkeit	sichten bar keit
schotter	schotten er
streiter	streiten er
delegierung	delegieren ung
wettbewerblich	wettbewerb lich
biologiestudentin	biologiestudent in
heilbar	heilen bar
diebespärchen	diebespaar chen
ätzung	ätzen ung
unübersehbar	un übersehen bar
betriebsleiterin	betriebsleiter in
deichbauer	deichbau er
anstandlos	anstand los
bühnenbildnerin	bühnenbildner in
planegger	planegg er
zornig	zorn ig
anforderung	anfordern ung
schlesier	schlesien er
beamtenrechtlich	beamtenrecht lich
hockeyspielerin	hockeyspielen er in
kostümierung	kostüm ier ung
einklagbarkeit	einklagen bar keit
bremser	bremsen e er
panzerfahrer	panzerfahren er
deckmäntelchen	deckmantel chen
diskussionswürdigkeit	diskussionswürdig keit
expremierministerin	expremierminister in
oderberger	oderberg er
grenzgänger	grenzgang er
drogenberaterin	drogenberater in
regieassistentin	regieassistent in
lokalbesucher	lokalbesuch er
kirgisin	kirgise in
wiedererkennung	wiedererkennen ung
großspender	großspende er
gedichtbändchen	gedichtband chen
ehrenpräsidentin	ehrenpräsident in
unkindlich	un kind lich
walldorfer	walldorf er
überbietung	überbieten ung
alltagsweltlich	alltagswelt lich
versinnbildlichen	ver sinnbild lich
eistänzer	eistanzen er
verzichtspolitiker	verzichtspolitik er
modulationsfähigkeit	modulationsfähig keit
ständestaatlich	ständestaat lich
schnarcher	schnarchen er
stellerin	stellen er in
eigenbetrieblich	eigenbetrieb lich
antipolitiker	antipolitik er
umfangreicher	umfangreiche er
aktienrechtlich	aktienrecht lich
naturschutzrechtlich	naturschutzrecht lich
saitenwürstchen	saitenwurst chen
vertiefung	vertiefen ung
ausfertigung	ausfertigen ung
oberbürgermeisterkandidatin	oberbürgermeisterkandidat in
serienheldin	serienheld in
abriegelung	abriegeln ung
kinobetreiberin	kinobetreiber in
teemeisterin	teemeister in
innenpolitiker	innenpolitik er
unpäßlichkeit	unpäßlich keit
ausdrücklich	ausdrücken lich
gemahlin	gemahl in
wirksamkeit	wirksam keit
privatpatientin	privatpatient in
hain	hae in
josefstädter	josefstadt er
weintrinker	weintrinken er
kuwaiter	kuwait er
aserbaidschaner	aserbaidschan er
umweltverträglicher	umweltverträglich e er
oberpfälzer	oberpfalz er
ravensburgerin	ravensburg er in
realpolitiker	realpolitik er
handelsrechtlich	handelsrecht lich
unermeßlichkeit	unermeßlich keit
vernunftlos	vernunft los
schaumig	schaum ig
abgänger	abgang er
uller	ulle er
erfolgstrainerin	erfolgstrainer in
tischtennisspielerin	tischtennisspielen er in
verlobung	verloben ung
kettung	ketten ung
pfandleiherin	pfandleihe er in
boulevardblättchen	boulevardblatt chen
kodierung	kode ier ung
folterer	foltern er
königsmörder	königsmord er
fixierbar	fix ier bar
anhängerin	anhängen er in
aussteuerung	aussteuern ung
besoldung	besolden ung
schicksalsgenossin	schicksalsgenosse in
bombenbauer	bombenbauen er
inhaltlich	inhalt lich
lateinamerikanerin	lateinamerika aner in
schönhöfer	schönhof er
nivellierung	nivellieren ung
tierärztlich	tierarzt lich
schlager	schlagen er
fachschüler	fachschule er
gegenwärtigkeit	gegenwart ig keit
braunschweigerin	braunschweig er in
unsportlich	un sport lich
schwunglos	schwung los
erleichterung	erleichtern ung
spaziergängerin	spaziergang er in
entlastungszeugin	entlastungszeuge in
teamarbeiter	teamarbeit er
amtschefin	amtschef in
riecher	riechen er
hochstilisierung	hochstilisieren ung
küstenstädtchen	küstenstadt chen
gegentreffer	gegentreffen er
genehmigung	genehmigen ung
hetzer	hetze er
sachpolitiker	sachpolitik er
außenwirtschaftsrechtlich	außenwirtschaftsrecht lich
trennung	trennen ung
märchenerzähler	märchenerzählen er
reihenhäuschen	reihenhaus chen
ekstatiker	ekstatik er
mobilisierungsfähigkeit	mobilisierungsfähig keit
reifung	reifen ung
showmasterin	showmaster in
niedlichkeit	niedlich keit
montrealer	montreal er
bandkeramiker	bandkeramik er
ausnüchterung	ausnüchtern ung
korbflechterin	korbflechten er in
geschichtswissenschaftlich	geschichtswissen schaft lich
treffer	treff er
antragstellerin	antragstelle er in
spezialgesetzlich	spezialgesetz lich
überzeugungskräftig	überzeugungskraft ig
löslichkeit	löslich keit
zuckerrohrschneider	zuckerrohrschneiden er
nachdenklichkeit	nachdenken lich keit
fleckig	flecken ig
gewissenlos	gewissen los
auferstehung	auferstehen ung
büroleiterin	büroleiter in
hilfsschüler	hilfsschule er
erinnerungslos	erinnern ung los
lebensnotwendigkeit	lebensnotwendig keit
kugelfischer	kugelfisch er
daumenlutscher	daumenlutschen er
bescheinigung	bescheinigen ung
süffig	suff ig
mitinhaberin	mitinhaber in
uraufführung	uraufführen ung
risikopatientin	risikopatient in
eler	elen er
waggonbauer	waggonbau er
willkürlich	willkür lich
mittäglich	mittag lich
schaumburger	schaumburg er
vertragspartnerin	vertragspartner in
interviewpartnerin	interviewpartner in
reichhaltigkeit	reichhaltig keit
freiberger	freiberg er
rülpser	rülpsen er
installationskünstlerin	installationskunst ler in
entvölkerung	entvölkern ung
regionalgeschichtlich	regionalgeschichte lich
militärtechniker	militärtechnik er
übertretung	übertreten ung
ungefällig	un gefälle ig
entsendung	entsenden ung
pressebetreuerin	pressebetreuer in
verlängerung	ver lange n ung
innovationsfreudigkeit	innovationsfreude ig keit
nachzahlung	nachzahlen ung
unausführbar	un ausführen bar
hongkonger	hongkong er
restaurantkritiker	restaurantkritik er
leverkusener	leverkusen er
philosophieprofessorin	philosophieprofessor in
parteipräsidentin	parteipräsident in
vollsortimenter	vollsortiment er
politikerin	politik er in
geologin	geologe in
fleischig	fleisch ig
großmeisterlich	großmeister lich
gießener	gießen er
regsamkeit	regen sam keit
motorenbauer	motorenbau er
herrlich	herr lich
rathauschefin	rathauschef in
sternsinger	sternsingen er
pragmatikerin	pragmatik er in
erziehungsschwierigkeit	erziehungsschwierig keit
parteilichkeit	partei lich keit
finder	finden er
atemlos	atem los
anleitung	anleiten ung
industriemechanikerin	industriemechaniker in
baumschützer	baumschutz er
kommunikationsfähigkeit	kommunikationsfähig keit
säuger	säugen er
entschuldigung	entschuldigen ung
kaffeepflücker	kaffeepflücken er
designerin	design er in
ozeanier	ozeanien er
hauptaktionärin	hauptaktionär in
frauenfeindlichkeit	frauenfeind lich keit
türkeiurlauber	türkeiurlaub er
wolfsteiner	wolfstein er
stockholmer	stockholm er
zeitfahrer	zeitfahren er
bebilderung	bebildern ung
bedeutung	bedeuten ung
kostspieligkeit	kostspielig keit
erforderlichkeit	erforderlich keit
langsamkeit	langsam keit
ministeriumssprecherin	ministeriumssprecher in
geburtsmediziner	geburtsmedizin er
burgherrin	burgherr in
dankbarkeit	danken bar keit
demilitarisierung	demilitarisieren ung
touristenführerin	touristenführer in
halbkugelig	halbkugel ig
verschiebbar	verschieben bar
ausnahmespielerin	ausnahmespieler in
feuilletonistin	feuilleton ist in
weihnachtlich	weihnachten lich
unterzeichnerin	unterzeichnen er in
romanistin	roma anisch ist in
traktätchen	traktat chen
wilhelmshavener	wilhelmshaven er
einzementierung	einzementieren ung
niederländerin	niederlande er in
fahnenschwinger	fahnenschwingen er
augustin	auguste in
heppenheimer	heppenheim er
brechung	brechen ung
steuerexpertin	steuerexperte in
gutwilligkeit	gutwillig keit
überhöhung	überhöhen ung
stürmer	stürmen er
regimekritiker	regimekritik er
bedrängung	bedrängen ung
haussklavin	haussklave in
zeitungsausträgerin	zeitungsaustragen er in
universitätspräsidentin	universitätspräsident in
überschuldung	überschulden ung
dränger	drang er
reaktivierung	reaktion iv ier ung
bildmächtig	bildmacht ig
kleingeistigkeit	kleingeist ig keit
menschenfeindlichkeit	menschenfeind lich keit
körperpfleger	körperpflege er
verrichtung	verrichten ung
ablagerung	ablagern ung
sortierer	sortieren er
eiskunstläuferin	eiskunstlaufen er in
gesteigert	ge steige er
kassenprüferin	kassenprüfer in
sternchen	stern chen
ausfüllung	ausfüllen ung
radioreporterin	radioreporter in
technikerin	technik er in
liverpooler	liverpool er
gießer	gießen er
übersteigerung	übersteigern ung
landesdirektorin	landesdirektor in
altenpfleger	altenpflege er
zuwendung	zuwenden ung
täterin	tat er in
homburger	homburg er
steuersünder	steuersünde er
durchschnittlich	durchschnitt lich
auffrischung	auffrischen ung
verbildlichung	ver bild lich ung
prognostiker	prognostik er
marathonläuferin	marathonlaufen er in
holzfäller	holzfällen er
goldsucher	goldsuche er
bauernhäuschen	bauernhaus chen
arbeitsrechtlich	arbeitsrecht lich
mongolin	mongole in
königsbauer	königsbau er
bekehrer	bekehren er
zigarrenraucher	zigarrenrauchen er
profillos	profil los
kulturreferentin	kulturreferent in
übervorteilung	übervorteilen ung
böblinger	böblingen er
hörerin	hören er in
frauenfreundlich	frauenfreund lich
tanzmusiker	tanzmusik er
zahnärztlich	zahnarzt lich
stadtführerin	stadtführer in
neuburger	neuburg er
brennbar	brennen bar
glashäuschen	glashaus chen
wirtschaftsfreundlichkeit	wirtschaftsfreund lich keit
stromsparer	stromsparen er
mordverdächtig	mordverdacht ig
ersatzspielerin	ersatzspieler in
klößchen	kloß chen
zuckerrübenanbauer	zuckerrübenanbau er
ingenieurwissenschaftlich	ingenieurwissenschaft lich
kochbuchautorin	kochbuchautor in
hochspannung	hochspannen ung
hausbesitzer	hausbesitz er
verleiher	verleihen er
büchermacher	büchermachen er
kreisförmig	kreisform ig
pianistin	pianist in
zollrechtlich	zollrecht lich
drücker	drucken er
schmalenberger	schmalenberg er
frühaufsteher	frühaufstehen er
biberacher	biberach er
postmeisterin	postmeister in
anbringung	anbringen ung
wirkungsvoller	wirkungsvolle er
regierungsamtlich	regierungsamt lich
unscheinbar	un scheinen bar
uneinlösbar	un einlösen bar
befehlsempfängerin	befehlsempfang er in
küstenschützer	küstenschutz er
zündler	zündeln er
sprachwissenschaftlerin	sprachwissenschaft ler in
ausgestaltung	ausgestalten ung
gegengutachter	gegengutachten er
kreisgeschäftsführerin	kreisgeschäftsführer in
bedienung	bedienen ung
mischung	mischen ung
aufmerksamkeit	aufmerksam keit
hinfälligkeit	hinfallen ig keit
auswahlspielerin	auswahlspiel er in
schulärztlich	schularzt lich
knacker	knacken er
nachbarschaftshelferin	nachbarschaftshelfer in
gewalttätigkeit	gewalttat ig keit
sühnung	sühnen ung
hauptkonkurrentin	hauptkonkurrent in
kirchenpfleger	kirchenpflege er
ausschreibung	ausschreiben ung
sendlinger	sendling er
ankläger	anklagen er
vietnamesin	vietnam ese in
ostkirchlich	ostkirche lich
ressortleiterin	ressortleiter in
imprägnierung	imprägnieren ung
bürgersöhnchen	bürgersohn chen
vizeweltmeisterin	vizeweltmeister in
formulierung	formulieren ung
ulkig	ulken ig
literaturwissenschaftlich	literaturwissenschaft lich
blitzkrieger	blitzkrieg er
landarbeiterin	landarbeit er in
punktsieger	punktsieg er
handballerin	handballen er in
versündigung	ver sünde ig e ung
raumplaner	raumplan er
nachbereitung	nachbereiten ung
marktleiterin	marktleiter in
unredlich	un reden lich
gleichmäßigkeit	gleichmaß ig keit
säkularisierung	säkulare isier ung
fortpflanzungsmediziner	fortpflanzungsmedizin er
wahnsinniger	wahnsinnige n er
sendung	senden ung
begnadigung	begnadigen ung
zugrundelegung	zugrundelegen ung
mehrheitsfähigkeit	mehrheitsfähig keit
stadtgestalter	stadtgestalt er
unsittlichkeit	unsitte lich keit
schrecklichkeit	schreck lich keit
buchung	buchen ung
studienkollegin	studienkollege in
unsittlich	unsitte lich
bundesjustizministerin	bundesjustizminister in
praktikerin	praktik er in
naturschützer	naturschutz er
frühjährlich	frühjahr lich
einteilung	einteilen ung
schlagfertigkeit	schlagfertig keit
schwimmerin	schwimmen er in
entwirrbar	entwirren bar
beförderung	befördern ung
wiedereroberung	wiedererobern ung
versicherungsnehmerin	versicherungsnehmer in
bootfahrer	bootfahren er
widerrufbar	widerrufen bar
gefängnisinsassin	gefängnisinsasse in
darmstädterin	darmstadt er in
viertplazierter	viertplazierte n er
berufung	berufen ung
fachleiterin	fachleiter in
körbchen	korb chen
privatsekretärin	privatsekretär in
trampolinturner	trampolinturnen er
schilderung	schild er ung
neubürger	neuburg er
florstädter	florstadt er
erfahrung	erfahren ung
samin	same in
knackig	knacken ig
gewalttätig	gewalttat ig
bauchig	bauch ig
privatspender	privatspende er
einleiter	einleiten er
chiffrierung	chiffre ier ung
widerstandslos	widerstand los
jugendvertreterin	jugendvertreter in
anprangerung	anprangern ung
enthüllung	enthüllen ung
schneiderin	schneiden er in
lokomotivbauer	lokomotivbau er
volksläufer	volkslauf er
randecker	randeck er
privatgärtner	privatgarten er
verfassungsmäßigkeit	verfassen ung mäßig keit
verhaltensauffälligkeit	verhaltensauffällig keit
flugfähigkeit	flugfähig keit
isolierung	isolieren ung
bewegung	bewegen ung
geschichtslehrerin	geschichtslehrer in
elternsprecherin	elternsprecher in
holzbänkchen	holzbank chen
liederbüchlein	liederbuch lein
bestrebung	bestreben ung
zweifellos	zweifel los
festlegung	festlegen ung
politiker	politik er
stundenmäßig	stundenmaß ig
konzeptlos	konzept los
gelehrsamkeit	gelehrsam keit
überlinger	überlingen er
unterbrecher	unterbrechen er
pausenlos	pause los
offensivfähigkeit	offensivfähig keit
nationalheldin	nationalheld in
befestigung	befestigen ung
geschwätzigkeit	schwatz sfx ig keit
selbstverwirklichung	selbstverwirklichen ung
lindner	linden er
patin	pate in
gewährung	gewähren ung
ausreisepflichtig	ausreisepflicht ig
verurteilung	ver urteil ung
übeltäterin	übeltat er in
heidin	heide in
entfremdung	entfremden ung
endgültigkeit	endgültig keit
entwertung	entwerten ung
heimatdichterin	heimatdichter in
besuchbar	besuchen bar
kaperung	kapern ung
konditionierung	kondition ier ung
schwerbeschädigung	schwerbeschädigen ung
agitatorin	agitator in
behördenleiterin	behördenleiter in
schlößchen	schloß chen
täfelchen	tafel chen
abenteuerurlauber	abenteuerurlaub er
seeburger	seeburg er
finanzreferentin	finanzreferent in
muffig	muff ig
antreiber	antreiben er
dauerhafter	dauerhaften er
anrufung	anrufen ung
donnerstäglich	donnerstag lich
unendlich	un ende lich
schußwaffenbesitzer	schußwaffenbesitz er
blankenburger	blankenburg er
computerunternehmer	computerunternehmen er
verzögerung	verzögern ung
simin	sime in
aushilfskellnerin	aushilfskellner in
rächer	rächen er
oberschlesier	oberschlesien er
bildgewaltig	bildgewalt ig
deklarierung	deklarieren ung
schäflein	schaf lein
germanin	german in
agrartechniker	agrartechnik er
vertauschung	vertauschen ung
unterdrücker	unterdrücken er
anspielbar	anspielen bar
instandhaltung	instandhalten ung
blumenhändlerin	blumenhändler in
ruderer	rudern er
tanzschüler	tanzschule er
arbeitssüchtig	arbeitssucht ig
sozialhilfebedürftigkeit	sozialhilfebedürftig keit
einzelkläger	einzelklage er
häufigkeit	häufen ig keit
fröhlichkeit	fröhlich keit
waldbesitzer	waldbesitz er
harmonisierung	harmonisch isier ung
literaturkritiker	literaturkritik er
oberösterreicher	oberösterreich er
krankmacher	krankmachen er
verfassungsfeindlich	verfassungsfeind lich
unmenschlichkeit	unmensch lich keit
hauseigentümerin	hauseigentum er in
bordellbesitzerin	bordellbesitzer in
schornsteinfegerin	schornsteinfegen er in
medizinerin	medizin er in
grabungstechniker	grabungstechnik er
lizenzgeberin	lizenzgeber in
celler	celle er
fleischlos	fleisch los
zusammenballung	zusammenballen ung
internatsschülerin	internatsschule er in
gesellig	gesellen ig
fischereirechtlich	fischereirecht lich
zaunkönigin	zaunkönig in
aufnahmeleiterin	aufnahmeleiter in
trommler	trommeln er
anfällig	anfallen ig
zentralörtlich	zentralort lich
entscheidungsfähigkeit	entscheidungsfähig keit
balkongärtner	balkongarten er
schlagzeuger	schlagzeug er
aufbietung	aufbieten ung
demütigung	demut ig ung
allgemeinmediziner	allgemeinmedizin er
strichlein	strich lein
gaststättenbesucher	gaststättenbesuch er
menschenräuber	menschenraub er
landschaftsgärtnerin	landschaftsgarten er in
betriebsärztlich	betriebsarzt lich
vereinheitlichen	ver einheit lich
zivilpolizistin	zivilpolizei ist in
reisefreudigkeit	reisefreude ig keit
wiedergewinnung	wiedergewinnen ung
fotokünstlerin	fotokunst ler in
königshofer	königshof er
voranmeldung	voranmelden ung
weinerlich	weinen er lich
ehepartnerin	ehepartner in
hemdchen	hemd chen
geschneidert	ge schneiden er
ostseestädter	ostseestadt er
mehlig	mehl ig
chemotechnikerin	chemotechniker in
düngung	düngen ung
kreisstädter	kreisstadt er
einkerbung	einkerben ung
einmütig	einmut ig
spielsüchtig	spielsucht ig
samenspender	samenspende er
zurückziehung	zurückziehen ung
friseurin	friseur in
gesetzgeberin	gesetzgeber in
anhebung	anheben ung
mitarbeiter	mitarbeiten er
prüferin	prüfen er in
stützer	stützen er
gastspielerin	gastspiel er in
plasmaphysiker	plasmaphysik er
modifizierung	modifizieren ung
brüderlein	bruder lein
fortschrittsgläubig	fortschrittsglaube ig
verwandtschaftlich	verwandte schaft lich
tontechnikerin	tontechnik er in
nachnominierung	nachnominieren ung
undurchdringlichkeit	undurchdringlich keit
ausländerbehördlich	ausländerbehörde lich
übererfüllung	übererfüllen ung
zechenhäuschen	zechenhaus chen
europapokalgewinner	europapokalgewinn er
wüstenstürmer	wüstensturm er
hinderer	hindern er
sonntagsspaziergänger	sonntagsspaziergang er
popmusiker	popmusik er
kursleiterin	kursleiter in
bedeutsamkeit	bedeuten sam keit
keller	kelle er
unerträglich	un ertrag lich
gespenstig	gespenst ig
pflaumenbäumchen	pflaumenbaum chen
vermarktung	ver markt ung
bildjournalistin	bildjournalist in
europameisterin	europameister in
privatunternehmer	privatunternehmen er
aufbauspielerin	aufbauspiel er in
kinderfräulein	kinderfrau lein
konsequenzlos	konsequenz los
landwirtschaftsschüler	landwirtschaftsschule er
aussperrung	aussperren ung
entwicklungssoziologin	entwicklungssoziologe in
vorahnung	vorahnen ung
befrachtung	befrachten ung
fahrer	fahren er
konfliktfreudigkeit	konfliktfreude ig keit
klavierbauer	klavierbau er
hochschulabsolventin	hochschulabsolvent in
spülung	spülen ung
auspeitschung	auspeitschen ung
bonnerin	bonne er in
filmmusiker	filmmusik er
gesundheitsberaterin	gesundheitsberater in
pazifistin	pazifisch ist in
eichstätter	eichstätt er
wirtschaftswissenschaftlich	wirtschaftswissen schaft lich
gegenteilig	gegenteil ig
kartin	karte in
kriegslustig	kriegslust ig
diskussionsrednerin	diskussionsredner in
späher	spähen er
notwendigkeit	notwendig keit
erlahmung	erlahmen ung
rekonstruierung	rekonstruieren ung
beratung	beraten ung
idiotin	idiot in
tagessiegerin	tagessieg er in
schlagzeugerin	schlagzeug er in
gewerkschaftsführerin	gewerkschaftsführer in
entsagung	entsagen ung
zeitungsleser	zeitungslesen er
schwämmchen	schwamm chen
bühnenmusiker	bühnenmusik er
dummschwätzer	dummschwatz er
unvergleichbar	un ver gleich bar
nachtclubbesitzerin	nachtclubbesitzer in
einverleibung	einverleiben ung
bibliotheksdirektorin	bibliotheksdirektor in
bürgermeisterkandidatin	bürgermeisterkandidat in
gartenhäuschen	gartenhaus chen
denkmalpflegerin	denkmalpflege er in
bananenförmig	bananenform ig
schuldnerberaterin	schuldnerberater in
mater	mate er
lein	lee in
neugieriger	neugierige n er
klopfer	klopfen er
unterforderung	unterfordern ung
dubliner	dublin er
leverkusenerin	leverkusen er in
prüfer	prüfen er
kampfeslustig	kampfeslust ig
belebung	beleben ung
absolventin	absolvent in
besucherfreundlichkeit	besucherfreundlich keit
gutachterin	gutachten er in
agrarministerin	agrarminister in
leningrader	leningrad er
lebenskünstlerin	lebenskunst ler in
mittelstreckenläuferin	mittelstreckenläufer in
gestaltungsfähigkeit	gestaltungsfähig keit
schrubber	schrubben er
unanstößig	un anstoß ig
thüringer	thüringen er
direktorin	direktor in
rückdatierung	rückdatieren ung
hochwertigkeit	hochwertig keit
gleichgewichtig	gleichgewicht ig
ägypter	ägypten er
frontkämpfer	frontkampf er
veranstaltung	ver anstalt ung
gewerkschaftsfeindlichkeit	gewerkschaftsfeindlich keit
liedchen	lied chen
sonderschülerin	sonderschule er in
stressig	stressen ig
ausbildungslos	ausbilden ung los
uneinig	un eine ig
belanglos	belang los
radiohörer	radiohören er
wankelmütig	wankelmut ig
sexualtäter	sexualtat er
unternehmensgründerin	unternehmensgründer in
jägerin	jäger in
mannschaftskollegin	mannschaftskollege in
studentenvertreterin	studentenvertreter in
wettbewerbsrechtlich	wettbewerbsrecht lich
filmregisseurin	filmregisseur in
fährschiffer	fährschiff er
staatsschützer	staatsschutz er
ausstellungsbesucher	ausstellungsbesuch er
gleichwertigkeit	gleichwertig keit
projektmitarbeiterin	projektmitarbeiter in
ergötzung	ergötzen ung
fortsetzung	fortsetzen ung
stammkundin	stammkunde in
einzelkämpferin	einzelkampf er in
wimbledonsiegerin	wimbledonsieg er in
unverkäuflichkeit	un verkauf lich keit
schwänzer	schwänzen er
wallung	wallen ung
unannehmbar	un annehmen bar
nachkriegspolitiker	nachkriegspolitik er
nichtchristlich	nichtchrist lich
nigerianerin	nigeria aner in
freundlich	freund lich
gastschülerin	gastschüler in
einsenderin	einsenden in
umpflanzung	umpflanzen ung
ackerbaulich	ackerbau lich
wörther	wörth er
vordringlich	vordringen lich
sanierung	sanieren ung
zwillingspärchen	zwillingspaar chen
spätsommerlich	spätsommer lich
isländer	island er
heizungsbauer	heizungsbau er
masseurin	masseur in
bemannung	bemannen ung
landschaftsschützer	landschaftsschutz er
innerlich	inner e lich
schoßhündchen	schoßhund chen
nachbestellung	nachbestellen ung
steuerungsfähigkeit	steuerungsfähig keit
brandmarkung	brandmarken ung
bilgin	bilge in
gesprächsleiterin	gesprächsleiter in
patientin	patient in
umweltrechtlich	umweltrecht lich
gütersloher	gütersloh er
psychologiestudentin	psychologiestudent in
brotbäcker	brotbacken er
nachbarstädtchen	nachbarstadt chen
gewerkschafter	gewerkschaft er
holzstäbchen	holzstab chen
messebauer	messebau er
kunstkritiker	kunstkritik er
heutig	heute ig
darmstädter	darmstadt er
stempelung	stempeln ung
namibierin	namibia er in
widerspruchlos	widerspruch los
vogelschützer	vogelschutz er
allgemeinmedizinerin	allgemeinmedizin er in
verschwendungssüchtig	verschwendungssucht ig
fruchtbar	fruchten bar
entschädigung	entschädigen ung
bahnbauer	bahnbau er
schulmeisterlich	schulmeister lich
unfallgegnerin	unfallgegner in
unabsetzbar	un absetzen bar
straßenräuber	straßenraub er
plauener	plauen er
glückstädter	glückstadt er
konvertierbarkeit	konvertieren bar keit
stückelung	stückeln ung
ergreifung	ergreifen ung
lokalisierung	lokal isier ung
innergenossenschaftlich	inner genossen schaft lich
wohltäterin	wohltat er in
lever	lev er
heimkehrer	heimkehren er
außenseiterin	außenseite er in
frühzeitlich	frühzeit lich
verdaulichkeit	verdauen lich keit
friedensaktivistin	friedensaktivist in
totschlägerin	totschlagen in
bahnwärterhäuschen	bahnwärterhaus chen
ersetzbar	ersetzen bar
überstimmung	über stimme ung
bedeutungslos	bedeuten ung los
brustschwimmer	brustschwimmen er
kleingärtner	kleingarten er
auslosung	auslosen ung
weinkönigin	weinkönig in
wachhäuschen	wachhaus chen
mittelspielerin	mittelspieler in
radioempfänger	radioempfang er
fixierung	fix ier ung
unwandelbarkeit	un wandeln bar keit
sittlich	sitte lich
langweiligkeit	langweilen ig keit
tiefschläfer	tiefschlaf er
lautsprecherin	lautsprecher in
wissenschaftssenatorin	wissenschaftssenator in
geistesgegenwärtig	geistesgegenwart ig
nager	nagen er
einholung	einholen ung
stammfreier	stammfreie er
verknöcherung	ver knochen ung
abstellung	abstellen ung
johannstädter	johannstadt er
thüringerin	thüringen er in
stadtratskandidatin	stadtratskandidat in
geschirrspüler	geschirrspülen er
staatschützer	staatschutz er
einzelfallhelferin	einzelfallhelfer in
stauung	stauen ung
einflußlos	einfluß los
freudig	freude ig
selbstdenker	selbstdenken er
altöttinger	altötting er
regreßpflichtig	regreßpflicht ig
steinewerfer	steinewerfen er
ziegenbärtchen	ziegenbart chen
spießbürgerlichkeit	spießbürger lich keit
kleinschreibung	kleinschreiben ung
fängerin	fangen in
rachedurstig	rachedurst ig
drahtzieherin	drahtzieher in
standesbeamtin	standesbeamte in
fachhochschüler	fachhochschule er
gefängnisdirektorin	gefängnisdirektor in
industriedesigner	industriedesign er
staatskirchlich	staatskirche lich
beatmung	beatmen ung
universitätsmediziner	universitätsmedizin er
garantin	garant in
dämpfer	dämpfen er
bewerberin	bewerben er in
flöckchen	flock chen
steuerpflichtig	steuerpflicht ig
kauffreudigkeit	kauffreude ig keit
gesichtslos	gesicht los
übersetzung	übersetzen ung
keyboardspieler	keyboardspiel er
tarifexpertin	tarifexperte in
vereinsfreundlich	vereinsfreund lich
erzherzogin	erzherzog in
volkspolizistin	volkspolizei ist in
berufsschullehrerin	berufsschullehrer in
drogenpolitiker	drogenpolitik er
verbraucherin	verbrauchen er in
spritzer	spritzen er
karriereberaterin	karriereberater in
bringer	bring er
gleichnamigkeit	gleichnamig keit
weiterverpachtung	weiterverpachten ung
abteilungsdirektorin	abteilungsdirektor in
aachener	aachen er
automechanikerin	automechaniker in
vergeblichkeit	vergeben lich keit
unionspolitiker	unionspolitik er
vollsperrung	vollsperren ung
kleinkindlich	kleinkind lich
börsentäglich	börsentag lich
handgreiflichkeit	handgreiflich keit
terrassenförmig	terrassenform ig
vogelhäuschen	vogelhaus chen
sklavenarbeiter	sklavenarbeit er
steinberger	steinberg er
brüchigkeit	brüchig keit
neckarstädtchen	neckarstadt chen
friedensvertraglich	friedensvertrag lich
schleswiger	schleswig er
arbeiterin	arbeiten er in
paarung	paaren ung
dorfbewohnerin	dorfbewohner in
unantastbarkeit	unantastbar keit
kooperationswillig	kooperationswille ig
verkalkung	ver kalk ung
dramatiker	dramatik er
verbrennung	verbrennen ung
astrologin	astrologe in
zukunftslos	zukunft los
header	head er
maschinistin	mascha ine ist in
ausbeutung	ausbeuten ung
zeitungsausträger	zeitungsaustragen er
ölabhängigkeit	ölabhängig keit
ausleihung	ausleihen ung
schauspielschülerin	schauspielschule er in
unverständlich	unverstand lich
kleinhandwerker	kleinhandwerk er
verschraubung	ver schrauben e ung
ökonomin	ökonom in
entbindung	ent binde ung
weiterdichtung	weiterdichten ung
ehrensenatorin	ehrensenator in
spielfreudig	spielfreude ig
fallschirmspringer	fallschirmspringen er
rastlos	rast los
nachchristlich	nach chr ist lich
korntaler	korntal er
taumelig	taumel ig
schützbar	schützen bar
wasserträgerin	wassertragen er in
regenburger	regenburg er
stadtmeisterin	stadtmeister in
akkordeonspieler	akkordeonspiel er
schriftführerin	schriftführer in
kostümbildnerin	kostümbildner in
veröffentlichung	ver öffentlich ung
saugfähigkeit	saugfähig keit
ansässigkeit	ansässig keit
überordnung	überordnen ung
berührungslos	berühren ung los
untertreibung	untertreiben ung
redenschreiberin	redenschreiber in
gröblich	grob e lich
vorläufig	vorlaufen ig
hilker	hilke er
finanzierung	finanz ier ung
eingängigkeit	eingängig keit
umweltsenatorin	umweltsenator in
sinnlichkeit	sinn lich keit
ausstrahlung	aus strahl ung
scharfsichtigkeit	scharfsicht ig keit
unternehmenssprecherin	unternehmenssprecher in
kirchhofer	kirchhof er
geistlichkeit	geist lich keit
fragestellerin	fragestelle er in
kirchlichkeit	kirche lich keit
nennbar	nennen bar
gehorsamkeit	gehorsam keit
arbeiter	arbeiten er
fügung	fügen ung
geschmacklos	geschmack los
irrig	irre ig
erzrivalin	erzrivale in
siebdrucker	siebdruck er
reuelos	reue los
hallenspieler	hallenspiel er
vorwärtsbewegung	vorwärtsbewegen ung
schulpolitikerin	schulpolitik er in
technisierung	technisch isier ung
tagebuchschreiber	tagebuchschreiben er
dorfschullehrerin	dorfschullehrer in
dienstlich	dienst lich
rächerin	rächen er in
versagung	versagen ung
konfliktunfähigkeit	konfliktunfähig keit
stutzer	stutz er
waffenlos	waffe los
schulfachlich	schulfach lich
vaterlandslos	vaterland los
spärlichkeit	spärlich keit
handelbar	handeln bar
reinier	reina er
allgemeinverständlichkeit	allgemeinverständlich keit
erzieher	erziehen er
anfängerin	anfangen er in
weimarer	weimar er
buchverkäufer	buchverkauf er
spendierfreudigkeit	spendierfreude ig keit
niederschlagung	niederschlagen ung
degenfechter	degenfechten er
bühnenschauspielerin	bühnenschauspieler in
streifengänger	streifengang er
benutzerin	benutzen er in
entwöhnung	entwöhnen ung
verwundbarkeit	verwundbar keit
weissagung	weissagen ung
montagearbeiter	montagearbeit er
elektrotechniker	elektrotechnik er
mehrheitseignerin	mehrheitseigner in
medienrechtlich	medienrecht lich
vertrauenswürdigkeit	vertrauenswürdig keit
sauberkeit	sauber keit
bewertung	bewerten ung
klebrigkeit	klebrig keit
verräuchern	ver rauchen er
bundesverfassungsgerichtlich	bundesverfassungsgericht lich
läufer	lauf er
flugbegleiterin	flugbegleiter in
nachfolgerin	nachfolgen er in
straßenarbeiter	straßenarbeit er
ableitung	ableiten ung
wächterin	wächte er in
kalender	kalenden er
kunsterzieherin	kunsterzieher in
vierteilung	vierteilen ung
legierung	legieren ung
lernunfähigkeit	lernunfähig keit
miniröckchen	minirock chen
anbieterin	anbieten er in
schuhverkäuferin	schuhverkauf er in
streitschlichter	streitschlichte er
taubenzüchter	taubenzucht er
exponentin	exponent in
gewöhnlich	gewöhnen lich
klostergärtner	klostergarten er
mainzerin	mainz er in
wassersucher	wassersuche er
leserin	lese er in
unterrichtsministerin	unterrichtsminister in
hochschätzung	hochschätzen ung
ermutigung	ermutigen ung
hintergehung	hintergehen ung
hausjuristin	hausjurist in
sodener	soden er
leiblichkeit	leib lich keit
mittelständig	mittelstand ig
verteilerin	verteilen er in
badehäuschen	badehaus chen
absichtlich	absicht lich
schmutzig	schmutz ig
garnisonsstädtchen	garnisonsstadt chen
angliederung	angliedern ung
hauptbuchhalterin	hauptbuchhalter in
mobilfunker	mobilfunk er
brauchbar	brauchen bar
wanderer	wandern er
superstürmer	supersturm er
frontstädter	frontstadt er
fabrikantin	fabrikant in
beifügung	beifügen ung
senfkörner	senfkorn er
verbandspräsidentin	verbandspräsident in
nachmessung	nachmessen ung
standesamtlich	standesamt lich
verweiblichen	ver weib lich
beschlußunfähigkeit	beschlußunfähig keit
wagenbauer	wagenbau er
dezernentin	dezernent in
germanistikstudentin	germanistikstudent in
kernlos	kern los
parteiöffentlichkeit	parteiöffentlich keit
polizeischüler	polizeischule er
schuldezernentin	schuldezernent in
alleinerziehung	alleinerziehen ung
medaillenlos	medaille los
eisenzeitlich	eisenzeit lich
umladung	umladen ung
lieblingsmusiker	lieblingsmusik er
wurfgewaltig	wurfgewalt ig
weigerung	weigern ung
autowerker	autowerk er
schreckenberger	schreckenberg er
abbruchunternehmer	abbruchunternehmen er
fernseher	fernsehen er
barfüßer	barfuß er
nachzeichnung	nachzeichnen ung
hartherzig	hartherz ig
tartarin	tartare in
querulantin	querulant in
genossin	genosse in
trockenlegung	trockenlegen ung
fadenspieler	fadenspiel er
hauptschuldig	hauptschuld ig
rüdesheimer	rüdesheim er
berufsschüler	berufsschule er
musterung	mustern ung
verunstaltung	verunstalten ung
hausleiterin	hausleiter in
schmissigkeit	schmissig keit
verbitterung	ver bitter ung
unselbständigkeit	un selbständig keit
langwierigkeit	langwierig keit
aufdringlichkeit	aufdringlich keit
abschlachtung	abschlachten ung
wiederverarbeitung	wiederverarbeiten ung
dumpfig	dumpfe ig
beengung	beengen ung
verstellung	verstellen ung
menschheitsgeschichtlich	menschheitsgeschichte lich
erregung	erregen ung
bibliotheksleiterin	bibliotheksleiter in
tiermediziner	tiermedizin er
minderheitenfeindlichkeit	minderheitenfeindlich keit
währung	währen ung
verschreibungspflichtig	verschreibungspflicht ig
rechtswidrigkeit	rechtswidrig keit
sportministerin	sportminister in
feinfühligkeit	feinfühlig keit
bohrer	bohren er
lohnbuchhalterin	lohnbuchhalter in
herrlichkeit	herr lich keit
korbflechter	korbflechten er
hehler	hehl er
glatzköpfig	glatzkopf ig
regierung	regieren ung
automobilbauer	automobilbau er
endlichkeit	ende lich keit
verfilmung	ver film ung
amerikanistin	amerika anisch ist in
lebensfeindlich	lebensfeind lich
buchbinderin	buchbinden er in
vermehrungsfähigkeit	vermehrungsfähig keit
behaarung	behaaren ung
verfrachtung	ver fracht ung
fußballspielerin	fußballspielen er in
teilsanierung	teilsanieren ung
rückversicherung	rückversichern ung
schirmherrin	schirmherr in
kupferstecherin	kupferstecher in
habsburger	habsburg er
wölbung	wölben ung
verbandssprecherin	verbandssprecher in
oberbürgermeisterin	oberbürgermeister in
ernstlich	ernst lich
überbringer	über bring er
aufheller	aufhellen er
ausblendung	ausblenden ung
länderkundlich	länderkunde lich
hauseigentümer	hauseigentum er
görlitzer	görlitz er
ligaspieler	ligaspiel er
fraulichkeit	frau lich keit
politikwissenschaftlich	politikwissenschaft lich
atomexpertin	atomexperte in
farbigkeit	farbe ig keit
direktkandidatin	direktkandidat in
wohltätigkeit	wohltat ig keit
stadtteilpolitiker	stadtteilpolitik er
gastsängerin	gastsänger in
bauchtänzer	bauchtanzen er
jakober	jakob er
preisträgerin	preisträger in
seglerin	segeln er in
mutterlos	mutter los
herstellerin	herstellen er in
plastikbomber	plastikbombe er
jugendbetreuerin	jugendbetreuer in
verhandlungswillig	verhandlungswille ig
sünderbänkchen	sünderbank chen
verantwortlich	verantworten lich
einräumung	einräumen ung
abdecker	abdecken er
bewölkung	bewölken ung
neurologin	neurologe in
überhebung	überheben ung
protokollierung	protokoll ier ung
straßenplaner	straßenplan er
korrekter	korrekte n er
vermesser	vermessen er
schaumschläger	schaumschlagen er
mannigfaltigkeit	mannigfaltig keit
vergebung	vergeben ung
schillern	schill er
kulturreporter	kulturreport er
verbraucherberaterin	verbraucherberater in
lämmchen	lamm chen
männerfreundlich	männerfreund lich
wochenendlich	wochenende lich
dorin	dore in
kerber	kerbe er
bassistin	basse ist in
wipper	wippe er
schirmchen	schirm chen
einmalig	einmalen ig
wiedererkennbar	wiedererkennen bar
winterkönigin	winterkönig in
miststreuer	miststreue er
baumlos	baum los
mannschaftssprecherin	mannschaftssprecher in
mönchlein	mönch lein
würstchenverkäuferin	würstchenverkäufer in
wählbar	wählen bar
vizechefin	vizechef in
wiederbewaffnung	wiederbewaffnen ung
erwerbsfähigkeit	erwerbsfähig keit
extremistin	extrem ist in
projektierung	projekt ier ung
abholung	abholen ung
belangbar	belangen bar
gelenkigkeit	gelenk ig keit
vollziehung	vollziehen ung
eisenbahnerin	eisenbahn er in
übermittler	übermitteln er
nörgler	nörgeln er
wollig	wolle ig
klötzchen	klotz chen
körperlos	körper los
kronenberger	kronenberg er
ausstellungsdesigner	ausstellungsdesign er
akkordeonspielerin	akkordeonspiel er in
literaturkritikerin	literaturkritik er in
amsterdamer	amsterdam er
autofeindlichkeit	autofeindlich keit
verkaufsmanagerin	verkaufsmanager in
rentierzüchter	rentierzucht er
vollstreckerin	vollstrecken er in
maiskörner	maiskorn er
unleserlich	un lese er lich
rekordhalterin	rekordhalter in
bergbaulich	bergbau lich
umlegung	umlegen ung
architekturgeschichtlich	architekturgeschichte lich
anklagevertreterin	anklagevertreter in
gleisbauer	gleisbau er
wegbereiterin	wegbereiter in
stickerin	sticken er in
wasserwerker	wasserwerk er
weiterverfolgung	weiterverfolgen ung
unartig	unart ig
sexsüchtig	sexsucht ig
rechtsgültigkeit	rechtsgültig keit
anmaßung	anmaßen ung
seelenfänger	seelenfang er
dompfarrer	dompfarre er
freistilringer	freistilringen er
untersetzung	untersetzen ung
fernüberwachung	fernüberwachen ung
affekttäter	affekttat er
brotkörbchen	brotkorb chen
siemensstädter	siemensstadt er
verhöhnung	ver höhn ung
kulturarbeiter	kulturarbeit er
spätstarter	spätstart er
objektkünstlerin	objektkunst ler in
vogelmännchen	vogelmann chen
kesselstädter	kesselstadt er
klarinettistin	klarinette ist in
finanzwirtschaftlich	finanzwirt schaft lich
terminplaner	terminplan er
konzessionslos	konzession los
abdin	abd in
umgebung	umgeben ung
ausreißerin	ausreißen in
fahrschülerin	fahrschule er in
wunschkandidatin	wunschkandidat in
eigenverantwortlichkeit	eigenverantwortlich keit
ausstattung	ausstatten ung
studienabsolventin	studienabsolvent in
geldverteiler	geldverteilen er
beharrung	beharren ung
bastlerin	basteln er in
langener	lange n er
übersendung	übersenden ung
durstlöscher	durstlöschen er
kremer	krem er
radikalreformer	radikalreform er
schmugglerin	schmuggeln er in
filmpartnerin	filmpartner in
armeesprecherin	armeesprecher in
unstetigkeit	un stet e ig keit
quäler	quälen er
unbotmäßigkeit	un botmäßig keit
achteckig	achteck ig
kleinbürgerlich	kleinbürger lich
blutdruckmesser	blutdruckmessen er
raumpflegerin	raumpfleger in
museumsbesucher	museumsbesuch er
kraftfahrerin	kraftfahrer in
zungenfertigkeit	zungenfertig keit
westbesucher	westbesuch er
kurstädtchen	kurstadt chen
glücksburger	glücksburg er
schreinerin	schrein er in
ebersberger	ebersberg er
eingliederung	eingliedern ung
erwerber	erwerben er
überholbar	überholen bar
heizungstechniker	heizungstechnik er
sandkühler	sandkühle er
verzierung	verzieren ung
singbar	singen bar
streuner	streunen er
verätzung	verätzen ung
erschlaffung	erschlaffen ung
kapellmeisterin	kapellmeister in
bereichsleiterin	bereichsleiter in
holzbauer	holzbau er
hanauerin	hanau er in
frühstarter	frühstart er
unbrauchbarkeit	un brauchen bar keit
schlächter	schlachten er
metallarbeiter	metallarbeit er
militärmediziner	militärmedizin er
juniorin	junior in
ettlinger	ettlingen er
entscheidung	entscheiden ung
walter	walt er
phrasierung	phrase ier ung
traurigkeit	traurig keit
schleifung	schleifen ung
hintersinnig	hintersinn ig
übereinstimmung	übereinstimmen ung
rechtfertiger	rechtfertigen er
ereignislos	ereignis los
vergeistigen	ver geist ig
insiderin	insider in
sondierung	sonde ier ung
unverdaulichkeit	unverdaulich keit
fusionierung	fusion ier ung
regionalwissenschaftlich	regionalwissenschaft lich
mitbewohnerin	mitbewohner in
heroinabhängigkeit	heroinabhängig keit
mariazeller	mariazell er
überglücklich	über glück lich
steinmännchen	steinmann chen
seeberger	seebergen er
freitaler	freital er
getränkeverkäufer	getränkeverkauf er
mietrechtlich	mietrecht lich
oberflächlichkeit	oberfläche lich keit
gesamtwirtschaftlich	gesamtwirtschaft lich
streitbar	streiten bar
gesamtschullehrerin	gesamtschullehrer in
nennung	nennen ung
zweistaatlichkeit	zweistaatlich keit
schiffbrüchig	schiffbruch ig
feuerlöscher	feuerlöschen er
werbegrafiker	werbegrafik er
normierung	norm ier ung
fischerstädtchen	fischerstadt chen
gartenbauer	gartenbau er
gottesauer	gottesaue er
stromverbraucher	stromverbrauch er
hörspielautorin	hörspielautor in
oberkellnerin	oberkellner in
atomrechtlich	atomrecht lich
wahrnehmbarkeit	wahrnehmen bar keit
nachträglich	nachtrag lich
nebenklägervertreterin	nebenklägervertreter in
buchhalterin	buchhalter in
viehtransporter	viehtransport er
bundestrainerin	bundestrainer in
rasenspieler	rasenspiel er
olympiastarter	olympiastart er
tragödin	tragöde in
faulenzer	faulenzen er
bauernkrieger	bauernkrieg er
lebensfeindlichkeit	lebensfeind lich keit
großgrundbesitzer	großgrundbesitz er
nachrangig	nachrang ig
goldschmiedemeisterin	goldschmiedemeister in
kuchenbäcker	kuchenbacken er
vorauszahlung	vorauszahlen ung
holländerin	holland er in
ausschöpfung	ausschöpfen ung
bierverkäufer	bierverkauf er
töpfern	topf er
spitzenreiterin	spitzenreiter in
vorfertigung	vorfertigen ung
eigensinnig	eigensinn ig
lüftung	lüften ung
jungunternehmer	jungunternehmen er
farbenprächtig	farbenpracht ig
mittler	mitteln er
heiterkeit	heiter keit
schornsteinfeger	schornsteinfegen er
städtepartnerschaftlich	städtepartner schaft lich
allgegenwärtigkeit	allgegenwart ig keit
gastarbeiterin	gastarbeit er in
meierhofer	meierhof er
zimmernachbarin	zimmernachbar in
hausbewohnerin	hausbewohner in
mißbilligung	mißbilligen ung
gespielin	spielen sfx in
friedenstifter	friedenstiften er
speicherbar	speichern bar
terminlich	term in lich
ironikerin	iron iker in
spargelanbauer	spargelanbau er
mäulchen	maul chen
dazugehörig	dazugehören ig
leinenlos	leinen los
fortpflanzungsfähigkeit	fortpflanzungsfähig keit
athletin	athlet in
mainstädter	mainstadt er
saxophonistin	saxophon ist in
angriffslustig	angriffslust ig
maschinenschriftlich	maschinenschrift lich
informantin	informant in
ruhigstellung	ruhigstellen ung
bodenlos	boden los
lichtpünktchen	lichtpunkt chen
tanzpartnerin	tanzpartner in
unstimmig	un stimmen ig
elternmörder	elternmord er
abkanzelung	abkanzeln ung
schaumberger	schaumberg er
näher	nähen e er
alleinschuldig	alleinschuld ig
schwärzlich	schwärzen lich
quäker	quaken er
fertigkeit	fertig keit
erreichung	erreichen ung
hastig	hast ig
springerin	springen er in
autotester	autotest er
gemeindevertreterin	gemeindevertreter in
weitung	weiten ung
gitarrenspieler	gitarrenspiel er
ortung	orten ung
apfelbäumchen	apfelbaum chen
umweltfeindlich	umweltfeind lich
schichtarbeiter	schichtarbeit er
architekturhistorikerin	architekturhistoriker in
weltklassespielerin	weltklassespieler in
begierig	begier ig
akteurin	akteur in
heilkräftig	heilkraft ig
bühnenwirksamkeit	bühnenwirksam keit
entgleisung	entgleisen ung
bekleidung	be kleid ung
kreditkartenbetrüger	kreditkartenbetrug er
verpuppung	ver puppe ung
finanzmanagerin	finanzmanager in
karolin	karol in
versinnlichen	ver sinn lich
überlegung	überlegen ung
severin	seven er in
hundebesitzerin	hundebesitzer in
denkwürdigkeit	denkwürdig keit
elektromechaniker	elektromechanik er
anwenderin	anwenden er in
industriestädtchen	industriestadt chen
luftschiffer	luftschiff er
sowjetbürgerin	sowjetbürger in
maierhofer	maierhof er
verschärfung	ver scharf e ung
theaterdirektorin	theaterdirektor in
höflichkeit	hof lich keit
einreichung	einreichen ung
heizung	heizen ung
meißner	meißen er
ostpolitiker	ostpolitik er
thematisierung	thema atisch isier ung
innerbetrieblich	inner betrieb lich
wiederverwendbarkeit	wiederverwenden bar keit
feuergefährlich	feuergefahr lich
konkurrenzfähigkeit	konkurrenzfähig keit
stichwortgeberin	stichwortgeber in
verdeutschung	ver deutsch ung
offenburgerin	offenburg er in
schätzbar	schätzen bar
landkäufer	landkauf er
fernsehtauglichkeit	fernsehtauglich keit
bereisung	bereisen ung
entschädigungspflichtig	entschädigungspflicht ig
möbelbauer	möbelbau er
teilzeitarbeiter	teilzeitarbeit er
unterbelegung	unter beleg ung
doppelsinnigkeit	doppelsinn ig keit
entschlackung	entschlacken ung
pharmakologin	pharmakologe in
nationalgeschichtlich	nationalgeschichte lich
neandertalerin	neandertaler in
arbeitsmediziner	arbeitsmedizin er
stampfer	stampfen er
achtmalig	achtmal ig
betrieblich	betrieb lich
münzer	münz er
dämpfung	dämpfen ung
wirtschaftsprüferin	wirtschaftsprüfer in
unpassierbar	un passieren bar
krippenbauer	krippenbau er
rahmig	rahm ig
kriegsgewinner	kriegsgewinn er
rabensteiner	rabenstein er
eulenberger	eulenberg er
wirtschaftswunderlich	wirtschaftswunder lich
funker	funken er
nordseefischer	nordseefisch er
ebenbürtigkeit	ebenbürtig keit
erlassung	erlassen ung
winterurlauber	winterurlaub er
pietätlos	pietät los
bildlos	bild los
elektroingenieurin	elektroingenieur in
unabhängigkeitskämpfer	unabhängigkeitskampf er
wildwüchsig	wildwuchs ig
beschreibbar	beschreiben bar
geher	gehen er
konservierung	konserve ier ung
stauer	stauen er
vermutlich	vermuten lich
negerin	neger in
pfarrerin	pfarre er in
abwegigkeit	abweg ig keit
nachwirkung	nachwirken ung
gebrechlich	gebrech lich
steinhäuschen	steinhaus chen
fragerin	fragen er in
naturwissenschaftlerin	naturwissenschaft ler in
firmenchefin	firmenchef in
gaukler	gaukeln er
zweitausender	zweitausend er
ärmlichkeit	ärmlich keit
entzauberung	ent zauber ung
trottelig	trottel ig
blumenfreundin	blumenfreund in
adlershofer	adlershof er
passauer	passau er
flugschüler	flugschule er
stahlarbeiter	stahlarbeit er
bronzezeitlich	bronzezeit lich
paarläufer	paarlaufen er
schäfer	schaf er
benutzung	benutzen ung
erfindung	erfinden ung
hitzköpfig	hitzkopf ig
sticker	sticken er
überfremdung	über fremd ung
tanner	tanne er
doppelpartnerin	doppelpartner in
zweihunderter	zweihundert er
heiner	heinen er
verwaltungsleiterin	verwaltungsleiter in
proletarierin	proletarier in
verewigung	ver ewig ung
unfallflüchtig	unfallflucht ig
adreßbüchlein	adreßbuch lein
strafwürdigkeit	strafwürdig keit
eidlich	eid lich
violinistin	viola ine ist in
kleinstaatlich	kleinstaat lich
finanzplaner	finanzplan er
vereinsrechtlich	vereinsrecht lich
vizeministerin	vizeminister in
polizeimeisterin	polizeimeister in
annullierung	annullieren ung
wertpapierbesitzer	wertpapierbesitz er
veränderung	verändern ung
geldfälscher	geldfälschen er
telefonanrufer	telefonanrufen er
obstbäumchen	obstbaum chen
großbäuerlich	großbau er lich
rotterdamer	rotterdam er
mundartlich	mundart lich
kohlberger	kohlberg er
abendlich	abend lich
zweiradfahrerin	zweiradfahren er in
eigentätigkeit	eigentätig keit
spielhäuschen	spielhaus chen
rauschgiftsüchtig	rauschgiftsucht ig
putzig	putzen ig
vorzüglich	vorzug lich
ordnungsmäßigkeit	ordnen ung mäßig keit
containerfrachter	containerfracht er
oberhausener	oberhausen er
investorin	investor in
ortskundiger	ortskundige n er
ernüchterung	ernüchtern ung
brander	branden er
vergeudung	vergeuden ung
fußballspieler	fußballspielen er
internationalisierung	internationale isier ung
sportpolitiker	sportpolitik er
windschlüpfrigkeit	windschlüpfrig keit
einbestellung	einbestellen ung
verkaufsfähigkeit	verkaufsfähig keit
durchzieher	durchziehen er
spannungslos	spannen ung los
unerschöpflichkeit	unerschöpflich keit
großbanker	großbank er
freiräumlich	freiräumen lich
würger	würgen er
sozialpolitiker	sozialpolitik er
schmarotzer	schmarotzen er
mosbacher	mosbach er
langsamfahrer	langsamfahren er
äthiopier	äthiopien er
kreuzbergerin	kreuzberg er in
liliputanerin	liliput aner in
verkehrsunternehmer	verkehrsunternehmen er
innerweltlich	inner welt lich
allmächtiger	allmacht ig e n er
fremdarbeiter	fremdarbeit er
tauschbar	tauschen bar
wünschbarkeit	wünschen bar keit
kiener	kien er
kunsthistorikerin	kunsthistoriker in
komikerin	komik er in
bundesligaspieler	bundesligaspiel er
gräßlichkeit	gräßlich keit
ritter	ritt er
vereinskameradin	vereinskamerad in
richtigkeit	richten ig keit
traktorfahrer	traktorfahren er
unterbezahlung	unterbezahlen ung
mittelstürmerin	mittelstürmer in
stellvertreter	stellvertreten er
staatsschauspielerin	staatsschauspiel er in
programmfüller	programmfülle er
lausig	lausen ig
rentenexpertin	rentenexperte in
rückhaltslos	rückhalt los
meyer	meyen er
laienmusiker	laienmusik er
zuziehung	zuziehen ung
begleiterin	begleiten er in
reiseunfähigkeit	reiseunfähig keit
katzenartig	katzenart ig
abhebung	abheben ung
parteilich	partei lich
flügellos	flügel los
wettbewerbsteilnehmerin	wettbewerbsteilnehmer in
staatsministerin	staatsminister in
umweltverbrecher	umweltverbrechen er
fernsehmoderatorin	fernsehmoderator in
langenberger	langenberg er
herstellung	herstellen ung
materialwissenschaftlich	materialwissenschaft lich
hühnerzüchter	hühnerzucht er
rauschgiftabhängigkeit	rauschgiftabhängig keit
zweikämpfer	zweikampf er
besetzerin	besetzen er in
maschinenführerin	maschinenführer in
autowäscher	autowaschen er
vervielfachung	vervielfachen ung
unförmig	unform ig
medaillengewinner	medaillengewinn er
meldung	melden ung
bürovorsteherin	bürovorsteher in
aufgeklärter	aufgeklärte n er
kleinlichkeit	klein lich keit
wäscher	waschen er
untertariflich	unter tarif lich
ruhmlos	ruhm los
rechtstaatlichkeit	rechtstaat lich keit
dietzer	dietz er
schulmediziner	schulmedizin er
entschlüsselung	entschlüsseln ung
museumswärterin	museumswärter in
nachdichtung	nach dicht ung
erneuerungsfähigkeit	erneuerungsfähig keit
verbildung	ver bild ung
singer	singen er
spannung	spannen ung
kerner	kern er
unglaubwürdigkeit	un glaubwürdig keit
schändlich	schänden lich
einleitung	einleiten ung
dauerredner	dauerreden er
arbeitswissenschaftlich	arbeitswissenschaft lich
streckung	strecken ung
südwestlich	südwest lich
strahlenforscherin	strahlenforscher in
gebrauchsfähigkeit	gebrauchsfähig keit
auffindung	auffinden ung
solotrompeter	solotrompete er
parteifunktionärin	parteifunktion är in
europarechtlich	europarecht lich
teilbar	teilen bar
väterlich	vater lich
hochleistungssportlerin	hochleistungssport ler in
verifizierung	verifizieren ung
weltläufig	weltlauf ig
pater	pate er
erlöserin	erlösen er in
modemacherin	modemacher in
mitbegründerin	mitbegründer in
eindämmung	eindämmen ung
tandemfahrer	tandemfahren er
mehrstündig	mehrstunde ig
nachversteuerung	nachversteuern ung
saisonsieger	saisonsieg er
verlagerung	verlagern ung
yorker	york er
unflätigkeit	unflat ig keit
entziehung	entziehen ung
verzehrbar	verzehren bar
rechtstaatlich	rechtstaat lich
kommunikationswissenschaftlich	kommunikationswissenschaft lich
traditionslos	tradition los
vorsätzlich	vorsatz lich
turnierleiterin	turnierleiter in
kirchgängerin	kirchgang er in
grenzenlos	grenzen e los
risikofreudigkeit	risikofreude ig keit
vorgeblich	vorgeben lich
baumpflanzer	baumpflanzen er
gülin	gül in
hauptschüler	hauptschule er
inszenierung	inszenieren ung
streifenpolizistin	streifenpolizist in
richterlich	richten er lich
indonesier	indonesien er
auferweckung	auferwecken ung
umgestaltung	um gestalt ung
plazierung	plazieren ung
grenzwächter	grenzwacht er
moorig	moor ig
dieter	dieten er
wanderarbeiter	wanderarbeit er
entwaldung	ent wald ung
vorprüfung	vorprüfen ung
reiterin	reiten er in
medizintechniker	medizintechnik er
benotung	benoten ung
veruntreuung	ver untreu e ung
bassin	basse in
einspringer	einspringen er
pathologin	pathologe in
volkskommissarin	volkskommissar in
gemüseverkäufer	gemüseverkauf er
magier	magie er
bestechung	bestechen ung
polizistenmörder	polizistenmord er
gesangspädagogin	gesangspädagoge in
pfaffenberger	pfaffenberg er
brüller	brüllen er
weiterbearbeitung	weiterbearbeiten ung
undeutlichkeit	un deutlich keit
ergebnislos	ergebnis los
crailsheimer	crailsheim er
zahnarzthelferin	zahnarzthelfer in
anpassungsfähigkeit	anpassungsfähig keit
roßberger	roßberg er
banditin	bandit in
briefsteller	briefstelle er
verkehrsgünstig	verkehrsgunst ig
erfurter	erfurt er
drachenflieger	drachenfliegen er
verfügbarkeit	verfügbar keit
namenspatin	namenspate in
ostunternehmer	ostunternehmen er
kellerwirtschaftlich	kellerwirtschaft lich
drehbuchautorin	drehbuchautor in
unmutig	unmut ig
übernächtig	übernachten ig
strebsamkeit	streben sam keit
standrechtlich	standrecht lich
teamchefin	teamchef in
erwachsenenbildnerin	erwachsenenbildner in
hundezüchter	hundezucht er
weltmusiker	weltmusik er
bundesrichterin	bundesrichter in
offenbacher	offenbach er
gleichberechtigung	gleichberechtigen ung
zuseher	zusehen er
physikprofessorin	physikprofessor in
satellitenempfänger	satellitenempfang er
tiermedizinerin	tiermedizin er in
grundstückskäufer	grundstückskauf er
sympathieträgerin	sympathieträger in
zeugung	zeugen ung
nachschulung	nachschulen ung
nachdichter	nach dicht er
kunstlos	kunst los
ortsüblichkeit	ortsüblich keit
wohnungsverwalterin	wohnungsverwalter in
armlos	arm e los
fresser	fressen er
zugig	zug ig
unhöflichkeit	un hof lich keit
verhängung	verhängen ung
altenberger	altenberg er
opferung	opfern ung
kulturfreundlich	kulturfreund lich
umkreisung	um kreis ung
geräteturner	geräteturnen er
endlich	ende lich
verfassungsfeindlichkeit	verfassungsfeind lich keit
zurechnungsfähigkeit	zurechnungsfähig keit
volksschauspielerin	volksschauspiel er in
aktionsfähigkeit	aktionsfähig keit
ballonfahrer	ballonfahren er
kinounternehmer	kinounternehmen er
veranlassung	veranlassen ung
vordringlichkeit	vordringen lich keit
gesinnungslos	gesinnung los
hörfunker	hörfunk er
anklägerin	anklagen er in
warin	ware in
wörtlich	wort lich
anpflanzung	anpflanzen ung
kneipengänger	kneipengang er
einlieferung	einliefern ung
widersinnig	widersinn ig
kabinettskollegin	kabinettskollege in
betreiberin	betreiben er in
terminierung	term in ier ung
graphikdesignerin	graphikdesign er in
unterschiedslos	unterschied los
lokalblättchen	lokalblatt chen
fahnenschwenker	fahnenschwenken er
optiker	optik er
brackig	brack ig
neckarsulmer	neckarsulm er
bedürftig	bedürften ig
weiterschiebung	weiterschieben ung
schößchen	schoß chen
kaufbeurener	kaufbeuren er
chronistin	chronisch ist in
querdenker	querdenken er
geschäftlich	geschäft lich
tarifpolitiker	tarifpolitik er
diskussionslos	diskussion los
schiffbarkeit	schiffen bar keit
kulturdezernentin	kulturdezernent in
kellermeisterin	kellermeister in
gemeinnützig	gemeinnutz ig
subventionierung	subvention ier ung
försterin	förster in
hochherzigkeit	hochherzig keit
aufsetzer	aufsetzen er
geschlechtlich	geschlecht lich
gewöhnlichkeit	gewöhnen lich keit
sexarbeiterin	sexarbeit er in
bezirkspokalsieger	bezirkspokalsieg er
kickerin	kicken er in
otter	otte er
astrophysiker	astrophysik er
tätowierung	tätowieren ung
zivildienstpflichtig	zivildienstpflicht ig
kurörtlich	kurort lich
überehrgeizig	über ehrgeiz ig
doppelgängerin	doppelgänger in
ringelschwänzchen	ringelschwanz chen
rechtsreferentin	rechtsreferent in
verständigung	ver ständig ung
verheerung	ver heer ung
zivilschützer	zivilschutz er
innerchristlich	inner chr ist lich
unterhalter	unterhalten er
verharmlosung	ver harmlos ung
terrassierung	terrasse ier ung
klassenkämpfer	klassenkampf er
weiterplanung	weiterplanen ung
voraussetzungslos	voraussetzen ung los
genshagener	genshagen er
eliteschüler	eliteschule er
heiligung	heiligen ung
klangsinnlichkeit	klangsinn lich keit
unterallgäuer	unterallgäu er
museumsführerin	museumsführer in
eibauer	eibau er
einzelvertraglich	einzelvertrag lich
ostjerusalemer	ostjerusalem er
lauenburger	lauenburg er
außenspielerin	außenspieler in
offenburger	offenburg er
übergangspräsidentin	übergangspräsident in
transportarbeiter	transportarbeit er
industrialisierung	industrialisieren ung
hinterziehung	hinterziehen ung
rohstofflich	rohstoff lich
wegführung	wegführen ung
jugendpflegerin	jugendpflege er in
wasserträger	wassertragen er
meckerer	meckern er
konfliktträchtigkeit	konfliktträchtig keit
getreidebauer	getreidebau er
presserechtlich	presserecht lich
fremdbestimmung	fremdbestimmen ung
ballettchefin	ballettchef in
mittelfeldspieler	mittelfeldspiel er
geistesgeschichtlich	geistesgeschichte lich
weltbanker	weltbank er
sizilianerin	sizilianer in
entspannung	ent spanne ung
virtuosin	virtuose in
illusionslos	illusion los
tagwerker	tagwerk er
fahrbar	fahren bar
friedlichkeit	frieden lich keit
sozialhilfebetrüger	sozialhilfebetrug er
aufspaltung	auf spalt ung
trecker	treck er
sachverständig	sachverstand ig
wertstellung	wertstellen ung
stammler	stammeln er
pensionärin	pension är in
sommerlich	sommer lich
huldigen	huld ig
augsburger	augsburg er
offenlegung	offenlegen ung
verlagssprecherin	verlagssprecher in
öffentlichkeitsarbeiterin	öffentlichkeitsarbeit er in
nachrichtentechniker	nachrichtentechnik er
notdürftig	notdurft ig
hauptkritiker	hauptkritik er
pelztierzüchter	pelztierzucht er
überkreuzung	überkreuzen ung
brüsseler	brüssel er
trainerin	train er in
musikwissenschaftlich	musikwissenschaft lich
kreisspieler	kreisspiel er
gewerkschaftlerin	gewerkschaft ler in
züchtigung	zucht ig ung
hörfunkdirektorin	hörfunkdirektor in
schneckenförmig	schneckenform ig
kemper	kemp er
wasserspritzer	wasserspritze er
betriebswirtschaftlich	betriebswirt schaft lich
kranbauer	kranbau er
gräulich	grau lich
jagdschlößchen	jagdschloß chen
pilzförmig	pilzform ig
veranschaulichung	ver anschauen lich ung
zeichnung	zeichnen ung
metin	mete in
jamaikanerin	jamaika aner in
reichlich	reich lich
filmemacherin	filmemachen er in
notenbanker	notenbank er
landhäuschen	landhaus chen
tatenlos	tate los
wahlsiegerin	wahlsieg er in
gesangslehrerin	gesangslehrer in
schauwerbegestalterin	schauwerbegestalter in
kastanienwäldchen	kastanienwald chen
sachbuchautorin	sachbuchautor in
mathematiklehrerin	mathematiklehrer in
anwaltsgehilfin	anwaltsgehilfe in
beanspruchung	be anspruch ung
wiedererstehung	wiedererstehen ung
wendung	wenden ung
rechtsmißbräuchlich	rechtsmißbrauch lich
klavierlehrerin	klavierlehrer in
fernsehzuschauerin	fernsehzuschauer in
amtsleiterin	amtsleiter in
unlösbar	un lösen bar
frühaufsteherin	frühaufstehen er in
dozentin	dozent in
antwerpener	antwerpen er
sigmaringer	sigmaringen er
expertin	experte in
begeisterungsfähigkeit	begeisterungsfähig keit
fortschrittsfeindlichkeit	fortschrittsfeindlich keit
kartenverkäuferin	kartenverkauf er in
schmerzempfindlichkeit	schmerzempfindlich keit
bildungsfähigkeit	bildungsfähig keit
vergoldung	ver gold ung
vorarbeiter	vorarbeiten er
konsumgenossenschaftlich	konsumgenossenschaft lich
fehlernährung	fehlernähren ung
atomphysiker	atomphysik er
hofheimerin	hofheim er in
informatiker	informatik er
degradierung	degradieren ung
rollschuhfahrer	rollschuhfahren er
steuerberaterin	steuerberater in
motorradbauer	motorradbau er
stimmgewaltig	stimmgewalt ig
linchen	lin chen
filterung	filtern ung
restaurantbesitzerin	restaurantbesitzer in
seelöwin	seelöwe in
doppelmörder	doppelmord er
badelustig	badelust ig
farbig	farbe ig
anwaltschaftlich	anwalt schaft lich
anspruchsvoller	anspruchsvollen er
abgängerin	abgang er in
rosenheimer	rosenheim er
unfreundlich	un freund lich
unüberschaubar	un überschauen bar
spaziergänger	spaziergang er
internistin	intern e ist in
dekorateurin	dekorateur in
therapeutin	therapeut in
hebung	heben ung
diplomingenieurin	diplomingenieur in
fälscher	fälschen er
klubkollegin	klubkollege in
lauscher	lauschen er
waldhöfer	waldhof er
hingebung	hingeben ung
weißbärtig	weißbart ig
feststellung	feststellen ung
kaffeetrinker	kaffeetrinken er
einbindung	einbinden ung
seehofer	seehof er
lumpig	lumpen ig
ansager	ansage er
ehrung	ehren ung
zwiebeltürmchen	zwiebelturm chen
