ceremonially	ceremonial ly
discourteously	discourteous ly
homicidal	homicide al
orders	orders
frightfully	frightful ly
independently	independent ly
disqualification	disqualify ation
razzle	razzle
manumission	manumit ion
traditionalist	traditionalism ist
buzz	buzz
overseer	oversee er
commensurably	commensurable ly
refraction	refract ion
synthetically	synthetic ally
childhood	child hood
rubbish	rubbish
vagina	vagina
explicitly	explicit ly
moisturize	moisture ize
shadowboxing	shadowboxing
untutored	un tutored
culottes	culotte s
crispiness	crispy ness
retailer	retail er
settee	settee
scrimshaw	scrimshaw
quartering	quartering
remission	remit ion
laconism	laconic ism
forgiving	forgiving
earliness	early ness
sapling	sap ling
deckle	deckle
tigerish	tiger ish
scrappy	scrap y
nun	nun
intro	introduction
jesuitical	Jesuit ical
overbear	over bear
busk	busk
staginess	stagy ness
indecipherably	indecipherable ly
scantiness	scanty ness
puritan	puritan
porcelain	porcelain
festoon	festoon
slatted	slat ed
treasurer	treasury er
fifty	five ty
fate	fate
interphone	inter phone
fencer	fence er
casuistical	casuist ical
clamorously	clamorous ly
ness	ness
exploded	exploded
speleological	speleology ical
forbearing	forbearing
other	other
vilify	vile ify
whenever	whenever
ebullience	ebullient ence
snout	snout
wont	wont
sympathies	sympathies
reversely	reverse ly
braid	braid
sinner	sin er
sloe	sloe
paralytic	paralytic
tress	tress
cackle	cackle
boots	boots
icing	icing
lifeless	life less
secularist	secularism ist
forestall	fore stall
insignificant	in significant
speak	speak
alienate	alien ate
despoil	de spoil
lamprey	lamprey
pushover	push over
futuristic	futurist ic
fluster	fluster
stammeringly	stammering ly
torridly	torrid ly
exaggerated	exaggerated
subdued	subdued
snappish	snap ish
toiler	toil er
groove	groove
indecorously	indecorous ly
ponderable	ponder able
reparations	reparations
blimp	blimp
distemper	dis temper
regnant	reign ant
sadism	Sade ism
dig	dig
certificate	certify ate
isolationist	isolationism ist
gritty	grit y
blissful	bliss ful
tediously	tedious ly
fatal	fate al
evaporate	e vapour ate
abrasion	abrade ion
thrall	thrall
thin	thin
sapphire	sapphire
toothy	tooth y
promulgator	promulgate or
lands	lands
reserve	reserve
unceremonious	un ceremonious
thankfulness	thankful ness
pacifism	pacific ism
carafe	carafe
magnanimously	magnanimous ly
counteraction	counteract ion
unbecoming	un becoming
painless	pain less
transcription	transcribe ion
tickler	tickle er
synchronization	synchronize ation
stagnation	stagnate ion
graceful	grace ful
machine	machine
thoughtful	thought ful
terms	terms
parlance	parlance
gambling	gambling
streaky	streak y
most	most
palmistry	palmist ry
taro	taro
stair	stair
gastronomic	gastronomy ic
religiously	religious ly
scruffy	scruff y
ovarian	ovary an
cohesively	cohesive ly
acidify	acid ify
lectern	lectern
figuratively	figurative ly
serviette	serviette
absently	absent ly
spatial	space ial
fulsomeness	fulsome ness
tire	tire
mnemonic	mnemonic
palaver	palaver
cohesiveness	cohesive ness
emphasize	emphasis ize
rob	rob
sermonize	sermon ize
tiller	till er
patella	patella
rankness	rank ness
nomadically	nomadic ally
fathomable	fathom able
determination	determine ation
overweeningly	overweening ly
tobacconist	tobacco ist
equatorial	equator ial
heavily	heavy ly
freedom	free dom
needy	need y
junkie	junk ie
assignation	assign ation
stuffiness	stuffy ness
pauperization	pauperize ation
pitilessness	pitiless ness
irretrievably	irretrievable ly
beige	beige
domination	dominate ion
mimosa	mimosa
pay	pay
tinker	tinker
overlay	over lay
fullness	full ness
spryly	spry ly
moulding	moulding
anklet	ankle let
buoyantly	buoyant ly
rumbling	rumbling
progesterone	progesterone
culturally	cultural ly
mugger	mug er
distressful	distress ful
past	past
jazzily	jazzy ly
inspirational	inspiration al
karate	karate
protuberant	protuberate ant
disavowal	disavow al
seek	seek
abjection	abject ion
wandering	wandering
agnosticism	agnostic ism
tactful	tact ful
feel	feel
plasma	plasma
meaninglessness	meaningless ness
olden	old en
vegetarianism	vegetarian ism
motto	motto
licentiousness	licentious ness
evanescence	evanescent ence
unsexed	unsexed
plus	plus
willingly	willing ly
confectionery	confection ery
naturalism	natural ism
backbencher	backbench er
smuggling	smuggling
schedule	schedule
boost	boost
eats	eat s
booziness	boozy ness
realm	realm
coatee	coat ee
unquestionably	unquestionable ly
intractability	intractable ity
scamper	scamp er
flutter	flutter
optional	option al
harness	harness
modishly	modish ly
nuttiness	nutty ness
constitutive	constitution ive
agonized	agonized
costumier	costume ier
bethel	bethel
capacity	capacious ity
hair	hair
titled	title ed
tepidity	tepid ity
perfectibility	perfectible ity
whittler	whittle er
denotation	denote ation
pupal	pupa al
unbelieving	un believing
ibex	ibex
piggyback	piggyback
brevity	brief ity
tufted	tuft ed
uncharitable	un charitable
outlay	out lay
outwork	out work
perspiration	perspire ation
smuggle	smuggle
incompressible	in compressible
constipated	constipated
simplification	simplify ation
poised	poised
congestion	congest ion
plaice	plaice
sierra	sierra
dominantly	dominant ly
commodore	commodore
laughing	laughing
unavoidable	un avoidable
donkey	donkey
quietness	quiet ness
ducat	ducat
cabin	cabin
nervelessly	nerveless ly
piper	pipe er
officiously	officious ly
capably	capable ly
remount	remount
bordello	bordello
data	data
allied	allied
ventilator	ventilate or
tubful	tub ful
leveller	level er
harelipped	hare lip ed
lewdly	lewd ly
darts	darts
eastwards	eastward s
swede	swede
savoy	savoy
merit	merit
annuitant	annuity ant
shit	shit
meditatively	meditative ly
barring	barring
twentieth	twentieth
above	above
evaporation	evaporate ion
reefer	reef er
gregariousness	gregarious ness
iniquitous	iniquity ous
quantitatively	quantitative ly
mimic	mimic
stinger	sting er
succubus	succubus
palatial	palace ial
syndication	syndicate ion
racist	racism ist
barter	barter
toppingly	topping ly
posit	posit
symbolically	symbolic ally
novitiate	novice ate
sublime	sublime
arithmetician	arithmetic ian
combustion	combust ion
chest	chest
indiscernible	in discernible
genuinely	genuine ly
stupefaction	stupefy ion
dolorous	dolour ous
misjudge	mis judge
blankly	blank ly
lint	lint
foal	foal
teacher	teach er
cryptically	cryptic ally
wallaby	wallaby
brittle	brittle
more	more
plentifully	plentiful ly
sensor	sense or
uselessness	useless ness
couth	couth
intrusive	intrusion ive
mandolin	mandolin
patchily	patchy ly
focal	focus al
touched	touched
radio	radio
son	son
forehand	fore hand
clerk	clerk
humdrum	humdrum
restricted	restricted
occasionally	occasional ly
thanklessness	thankless ness
specificity	specific ity
gob	gob
magnificence	magnificent ence
phut	phut
shelf	shelf
sneeze	sneeze
shortening	shortening
bag	bag
dour	dour
unpretentiously	unpretentious ly
orison	orison
quotable	quote able
stodgy	stodge y
blindly	blind ly
deucedly	deuced ly
weeping	weeping
instrumentation	instrument ation
blond	blond
misfit	mis fit
phallic	phallus ic
unapproachable	un approachable
fruity	fruit y
feebleness	feeble ness
exhumation	exhume ation
idle	idle
greyness	grey ness
forwards	forward s
scene	scene
sloppy	slop y
shuffler	shuffle er
lyceum	lyceum
ingrown	in grown
incidence	incident ence
primal	prime al
fabrication	fabricate ion
maximal	maximum al
plasterer	plaster er
buster	bust er
demonstrably	demonstrable ly
cautionary	caution ary
avail	avail
kitchen	kitchen
plumb	plumb
togetherness	together ness
remilitarization	remilitarize ation
cachet	cachet
cloddish	clod ish
prohibitive	prohibition ive
rustiness	rusty ness
beta	beta
discursiveness	discursive ness
mention	mention
fallibility	fallible ity
criminal	criminal
excitedly	excited ly
explorative	exploration ive
taxable	tax able
footage	foot age
exhibitionism	exhibition ism
active	action ive
protraction	protract ion
limpidly	limpid ly
admonishing	admonishing
homesickness	homesick ness
unfailing	un failing
rationally	rational ly
scruple	scruple
unloose	un loose
tannin	tannin
discredit	discredit
adventuresome	adventure some
cretinous	cretin ous
racism	race ism
distally	distal ly
refutation	refute ation
conjunction	conjoin ion
staunchness	staunch ness
strip	strip
childbearing	childbearing
bury	bury
clingy	cling y
curmudgeon	curmudgeon
tattoo	tattoo
irresolution	irresolute ion
skateboard	skateboard
complicated	complicated
recording	recording
germ	germ
debauch	debauch
vault	vault
incomplete	in complete
uncivil	un civil
splice	splice
detour	de tour
encounter	encounter
inactivate	inactive ate
exportable	export able
unsparingly	unsparing ly
pylon	pylon
delineate	de line ate
musician	music ian
ravel	ravel
jester	jest er
algorithm	algorithm
dispirit	dis spirit
sartorially	sartorial ly
fosse	fosse
slothfully	slothful ly
manicure	manicure
invulnerable	in vulnerable
prudential	prudence ial
signification	signify ation
pyramid	pyramid
knowledgeably	knowledgeable ly
lateral	lateral
persecution	persecute ion
plenteousness	plenteous ness
incapably	incapable ly
crumple	crumple
occidental	Occident al
replay	replay
seamy	seam y
pressurization	pressurize ation
reunite	re unite
proposer	propose er
allowable	allow able
fingerprint	fingerprint
instructor	instruct or
sail	sail
shapely	shape ly
assuage	assuage
sunny	sun y
rubberize	rubber ize
remould	re mould
physicist	physics ist
elevated	elevated
are	are
inattentiveness	inattentive ness
possessed	possessed
masonic	masonic
strainer	strain er
crucially	crucial ly
trump	trump
buggered	buggered
blockage	block age
anna	anna
aimlessness	aimless ness
sphincter	sphincter
convert	convert
frilly	frill y
bohemian	Bohemia an
eighty	eight ty
destructively	destructive ly
move	move
sectarianism	sectarian ism
slinger	sling er
variably	variable ly
sprinkle	sprinkle
vole	vole
gate	gate
raspingly	rasping ly
minute	minute
remover	remove er
interpellation	interpellate ion
tenon	tenon
conditional	conditional
invasion	invade ion
scribble	scribble
indignantly	indignant ly
stodginess	stodgy ness
evergreen	evergreen
loin	loin
shop	shop
testis	testis
purdah	purdah
rallentando	rallentando
angelical	angel ical
hither	hither
sensationalist	sensationalism ist
intentionally	intentional ly
healthful	health ful
imperfection	imperfect ion
motive	motive
revengeful	revenge ful
thirty	three ty
misinform	mis inform
python	python
equation	equate ion
strapless	strap less
toothsome	tooth some
grouchiness	grouchy ness
providently	provident ly
ephemerally	ephemeral ly
environmental	environment al
integrate	integer ate
loopy	loop y
ask	ask
shouting	shouting
tamable	tame able
disintegrate	dis integrate
mysteriously	mysterious ly
seventy	seven ty
contender	contend er
carbonize	carbon ize
woman	woman
swatter	swat er
equalitarian	equalitarian
ism	ism
admiration	admire ation
halo	halo
reputation	repute ation
fillet	fillet
phobic	phobic
disembowel	dis em bowel
telegraphy	telegraph y
soil	soil
dispiritedly	dispirited ly
insatiate	in satiate
abrasively	abrasive ly
encyclopedically	encyclopedic ally
derequisition	de requisition
uncomfortable	un comfortable
vastness	vast ness
golden	gold en
brae	brae
borrower	borrow er
chastity	chaste ity
foetal	foetus al
pumpkin	pumpkin
flagellant	flagellate ant
staging	staging
prescriptive	prescription ive
fort	fort
ascendancy	ascendant ancy
sadden	sad en
coffers	coffers
teleologist	teleology ist
soloist	solo ist
cyclically	cyclical ly
reprovingly	reproving ly
chemical	chemical
emotive	emotion ive
whale	whale
perry	perry
copeck	copeck
fair	fair
ret	ret
futurist	futurism ist
fichu	fichu
bell	bell
floridly	florid ly
firth	firth
rerun	re run
feminist	feminist
pretentiously	pretentious ly
dun	dun
sweetness	sweet ness
disassociate	dis associate
procrastination	procrastinate ion
untowardness	untoward ness
demon	demon
doubtless	doubt less
revitalization	revitalize ation
scroll	scroll
flail	flail
comfy	comfortable y
neighbour	neighbour
choicely	choice ly
plight	plight
undercut	under cut
toffee	toffee
personable	person able
rotter	rot er
anthropoid	anthropoid
elusive	elusion ive
sphinx	sphinx
blusterer	bluster er
langur	langur
timely	time ly
sequel	sequel
liable	liable
grumbling	grumbling
cannibal	cannibal
colonization	colonize ation
incorporation	incorporate ion
internalization	internalize ation
sprint	sprint
junketing	junketing
ditto	ditto
hospitalize	hospital ize
possessively	possessive ly
camping	camping
manioc	manioc
moisten	moist en
confederate	confederate
indistinctness	indistinct ness
itinerary	itinerate ary
administration	administer ation
tine	tine
modernize	modern ize
abundant	abound ant
sunbather	sunbathe er
downstream	downstream
riffraff	riffraff
jeep	jeep
potheen	potheen
candidly	candid ly
detective	detection ive
revenue	revenue
horrific	horrify ic
hymen	hymen
cordial	cordial
technician	technique ian
chow	chow
villainies	villainy s
outcaste	out caste
onside	onside
tripper	trip er
foresight	fore sight
sublet	sub let
ropey	rope y
billowy	billow y
test	test
buttery	butt ery
phalarope	phalarope
disgruntled	disgruntled
fountain	fountain
toxic	toxin ic
mathematically	mathematical ly
glossy	gloss y
heartlessness	heartless ness
rewire	re wire
gullibly	gullible ly
disadvantageous	disadvantage ous
tawdriness	tawdry ness
enjoyably	enjoyable ly
preciously	precious ly
barbel	barbel
acid	acid
sincere	sincere
nab	nab
competitiveness	competitive ness
renovator	renovate or
pusher	push er
attitudinize	attitude ize
deforest	de forest
capaciously	capacious ly
costing	costing
supporter	support er
hypnotist	hypnotism ist
younger	younger
beard	beard
unerringly	unerring ly
impertinently	impertinent ly
roar	roar
roneo	roneo
stalk	stalk
rasp	rasp
repairer	repair er
rueful	rue ful
haunch	haunch
devilishly	devilish ly
simulation	simulate ion
wait	wait
corrupt	corrupt
runner	run er
gratis	gratis
blithesome	blithe some
sensory	sense ory
jungle	jungle
carat	carat
unobtrusiveness	unobtrusive ness
varied	varied
unquestioned	un questioned
dethrone	de throne
seedsman	seed s man
guileful	guile ful
flirt	flirt
grief	grieve
puniness	puny ness
squarely	square ly
commemorative	commemoration ive
divergence	divergent ence
chord	chord
cuff	cuff
pertinently	pertinent ly
aeronautical	aeronaut ical
disingenuousness	disingenuous ness
hubbub	hubbub
liqueur	liqueur
hogshead	hog s head
cashmere	cashmere
allopathical	allopathy ical
tedious	tedium ous
greens	greens
grape	grape
nautically	nautical ly
gravely	grave ly
replenish	re plenish
wheat	wheat
pus	pus
canyon	canyon
introspective	introspection ive
envenom	en venom
stopper	stop er
outspokenly	outspoken ly
rooms	rooms
roadless	road less
outmatch	out match
prey	prey
oratorically	oratorical ly
decoder	decode er
unprofessionally	unprofessional ly
paunch	paunch
snowball	snowball
rigorously	rigorous ly
widely	wide ly
wolfsbane	wolf s bane
sightless	sight less
gavel	gavel
outfit	outfit
copra	copra
stutteringly	stuttering ly
multiple	multiple
purport	purport
probing	probing
vaunter	vaunt er
misconceive	mis conceive
pedestal	pedestal
nippers	nip er s
magus	magus
wheresoever	wheresoever
nitrate	nitre ate
cahoots	cahoots
competitor	compete or
typographer	typography er
scoffer	scoff er
low	low
galosh	galosh
underground	underground
marguerite	marguerite
eponymous	eponym ous
gainful	gain ful
compline	compline
urbanization	urbanize ation
roguish	rogue ish
uncommitted	un committed
thoughtlessness	thoughtless ness
salad	salad
fond	fond
draught	draught
noiselessness	noiseless ness
unskilled	un skilled
dumper	dump er
representation	represent ation
therapeutical	therapy ical
accidentally	accidental ly
ozone	ozone
octopus	octopus
lawless	law less
impregnably	impregnable ly
tango	tango
leggy	leg y
underbid	under bid
surprisingly	surprising ly
currishly	currish ly
driver	drive er
receipts	receipts
million	million
serenade	serenade
sericultural	sericulture al
disagreeableness	disagreeable ness
quoin	quoin
graceless	grace less
seventeenth	seventeenth
habitable	habitation able
sip	sip
whites	white s
trumpeter	trumpet er
torturer	torture er
like	like
sable	sable
pollen	pollen
expo	exposition
zany	zany
drunkenness	drunken ness
weep	weep
convivially	convivial ly
cryptographically	cryptographic ally
degenerate	degenerate
blacklist	blacklist
mound	mound
noncontributory	non contributory
bad	bad
distinctive	distinction ive
actuate	act ate
boodle	boodle
ownership	owner ship
predicatively	predicative ly
incurably	incurable ly
essential	essence ial
closefisted	close fist ed
pyrotechnic	pyrotechny ic
syllabication	syllabicate ion
outline	out line
overtake	over take
further	further
safe	safe
separator	separate or
buffer	buffer
mood	mood
unevenly	un even ly
encase	en case
colloquial	colloquy al
bulgy	bulge y
shunter	shunt er
effusiveness	effusive ness
legato	legato
alcoholism	alcohol ism
charming	charming
affectionately	affectionate ly
philistinism	philistine ism
gluey	glue y
disillusioned	disillusioned
flaccid	flaccid
succumb	succumb
deuced	deuce ed
heartlessly	heartless ly
stentorian	Stentor ian
upholder	uphold er
thriller	thrill er
pentagonal	pentagon al
undeniably	undeniable ly
higher	higher
mastiff	mastiff
casuistry	casuist ry
luck	luck
extemporize	extempore ize
lettuce	lettuce
poove	poove
afore	afore
hobble	hobble
impulsively	impulsive ly
obstructive	obstruction ive
vitalize	vital ize
obliviously	oblivious ly
groat	groat
ransom	ransom
gradualness	gradual ness
adoringly	adoring ly
orchestrate	orchestra ate
theorem	theorem
persevering	persevering
polemically	polemical ly
predetermination	predetermine ation
drip	drip
feint	feint
cloudiness	cloudy ness
steel	steel
eve	eve
many	many
practician	practise ian
compare	compare
fratricidal	fratricide al
collapse	collapse
euphonious	euphony ous
premaritally	premarital ly
site	site
barricade	barricade
brainy	brain y
grandiloquence	grandiloquent ence
tolerantly	tolerant ly
acrobatic	acrobat ic
aureola	aureola
prosodic	prosody ic
palliation	palliate ion
buoyant	buoy ant
venomed	venom ed
decently	decent ly
gutturally	guttural ly
becoming	becoming
coupon	coupon
falcon	falcon
irrationality	irrational ity
agitating	agitating
pestilential	pestilence ial
plosive	plosive
incommodiously	incommodious ly
heaviness	heavy ness
tuneful	tune ful
remorsefulness	remorseful ness
apprehensively	apprehensive ly
changeably	changeable ly
thus	thus
bigamist	bigamy ist
uniquely	unique ly
facilities	facilities
governmental	government al
dynamically	dynamic ally
packed	packed
piglet	pig let
ally	ally
glut	glut
private	private
opulence	opulent ence
moo	moo
unconsciousness	unconscious ness
calligrapher	calligraphy er
navigable	navigate able
beefy	beef y
choosy	choose y
mayoral	mayor al
teachable	teach able
ground	ground
discredit	dis credit
sheen	sheen
efficacity	efficacious ity
revoltingly	revolting ly
slackness	slack ness
endurable	endure able
crazily	crazy ly
snicker	snick er
roomy	room y
stylistically	stylistic ally
quickly	quick ly
teasel	teasel
pram	perambulator
incandescently	incandescent ly
consulate	consul ate
cravat	cravat
emir	emir
generative	generation ive
pupa	pupa
buckle	buckle
whitening	whitening
incongruity	incongruous ity
realizable	realize able
fool	fool
recommendation	recommend ation
sheldrake	sheldrake
needless	need less
love	love
multitudinously	multitudinous ly
billposter	bill post er
coax	coax
bait	bait
deflection	deflect ion
matchlessly	matchless ly
ramification	ramify ation
dolefully	doleful ly
stalwartly	stalwart ly
anachronistically	anachronistic ally
alumna	alumna
partitively	partitive ly
delinquent	delinquent
increase	increase
prescriptivist	prescriptivism ist
everlastingly	everlasting ly
retire	retire
encipher	en cipher
panic	panic
transcendently	transcendent ly
vote	vote
nightly	nightly
downwind	downwind
uncharitably	uncharitable ly
pureblooded	pure blood ed
vertebral	vertebra al
drill	drill
bilateralism	bilateral ism
marriage	marry age
winch	winch
republican	republic an
clique	clique
mollusc	mollusc
psychosomatically	psychosomatic ally
piggishness	piggish ness
miserliness	miserly ness
shut	shut
tidy	tidy
posturing	posturing
lawyer	law er
vigil	vigil
cynically	cynical ly
kebab	kebab
giggle	giggle
disinfect	dis infect
preservative	preservation ive
devalue	de value
strangle	strangle
vogue	vogue
correspondingly	corresponding ly
platypus	platypus
retroactively	retroactive ly
faulty	fault y
instate	in state
acumen	acumen
disputable	dispute able
fashionable	fashion able
truism	true ism
widgeon	widgeon
place	place
satanically	satanic ally
incandescence	incandescent ence
dribble	dribble
ethnologically	ethnological ly
bulb	bulb
providing	providing
lovingly	loving ly
enzyme	enzyme
conservationist	conservation ist
affray	affray
heal	heal
genealogical	genealogy ical
authoritarianism	authoritarian ism
unusually	unusual ly
smacker	smack er
commons	common s
slouching	slouching
shank	shank
meliorism	meliorate ism
overriding	overriding
tacitly	tacit ly
fundamentalist	fundamentalism ist
related	related
recompense	recompense
indissoluble	in dissoluble
inexcusably	inexcusable ly
kernel	kernel
camphorate	camphor ate
viscosity	viscous ity
rotundity	rotund ity
tarpaulin	tarpaulin
rerun	rerun
incarceration	incarcerate ion
hammock	hammock
inkily	inky ly
irritation	irritate ion
causelessly	causeless ly
hyphen	hyphen
restrictively	restrictive ly
sac	sac
limpness	limp ness
redden	red en
causality	causal ity
unaccountably	unaccountable ly
negotiator	negotiate or
rudeness	rude ness
commendatory	commendation ory
sequestered	sequestered
manometric	manometer ic
splotchy	splotch y
nonflammable	non flammable
lecherousness	lecherous ness
adaptability	adaptable ity
educator	educate or
dreamlessly	dreamless ly
inclusive	inclusion ive
saxophonist	saxophone ist
dressing	dressing
coaxingly	coax ing ly
dishonourable	dishonour able
inbreeding	inbreeding
pedigree	pedigree
peckish	peck ish
trochaic	trochaic
alternate	alternate
char	charwoman
incurability	incurable ity
unwilling	un willing
sudden	sudden
morello	morello
underneath	under beneath
gluttonously	gluttonous ly
modestly	modest ly
feast	feast
yeast	yeast
microfilm	microfilm
puerperal	puerperium al
stowage	stow age
acidulated	acidulated
soldierlike	soldier like
integument	in tegument
alley	alley
provider	provide er
greeting	greeting
affirmative	affirmation ive
frugality	frugal ity
chubbiness	chubby ness
straight	straight
operationally	operational ly
well	well
redolence	redolent ence
gamma	gamma
simoon	simoon
wife	wife
pontificals	pontifical s
singular	singular
resolve	resolve
hornless	horn less
downrightness	downright ness
calumniate	calumny ate
stanza	stanza
menthol	menthol
let	let
thermion	thermo ion
withdrawn	withdrawn
conventional	convention al
retired	retired
unmask	un mask
tacky	tack y
grotesquely	grotesque ly
tempest	tempest
wingless	wing less
destitution	destitute ion
tragedian	tragedy an
molecule	molecule
fiftieth	fiftieth
cable	cable
rub	rub
blameless	blame less
willingness	willing ness
unionize	union ize
curability	curable ity
press	press
secrecy	secret cy
nebula	nebula
categorize	category ize
saga	saga
veining	vein ing
overshot	over shot
shamefully	shameful ly
dismember	dis member
yen	yen
electoral	elector al
legislatively	legislative ly
canasta	canasta
duster	dust er
sicken	sick en
recuperation	recuperate ion
present	present
incontinent	in continent
gangrene	gangrene
ethereally	ethereal ly
inactivity	inactive ity
creakiness	creaky ness
bonus	bonus
lascar	lascar
neatly	neat ly
calculably	calculable ly
tear	tear
carcass	carcass
rodent	rodent
pastrami	pastrami
predetermine	pre determine
skilful	skill ful
adaptable	adapt able
disarm	dis arm
crossbred	crossbred
delightfully	delightful ly
scandalmongering	scandalmonger ing
villa	villa
impact	impact
mispronounce	mis pronounce
satisfying	satisfying
live	live
gorse	gorse
feudatory	feudatory
conic	cone ic
intactness	intact ness
economist	economy ist
predominantly	predominant ly
custodial	custody al
checkers	checkers
mistiness	misty ness
economically	economic ally
earthy	earth y
surrealist	surrealism ist
prosperity	prosperous ity
rawness	raw ness
roneo	Roneo
machinery	machine ery
defenceless	defence less
mark	mark
faithless	faith less
patten	patten
burg	burg
respect	respect
arse	arse
theirs	their s
prefigure	pre figure
aperient	aperient
crisp	crisp
disloyalty	disloyal ty
wealthy	wealth y
crutch	crutch
cretonne	cretonne
acorn	acorn
gist	gist
dwelling	dwelling
rubbery	rubber y
transcendentally	transcendental ly
colon	colon
monotonous	monotony ous
rhythmical	rhythm ical
trustworthiness	trustworthy ness
eventually	eventual ly
compliant	comply ant
marcher	march er
impetuosity	impetuous ity
cautiously	cautious ly
doctrinaire	doctrinaire
scenery	scene ery
hustler	hustle er
legatee	legate ee
brass	brass
kimono	kimono
troy	troy
amoebic	amoeba ic
ticket	ticket
ravishing	ravishing
marzipan	marzipan
twitch	twitch
slushy	slush y
unfortunate	unfortunate
reposeful	repose ful
chippy	chip y
murphy	murphy
disprove	dis prove
elector	elect or
fain	fain
conception	conceive ion
surpliced	surplice ed
feed	feed
symmetric	symmetry ic
renewal	renew al
hoydenish	hoyden ish
percipience	percipient ence
dative	dative
drove	drove
betwixt	betwixt
oft	oft
pulverization	pulverize ation
viable	viable
spry	spry
studiously	studious ly
stifle	stifle
psychotically	psychotic ally
rewards	rewards
snobbishly	snobbish ly
vermin	vermin
hugely	huge ly
reverently	reverent ly
imam	imam
pooch	pooch
aquaplane	aquaplane
flush	flush
cattiness	catty ness
vindication	vindicate ion
introduction	introduce ion
forelock	fore lock
incessant	in cease ant
handful	hand ful
oxidization	oxidize ation
ethnographically	ethnographic ally
pencil	pencil
billsticker	bill stick er
driveller	drivel er
alimentary	aliment ary
fiscally	fiscal ly
coloured	colour ed
rhapsody	rhapsody
campaigner	campaign er
its	its
cryptical	crypt ical
impishness	impish ness
greasily	greasy ly
sty	sty
subatomic	sub atomic
bast	bast
plantain	plantain
garishness	garish ness
delft	delft
improvidently	improvident ly
throughout	through out
deduction	deduce ion
nth	n th
wastage	waste age
oxide	oxide
broadmindedness	broadminded ness
dampish	damp ish
correlative	correlative
view	view
unrelentingly	unrelenting ly
come	come
armlet	arm let
salaciousness	salacious ness
unseasoned	un seasoned
sizzle	sizzle
jaunt	jaunt
unblushing	un blushing
jobber	job er
safecracker	safe crack er
provably	provable ly
location	locate ion
clannishness	clannish ness
sleeve	sleeve
squeamishness	squeamish ness
intractable	in tractable
obstinately	obstinate ly
rateability	rateable ity
swine	swine
mirthfully	mirthful ly
smitten	smitten
voodooism	voodoo ism
overcrop	over crop
venom	venom
comfrey	comfrey
lateen	lateen
lob	lob
cad	cad
enthralled	enthralled
con	con
overmuch	overmuch
introvert	introvert
centrist	centrist
dunce	dunce
digs	digs
woodpecker	wood peck er
forefinger	fore finger
sedulously	sedulous ly
hula	hula
unhinge	un hinge
uneconomical	un economical
unwieldy	un wield y
upholstery	upholster ery
calendar	calendar
expenses	expenses
bunkered	bunker ed
near	near
meretriciousness	meretricious ness
reticulation	reticulate ion
cotton	cotton
endearingly	endearing ly
maudlin	maudlin
confusedly	confused ly
trafficker	traffic er
fetid	fetid
nullity	null ity
audibly	audible ly
reportage	report age
patrimonial	patrimony al
frolic	frolic
conclave	conclave
placidity	placid ity
boar	boar
separation	separate ion
demagogic	demagogy ic
laugh	laugh
admirer	admire er
greyish	grey ish
deviousness	devious ness
parasitically	parasitical ly
germination	germinate ion
plucky	pluck y
eloquence	eloquent ence
surfing	surfing
disloyal	dis loyal
rascal	rascal
compel	compel
jubilation	jubilate ion
rally	rally
inconspicuous	in conspicuous
substantiate	substance ate
sybarite	Sybaris ite
nebulousness	nebulous ness
deception	deceive ion
scurry	scurry
invoice	invoice
predestine	pre destine
horsewhip	horsewhip
killer	kill er
typically	typical ly
automatic	automaton ic
toxicologist	toxicology ist
angularity	angular ity
pugilistic	pugilist ic
lucent	lucent
amplification	amplify ation
appellant	appellant
satanic	Satan ic
multitudinousness	multitudinous ness
duenna	duenna
vary	vary
distantly	distant ly
maize	maize
undistinguished	un distinguished
understate	under state
shivery	shiver y
foredoom	fore doom
header	head er
lamely	lame ly
dread	dread
scurrility	scurrilous ity
straitened	straitened
continuity	continuous ity
crabbed	crabbed
satisfactorily	satisfactory ly
victoria	Victoria
starling	starling
scoundrelly	scoundrel y
domain	domain
whelp	whelp
chimerically	chimerical ly
ancient	ancient
tyrannous	tyrant ous
benighted	be night ed
sweeping	sweeping
ewe	ewe
lend	lend
asparagus	asparagus
salutation	salute ation
congressional	congress al
ellipse	ellipse
herbal	herb al
showy	show y
inapplicable	in applicable
gored	gore ed
aspen	aspen
cogently	cogent ly
overweight	over weight
constitutionalize	constitutional ize
stress	stress
compulsorily	compulsory ly
tobacco	tobacco
bough	bough
flannels	flannels
paramount	paramount
fairish	fair ish
cheer	cheer
trivially	trivial ly
elliptically	elliptical ly
rakish	rake ish
bedaub	be daub
automatically	automatic ally
perceptiveness	perceptive ness
bestial	beast ial
bonesetter	bone set er
inconstant	in constant
evidence	evidence
cot	cot
treacherous	treachery ous
demob	demob
anonymous	anonym ous
sans	sans
salt	salt
inauspicious	in auspicious
snooze	snooze
narcotic	narcotic
limbless	limb less
unfavourably	unfavourable ly
nudist	nudist
nankeen	nankeen
carry	carry
loudspeaker	loud speak er
trust	trust
cosignatory	cosignatory
filtrate	filtrate
distillation	distil ation
cheapness	cheap ness
lurcher	lurch er
suspenders	suspenders
bloodthirstiness	bloodthirsty ness
childishly	childish ly
needfully	needful ly
demolition	demolish ion
locker	lock er
reconstitute	re constitute
blotch	blotch
lineal	line al
unconvincing	un convincing
formalism	formal ism
nett	nett
cunnilinctus	cunnilinctus
sands	sands
sub	sub
impassioned	impassioned
solicitousness	solicitous ness
additive	addition ive
rhododendron	rhododendron
bludgeon	bludgeon
tranquil	tranquil
shopper	shop er
limy	lime y
unceasing	un ceasing
fours	fours
dare	dare
symmetrical	symmetry ical
pasteurize	Pasteur ize
teenage	teens age
confab	confabulate
griper	gripe er
irrelevancy	irrelevant ancy
telephone	telephone
facings	facings
silliness	silly ness
xenophobic	xenophobia ic
boohoo	boohoo
brutality	brutal ity
sulphate	sulphur ate
shake	shake
reporter	report er
hibernation	hibernate ion
cook	cook
testamentary	testament ary
feeble	feeble
misinterpretation	misinterpret ation
hermit	hermit
tipsily	tipsy ly
bigamous	bigamy ous
spectral	spectre al
insensate	in sense ate
applied	applied
scaffold	scaffold
festivity	festive ity
vermifuge	vermifuge
years	years
freehanded	free hand ed
spasmodical	spasm ical
coiffured	coiffure ed
cocoon	cocoon
stupor	stupor
groceries	groceries
cracksman	crack s man
mandragora	mandragora
adamantine	adamant ine
untinged	un tinged
relive	re live
completeness	complete ness
presents	present s
moderations	moderation s
pharisee	pharisee
sordidly	sordid ly
incompatibility	incompatible ity
oven	oven
roasting	roasting
fairness	fair ness
licensee	license ee
malign	malign
deed	deed
fugitive	fugitive
butch	butch
unlimited	un limited
goodbye	goodbye
mature	mature
hag	hag
cancel	cancel
marten	marten
awkwardly	awkward ly
primordially	primordial ly
natural	natural
sucrose	sucrose
subjectivity	subjective ity
pleasantness	pleasant ness
inaptly	inapt ly
vividness	vivid ness
partita	partita
vicissitude	vicissitude
discipline	discipline
irremediably	irremediable ly
prickliness	prickly ness
overarm	overarm
dizzily	dizzy ly
uneconomic	un economic
outnumber	out number
vinyl	vinyl
rust	rust
obsessive	obsession ive
holder	hold er
undress	un dress
frizzle	frizzle
believably	believable ly
maiden	maiden
starkly	stark ly
palmetto	palmetto
teeth	teeth
loudmouthed	loudmouth ed
why	why
itchiness	itchy ness
metronome	metronome
mourn	mourn
unlawfully	unlawful ly
planet	planet
nines	nines
bate	bate
motley	motley
fife	fife
respectability	respectable ity
kinky	kink y
curative	curative
proclamation	proclaim ation
govern	govern
mildly	mild ly
overhand	over hand
grown	grown
vivisectionist	vivisection ist
freeholder	freehold er
dory	dory
yahoo	yahoo
barbarously	barbarous ly
confirmation	confirm ation
hank	hank
humus	humus
rummy	rummy
venturer	venture er
enraged	enraged
synthetic	synthesis ic
electromagnetic	electromagnet ic
apache	apache
penetratingly	penetrating ly
tentativeness	tentative ness
suppressor	suppress or
defendant	defend ant
rift	rift
catastrophic	catastrophe ic
blackberrying	blackberry ing
pureness	pure ness
detachedly	detached ly
lantern	lantern
control	control
incompetence	incompetent ence
ostrich	ostrich
verbena	verbena
profanation	profane ation
unutterable	un utterable
contiguousness	contiguous ness
smithy	smith y
elevation	elevate ion
cupola	cupola
interpose	inter pose
retract	retract
numeracy	numerate cy
remodel	re model
tumbrel	tumbrel
prize	prize
barbed	barb ed
aggregation	aggregate ion
misadventure	mis adventure
cragged	crag ed
consolable	console able
indisposition	in disposition
saturation	saturate ion
validly	valid ly
heptagonal	heptagon al
candidacy	candidate cy
newsiness	newsy ness
scorching	scorching
unnecessarily	unnecessary ly
resentfully	resentful ly
declaim	de claim
spider	spider
freakishly	freakish ly
immediacy	immediate cy
paramour	paramour
genitally	genital ly
adroitly	adroit ly
velar	velar
proverbial	proverb ial
saliva	saliva
senseless	sense less
humanities	humanity s
basely	base ly
undertaker	undertake er
milkiness	milky ness
covert	covert
divan	divan
coup	coup
thirdly	third ly
seduction	seduce ion
unbind	un bind
quit	quit
replace	re place
sufficiently	sufficient ly
reduplicate	re duplicate
fluffy	fluff y
tartly	tart ly
unfaithfully	unfaithful ly
holidaymaker	holiday make er
pear	pear
tracer	trace er
charivari	charivari
confidentially	confidential ly
relatively	relative ly
overflow	overflow
growlingly	growling ly
oxygenize	oxygen ize
veraciously	veracious ly
lawfulness	lawful ness
vermilion	vermilion
motorize	motor ize
league	league
mansions	mansions
piece	piece
stoolie	stool ie
chieftainship	chieftain ship
grot	grot
information	inform ation
heckle	heckle
quern	quern
fibre	fibre
foreskin	fore skin
sooty	soot y
pearliness	pearly ness
burst	burst
lechery	lecher ery
band	band
reflexes	reflexes
assegai	assegai
perm	perm
spar	spar
revisionism	revision ism
thoughtfulness	thoughtful ness
miserable	misery able
parer	pare er
coster	costermonger
necessitous	necessity ous
grossness	gross ness
sketchiness	sketchy ness
burnous	burnous
pardonable	pardon able
incorrect	in correct
rebellion	rebel ion
reversibility	reversible ity
weed	weed
bruiser	bruise er
crone	crone
convulse	convulse
tunnel	tunnel
genre	genre
trusteeship	trustee ship
intransigence	intransigent ence
pious	pious
sporting	sporting
pixie	pixie
wriggler	wriggle er
hazardousness	hazardous ness
surefootedly	surefooted ly
lingam	lingam
perishingly	perishing ly
mirth	mirth
timelessly	timeless ly
astride	astride
rawly	raw ly
hollowness	hollow ness
pope	pope
solid	solid
sultrily	sultry ly
swat	swat
normal	norm al
sultanate	sultan ate
selection	select ion
the	the
conveyer	convey er
brisket	brisket
khaki	khaki
long	long
cubism	cube ism
mizzen	mizzen
glutton	glutton
clean	clean
farcically	farcical ly
amorphously	amorphous ly
garble	garble
solvent	solvent
audition	audit ion
foundress	founder ess
claw	claw
slumbrous	slumber ous
ignition	ignite ion
solemnly	solemn ly
dishful	dish ful
unarmed	un armed
liberally	liberal ly
habit	habit
determinative	determination ive
corps	corps
merchant	merchant
mope	mope
crop	crop
usher	usher
anything	anything
underclothing	under clothing
gala	gala
expedient	expedient
saddler	saddle er
owlish	owl ish
wig	wig
knee	knee
idealization	idealize ation
carver	carve er
fifth	fifth
dogmatically	dogmatic ally
seriousness	serious ness
amortization	amortize ation
unroll	un roll
pillar	pillar
shocking	shocking
leprous	leper ous
gibe	gibe
ting	ting
estimation	estimate ion
checker	check er
embroidery	embroider ery
sinew	sinew
frequently	frequent ly
enshrine	en shrine
customary	custom ary
artistically	artistic ally
magnificently	magnificent ly
diligently	diligent ly
entrenched	entrenched
appear	appear
shackle	shackle
surely	sure ly
porpoise	porpoise
talent	talent
geophysical	geophysics al
kink	kink
ream	ream
unclaimed	un claimed
dubbing	dubbing
legendary	legend ary
parenthood	parent hood
including	including
erectness	erect ness
coat	coat
pictorial	pictorial
scree	scree
kinship	kin ship
bazaar	bazaar
capital	capital
brotherliness	brotherly ness
pain	pain
conformation	conform ation
garrulity	garrulous ity
speciously	specious ly
indiscipline	in discipline
registration	register ation
castle	castle
entail	entail
demoralize	de moral ize
pawpaw	pawpaw
sphere	sphere
loathsomeness	loathsome ness
achieve	achieve
worrisome	worry some
sectary	sect ary
formalist	formalist
uncork	un cork
veined	vein ed
shipboard	ship board
scratch	scratch
lacrosse	lacrosse
wrongly	wrong ly
uninterested	un interested
slips	slips
idiotically	idiotic ally
jaws	jaws
executive	executive
sourness	sour ness
terrifically	terrific ally
key	key
demarcation	demarcate ion
propellant	propellant
psychotic	psychotic
provisory	proviso ory
curtly	curt ly
unbroken	un broken
personalty	personal ty
venerable	venerate able
outre	outre
rancidity	rancid ity
modernism	modern ism
revise	revise
record	record
reed	reed
dissimilar	dis similar
asp	asp
yodel	yodel
mum	mum
pinko	pinko
duckling	duck ling
elusory	elusion ory
stalemate	stalemate
alliteratively	alliterative ly
youthfully	youthful ly
poisoner	poison er
divot	divot
system	system
replaceable	replace able
ditch	ditch
depressing	depressing
glumness	glum ness
polarize	polar ize
rotary	rotary
vein	vein
remilitarize	re militarize
rate	rate
sincerely	sincere ly
reeducate	re educate
duet	duet
appropriateness	appropriate ness
sever	sever
excusably	excusable ly
tattler	tattle er
wonderfully	wonderful ly
loan	loan
gloatingly	gloat ing ly
slap	slap
prognosticator	prognosticate or
aseptically	aseptic ally
quagga	quagga
supra	supra
ethnographic	ethnography ic
easiness	easy ness
creative	creation ive
creole	creole
diffidently	diffident ly
bounds	bounds
tributary	tribute ary
exemplify	example ify
prink	prink
charm	charm
numerical	number ical
variable	vary able
invigilator	invigilate or
jimmy	jimmy
heck	heck
borstal	borstal
visitant	visit ant
tannic	tannin ic
outrange	out range
inexorably	inexorable ly
harvester	harvest er
toupee	toupee
otiose	otiose
unstudied	un studied
disfrock	dis frock
lamp	lamp
cork	cork
statesman	state s man
curl	curl
aphasic	aphasic
bloomers	bloomer s
kitschy	kitsch y
science	science
subdivision	subdivide ion
diner	dine er
testily	testy ly
unfeigned	un feigned
abbe	abbe
drifter	drift er
rigger	rig er
rehabilitation	rehabilitate ion
snook	snook
supremacist	supremacy ist
tod	tod
stranded	stranded
betrayer	betray er
garage	garage
schizophrenic	schizophrenia ic
externalization	externalize ation
malapropism	Malaprop ism
incarnation	incarnate ion
outwear	out wear
notability	notable ity
democratically	democratic ally
strumpet	strumpet
games	games
shag	shag
insularism	insular ism
magenta	magenta
executioner	execution er
bey	bey
howling	howling
vaccinate	vaccine ate
gibbon	gibbon
encircle	en circle
exchangeable	exchange able
silicone	silicone
dredge	dredge
wonders	wonders
accusing	accusing
scummy	scum y
dacha	dacha
circularize	circular ize
snuffles	snuffles
morass	morass
slouchingly	slouching ly
towelling	towelling
profligacy	profligate cy
familiarly	familiar ly
stucco	stucco
inorganic	in organic
urbanely	urbane ly
daily	daily
teaspoonful	teaspoon ful
paunchy	paunch y
convener	convene er
disable	dis able
piteously	piteous ly
diversity	diverse ity
bothersome	bother some
subcutaneous	sub cutaneous
inflammatory	inflammation ory
eclectically	eclectic ally
skinny	skin y
forenoon	fore noon
surefooted	sure foot ed
telephotography	telephotograph y
spiritualization	spiritualize ation
industriously	industrious ly
dishonour	dishonour
wrought	wrought
admittedly	admit ed ly
scrapings	scraping s
vocalize	vocal ize
tinter	tint er
prepossess	pre possess
subordinate	subordinate
greaser	grease er
equestrian	equestrian
argue	argue
gloomily	gloomy ly
mummification	mummify ation
brilliantine	brilliant ine
entrench	en trench
frog	frog
reproachful	reproach ful
ambivalently	ambivalent ly
thousand	thousand
wrinkly	wrinkle y
laurelled	laurel ed
spring	spring
thunderous	thunder ous
rigging	rigging
trippingly	tripping ly
certifiable	certify able
agitated	agitated
tremble	tremble
sanctities	sanctities
overly	over ly
vale	vale
ganger	gang er
unalterably	un alterable ly
immediateness	immediate ness
bellyful	belly ful
costliness	costly ness
golly	golliwog y
antecedence	antecedent ence
laxative	laxative
weigh	weigh
relevantly	relevant ly
compensatory	compensation ory
secretarial	secretary al
anthologist	anthology ist
abdication	abdicate ion
dowdily	dowdy ly
crushing	crushing
unattached	un attached
lamplighter	lamp light er
indicator	indicate or
daub	daub
pituitary	pituitary
blockade	blockade
incommensurable	in commensurable
buffoonery	buffoon ery
entomb	en tomb
complex	complex
bagful	bag ful
rurally	rural ly
quackery	quack ery
levodopa	levodopa
deposit	deposit
sliver	sliver
frankfurter	Frankfurt er
patty	patty
thread	thread
scolding	scolding
styrene	styrene
marbles	marbles
least	least
poulterer	poultry er
staidness	staid ness
sickening	sickening
dactylic	dactyl ic
fortuitously	fortuitous ly
burthen	burthen
freighter	freight er
kiss	kiss
dew	dew
bookmaker	book make er
whirr	whirr
noticeably	noticeable ly
pliancy	pliant ancy
croon	croon
algebra	algebra
flying	flying
laughably	laughable ly
tall	tall
willowy	willow y
meantime	meantime
calyx	calyx
megrim	megrim
zebu	zebu
bull	bull
osteopathy	osteopath y
backbiter	backbite er
screwball	screwball
indenture	indenture
chronicler	chronicle er
saltiness	salty ness
rapid	rapid
unhappily	unhappy ly
formlessness	formless ness
pennant	pennant
presage	presage
refractory	refract ory
ferociousness	ferocious ness
fourth	fourth
lynx	lynx
jump	jump
tilth	till th
ammo	ammunition
breeze	breeze
gusher	gush er
camper	camp er
pizzicato	pizzicato
aesthetics	aesthetic s
mammy	mam y
jaggedly	jagged ly
sociability	sociable ity
friar	friar
trend	trend
pacifically	pacific ally
bannock	bannock
niffy	niff y
scholarly	scholar ly
fluky	fluke y
liking	liking
beggarliness	beggarly ness
cosset	cosset
learner	learn er
uninformed	un informed
presto	presto
chirpiness	chirpy ness
cud	cud
precincts	precincts
process	process
beatification	beatify ation
royally	royal ly
dart	dart
bisection	bisect ion
thwack	thwack
leftist	leftist
sportive	sport ive
lastly	last ly
cancerous	cancer ous
dashingly	dashing ly
deleteriously	deleterious ly
psychiatrically	psychiatric ally
tight	tight
mellow	mellow
ballast	ballast
eligibility	eligible ity
commendation	commend ation
recess	recess
recollection	recollect ion
adjectival	adjective al
dearest	dearest
subtly	subtle ly
ordinand	ordinand
broil	broil
internationalize	international ize
cinema	cinema
prepared	prepared
availability	available ity
reportedly	report ed ly
frill	frill
snappishly	snappish ly
fatefully	fateful ly
shallowness	shallow ness
vindictively	vindictive ly
dynamite	dynamic ite
solace	solace
inn	inn
thine	thine
richness	rich ness
dowse	dowse
brassy	brass y
infatuate	in fatuous ate
superman	super man
ethyl	ethyl
pulchritudinous	pulchritude ous
punk	punk
sigh	sigh
prosaically	prosaic ally
elision	elide ion
certainly	certain ly
preclusion	preclude ion
gripping	gripping
terpsichorean	Terpsichore an
glider	glide er
compulsion	compel ion
outport	out port
immutability	immutable ity
cruise	cruise
centavo	centavo
bucolically	bucolic ally
satirize	satire ize
disclose	dis close
bode	bode
thickening	thickening
materially	material ly
scone	scone
collie	collie
forfeit	forfeit
inexactness	inexact ness
pauperism	pauper ism
insertion	insert ion
journalism	journal ism
circumcision	circumcise ion
disunion	dis union
ought	ought
horizontally	horizontal ly
shale	shale
aeronautics	aeronautic s
freehand	freehand
relative	relation ive
emblematically	emblematic ally
intangibility	intangible ity
mods	moderations
fiance	fiance
diagonal	diagonal
war	war
specifically	specific ally
duel	duel
deadly	deadly
lexical	lexicon al
intermission	intermit ion
tearing	tearing
dinosaur	dinosaur
presuming	presuming
specialization	specialize ation
bankruptcy	bankrupt cy
accommodatingly	accommodating ly
ingeniously	ingenious ly
popper	pop er
annexation	annex ation
emotionless	emotion less
schooling	schooling
forlornly	forlorn ly
foundation	found ation
formulaic	formula ic
equator	equate or
garrotte	garrotte
whiteness	white ness
sacrificial	sacrifice ial
motorcyclist	motorcycle ist
solver	solve er
eulogistic	eulogist ic
nonfiction	non fiction
impersonally	impersonal ly
reproachfully	reproachful ly
subtitle	sub title
energize	energy ize
overmaster	over master
burdensomeness	burdensome ness
chipmunk	chipmunk
affirmatively	affirmative ly
saltness	salt ness
condone	condone
programme	programme
pulpy	pulp y
conversational	conversation al
cylindrically	cylindrical ly
contrariwise	contrary wise
hoarsely	hoarse ly
thorny	thorn y
plankton	plankton
nonaligned	non aligned
coarsen	coarse en
rare	rare
kismet	kismet
exceedingly	exceeding ly
inbound	in bound
waverer	waver er
bridal	bride al
compendiously	compendious ly
inanimately	inanimate ly
denim	denim
lyric	lyric
grotto	grotto
eraser	erase er
elevenses	eleven s es
hybridize	hybrid ize
astrological	astrology ical
spindly	spindle y
rearward	rearward
pally	pall y
gown	gown
nap	nap
scatterbrained	scatter brain ed
temptation	tempt ation
admission	admit ion
pessimist	pessimism ist
panga	panga
accommodation	accommodate ion
leafage	leaf age
cold	cold
chasuble	chasuble
scandalous	scandal ous
exhaustion	exhaust ion
unfailingly	unfailing ly
casino	casino
chatterer	chatter er
experimental	experiment al
inappropriateness	inappropriate ness
reforest	re forest
spook	spook
sixteenth	sixteen th
myrrh	myrrh
atom	atom
tube	tube
precipitately	precipitate ly
suggestive	suggestion ive
alternative	alternative
qualifications	qualifications
chukka	chukka
mascara	mascara
insolence	insolent ence
surprising	surprising
progressively	progressive ly
sluggish	slug ish
beat	beat
courageously	courageous ly
daemon	daemon
persuasive	persuasion ive
ladyship	lady ship
ugliness	ugly ness
inexpiably	inexpiable ly
snappily	snappy ly
woad	woad
depilatory	depilatory
dumpling	dump ling
rigidly	rigid ly
oversell	over sell
inadequacy	inadequate cy
carnival	carnival
sublimate	sublime ate
bombastically	bombastic ally
dick	dick
person	person
dissociation	dissociate ion
retrieval	retrieve al
conceptualize	conceptual ize
once	once
closet	closet
frump	frump
tenderize	tender ize
vivaciously	vivacious ly
cosily	cosy ly
salmon	salmon
pillager	pillage er
conjectural	conjecture al
sassy	sass y
wispy	wisp y
floral	flora al
gavotte	gavotte
alike	a like
harmoniously	harmonious ly
eightieth	eighty th
simulated	simulated
armful	arm ful
positional	position al
caster	cast er
cupping	cupping
botanize	botany ize
interim	interim
nescience	nescient ence
crooner	croon er
casserole	casserole
altruistic	altruist ic
seductively	seductive ly
hyperbolic	hyperbola ic
denominate	de nominate
divination	divine ation
etymologist	etymology ist
extract	extract
literately	literate ly
lustre	lustre
provocative	provocation ive
archery	archer ery
beach	beach
meed	meed
stainless	stain less
shawl	shawl
scald	scald
perfidious	perfidy ous
venomously	venomous ly
sneer	sneer
coxswain	coxswain
photo	photograph
effusion	effuse ion
smelly	smell y
entertainingly	entertaining ly
queue	queue
anemone	anemone
tensely	tense ly
tidily	tidy ly
misdeal	mis deal
captiously	captious ly
filmy	film y
unspeakable	un speakable
moony	moon y
tote	tote
palliasse	palliasse
regretfully	regretful ly
convent	convent
lowness	low ness
light	light
reformatory	reformation ory
printer	print er
ambassadress	ambassador ess
decongestant	de congest ant
alumnus	alumnus
enplane	en plane
blow	blow
undercurrent	under current
fetishist	fetishism ist
hebdomadally	hebdomadal ly
readiness	ready ness
remind	re mind
trilingually	trilingual ly
benefactress	benefactor ess
festal	feast al
squiggly	squiggle y
profitlessly	profitless ly
bungler	bungle er
hypnotize	hypnotism ize
physiologist	physiology ist
steal	steal
inconsequentially	inconsequential ly
ion	ion
self	self
pimple	pimple
brinksmanship	brink s man ship
hum	hum
pivotal	pivot al
mercurially	mercurial ly
blacken	black en
delve	delve
tumescence	tumescent ence
dub	dub
episodic	episode ic
limn	limn
correlate	correlate
questioner	question er
taper	taper
reason	reason
luminously	luminous ly
baggy	bag y
sinkable	sink able
discursively	discursive ly
hornlike	horn like
centre	centre
monogamously	monogamous ly
intensely	intense ly
protectively	protective ly
impracticality	impractical ity
connective	connective
tamarisk	tamarisk
vassal	vassal
forkful	fork ful
sorrow	sorrow
chock	chock
surface	surface
plunk	plunk
dinkum	dinkum
libido	libido
copier	copy er
raccoon	raccoon
lenience	lenient ence
singer	sing er
early	early
mirror	mirror
rousing	rousing
nadir	nadir
barefooted	barefooted
kaolin	kaolin
calcine	calcium ine
humanist	humanist
elimination	eliminate ion
sewing	sewing
hasp	hasp
inedible	in edible
biped	biped
womanhood	woman hood
omnipresence	omnipresent ence
bestowal	bestow al
dauntless	daunt less
beatifically	beatific ally
resuscitation	resuscitate ion
succour	succour
evaluation	evaluate ion
veranda	veranda
priestess	priest ess
scope	scope
conceivably	conceivable ly
mantilla	mantilla
compression	compress ion
pronominally	pronominal ly
perfunctoriness	perfunctory ness
neighbourliness	neighbourly ness
thankless	thank less
protect	protect
intelligibly	intelligible ly
eurhythmy	eurhythmy
weak	weak
conciliation	conciliate ion
gleefully	gleeful ly
preachify	preach ify
jolly	jolly
topically	topical ly
cabaret	cabaret
tarnish	tarnish
scramble	scramble
chipping	chip ing
amputee	amputate ee
spicily	spicy ly
cheapen	cheap en
pastel	pastel
eradicable	eradicate able
blandly	bland ly
grave	grave
nonwhite	non white
interminably	interminable ly
pasty	pasty
hip	hip
slimly	slim ly
meld	meld
waspish	wasp ish
slit	slit
exactingly	exacting ly
mistrustfully	mistrustful ly
valueless	value less
rock	rock
chop	chop
drunk	drunk
contrary	contrary
curdle	curdle
requiem	requiem
masturbatory	masturbation ory
advantageous	advantage ous
latter	latter
shunt	shunt
southeaster	southeast er
scab	scab
crimson	crimson
violoncellist	violoncello ist
desecration	desecrate ion
yachtsman	yacht s man
vanity	vain ity
enkindle	en kindle
purl	purl
spaciousness	spacious ness
arthritic	arthritic
supercargo	super cargo
undue	un due
codicil	codicil
burn	burn
responsiveness	responsive ness
profanely	profane ly
bucked	bucked
unbearably	unbearable ly
preternaturally	preternatural ly
ale	ale
tired	tired
insurmountable	in surmountable
telling	telling
stoppage	stop age
surpassingly	surpassing ly
sahib	sahib
sharply	sharp ly
hold	hold
loquaciousness	loquacious ness
muscatel	muscatel
dispassionately	dispassionate ly
hearty	heart y
stinker	stink er
nastiness	nasty ness
nonsensical	nonsense ical
ethically	ethical ly
loudly	loud ly
restively	restive ly
sled	sled
resentful	resent ful
equate	equal ate
vitamin	vitamin
release	release
travels	travels
interlard	inter lard
bracing	bracing
irrepressibly	irrepressible ly
tarboosh	tarboosh
dome	dome
blandness	bland ness
latticed	lattice ed
triumphal	triumph al
distension	distend ion
mahout	mahout
bestrew	be strew
noon	noon
jingoist	jingoist
opulently	opulent ly
permeation	permeate ion
bicycle	bicycle
sprawl	sprawl
stumpy	stump y
murderer	murder er
decompress	de compress
living	living
sparsely	sparse ly
brewery	brew ery
furiously	furious ly
bland	bland
wooden	wood en
prospect	prospect
communications	communications
pretended	pretended
breach	breach
supinely	supine ly
spatially	spatial ly
slim	slim
distress	distress
startlingly	startling ly
squat	squat
road	road
ruinous	ruin ous
dross	dross
fag	faggot
brew	brew
gainings	gaining s
jobless	jobless
prone	prone
workableness	workable ness
perhaps	per hap s
human	human
retractable	retract able
lubricator	lubricate or
overprint	overprint
riveting	riveting
domineering	domineering
penetratively	penetrative ly
utterable	utter able
underhung	under hung
unloosen	un loosen
woollen	wool en
yellowish	yellow ish
sprite	sprite
spectacularly	spectacular ly
lie	lie
solidification	solidify ation
undertaking	undertaking
miscellaneousness	miscellaneous ness
cheap	cheap
dreaded	dreaded
impressionist	impressionism ist
accrete	accrete
laxative	laxation ive
shits	shits
inadvertently	inadvertent ly
locality	local ity
trucking	truck ing
receptiveness	receptive ness
augur	augur
pudendum	pudendum
harlot	harlot
glossary	gloss ary
raglan	raglan
surgically	surgical ly
demagoguery	demagogue ery
congruently	congruent ly
cull	cull
tulip	tulip
straits	straits
oversubscribed	over subscribed
probe	probe
influx	in flux
seneschal	seneschal
rug	rug
scrupulous	scruple ous
lightness	light ness
precociously	precocious ly
reiteration	reiterate ion
codswallop	codswallop
intimidation	intimidate ion
antibiotic	antibiotic
remarkable	remark able
concubinage	concubine age
unremittingly	unremitting ly
whin	whin
stratify	stratum ify
coke	coke
precedented	precedent ed
illicitly	illicit ly
martini	martini
compiler	compile er
dumbness	dumb ness
murkily	murky ly
immense	immense
straiten	strait en
befitting	befitting
familial	family al
girlie	girl ie
relay	re lay
rains	rains
splinter	splinter
substantival	substantive al
instruction	instruct ion
challenge	challenge
decolonization	decolonize ation
expensive	expense ive
mote	mote
infract	infract
nonintervention	non intervention
goal	goal
griminess	grimy ness
breather	breathe er
wooded	wood ed
canonical	canon ical
protector	protect or
wrist	wrist
prejudicial	prejudice ial
rushy	rush y
easel	easel
macadam	macadam
tamale	tamale
moulder	mould er
ghoulishness	ghoulish ness
thank	thank
whorl	whorl
allopathically	allopathical ly
unfriendly	un friendly
nutritiously	nutritious ly
breeding	breeding
obstructionist	obstructionism ist
westwards	westward s
vague	vague
fortnightly	fortnight ly
pawkiness	pawky ness
tailless	tail less
millionfold	millionfold
attainable	attain able
dissoluble	dis soluble
amphibious	amphibian ous
sequencing	sequence ing
lipid	lipid
fold	fold
telephotographic	telephotography ic
sorrowful	sorrow ful
puff	puff
reformer	reform er
cumbersome	cumber some
myopically	myopic ally
forsaken	forsaken
egotism	ego ism
timorousness	timorous ness
utilitarian	utilitarian
instinctively	instinctive ly
reword	re word
sloshed	sloshed
asbestos	asbestos
today	today
technological	technology ical
within	with in
incision	incise ion
lankness	lank ness
childishness	childish ness
mahjong	mahjong
shack	shack
unaware	un aware
seamless	seam less
starry	star y
saurian	Sauria an
generally	general ly
deterrent	deterrent
pokiness	poky ness
theatrical	theatre ical
ringer	ring er
climb	climb
tope	tope
chancy	chance y
coy	coy
unrelenting	un relenting
generously	generous ly
declaratory	declaration ory
showing	showing
retriever	retrieve er
psychiatrist	psychiatry ist
excitable	excite able
functionalist	functionalist
compilation	compile ation
nope	nope
priming	priming
euphemistically	euphemistic ally
cedar	cedar
plunderer	plunder er
breathless	breath less
rand	rand
orthopaedics	orthopaedic s
contumaciously	contumacious ly
nonconformity	non conformity
moth	moth
null	null
lay	lay
morphemic	morpheme ic
deficiently	deficient ly
agave	agave
vex	vex
recalcitrancy	recalcitrant ancy
stretcher	stretch er
manhattan	manhattan
blinder	blind er
jocose	jocose
contributory	contribution ory
poker	poke er
genie	genie
coagulation	coagulate ion
leash	leash
walking	walking
authoritarian	authoritarian
mistakenly	mistaken ly
bestir	be stir
hartebeest	hartebeest
domestically	domestic ally
quadrillion	quadrillion
cheerful	cheer ful
gambler	gamble er
punishable	punish able
unanswered	un answered
lexically	lexical ly
dissenting	dissenting
chronicle	chronicle
cruet	cruet
joyously	joyous ly
authenticate	authentic ate
prehistorically	prehistorical ly
mesmerize	mesmerism ize
sadness	sad ness
wielder	wield er
conference	confer ence
treasonably	treasonable ly
terminably	terminable ly
rubberneck	rubberneck
nimbleness	nimble ness
transship	trans ship
acidic	acid ic
boundlessness	boundless ness
empurpled	em purple ed
fighter	fight er
compartmentalize	compartmental ize
embosomed	em bosom ed
fay	fay
laudatory	laud ory
plumpness	plump ness
citrus	citrus
subconscious	sub conscious
fictionalization	fictionalize ation
constrictive	constriction ive
pard	pardner
clarify	clear ify
persecutor	persecute or
confrontation	confront ation
indecently	indecent ly
also	also
understudy	under study
percentage	percent age
trackless	track less
boob	boob
energetically	energetic ally
singable	sing able
spray	spray
pitilessly	pitiless ly
hireling	hire ling
supernova	super nova
primitive	primitive
piously	pious ly
adviser	advise er
worthless	worth less
justness	just ness
marble	marble
indulge	indulge
orientalist	oriental ist
sympathizingly	sympathizing ly
ineluctably	ineluctable ly
befoul	be foul
rumble	rumble
vitalization	vitalize ation
encompass	en compass
dhoti	dhoti
vengeful	venge ful
scrag	scrag
chantry	chant ry
optician	optics ian
erection	erect ion
pitcher	pitch er
bass	bass
secularizer	secularize er
zee	zee
religious	religious
bleat	bleat
separability	separable ity
national	national
preventively	preventive ly
gargoyle	gargoyle
tactless	tact less
nobble	nobble
hint	hint
allowably	allowable ly
planner	plan er
conductress	conductor ess
popularly	popular ly
readdress	re address
illegality	illegal ity
john	john
debark	de bark
repentant	repent ant
balcony	balcony
mighty	might y
into	in to
balance	balance
bathos	bathos
contumelious	contumely ous
eruditely	erudite ly
alexic	alexia ic
gloom	gloom
wrinkle	wrinkle
aerodynamically	aerodynamic ally
round	round
prophetically	prophetic ally
fucker	fuck er
squall	squall
honour	honour
authorize	author ize
indistinct	in distinct
fleck	fleck
delightful	delight ful
canonize	canon ize
manila	Manila
memoirs	memoirs
fruitfulness	fruitful ness
denominator	denominate or
thermoplastic	thermoplastic
incredulous	in credulous
eat	eat
consistently	consistent ly
infamous	infamy ous
separatist	separate ist
unthinkable	un thinkable
inboard	in board
twofaced	two face ed
pulp	pulp
jugful	jug ful
recallable	recall able
hybrid	hybrid
corroboration	corroborate ion
docility	docile ity
dose	dose
overhang	overhang
armada	armada
variableness	variable ness
judo	judo
principally	principal ly
leathery	leather y
timbre	timbre
temper	temper
glutinous	gluten ous
starveling	starve ling
browse	browse
bastinado	bastinado
gibingly	gibing ly
barm	barm
aisle	aisle
synthesizer	synthesize er
coley	coley
oast	oast
balconied	balcony ed
occasional	occasion al
flesh	flesh
informant	inform ant
retread	re tread
inconsequential	in consequential
invader	invade er
smirch	smirch
pageant	pageant
objector	object or
conversationalist	conversational ist
uneventfulness	uneventful ness
gratifying	gratifying
humbug	humbug
puss	puss
woodenly	wooden ly
plague	plague
memorialize	memorial ize
ineffectively	ineffective ly
commemoration	commemorate ion
queerly	queer ly
villain	villain
satirical	satire ical
pharmacologist	pharmacology ist
troublesome	trouble some
enlightened	enlightened
transcendentalist	transcendentalism ist
rectifier	rectify er
misadvise	mis advise
invalidation	invalidate ion
bronchitic	bronchia ic
kindle	kindle
typographical	typography ical
grafter	graft er
entrap	en trap
gladness	glad ness
uprising	up rise ing
unutterably	unutterable ly
modernist	modernism ist
affected	affected
leeringly	leering ly
lax	lax
rake	rake
simply	simple ly
bitumen	bitumen
illness	ill ness
obviously	obvious ly
hose	hose
skew	skew
gimmick	gimmick
scoff	scoff
humorously	humorous ly
coldly	cold ly
missus	missus
rotten	rot en
carious	caries ous
domestication	domesticate ion
typographically	typographical ly
chemically	chemical ly
paraplegic	paraplegic
ribaldry	ribald ry
outsmart	out smart
complaisantly	complaisant ly
acceptation	accept ation
clam	clam
powerful	power ful
henna	henna
fact	fact
sponsor	sponsor
baby	baby
deliberation	deliberate ion
adolescent	adolescent
decline	decline
reformative	reformation ive
diametrically	diametrical ly
maggoty	maggot y
trusty	trusty
muchness	much ness
ontologically	ontological ly
playlet	play let
dungaree	dungaree
ramble	ramble
construe	construe
bistro	bistro
girdle	girdle
arquebus	arquebus
outbrave	out brave
creativity	creative ity
quest	quest
brisk	brisk
alkali	alkali
mistime	mis time
conjunctive	conjunctive
variant	variant
intercollegiate	inter collegiate
fluorine	fluor ine
breakable	break able
stagnantly	stagnant ly
binding	binding
mocha	mocha
mush	mush
choice	choice
pyrites	pyrites
dunk	dunk
pricking	pricking
thrift	thrift
vicariousness	vicarious ness
raptly	rapt ly
mammoth	mammoth
perfidiousness	perfidious ness
stalwart	stalwart
pamper	pamper
emphatically	emphatic ally
radically	radical ly
cicada	cicada
shrapnel	shrapnel
undivided	un divided
curtness	curt ness
fumigation	fumigate ion
merciful	mercy ful
jujitsu	jujitsu
phizog	phizog
pretence	pretend ence
stinking	stinking
continuation	continue ation
cheekily	cheeky ly
tinniness	tinny ness
crew	crew
whaling	whaling
elfish	elf ish
rapt	rapt
healing	healing
inalienable	in alienable
gage	gage
moderation	moderate ion
fumigate	fume ate
tearfully	tearful ly
mousse	mousse
profligate	profligate
comically	comic ally
utmost	out most
irately	irate ly
shrewd	shrewd
permissiveness	permissive ness
unseemliness	unseemly ness
regularization	regularize ation
infirmity	infirm ity
hoary	hoar y
solicitor	solicit or
purgatory	purgation ory
myth	myth
menace	menace
unbeknown	unbeknown
dynast	dynast
boundary	bound ary
bulldozer	bulldoze er
asthma	asthma
lesson	lesson
powdery	powder y
mighty	mighty
cos	cos
achievable	achieve able
tinselly	tinsel y
copyholder	copyhold er
personify	person ify
eternity	eternal ity
diploma	diploma
mothproof	mothproof
ebb	ebb
cumin	cumin
pom	pom
economic	economy ic
organized	organized
idiotic	idiot ic
paternalistically	paternalistic ally
inebriation	inebriate ion
orange	orange
drover	drove er
ragged	rag ed
bask	bask
singularly	singular ly
tightness	tight ness
deification	deify ation
mistake	mistake
nationwide	nationwide
chub	chub
coltishly	coltish ly
scrounger	scrounge er
failing	failing
remedy	remedy
seraphic	seraph ic
exertion	exert ion
voluble	voluble
jewelled	jewel ed
enrol	en roll
carillon	carillon
nattily	natty ly
miaou	miaou
rhinoceros	rhinoceros
negus	negus
muddiness	muddy ness
dinar	dinar
chilly	chill y
marge	marge
quickness	quick ness
formative	formation ive
brick	brick
infernally	infernal ly
offhanded	offhand ed
topographical	topography ical
gloat	gloat
tremolo	tremolo
marshal	marshal
plum	plum
roof	roof
storyteller	story tell er
unsaid	un said
zigzag	zigzag
heroine	hero ine
condenser	condense er
galumph	galumph
misspelling	misspelling
clever	clever
repentantly	repentant ly
bedeck	be deck
rattle	rattle
paving	paving
harper	harp er
draughts	draughts
leaseholder	leasehold er
lettering	lettering
decimal	decimal
intelligence	intelligent ence
prohibition	prohibit ion
timeless	time less
misguide	mis guide
giver	give er
honorific	honorific
neglectful	neglect ful
she	she
fledge	fledge
bird	bird
frequent	frequent
margin	margin
extensiveness	extensive ness
yoke	yoke
shipment	ship ment
therein	there in
improperly	improper ly
overt	overt
articulateness	articulate ness
strophe	strophe
liege	liege
crib	crib
flitch	flitch
fossilization	fossilize ation
beggar	beggar
nirvana	nirvana
regroup	re group
chairmanship	chairman ship
objurgation	objurgate ion
index	index
observation	observe ation
buoyancy	buoyant ancy
functional	function al
biographically	biographical ly
pert	pert
exceptional	exception al
inflatable	inflate able
tan	tan
conviction	convict ion
goodnight	goodnight
incidentals	incidentals
cairn	cairn
nothingness	nothing ness
fluorescence	fluorescent ence
deserter	desert er
bestiality	bestial ity
ponderables	ponderable s
misappropriate	mis appropriate
unease	un ease
modally	modal ly
nutritive	nutrition ive
swingeing	swingeing
anodyne	anodyne
scoundrel	scoundrel
barebacked	bareback ed
lilliputian	Lilliputian
gall	gall
graphics	graphic s
piffling	piffling
dovetail	dovetail
gentleness	gentle ness
twin	twin
ribbon	ribbon
undesirably	undesirable ly
purge	purge
liquor	liquor
judiciously	judicious ly
pup	pup
reach	reach
ironically	ironic ally
offence	offend ence
sales	sales
torridity	torrid ity
gosling	goose ling
fixed	fixed
snowiness	snowy ness
stateside	stateside
money	money
chesty	chest y
backhanded	backhanded
tolerable	tolerate able
reviler	revile er
benefit	benefit
measure	measure
brandy	brandy
joyfully	joyful ly
mute	mute
lawn	lawn
pitifully	pitiful ly
adenoidally	adenoidal ly
sectional	section al
salesman	sale s man
gnaw	gnaw
maladroitness	maladroit ness
armorial	armoury al
lard	lard
qualitatively	qualitative ly
grand	grand
clippie	clip ie
lightweight	lightweight
northeast	northeast
chiffon	chiffon
darning	darning
accidental	accident al
sprit	sprit
nebulosity	nebulous ity
neither	neither
hulk	hulk
mill	mill
inhumanity	inhuman ity
adulterate	adultery ate
barley	barley
plentiful	plenty ful
nonsmoker	non smoker
refine	re fine
whiff	whiff
uniqueness	unique ness
nearsighted	near sight ed
flakiness	flaky ness
whereat	whereat
suitor	suit or
punctiliously	punctilious ly
downheartedly	downhearted ly
brusqueness	brusque ness
slightingly	slighting ly
communion	commune ion
fully	full ly
quean	quean
recite	re cite
solipsistic	solipsist ic
smugly	smug ly
bonnet	bonnet
beget	be get
chic	chic
prime	prime
removal	remove al
oceanic	ocean ic
epoch	epoch
dint	dint
braze	braze
curling	curling
fidget	fidget
calculating	calculating
gazelle	gazelle
loyalty	loyal ty
namely	name ly
trendy	trendy
picnicker	picnic er
hearse	hearse
relentless	relent less
manhood	man hood
asphalt	asphalt
tuck	tuck
finable	fine able
tritely	trite ly
head	head
carbonization	carbonize ation
goliath	Goliath
redistribute	re distribute
peeler	peel er
flask	flask
canteen	canteen
snips	snips
untimeliness	untimely ness
perversion	pervert ion
vestal	Vesta al
unsparing	un sparing
inessential	inessential
cognomen	cognomen
beginning	beginning
fortunate	fortune ate
register	register
nastily	nasty ly
swimming	swimming
mesmeric	mesmerism ic
openheartedness	openhearted ness
blather	blather
spam	spam
manoeuvrer	manoeuvre er
recruit	recruit
languorous	languor ous
unabashed	un abashed
realize	real ize
canoeist	canoe ist
retouch	re touch
encyclical	en cyclical
paroxysm	paroxysm
tidal	tide al
floater	float er
punt	punt
omission	omit ion
proportions	proportions
county	count y
ogress	ogre ess
dissolutely	dissolute ly
relaxing	relaxing
clubfooted	clubfoot ed
naturalist	naturalism ist
white	white
creeps	creeps
pardner	pardner
softy	soft y
unnaturally	unnatural ly
materialist	materialism ist
recorder	record er
amorphous	a morph ous
number	number
bilabial	bilabial
sextuplet	sextuplet
backwardly	backward ly
paynim	paynim
bloodthirstily	bloodthirsty ly
adhesive	adhesive
screwy	screw y
nosher	nosh er
wry	wry
bigotedly	bigoted ly
softener	soften er
wigged	wig ed
broccoli	broccoli
dozily	dozy ly
probationer	probation er
drudge	drudge
spavin	spavin
continual	continue al
infectious	infection ous
endlessly	endless ly
woodcutter	woodcut er
silvery	silver y
corny	corn y
spurn	spurn
forger	forge er
composedly	composed ly
inadmissibly	inadmissible ly
confessor	confess or
constrictor	constrict or
valorous	valour ous
dishorn	dis horn
spinet	spinet
prattle	prattle
sometimes	some times
suddenness	sudden ness
dissemination	disseminate ion
marshy	marsh y
disapprove	dis approve
complainer	complain er
undertow	under tow
rightful	right ful
ravenously	ravenous ly
thesaurus	thesaurus
dues	dues
swallower	swallow er
despotically	despotic ally
harshness	harsh ness
speechless	speech less
blouse	blouse
refutable	refute able
opprobriously	opprobrious ly
equably	equable ly
desirous	desire ous
rudimentary	rudiment ary
chunk	chunk
crescendo	crescendo
perjurer	perjure er
facilely	facile ly
herb	herb
primula	primula
faddish	fad ish
liveliness	lively ness
maraud	maraud
troth	troth
changelessly	changeless ly
stretch	stretch
unscrupulousness	unscrupulous ness
variously	various ly
vain	vain
organism	organ ism
unconcerned	un concerned
currish	cur ish
fatness	fat ness
contraceptive	contraceptive
seniority	senior ity
missy	miss y
flour	flour
racist	racist
pronounceable	pronounce able
reinstate	re instate
brown	brown
relatedness	related ness
idiot	idiot
fauna	fauna
haul	haul
sulphonamide	sulphonamide
staggeringly	staggering ly
proprietor	propriety or
punily	puny ly
foursome	four some
fieldsman	field s man
millionth	millionth
monarchist	monarchist
frigidness	frigid ness
unholy	un holy
lagoon	lagoon
spikenard	spikenard
lioness	lion ess
dismast	dis mast
wireless	wire less
highbrow	highbrow
outcrop	out crop
temperately	temperate ly
pluralism	plural ism
professional	professional
narration	narrate ion
gruesomely	gruesome ly
council	council
teg	teg
conga	conga
incorrectly	incorrect ly
prostrate	prostrate
hedgehopper	hedgehop er
astir	astir
lifelike	life like
praise	praise
coating	coating
classy	class y
congruously	congruous ly
hoe	hoe
cash	cash
outright	out right
plastics	plastic s
crusader	crusade er
leprechaun	leprechaun
politician	politics ian
call	call
spinach	spinach
narrative	narration ive
study	study
mundanely	mundane ly
inhibitedly	inhibited ly
marsh	marsh
crabby	crab y
onerously	onerous ly
woollens	woollen s
incorrigibility	incorrigible ity
cense	incense
reincarnate	reincarnate
aphasic	aphasia ic
hairiness	hairy ness
bewitching	bewitching
cornered	cornered
vulgarity	vulgar ity
conveyancer	conveyance er
meekly	meek ly
superintend	super intend
antiquated	antiquated
acceptability	acceptable ity
armed	armed
pitiably	pitiable ly
cleverness	clever ness
expectant	expect ant
cringe	cringe
informality	informal ity
cursed	cursed
prostration	prostrate ion
obligation	oblige ation
freewheel	free wheel
pertinacity	pertinacious ity
orchestration	orchestrate ion
manatee	manatee
boiler	boil er
ineligibility	ineligible ity
preservable	preserve able
dissatisfy	dis satisfy
lag	lag
tragical	tragedy ical
rage	rage
enlist	en list
clandestinely	clandestine ly
laughingly	laughing ly
deductive	deduction ive
lever	lever
wonder	wonder
cyst	cyst
exorbitantly	exorbitant ly
vacancy	vacant ancy
paint	paint
abilities	abilities
reinsure	re insure
chevron	chevron
egoistical	egoist ical
dissension	dissent ion
colicky	colic y
cutter	cut er
seedily	seedy ly
philanthropical	philanthropy ical
vacuity	vacuous ity
dolorously	dolorous ly
ancestral	ancestor al
webbed	webbed
garrison	garrison
caressingly	caressing ly
aunt	aunt
staggers	staggers
repoint	re point
straightness	straight ness
sandbag	sandbag
declarable	declare able
unpick	un pick
fleshings	flesh ing s
functionalist	functionalism ist
geometrical	geometry ical
crypt	crypt
anthrax	anthrax
pluck	pluck
clearly	clear ly
opal	opal
playgoer	play go er
relic	relic
cyclostyle	cyclostyle
typewritten	typewritten
closely	close ly
limp	limp
fated	fate ed
rookery	rook ery
speakable	speak able
touching	touching
noticeable	notice able
metamorphic	meta morph ic
periods	periods
adamant	adamant
scorer	score er
triumphant	triumph ant
conceitedly	conceited ly
haunting	haunting
horsemanship	horseman ship
silence	silent ence
epileptic	epilepsy ic
manure	manure
print	print
goon	goon
inaccuracy	inaccurate cy
swinishly	swinish ly
carnally	carnal ly
dominoes	dominoes
crosscountry	crosscountry
done	done
foremost	foremost
metricate	metric ate
lusty	lust y
steadiness	steady ness
preciousness	precious ness
noddle	noddle
gnu	gnu
creek	creek
meeting	meeting
comprehensibility	comprehensible ity
combat	combat
sweaty	sweat y
beaut	beaut
callosity	callous ity
divergently	divergent ly
badness	bad ness
sabotage	sabotage
mysterious	mystery ous
equalization	equalize ation
graduation	graduate ion
eagerly	eager ly
admirably	admirable ly
factor	factor
balm	balm
antacid	antacid
stamen	stamen
pirate	pirate
redaction	redact ion
strive	strive
inconsistent	in consistent
dowsing	dowsing
content	content
successive	succession ive
praetorian	praetor ian
lusciously	luscious ly
quiff	quiff
rollicking	rollicking
rehear	re hear
attach	attach
airs	airs
foot	foot
terpsichorean	terpsichorean
pricily	pricey ly
transmutation	transmute ation
incumbent	incumbent
canalize	canal ize
poetry	poet ry
yaw	yaw
filtration	filtrate ion
bane	bane
determined	determined
ineradicable	in eradicable
metropolitan	metropolitan
scaly	scale y
vastly	vast ly
raft	raft
wring	wring
witching	witch ing
snidely	snide ly
bonded	bonded
mechanistic	mechanism ic
tusk	tusk
fruit	fruit
fraudulence	fraudulent ence
trepan	trepan
loaded	loaded
inconvertible	in convertible
vector	vector
sequin	sequin
defame	de fame
totter	totter
muted	muted
coverlet	cover let
badger	badger
smoker	smoke er
helm	helm
provisionally	provisional ly
rarely	rare ly
acreage	acre age
listenable	listen able
passionateness	passionate ness
tat	tat
array	array
stanchly	stanch ly
teens	teens
stapler	staple er
becalmed	be calm ed
deliberate	deliberate
maraschino	maraschino
wild	wild
typesetter	typeset er
mall	mall
fitfully	fitful ly
disdainfully	disdainful ly
embezzler	embezzle er
onus	onus
extravagantly	extravagant ly
upholsterer	upholster er
repute	repute
beech	beech
burr	burr
disdainful	disdain ful
running	running
amateurishness	amateurish ness
leaderless	leader less
without	with out
roup	roup
jabberer	jabber er
diagrammatical	diagram ical
gouge	gouge
donnishly	donnish ly
fascination	fascinate ion
overnight	over night
despicably	despicable ly
extremity	extreme ity
reification	reify ation
facer	face er
sperm	sperm
travesty	travesty
wag	wag
coastwise	coastwise
anonymity	anonymous ity
sonority	sonorous ity
freebooter	free boot er
corsair	corsair
epic	epic
broadly	broad ly
transitively	transitive ly
completely	complete ly
wen	wen
staunch	staunch
chauvinist	chauvinist
faultless	fault less
enable	en able
effects	effects
wedge	wedge
dobbin	dobbin
stodge	stodge
lee	lee
consumer	consume er
movable	movable
heftily	hefty ly
thieve	thief
slob	slob
disarray	dis array
shepherdess	shepherd ess
wantonly	wanton ly
dumpiness	dumpy ness
cataract	cataract
tomb	tomb
mattress	mattress
effeteness	effete ness
hypocritically	hypocritical ly
macadamize	macadam ize
polygamous	polygamy ous
choppiness	choppy ness
verdict	verdict
display	display
benightedly	benighted ly
unconventional	un conventional
uppish	up ish
papadum	papadum
airily	airy ly
sow	sow
horrors	horrors
zealousness	zealous ness
blissfulness	blissful ness
effeminately	effeminate ly
prosperous	prosper ous
influential	influence ial
impecuniously	impecunious ly
argumentatively	argumentative ly
deeply	deep ly
sheer	sheer
minutely	minute ly
sad	sad
befog	be fog
denunciation	denounce ation
juggle	juggle
thence	thence
malleability	malleable ity
fab	fab
actually	actual ly
fibber	fib er
vaccination	vaccinate ion
mutability	mutable ity
conk	conk
ghetto	ghetto
stuffing	stuffing
meaningfully	meaningful ly
ten	ten
unkind	un kind
tip	tip
crumble	crumble
expressionless	expression less
etcher	etch er
linnet	linnet
adeptly	adept ly
nippiness	nippy ness
fiercely	fierce ly
picket	picket
necklet	neck let
proof	prove
dough	dough
striated	striated
billet	billet
temperamental	temperament al
riveter	rivet er
conductivity	conductive ity
leaf	leaf
illumine	illumine
courtly	court ly
execrably	execrable ly
jig	jig
nark	nark
double	double
screw	screw
dodger	dodge er
unlike	un like
sis	sister
appellant	appeal ant
weeds	weeds
stillness	still ness
participant	participate ant
respite	respite
immaturity	immature ity
manic	mania ic
praiseworthiness	praiseworthy ness
usurp	usurp
rationalistic	rationalist ic
bursary	bursar y
wench	wench
surefootedness	surefooted ness
sellotape	sellotape
rig	rig
polyglot	polyglot
plunder	plunder
equivalence	equivalent ence
neigh	neigh
heavyhearted	heavy heart ed
sombreness	sombre ness
measured	measured
dishearten	dis hearten
delimitate	de limit ate
nearly	near ly
medically	medical ly
inlay	in lay
lid	lid
auburn	auburn
havoc	havoc
jaundice	jaundice
brawny	brawn y
retrial	re trial
italic	italic
fresco	fresco
huge	huge
modernist	modernist
jumble	jumble
chickenhearted	chicken heart ed
musty	must y
insulation	insulate ion
stammer	stammer
carelessly	careless ly
assessor	assess or
bottleful	bottle ful
fruitlessness	fruitless ness
committed	committed
nullify	null ify
promptness	prompt ness
lynch	lynch
canon	canon
trainable	train able
archdeaconry	archdeacon ry
demagnetize	de magnet ize
joggle	joggle
outboard	out board
post	post
pippin	pippin
clarinet	clarinet
despairingly	despairing ly
amplify	ample ify
wrench	wrench
tessellated	tessellated
bread	bread
plaster	plaster
transmigration	transmigrate ion
sparse	sparse
yardage	yard age
habitat	habitat
assess	assess
underclothes	under clothes
puffed	puffed
grammar	grammar
delouse	de louse
pending	pending
junta	junta
monopolistically	monopolistic ally
lofty	loft y
graspingly	grasping ly
shipbuilding	ship building
obstructionism	obstruction ism
noisy	noise y
paleographically	paleographic ally
dangle	dangle
barracks	barracks
risky	risk y
insubordinate	in subordinate
form	form
vat	vat
church	church
jay	jay
jawbreaker	jaw break er
suffragan	suffragan
joylessly	joyless ly
foretaste	fore taste
coir	coir
blighter	blight er
crusade	crusade
wise	wise
malcontent	malcontent
faithlessness	faithless ness
grimness	grim ness
obliteration	obliterate ion
nylon	nylon
incubation	incubate ion
blackguard	blackguard
ably	able ly
letters	letters
turf	turf
ideologist	ideology ist
transaction	transact ion
shaddock	shaddock
wintry	winter y
shaky	shake y
approval	approve al
confines	confine s
stubble	stubble
bracelets	bracelets
individual	individual
ambulant	amble ant
backwardness	backward ness
recitative	recitation ive
pertinence	pertinent ence
priest	priest
proconsulate	proconsul ate
buggery	bugger ery
stomachful	stomach ful
rather	rather
prodigality	prodigal ity
tangle	tangle
cistern	cistern
drubbing	drubbing
never	never
tenderly	tender ly
barouche	barouche
drag	drag
modern	modern
handsome	hand some
corruption	corrupt ion
incompetently	incompetent ly
childish	child ish
ambit	ambit
litterateur	litterateur
restfully	restful ly
uniformed	uniform ed
inexpressibly	inexpressible ly
limitlessly	limitless ly
hooter	hoot er
purposely	purpose ly
thievishness	thievish ness
flawless	flaw less
operative	operative
wed	wed
thorn	thorn
insatiably	insatiable ly
impulsiveness	impulsive ness
gilding	gilding
undercut	undercut
footle	footle
disjointedness	disjointed ness
cleverly	clever ly
pompous	pomp ous
quango	quango
disinclined	disinclined
methodologically	methodological ly
corrective	correction ive
stylistic	stylist ic
yule	yule
absentee	absent ee
wretch	wretch
obsolescence	obsolescent ence
uncommonly	uncommon ly
confined	confined
stewardess	steward ess
gods	gods
minimize	minimal ize
typify	type ify
ticklish	tickle ish
success	success
heedfully	heedful ly
accost	accost
frightening	frightening
nail	nail
catsup	catsup
toad	toad
catch	catch
upheaval	up heave al
lure	lure
eddy	eddy
principles	principles
fustiness	fusty ness
aptness	apt ness
refuse	refuse
ignorant	ignore ant
warmness	warm ness
thirstily	thirsty ly
address	address
deceitfulness	deceitful ness
sensuality	sensual ity
electrocution	electrocute ion
quadrilateral	quadrilateral
offset	offset
springy	spring y
abnormally	abnormal ly
largeness	large ness
disagree	dis agree
deary	dear y
sublimation	sublimate ion
beautifully	beautiful ly
review	re view
indelicacy	indelicate cy
biblical	bible ical
apocalyptic	apocalypse ic
trample	trample
hotly	hot ly
shudder	shudder
turner	turn er
sure	sure
nought	nought
monumentally	monumental ly
default	de fault
bounciness	bouncy ness
grippingly	gripping ly
arrack	arrack
imbecile	imbecile
forewoman	fore woman
horn	horn
toady	toady
pinstriped	pinstripe ed
selectively	selective ly
verge	verge
prenatally	prenatal ly
squib	squib
maxi	maximum
wealthily	wealthy ly
meaningless	meaning less
driving	driving
rimless	rim less
triteness	trite ness
woefully	woeful ly
fish	fish
doer	do er
olive	olive
supposing	supposing
catatonic	catatonia ic
enforceable	enforce able
stout	stout
slickly	slick ly
racing	racing
fluoridization	fluoridize ation
melodiously	melodious ly
insultingly	insulting ly
kola	kola
turn	turn
joke	joke
priggishly	priggish ly
poetic	poet ic
firmly	firm ly
authority	author ity
counterclockwise	counterclockwise
obese	obese
comeliness	comely ness
delimit	de limit
whorled	whorl ed
sulphuric	sulphur ic
pliable	ply able
mortality	mortal ity
adhesive	adhesion ive
fussiness	fussy ness
crisply	crisp ly
bargee	barge ee
debunker	debunk er
depressive	depression ive
grieve	grieve
sagely	sage ly
containerize	container ize
nauseousness	nauseous ness
disendow	dis endow
rapist	rape ist
massage	massage
efficacious	efficacy ous
dixie	dixie
pidgin	pidgin
mutuality	mutual ity
clog	clog
mauve	mauve
murky	murk y
selfishness	selfish ness
mediocrity	mediocre ity
ranger	range er
dinginess	dingy ness
oak	oak
age	age
livable	live able
pissed	pissed
casting	casting
purebred	purebred
apocalyptically	apocalyptic ally
tiresomely	tiresome ly
amicably	amicable ly
disbeliever	disbelieve er
staccato	staccato
conversationally	conversational ly
kidder	kid er
inorganically	inorganic ally
horribly	horrible ly
safeness	safe ness
which	which
octavo	octavo
purposeless	purpose less
quince	quince
respectable	respect able
titillation	titillate ion
empty	empty
small	small
consumptive	consumption ive
eccentric	eccentric
flashy	flash y
clockwise	clock wise
nervousness	nervous ness
dip	dip
bedevil	be devil
foulness	foul ness
foolishness	foolish ness
desalination	desalinate ion
psychokinetically	psychokinetic ally
mizzle	mizzle
beloved	beloved
trustee	trust ee
dogmatical	dogma ical
diagnostic	diagnosis ic
account	account
infatuated	infatuated
cease	cease
innumerable	in numerable
goddam	goddam
adroitness	adroit ness
jumper	jump er
insincerity	insincere ity
twelve	twelve
agronomist	agronomy ist
toddler	toddle er
horseshit	horseshit
meddlesome	meddle some
elucidatory	elucidation ory
piebald	piebald
loaf	loaf
outpost	out post
mendaciously	mendacious ly
apostate	apostasy ate
steed	steed
felicitous	felicity ous
dejected	dejected
prophylactically	prophylactic ally
shiny	shine y
rumoured	rumoured
dejectedly	dejected ly
ayah	ayah
garret	garret
expectancy	expectant ancy
alkaline	alkali ine
nationalistically	nationalistic ally
wain	wain
sleaziness	sleazy ness
induction	induct ion
toast	toast
chill	chill
shine	shine
interaction	interact ion
ungenerous	un generous
ticker	tick er
irreconcilably	irreconcilable ly
abnegation	abnegate ion
vaingloriously	vainglorious ly
plumbing	plumbing
cuirassier	cuirass ier
creditor	credit or
manometrically	manometrical ly
miscue	miscue
consonant	consonant
terminally	terminal ly
enviable	envy able
swelter	swelter
reliquary	relic ary
entrant	enter ant
spacing	spacing
fornication	fornicate ion
weakly	weak ly
aesthetically	aesthetic ally
possibly	possible ly
something	something
sofa	sofa
unalienable	un alienable
quintal	quintal
involuntariness	involuntary ness
char	char
silly	silly
stubbornly	stubborn ly
misdeed	mis deed
speakership	speaker ship
palace	palace
cornice	cornice
davit	davit
inharmoniousness	inharmonious ness
colonist	colony ist
school	school
housebreaker	house break er
tradesman	trade s man
droplet	drop let
skirmisher	skirmish er
jingle	jingle
eccentricity	eccentric ity
unofficially	unofficial ly
hennaed	henna ed
happy	hap y
swollen	swollen
proton	proton
striking	striking
ensanguined	ensanguined
jingo	jingo
forecast	fore cast
joinery	join ery
preserver	preserve er
squirt	squirt
kilo	kilo
rhythmic	rhythm ic
prepack	pre pack
dishonest	dis honest
notary	note ary
fertilizer	fertilize er
morsel	morsel
anopheles	anopheles
faggot	faggot
explanatory	explanation ory
outlay	outlay
uptown	uptown
unbelief	un belief
tanning	tanning
dreaminess	dreamy ness
hobnob	hobnob
foible	foible
overmantel	over mantel
composed	composed
elephantine	elephant ine
incomprehensible	in comprehensible
debatable	debate able
frown	frown
experimentation	experiment ation
lakh	lakh
windy	wind y
veterinarian	veterinary an
bronze	bronze
mortise	mortise
cleave	cleave
without	without
loath	loath
communism	commune ism
marijuana	marijuana
likeness	like ness
suppressiveness	suppressive ness
northwesterly	northwest ly
babel	babel
seventieth	seventy th
volunteer	volunteer
paladin	paladin
derogation	derogate ion
atheist	atheism ist
gaucho	gaucho
extrication	extricate ion
warrantor	warrant or
disorder	dis order
mentally	mental ly
beau	beau
dependability	dependable ity
engraving	engraving
loathing	loathing
cogitation	cogitate ion
halibut	halibut
intentness	intent ness
untenable	un tenable
maidenhood	maiden hood
stunningly	stunning ly
clavicle	clavicle
stoutly	stout ly
bitty	bit y
elusiveness	elusive ness
mollification	mollify ation
simile	simile
bookishly	bookish ly
lancers	lancers
symbol	symbol
privileged	privilege ed
freely	free ly
misapply	mis apply
skein	skein
unquestioning	un questioning
healthiness	healthy ness
studio	studio
shares	shares
bawd	bawd
corvee	corvee
glorification	glorify ation
chauvinistically	chauvinistic ally
meteorite	meteor ite
hookah	hookah
opportunism	opportune ism
rhomboidal	rhomboid al
amorality	amoral ity
hoariness	hoary ness
client	client
area	area
deceptive	deception ive
twirler	twirl er
sublimate	sublimate
miserly	miser ly
scintilla	scintilla
lime	lime
mileage	mile age
type	type
soft	soft
pellucidly	pellucid ly
disputation	dispute ation
republicanism	republican ism
damask	damask
beguiling	beguiling
expatriate	expatriate
piteousness	piteous ness
component	component
fastening	fastening
tousle	tousle
aspidistra	aspidistra
contusion	contuse ion
necrophilism	necrophile ism
design	design
motionlessly	motionless ly
nonviolently	nonviolent ly
specie	specie
tailor	tailor
pithiness	pithy ness
nurse	nurse
glare	glare
ignominiously	ignominious ly
servility	servile ity
narcissistically	narcissistic ally
outback	outback
preciosity	precious ity
merciless	mercy less
vigorous	vigour ous
mythologist	mythology ist
millinery	milliner ery
shower	shower
locomotive	locomotive
unclean	un clean
tweeter	tweet er
friendlessness	friendless ness
blase	blase
hypo	hypo
computer	compute er
paradoxically	paradoxical ly
pull	pull
impeller	impel er
bilingual	bilingual
lather	lather
jackdaw	jackdaw
intermix	inter mix
kelvin	Kelvin
squabble	squabble
individualism	individual ism
unearth	un earth
jive	jive
chalky	chalk y
runnel	runnel
capture	capture
renegade	renegade
prematurely	premature ly
middling	middle ing
snootily	snooty ly
fissionable	fission able
constructiveness	constructive ness
grin	grin
imminence	imminent ence
bloody	blood y
chorus	chorus
haze	haze
aeration	aerate ion
lustiness	lusty ness
suggest	suggest
town	town
egg	egg
fractiousness	fractious ness
sporadically	sporadic ally
effectives	effective s
boner	bone er
lyrics	lyrics
sentinel	sentinel
palais	palais
perennially	perennial ly
dueller	duel er
separable	separate able
misapprehend	mis apprehend
rubric	rubric
furiousness	furious ness
belted	belted
numerate	number ate
projectile	projectile
regulo	Regulo
masquerade	masquerade
fordable	ford able
steps	steps
tintinnabulation	tintinnabulum ation
maverick	maverick
undersexed	under sex ed
central	centre al
realness	real ness
heuristically	heuristic ally
elements	elements
decimalization	decimalize ation
saute	saute
observatory	observation ory
obey	obey
dumdum	dumdum
doubt	doubt
spiel	spiel
suppliant	suppliant
intercession	intercede ion
misuse	misuse
pauperize	pauper ize
waffle	waffle
rationality	rational ity
ballooning	balloon ing
plagiarize	plagiarism ize
severally	several ly
cyclist	cycle ist
blotter	blot er
palatially	palatial ly
film	film
window	window
futurism	future ism
thievery	thief ery
provisional	provision al
uncouple	un couple
wordiness	wordy ness
drown	drown
numismatist	numismatic ist
resourcefully	resourceful ly
alone	alone
traditionalism	traditional ism
overalls	overalls
temptingly	tempting ly
inchoative	inchoate ive
kaleidoscopic	kaleidoscope ic
expectation	expect ation
march	march
behead	be head
complacently	complacent ly
bloke	bloke
contentiously	contentious ly
attempt	attempt
rebelliousness	rebellious ness
victim	victim
thermal	therm al
upbeat	upbeat
soberly	sober ly
permissibly	permissible ly
unwed	un wed
measurable	measure able
reaper	reap er
caginess	cagey ness
loathe	loath
grating	grating
roguishly	roguish ly
serial	serial
splits	splits
pang	pang
wallow	wallow
bowler	bowl er
suggestion	suggest ion
gratuitous	gratuity ous
barbaric	barbarian ic
powered	power ed
astrakhan	astrakhan
bazooka	bazooka
collocation	collocate ion
insensitively	insensitive ly
prolongation	prolong ation
gerrymander	gerrymander
ignite	ignite
analogize	analogy ize
sideslip	sideslip
egoist	egoism ist
quadruplicate	quadruplicate
flue	flue
nonconformism	non conform ism
pottage	pot age
seemingly	seeming ly
ceremoniously	ceremonious ly
solipsist	solipsism ist
perverseness	perverse ness
daydreamer	daydream er
dimness	dim ness
frothily	frothy ly
idylic	idyll ic
purism	pure ism
mistaken	mistaken
ink	ink
partial	part ial
designedly	design ed ly
penalty	penal ty
cayenne	cayenne
versify	verse ify
capitalism	capital ism
diplomat	diplomat
dizzy	dizzy
theft	theft
orient	orient
atrophy	atrophy
redress	re dress
palliative	palliative
mire	mire
gorgon	gorgon
branch	branch
concisely	concise ly
undershirt	under shirt
potent	potent
principal	principle al
outride	out ride
invidiously	invidious ly
usurpation	usurp ation
storm	storm
knitting	knitting
adorn	adorn
huff	huff
fuggy	fug y
wagon	wagon
herbage	herb age
aromatic	aroma ic
relative	relative
dynamo	dynamo
peony	peony
earthen	earth en
visitor	visit or
bashfulness	bashful ness
libidinousness	libidinous ness
numismatics	numismatic s
villeinage	villein age
pallet	pallet
structural	structure al
girlishness	girlish ness
reproof	reproof
befit	be fit
irresponsibly	irresponsible ly
salvation	salvage ation
jittery	jitters y
vocal	vocal
existential	existence ial
strong	strong
overstuffed	over stuffed
demagogue	demagogue
provincial	provincial
roman	Rome an
overlap	over lap
claret	claret
squirrel	squirrel
reborn	re born
compile	compile
cosy	cosy
uncoloured	un coloured
roughshod	roughshod
auditory	audition ory
requisite	requisite
collision	collide ion
ablutions	ablutions
sociologist	sociology ist
attraction	attract ion
arbitrariness	arbitrary ness
ordain	ordain
lack	lack
crackle	crackle
arachnid	arachnid
smith	smith
fugue	fugue
terrific	terrify ic
intellectual	intellectual
eighteen	eighteen
forte	forte
exam	examination
longish	long ish
cymbalist	cymbal ist
pea	pea
listless	list less
bayonet	bayonet
specs	spectacles
warden	warden
philosopher	philosophy er
team	team
incursion	incur ion
quarantine	quarantine
recalcitrant	recalcitrant
gen	gen
unserviceable	un serviceable
showily	showy ly
kurus	kurus
regularly	regular ly
cowling	cowling
hit	hit
clink	clink
aft	aft
rustless	rust less
vaccine	vaccine
prospects	prospects
thug	thug
guile	guile
recitation	recite ation
instantaneousness	instantaneous ness
detour	detour
angel	angel
compartmental	compartment al
precision	precise ion
unbelievable	un believable
experience	experience
providential	providence ial
gent	gent
intestate	in testate
stage	stage
crest	crest
assail	assail
playfulness	playful ness
trachoma	trachoma
hockey	hockey
literally	literal ly
elaboration	elaborate ion
popadum	popadum
seminal	semen al
newsy	news y
crispy	crisp y
cantaloup	cantaloup
lance	lance
masculinity	masculine ity
jerkin	jerkin
pruriently	prurient ly
preparation	prepare ation
designate	designate
challenger	challenge er
slick	slick
dislike	dis like
indestructibly	indestructible ly
examiner	examine er
apoplectic	apoplexy ic
aforesaid	aforesaid
remarkably	remarkable ly
sateen	sateen
aurally	aural ly
pedicle	pedicle
grounding	grounding
beriberi	beriberi
alert	alert
fin	fin
democratize	democrat ize
predeterminer	pre determiner
sentimentalize	sentimental ize
chin	chin
triad	triad
plating	plating
loverlike	lover like
guru	guru
hyphenate	hyphen ate
miscarry	mis carry
alternately	alternate ly
shred	shred
mourner	mourn er
polio	polio
military	military
relationship	relation ship
friend	friend
objective	objective
mulch	mulch
highly	high ly
dryer	dry er
easily	easy ly
knout	knout
bypass	bypass
adieu	adieu
intertribal	inter tribal
sexist	sexism ist
calf	calf
slum	slum
translation	translate ion
blench	blench
shrinkage	shrink age
chuck	chuck
steady	steady
tenuity	tenuous ity
bream	bream
hardy	hard y
johnny	johnny
doleful	dole ful
stars	stars
few	few
conkers	conkers
shun	shun
intumescence	intumescent ence
fibula	fibula
malmsey	malmsey
jug	jug
placenta	placenta
affluence	affluent ence
protectionism	protection ism
corroborative	corroboration ive
difficult	difficult
bobs	bob s
respond	respond
acceptably	acceptable ly
ooze	ooze
briefing	briefing
engulf	en gulf
condescending	condescending
gild	gild
disused	disuse ed
carefulness	careful ness
rejig	re jig
ropiness	ropey ness
answer	answer
validate	valid ate
tastelessly	tasteless ly
monkey	monkey
neutralizer	neutralize er
workmanlike	workman like
algebraically	algebraic ally
strolling	strolling
unwittingly	unwitting ly
hexagonal	hexagon al
ruminatively	ruminative ly
eschatological	eschatology ical
archaism	archaic ism
flirtatious	flirtation ous
retentiveness	retentive ness
preponderantly	preponderant ly
effeminacy	effeminate cy
immobility	immobile ity
internationalist	internationalism ist
swagger	swagger
lividly	livid ly
disastrously	disastrous ly
flabbergast	flabbergast
trillionth	trillion th
mismanage	mis manage
whey	whey
stash	stash
stick	stick
arrest	arrest
jocosely	jocose ly
prophetess	prophet ess
jejunely	jejune ly
laze	laze
tendril	tendril
capitalist	capitalist
maundy	maundy
how	how
loco	loco
lectureship	lecture ship
drum	drum
ride	ride
soaker	soak er
photography	photograph y
pantheist	pantheism ist
impeachable	impeach able
belt	belt
funniness	funny ness
lubricant	lubricate ant
clan	clan
propeller	propel er
disengaged	dis engaged
bison	bison
berry	berry
rosin	rosin
rowdy	rowdy
forehead	fore head
infinitely	infinite ly
doc	doctor
track	track
companionable	companion able
bar	bar
exhibit	exhibit
sighting	sighting
inscrutability	inscrutable ity
gaggle	gaggle
miscall	mis call
advanced	advanced
rancorously	rancorous ly
manna	manna
momma	momma
quizzically	quizzical ly
ethics	ethics
admirable	admire able
speciousness	specious ness
intellectually	intellectual ly
agriculturalist	agricultural ist
tally	tally
incongruousness	incongruous ness
stole	stole
quiet	quiet
tuberculous	tubercle ous
irateness	irate ness
clarty	clarts y
crassness	crass ness
causatively	causative ly
parole	parole
mayday	mayday
wiriness	wiry ness
stays	stays
concert	concert
reviser	revise er
grumble	grumble
presentably	presentable ly
outwards	outward s
soap	soap
wainscoted	wainscot ed
categorical	category ical
conductor	conduct or
ticking	tick ing
riverside	riverside
uneducated	un educated
zoological	zoology ical
conspiratorial	conspirator ial
alarming	alarming
droppings	dropping s
chastely	chaste ly
trait	trait
killingly	killing ly
volume	volume
sago	sago
tropics	tropics
will	will
excruciatingly	excruciating ly
sightly	sight ly
tropically	tropical ly
jubilant	jubilate ant
uncover	un cover
seasoning	seasoning
dynastic	dynasty ic
accessory	access ory
personalities	personalities
fleshy	flesh y
pastor	pastor
benignantly	benignant ly
zenith	zenith
hieroglyphics	hieroglyphic s
solely	sole ly
mountaineer	mountaineer
disorient	dis orient
transpiration	transpire ation
unparalleled	un paralleled
trainee	train ee
inedibly	inedible ly
naturalness	natural ness
rat	rat
ruminative	rumination ive
empress	emperor ess
impotently	impotent ly
understudy	understudy
disabuse	dis abuse
drapery	drape ery
clank	clank
this	this
breathlessness	breathless ness
clutches	clutches
railroad	railroad
unnatural	un natural
softness	soft ness
condemn	condemn
singleness	single ness
agoraphobic	agoraphobic
tunefulness	tuneful ness
criminal	crime al
peaky	peak y
smooth	smooth
weevil	weevil
cheque	cheque
imaginable	imagine able
curiosity	curious ity
hatching	hatching
damages	damages
formalist	formalism ist
bemuse	be muse
exhalation	exhale ation
gelding	gelding
chilblained	chilblain ed
hue	hue
idolatrous	idolatry ous
tactics	tactics
servo	servo
method	method
spew	spew
sleuth	sleuth
cheat	cheat
projectionist	projection ist
joviality	jovial ity
laudability	laudable ity
ungrudging	un grudging
theosophical	theosophy ical
homey	home y
beguilingly	beguiling ly
delusion	delude ion
ranee	ranee
complicatedness	complicated ness
mason	mason
clumsily	clumsy ly
spent	spent
stomp	stomp
exclamation	exclaim ation
symbolist	symbolism ist
gunge	gunge
governess	governor ess
fervently	fervent ly
stoneless	stone less
quietly	quiet ly
lute	lute
exiguously	exiguous ly
harmattan	harmattan
ineffaceable	in efface able
suitableness	suitable ness
tambourine	tambour ine
extemporization	extemporize ation
opaquely	opaque ly
fevered	fever ed
pockmarked	pockmark ed
acquaintanceship	acquaintance ship
captivate	captive ate
covertly	covert ly
oratory	oration ory
misanthropist	misanthrope ist
calypso	calypso
sepulchral	sepulchre al
conically	conical ly
tormentor	torment or
cellist	cello ist
milch	milch
anthologized	anthologized
palatable	palate able
melodic	melody ic
metro	Metro
chalkiness	chalky ness
effective	effect ive
saintlike	saint like
filthily	filthy ly
extraneously	extraneous ly
aubergine	aubergine
extenuation	extenuate ion
fewness	few ness
jeweller	jewel er
composer	compose er
wish	wish
tincture	tincture
fore	fore
refrigeration	refrigerate ion
lucratively	lucrative ly
heedfulness	heedful ness
commandant	command ant
inferiority	inferior ity
confidence	confident ence
harbourer	harbour er
bather	bathe er
confide	confide
embarrassingly	embarrassing ly
secularize	secular ize
tiara	tiara
pith	pith
flirtatiously	flirtatious ly
incomparability	incomparable ity
proportionate	proportion ate
drollness	droll ness
struggle	struggle
protestingly	protesting ly
photostat	Photostat
prepay	pre pay
heterodoxy	heterodox y
thickness	thick ness
grasp	grasp
vexation	vex ation
unsullied	un sullied
muddy	muddy
cracker	crack er
luckless	luck less
final	final
legislator	legislate or
echelon	echelon
petition	petition
emptiness	empty ness
pyorrhoea	pyorrhoea
vivaciousness	vivacious ness
groan	groan
whop	whop
hieroglyphic	hieroglyph ic
prep	prep
glowing	glowing
coastguardsman	coastguard s man
nocturnally	nocturnal ly
torpidness	torpid ness
cloister	cloister
elasticity	elastic ity
gayness	gay ness
incomprehensibility	incomprehensible ity
guardianship	guardian ship
dynamic	dynamic
faithlessly	faithless ly
ethos	ethos
wattle	wattle
foremost	fore most
daffodil	daffodil
reasonableness	reasonable ness
horse	horse
draughtsman	draught s man
centrally	central ly
moil	moil
mannerism	manner ism
slimming	slimming
rockiness	rocky ness
creosote	creosote
splashy	splash y
toy	toy
thick	thick
raceme	raceme
boisterousness	boisterous ness
facilitation	facilitate ion
anteater	ant eater
cower	cower
misbehaved	misbehaved
motor	motor
extemporaneousness	extemporaneous ness
dram	dram
acrimoniously	acrimonious ly
weirdness	weird ness
fuck	fuck
peeress	peer ess
vandal	vandal
cloth	cloth
slanderer	slander er
devilish	devilish
anchoress	anchorite ess
saurian	saurian
pigheaded	pig head ed
cohesion	cohere ion
offices	offices
shod	shod
socialization	socialize ation
igloo	igloo
shakiness	shaky ness
winkers	wink er s
insipid	insipid
tillage	till age
paperhanger	paper hang er
saline	salt ine
antipodean	antipodes an
wearisome	weary some
luff	luff
pontificate	pontiff ate
archetypical	archetype ical
commodiously	commodious ly
cauterize	cautery ize
navel	navel
unaffected	un affected
avowal	avow al
fit	fit
pursuer	pursue er
serenely	serene ly
emeritus	emeritus
bolt	bolt
tattooist	tattoo ist
bisexuality	bisexual ity
tort	tort
creakily	creaky ly
consubstantiation	consubstantiate ion
workmanship	workman ship
pure	pure
scalar	scalar
standoffishly	standoffish ly
banker	bank er
gelatin	gelatin
inflexibly	inflexible ly
either	either
astutely	astute ly
exhibitionistic	exhibitionist ic
captain	captain
homeliness	homely ness
motorist	motor ist
eldest	eldest
wraith	wraith
moppet	moppet
indecipherability	indecipherable ity
emigrant	emigrate ant
directly	directly
chummy	chum y
epidemic	epidemic
desegregation	desegregate ion
offhandedness	offhanded ness
palatal	palatal
fumbler	fumble er
smooch	smooch
ketchup	ketchup
mantle	mantle
foreknowledge	fore knowledge
rustic	rustic
sardine	sardine
peelings	peeling s
aspersion	asperse ion
decencies	decencies
bop	bop
mist	mist
scrambler	scramble er
dispossessed	dispossessed
preparedness	prepared ness
briskly	brisk ly
minimally	minimal ly
complementary	complement ary
pliers	ply er s
praline	praline
none	none
indivisibility	indivisible ity
munificence	munificent ence
counterattack	counterattack
supertax	super tax
hanky	handkerchief y
sue	sue
slacken	slack en
indicative	indication ive
copse	copse
stuffily	stuffy ly
inequality	in equality
rein	rein
carburet	carburet
inextricable	in extricable
watt	watt
stoke	stoke
baptize	baptism ize
debtor	debt or
significative	signification ive
maths	mathematics
totality	total ity
outwardly	outward ly
rarity	rare ity
revisionist	revisionism ist
hollowly	hollow ly
scandalously	scandalous ly
foolhardy	fool hard y
putt	putt
reel	reel
domiciliary	domicile ary
guilefully	guileful ly
beneficence	beneficent ence
introductory	introduction ory
reef	reef
biodegradable	bio degrade able
superior	superior
sticker	stick er
spotless	spot less
rouble	rouble
prurience	prurient ence
chrome	chrome
clang	clang
immediately	immediately
nosiness	nosy ness
distiller	distil er
city	city
tenderness	tender ness
jerk	jerk
bucketful	bucket ful
cravenly	craven ly
observable	observe able
perspicuity	perspicuous ity
tractability	tractable ity
immovably	immovable ly
assay	assay
psychically	psychical ly
whereupon	whereupon
reincarnation	reincarnate ion
subnormal	subnormal
repellent	repellent
thousandfold	thousandfold
snobbishness	snobbish ness
degeneracy	degenerate cy
geographer	geography er
diabetic	diabetes ic
angler	angle er
opinionated	opinion ate ed
circulation	circulate ion
abusively	abusive ly
affirmative	affirmative
condescension	condescend ion
decadent	decadent
terminal	terminus al
graft	graft
oaken	oak en
muckle	muckle
snuffle	snuffle
smut	smut
sottish	sot ish
jihad	jihad
distinction	distinct ion
openheartedly	openhearted ly
hosteller	hostel er
quarterly	quarterly
molasses	molasses
chauffeur	chauffeur
innocently	innocent ly
hassle	hassle
antique	antique
smuggler	smuggle er
compensation	compensate ion
disrobe	dis robe
invigilation	invigilate ion
huskily	husky ly
guiltless	guilt less
appraisal	appraise al
decolonize	de colonize
herculean	Hercules an
amorousness	amorous ness
liver	live er
palate	palate
bareheaded	bare head ed
snooper	snoop er
virulently	virulent ly
rich	rich
politics	politic s
shortsighted	short sight ed
sketcher	sketch er
typical	type ical
lorn	lorn
wonted	wont ed
pule	pule
mummify	mummy ify
spidery	spider y
commercially	commercial ly
tack	tack
ventricle	ventricle
charmer	charm er
workable	work able
indemnification	indemnify ation
puncher	punch er
inter	inter
mutably	mutable ly
license	license
inaptness	inapt ness
pushy	push y
elementary	element ary
middy	midshipman y
cellarage	cellar age
whereby	whereby
allegorically	allegorical ly
newmarket	Newmarket
flightiness	flighty ness
exaggeration	exaggerate ion
sluggishness	sluggish ness
priory	prior ory
worrying	worrying
stationery	stationer ery
torrent	torrent
papyrus	papyrus
fag	fag
stork	stork
faintly	faint ly
impetus	impetus
injustice	in justice
repressed	repressed
cougar	cougar
shelter	shelter
source	source
muskiness	musky ness
greasy	grease y
probate	probate
insolvent	in solvent
demonstrative	demonstration ive
permanence	permanent ence
tabulator	tabulate or
quarrelsome	quarrel some
seminar	seminar
precipitously	precipitous ly
makeshift	makeshift
crocodile	crocodile
polysyllabically	polysyllabic ally
usuriously	usurious ly
numerically	numerical ly
northeaster	northeast er
exasperatedly	exasperated ly
allusive	allusion ive
lewdness	lewd ness
restriction	restrict ion
haphazardly	haphazard ly
vicariously	vicarious ly
librarianship	librarian ship
unknowing	un knowing
righteousness	righteous ness
chief	chief
excessively	excessive ly
skiver	skive er
scandalize	scandal ize
sleepwalker	sleepwalk er
tonality	tonal ity
readability	readable ity
militarism	military ism
cleanliness	cleanly ness
nymph	nymph
sib	sib
juice	juice
plastered	plastered
maddening	maddening
pharisaical	pharisee ical
somnolently	somnolent ly
tare	tare
bruising	bruising
dugong	dugong
landau	landau
campaign	campaign
skive	skive
isolationism	isolation ism
adversely	adverse ly
sentimentality	sentimental ity
landwards	landward s
thou	thou
inoffensive	in offensive
canary	canary
smoulder	smoulder
umber	umber
algorithmic	algorithm ic
wash	wash
cholesterol	cholesterol
ruins	ruins
helmet	helmet
sottishly	sottish ly
incommunicable	in communicable
subjection	subject ion
wonderingly	wonder ing ly
politically	political ly
trustfulness	trustful ness
frazzle	frazzle
screamingly	scream ing ly
receivable	receive able
colourful	colour ful
integrated	integrated
disgrace	disgrace
introverted	introvert ed
pitiful	pity ful
trilaterally	trilateral ly
perniciousness	pernicious ness
awfully	awful ly
severely	severe ly
coco	coco
cove	cove
batiste	batiste
chaff	chaff
stealthy	stealth y
cockeyed	cock eye ed
squatter	squat er
daintiness	dainty ness
aspirant	aspire ant
cock	cock
emphysema	emphysema
dashed	dashed
distributively	distributive ly
porker	pork er
hang	hang
den	den
porous	pore ous
agglomeration	agglomerate ion
threateningly	threatening ly
desalinize	de saline ize
transversely	transverse ly
stocks	stocks
colourlessly	colourless ly
foreordain	fore ordain
amaryllis	amaryllis
causation	cause ation
pusillanimously	pusillanimous ly
vaulting	vaulting
penitently	penitent ly
peripatetically	peripatetic ally
harrow	harrow
ladder	ladder
acoustic	acoustic
oceanographer	oceanography er
assassinate	assassin ate
mam	mam
primness	prim ness
overbid	overbid
predictability	predictable ity
premonition	pre monition
impractically	impractical ly
caterwaul	caterwaul
leech	leech
sash	sash
horrify	horror ify
leave	leave
swallowtailed	swallow tail ed
insupportable	in supportable
proprietary	proprietor ary
starchy	starch y
nightmarishness	nightmarish ness
voyage	voyage
liveried	livery ed
snobbish	snob ish
cinch	cinch
quintessentially	quintessential ly
decide	decide
pitifulness	pitiful ness
coincidental	coincidence al
captivity	captive ity
kibosh	kibosh
effectiveness	effective ness
particularity	particular ity
majestical	majesty ical
confession	confess ion
wrangle	wrangle
succinctness	succinct ness
eleven	eleven
knickers	knickerbockers
spindle	spindle
abstainer	abstain er
masterful	master ful
infraction	infract ion
shaker	shake er
emollient	emollient
clerical	cleric al
vandalize	vandal ize
footballer	football er
concernedly	concerned ly
dramatic	drama ic
retort	retort
constructor	construct or
sophisticate	sophisticate
roll	roll
conditioned	conditioned
irreproachably	irreproachable ly
his	his
wager	wage er
fiancee	fiancee
class	class
undeceive	un deceive
megalithic	megalith ic
cudgel	cudgel
laicize	laic ize
tubby	tub y
shoulder	shoulder
starless	star less
newscaster	newscast er
fiddling	fiddling
invincibly	invincible ly
measliness	measly ness
merge	merge
extempore	extempore
whereon	whereon
parity	par ity
falsification	falsify ation
homoeopathically	homoeopathic ally
encamp	en camp
shifty	shift y
ordination	ordain ation
carve	carve
ratter	rat er
composite	composite
apparel	apparel
integrally	integral ly
telegraphically	telegraphic ally
perspicaciously	perspicacious ly
connotative	connotation ive
clerically	clerical ly
ninetieth	ninety th
adorable	adore able
cognoscenti	cognoscenti
nicety	nice ty
scurrilously	scurrilous ly
sinless	sin less
eurhythmic	eurhythmy ic
illogically	illogical ly
medicine	medic ine
tattiness	tatty ness
mayor	mayor
hatful	hat ful
mannered	manner ed
potholer	pothole er
luckiness	lucky ness
declamatory	declamation ory
thinking	thinking
quire	quire
hysterical	hysteria ical
biretta	biretta
flightless	flight less
dissent	dissent
marvellous	marvel ous
senses	senses
ghoul	ghoul
rival	rival
exiguousness	exiguous ness
undock	un dock
stringently	stringent ly
longitudinal	longitude al
camphor	camphor
soporifically	soporific ally
significant	signify ant
fascinatingly	fascinating ly
fennel	fennel
hear	hear
mettlesome	mettle some
ivy	ivy
astute	astute
boys	boys
whiner	whine er
codling	codling
distressing	distressing
substantiation	substantiate ion
overdraft	over draft
those	those
sociably	sociable ly
pound	pound
duly	due ly
mousy	mouse y
screed	screed
squealer	squeal er
versifier	versify er
progressive	progress ive
digression	digress ion
threesome	three some
pinch	pinch
employee	employ ee
politely	polite ly
languorously	languorous ly
widowed	widow ed
slobber	slobber
reflexive	reflexive
precipitousness	precipitous ness
alcohol	alcohol
declaration	declare ation
proximately	proximate ly
disconcertingly	disconcerting ly
resonator	resonate or
cough	cough
rapacity	rapacious ity
code	code
paternally	paternal ly
humane	humane
sublieutenant	sub lieutenant
forewarn	fore warn
mastic	mastic
envious	envy ous
foreword	fore word
indigence	indigent ence
heartiness	hearty ness
domed	dome ed
seventeenth	seventeen th
rearrange	re arrange
quaver	quaver
equipped	equipped
lineage	line age
ail	ail
torpidity	torpid ity
unstop	un stop
discerning	discerning
mosque	mosque
twirl	twirl
shark	shark
badly	bad ly
divisiveness	divisive ness
mitigation	mitigate ion
serve	serve
hiking	hiking
haulier	haul ier
tarantelle	tarantelle
ringside	ringside
cunt	cunt
sabre	sabre
accessibility	accessible ity
imprudence	imprudent ence
ancestress	ancestor ess
coign	coign
dislocate	dis locate
iota	iota
clownishness	clownish ness
nightmarishly	nightmarish ly
absence	absent ence
aesthetical	aesthete ical
temperateness	temperate ness
effervescence	effervescent ence
squid	squid
zenithal	zenith al
crazed	crazed
spotlessness	spotless ness
ingratitude	in gratitude
willow	willow
professor	profess or
logging	logging
outplay	out play
morphological	morphology ical
healer	heal er
potentate	potent ate
litter	litter
parachute	parachute
substantive	substance ive
bridle	bridle
frumpish	frump ish
tomboyish	tomboy ish
worth	worth
naval	navy al
brawniness	brawny ness
voluptuousness	voluptuous ness
chambers	chambers
appearances	appearances
guts	guts
glamorization	glamorize ation
slog	slog
regions	regions
stimulation	stimulate ion
dislike	dislike
eroticism	erotic ism
exhibitionist	exhibitionism ist
entangle	en tangle
palatinate	palatine ate
cola	cola
contrariness	contrary ness
unpleasant	un pleasant
prissiness	prissy ness
expertly	expert ly
fuss	fuss
frilled	frill ed
link	link
toughly	tough ly
donnish	don ish
precedence	precedent ence
stench	stench
signatory	signature ory
scram	scram
disjunction	dis junction
mountain	mountain
numb	numb
tyrannical	tyrant ical
privilege	privilege
superfine	super fine
cavalierly	cavalier ly
breech	breech
chestnut	chestnut
restorative	restoration ive
crane	crane
tacit	tacit
free	free
shutter	shutter
authorization	authorize ation
chancellery	chancellor ery
furze	furze
savvy	savvy
nor	nor
elegiacal	elegy al
backfire	backfire
sureness	sure ness
fives	fives
instructional	instruction al
displeasing	displeasing
warder	ward er
cadaverous	cadaver ous
gasification	gasify ation
confidently	confident ly
ordered	ordered
zoologist	zoology ist
deceiver	deceive er
operational	operation al
vulcanize	Vulcan ize
rescuer	rescue er
undersign	under sign
hooker	hook er
clippers	clippers
bigotry	bigot ry
writing	writing
maxim	maxim
nugget	nugget
bitingly	biting ly
unruliness	unruly ness
floss	floss
journalistically	journalistic ally
acquisitiveness	acquisitive ness
superannuation	superannuate ion
archetypal	archetype al
demographer	demography er
venison	venison
alveolar	alveolar
mistranslation	mistranslate ion
mouth	mouth
educationally	educational ly
fresh	fresh
roost	roost
irritable	irritate able
acrimonious	acrimony ous
saunterer	saunter er
spume	spume
forebode	fore bode
western	western
audit	audit
portentously	portentous ly
research	research
cubical	cube ical
inimitably	inimitable ly
finding	finding
softly	soft ly
nonproliferation	non proliferation
paraplegic	paraplegia ic
regretfulness	regretful ness
reliability	reliable ity
booklet	book let
thermionic	thermion ic
insole	in sole
frighteningly	frightening ly
mend	mend
worriedly	worried ly
kind	kind
wetting	wetting
paras	paratroops
snarl	snarl
nosy	nose y
rehearing	rehearing
expertness	expert ness
conceal	conceal
euphoric	euphoria ic
inopportuneness	inopportune ness
unperson	un person
misunderstanding	misunderstanding
agate	agate
invite	invitation
disoblige	dis oblige
telegrapher	telegraph er
officiate	office ate
discretion	discrete ion
funerary	funeral ary
primer	prime er
sabbatical	Sabbath ical
phrase	phrase
peculiar	peculiar
rhomb	rhombus
bet	bet
loyalist	loyal ist
hypochondriac	hypochondriac
evangelism	evangel ism
warship	war ship
disquiet	disquiet
admiringly	admiring ly
farsighted	far sight ed
menstruation	menstruate ion
investigator	investigate or
optative	optative
slenderness	slender ness
plutocratic	plutocrat ic
ninety	nine ty
regulator	regulate or
logarithmic	logarithm ic
indiscreetly	indiscreet ly
poodle	poodle
sixtieth	sixtieth
snuffer	snuff er
skewer	skewer
secondly	second ly
carpet	carpet
blooming	bloom ing
knocker	knock er
shipbuilder	ship builder
freeload	free load
beneficially	beneficial ly
mad	mad
strikingly	striking ly
paranoiacally	paranoiac ally
technicality	technical ity
diffusion	diffuse ion
elation	elate ion
peevishly	peevish ly
vulgarization	vulgarize ation
repeat	repeat
bequest	be quest
emulsify	emulsion ify
burial	bury al
forced	forced
scarify	scar ify
ringlet	ring let
recoverable	recover able
wobbly	wobble y
lukewarmly	lukewarm ly
degeneration	degenerate ion
moonless	moon less
lapel	lapel
mangle	mangle
pile	pile
integration	integrate ion
slowness	slow ness
away	away
instructress	instructor ess
concordant	concord ant
indulgence	indulgent ence
rhymed	rhymed
latex	latex
indivisible	in divisible
soundings	sounding s
skywards	skyward s
trivialize	trivial ize
necessaries	necessary s
peculiarity	peculiar ity
elfishness	elfish ness
pardon	pardon
genus	genus
fortieth	fortieth
gunner	gun er
boneheaded	bone head ed
trombonist	trombone ist
distrust	dis trust
illustrative	illustration ive
swathe	swath
industrialist	industrialism ist
witlessly	witless ly
skittles	skittles
crudely	crude ly
yang	yang
sedately	sedate ly
violently	violent ly
overtones	overtones
squeezer	squeeze er
annunciation	announce ation
anachronistic	anachronism ic
wizardry	wizard ry
prettily	pretty ly
turning	turning
pregnancy	pregnant ancy
modesty	modest y
cleanse	cleanse
concertedly	concerted ly
mindful	mind ful
girlish	girl ish
virgin	virgin
protein	protein
concentrate	concentrate
rest	rest
penniless	penny less
credulity	credulous ity
peregrination	peregrinate ion
rag	rag
misbegotten	mis begotten
catchy	catch y
soothe	soothe
interdenominational	inter denominational
rondo	rondo
institutional	institution al
desensitization	desensitize ation
plaintiff	plaintive
bewitch	be witch
commonness	common ness
roofless	roof less
latinize	Latin ize
complainant	complain ant
sweep	sweep
bongo	bongo
weediness	weedy ness
activate	active ate
harlotry	harlot ry
abundantly	abundant ly
reproduce	re produce
raftsman	raft s man
cautiousness	cautious ness
nainsook	nainsook
beery	beer y
basil	basil
folklorist	folklore ist
feudatory	feudal ory
reprint	reprint
accord	accord
inestimable	in estimable
annex	annex
professorial	professor ial
signal	signal
tangential	tangent ial
prowess	prowess
bloated	bloated
pipe	pipe
hectare	hectare
mutiny	mutiny
irrigable	irrigate able
mongol	mongol
urinate	urine ate
analgesic	analgesia ic
indefeasible	in defeasible
ecological	ecology ical
robustness	robust ness
roadworthiness	roadworthy ness
ceramics	ceramic s
inscription	inscribe ion
woody	wood y
era	era
biscuit	biscuit
normal	normal
hereunder	here under
irregular	irregular
parry	parry
myopic	myopia ic
insert	insert
industrialize	industrial ize
cerise	cerise
premature	pre mature
dryad	dryad
exception	except ion
impassiveness	impassive ness
invulnerably	invulnerable ly
pessimistically	pessimistic ally
thrush	thrush
sleigh	sleigh
underfed	under fed
ardently	ardent ly
teetotaller	teetotal er
westerner	western er
bleacher	bleach er
communicably	communicable ly
schist	schism ist
unman	un man
plainswoman	plain s woman
postal	post al
tab	tab
submissiveness	submissive ness
coincidence	coincident ence
collectedly	collected ly
deepen	deep en
corporal	corporal
devastatingly	devastating ly
palmy	palm y
dodderingly	doddering ly
unkindly	unkind ly
outdate	out date
warble	warble
complainingly	complain ing ly
coercion	coerce ion
impracticably	impracticable ly
fuchsia	fuchsia
unprecedentedly	unprecedented ly
gait	gait
drummer	drum er
engrossingly	engrossing ly
underlie	under lie
filtrate	filter ate
pointer	point er
brothel	brothel
supervisor	supervise or
gynaecologist	gynaecology ist
gudgeon	gudgeon
suck	suck
moreover	more over
polygamist	polygamy ist
testatrix	testatrix
swag	swag
poisonously	poisonous ly
caucus	caucus
rationalize	rational ize
hideously	hideous ly
catcall	catcall
procreation	procreate ion
toddle	toddle
scrounge	scrounge
mulishness	mulish ness
gorgeousness	gorgeous ness
penitential	penitence ial
fitful	fit ful
ship	ship
mapping	mapping
exemption	exempt ion
sleety	sleet y
realistically	realistic ally
casuistic	casuist ic
disarrange	dis arrange
portraitist	portrait ist
spelt	spelt
molar	molar
unaccustomed	un accustomed
rowdiness	rowdy ness
worldliness	worldly ness
ashamed	a shame ed
sapper	sap er
skiffle	skiffle
batch	batch
send	send
romanticize	romantic ize
atrocity	atrocious ity
disgorge	dis gorge
insularity	insular ity
item	item
raggedness	ragged ness
gulp	gulp
want	want
inverse	inverse
dangerous	danger ous
swear	swear
stonily	stony ly
louringly	louring ly
miff	miff
candle	candle
incarnate	incarnate
bodily	body ly
anticlockwise	anticlockwise
refugee	refuge ee
guard	guard
blessing	blessing
crustiness	crusty ness
griddle	griddle
professorially	professorial ly
specked	speck ed
explanation	explain ation
prude	prude
enunciation	enunciate ion
negative	negative
jumpiness	jumpy ness
ambivalence	ambivalent ence
deserving	deserving
prioress	prior ess
convulsion	convulse ion
recovery	recover ery
refreshments	refreshments
sect	sect
blabber	blab er
underwrite	under write
syringe	syringe
inquisitorial	inquisitor ial
oppressiveness	oppressive ness
gamboge	gamboge
swerve	swerve
finitely	finite ly
petitioner	petition er
homogeneously	homogeneous ly
exaltation	exalt ation
diabolically	diabolical ly
forging	forging
ruination	ruin ation
flavouring	flavouring
jail	jail
deepness	deep ness
reinforce	re enforce
carmine	carmine
her	her
unfaltering	un faltering
moot	moot
doctor	doctor
archly	arch ly
rick	rick
shimmer	shimmer
incline	incline
radioactivity	radioactive ity
relief	relieve
stud	stud
lazily	lazy ly
fetish	fetish
preview	pre view
stiffly	stiff ly
polder	polder
gloweringly	glower ing ly
moaner	moan er
hooch	hooch
electronics	electronic s
tubing	tubing
nearness	near ness
keeper	keep er
wind	wind
militaristically	militaristic ally
axiomatically	axiomatic ally
exogamous	exogamy ous
corruptly	corrupt ly
unlock	un lock
portals	portals
hesitation	hesitate ion
oafishness	oafish ness
showery	shower y
salient	salient
allopathic	allopathy ic
voluntary	volunteer ary
pestle	pestle
lesser	less er
afoot	afoot
frighten	fright en
monstrously	monstrous ly
unequalness	unequal ness
outwit	out wit
petrologist	petrology ist
animation	animate ion
impressiveness	impressive ness
lease	lease
shallows	shallow s
mod	mod
wanker	wank er
fiesta	fiesta
feasibility	feasible ity
symbolic	symbol ic
nitric	nitre ic
podginess	podgy ness
toil	toil
licence	license
circumferential	circumference ial
thoroughness	thorough ness
conjunct	conjunct
ulterior	ulterior
gracelessness	graceless ness
mouldy	mould y
emphatic	emphasis ic
artifact	artifact
sea	sea
delineation	delineate ion
geocentric	geo centre ic
practice	practise
nonrestrictive	non restrictive
expedition	expedite ion
definable	define able
sync	synchronization
phaeton	phaeton
rickets	rickets
succeed	succeed
vintage	vintage
horny	horn y
laurels	laurels
ace	ace
autumnal	autumn al
jewellery	jewel ery
armoury	armour y
crosscheck	crosscheck
barrelled	barrelled
owner	own er
meaningfulness	meaningful ness
unlawful	un lawful
quadrophonic	quadrophony ic
marram	marram
renascence	renascent ence
cohesive	cohesion ive
privet	privet
discountenance	dis countenance
insensibility	insensible ity
dent	dent
decorously	decorous ly
theatre	theatre
servery	serve ery
fetching	fetching
fatuously	fatuous ly
jocund	jocund
walker	walk er
cleaner	clean er
melodramatic	melodrama ic
old	old
deletion	delete ion
humidify	humid ify
exploitation	exploit ation
illume	illume
expeditious	expedition ous
hearken	hark en
boom	boom
soulless	soul less
genetically	genetic ally
coagulant	coagulate ant
twerp	twerp
flattery	flatter ery
sappy	sap y
whys	why s
tontine	Tonti ine
shah	shah
deodorant	deodorize ant
bearded	beard ed
fluid	fluid
staggerer	stagger er
delay	delay
shoe	shoe
rattler	rattle er
wood	wood
gland	gland
excitability	excitable ity
inundation	inundate ion
vibrantly	vibrant ly
genially	genial ly
lessee	lease ee
cordiality	cordial ity
stride	stride
malevolence	malevolent ence
turban	turban
endless	end less
convolute	convolute
ginger	ginger
corrective	corrective
impurity	impure ity
mutter	mutter
mercilessly	merciless ly
base	base
spoil	spoil
utopian	utopia an
synchronize	synchronous ize
three	three
late	late
foreleg	fore leg
gentian	gentian
hysterics	hysteric s
mimetic	mimesis ic
misspell	mis spell
concertina	concertina
sacredly	sacred ly
niggler	niggle er
definitely	definite ly
regretful	regret ful
helpfulness	helpful ness
unscrupulous	un scrupulous
unobtrusively	unobtrusive ly
wifelike	wife like
rigmarole	rigmarole
bring	bring
unimpeachably	unimpeachable ly
slangily	slangy ly
bloodlessness	bloodless ness
carapace	carapace
coldness	cold ness
angling	angling
briskness	brisk ness
roach	roach
sleek	sleek
vividly	vivid ly
notional	notion al
oat	oat
decision	decide ion
parasitical	parasite ical
ghyll	ghyll
artiness	arty ness
competence	competent ence
haven	haven
mistrust	mis trust
talus	talus
seditious	sedition ous
prudence	prudent ence
deplane	de plane
strait	strait
furlough	furlough
systematically	systematic ally
bard	bard
midwifery	midwife ery
bald	bald
shipping	shipping
cosmetic	cosmetic
osculation	osculate ion
directness	direct ness
enticingly	enticing ly
sung	sung
dividers	divide er s
sculptor	sculpt or
retail	retail
finickity	finicky ity
wintery	winter y
impermanence	impermanent ence
amalgamation	amalgamate ion
frightened	frightened
vesicle	vesicle
riotousness	riotous ness
unexceptionably	unexceptionable ly
activation	activate ion
corporately	corporate ly
limit	limit
subtenant	sub tenant
wakefulness	wakeful ness
incineration	incinerate ion
benumbed	be numb ed
anode	anode
armless	arm less
stripe	stripe
originality	original ity
subject	subject
absorption	absorb ion
equivocally	equivocal ly
miller	mill er
cantankerously	cantankerous ly
clinical	clinic al
madness	mad ness
actinic	actinism ic
alluring	alluring
concatenation	concatenate ion
seconds	second s
suspension	suspend ion
standoffish	stand off ish
overdrive	over drive
undernourish	under nourish
tumult	tumult
extension	extend ion
realtor	realty or
entertaining	entertaining
undertake	under take
inside	inside
yak	yak
immorality	immoral ity
epicurean	epicure an
premier	premier
crash	crash
bafflingly	baffling ly
tastily	tasty ly
plough	plough
skint	skint
compo	composition
lovelorn	lovelorn
shallowly	shallow ly
pecker	peck er
giant	giant
onwards	onward s
tearaway	tearaway
lord	lord
limited	limited
hungrily	hungry ly
entresol	entresol
porterage	porter age
judge	judge
riskiness	risky ness
banjo	banjo
aspiration	aspire ation
hideousness	hideous ness
ape	ape
inflated	inflated
pricey	price y
avert	avert
rejection	reject ion
beam	beam
intolerable	in tolerable
crimp	crimp
mockery	mock ery
hierarchically	hierarchical ly
backbreakingly	backbreaking ly
zebra	zebra
spunky	spunk y
alternator	alternate or
inflamed	inflamed
virginity	virgin ity
net	net
reprehensibly	reprehensible ly
stridence	strident ence
argon	argon
prickly	prickle y
poncy	ponce y
treacherously	treacherous ly
abhorrence	abhorrent ence
muckraker	muckrake er
voluptuously	voluptuous ly
sonorously	sonorous ly
menially	menial ly
outhouse	out house
narcissus	narcissus
mineralogist	mineralogy ist
confiscatory	confiscation ory
growth	grow th
height	height
faddishly	faddish ly
bespangled	be spangle ed
ornateness	ornate ness
static	state ic
generator	generate or
inmate	in mate
counterfeit	counterfeit
toilet	toilet
flatness	flat ness
discontent	discontent
dismounted	dismounted
incomparable	in comparable
devitalization	devitalize ation
arrogantly	arrogant ly
teak	teak
mornings	morning s
soccer	soccer
coincidentally	coincidental ly
sweater	sweat er
indolently	indolent ly
philatelist	philately ist
believer	believe er
involved	involved
note	note
guarantee	guarantee
infinity	infinite y
crap	crap
gallantry	gallant ry
cholerically	choleric ally
symbolism	symbol ism
brace	brace
churchgoer	church go er
discard	discard
survey	survey
dangerously	dangerous ly
episcopalian	episcopalian
corral	corral
sender	send er
utter	utter
dish	dish
loo	loo
compatibly	compatible ly
elfishly	elfish ly
louvred	louvre ed
hello	hello
mobile	mobile
console	console
midweek	midweek
counterfeiter	counterfeit er
prescribed	prescribed
evil	evil
unscripted	un scripted
calomel	calomel
illustriously	illustrious ly
apple	apple
inviolable	in violable
marketing	marketing
hundredth	hundredth
addict	addict
carriage	carry age
pantingly	pant ing ly
found	found
exclusiveness	exclusive ness
tastefulness	tasteful ness
corrosively	corrosive ly
squander	squander
draggled	draggled
incredibly	incredible ly
coppery	copper y
vindictiveness	vindictive ness
rustication	rusticate ion
enormous	enormity ous
leakiness	leaky ness
merchandise	merchandise
budding	budding
metal	metal
forward	forward
musket	musket
chicken	chicken
craze	craze
despot	despot
caste	caste
blasted	blasted
flasher	flash er
effusive	effusion ive
acquisitively	acquisitive ly
weightlessness	weightless ness
overlong	overlong
equivocation	equivocate ion
submersion	submerse ion
fatalistic	fatalist ic
virologist	virology ist
freethinker	free thinker
calla	calla
secretively	secretive ly
accrue	accrue
diddle	diddle
crowd	crowd
acclimatization	acclimatize ation
cards	cards
snail	snail
bullshit	bullshit
scallop	scallop
stony	stone y
generalize	general ize
porosity	porous ity
theosophist	theosophy ist
inhuman	in human
charger	charge er
snorty	snort y
godlike	god like
chlorination	chlorinate ion
boo	boo
idem	idem
researcher	research er
tit	tit
second	second
fluidity	fluid ity
aside	aside
bewildering	bewildering
befall	be fall
wherein	wherein
myrmidon	Myrmidon
first	first
polysyllabic	polysyllable ic
emotion	emote ion
straggler	straggle er
bract	bract
illegibility	illegible ity
malignancy	malignant ancy
tardily	tardy ly
foreknow	fore know
cage	cage
unreasonable	un reasonable
mover	move er
dredger	dredge er
leucotomize	leucotomy ize
disguise	disguise
offensively	offensive ly
thanklessly	thankless ly
indigenously	indigenous ly
powerlessly	powerless ly
pebbly	pebble y
holystone	holystone
pocket	pocket
chicle	chicle
oust	oust
uselessly	useless ly
leap	leap
sideswipe	sideswipe
bismuth	bismuth
deplorable	deplore able
inbred	inbred
senate	senate
lough	lough
importunately	importunate ly
drench	drench
distrust	distrust
turbulently	turbulent ly
seamer	seam er
disaffiliate	dis affiliate
draconian	Draco ian
telegraphic	telegraph ic
aide	aide
lira	lira
priggishness	priggish ness
boorish	boor ish
titan	titan
boggle	boggle
work	work
mahatma	mahatma
vivacity	vivacious ity
deterministic	determinism ic
discreetly	discreet ly
generosity	generous ity
bonds	bonds
unclad	un clad
counterplot	counterplot
constant	constant
objectivity	objective ity
imposingly	imposing ly
maritally	marital ly
hog	hog
speediness	speedy ness
churlishness	churlish ness
laboriousness	laborious ness
futurity	future ity
rehash	rehash
undeserved	un deserved
pilot	pilot
resinate	resin ate
shell	shell
fastness	fast ness
overload	overload
bolster	bolster
spaciously	spacious ly
fleece	fleece
page	page
bifurcate	bifurcate
bedimmed	be dim ed
bespoke	bespoke
freshen	fresh en
heraldry	herald ry
regret	regret
alpinist	alpinism ist
lilt	lilt
infertility	infertile ity
neighbourly	neighbour ly
professed	professed
sporty	sport y
boomerang	boomerang
outer	out er
abysmally	abysmal ly
forgetfulness	forgetful ness
crore	crore
nefariousness	nefarious ness
obligatory	obligation ory
following	following
sallow	sallow
sadistically	sadistic ally
hellishly	hellish ly
pettishly	pettish ly
flies	flies
artistry	artist ry
creamer	cream er
renunciation	renounce ation
uncharted	un charted
superficially	superficial ly
bran	bran
contradiction	contradict ion
glancingly	glancing ly
statehood	state hood
midway	midway
thicken	thick en
docker	dock er
whopper	whop er
grower	grow er
keynote	keynote
parasitic	parasite ic
fluoridize	fluoride ize
disgust	disgust
direct	direct
exceptionable	exception able
incapacitate	incapacity ate
sound	sound
priggish	prig ish
saint	saint
tinkle	tinkle
cuss	cuss
valuer	value er
law	law
freemasonry	Freemason ry
mulct	mulct
dug	dug
spurt	spurt
satyric	satyr ic
hydraulics	hydraulic s
create	create
peaty	peat y
creed	creed
gummy	gum y
satin	satin
clanger	clang er
lunge	lunge
commutable	commute able
knobby	knob y
flagrancy	flagrant ancy
deviant	deviant
ungainliness	ungainly ness
potter	pot er
acidulous	acidulate ous
drat	drat
abbot	abbot
commissary	commit ary
pox	pox
coupe	coupe
rose	rose
vomit	vomit
carryout	carryout
trace	trace
heckler	heckle er
wearable	wear able
nativity	native ity
conscript	conscript
pax	pax
narky	nark y
tariff	tariff
each	each
forefoot	fore foot
screwdriver	screw drive er
mistrust	mistrust
methyl	methyl
geometric	geometry ic
fermentation	ferment ation
weight	weight
repression	repress ion
poplar	poplar
underarm	under arm
bravery	brave ery
throughout	throughout
gravel	gravel
apprehension	apprehend ion
southwards	southward s
must	must
retell	re tell
parch	parch
prompt	prompt
strictly	strict ly
approbation	approbate ion
flame	flame
corker	cork er
crispness	crisp ness
shrift	shrift
puree	puree
reproach	reproach
rouse	rouse
sword	sword
limitable	limit able
glad	glad
bascule	bascule
ben	ben
punishing	punishing
lurid	lurid
editorially	editorial ly
machinate	machine ate
dispenser	dispense er
flagellation	flagellate ion
topper	top er
inhabitable	inhabit able
wimple	wimple
safeguard	safeguard
hopeless	hope less
syrup	syrup
mooch	mooch
bullheadedly	bullheaded ly
sentimentalism	sentimental ism
maw	maw
logicality	logical ity
sexually	sexual ly
installation	install ation
remorselessly	remorseless ly
space	space
yield	yield
shore	shore
lisp	lisp
rationalist	rationalism ist
wall	wall
catalogue	catalogue
planless	plan less
charismatic	charisma ic
cleanly	clean ly
unlike	unlike
lamentable	lament able
reft	bereft
inconsequentiality	inconsequential ity
respectably	respectable ly
scarab	scarab
poky	poke y
umpire	umpire
pivot	pivot
give	give
dissimulate	dis simulate
incredible	in credible
miner	mine er
boisterously	boisterous ly
noninterference	non interference
shrive	shrive
psychoanalytic	psychoanalysis ic
sacramental	sacrament al
celibacy	celibate cy
shiftlessness	shiftless ness
dismally	dismal ly
tumultuous	tumult ous
autobiographical	autobiography ical
friability	friable ity
lidless	lid less
stately	state ly
subpoena	subpoena
froth	froth
bifocals	bifocal s
rustproof	rustproof
frames	frames
platonically	platonic ally
subordination	subordinate ion
takings	taking s
incoherence	incoherent ence
loom	loom
mascot	mascot
stinginess	stingy ness
lemon	lemon
halberdier	halberd ier
denote	de note
detergent	detergent
circuit	circuit
communicable	communicate able
hymnal	hymn al
dull	dull
silently	silent ly
waver	wave er
centralize	central ize
wobble	wobble
hereabouts	here about s
weather	weather
dialectics	dialectic s
retake	re take
disregard	disregard
thereunder	there under
trial	try al
appointed	appointed
cosiness	cosy ness
sloppiness	sloppy ness
permissively	permissive ly
dabs	dab s
indwell	in dwell
potentiality	potential ity
glint	glint
stew	stew
eventuality	eventual ity
schizophrenically	schizophrenic ally
discrepancy	discrepant ancy
cargo	cargo
accuser	accuse er
progress	progress
savoury	savour y
tireless	tire less
bumptiousness	bumptious ness
polemics	polemics
meagre	meagre
mannerly	manner ly
husky	husk y
fierce	fierce
purpose	purpose
territorial	territory al
panelling	panelling
tutu	tutu
rehash	re hash
pig	pig
scraps	scraps
reservedly	reserved ly
compacted	compact ed
silence	silence
utmost	utmost
doddery	dodder y
donation	donate ion
upset	upset
outrigger	out rig er
slut	slut
subcontinent	sub continent
taker	take er
windless	wind less
hypothetical	hypothesis ical
wrestler	wrestle er
famed	fame ed
slumberous	slumber ous
grasping	grasping
stoned	stoned
collaborate	col labour ate
advisory	advise ory
standing	standing
nick	nick
gospel	gospel
heterosexual	heterosexual
callow	callow
transfusion	transfuse ion
whoosh	whoosh
rainless	rain less
offstage	offstage
ultimo	ultimo
gabble	gabble
joylessness	joyless ness
organ	organ
toughie	tough ie
buffet	buffet
glue	glue
interrogation	interrogate ion
harbour	harbour
offshore	offshore
theologian	theology an
ripely	ripe ly
surprisedly	surprised ly
aeronautic	aeronaut ic
popery	pope ery
purr	purr
strop	strop
sleet	sleet
fez	fez
catastrophe	catastrophe
appalling	appalling
hale	hale
inlay	inlay
hurtfully	hurtful ly
hot	hot
efficaciously	efficacious ly
jettison	jettison
reverberation	reverberate ion
praiseworthily	praiseworthy ly
letter	letter
trashy	trash y
jockey	jockey
creditable	credit able
kepi	kepi
conservatively	conservative ly
insipidity	insipid ity
slithery	slither y
chaser	chase er
mesa	mesa
creel	creel
prophesy	prophesy
renter	rent er
reafforestation	reafforest ation
chap	chap
sorcerer	sorcery er
anus	anus
booby	boob y
haft	haft
lyrically	lyrical ly
jog	jog
disyllabic	disyllable ic
deceit	deceit
dazedly	daze ed ly
punitive	punish ive
presence	present ence
nurture	nurture
scholarship	scholar ship
chiropractor	chiropractic or
stark	stark
meanderingly	meandering ly
risibility	risible ity
inmost	in most
involuntarily	involuntary ly
disincline	dis incline
kingmaker	king make er
betrothed	betrothed
indispensably	indispensable ly
amp	amp
metallurgist	metallurgy ist
suppose	suppose
wiry	wire y
alphabetical	alphabet ical
nervy	nerve y
huntress	hunter ess
syndicalism	syndical ism
mislay	mis lay
undermine	under mine
busby	busby
simple	simple
treasonous	treason ous
din	din
divisively	divisive ly
edict	edict
cajole	cajole
demonstratively	demonstrative ly
galleon	galleon
ineffability	ineffable ity
insane	in sane
knot	knot
intermingle	inter mingle
beginner	begin er
hubby	husband y
diet	diet
transmutable	transmute able
sparks	sparks
false	false
overawe	over awe
calm	calm
tension	tense ion
forge	forge
jag	jag
crying	crying
occupy	occupy
filmable	film able
pinkish	pink ish
slogan	slogan
schema	schema
nineteenth	nineteenth
mordantly	mordant ly
objectively	objective ly
alliance	ally ance
pamphlet	pamphlet
insure	in sure
victual	victual
win	win
slickness	slick ness
slattern	slattern
yacht	yacht
asexuality	asexual ity
paddock	paddock
malarial	malaria al
jaw	jaw
geisha	geisha
much	much
covetous	covet ous
lyrical	lyric al
orgasm	orgasm
gibbet	gibbet
oboe	oboe
calibration	calibrate ion
vest	vest
need	need
complaining	complaining
plantation	plant ation
protocol	protocol
wanly	wan ly
supplementary	supplement ary
bairn	bairn
aristocratically	aristocratic ally
fib	fib
caliphate	caliph ate
anthem	anthem
fieriness	fiery ness
undoing	undoing
conciliatory	conciliation ory
etiolation	etiolate ion
turgidity	turgid ity
ghastliness	ghastly ness
pacesetter	pace set er
fanatical	fanatic al
grid	grid
bill	bill
sawyer	saw er
wrongheaded	wrong head ed
solicitously	solicitous ly
wonderful	wonder ful
repentant	repentant
soviet	soviet
onshore	onshore
beer	beer
inventiveness	inventive ness
shall	shall
prefix	pre fix
bearing	bearing
monitor	monitor
operatic	opera ic
murderous	murder ous
socialize	social ize
seminarist	seminary ist
affront	affront
papery	paper y
frivolously	frivolous ly
bawdily	bawdy ly
elementarily	elementary ly
adoration	adore ation
renowned	renown ed
bygone	bygone
casque	casque
sheepishness	sheepish ness
uterine	uterus ine
disproportionately	disproportionate ly
dearness	dear ness
heterosexually	heterosexual ly
chivalrously	chivalrous ly
racy	race y
motions	motions
prorogation	prorogue ation
articulately	articulate ly
drizzly	drizzle y
contemptibly	contemptible ly
stow	stow
leopardess	leopard ess
redistribution	redistribute ion
epitomize	epitome ize
sponginess	spongy ness
depressingly	depressing ly
twig	twig
profitably	profitable ly
remark	re mark
exhilarating	exhilarating
masturbation	masturbate ion
tastefully	tasteful ly
contagiously	contagious ly
nineteenth	nineteen th
gropingly	grope ing ly
unmistakably	unmistakable ly
edgily	edgy ly
statistics	statistics
photograph	photograph
increasingly	increase ing ly
direfully	direful ly
daydream	daydream
unprincipled	un principled
instructive	instruction ive
contrarily	contrary ly
pilferer	pilfer er
inauguration	inaugurate ion
wreck	wreck
knob	knob
bisexual	bisexual
presumptive	presumption ive
rightist	right ist
genitals	genital s
leguminous	legume ous
placket	placket
recentness	recent ness
pursue	pursue
flounce	flounce
unsex	un sex
wound	wound
pinched	pinched
untiringly	untiring ly
caboose	caboose
bit	bit
ramekin	ramekin
mince	mince
knoll	knoll
rewrite	re write
infinitesimal	infinite al
wrathfully	wrathful ly
melon	melon
disconnected	disconnected
salivation	salivate ion
bathing	bathing
pied	pie ed
vertically	vertical ly
deaden	dead en
secretiveness	secretive ness
unvarnished	un varnished
adventurer	adventure er
concretely	concrete ly
orderly	order ly
loftily	lofty ly
exhaust	exhaust
promiscuously	promiscuous ly
shaggily	shaggy ly
grizzled	grizzled
certain	certain
fiddle	fiddle
articulated	articulated
snicker	snicker
resurgence	resurgent ence
section	section
associate	associate
quarters	quarters
iconoclastic	iconoclast ic
sweetly	sweet ly
gird	gird
smelliness	smelly ness
handleable	handle able
orchestral	orchestra al
disappointingly	disappointing ly
planking	planking
irrecoverably	irrecoverable ly
ironclad	ironclad
esoterically	esoteric ally
fusil	fusil
yawl	yawl
blankness	blank ness
directorate	director ate
maliciously	malicious ly
frills	frills
shoal	shoal
unconditionally	unconditional ly
pickaback	pickaback
entreaty	entreat y
psychologically	psychological ly
cybernetics	cybernetic s
numeral	numeral
sibylline	sibyl ine
broadcaster	broadcast er
fibrous	fibre ous
clamour	clamour
flimsily	flimsy ly
frothy	froth y
booster	boost er
conviviality	convivial ity
nomination	nominate ion
precise	precise
thoughtlessly	thoughtless ly
predominant	predominate ant
power	power
hyperbolical	hyperbola ical
ownerless	owner less
angle	angle
formation	form ation
manometrical	manometer ical
malignant	malign ant
fantastical	fantasy ical
perplexed	perplexed
wallop	wallop
cello	cello
giro	giro
bogus	bogus
repair	repair
pleasurably	pleasurable ly
bine	bine
seepage	seep age
distinctiveness	distinctive ness
psephologist	psephology ist
freeborn	free born
copper	copper
clarinettist	clarinet ist
astigmatic	astigmatism ic
shooting	shooting
pomposity	pompous ity
still	still
condom	condom
ormolu	ormolu
gigantically	gigantic ally
courageous	courage ous
libellous	libel ous
goner	gone er
insubstantial	in substantial
atheistical	atheist ical
feeder	feed er
seasonal	season al
rejoinder	rejoin er
tenet	tenet
borough	borough
governing	governing
oiler	oil er
decimalize	decimal ize
nonpareil	nonpareil
soppy	sop y
trill	trill
atypically	atypical ly
quibble	quibble
amiably	amiable ly
parodist	parody ist
dowel	dowel
decompression	decompress ion
brake	brake
underpay	under pay
bolero	bolero
lament	lament
cow	cow
initiate	initiate
wily	wile y
official	office ial
bosky	bosk y
frankly	frank ly
incrementally	incremental ly
cubic	cube ic
sprout	sprout
certified	certified
hermetically	hermetic ally
llama	llama
dacoit	dacoit
blender	blend er
enmesh	en mesh
angelically	angelical ly
surmise	surmise
collective	collection ive
controversialist	controversialism ist
medlar	medlar
drinking	drinking
quod	quod
pleach	pleach
wright	wright
chinless	chin less
blindness	blind ness
amaze	amaze
usurer	usury er
prediction	predict ion
opera	opera
interrogative	interrogation ive
impertinence	impertinent ence
finalist	final ist
indexer	index er
solo	solo
bindery	bind ery
tributary	tributary
duplicator	duplicate or
corm	corm
defroster	defrost er
shilling	shilling
squab	squab
overtime	over time
eventfulness	eventful ness
advisability	advisable ity
scanty	scant y
breathtakingly	breathtaking ly
somehow	some how
confidentiality	confidential ity
insulator	insulate or
canna	canna
outstay	out stay
besiege	be siege
acting	acting
journalist	journalism ist
recuperative	recuperation ive
recurve	re curve
perfumier	perfume ier
cliched	cliche ed
sampan	sampan
pug	pug
feasibly	feasible ly
vixenish	vixen ish
stakes	stakes
broaden	broad en
misquotation	misquote ation
spice	spice
inequitably	inequitable ly
immodestly	immodest ly
bottle	bottle
altruist	altruism ist
servilely	servile ly
capsule	capsule
specimen	specimen
decamp	de camp
washing	washing
motherly	mother ly
supplanter	supplant er
remedially	remedial ly
nonviolent	non violent
contrast	contrast
wavy	wave y
obsessive	obsessive
likely	likely
facility	facile ity
demobilization	demobilize ation
unfairly	unfair ly
indifferent	in different
efflorescence	efflorescent ence
doctrinal	doctrine al
adventure	adventure
upmost	upmost
devotions	devotions
educated	educated
propitiously	propitious ly
snifter	snifter
bohemian	bohemian
instinctive	instinct ive
legibility	legible ity
crag	crag
plate	plate
heave	heave
syllogistic	syllogism ic
corrugation	corrugate ion
undischarged	un discharged
pekoe	pekoe
beastliness	beastly ness
fortnightly	fortnightly
fowler	fowl er
thinness	thin ness
aggregate	aggregate
demonstration	demonstrate ion
aerobatics	aerobatic s
overtures	overtures
nonassertive	non assertive
whine	whine
demented	demented
hyphenation	hyphenate ion
meteor	meteor
outlaw	out law
irregularly	irregular ly
strategist	strategy ist
crawler	crawl er
grievousness	grievous ness
heir	heir
quoit	quoit
turbot	turbot
babyish	baby ish
fogginess	foggy ness
say	say
wand	wand
lank	lank
pacifier	pacify er
torque	torque
diffraction	diffract ion
chug	chug
pace	pace
nipper	nip er
smilax	smilax
configuration	con figure ation
rendezvous	rendezvous
ornamentally	ornamental ly
incongruously	incongruous ly
innocence	innocent ence
strategically	strategic ally
twiggy	twig y
unadvisedly	unadvised ly
snipe	snipe
restiveness	restive ness
rood	rood
accession	accede ion
kittenishly	kittenish ly
can	can
appreciative	appreciation ive
immobilize	immobile ize
mew	mew
windcheater	wind cheat er
large	large
nut	nut
beautiful	beauty ful
supernumerary	super numerary
exclusive	exclusive
immensity	immense ity
caricaturist	caricature ist
uninhibited	un inhibited
alternatively	alternative ly
staff	staff
cannily	canny ly
uphill	uphill
dalmatian	Dalmatia an
collusion	collude ion
delicately	delicate ly
imperative	imperative
bod	bod
mains	mains
sprigged	sprig ed
conjunctive	conjunction ive
bopper	bop er
unflappable	un flap able
remedial	remedy al
diuretic	diuretic
identically	identical ly
invitingly	inviting ly
materialistic	materialist ic
originator	originate or
accretion	accrete ion
yucca	yucca
correctness	correct ness
rote	rote
snap	snap
fifteenth	fifteenth
weekly	week ly
boaster	boast er
predestination	predestine ation
teem	teem
federalist	Federalist
eft	eft
solar	solar
jangle	jangle
sisterhood	sister hood
sacrifice	sacrifice
facileness	facile ness
morphine	morphia ine
epileptic	epileptic
concerned	concerned
jobless	job less
interrelationship	interrelation ship
hemp	hemp
toby	toby
hem	hem
unmindful	un mindful
enormously	enormous ly
confectioner	confection er
emotionally	emotional ly
visually	visual ly
chopper	chop er
streamlet	stream let
sensitivity	sensitive ity
spuriousness	spurious ness
ounce	ounce
cataclysmic	cataclysm ic
regression	regress ion
collaborationist	collaborationist
pecuniarily	pecuniary ly
purely	pure ly
smoothness	smooth ness
insured	insured
muggins	muggins
demerara	demerara
pare	pare
revision	revise ion
awkwardness	awkward ness
nag	nag
philologically	philological ly
peril	peril
swindle	swindle
idealist	idealism ist
prerequisite	pre requisite
radioactively	radioactive ly
thither	thither
singularize	singular ize
stratagem	stratagem
slither	slither
fecundity	fecund ity
sizing	size ing
passable	pass able
saxifrage	saxifrage
circular	circular
fattiness	fatty ness
cookie	cook ie
cockle	cockle
rook	rook
personalization	personalize ation
coequal	coequal
citron	citron
suction	suck ion
collected	collected
grudging	grudging
surrogate	surrogate
crux	crux
authoress	author ess
mine	mine
stoup	stoup
compassionately	compassionate ly
total	total
deflation	deflate ion
smoocher	smooch er
trachea	trachea
lithograph	lithograph
delirious	delirium ous
residual	residue al
crisscross	crisscross
curtain	curtain
desultorily	desultory ly
fragility	fragile ity
climactic	climax ic
shorten	short en
excepted	excepted
stetson	stetson
unwritten	un written
mercenary	mercenary
hurray	hurray
masterless	master less
efface	efface
neap	neap
oddly	odd ly
horned	horn ed
hop	hop
shew	shew
triplet	triple let
incontestable	in contestable
rum	rum
extremely	extreme ly
copy	copy
resplendence	resplendent ence
weaver	weave er
cruelly	cruel ly
antibiotically	antibiotic ally
quavery	quaver y
demonetize	de monetize
harmlessly	harmless ly
militarization	militarize ation
coquettishly	coquettish ly
totally	total ly
productiveness	productive ness
inclusively	inclusive ly
wetness	wet ness
mousiness	mousy ness
pennon	pennon
rancorous	rancour ous
squashiness	squashy ness
catarrh	catarrh
terracotta	terracotta
grab	grab
reign	reign
indulgently	indulgent ly
brand	brand
thinkable	think able
spoon	spoon
variegation	variegate ion
sage	sage
stroll	stroll
substantive	substantive
travelling	travelling
misanthropy	misanthrope y
then	then
gesticulation	gesticulate ion
lissomly	lissom ly
drain	drain
distributional	distribution al
doggy	dog y
tribune	tribune
primitively	primitive ly
disagreeable	disagree able
geographically	geographical ly
simper	simper
disallow	dis allow
womanliness	womanly ness
yachtswoman	yacht s woman
powerfully	powerful ly
unpretentiousness	unpretentious ness
squeal	squeal
phagocyte	phagocyte
sixthly	sixth ly
slalom	slalom
cheerless	cheer less
dispossess	dis possess
gingerly	ginger ly
cravenness	craven ness
ague	ague
rejuvenation	rejuvenate ion
dedication	dedicate ion
hoarder	hoard er
wedded	wedded
sandiness	sandy ness
thermionics	thermionic s
incomprehension	in comprehension
amazing	amazing
ablative	ablative
councillor	council or
princess	prince ess
identification	identify ation
crematory	cremation ory
undated	un dated
attar	attar
scold	scold
nil	nil
constitution	constitute ion
telegraphist	telegraph ist
rethink	re think
indeed	in deed
superstitiously	superstitious ly
tuner	tune er
indeterminable	in determinable
scrofula	scrofula
defiantly	defiant ly
dehorn	de horn
parsley	parsley
blur	blur
priestlike	priest like
steadily	steady ly
initiation	initiate ion
ermine	ermine
stagily	stagy ly
seventy	seventy
trapper	trap er
yeomanry	yeoman ry
subtlety	subtle ty
fiat	fiat
unequal	un equal
convalescence	convalescent ence
pierce	pierce
contraceptive	contraception ive
autumn	autumn
louse	louse
tanner	tan er
muster	muster
curio	curio
smoke	smoke
wyvern	wyvern
wrestle	wrestle
mastodon	mastodon
deformation	deform ation
sorter	sort er
twister	twist er
desperado	desperado
lump	lump
trenchantly	trenchant ly
professionalism	professional ism
rhizome	rhizome
harp	harp
should	should
speech	speech
depravity	deprave ity
lavender	lavender
overpay	over pay
patchouli	patchouli
staggering	staggering
damning	damning
microscopically	microscopic ally
anomalously	anomalous ly
drawing	drawing
technically	technical ly
strategic	strategy ic
oligarch	oligarch
careless	care less
unearthly	un earthly
cussed	cussed
median	median
ireful	ire ful
skateboarder	skateboard er
volitional	volition al
fuller	full er
knockers	knockers
credulousness	credulous ness
successively	successive ly
bugger	bugger
crustily	crusty ly
west	west
downtown	downtown
gallant	gallant
misgiving	mis giving
mortification	mortify ation
accentuate	accent ate
ballistics	ballistic s
minority	minor ity
seducer	seduce er
disagreeably	disagreeable ly
tasselled	tassel ed
insanitary	in sanitary
inherit	inherit
lummox	lummox
ejaculation	ejaculate ion
differently	different ly
whereabouts	where about s
documentary	document ary
forgiveness	forgive ness
disbud	dis bud
theistic	theist ic
slippy	slip y
gad	gad
fancily	fancy ly
fictitiously	fictitious ly
pettiness	petty ness
stead	stead
devitalize	de vitalize
uprightness	upright ness
elaborately	elaborate ly
boastfully	boastful ly
rower	row er
superego	super ego
sonant	sonant
incisive	incision ive
concurrently	concurrent ly
superciliousness	supercilious ness
interchange	interchange
parsimonious	parsimony ous
mystically	mystical ly
gravity	grave ity
baptismal	baptism al
subconsciousness	subconscious ness
neurologist	neurology ist
fetishist	fetishist
fraternize	fraternal ize
chum	chum
whole	whole
dictatorial	dictator ial
knowingly	knowing ly
provincially	provincial ly
soused	soused
server	serve er
sightliness	sightly ness
outbalance	out balance
zing	zing
about	about
godlessness	godless ness
unfounded	un founded
observingly	observing ly
teeter	teeter
anthropophagous	anthropophagy ous
tame	tame
enervate	e nerve ate
savage	savage
phosphoric	phosphorus ic
peasant	peasant
sting	sting
vibration	vibrate ion
ode	ode
ability	able ity
indistinguishably	indistinguishable ly
tops	tops
glean	glean
viva	viva
overall	over all
maidenlike	maiden like
grouse	grouse
tucker	tuck er
exultation	exult ation
hurricane	hurricane
arena	arena
fly	fly
needs	needs
inestimably	inestimable ly
fable	fable
inferior	inferior
eminently	eminent ly
prevarication	prevaricate ion
nicknack	nicknack
pick	pick
redness	Red ness
hormone	hormone
topgallant	topgallant
ninth	ninth
inopportunely	inopportune ly
deformed	deformed
till	till
your	your
unanimity	unanimous ity
prestidigitator	prestidigitation or
mural	mural
lethargically	lethargic ally
falconry	falcon ry
spore	spore
metaphor	metaphor
eff	eff
foolish	fool ish
inpouring	inpouring
atrociously	atrocious ly
irrigation	irrigate ion
morally	moral ly
question	question
bestride	be stride
charged	charged
nightmarish	nightmare ish
pushily	pushy ly
draughty	draught y
quirk	quirk
fend	fend
redo	re do
welder	weld er
corrosive	corrosive
doge	doge
enchantingly	enchanting ly
reciprocity	reciprocal ity
quantify	quantity ify
timpani	timpani
utopia	utopia
tyrannically	tyrannical ly
wordless	word less
impromptu	impromptu
methylate	methyl ate
anon	anon
revolutionize	revolution ize
niggling	niggling
immobilization	immobilize ation
intermediate	intermediate
borzoi	borzoi
rioter	riot er
balaclava	balaclava
daunt	daunt
eleventh	eleventh
lip	lip
ashen	ash en
pate	pate
ogreishly	ogreish ly
qualification	qualify ation
outcaste	outcaste
ideal	ideal
nullah	nullah
degree	degree
rusticate	rustic ate
formally	formal ly
blonde	blonde
moodily	moody ly
purchasable	purchase able
racily	racy ly
fluently	fluent ly
wretchedly	wretched ly
attentiveness	attentive ness
smudge	smudge
day	day
talcum	talcum
lordliness	lordly ness
vet	vet
barn	barn
sulks	sulk s
uncertain	un certain
concuss	concuss
reckoning	reckoning
maidenly	maiden ly
peon	peon
cuffs	handcuffs
latitudinal	latitude al
vaporization	vaporize ation
eulogist	eulogy ist
nervous	nerve ous
terminate	terminate
depiction	depict ion
graphically	graphic ally
dissimilarity	dissimilar ity
dejection	deject ion
quick	quick
dissembler	dissemble er
parlous	parlous
imitator	imitate or
bobbin	bobbin
pyre	pyre
vertebrate	vertebra ate
expectantly	expectant ly
reciprocation	reciprocate ion
event	event
impetuously	impetuous ly
fidgets	fidget s
pounding	pounding
chirpy	chirp y
inversion	invert ion
sundries	sundry s
witticism	witty ism
interchange	inter change
overtone	over tone
stated	stated
puce	puce
powder	powder
mono	mono
offing	off ing
ghost	ghost
handiness	handy ness
tracked	track ed
citation	cite ation
vacantly	vacant ly
eighty	eighty
militaristic	militarist ic
drearily	dreary ly
inactively	inactive ly
batter	bat er
derby	derby
consecutively	consecutive ly
reseat	re seat
randiness	randy ness
shaking	shaking
verso	verso
vestry	vest ry
harrier	harry er
ravings	raving s
bittiness	bitty ness
amends	amend s
lateness	late ness
roadside	roadside
dumps	dumps
downhearted	down heart ed
centennial	centennial
misgive	mis give
rung	rung
demagogy	demagogue y
morn	morn
lengthen	length en
sunken	sunken
unfurnished	un furnished
spareness	spare ness
dresser	dress er
petrifaction	petrify ion
missing	missing
hermaphroditic	hermaphrodite ic
jocularly	jocular ly
mick	mick
verruca	verruca
utensil	utensil
phenomenally	phenomenal ly
drift	drift
disaffect	dis affect
paranoid	paranoid
someplace	some place
squeamishly	squeamish ly
selector	select or
footslogging	footslogging
funnel	funnel
hairless	hair less
unmistakable	un mistakable
sneerer	sneer er
boned	boned
integral	integer al
