bermimpi	ber mimpi
penerbang	pen terbang
kurasa	ku rasa
menyegarkan	men segar kan
handuk	handuk
tersulut	ter sulut
menentu	men tentu
upaya	upaya
berencana	ber rencana
soda	soda
kutuk	kutuk
mengatasinya	men atas i nya
menanyakannya	men tanya kan nya
penjualan	pen jual an
bisnis	bisnis
bergembira	ber gembira
mengasumsikan	men asumsi kan
melihatnya	men lihat nya
berlindung	ber lindung
menonjol	men tonjol
menahannya	men tahan nya
ngeri	ngeri
situasinya	situasi nya
terkucil	ter kucil
setapak	se tapak
menambahkan	men tambah kan
berjasa	ber jasa
otaknya	otak nya
mengikutkan	men ikut kan
pengepungan	pen kepung an
tari	tari
membalasnya	men balas nya
pemakai	pen pakai
tewas	tewas
terpopuler	ter populer
situasi	situasi
kejar	kejar
perolehan	peroleh an
coklat	coklat
merampingkan	men ramping kan
dilaksanakannya	di laksana kan nya
prasarana	prasarana
laut	laut
rela	rela
surgawi	surgawi
menusuk	men tusuk
tugasnya	tugas nya
manajer	manajer
penertiban	pen tertib an
kenang	kenang
jenisnya	jenis nya
wiraswasta	wiraswasta
mencuat	men cuat
percontohan	per contoh an
diterjemahkan	di terjemah kan
rahasia	rahasia
wiraswastawan	wiraswasta wan
berteriak	ber teriak
diasah	di asah
hipotesis	hipotesis
moneter	moneter
reaksinya	reaksi nya
diremehkan	di remeh kan
renovasi	renovasi
bertempur	ber tempur
meminimalisasi	men minimalisasi
pengelolaan	pen kelola an
kluster	kluster
jabar	jabar
belanjakan	belanja kan
penggajian	pen gaji an
pengajarnya	pen ajar nya
bumbu	bumbu
dipegang	di pegang
geografisnya	geografis nya
mengkredit	men kredit
libur	libur
integrasi	integrasi
ditempelkan	di tempel kan
petik	petik
diperbudak	di per budak
nonbank	non bank
pelimpahan	pen limpah an
mewujudkannya	men wujud kan nya
menyembuhkannya	men sembuh kan nya
hubungan	hubung an
gitar	gitar
ditabrakkan	di tabrak kan
komando	komando
peminatnya	pen minat nya
mencercanya	men cerca nya
peredam	pen redam
menoleransinya	men toleransi nya
tanggap	tanggap
responden	responden
pengairan	pen air an
dipersentasekan	di persentase kan
evaluasinya	evaluasi nya
ketidakpuasan	ke tidak puas an
tentaranya	tentara nya
dipermuliakan	di per mulia kan
akhir	akhir
distributor	distributor
berwujud	ber wujud
minimalnya	minimal nya
injil	injil
antarprovinsi	antar provinsi
campur	campur
dianutnya	di anut nya
daging	daging
prancis	prancis
melangsungkan	men langsung kan
manufaktur	manufaktur
antarpasangan	antar pasang an
intensif	intensif
tafsirannya	tafsir an nya
berserah	ber serah
disingkapkan	di singkap kan
sebagian	sebagian
memuji	men puji
menyeluruh	menyeluruh
melipatgandakan	men lipatganda kan
diganti	di ganti
tangkap	tangkap
mengucapkan	men ucap kan
memburuknya	men buruk nya
menyimpannya	men simpan nya
bertumbuhnya	ber tumbuh nya
berdusta	ber dusta
pasalnya	pasal nya
memucat	men pucat
piala	piala
fakta	fakta
mempertimbangkan	men timbang kan
menyinergikan	men sinergi kan
timbangannya	timbang an nya
akuisisi	akuisisi
berpandangan	ber pandang an
pertanyaannya	per tanya an nya
cairnya	cair nya
antarkota	antar kota
dilewati	di lewat i
dicocokkan	di cocok kan
logis	logis
kerasnya	keras nya
negeri	negeri
uskup	uskup
melatih	men latih
bawaan	bawa an
disahkannya	di sah kan nya
muat	muat
berpaling	ber paling
neraca	neraca
pegang	pegang
dibengkokkan	di bengkok kan
senjata	senjata
dirumahmu	di rumah mu
umurku	umur ku
pemahaman	pen paham an
menjelang	men jelang
kotorannya	kotor an nya
dinding	dinding
melumpuhkannya	men lumpuh kan nya
dilekatkan	di lekat kan
dijatuhi	di jatuh i
filosofi	filosofi
selebihnya	se lebih nya
terpasang	ter pasang
sekarat	se karat
pencakar	pen cakar
pelanggannya	pen langgan nya
militernya	militer nya
sesuainya	sesuai nya
perhimpunan	per himpun an
berbasis	ber basis
disampaikan	di sampai kan
permulaannya	per mula an nya
mendayagunakan	men dayaguna kan
pemeran	pen peran
madunya	madu nya
pestanya	pesta nya
bergegas	ber gegas
memperburuk	men buruk
menyambung	men sambung
merintis	men rintis
hartanya	harta nya
diperpanjang	di per panjang
lamban	lamban
membahasnya	men bahas nya
dominasi	dominasi
disisipkan	di sisip kan
memeriksanya	men periksa nya
membanjirnya	men banjir nya
menghadapi	men hadap i
tunggal	tunggal
terakomodasinya	ter akomodasi nya
timah	timah
terperangkap	ter pen rangkap
pengangkat	pen angkat
mengenyahkan	men enyah kan
tergabung	ter gabung
menyelesaikan	men selesai kan
jakarta	jakarta
naik	naik
penyerangan	pen serang an
liciknya	licik nya
diredakan	di reda kan
basis	basis
halal	halal
melarat	melarat
diakibatkan	di akibat kan
menyemburkan	men sembur kan
diajak	di ajak
berhak	ber hak
terlipat	ter lipat
sebenarnya	se benar nya
mengusahakan	men usaha kan
kejadianku	ke jadi an ku
ditempat	di tempat
berambut	ber rambut
menemaninya	men teman i nya
terbuai	ter buai
penghentian	pen henti an
diakibatkannya	di akibat kan nya
dimobilisasi	di mobilisasi
keturunan	ke turun an
memandang	men pandang
olah	olah
melemahnya	men lemah nya
tetap	tetap
pemutakhirannya	pen mutakhir an nya
retak	retak
persneling	persneling
kusampaikan	ku sampai kan
ular	ular
mempersiapkannya	men siap kan nya
meluluskan	men lulus kan
diawasi	di awas i
dusun	dusun
menginginkannya	men ingin kan nya
pilihnya	pilih nya
pengasih	pen kasih
antarbidang	antar bidang
dikategori	di kategori
nasabah	nasabah
jemu	jemu
diternakkan	di ternak kan
gundul	gundul
diungkapkan	di ungkap kan
terdampak	ter dampak
lahannya	lahan nya
pembina	pen bina
didalam	di dalam
karyanya	karya nya
berupa	ber rupa
laporan	lapor an
dibangku	di bangku
sumatra	sumatra
mendekatkan	men dekat kan
andil	andil
tertua	ter tua
ranjang	ranjang
terjaganya	ter jaga nya
pantai	pantai
penyamaran	pen samar an
pembenahan	pen benah an
berartinya	ber arti nya
kemungkinan	kemungkinan
menyebutnya	men sebut nya
mengindikasikan	men indikasi kan
pekerjaan	pekerja an
dipercaya	di percaya
mencampuri	men campur i
kiranya	kira nya
menjembatani	men jembatan i
patroli	patroli
dimeriahkan	di meriah kan
mengimplementasi	men implementasi
pengolahan	pen olah an
melempar	men lempar
presiden	presiden
dijejali	di jejal i
tangani	tangan i
penggalian	pen gali an
datar	datar
mampu	mampu
logonya	logo nya
direkam	di rekam
berperingkat	ber peringkat
pelat	pelat
pemerannya	pen peran nya
kisaran	kisar an
dituntaskan	di tuntas kan
sabotase	sabotase
mudahnya	mudah nya
berandil	ber andil
bersentuhan	ber sentuh an
penyeragaman	pen seragam an
volume	volume
sekawasan	se kawasan
mengecewakan	men kecewa kan
lama	lama
masalahnya	masalah nya
diredam	di redam
pencanangan	pen canang an
perburuhan	per buruh an
wabah	wabah
sedarah	se darah
menyambutku	men sambut ku
murni	murni
gagal	gagal
gawang	gawang
berhitung	ber hitung
pemuji	pen puji
berair	ber air
seisi	se isi
koloni	koloni
mencerminkan	men cermin kan
frekuensinya	frekuensi nya
retribusi	retribusi
jamuan	jamu an
kaumnya	kaum nya
mengenalnya	men kenal nya
kesal	kesal
membangkitkan	men bangkit kan
ibaratnya	ibarat nya
peraturan	per atur an
melunasinya	men lunas i nya
manis	manis
pertanian	per tani an
drama	drama
menimpanya	men timpa nya
anda	anda
pemeriksa	pen periksa
pemancing	pen pancing
tingkatnya	tingkat nya
putus	putus
karier	karier
bendahara	bendahara
urus	urus
dayanya	daya nya
areal	areal
disibukkan	di sibuk kan
menghemat	men hemat
indikatornya	indikator nya
olimpiade	olimpiade
memperbincangkan	men bincang kan
melimpahi	men limpah i
mobilitas	mobilitas
dagangannya	dagang an nya
diboboli	di bobol i
dagingnya	daging nya
ditangkap	di tangkap
termahal	ter mahal
sekecil	se kecil
bermekaran	ber mekar an
navigasi	navigasi
turki	turki
perbuatanmu	per buat an mu
ditinggal	di tinggal
menyetir	men setir
dijumpai	di jumpa i
mengumandangkan	men kumandang kan
menanyai	men tanya i
jabodetabek	jabodetabek
ditentukan	di tentu kan
dampak	dampak
menyerahkannya	men serah kan nya
internasional	internasional
efektivitasnya	efektivitas nya
bahasanya	bahasa nya
mendelegasikan	men delegasi kan
disejajarkan	di sejajar kan
bertukar	ber tukar
mengurut	men urut
terukir	ter ukir
sesat	sesat
penyediaan	pen sedia an
kaisar	kaisar
personel	personel
wujud	wujud
rumput	rumput
ladang	ladang
digembalakan	di gembala kan
temanmu	teman mu
batalkan	batal kan
mengagumkan	men kagum kan
mengikrarkan	men ikrar kan
imigran	imigran
usahakan	usaha kan
pesta	pesta
komunitas	komunitas
kacang	kacang
antarkegiatan	antar ke giat an
menjala	men jala
keperluan	ke perlu an
melebihkan	men lebih kan
garapan	garap an
terakomodasi	ter akomodasi
adonan	adon an
kompeten	kompeten
teliti	teliti
miskin	miskin
garis	garis
pihaknya	pihak nya
mencegah	men cegah
menentukan	men tentu kan
pengkhianatan	pen khianat an
sholat	sholat
dimensi	dimensi
pembinaan	pen bina an
rintangannya	rintang an nya
lautan	laut an
pemesanan	pen pesan an
diperluas	di per luas
mempertanggungjawabkan	men tanggungjawab kan
bingung	bingung
tukang	tukang
keruh	keruh
pencacahan	pen cacah an
dihadapi	di hadap i
tanah	tanah
misteri	misteri
diikutsertakannya	di ikutserta kan nya
bertatap	ber tatap
disuntik	di suntik
defensif	defensif
memanfaatkannya	men manfaat kan nya
mengungkapkan	men ungkap kan
sekotak	se kotak
teguran	tegur an
diwawancarai	di wawancara i
rohani	rohani
menduga	men duga
konteks	konteks
melaut	men laut
tahap	tahap
secepat	se cepat
ajarannya	ajar an nya
memandunya	men pandu nya
perijinan	per ijin an
bubur	bubur
penerimaan	pen terima an
prospeknya	prospek nya
dipersatukan	di per satu kan
penetapan	pen tetap an
dirombak	di rombak
terjaminnya	ter jamin nya
dilanda	di landa
berpacu	ber pacu
merepresentasikan	men representasi kan
encer	encer
hantam	hantam
bersihkan	bersih kan
pengaudit	pen audit
polanya	pola nya
manajerial	manajerial
dilaksanakan	di laksana kan
pesawatnya	pesawat nya
didedikasikan	di dedikasi kan
berakhirnya	ber akhir nya
memprakarsai	men prakarsa i
suspensi	suspensi
kumiliki	ku milik i
kritik	kritik
buka	buka
bersumber	ber sumber
anugerahkan	anugerah kan
berkepentingan	ber ke penting an
berwarna	ber warna
menampilkan	men tampil kan
palungan	palung an
perbatasan	per batas an
ramalan	ramal an
hancurnya	hancur nya
pemberantasan	pen berantas an
menyepakati	men sepakat i
bersukacita	ber sukacita
berwawasan	ber wawasan
amarahnya	amarah nya
perkataan	per kata an
pinjamannya	pinjam an nya
dikoordinasi	di koordinasi
berkumpul	ber kumpul
membongkar	men bongkar
tamak	tamak
disimpulkan	di simpul kan
harian	hari an
penolongku	pen tolong ku
pekerjaanmu	pekerja an mu
abaikan	abai kan
disajikan	di saji kan
bergurau	ber gurau
berbunga	ber bunga
diamanatkan	di amanat kan
konferensi	konferensi
barat	barat
mengantri	men antri
pemboman	pen bom an
mengisahkan	men kisah kan
haknya	hak nya
kompetisi	kompetisi
hilang	hilang
terbaca	ter baca
lunturnya	luntur nya
lawannya	lawan nya
ketimun	ketimun
mengangsur	men angsur
mainan	main an
sunyi	sunyi
berdedikasi	ber dedikasi
raksasa	raksasa
awalnya	awal nya
luas	luas
bagus	bagus
kemukakan	kemuka kan
terbaru	ter baru
pegawai	pegawai
menggemukkannya	men gemuk kan nya
obatan	obat an
dibimbing	di bimbing
berada	ber ada
sambutan	sambut an
menuliskannya	men tulis kan nya
pemahamannya	pen paham an nya
lalui	lalu i
melupakan	men lupa kan
menanggung	men tanggung
perwakilannya	per wakil an nya
berotak	ber otak
paskah	paskah
ditopang	di topang
diteladankan	di teladan kan
penurunannya	pen turun an nya
mengasari	men kasar i
cabai	cabai
tekad	tekad
terjawab	ter jawab
penghormatan	pen hormat an
turis	turis
instalasi	instalasi
berkesan	ber kesan
makamnya	makam nya
kokpitnya	kokpit nya
daerahnya	daerah nya
dibutuhkannya	di butuh kan nya
bank	bank
perspektif	perspektif
peminjaman	pen pinjam an
kejatuhan	ke jatuh an
ekonomis	ekonomis
wawasannya	wawasan nya
didapatnya	di dapat nya
terhenti	ter henti
usang	usang
kejadiannya	ke jadi an nya
ayah	ayah
andal	andal
masehi	masehi
anugerah	anugerah
menuruni	men turun i
disembelih	di sembelih
takut	takut
antagonis	antagonis
mempertegas	men tegas
sampel	sampel
dimusyawarahkan	di musyawarah kan
kabur	kabur
potensi	potensi
dicarinya	di cari nya
maksud	maksud
penyayang	pen sayang
pemantauan	pen pantau an
nafas	nafas
catatan	catat an
mengakhirinya	men akhir i nya
cd	cd
terserah	ter serah
seksama	seksama
dikucilkan	di kucil kan
dikonsumsi	di konsumsi
menangkal	men tangkal
memamerkan	men pamer kan
membuang	men buang
ruu	ruu
bersemayam	ber semayam
teh	teh
syairnya	syair nya
dievaluasi	di evaluasi
diakui	di aku i
frekuensi	frekuensi
tuli	tuli
mendistribusi	men distribusi
menghabiskannya	men habis kan nya
dijelajahi	di jelajah i
beban	beban
mempermudah	men mudah
mengusir	men usir
planet	planet
dialirkan	di alir kan
dimuntahkan	di muntah kan
sensor	sensor
dikutuk	di kutuk
dipikirkannya	di pikir kan nya
penangguhan	pen tangguh an
tepatnya	tepat nya
merajalela	men rajalela
petunjuknya	petunjuk nya
sebarannya	sebar an nya
salah	salah
meminimalkan	men minimal kan
pusing	pusing
mengambilkan	men ambil kan
rekreasi	rekreasi
merebut	men rebut
disamping	di samping
memprediksi	men prediksi
mengadopsi	men adopsi
perikanannya	per ikan an nya
istilah	istilah
tindak	tindak
bibinya	bibi nya
struktur	struktur
mengenakan	men kena kan
cantik	cantik
dikukuhkan	di kukuh kan
menyusul	men susul
mengumpulkannya	men kumpul kan nya
curang	curang
sucikan	suci kan
rindukan	rindu kan
terdesentralisasi	ter desentralisasi
balai	bala i
anjlok	anjlok
pendayagunaan	pen dayaguna an
dilenyapkan	di lenyap kan
perisai	perisai
duta	duta
kantornya	kantor nya
rasionya	rasio nya
tradisi	tradisi
realistis	realistis
mempersatukan	men satu kan
pendosa	pen dosa
pendahulu	pendahulu
reformasi	reformasi
tembok	tembok
penyebarluasan	pen sebarluas an
hormati	hormat i
penutup	pen tutup
persnelingnya	persneling nya
berdatangan	ber datang an
hamparan	hampar an
pelayanan	pen layan an
dipegangnya	di pegang nya
nyatanya	nyata nya
mengembalikan	men kembali kan
menyesali	men sesal i
menyisihkan	men sisih kan
borong	borong
mendewakan	men dewa kan
terjepit	ter jepit
menempati	men tempat i
mengutip	men kutip
pencarian	pen cari an
solidaritas	solidaritas
terpintar	ter pintar
pesaing	pesaing
berlalu	ber lalu
dilampirkan	di lampir kan
meningkatnya	men tingkat nya
menandatangani	men tandatangan i
meratap	men ratap
menggulirkan	men gulir kan
pencegahan	pen cegah an
mendasarkan	men dasar kan
kerabat	kerabat
membungkuk	men bungkuk
eksteriornya	eksterior nya
dusta	dusta
akhirat	akhirat
ejekan	ejek an
membujuk	men bujuk
pizza	pizza
kelapanya	kelapa nya
mengendarainya	men kendara i nya
food	food
metrologi	metrologi
jambangan	jambang an
kerumunan	kerumun an
diulangi	di ulang i
gawat	gawat
membelenggu	men belenggu
membolehkan	men boleh kan
hambatan	hambat an
memesan	men pesan
mengobarkan	men kobar kan
pembuktian	pen bukti an
tembak	tembak
cemar	cemar
taksir	taksir
menyuntikkan	men suntik kan
ahlinya	ahli nya
kalkun	kalkun
utamanya	utama nya
menjatahkan	men jatah kan
mengusik	men usik
merayu	men rayu
mengkampanyekan	men kampanye kan
ringkasan	ringkas an
menyimaknya	men simak nya
terhibur	ter hibur
sanggup	sanggup
terpengaruh	ter pengaruh
menurun	men turun
besi	besi
suku	suku
kendali	kendali
bersih	bersih
dinamakan	di nama kan
pemantapan	pen mantap an
berkarakteristik	ber karakteristik
rinciannya	rinci an nya
persaingannya	per saing an nya
berbasiskan	ber basis kan
menghadang	men hadang
penyataan	pen nyata an
menganyam	men anyam
depanmu	depan mu
mencerahkan	men cerah kan
tuntutannya	tuntut an nya
ilmuwan	ilmu wan
korup	korup
nominasi	nominasi
ditempel	di tempel
dipelihara	di pelihara
aparat	aparat
bulat	bulat
bergoncang	ber goncang
acuh	acuh
angkat	angkat
taninya	tani nya
tomat	tomat
buat	buat
pemilik	pen milik
menempatkannya	men tempat kan nya
diraihnya	di raih nya
persiapannya	per siap an nya
tertulis	ter tulis
berdagang	ber dagang
bersengketa	ber sengketa
membentuk	men bentuk
hitungan	hitung an
menumpasnya	men tumpas nya
berdosa	ber dosa
terbawah	ter bawah
nafsunya	nafsu nya
perkataanmu	per kata an mu
petani	petani
terbakar	ter bakar
antarstatus	antar status
membersihkan	men bersih kan
berharga	ber harga
mengoleskan	men oles kan
bernyanyi	ber nyanyi
dipadati	di padat i
kawin	kawin
akuntabilitasnya	akuntabilitas nya
masyarakat	masyarakat
dipisah	di pisah
penakluk	pen takluk
terusik	ter usik
dijamin	di jamin
antarmitra	antar mitra
menggantikannya	men ganti kan nya
pengorganisasian	pen organisasi an
jasanya	jasa nya
lemaknya	lemak nya
menginginkan	men ingin kan
zat	zat
kota	kota
terpadat	ter padat
optimisme	optimisme
mengering	men kering
statusnya	status nya
pesanan	pesan an
turun	turun
peluru	peluru
menempuhnya	men tempuh nya
badan	badan
kristal	kristal
terkejut	ter kejut
kepimpinan	ke pimpin an
rekor	rekor
mengapit	men apit
pendengarnya	pen dengar nya
dieksekusi	di eksekusi
memampukan	men mampu kan
menyebar	men sebar
ragi	ragi
kombinasi	kombinasi
rambutan	rambut an
musuhmu	musuh mu
dideskripsikan	di deskripsi kan
mengasingkan	men asing kan
penggelapan	pen gelap an
monitornya	monitor nya
pengiring	pen iring
pancaran	pancar an
majikan	majikan
barisan	baris an
jarahan	jarah an
adiknya	adik nya
menghadirkan	men hadir kan
jerat	jerat
tanggapan	tanggap an
sindikat	sindikat
pengenal	pen kenal
memukuli	men pukul i
menerapkannya	men terap kan nya
menyiarkannya	men siar kan nya
bertekad	ber tekad
sahut	sahut
ishak	ishak
jabatannya	jabat an nya
berpakaian	ber pakai an
dramatis	dramatis
berkesudahan	ber ke sudah an
infrastruktur	infrastruktur
merekonstruksi	men rekonstruksi
pengemis	pen kemis
derita	derita
mencukupinya	men cukup i nya
denpasar	denpasar
lontarkan	lontar kan
pelaksananya	pen laksana nya
digodok	di godok
mengakar	men akar
dihasilkan	di hasil kan
penyelang	pen selang
menyikat	men sikat
instan	instan
serinci	se rinci
dilalui	di lalu i
tidurku	tidur ku
laksanakan	laksana kan
sukacitamu	sukacita mu
tergenang	ter genang
pasar	pasar
telak	telak
diyakininya	di yakin i nya
implikasi	implikasi
pengrusakan	pen rusak an
layak	layak
permasalahan	per masalah an
menanggulanginya	men tanggulang i nya
optimistis	optimistis
mendalami	men dalam i
berkecukupan	ber ke cukup an
membacakan	men baca kan
penggembala	pen gembala
diwujudkan	di wujud kan
penyaliban	pen salib an
timur	timur
dicukur	di cukur
baca	baca
positifnya	positif nya
tersandung	ter sandung
beragi	ber ragi
dikemas	di kemas
tanggung	tanggung
pembersihan	pen bersih an
mendidiknya	men didik nya
bangkit	bangkit
mengenakannya	men kena kan nya
membelanjakannya	men belanja kan nya
tujuannya	tuju an nya
halus	halus
menyajikan	men saji kan
katak	katak
aduk	aduk
tempel	tempel
idenya	ide nya
mengungkap	men ungkap
ramalannya	ramal an nya
lembar	lembar
minimum	minimum
likuiditas	likuiditas
dikonsentrasikan	di konsentrasi kan
antrian	antri an
pucuk	pucuk
eksperimen	eksperimen
naikkan	naik kan
ancaman	ancam an
baiknya	baik nya
memanennya	men panen nya
mendaratkannya	men darat kan nya
mengunjunginya	men kunjung i nya
penenun	pen tenun
seberat	se berat
tercepat	ter cepat
tebalnya	tebal nya
ketidakjelasan	ke tidak jelas an
binatang	binatang
mengamati	men amati
penegasan	pen tegas an
soalnya	soal nya
april	april
seks	seks
memajukan	men maju kan
kau	kau
berkompetisi	ber kompetisi
tumpangan	tumpang an
budak	budak
bandung	bandung
berkilauan	ber kilau an
lingkar	lingkar
relatif	relatif
seyogyanya	se yogya nya
skala	skala
menyobek	men sobek
rutinitasnya	rutinitas nya
tersembunyi	ter sembunyi
menggemakan	men gema kan
karirnya	karir nya
janjinya	janji nya
menargetkan	men target kan
memecat	men pecat
privat	privat
manajemen	manajemen
kualifikasinya	kualifikasi nya
diistilahkan	di istilah kan
pertentangan	per tentang an
kamu	kamu
berkarat	ber karat
kebungkaman	ke bungkam an
melarang	men larang
kedudukannya	ke duduk an nya
melecehkan	men leceh kan
dipelajari	di pelajar i
didefinisikan	di definisi kan
mengejarnya	men kejar nya
guncangan	guncang an
memetakan	men peta kan
profesor	profesor
disoroti	di sorot i
disebutkan	di sebut kan
semenarik	se menarik
mengabdikan	men abdi kan
ketidaksiapan	ke tidak siap an
menyalahi	men salah i
teladan	teladan
lebih	lebih
permohonannya	per mohon an nya
ibuku	ibu ku
restorasi	restorasi
berkendara	ber kendara
cairan	cair an
tersisa	ter sisa
mawar	mawar
kilang	kilang
dibawa	di bawa
didapatkan	di dapat kan
bubar	bubar
pelayananku	pen layan an ku
dituangkan	di tuang kan
mencemarkan	men cemar kan
perenang	pen renang
dipandu	di pandu
subjektivitasnya	subjektivitas nya
serahkan	serah kan
terdidik	ter didik
kata	kata
berlatar	ber latar
hatiku	hati ku
tunjangannya	tunjang an nya
takarannya	takar an nya
persoalannya	per soal an nya
wilayahnya	wilayah nya
melatarbelakanginya	men latarbelakang i nya
mengakomodasikan	men akomodasi kan
terbenam	ter benam
farmasi	farmasi
berkualitas	ber kualitas
kamus	kamus
dipertanyakan	di per tanya kan
kucingnya	kucing nya
bertingkah	ber tingkah
membuktikannya	men bukti kan nya
tatapannya	tatap an nya
sedih	sedih
diartikan	di arti kan
terpentingnya	ter penting nya
muhammad	muhammad
menyuruh	men suruh
survey	survey
dilema	dilema
dijelang	di jelang
penyelenggara	pen selenggara
cek	cek
menyaring	men saring
napasnya	napas nya
efisien	efisien
lebat	lebat
kembalikan	kembali kan
merobohkan	men roboh kan
peraga	pen raga
jasad	jasad
melumpuhkan	men lumpuh kan
pedagang	pedagang
mentransfer	men transfer
menetapkannya	men tetap kan nya
warga	warga
aborsi	aborsi
disertifikasi	di sertifikasi
lingkungannya	lingkung an nya
memadainya	memadai nya
mewawancarainya	men wawancara i nya
kuartal	kuartal
kampusnya	kampus nya
mematahkan	men patah kan
mewarnai	men warna i
merespons	men respons
ikannya	ikan nya
dijualnya	di jual nya
deras	deras
ongkos	ongkos
isterinya	isteri nya
memperpanjang	men panjang
pesannya	pesan nya
menghitungnya	men hitung nya
berkemungkinan	ber kemungkinan
menganggarkan	men anggar kan
mahalnya	mahal nya
transisi	transisi
disalib	di salib
menginginkanmu	men ingin kan mu
putra	putra
bertengger	bertengger
keluarganya	keluarga nya
menggolongkan	men golong kan
legal	legal
komisaris	komisaris
menyerukan	men seru kan
profesionalnya	profesional nya
pemaksaan	pen paksa an
menandingi	men tanding i
diperingatkan	di per ingat kan
mendistribusikannya	men distribusi kan nya
menyayangkan	men sayang kan
berpartisipasi	ber partisipasi
mempertanggungjawabkannya	men tanggungjawab kan nya
menepati	men tepat i
menyatu	men satu
terlebih	ter lebih
penindakan	pen tindak an
bermunculan	ber muncul an
tentunya	tentu nya
dibaharui	di baharu i
disalin	di salin
pembakaran	pen bakar an
penyelaras	pen selaras
menembus	men tembus
pesanannya	pesan an nya
berdinas	ber dinas
sulitnya	sulit nya
pengelolanya	pen kelola nya
belalai	belalai
alfabet	alfabet
kompromi	kompromi
strategis	strategis
akrab	akrab
berkomunikasi	ber komunikasi
dites	di tes
dikeringkan	di kering kan
menyebalkan	men sebal kan
daftarnya	daftar nya
berpindahnya	ber pindah nya
ditinggalkannya	di tinggal kan nya
binasa	binasa
memetik	men petik
mendapatkannya	men dapat kan nya
mendiskriminasi	men diskriminasi
kebangkitan	ke bangkit an
antarpengurus	antar pen urus
menunjukkannya	men tunjuk kan nya
penyebaran	pen sebar an
terbantahkan	ter bantah kan
luasnya	luas nya
dilanggar	di langgar
kentang	kentang
mengelompokkan	men kelompok kan
pencemaran	pen cemar an
longgarnya	longgar nya
ditanamkan	di tanam kan
pahitnya	pahit nya
terpandai	ter pandai
bloknya	blok nya
cetakan	cetak an
karya	karya
mempraktekkan	men praktek kan
bertumbuh	ber tumbuh
angkasa	angkasa
pentingnya	penting nya
mustahil	mustahil
lapak	lapak
jalurnya	jalur nya
lokasinya	lokasi nya
menghiraukan	men hirau kan
awal	awal
menggenggam	men genggam
subjek	subjek
konsolidasi	konsolidasi
menggesernya	men geser nya
beliau	beliau
kelopak	kelopak
tertib	tertib
dikendarainya	di kendara i nya
sentral	sentral
kabul	kabul
menggarap	men garap
serukan	seru kan
kliennya	klien nya
disederhanakan	di sederhana kan
ditembak	di tembak
maknanya	makna nya
menjadwal	men jadwal
meja	meja
diwariskan	di waris kan
terpisahkan	ter pisah kan
berjualan	ber jual an
tahan	tahan
berpengetahuan	ber pengetahuan
bak	bak
amerika	amerika
sayuran	sayur an
pekerja	pekerja
mengkombinasikan	men kombinasi kan
teluk	teluk
keturunannya	ke turun an nya
beraneka	ber aneka
sehat	sehat
merekrut	men rekrut
dirampok	di rampok
dipercayakan	di percaya kan
perzinaan	per zina an
semak	semak
simpulan	simpul an
bagusnya	bagus nya
penularan	pen tular an
melenyapkan	men lenyap kan
khas	khas
dicurahkan	di curah kan
berlebih	ber lebih
tercanggih	ter canggih
struktural	struktural
satelit	satelit
emosionalnya	emosional nya
istrinya	istri nya
penjatahan	pen jatah an
dirusak	di rusak
mengirimi	men kirim i
topeng	topeng
dasawarsa	dasawarsa
seporsi	se porsi
akademis	akademis
pengenaan	pen kena an
menipu	men tipu
akurasinya	akurasi nya
menyiram	men siram
menjaganya	men jaga nya
kompilasi	kompilasi
pengacau	pen kacau
asi	as i
kameranya	kamera nya
ulang	ulang
fajar	fajar
sepedanya	sepeda nya
zakat	zakat
kenangan	kenang an
berusia	ber usia
pendam	pendam
aktifitas	aktifitas
berkat	berkat
ditabur	di tabur
terimakasih	terimakasih
perangkap	pen rangkap
asosiasi	asosiasi
fasik	fasik
pemukimannya	pen mukim an nya
didasarkan	di dasar kan
perhatianku	per hati an ku
dialokasi	di alokasi
campuran	campur an
diberi	di beri
mencukupi	men cukup i
terompetnya	terompet nya
pemimpin	pen pimpin
pengamat	pengamat
ditinggalkan	di tinggal kan
disumbang	di sumbang
didengarnya	di dengar nya
penderita	pen derita
rendahan	rendah an
aktifitasnya	aktifitas nya
menabrak	men tabrak
dihakimi	di hakim i
pertemanan	per teman an
lini	lini
menaatinya	men taat i nya
kertasnya	kertas nya
diseleksi	di seleksi
disegarkan	di segar kan
pasir	pasir
durhaka	durhaka
nampak	nampak
mungilnya	mungil nya
ketidakaktifan	ke tidak aktif an
hikmatnya	hikmat nya
wawancarai	wawancara i
prasarananya	prasarana nya
sempurna	sempurna
percobaan	per coba an
pancing	pancing
mengklasifikasi	men klasifikasi
peritel	pen ritel
berserakan	ber serak an
bertakhta	ber takhta
keran	keran
advokat	advokat
timbunan	timbun an
ditandatangani	di tandatangan i
tenaga	tenaga
susukan	susu kan
produktivitasnya	produktivitas nya
gagang	gagang
diprediksi	di prediksi
arena	arena
taat	taat
bakan	bak an
sebatas	se batas
kakak	kakak
jiwaku	jiwa aku
perobohan	pen roboh an
mengawasinya	men awas i nya
menulis	men tulis
membolos	men bolos
panggang	panggang
membuatmu	men buat mu
pundak	pundak
berhutang	ber hutang
menyetorkannya	men setor kan nya
daftarkan	daftar kan
leher	leher
berkontribusi	ber kontribusi
diingat	di ingat
tindih	tindih
dibenci	di benci
bernada	ber nada
akui	aku i
mencatatkan	men catat kan
bertarung	ber tarung
menunjuk	men tunjuk
meringkas	men ringkas
eternit	eternit
balas	balas
peternakan	peternakan
lomba	lomba
maksimal	maksimal
berkewajiban	ber ke wajib an
hilangnya	hilang nya
jarimu	jari mu
dibukanya	di buka nya
mesin	mesin
diharapkannya	di harap kan nya
penjumlahan	pen jumlah an
diceritakan	di cerita kan
terparkir	ter parkir
penyempitan	pen sempit an
berpikir	ber pikir
mengisolasi	men isolasi
antarindustri	antar industri
caranya	cara nya
duga	duga
pembeliannya	pen beli an nya
kutempuh	ku tempuh
prestise	prestise
kesudahan	ke sudah an
selektifnya	selektif nya
persidangan	per sidang an
rekrut	rekrut
peringkat	peringkat
implikasinya	implikasi nya
inovatif	inovatif
asal	asal
dikendorkan	di kendor kan
monumennya	monumen nya
meringankan	men ringan kan
kisarannya	kisar an nya
paparan	papar an
tuntunan	tuntun an
mulutnya	mulut nya
risikonya	risiko nya
risiko	risiko
kitab	kitab
tengkorak	tengkorak
berobat	ber obat
sesuai	sesuai
traktornya	traktor nya
adanya	ada nya
ikutan	ikut an
terpajangnya	ter pajang nya
panahnya	panah nya
sidang	sidang
meriamnya	meriam nya
buah	buah
tersedot	ter sedot
pegangan	pegang an
gejala	gejala
cucunya	cucu nya
pengharapan	pen harap an
mendetail	men detail
darah	darah
diberitakan	di berita kan
menggoyahkan	men goyah kan
jijik	jijik
kapasitas	kapasitas
bersemangat	ber semangat
berdampingan	ber damping an
rupanya	rupa nya
peninjau	pen tinjau
menghubungkannya	men hubung kan nya
dini	din i
figurnya	figur nya
asramanya	asrama nya
batang	batang
rusaknya	rusak nya
bobroknya	bobrok nya
mendukung	men dukung
penyemprot	pen semprot
afrika	afrika
jaminannya	jamin an nya
menghalangimu	men halang i mu
ramai	ramai
permohonan	per mohon an
memburuk	men buruk
memperbudak	men budak
kontrakan	kontrak an
antarkeluarga	antar keluarga
lembaran	lembar an
buahnya	buah nya
imannya	iman nya
ilahinya	ilahi nya
perkataanku	per kata an ku
semusim	se musim
berlomba	ber lomba
nonusaha	non usaha
diperbesar	di per besar
melenceng	men lenceng
insiden	insiden
memberinya	men beri nya
pendapatannya	pen dapat an nya
persembahan	per sembah an
presentasi	presentasi
simpatinya	simpati nya
pengguliran	pen gulir an
tenggelam	tenggelam
kental	kental
beranggotakan	ber anggota kan
fasih	fasih
dilembagakan	di lembaga kan
batas	batas
koperasinya	koperasi nya
jadi	jadi
perairan	per air an
penilik	pen tilik
berdinding	ber dinding
truknya	truk nya
hotel	hotel
tulus	tulus
pengaman	pen aman
menyelami	men selam i
pencucian	pen cuci an
strata	strata
meramaikan	men ramai kan
bervariasinya	ber variasi nya
bimbingan	bimbing an
review	review
bersandarkan	ber sandar kan
pengorbanannya	pen korban an nya
menyamakan	men sama kan
mencoba	men coba
penumpangan	pen tumpang an
genggam	genggam
tawa	tawa
hiasan	hias an
kontroversi	kontroversi
jauhkan	jauh kan
tertatanya	ter tata nya
berfungsinya	ber fungsi nya
baru	baru
menghilangkan	men hilang kan
diingatkan	di ingat kan
panglima	panglima
diinvestasikan	di investasi kan
disetujui	di setuju i
yayasan	yayasan
ketidakpatuhan	ke tidak patuh an
menghabiskan	men habis kan
cap	cap
martabat	martabat
pertanahan	per tanah an
jambu	jambu
diangsur	di angsur
mulia	mulia
berteduh	ber teduh
hak	hak
mengharuskan	men harus kan
pendetanya	pendeta nya
penunjukkan	penunjukkan
kasih	kasih
jahit	jahit
tertekan	ter tekan
gaul	gaul
terutang	ter utang
menyemprotkan	men semprot kan
bikin	bikin
menjagaku	men jaga aku
dimata	di mata
perbedaan	per beda an
penyerang	pen serang
didapati	di dapat i
pembahasannya	pen bahas an nya
juang	juang
uluran	ulur an
cipta	cipta
santun	santun
disinggung	di singgung
rambutnya	rambut nya
memandu	men pandu
dijatuhkan	di jatuh kan
ketidaktaatan	ke tidak taat an
formasi	formasi
memberitakan	men berita kan
institusional	institusional
dipenjarakan	di penjara kan
beragama	ber agama
antarpulau	antar pulau
penggusuran	pen gusur an
mengoptimalkan	men optimal kan
keras	keras
urutan	urut an
menyembunyikan	men sembunyi kan
pertaniannya	per tani an nya
terjangan	terjang an
berkeadilan	ber ke adil an
berlumpur	ber lumpur
babakan	babak an
naturnya	natur nya
penopang	pen topang
permintaannya	per minta an nya
menjamurnya	men jamur nya
bergaul	ber gaul
mobil	mobil
antardaerah	antar daerah
gosip	gosip
sinar	sinar
penjahit	pen jahit
pembasmi	pen basmi
penambangan	pen tambang an
memperhadapkan	men hadap kan
pribadi	pribadi
berkeluh	ber keluh
mengulang	men ulang
deskripsi	deskripsi
lenyap	lenyap
dinyatakannya	di nyata kan nya
mengasihinya	men kasih i nya
anak	anak
diikutkan	di ikut kan
telanjang	telanjang
memerangi	men perang i
tuan	tuan
berbahasa	ber bahasa
dibuatkan	di buat kan
cerminkan	cermin kan
populer	populer
terlindungi	ter lindung i
kalimat	kalimat
melanggar	men langgar
buyut	buyut
langsing	langsing
berfungsi	ber fungsi
menyiapkan	men siap kan
terprogram	ter program
menghargainya	men harga i nya
ketidakhadiran	ke tidak hadir an
1970an	1970 an
merinci	men rinci
inspirasi	inspirasi
mengganggu	men ganggu
terjauh	ter jauh
terpikat	ter pikat
tempatnya	tempat nya
revisi	revisi
antarpeserta	antar peserta
menggalang	men galang
keinginan	ke ingin an
perhambaan	per hamba an
menyinergikannya	men sinergi kan nya
komposisi	komposisi
memperkosa	men perkosa
pemegang	pen pegang
waktu	waktu
tunggangan	tunggang an
bercirikan	ber ciri kan
pukul	pukul
definisi	definisi
penyalahgunaan	pen salahguna an
rubuh	rubuh
penyeludupan	pen seludup an
mekanik	mekanik
tersempit	ter sempit
dasar	dasar
baku	baku
koleksinya	koleksi nya
minimal	minimal
antiseparatis	anti separatis
menceburkan	men cebur kan
relasinya	relasi nya
menggarisbawahi	men garisbawah i
perjanjian	per janji an
merencanakan	men rencana kan
musyawarah	musyawarah
diandalkan	di andal kan
berkeinginan	ber ke ingin an
gugup	gugup
antarkelompok	antar kelompok
seindah	se indah
romawi	romawi
asas	asas
menjadi	men jadi
dicanangkan	di canang kan
acara	acara
pengentasan	pen entas an
margasatwa	margasatwa
meletakkannya	men letak kan nya
membelakangi	men belakang i
menanyakan	men tanya kan
kekasih	kekasih
belakangan	belakang an
praktik	praktik
elpiji	elpiji
melukai	men luka i
mengkonsolidasikan	men konsolidasi kan
vonis	vonis
isapan	isap an
dititipkannya	di titip kan nya
sepatunya	sepatu nya
lembut	lembut
dihilangkan	di hilang kan
ajarkan	ajar kan
sekerjanya	se kerja nya
bersamaku	ber sama aku
melambat	men lambat
primer	primer
pajangan	pajang an
sukarelawan	sukarela wan
menduduki	men duduk i
mendatangi	men datang i
amanat	amanat
berdampak	ber dampak
penjara	penjara
geografis	geografis
tenar	tenar
seekor	se ekor
bandara	bandara
nonpenerima	non pen terima
gelar	gelar
diagnostik	diagnostik
pemandangan	pen pandang an
memperluas	men luas
korban	korban
komoditas	komoditas
konsistennya	konsisten nya
memperkirakan	men kira kan
tni	tn i
terpendam	ter pendam
yatim	yatim
kehendakku	kehendak ku
kurungan	kurung an
diperburuk	di per buruk
menyelenggarakannya	men selenggara kan nya
gua	gua
terbunuh	ter bunuh
mempermasalahkan	men masalah kan
rata	rata
bersandar	ber sandar
hektar	hektar
potensialnya	potensial nya
mengejek	men ejek
berputar	ber putar
diperdagangkan	di per dagang kan
perujukan	pen rujuk an
pertempuran	per tempur an
rekapitulasinya	rekapitulasi nya
sekolahan	sekolah an
dimandatkan	di mandat kan
mengosongkannya	men kosong kan nya
taksiran	taksir an
perguruan	per guru an
evaluasi	evaluasi
pelaksana	pen laksana
dibuang	di buang
orang	orang
pengadministrasiannya	pen administrasi an nya
arahnya	arah nya
menegur	men tegur
perluasan	per luas an
setara	setara
antarnegara	antar negara
pengembaliannya	pen kembali an nya
terpikir	ter pikir
tersesat	ter sesat
mengenalinya	men kenal i nya
membagi	men bagi
yupiter	yupiter
nomor	nomor
pengingat	pen ingat
menugaskan	men tugas kan
penyuling	pen suling
tujuan	tuju an
ditetapkannya	di tetap kan nya
pesatnya	pesat nya
ambruk	ambruk
sini	sini
adat	adat
melodi	melodi
momen	momen
pagar	pagar
penghubung	pen hubung
berbadan	ber badan
menegarkan	men tegar kan
ditingkatkan	di tingkat kan
berkolaborasi	ber kolaborasi
berunding	ber runding
ampuh	ampuh
integritas	integritas
memindai	men pindai
penghancuran	pen hancur an
petualangan	petualangan
lidah	lidah
merayakan	men raya kan
konsumsi	konsumsi
dolar	dolar
penjudi	pen judi
dikategorikan	di kategori kan
berumur	ber umur
diplomatik	diplomatik
terperosok	terperosok
perlengkapan	per lengkap an
dijuluki	di juluk i
kenal	kenal
perut	perut
dikasih	di kasih
menghafalkan	men hafal kan
penyerahannya	pen serah an nya
mencocokkan	men cocok kan
memasukan	men pasukan
dipecat	di pecat
pernikahannya	per nikah an nya
meminjam	men pinjam
diungsikan	di ungsi kan
pertengkaran	per tengkar an
kuhadapi	ku hadap i
janji	janji
dibagikan	di bagi kan
reputasi	reputasi
talenta	talenta
pahamnya	paham nya
dipatok	di patok
dianugerahi	di anugerah i
peninggalan	pen tinggal an
botol	botol
pendesentralisasian	pen desentralisasi an
berorganisasi	ber organisasi
sisiku	sisi ku
serumit	se rumit
menebarkan	men tebar kan
kudengar	ku dengar
menumpuk	men tumpuk
merombak	men rombak
nonharga	non harga
dijabat	di jabat
ditulisnya	di tulis nya
diimunisasi	di imunisasi
athena	athena
diwakilkan	di wakil kan
cara	cara
konseptual	konseptual
terbantu	ter bantu
oknum	oknum
jarangnya	jarang nya
ditawan	di tawan
dinamis	dinamis
dimakamkan	di makam kan
memperkuat	men kuat
wakilnya	wakil nya
bermoral	ber moral
antarrumah	antar rumah
dirinci	di rinci
harap	harap
memisahkan	men pisah kan
piring	piring
cocok	cocok
sejauh	se jauh
layanan	layan an
separuh	se paruh
terletak	ter letak
ayatnya	ayat nya
strukturnya	struktur nya
memudar	men pudar
bertunangan	ber tunang an
balau	balau
niatan	niat an
tampilan	tampil an
terpelajar	ter pelajar
berperilaku	ber perilaku
ikan	ikan
pemblokiran	pen blokir an
putaran	putar an
pemukiman	pen mukim an
pendorong	pen dorong
menyediakan	men sedia kan
editorialnya	editorial nya
mentari	mentari
pengeringan	pen kering an
berpraktik	ber praktik
medan	medan
bunganya	bunga nya
membahu	men bahu
bersinar	ber sinar
diperbuat	di per buat
dibabat	di babat
ditumpuk	di tumpuk
membela	men bela
solo	solo
giliran	gilir an
memancar	men pancar
perkotaan	per kota an
penghapusan	pen hapus an
mayoritas	mayoritas
massal	massal
termiskin	ter miskin
menakutkan	men takut kan
dimengerti	di mengerti
urut	urut
memperolehnya	men peroleh nya
diangkat	di angkat
diunggah	di unggah
mencatat	men catat
peminjam	pen pinjam
rasi	ras i
model	model
seru	seru
kelanjutannya	ke lanjut an nya
berenang	ber renang
merujuk	men rujuk
menampung	men tampung
perajin	pen rajin
memenuhinya	men penuh i nya
kreditnya	kredit nya
regenerasi	regenerasi
agunan	agun an
dikhawatirkannya	di khawatir kan nya
menyuguhkan	men suguh kan
pengangkatan	pen angkat an
hurufnya	huruf nya
dirawat	di rawat
dititipi	di titip i
moral	moral
kokoh	kokoh
terjerat	ter jerat
ketetapan	ke tetap an
warna	warna
susun	susun
pemda	pemda
tasnya	tas nya
ismail	ismail
persaudaraannya	per saudara an nya
peranan	peran an
dibelenggu	di belenggu
mendengar	men dengar
lemahnya	lemah nya
dihafalkan	di hafal kan
fitnah	fitnah
tujukan	tuju kan
bersantai	ber santai
dijaga	di jaga
administratif	administratif
korupsi	korupsi
prosedurnya	prosedur nya
koleksi	koleksi
astronom	astronom
pertumbuhannya	per tumbuh an nya
sangkut	sangkut
panitia	panitia
berargumen	ber argumen
menikahi	men nikah i
lereng	lereng
pelengkap	pen lengkap
iklannya	iklan nya
leganya	lega nya
unit	unit
pendaftar	pen daftar
kelam	kelam
juli	juli
reguler	reguler
adam	adam
paus	paus
mengajukannya	men aju kan nya
identitas	identitas
mengganggunya	men ganggu nya
penipu	pen tipu
teologiku	teologi ku
mengokohkan	men kokoh kan
lapangan	lapang an
berkesimpulan	ber ke simpul an
mengasuh	men asuh
pajaknya	pajak nya
berdarah	ber darah
unggun	unggun
memindahkan	men pindah kan
karbon	karbon
merapat	men rapat
cerai	cerai
keeratan	ke erat an
ditangan	di tangan
warganegara	warganegara
mengenal	men kenal
mengemuka	men kemuka
merealokasi	men realokasi
diatasi	di atas i
didesain	di desain
menekan	men tekan
berhembus	ber hembus
perundingan	pen runding an
truk	truk
sesak	sesak
palang	palang
mobilisasi	mobilisasi
tokoh	tokoh
mempersempit	men sempit
mencermati	men cermat i
alamat	alamat
kimia	kimia
bahan	bah an
tetesan	tetes an
menyeringai	men seringai
penengah	pen tengah
sebotol	se botol
mengkonsultasikannya	men konsultasi kan nya
pemalsu	pen palsu
politik	politik
sepanjang	se panjang
mengawasi	men awas i
berkurang	ber kurang
paten	paten
dianggarkan	di anggar kan
rajin	rajin
spontan	spontan
dicegat	di cegat
mendefinisikan	men definisi kan
tersinggung	ter singgung
sekuler	sekuler
berbelok	ber belok
beraturan	ber atur an
ketua	ketua
suasana	suasana
melintas	men lintas
sukacita	sukacita
dikontraknya	di kontrak nya
pengorbanan	pen korban an
drastis	drastis
pemasarannya	pen pasar an nya
berpemerintahan	ber pen perintah an
pemeliharaan	pen pelihara an
pemuridan	pen murid an
tebusannya	tebus an nya
pengarah	pen arah
tayangan	tayang an
aparatnya	aparat nya
disuruh	di suruh
mengantar	men antar
matiku	mati ku
terjual	ter jual
pembuat	pen buat
latihannya	latih an nya
ragu	ragu
sejelas	se jelas
dikutip	di kutip
dampingannya	damping an nya
memerdekakan	men merdeka kan
mengejutkan	men kejut kan
saksi	saksi
terpikirkan	ter pikir kan
tertutupi	ter tutup i
doktrin	doktrin
tegak	tegak
etnik	etnik
tertempel	ter tempel
berternak	ber ternak
berjauhan	ber jauh an
terdapatnya	ter dapat nya
isterimu	isteri mu
ditempuhnya	di tempuh nya
nakal	nakal
detak	detak
filipina	filipina
memfotonya	men foto nya
gangguan	ganggu an
matematikanya	matematika nya
diskriminasi	diskriminasi
sarapan	sarapan
besar	besar
sebut	sebut
berlimpahnya	ber limpah nya
membunuhnya	men bunuh nya
memanjang	men panjang
berumput	ber rumput
murah	murah
sumur	sumur
mungil	mungil
mengontrak	men kontrak
melaksanakannya	men laksana kan nya
beranggapan	ber anggap an
berkeyakinan	ber ke yakin an
ramah	ramah
agamanya	agama nya
dihormatinya	di hormat i nya
memodifikasi	men modifikasi
ayahnya	ayah nya
vakum	vakum
ciuman	cium an
mengingini	men ingin i
diklasifikasikan	di klasifikasi kan
menggembirakan	men gembira kan
gerbang	gerbang
meluncurkan	men luncur kan
dipakai	di pakai
penegak	pen tegak
membetulkan	men betul kan
didarati	di darat i
diindikasikan	di indikasi kan
ditabungkan	di tabung kan
diselamatkannya	di selamat kan nya
penelitinya	pen teliti nya
diajar	di ajar
karakteristiknya	karakteristik nya
monopoli	monopoli
berinovasi	ber inovasi
baterai	baterai
mengutusnya	men utus nya
gulungan	gulung an
intensifnya	intensif nya
penguasa	pen kuasa
meninggikan	men tinggi kan
sedangkan	sedang kan
berprofesi	ber profesi
menyadarkan	men sadar kan
asap	asap
tragis	tragis
masyarakatnya	masyarakat nya
intimidasi	intimidasi
pembaruan	pen baru an
bungkusan	bungkus an
merasuk	men rasuk
berseru	ber seru
silakan	silakan
komponen	komponen
bersekolah	ber sekolah
cari	cari
bergulat	ber gulat
nyonya	nyonya
sd	sd
mengiklankan	men iklan kan
ratusan	ratus an
nasional	nasional
dihimpun	di himpun
berkemampuan	ber ke mampu an
dianggapnya	di anggap nya
berlahan	ber lahan
antartempat	antar tempat
sipil	sipil
dikumpulkan	di kumpul kan
denyut	denyut
elektronik	elektronik
merampok	men rampok
penambang	pen tambang
negosiasi	negosiasi
ham	ham
penipuan	pen tipu an
berkedudukan	ber ke duduk an
memikirkannya	men pikir kan nya
negaranya	negara nya
menetapkan	men tetap kan
diajarnya	di ajar nya
pai	pai
cemerlang	cemerlang
ceritakan	cerita kan
dicengkeram	di cengkeram
kesan	kesan
brutonya	bruto nya
sampingan	samping an
mendirikannya	men diri kan nya
amal	amal
meluap	men luap
melewati	men lewat i
marah	marah
pencapaiannya	pen capai an nya
pertaruhan	per taruh an
dana	dana
goncangan	goncang an
berkelanjutan	ber ke lanjut an
dikompensasi	di kompensasi
penyuluh	pen suluh
berfluktuasi	ber fluktuasi
ruangnya	ruang nya
sembuh	sembuh
menangnya	menang nya
gelap	gelap
ditujukan	di tuju kan
rute	rute
nonpungutan	non pungut an
diapit	di apit
memodernisasi	men modernisasi
makmur	makmur
teroris	teroris
wasit	wasit
penggugat	pen gugat
penebus	pen tebus
mewariskan	men waris kan
dibakar	di bakar
paksaan	paksa an
mengasah	men asah
didera	di dera
antarguru	antar guru
dipinjami	di pinjam i
lontar	lontar
menumpang	men tumpang
menyimpan	men simpan
wol	wol
atlet	atlet
berimbas	ber imbas
hubunganku	hubung an ku
kuperintahkan	ku perintah kan
memikat	men pikat
memihak	men pihak
larangan	larang an
selembar	se lembar
kisah	kisah
saksama	saksama
dilihatnya	di lihat nya
mengakumulasi	men akumulasi
memarkir	men parkir
memerintahkan	men perintah kan
natur	natur
memilihkan	men pilih kan
tercermin	ter cermin
belanja	belanja
imunisasinya	imunisasi nya
seramai	se ramai
resepnya	resep nya
bersoal	ber soal
jualbeli	jualbeli
penyortiran	pen sortir an
naskah	naskah
semampu	se mampu
natal	natal
mempublikasikan	men publikasi kan
tunduk	tunduk
merekam	men rekam
ragukan	ragu kan
mendukakan	men duka kan
irigasi	irigasi
purbakala	purbakala
berlainan	ber lain an
belahan	belah an
penggalangan	pen galang an
tuanya	tua nya
sentuh	sentuh
goreng	goreng
pengaruhi	pengaruh i
penyebab	pen sebab
meletihkan	men letih kan
merajut	men rajut
pakar	pakar
diluluskan	di lulus kan
rangkap	rangkap
terjerumus	ter jerumus
perbuatannya	per buat an nya
mayat	mayat
pelatih	pen latih
tobat	tobat
pendistribusi	pen distribusi
bermata	ber mata
pengetahuannya	pengetahuan nya
nonmakanan	non makan an
mengaplikasikan	men aplikasi kan
pengadilan	pen adil an
membalas	men balas
menapaki	men tapak i
takjub	takjub
terurai	ter urai
mengutuknya	men kutuk nya
mekanismenya	mekanisme nya
perekrutan	pen rekrut an
diserang	di serang
sikapnya	sikap nya
fisik	fisik
peminat	pen minat
menganjurkan	men anjur kan
beririgasi	ber irigasi
kostum	kostum
penghitungan	pen hitung an
mengherankan	men heran kan
eksploitasi	eksploitasi
aktual	aktual
abdikan	abdi kan
tekstil	tekstil
merisaukan	men risau kan
terjadi	ter jadi
diketahuinya	di ketahui nya
menghangatkan	men hangat kan
interpretasi	interpretasi
menyetujuinya	men setuju i nya
kala	kala
pembicaranya	pen bicara nya
debutnya	debut nya
menyokong	men sokong
memveto	men veto
arahan	arah an
norma	norma
terpetakan	ter peta kan
mahal	mahal
pengabdiannya	pen abdi an nya
meliputi	men liput i
ketidakmampuan	ke tidak mampu an
saraf	saraf
disiarkan	di siar kan
ganti	ganti
memulangkan	men pulang kan
kepingan	keping an
asuh	asuh
antardepartemen	antar departemen
penyegaran	pen segar an
berdasarkan	ber dasar kan
estimasi	estimasi
melaluinya	men lalu i nya
realisasinya	realisasi nya
menggadai	men gadai
program	program
fasilitator	fasilitator
paku	paku
terlantar	terlantar
capaiannya	capai an nya
berpindah	ber pindah
mengandalkan	men andal kan
gelora	gelora
kritikus	kritikus
lampu	lampu
penanda	pen tanda
skeptis	skeptis
pemelihara	pen pelihara
dihindarinya	di hindar i nya
dominan	dominan
menebusnya	men tebus nya
membendung	men bendung
menyeleksi	men seleksi
memberkati	men berkat i
pengenalan	pen kenal an
nonpeserta	non peserta
barunya	baru nya
menjagamu	men jaga mu
diktenya	dikte nya
menyenangkan	men senang kan
berdebar	ber debar
emosional	emosional
dilibatkannya	di libat kan nya
dialog	dialog
kasusnya	kasus nya
didukungnya	di dukung nya
menyusun	men susun
chevy	chevy
unta	unta
pengetatan	pen ketat an
disucikan	di suci kan
berkomitmen	ber komitmen
dekat	dekat
terkecil	ter kecil
berpenumpang	ber pen tumpang
pelihara	pelihara
membagikannya	men bagi kan nya
pembiayaannya	pen biaya an nya
dipulau	di pulau
canggih	canggih
mundur	mundur
absen	absen
renungan	renung an
dimerdekakan	di merdeka kan
gugus	gugus
dikoordinir	di koordinir
proporsinya	proporsi nya
memainkannya	men main kan nya
sejawatnya	se jawat nya
jiwamu	jiwa mu
penyelidikan	pen selidik an
jarak	jarak
ditunjukkan	di tunjuk kan
kanker	kanker
pembimbingan	pen bimbing an
mengeluarkan	men keluar kan
bertepuk	ber tepuk
mengenalkan	men kenal kan
ditimpa	di timpa
dipraktekkan	di praktek kan
konotasi	konotasi
dukungannya	dukung an nya
bidang	bidang
persekolahan	per sekolah an
pencalonan	pen calon an
menunggang	men tunggang
diasingkan	di asing kan
hakim	hakim
lurahnya	lurah nya
lanjutnya	lanjut nya
langka	langka
sejawat	se jawat
dikonsolidasi	di konsolidasi
alkohol	alkohol
multinasional	multinasional
kapal	kapal
inisiatifnya	inisiatif nya
karet	karet
komoditi	komoditi
stabil	stabil
mengimbangi	men imbang i
mingguan	minggu an
bercukur	ber cukur
gerai	gerai
pemilihan	pen pilih an
kananmu	kanan mu
menaati	men taat i
jenderal	jenderal
mengestimasi	men estimasi
prakteknya	praktek nya
taksi	taksi
operasional	operasional
menjemput	men jemput
jumlah	jumlah
disiapkan	di siap kan
diadili	di adil i
bermigrasi	ber migrasi
membatasi	men batas i
gitarnya	gitar nya
merawat	men rawat
turunnya	turun nya
bakteri	bakteri
dirobohkan	di roboh kan
manipulasi	manipulasi
berkeluarga	ber keluarga
eksekusinya	eksekusi nya
umumkan	umum kan
pengamatan	pengamat an
turunkan	turun kan
tingginya	tinggi nya
memamerkannya	men pamer kan nya
miskinnya	miskin nya
melibatkan	men libat kan
pohon	pohon
residual	residual
mengaruniakan	men karunia kan
penumpukan	pen tumpuk an
terdepan	ter depan
akibat	akibat
ditagih	di tagih
belanjanya	belanja nya
politikus	politikus
perombakan	pen rombak an
memvonis	men vonis
menandai	men tanda i
cabang	cabang
membencinya	men benci nya
dinginnya	dingin nya
dirapatkan	di rapat kan
pengarung	pen karung
berwenang	ber wenang
berpisah	ber pisah
kajian	kaji an
bongkar	bongkar
dikawal	di kawal
diserahkan	di serah kan
pembekalan	pen bekal an
dituduh	di tuduh
bisbol	bisbol
membangun	men bangun
merintangi	men rintang i
artistik	artistik
realitasnya	realitas nya
kebalikannya	ke balik an nya
diprakarsai	di prakarsa i
bersenjata	ber senjata
mendukungnya	men dukung nya
alergi	alergi
mandatnya	mandat nya
panel	panel
lupakan	lupa kan
integritasnya	integritas nya
ketidaktepatan	ke tidak tepat an
pembaharuan	pen baharu an
direnovasinya	di renovasi nya
tamu	tamu
terpahat	ter pahat
dibiarkan	di biar kan
berdaya	ber daya
jalur	jalur
dikembalikan	di kembali kan
bernama	ber nama
asam	asam
puding	puding
sarana	sarana
sayur	sayur
diverifikasinya	di verifikasi nya
persepsinya	persepsi nya
terkuat	ter kuat
lokali	lokal i
penampilannya	pen tampil an nya
terbayar	ter bayar
mengalirkan	men alir kan
optimal	optimal
terganggu	ter ganggu
penegakan	pen tegak an
waspada	waspada
menyerah	men serah
mendengarkan	men dengar kan
pasangannya	pasang an nya
terberatnya	ter berat nya
pengurusannya	pen urus an nya
daur	daur
menciprat	men ciprat
diperbolehkan	di per boleh kan
eksklusif	eksklusif
diterima	di terima
ketidaksesuaian	ke tidak sesuai an
menuangkan	men tuang kan
mencabutnya	men cabut nya
dilihat	di lihat
digital	digital
perpisahan	per pisah an
bertanah	ber tanah
mengatakannya	men kata kan nya
persebaran	per sebar an
diwarisinya	di waris i nya
nyawa	nyawa
menggoyang	men goyang
dibiasakan	di biasa kan
pemenang	pen menang
payahmu	payah mu
menjerat	men jerat
dipertahankan	di per tahan kan
dengar	dengar
landai	landa i
diimplementasikan	di implementasi kan
peran	peran
tunggu	tunggu
menanami	men tanam i
pers	pers
menjalin	men jalin
tampilkan	tampil kan
tepi	tepi
pencinta	pen cinta
menghamparkan	men hampar kan
pengurangan	pen kurang an
indikasi	indikasi
asin	asin
mengurusnya	men urus nya
mengosongkan	men kosong kan
bau	bau
berkonsultasi	ber konsultasi
ironisnya	ironis nya
memanggil	men panggil
jam	jam
pelabuh	pen labuh
memancingnya	men pancing nya
samudera	samudera
analisis	analisis
prakarsa	prakarsa
terpenuhinya	men penuh i nya
sesuatu	sesuatu
tungkunya	tungku nya
stadion	stadion
bertugas	ber tugas
dijual	di jual
dipanggang	di panggang
pengamanan	pen aman an
juruselamat	juruselamat
signifikan	signifikan
dibesarkan	di besar kan
bangun	bangun
refleksi	refleksi
kronis	kronis
pemainnya	pen main nya
menggetarkan	men getar kan
dielaborasi	di elaborasi
tangguh	tangguh
penetrasi	penetrasi
disampaikannya	di sampai kan nya
pengukur	pen ukur
memutar	men putar
coba	coba
dilacak	di lacak
bebuyutan	bebuyutan
merealisasikannya	men realisasi kan nya
pembatalan	pen batal an
ajak	ajak
pengelola	pen kelola
akuntabilitas	akuntabilitas
mengurusi	men urus i
rekan	rekan
terintegrasi	ter integrasi
pinggang	pinggang
tambahan	tambah an
terbukti	ter bukti
diutus	di utus
moto	moto
sukses	sukses
menirukan	men tiru kan
riang	riang
sebetulnya	se betul nya
menyangka	men sangka
peletakan	pen letak an
berproduksi	ber produksi
darahku	darah ku
dekatnya	dekat nya
melampaui	men lampau i
pepohonan	pepohonan
pergeseran	per geser an
penggagas	pen gagas
indeks	indeks
perdamaian	per damai an
lazimnya	lazim nya
federasi	federasi
memukulnya	men pukul nya
pakai	pakai
pulih	pulih
gencar	gencar
impor	impor
direkonstruksi	di rekonstruksi
menepis	men tepis
roti	roti
jarang	jarang
keberadaan	keberadaan
parlemen	parlemen
situ	situ
serakah	serakah
gunakan	guna kan
dimaksudkannya	di maksud kan nya
prosedural	prosedural
dibakukan	di baku kan
pandai	pandai
menahun	men tahun
server	server
kancing	kancing
dipersoalkan	di per soal kan
berkabungnya	berkabung nya
ubin	ubin
ditembus	di tembus
membukakan	men buka kan
dihibur	di hibur
luang	luang
antusiasme	antusiasme
personelnya	personel nya
mati	mati
peledak	pen ledak
perannya	peran nya
terungkapkan	ter ungkap kan
diturunkan	di turun kan
donasi	donasi
jatahnya	jatah nya
bersedih	ber sedih
pemeriksaan	pen periksa an
berminat	ber minat
makhluk	makhluk
berbau	ber bau
memulihkannya	men pulih kan nya
bertanggung	ber tanggung
menyedihkan	men sedih kan
tema	tema
aktivis	aktivis
pujikan	puji kan
relawan	rela wan
peraturannya	per atur an nya
membenci	men benci
pembelajaran	pen belajar an
kehadirannya	ke hadir an nya
merindukan	men rindu kan
tersingkir	ter singkir
merambat	men rambat
omongan	omong an
rendahkan	rendah kan
debiturnya	debitur nya
berasal	ber asal
kristen	kristen
dipamerkan	di pamer kan
teologi	teologi
getah	getah
praktiknya	praktik nya
pendefinisian	pen definisi an
postingan	posting an
ditimbang	di timbang
ngomongnya	ngomong nya
dipermainkan	di per main kan
menyayangi	men sayang i
tebusan	tebus an
secepatnya	se cepat nya
terkasih	ter kasih
lantunan	lantun an
melonjak	men lonjak
berkenalan	ber kenal an
utusan	utus an
lompatan	lompat an
penganyam	pen anyam
diketuai	di ketua i
mencermatinya	men cermat i nya
menyingsingkan	men singsing kan
janggal	janggal
pelibatan	pen libat an
pemerasan	pen peras an
lagunya	lagu nya
melimpah	men limpah
pengasapan	pen asap an
jiwa	jiwa
klorofilnya	klorofil nya
menaklukkan	men takluk kan
repotnya	repot nya
tunggakan	tunggak an
peminjamannya	pen pinjam an nya
usia	usia
meledak	men ledak
penandatangan	pen tandatangan
takutkan	takut kan
pelintasan	pen lintas an
panik	panik
afiliasi	afiliasi
dihuni	di huni
diunduh	di unduh
dibina	di bina
bermerek	ber merek
habis	habis
tulang	tulang
ekonom	ekonom
konsultan	konsultan
kain	kain
kira	kira
rak	rak
potret	potret
godaan	goda an
berpikirnya	ber pikir nya
membodohi	men bodoh i
menyibukkan	men sibuk kan
sepucuk	se pucuk
menerjang	men terjang
gilirannya	gilir an nya
pelupa	pen lupa
koreksi	koreksi
dibangunnya	di bangun nya
berkendaraan	ber kendara an
ditunjukan	di tunjuk an
komputerisasi	komputerisasi
ketahanan	ke tahan an
kolonial	kolonial
mendanai	men dana i
merubah	men rubah
penghujat	pen hujat
sarananya	sarana nya
menggerutu	men gerutu
berujung	ber ujung
motonya	moto nya
terlampau	ter lampau
terdalam	ter dalam
isu	isu
terpakai	ter pakai
girangnya	girang nya
sebaiknya	se baik nya
ketidaktersediaan	ke tidak tersedia an
penyebutan	pen sebut an
penerangan	pen terang an
diikat	di ikat
termutakhir	ter mutakhir
anggotanya	anggota nya
penakut	pen takut
kode	kode
direkapitulasi	di rekapitulasi
memegang	men pegang
ditelepon	di telepon
komplikasi	komplikasi
dikalahkan	di kalah kan
koordinator	koordinator
tembaga	tembaga
terapkan	terap kan
bermacam	ber macam
sukacitanya	sukacita nya
penderitaannya	pen derita an nya
tersisih	ter sisih
nonperdagangan	non per dagang an
diprovokasi	di provokasi
merenung	men renung
berlimpah	ber limpah
stiker	stiker
penimbunan	pen timbun an
mendatanginya	men datang i nya
dicoret	di coret
menunduk	men tunduk
perkebunan	per kebun an
bayar	bayar
dibutakan	di buta kan
cirinya	ciri nya
dipercayai	di percaya i
melemparkan	men lempar kan
peka	peka
ekstra	ekstra
kontraktornya	kontraktor nya
dipersalahkan	di per salah kan
antri	antri
menghapuskan	men hapus kan
anggarannya	anggar an nya
pejabatnya	pejabat nya
kadaluarsa	kadaluarsa
celah	celah
pembaca	pen baca
rumah	rumah
semacamnya	se macam nya
mendata	men data
melayu	melayu
mengetahuinya	men ketahui nya
diperingkat	di peringkat
antarvariabel	antar variabel
ruang	ruang
membengkak	men bengkak
mendefinisikannya	men definisi kan nya
semang	semang
studi	studi
kemarin	kemarin
cakupannya	cakup an nya
turnamen	turnamen
berwilayah	ber wilayah
indikasinya	indikasi nya
menanamkan	men tanam kan
tertular	ter tular
tantangan	tantang an
pelabuhan	pen labuh an
dipedulikan	di peduli kan
mengoyakkan	men koyak kan
pendekatan	pen dekat an
logika	logika
konsisten	konsisten
bijih	bijih
selamat	selamat
faktanya	fakta nya
meresponnya	men respon nya
kusebut	ku sebut
dibungakan	di bunga kan
mengeluh	men keluh
ratapan	ratap an
sel	sel
tertimpa	ter timpa
meningkatkan	men tingkat kan
produktivitas	produktivitas
makro	makro
terkunci	ter kunci
dikerjasamakan	di kerjasama kan
dikenai	di kena i
tercela	ter cela
ukiran	ukir an
perekonomian	per ekonomi an
tercetak	ter cetak
gumuli	gumul i
implementasi	implementasi
didiktekan	di dikte kan
negara	negara
figur	figur
dokternya	dokter nya
semangatnya	semangat nya
bercacat	ber cacat
salam	salam
orangtuanya	orangtua nya
bunga	bunga
mengorbankan	men korban kan
membimbingnya	men bimbing nya
menayangkan	men tayang kan
udang	udang
saksikan	saksi kan
pastikan	pasti kan
imanmu	iman mu
pabrik	pabrik
kalkulasi	kalkulasi
pelajari	pelajar i
putrinya	putri nya
dosen	dosen
prestasinya	prestasi nya
memperjelas	men jelas
budaknya	budak nya
pengobatan	pen obat an
salju	salju
wakili	wakil i
dilantunkan	di lantun kan
langkahnya	langkah nya
bergema	ber gema
anggap	anggap
batinnya	batin nya
lebaran	lebar an
berlumur	ber lumur
mempersingkat	men singkat
kabupaten	kabupaten
kelompok	kelompok
famili	famili
tol	tol
penurunan	pen turun an
tersulit	ter sulit
penyelamatan	pen selamat an
buaian	buai an
santunan	santun an
pelataran	pen latar an
puskesmasnya	puskesmas nya
bapak	bapak
sekerja	se kerja
eksternal	eksternal
mandi	mandi
mengerti	mengerti
mengacuhkan	men acuh kan
bi	bi
disabotase	di sabotase
anggapan	anggap an
acuan	acu an
terparah	ter parah
komplain	komplain
menara	menara
didokumentasikan	di dokumentasi kan
hapuskan	hapus kan
diverifikasi	di verifikasi
seyakin	se yakin
payudara	payudara
praktis	praktis
pengadu	pen adu
penolakan	pen tolak an
mengesampingkan	men kesamping kan
tuhan	tuhan
perahunya	perahu nya
diabaikan	di abai kan
kepercayaannya	ke percaya an nya
membuktikan	men bukti kan
kecap	kecap
berawal	ber awal
persegi	persegi
mensahkan	men sah kan
terkubur	ter kubur
memacunya	men pacu nya
rona	rona
malaikat	malaikat
menyeragamkan	men seragam kan
perang	perang
budaya	budaya
permanen	permanen
terorisme	terorisme
pembayarannya	pen bayar an nya
bilangan	bilang an
didambakannya	di damba kan nya
monumen	monumen
memelihara	men pelihara
misalnya	misal nya
didekati	di dekat i
mengulangi	men ulang i
untungnya	untung nya
mendapatinya	men dapat i nya
angsuran	angsur an
penjahitan	pen jahit an
remeh	remeh
telaknya	telak nya
meletusnya	men letus nya
mengartikan	men arti kan
terkagum	ter kagum
memperebutkan	men rebut kan
degradasi	degradasi
pelaksanaan	pen laksana an
pengunjung	pen kunjung
bermurah	ber murah
meratapinya	men ratap i nya
penjamin	pen jamin
bawang	bawang
penuntasan	pen tuntas an
peredaran	per edar an
seumpama	se umpama
dosennya	dosen nya
lambatnya	lambat nya
batuan	batu an
mengikuti	men ikut i
berkala	ber kala
tampaknya	tampak nya
budayanya	budaya nya
pemula	pen mula
dikoleksi	di koleksi
atap	atap
dijanjikan	di janji kan
berani	berani
bapanya	bapa nya
memberitahu	men beritahu
segel	segel
liburan	libur an
pembuatnya	pen buat nya
menyelesaikannya	men selesai kan nya
babak	babak
pembimbing	pen bimbing
realokasi	realokasi
menghantam	men hantam
berujar	ber ujar
menaruhnya	men taruh nya
sadari	sadar i
suram	suram
tampungnya	tampung nya
separuhnya	se paruh nya
rumusan	rumus an
menyasar	men sasar
fosil	fosil
juri	juri
kuat	kuat
memotret	men potret
terarah	ter arah
disetorkan	di setor kan
membekas	men bekas
sensitif	sensitif
harga	harga
penunjukan	pen tunjuk an
karunnya	karun nya
terpesona	ter pesona
mendekat	men dekat
disamakan	di sama kan
berterus	ber terus
jumpa	jumpa
masukan	masuk an
antardusun	antar dusun
dicurangi	di curang i
menyibak	men sibak
bergilir	ber gilir
pelik	pelik
diawali	di awal i
pembahas	pen bahas
alumninya	alumni nya
meluruskannya	men lurus kan nya
menyebabkannya	men sebab kan nya
berdiam	ber diam
mempertaruhkan	men taruh kan
terucap	ter ucap
menuntut	men tuntut
buruk	buruk
menyadari	men sadar i
mental	mental
divalidasi	di validasi
mengaudit	men audit
hawa	hawa
menginterpretasikannya	men interpretasi kan nya
rinci	rinci
memukau	men pukau
pencoretan	pen coret an
huruf	huruf
penyelesaian	pen selesai an
meneruskan	men terus kan
bertetangga	ber tetangga
penjelajahan	pen jelajah an
metode	metode
area	area
perkoperasian	per koperasi an
jati	jati
daftar	daftar
perhitungan	per hitung an
ditata	di tata
pemanfaat	pen manfaat
kristus	kristus
melanggengkannya	men langgeng kan nya
penyambutan	pen sambut an
melanggankan	men langgan kan
meminum	men minum
tertahan	ter tahan
otomatis	otomatis
cermin	cermin
selepas	se lepas
digigit	di gigit
jerman	jerman
diperkenan	di per kenan
pemantauannya	pen pantau an nya
hatimu	hati mu
paham	paham
departemen	departemen
absensi	absensi
bergeser	ber geser
kliring	kliring
membikin	men bikin
berdalih	ber dalih
menjelekkan	men jelek kan
pengiriman	pen kirim an
susu	susu
dihina	di hina
dipenuhi	di penuh i
dilatihnya	di latih nya
peristiwa	peristiwa
perlindungan	per lindung an
menantikan	menanti kan
digarap	di garap
menelepon	men telepon
pergerakan	per gerak an
sumbernya	sumber nya
bebasnya	bebas nya
tanggungjawab	tanggungjawab
santapan	santap an
simak	simak
wirausaha	wirausaha
gila	gila
kriteria	kriteria
ibadah	ibadah
sampah	sampah
sutradara	sutradara
terlaksana	ter laksana
motornya	motor nya
halnya	hal nya
memperketat	men ketat
dibuka	di buka
tertanam	ter tanam
bulan	bulan
didaftar	di daftar
sedihnya	sedih nya
untung	untung
mempersiapkan	men siap kan
dileskan	di les kan
bersifat	ber sifat
partikel	partikel
tersaji	ter saji
eternitnya	eternit nya
dibawahinya	di bawah i nya
kukatakan	ku kata kan
gelandang	gelandang
manfaat	manfaat
mainanmu	main an mu
diusung	di usung
lipat	lipat
dimutakhirkan	di mutakhir kan
menjauh	men jauh
pembiayaan	pen biaya an
karyawannya	karya wan nya
bermerk	ber merk
menyelamatkannya	men selamat kan nya
bergereja	ber gereja
diremajakan	di remaja kan
triwulanannya	triwulan an nya
pengkaji	pen kaji
ketidakharmonisan	ke tidak harmonis an
diasuransikan	di asuransi kan
diperbarui	di per baru i
pembawa	pen bawa
jenewa	jenewa
mengadukan	men adu kan
musuhnya	musuh nya
pembangkit	pen bangkit
warganegaranya	warganegara nya
bentukan	bentuk an
ditontonnya	di tonton nya
dipikat	di pikat
rekonstruksinya	rekonstruksi nya
bermotor	ber motor
cina	cina
mengakibatkan	men akibat kan
mengaburkan	men kabur kan
mendisiplinkan	men disiplin kan
pengabdian	pen abdi an
berlantai	ber lantai
kaum	kaum
dikaruniakan	di karunia kan
kutukan	kutuk an
mengesahkan	men sah kan
terkandung	ter kandung
membayarnya	men bayar nya
hutang	hutang
lurus	lurus
panenan	panen an
dikuburkan	di kubur kan
prostat	prostat
ditelusuri	di telusuri
tarif	tarif
grup	grup
mengusulkan	men usul kan
diberikan	di beri kan
pengestimasian	pen estimasi an
auman	aum an
mengiring	men iring
ofensif	ofensif
kawanan	kawan an
terbaik	ter baik
bertumpu	ber tumpu
nonmuslim	nonmuslim
pria	pria
perbendaharaannya	per bendahara an nya
terlintas	ter lintas
gunanya	guna nya
memaksimalkan	men maksimal kan
mendermakan	men derma kan
operator	operator
diubahnya	di ubah nya
berwewenang	ber wewenang
tindakan	tindak an
diderita	di derita
tersegmentasi	ter segmentasi
jumat	jumat
mesra	mesra
ungkapan	ungkap an
menyalurkan	men salur kan
didiknya	didik nya
meteran	meter an
diakomodasi	di akomodasi
mengoper	men koper
minuman	minum an
peserta	peserta
diairi	di air i
mendiktekan	men dikte kan
berlandaskan	ber landas kan
perilaku	perilaku
dingin	dingin
perkenalan	per kenal an
traktor	traktor
hal	hal
gejalanya	gejala nya
mertua	mertua
bayi	bayi
dakwaan	dakwa an
tipis	tipis
terwujudnya	ter wujud nya
hadapanku	hadap an ku
tercapai	ter capai
kalangan	kalangan
pelayaran	pen layar an
dikoreksi	di koreksi
artian	arti an
percekcokan	per cekcok an
mengkonsultasikan	men konsultasi kan
terpuruknya	ter puruk nya
konsultasi	konsultasi
daratan	darat an
mengentaskan	men entas kan
telinga	telinga
derajat	derajat
menyampaikan	men sampai kan
bertolak	ber tolak
merata	men rata
menyanyi	men nyanyi
selebar	se lebar
memberhentikan	men ber henti kan
menangis	men tangis
penggenapannya	pen genap an nya
terbebas	ter bebas
melayang	men layang
kandungan	kandung an
aktivitasnya	aktivitas nya
tumbuhnya	tumbuh nya
penggemar	pen gemar
diupayakan	di upaya kan
dicurahkannya	di curah kan nya
setangkai	se tangkai
legislasi	legislasi
akbar	akbar
kategorisasi	kategorisasi
kepala	kepala
yusuf	yusuf
waris	waris
penulis	pen tulis
penentuan	pen tentu an
kepemimpinannya	kepemimpinan nya
tahun	tahun
kayu	kayu
arkeologi	arkeologi
didiskualifikasi	di diskualifikasi
penajaman	pen tajam an
pembelanjaan	pen belanja an
kandidat	kandidat
perhotelan	per hotel an
difoto	di foto
memaknai	men makna i
menggagas	men gagas
peti	peti
gandum	gandum
simpulkan	simpul kan
terselami	ter selam i
mainkan	main kan
dijaminkan	di jamin kan
besarannya	besar an nya
marak	marak
memadai	memadai
reaksi	reaksi
pengikut	pen ikut
antarlingkungan	antar lingkung an
domisili	domisili
terlatih	ter latih
berpengaruh	ber pengaruh
menyalahgunakannya	men salahguna kan nya
memperingati	men ingat i
sulit	sulit
benaknya	benak nya
sebesar	se besar
ganjaran	ganjar an
terbesar	ter besar
pemisah	pen pisah
direktorat	direktorat
memutuskan	men putus kan
ketidakseriusan	ke tidak serius an
ditahun	di tahun
berhenti	ber henti
bobotnya	bobot nya
jurnal	jurnal
jadikan	jadi kan
merpati	merpati
vaksin	vaksin
ukuran	ukur an
menulisnya	men tulis nya
dihadapkan	di hadap kan
berbisnis	ber bisnis
penjaja	pen jaja
kemas	kemas
mandinya	mandi nya
perancangan	pen rancang an
menuturkan	men tutur kan
dididik	di didik
dangkal	dangkal
bencana	bencana
rekaman	rekam an
dermawan	derma wan
perbantahan	per bantah an
membanjiri	men banjir i
listriknya	listrik nya
album	album
rangka	rangka
teriakku	teriak ku
doakan	doa kan
terkoordinasi	ter koordinasi
relaksasi	relaksasi
mengurus	men urus
membuangnya	men buang nya
peningkatannya	pen tingkat an nya
dokumentasi	dokumentasi
jengkel	jengkel
validasi	validasi
olokan	olok an
grosir	grosir
suaraku	suara aku
luput	luput
antarlembaga	antar lembaga
jaminan	jamin an
nuklir	nuklir
memandikan	men mandi kan
hidung	hidung
geluti	gelut i
sup	sup
mahabintangnya	mahabintang nya
penyiapan	pen siap an
melandasi	men landas i
pewawancara	pen wawancara
balasannya	balas an nya
komite	komite
mencobanya	men coba nya
mengalahkan	men kalah kan
pembicara	pen bicara
disesuaikan	di sesuai kan
menjelaskan	men jelas kan
beranggota	ber anggota
merekomendasikan	men rekomendasi kan
pembatalannya	pen batal an nya
seharga	se harga
kakek	kakek
direkomendasikan	di rekomendasi kan
pembiusan	pen bius an
menyapanya	men sapa nya
perampingan	pen ramping an
penghilangan	pen hilang an
gedung	gedung
persepsi	persepsi
menuduhnya	men tuduh nya
takaran	takar an
restrukturisasi	restrukturisasi
siswa	siswa
ditunjang	di tunjang
rontokan	rontok an
oposisi	oposisi
penggenapan	pen genap an
keturunanmu	ke turun an mu
rencana	rencana
mencari	men cari
diperoleh	di peroleh
keberangkatan	ke berangkat an
melekat	men lekat
keringnya	kering nya
diblokir	di blokir
diterlantarkan	di terlantar kan
lingkungan	lingkung an
mengerikan	men ngeri kan
terciptanya	ter cipta nya
pengeluarannya	pen keluar an nya
juruselamatnya	juruselamat nya
bebanmu	beban mu
dinegosiasikan	di negosiasi kan
reuni	reuni
canggung	canggung
pencetus	pen cetus
direkrutnya	di rekrut nya
menyelam	men selam
adidaya	adidaya
lirik	lirik
kawal	kawal
pendarahan	pen darah an
perencana	pen rencana
sesaat	se saat
deregulasi	deregulasi
sekretaris	sekretaris
bertingkat	ber tingkat
memilah	men pilah
dijembatani	di jembatan i
berpulangnya	ber pulang nya
dikejar	di kejar
lobi	lobi
tergolong	ter golong
penyiangan	pen siang an
jangkauannya	jangkau an nya
pembatas	pen batas
berduka	ber duka
menghalangi	men halang i
beralkohol	ber alkohol
nonsaham	non saham
mentimun	mentimun
halamannya	halaman nya
sepakbola	sepakbola
antariksa	antariksa
memeriksakan	men periksa kan
latarbelakang	latarbelakang
bertindak	ber tindak
definisinya	definisi nya
ringkasannya	ringkas an nya
dicacah	di cacah
permasyarakatan	per masyarakat an
saudaraku	saudara aku
pengaturannya	pen atur an nya
mempersoalkannya	men soal kan nya
menebang	men tebang
budimu	budi mu
gantinya	ganti nya
komandan	komandan
diaudit	di audit
berpenghuni	ber pen huni
dibatasi	di batas i
lelaki	lelaki
tehnya	teh nya
terpanggil	ter panggil
pandangannya	pandang an nya
berlaga	ber laga
pasiennya	pasien nya
terbitan	terbit an
memperbesar	men besar
tunjukkan	tunjuk kan
tanahnya	tanah nya
sempitnya	sempit nya
kontroversial	kontroversial
busana	busana
mengikat	men ikat
pertandingan	per tanding an
bersikap	ber sikap
nonteknis	nonteknis
tercium	ter cium
luasan	luas an
pindah	pindah
pas	pas
mendorong	men dorong
fakir	fakir
ongkosnya	ongkos nya
musik	musik
gelarnya	gelar nya
mengembalikannya	men kembali kan nya
membaiknya	men baik nya
tersihir	ter sihir
diambilkan	di ambil kan
dibuatkannya	di buat kan nya
pertalian	per tali an
kaya	kaya
meneruskannya	men terus kan nya
bom	bom
sabar	sabar
diusir	di usir
ketidakikutsertaan	ke tidak ikutserta an
statis	statis
wewenangnya	wewenang nya
berkuasa	ber kuasa
medisnya	medis nya
resep	resep
mendakwa	men dakwa
menembak	men tembak
menggenangi	men genang i
antarpemilik	antar pen milik
ditepatinya	di tepat i nya
antargenerasi	antar generasi
rahim	rahim
gemuruhnya	gemuruh nya
berdamai	ber damai
peningkatan	pen tingkat an
gardu	gardu
relatifnya	relatif nya
menyebrangi	men sebrang i
diteliti	di teliti
perekonomiannya	per ekonomi an nya
realisasi	realisasi
titik	titik
tiruan	tiru an
mengedit	men edit
kotamadya	kotamadya
praktek	praktek
cokelat	cokelat
merangkul	men rangkul
biji	biji
bersalju	ber salju
penerjemahan	pen terjemah an
segar	segar
terguncang	ter guncang
akad	akad
tertawa	ter tawa
mencukur	men cukur
antikomunis	anti komunis
mengejeknya	men ejek nya
kukasihi	ku kasih i
diulas	di ulas
harum	harum
berintensitas	ber intensitas
melemparinya	men lempar i nya
jurusan	jurus an
meledakkan	men ledak kan
pendisiplinan	pen disiplin an
berkhotbah	ber khotbah
terbaring	ter baring
akte	akte
tembus	tembus
menjunjung	men junjung
muridnya	murid nya
pengendalian	pen kendali an
tangkapan	tangkap an
mengangkatnya	men angkat nya
ketidakterbukaan	ke tidak terbuka an
penyelenggaraannya	pen selenggara an nya
membungkam	men bungkam
mengeringkan	men kering kan
bertanya	ber tanya
diajukannya	di aju kan nya
menakjubkan	men takjub kan
mengirimnya	men kirim nya
alarm	alarm
regulasi	regulasi
menggandeng	men gandeng
menabrakkannya	men tabrak kan nya
kumpulkan	kumpul kan
penginjil	pen injil
pengantarnya	pen antar nya
skor	skor
terorganisir	ter organisir
mengintegrasikan	men integrasi kan
stakeholder	stakeholder
mengarah	men arah
dibilang	di bilang
pertimbangannya	per timbang an nya
perenungannya	pen renung an nya
berbohong	ber bohong
bermartabat	ber martabat
literatur	literatur
ditimbulkan	di timbul kan
akademik	akademik
aman	aman
menuju	men tuju
orde	orde
terpercaya	ter percaya
gizinya	gizi nya
apatis	apatis
pembatasan	pen batas an
lapar	lapar
tambang	tambang
riil	riil
jatuh	jatuh
dikte	dikte
rombongan	rombong an
percayakan	percaya kan
adakan	ada kan
terselenggaranya	ter selenggara nya
tertumpuk	ter tumpuk
dibenarkan	di benar kan
khayalan	khayal an
dikerahkan	di kerah kan
berinduk	ber induk
pemanfaatan	pen manfaat an
antarsektor	antar sektor
bergengsi	ber gengsi
pembukuannya	pen buku an nya
desain	desain
selayaknya	se layak nya
aksara	aksara
amandemen	amandemen
bakti	bakti
mendinginkan	men dingin kan
bergantung	ber gantung
membeberkan	men beber kan
aplikasi	aplikasi
mengeruk	men keruk
konstitusional	konstitusional
dipersiapkan	di per siap kan
enaknya	enak nya
dimenangkan	di menang kan
bekerja	bekerja
penerbitan	pen terbit an
dibangun	di bangun
dikuatirkan	di kuatir kan
terhubungi	ter hubung i
ajaranmu	ajar an mu
melaporkannya	men lapor kan nya
meresahkan	men resah kan
cadangannya	cadang an nya
mengaktifkan	men aktif kan
terulang	ter ulang
mendiskusikan	men diskusi kan
pasta	pasta
temanku	teman ku
terinspirasi	ter inspirasi
siklus	siklus
menyembuhkan	men sembuh kan
pengajarannya	pen ajar an nya
berkampanye	ber kampanye
smp	smp
dilandasi	di landas i
as	as
abad	abad
dihadiri	di hadir i
memekakkan	men pekak kan
lkm	lkm
kabar	kabar
tersingkap	ter singkap
tuamu	tua mu
terkepung	ter kepung
pesona	pesona
pemberitahuannya	pen beritahu an nya
mediasi	mediasi
ringkas	ringkas
mencemari	men cemar i
sanjungan	sanjung an
kehendak	kehendak
transaksinya	transaksi nya
visi	visi
lilin	lilin
ikatan	ikat an
bersintesis	ber sintesis
biolanya	biola nya
ginjal	ginjal
menumbuhkannya	men tumbuh kan nya
urusanku	urus an ku
seenaknya	se enak nya
memantaunya	men pantau nya
penginjilannya	pen injil an nya
fasilitasi	fasilitas i
kaca	kaca
menyebutkan	men sebut kan
internet	internet
dikonsultasikan	di konsultasi kan
suntik	suntik
potensial	potensial
ada	ada
cangkul	cangkul
bukti	bukti
mencela	men cela
damai	damai
curiga	curiga
klinik	klinik
menggagalkan	men gagal kan
disiapkannya	di siap kan nya
antarklub	antar klub
berhiaskan	ber hias kan
suruh	suruh
efektivitas	efektivitas
pendukungnya	pen dukung nya
direka	di reka
upahan	upah an
ketidakpedulian	ke tidak peduli an
pelunasan	pen lunas an
bawa	bawa
mengarahkannya	men arah kan nya
mengalirnya	men alir nya
mudanya	muda nya
membentang	men bentang
berniat	ber niat
pengampunan	pen ampun an
tuntut	tuntut
keju	keju
memicu	men picu
salehnya	saleh nya
stabilitas	stabilitas
tertolong	ter tolong
dijadwalkan	di jadwal kan
pemajuan	pen maju an
membatalkan	men batal kan
rasial	rasial
kemasan	kemas an
mencicipi	men cicip i
dituakan	di tua kan
rencananya	rencana nya
gizi	gizi
menggantikan	men ganti kan
berterimakasih	ber terimakasih
bergulingan	ber guling an
berlalunya	ber lalu nya
berjarak	ber jarak
nonpertaniannya	non per tani an nya
gilir	gilir
dimotori	di motor i
jenjang	jenjang
penjelasan	pen jelas an
penonton	pen tonton
menyusut	men susut
dikontrakkan	di kontrak kan
direalisasikan	di realisasi kan
pernyataan	per nyata an
matriks	matriks
penyeludup	pen seludup
memantulkan	men pantul kan
pola	pola
cerdik	cerdik
sasaran	sasar an
persampahan	per sampah an
audio	audio
penggundulan	pen gundul an
sampingnya	samping nya
membahas	men bahas
penanggulangannya	pen tanggulang an nya
pencatat	pen catat
mengklarifikasi	men klarifikasi
jaya	jaya
sederajat	se derajat
persembunyiannya	per sembunyi an nya
melancarkan	men lancar kan
kunjungannya	kunjung an nya
dipajang	di pajang
tenda	tenda
perdananya	perdana nya
pendalaman	pen dalam an
diintegrasikan	di integrasi kan
menggosok	men gosok
kemajuan	ke maju an
ternama	ter nama
peregangan	pen regang an
bertambah	ber tambah
meksiko	meksiko
tercoreng	ter coreng
psikologis	psikologis
beroperasi	ber operasi
alih	alih
preminya	premi nya
pemeluk	pen peluk
situsnya	situs nya
lisan	lisan
ditinggikan	di tinggi kan
terpanjang	ter panjang
nya	nya
kuantitas	kuantitas
gran	gr an
ketinggalan	ke tinggal an
hadirat	hadirat
hambaku	hamba aku
tetangganya	tetangga nya
berorang	ber orang
administrasi	administrasi
pungutannya	pungut an nya
dedikasi	dedikasi
iklim	iklim
sepoi	sepoi
persemaian	per semai an
penyimpanan	pen simpan an
mengintervensi	men intervensi
top	top
mencantumkan	men cantum kan
ditulis	di tulis
medalinya	medali nya
membidik	men bidik
diamati	di amati
gilanya	gila nya
tanyakan	tanya kan
mengimpor	men impor
ditegaskan	di tegas kan
penjelajah	pen jelajah
makna	makna
ayu	ayu
penyegelan	pen segel an
sedekah	sedekah
dibawanya	di bawa nya
pengasinan	pen asin an
otoritas	otoritas
semudah	se mudah
swedia	swedia
terkonsentrasi	ter konsentrasi
meninjunya	men tinju nya
pengimplementasian	pen implementasi an
tetapkan	tetap kan
termulia	ter mulia
ditampung	di tampung
berakting	ber akting
otomotif	otomotif
kutub	kutub
perhatian	per hati an
bercermin	ber cermin
penganiayaan	pen aniaya an
ditanami	di tanam i
diiringi	di iring i
dibantu	di bantu
penempatan	pen tempat an
belajar	belajar
artis	artis
bersinggungan	ber singgung an
memastikan	men pasti kan
berdiskusi	ber diskusi
mengendurkan	men kendur kan
bahagiaku	bahagia aku
ditekuni	di tekun i
semut	semut
pengikat	pen ikat
jurus	jurus
kelelawar	kelelawar
berdana	ber dana
tersentak	ter sentak
pemerintahnya	pen perintah nya
laptop	laptop
mengikutsertakan	men ikutserta kan
menyanyikan	men nyanyi kan
obatnya	obat nya
khotbahnya	khotbah nya
persimpangan	per simpang an
mengira	men kira
pengkoordinasian	pen koordinasi an
tahapan	tahap an
penyaluran	pen salur an
rusak	rusak
antardesanya	antar desa nya
didatangi	di datang i
ditanggung	di tanggung
pigmen	pigmen
penggandaan	pen ganda an
berpulang	ber pulang
dicicil	di cicil
diperdamaikan	di per damai kan
nonkontrak	non kontrak
bersaksi	ber saksi
kirimu	kiri mu
imajinasi	imajinasi
mutu	mutu
pengecualian	pengecualian
terkurung	ter kurung
seprovinsi	se provinsi
nyawaku	nyawa aku
berliku	ber liku
sabtu	sabtu
membantu	men bantu
kandangnya	kandang nya
perwakilan	per wakil an
realis	realis
penuaan	pen tua an
menanjak	men tanjak
meyakini	men yakin i
armada	armada
perpustakaan	perpustakaan
dipikirkan	di pikir kan
berkulit	ber kulit
kampung	kampung
lensa	lensa
menggunung	men gunung
premi	premi
stoknya	stok nya
mencelakakan	men celaka kan
pelatihan	pen latih an
pengaksesan	pen akses an
sepihak	se pihak
sektor	sektor
spanyol	spanyol
menganiaya	men aniaya
sepenuh	se penuh
pemilih	pen pilih
perlawanan	per lawan an
antarkepala	antar kepala
berjudul	ber judul
jalinan	jalin an
indonesia	indonesia
diadopsi	di adopsi
intervensi	intervensi
modern	modern
pembengkakan	pen bengkak an
bertalian	ber tali an
diperankan	di peran kan
progresif	progresif
dipraktikkan	di praktik kan
menendang	men tendang
macam	macam
tersebar	ter sebar
memotivasi	men motivasi
parkir	parkir
seksual	seksual
pengangkutan	pen angkut an
galak	galak
taiwan	tai wan
merangkum	men rangkum
ambruknya	ambruk nya
memperlebar	men lebar
ambang	ambang
terpolusi	ter polusi
dihanguskan	di hangus kan
jadwalnya	jadwal nya
sedunia	se dunia
darahnya	darah nya
meningkat	men tingkat
tersier	tersier
menolak	men tolak
gerak	gerak
nuansa	nuansa
seminggu	se minggu
bergirang	ber girang
menggembala	men gembala
pisang	pisang
terakhir	ter akhir
pantauan	pantau an
pertanyaan	per tanya an
wajahnya	wajah nya
pewaris	pen waris
tenun	tenun
dibiaya	di biaya
lulusan	lulus an
carinya	cari nya
positif	positif
tandan	tandan
biaya	biaya
disadari	di sadar i
mengharapkannya	men harap kan nya
perdarahan	per darah an
kemarau	kemarau
sosialnya	sosial nya
penggodokan	pen godok an
turunan	turun an
perlombaan	per lomba an
biola	biola
rapi	rapi
cemburu	cemburu
alokasi	alokasi
hilangkan	hilang kan
yunus	yunus
iri	iri
absennya	absen nya
tepuk	tepuk
telepon	telepon
berekspresi	ber ekspresi
uraian	urai an
semprot	semprot
diversifikasi	diversifikasi
asrama	asrama
berpribadi	ber pribadi
pengumpulan	pen kumpul an
mencapai	men capai
longsor	longsor
gamblang	gamblang
sulam	sulam
diakses	di akses
kamera	kamera
sediakan	sedia kan
arus	arus
memanen	men panen
perenungan	pen renung an
paginya	pagi nya
taburkan	tabur kan
tiket	tiket
diragukan	di ragu kan
mengadakan	men ada kan
proyeknya	proyek nya
digabung	di gabung
menyetorkan	men setor kan
memperbarui	men baru i
dieliminasi	di eliminasi
pasokan	pasok an
mencairnya	men cair nya
sebaliknya	sebaliknya
menjabat	men jabat
merubuhkan	men rubuh kan
termuda	ter muda
menggigiti	men gigit i
terbuat	ter buat
bergumul	ber gumul
peranakan	per anak an
terbitkan	terbit kan
desanya	desa nya
bahas	bahas
hartamu	harta mu
pasukannya	pasukan nya
pengaturan	pen atur an
dikelilingi	di keliling i
mencurahkan	men curah kan
mempercayai	men percaya i
halaman	halaman
dikenalnya	di kenal nya
penjala	pen jala
mengkoordinasikan	men koordinasi kan
salad	salad
seabad	se abad
menata	men tata
menanggapi	men tanggap i
sayap	sayap
lembah	lembah
suami	suami
superior	superior
antarpemerintah	antar pen perintah
tulangku	tulang ku
mesjid	mesjid
tesnya	tes nya
kendalanya	kendala nya
pembuatannya	pen buat an nya
dikuduskan	di kudus kan
bersertifikat	ber sertifikat
asumsi	asumsi
peliharaannya	pelihara an nya
menegakkannya	men tegak kan nya
keinginannya	ke ingin an nya
kartunya	kartu nya
jawab	jawab
memberitahukan	men beritahu kan
omzetnya	omzet nya
menindak	men tindak
mengirimkannya	men kirim kan nya
persis	persis
persentase	persentase
penalaran	pen nalar an
deputi	deputi
bertekuk	ber tekuk
pegunungan	pegunungan
dipindahkan	di pindah kan
penjelas	pen jelas
genetik	genetik
ditegakkan	di tegak kan
pelan	pelan
ruangan	ruang an
televisi	televisi
skemanya	skema nya
diambilnya	di ambil nya
menyemangati	men semangat i
investasinya	investasi nya
pendeta	pendeta
utuh	utuh
sifat	sifat
diagram	diagram
tangan	tangan
langkahku	langkah ku
tanganku	tangan ku
bermuatan	ber muat an
harumnya	harum nya
peri	pen ri
mainnya	main nya
diburu	di buru
menjauhi	men jauh i
dihapuskan	di hapus kan
bantalan	bantal an
berhimpitan	ber himpit an
projek	projek
pegawainya	pegawai nya
menyingkir	men singkir
nada	nada
barang	barang
bulanan	bulan an
antardesa	antar desa
antarpemangku	antar pen pangku
mementingkan	men penting kan
dianjurkan	di anjur kan
mengubur	men kubur
sebulan	se bulan
menelan	men telan
konversi	konversi
jembatannya	jembatan nya
memperdamaikan	men damai kan
kalanya	kala nya
belakangnya	belakang nya
bidan	bidan
sikat	sikat
tingkat	tingkat
meremajakannya	men remaja kan nya
kasar	kasar
diperberat	di per berat
almamater	almamater
padi	padi
bangsa	bangsa
bergerak	ber gerak
agustus	agustus
diresmikan	di resmi kan
majikannya	majikan nya
perencanaan	pen rencana an
dihormati	di hormat i
mengandung	men kandung
mengintai	men intai
persen	persen
moskow	moskow
rasul	rasul
patah	patah
kutempatkan	ku tempat kan
dinaikkan	di naik kan
lengan	lengan
mengabarkan	men kabar kan
profil	profil
mangsa	mangsa
berkantor	ber kantor
menyuap	men suap
mutunya	mutu nya
mengotori	men kotor i
kasihnya	kasih nya
dilaporkan	di lapor kan
kosong	kosong
pengampun	pen ampun
kerjasama	kerjasama
kupon	kupon
memperbaikinya	men baik i nya
khazanah	khazanah
puncak	puncak
tingkatan	tingkat an
gembalakan	gembala kan
terpaksa	ter paksa
bocor	bocor
mapan	mapan
mengelolanya	men kelola nya
mencabuti	men cabut i
belakangmu	belakang mu
terenggut	ter renggut
kapital	kapital
sebidang	se bidang
memagari	men pagar i
tersungkur	ter sungkur
berdurasi	ber durasi
berafiliasi	ber afiliasi
setianya	setia nya
diuraikan	di urai kan
diatasnya	di atas nya
meniadakan	men tiada kan
terhentinya	ter henti nya
dibagi	di bagi
koordinasinya	koordinasi nya
betul	betul
asalkan	asal kan
tumbuh	tumbuh
hatinya	hati nya
nama	nama
persetujuan	per setuju an
mengemban	men emban
gantungan	gantung an
diselamatkan	di selamat kan
personil	personil
profesional	profesional
popoknya	popok nya
jariku	jari ku
sana	sana
tugas	tugas
sepakat	sepakat
mencarikan	men cari kan
mengizinkan	men izin kan
pemilikan	pen milik an
disentuh	di sentuh
seefektif	se efektif
dokumennya	dokumen nya
jauh	jauh
mempelajari	men pelajar i
nyawanya	nyawa nya
rw	rw
polisi	polisi
protes	protes
pelindung	pen lindung
suci	suci
penghibur	pen hibur
unjuk	unjuk
agenda	agenda
kebutuhan	ke butuh an
mengasihiku	men kasih i ku
syiah	syiah
pisau	pisau
mengendarai	men kendara i
lunak	lunak
datanya	data nya
menguatkan	men kuat kan
pekerjanya	pekerja nya
dicantumkan	di cantum kan
seusia	se usia
pencuci	pen cuci
memeluk	men peluk
perdana	perdana
terdukung	ter dukung
bernomor	ber nomor
hening	hening
mendetil	men detil
menandakan	men tanda kan
granat	granat
memberkatinya	men berkat i nya
tagih	tagih
didorong	di dorong
sama	sama
persoalan	per soal an
populasinya	populasi nya
miliarder	miliarder
bertiup	ber tiup
penabung	pen tabung
menginvestasikannya	men investasi kan nya
bangsanya	bangsa nya
tender	tender
diseret	di seret
dirham	dirham
pengecer	pen ecer
sahabatnya	sahabat nya
tahunan	tahun an
rutin	rutin
rajanya	raja nya
penghasilan	pen hasil an
contoh	contoh
gigitannya	gigit an nya
musim	musim
komputer	komputer
melapor	men lapor
rawa	rawa
merampas	men rampas
dijemput	di jemput
muka	muka
asisten	asisten
melainkan	men lain kan
intelektual	intelektual
dikesampingkan	di kesamping kan
dikuasai	di kuasa i
nafsumu	nafsu mu
tangganya	tangga nya
penambahan	pen tambah an
merespon	men respon
direktur	direktur
dikehendaki	di kehendak i
aktris	aktris
diminta	di minta
siap	siap
perawatan	pen rawat an
mematikan	men mati kan
hidrogen	hidrogen
sawit	sawit
wawasan	wawasan
memikul	men pikul
disalurkan	di salur kan
pemutusan	pen putus an
suriah	suriah
pengecualiannya	pengecualian nya
kebal	kebal
kupikir	ku pikir
terpenuhi	men penuh i
tandatangani	tandatangan i
mengajarkan	men ajar kan
tenang	tenang
biarkan	biar kan
ujung	ujung
mengagungkan	men agung kan
karung	karung
provinsinya	provinsi nya
pil	pil
betina	betina
memilihnya	men pilih nya
liter	liter
lokal	lokal
diadakannya	di ada kan nya
dipaksakan	di paksa kan
berkenan	ber kenan
keponakan	keponakan
terpukau	ter pukau
lestari	lestari
pertambangan	per tambang an
menguburkan	men kubur kan
kualitasnya	kualitas nya
perhatikan	perhatikan
pedang	pedang
gempa	gempa
angkutan	angkut an
digulirkan	di gulir kan
judul	judul
menjanda	men janda
diusulkan	di usul kan
asean	asean
kredibilitas	kredibilitas
sinergi	sinergi
internal	internal
upahnya	upah nya
diloloskan	di lolos kan
membenarkan	men benar kan
tarifnya	tarif nya
menghentikannya	men henti kan nya
artikel	artikel
memberontak	men berontak
akses	akses
subjektivitas	subjektivitas
ras	ras
tinggalkan	tinggal kan
belakang	belakang
semisal	se misal
ketanggapan	ke tanggap an
mahasiswanya	mahasiswa nya
kaku	kaku
tanamkan	tanam kan
penggemukan	pen gemuk an
akumulasi	akumulasi
total	total
panggilan	panggil an
maraton	maraton
galangan	galang an
latihan	latih an
kaosnya	kaos nya
hadirnya	hadir nya
konflik	konflik
terperdaya	ter perdaya
selatan	selatan
diperbuatnya	di per buat nya
ditutup	di tutup
bersamaan	ber sama an
elemen	elemen
min	min
putuskan	putus kan
asuhan	asuh an
melatihnya	men latih nya
lipatan	lipat an
perbaikan	per baik an
pengalihan	pen alih an
ikut	ikut
pandang	pandang
alternatif	alternatif
lintasan	lintas an
dilengkapi	di lengkap i
data	data
penghuninya	pen huni nya
pengapalan	pen kapal an
disusun	di susun
penasihat	penasihat
didata	di data
dipandang	di pandang
kafein	kafein
mengaliri	men alir i
deposito	deposito
semacam	se macam
berjaga	ber jaga
menganalisis	men analisis
persatuan	per satu an
terpecahkan	ter pecah kan
penelitiannya	pen teliti an nya
dermaga	dermaga
sinarnya	sinar nya
memasukannya	men pasukan nya
mencadangkan	men cadang kan
melanjutkan	men lanjut kan
laba	laba
selain	se lain
kampanyenya	kampanye nya
pemikiran	pen pikir an
mempermasalahkannya	men masalah kan nya
saji	saji
penerima	pen terima
gayanya	gaya nya
jemput	jemput
kendaraan	kendara an
pengarahan	pen arah an
menoleh	men toleh
penyetoran	pen setor an
mutasi	mutasi
membelokkan	men belok kan
penerjemah	pen terjemah
disidangkan	di sidang kan
stok	stok
medis	medis
sari	sari
layanannya	layan an nya
dikasihinya	di kasih i nya
kekeliruan	ke keliru an
terakhirnya	ter akhir nya
paradigma	paradigma
berkekuatan	ber ke kuat an
pengeluaran	pen keluar an
kudanya	kuda nya
administrasinya	administrasi nya
didesentralisasikan	di desentralisasi kan
pengangkut	pen angkut
kepindahan	ke pindah an
telur	telur
dipersepsikan	di persepsi kan
mendoakan	men doa kan
ditayangkan	di tayang kan
mendesaknya	men desak nya
lewatkan	lewat kan
memungut	men pungut
merenggut	men renggut
argumentasi	argumentasi
teduh	teduh
angin	angin
merendahkan	men rendah kan
menteri	menteri
membusukkan	men busuk kan
merefleksikan	men refleksi kan
panggung	panggung
kunjung	kunjung
dijahitkan	di jahit kan
manfaatnya	manfaat nya
saya	saya
mendadak	mendadak
pengaturnya	pen atur nya
israel	israel
prospek	prospek
seraya	se raya
perumahan	pen rumah an
spekulasi	spekulasi
pelayannya	pen layan nya
lapaknya	lapak nya
menganggapnya	men anggap nya
pertukangan	per tukang an
usahanya	usaha nya
dialokasikan	di alokasi kan
menghubungkan	men hubung kan
sekeluarga	se keluarga
menyangkali	men sangkal i
membatasinya	men batas i nya
tipe	tipe
penghakiman	pen hakim an
terformulasi	ter formulasi
utang	utang
tradisional	tradisional
lulus	lulus
pembaruannya	pen baru an nya
berburu	ber buru
pelukan	peluk an
penghambat	pen hambat
pemuatan	pen muat an
tuhanku	tuhan ku
membinasakan	men binasa kan
diciptakannya	di cipta kan nya
independensi	independensi
akomodasi	akomodasi
tabah	tabah
bercerita	ber cerita
daya	daya
berbobot	ber bobot
menghimpunkan	men himpun kan
mengisyaratkan	men isyarat kan
kuingin	ku ingin
pelaksanaannya	pen laksana an nya
memancarkan	men pancar kan
merangkap	men rangkap
pendirian	pen diri an
konseling	konseling
konfirmasi	konfirmasi
memutakhirkan	men mutakhir kan
anunya	anu nya
penguasanya	pen kuasa nya
cela	cela
tajamnya	tajam nya
tempuhnya	tempuh nya
dirangkum	di rangkum
sengketa	sengketa
kemungkinannya	kemungkinan nya
diulang	di ulang
dirindukan	di rindu kan
bertekun	ber tekun
identik	identik
cerdas	cerdas
domestik	domestik
kategori	kategori
pencacah	pen cacah
menyepakatinya	men sepakat i nya
bereaksi	ber reaksi
rujukan	rujuk an
menguat	men kuat
penghulu	pen hulu
publikasi	publikasi
melintasi	men lintas i
tersayat	ter sayat
penyanyi	pen nyanyi
pelaporan	pen lapor an
membingungkan	men bingung kan
antarkuota	antar kuota
dibatalkannya	di batal kan nya
terhutang	ter hutang
terisolasi	ter isolasi
nun	nun
lumpur	lumpur
disangkal	di sangkal
pemilu	pemilu
mukjizat	mukjizat
terdefinisi	ter definisi
dipotong	di potong
dimuat	di muat
tolongku	tolong ku
perkelahian	per kelahi an
daunnya	daun nya
telaah	telaah
mengabaikan	men abai kan
disangka	di sangka
transaksi	transaksi
pilot	pilot
kenakan	kena kan
mengevakuasi	men evakuasi
aneh	aneh
pengambilan	pen ambil an
seismik	seismik
perakitan	pen rakit an
terhormat	ter hormat
karakter	karakteri
perdanya	perda nya
teks	teks
akibatnya	akibat nya
beranak	ber anak
dimanfaatkan	di manfaat kan
bait	bait
ui	ui
penugasan	pen tugas an
united	united
sejam	se jam
minta	minta
bahkan	bah kan
dipublikasikan	di publikasi kan
regional	regional
tahanan	tahan an
bertetanggaan	ber tetangga an
himbauan	himbau an
mengupayakan	men upaya kan
sebulir	se bulir
pemangkasan	pen pangkas an
dijahit	di jahit
persiapan	per siap an
asalan	asal an
polandia	polandia
terposisikan	ter posisi kan
terkuno	ter kuno
ditusuk	di tusuk
rohaninya	rohani nya
sungai	sungai
berkorban	ber korban
pengeruk	pen keruk
terbiasa	ter biasa
surgawinya	surgawi nya
peneliti	pen teliti
lahir	lahir
antarhasil	antar hasil
diucapkan	di ucap kan
mencemaskan	men cemas kan
memperkaya	men kaya
datang	datang
meter	meter
menduplikasi	men duplikasi
tergoda	ter goda
corak	corak
nondepartemen	non departemen
pacu	pacu
diterbitkan	di terbit kan
durian	duri an
bengkok	bengkok
keluhan	keluh an
benci	benci
menyapu	men sapu
pelaut	pen laut
pendidik	pen didik
kuajarkan	ku ajar kan
perbintangan	per bintang an
memformulasikan	men formulasi kan
memerintah	men perintah
mengkompensasi	men kompensasi
tikar	tikar
terburuk	ter buruk
antarjenis	antar jenis
dijajakan	di jaja kan
terbentur	ter bentur
tulisannya	tulis an nya
sekeliling	se keliling
rate	rate
terobosan	terobos an
terutama	ter utama
narkotika	narkotika
mencangkul	men cangkul
berangin	ber angin
privasinya	privasi nya
putraku	putra aku
balon	balon
hebat	hebat
dihubungi	di hubung i
aslinya	asli nya
aksi	aksi
pertanaman	per tanam an
khususnya	khusus nya
didapat	di dapat
perbincangan	per bincang an
yahudi	yahudi
pemangku	pen pangku
menentangnya	men tentang nya
foto	foto
lelakinya	lelaki nya
dirampungkan	di rampung kan
mengetahui	men ketahui
mengacaukan	men kacau kan
berlatih	ber latih
berprasangka	ber prasangka
sekeras	se keras
diemban	di emban
menghadap	men hadap
produktifitas	produktifitas
menyimpulkan	men simpul kan
pacarku	pacar ku
musiknya	musik nya
kanan	kanan
dikaji	di kaji
gurun	gurun
pendangkalan	pen dangkal an
produsen	produsen
lampiran	lampir an
kuatir	kuatir
lonjakan	lonjak an
kekasihnya	kekasih nya
petinju	pen tinju
bakatnya	bakat nya
mangkuk	mangkuk
pundi	pundi
diceraikan	di cerai kan
menggunakannya	men guna kan nya
diwakili	di wakil i
mempublikasikannya	men publikasi kan nya
optimis	optimis
aktif	aktif
pelempar	pen lempar
seimannya	se iman nya
harinya	hari nya
ditempatkan	di tempat kan
eceran	ecer an
katamu	kata mu
kipas	kipas
reporter	reporter
menakar	men takar
keikutsertaannya	ke ikutserta an nya
penganggur	pen anggur
bensin	bensin
membocorkan	men bocor kan
menganggap	men anggap
sirip	sirip
terbelah	ter belah
pencegah	pen cegah
jeruknya	jeruk nya
kenalannya	kenal an nya
transportasinya	transportasi nya
lengkap	lengkap
menggandakan	men ganda kan
bisnisnya	bisnis nya
tekankan	tekan kan
terhubung	ter hubung
semenit	se menit
timbang	timbang
pinggir	pinggir
eksportir	eksportir
pasca	pasca
arsitektur	arsitektur
kendaraannya	kendara an nya
dihabiskan	di habis kan
terpilih	ter pilih
disisihkan	di sisih kan
terbentuknya	ter bentuk nya
memandangi	men pandang i
pengrajin	pen rajin
merepotkan	men repot kan
memproduksinya	men produksi nya
ratap	ratap
menyusuri	men susur i
memprotes	men protes
rancangan	rancang an
penghiburan	pen hibur an
dipungut	di pungut
bersenjatakan	ber senjata kan
menghormati	men hormat i
dimuliakan	di mulia kan
dicari	di cari
ditemani	di teman i
konservasi	konservasi
penggelembungan	pen gelembung an
pemaparan	pen papar an
diurai	di urai
mencontohkan	men contoh kan
izinnya	izin nya
pemasoknya	pen pasok nya
terpana	terpana
semapan	se mapan
omzet	omzet
dasarnya	dasar nya
dikurung	di kurung
menghadiri	men hadir i
jarinya	jari nya
mobilnya	mobil nya
menderita	men derita
diperbaharui	di per baharu i
berbelanja	ber belanja
tegar	tegar
tradisionalnya	tradisional nya
berbeda	ber beda
jeda	jeda
menelaah	men telaah
menerkam	men terkam
mengecilkan	men kecil kan
dokter	dokter
bunyi	bunyi
kuba	kuba
terintimidasi	ter intimidasi
menjadikannya	men jadi kan nya
bertani	ber tani
dindingnya	dinding nya
kendalikan	kendali kan
tertutup	ter tutup
serapan	serap an
terkutuk	ter kutuk
mencurinya	men curi nya
terkenal	ter kenal
menegangkan	men tegang kan
dijadikannya	di jadi kan nya
satkernya	satker nya
bulu	bulu
konsensus	konsensus
kecurigaan	ke curiga an
kuminta	ku minta
melimpahnya	men limpah nya
pencukur	pen cukur
menafsirkan	men tafsir kan
waduk	waduk
bergabung	ber gabung
ditekel	di tekel
dipilah	di pilah
mikro	mikro
pengurutan	pen urut an
administratifnya	administratif nya
diubahkan	di ubah kan
mempererat	men erat
suaranya	suara nya
ditjen	ditjen
maksimum	maksimum
mengekspor	men ekspor
konteksnya	konteks nya
disatukan	di satu kan
tuanmu	tuan mu
wajib	wajib
petinggi	petinggi
pelajaran	pelajar an
puji	puji
berkebun	ber kebun
kesempatannya	kesempatan nya
perlengkapannya	per lengkap an nya
tertawaan	ter tawa an
darussalam	darussalam
berisiko	ber risiko
terindah	ter indah
menjatuhi	men jatuh i
ditunda	di tunda
ulangan	ulang an
nyaris	nyaris
tercapainya	ter capai nya
teman	teman
asalnya	asal nya
desa	desa
petanya	peta nya
pelanggaran	pen langgar an
ditunjukkannya	di tunjuk kan nya
potongan	potong an
matang	matang
berinteraksi	ber interaksi
biro	biro
gugur	gugur
diurutkan	di urut kan
sengsara	sengsara
terima	terima
diaksesnya	di akses nya
didampinginya	di damping i nya
lanjut	lanjut
perduli	perduli
berbahagia	ber bahagia
memikulmu	men pikul mu
berpihak	ber pihak
ingat	ingat
dinasehati	di nasehat i
ditarik	di tarik
khawatir	khawatir
dihadiahi	di hadiah i
belikan	beli kan
mengukurkan	men ukur kan
cerah	cerah
kukenal	ku kenal
bertuliskan	ber tulis kan
keriput	keriput
allahku	allah ku
tergali	ter gali
terkoyak	ter koyak
tangkapannya	tangkap an nya
memberi	men beri
mekar	mekar
uang	uang
irlandia	irlandia
pencuri	pen curi
darurat	darurat
kontraktor	kontraktor
bara	bara
pulau	pulau
penghuni	pen huni
simbolis	simbolis
tinggal	tinggal
singkatnya	singkat nya
serangga	serangga
diseberangi	di seberang i
mengirim	men kirim
anggota	anggota
menghantarkan	men hantar kan
terkorup	ter korup
mengairi	men air i
seterusnya	se terus nya
separah	se parah
permasalahannya	per masalah an nya
mendesak	men desak
menyesatkan	men sesat kan
mereproduksinya	men reproduksi nya
menjamur	men jamur
mencium	men cium
kerasukan	ke rasuk an
dikumandangkan	di kumandang kan
menguasai	men kuasa i
semeriah	se meriah
dihindari	di hindar i
rendah	rendah
tempatmu	tempat mu
organisasinya	organisasi nya
terpangkas	ter pangkas
berbatasan	ber batas an
nelayan	nelayan
mengakses	men akses
baju	baju
janinnya	janin nya
menjelaskannya	men jelas kan nya
penutupnya	pen tutup nya
dilayani	di layan i
teknologi	teknologi
menekuni	men tekun i
istimewa	istimewa
melayani	men layan i
mengulangnya	men ulang nya
melengkapi	men lengkap i
indikator	indikator
biasa	biasa
dilemparkan	di lempar kan
juruselamatku	juruselamat ku
ambivalen	ambivalen
dibolehkan	di boleh kan
bertumpuk	ber tumpuk
diagunkan	di agun kan
ditelan	di telan
kagum	kagum
sadar	sadar
limpahan	limpah an
penunggak	pen tunggak
marjinal	marjinal
berbagi	ber bagi
bidannya	bidan nya
1990an	1990 an
curah	curah
merawatnya	men rawat nya
lahirnya	lahir nya
sangkaan	sangka an
menginspirasi	men inspirasi
terpalang	ter palang
skandalnya	skandal nya
kebutuhanku	ke butuh an ku
dipinjam	di pinjam
saringan	saring an
terserak	ter serak
ketidakadilan	ke tidak adil an
memperkokoh	men kokoh
dilantunkannya	di lantun kan nya
ledakan	ledak an
kurs	kurs
pemadaman	pen madam an
istri	istri
dipuji	di puji
mengeluarkannya	men keluar kan nya
melatarbelakangi	men latarbelakang i
perkawinannya	per kawin an nya
penerbangannya	pen terbang an nya
merekomendasi	men rekomendasi
menggosokkan	men gosok kan
fotokopi	fotokopi
melebur	men lebur
ketidakefektifan	ke tidak efektif an
melontarkan	men lontar kan
pembobolan	pen bobol an
menghakimi	men hakim i
memikulnya	men pikul nya
dicerna	di cerna
melangkahi	men langkah i
penuhi	penuh i
mengungguli	men unggul i
bersalah	ber salah
cair	cair
disamai	di sama i
terluas	ter luas
terurus	ter urus
menggenapi	men genap i
disebarluaskan	di sebarluas kan
berselang	ber selang
kapas	kapas
merehabilitasi	men rehabilitasi
diakhiri	di akhir i
menyederhanakannya	men sederhana kan nya
ban	ban
timnya	tim nya
pengikatan	pen ikat an
proses	proses
rekornya	rekor nya
memasangnya	men pasang nya
terkaya	ter kaya
topi	top i
bersepakat	ber sepakat
maju	maju
ragam	ragam
olahraga	olahraga
lebah	lebah
timbangan	timbang an
berhala	berhala
rantai	rantai
tergantung	ter gantung
membanting	men banting
menambah	men tambah
pertumbuhan	per tumbuh an
dianiaya	di aniaya
terabaikannya	ter abai kan nya
mewah	mewah
ketidakpastian	ke tidak pasti an
kebunnya	kebun nya
terasing	ter asing
ketidaktransparanan	ke tidak transparan an
muslim	muslim
prevalensi	prevalensi
robot	robot
mengarungi	men karung i
pikiran	pikir an
kepemimpinan	kepemimpinan
mendua	men dua
memandangku	men pandang ku
muatan	muat an
mencukupkan	men cukup kan
eksekutif	eksekutif
disuapi	di suap i
bangga	bangga
sesama	se sama
awak	awak
provinsi	provinsi
tetapnya	tetap nya
mendaftarkannya	men daftar kan nya
klasifikasi	klasifikasi
bawahmu	bawah mu
mual	mual
personal	personal
buktinya	bukti nya
mengobati	men obat i
wajar	wajar
dibebankan	di beban kan
kuatirmu	kuatir mu
terhalang	ter halang
merekatkan	men rekat kan
arsip	arsip
memiliki	men milik i
tips	tips
berdiri	ber diri
dimasukkannya	di masuk kan nya
ditimpakan	di timpa kan
jabatan	jabat an
adegan	adegan
berkerabat	ber kerabat
dipahami	di paham i
termasuk	ter masuk
percaya	percaya
dirujuk	di rujuk
palsu	palsu
menghambakan	men hamba kan
ditanya	di tanya
tentara	tentara
perpipaan	per pipa an
kelihatan	ke lihat an
ditendang	di tendang
menyebarluaskan	men sebarluas kan
pertokoan	per toko an
teragung	ter agung
tertancap	ter tancap
bersamanya	ber sama nya
diwajibkan	di wajib kan
terabaikan	ter abai kan
koneksi	koneksi
riilnya	riil nya
dihubungkan	di hubung kan
bertahap	ber tahap
label	label
kartu	kartu
bermukim	ber mukim
trend	trend
ditukar	di tukar
pertandingannya	per tanding an nya
dioptimalkan	di optimal kan
penyusunannya	pen susun an nya
memajang	men pajang
panah	panah
ditindaklanjuti	di tindaklanjut i
kupas	kupas
perabotan	perabot an
pemenuhannya	pen penuh an nya
menyiasatinya	men siasat i nya
menghafal	men hafal
inci	inci
menyiangi	men siang i
blok	blok
kuil	kuil
dikelola	di kelola
tunjangan	tunjang an
audit	audit
terinfeksi	ter infeksi
bergemuruh	ber gemuruh
tikus	tikus
bising	bising
memulihkan	men pulih kan
pemalsuan	pen palsu an
lidahnya	lidah nya
merontokkan	men rontok kan
gemar	gemar
menjaga	men jaga
imbas	imbas
memfasilitasi	men fasilitas i
mampukan	mampu kan
penutupan	pen tutup an
mempertanyakan	men tanya kan
terungkap	ter ungkap
tektonik	tektonik
pemandangannya	pen pandang an nya
pemetikan	pen petik an
mengikisnya	men kikis nya
bergelar	ber gelar
mencuri	men curi
fisika	fisika
merelakan	men rela kan
interupsi	interupsi
diraup	di raup
ketidaknyamanan	ke tidak nyaman an
terkoordinir	ter koordinir
kepunyaan	ke punya an
dorongan	dorong an
lantang	lantang
banknya	bank nya
mengkonfirmasikan	men konfirmasi kan
pemakaian	pen pakai an
dimakannya	di makan nya
cacing	cacing
pendokumentasian	pen dokumentasi an
kuyakini	ku yakin i
meletus	men letus
terowongan	terowongan
diagnosanya	nyagnosa nya
pakan	pakan
inggris	inggris
konsorsium	konsorsium
memberantas	men berantas
komponennya	komponen nya
penafsiran	pen tafsir an
puncaknya	puncak nya
penghasilannya	pen hasil an nya
sorenya	sore nya
mengajak	men ajak
selamatkanku	selamat kan ku
kapalnya	kapal nya
sarang	sarang
menjajakan	men jaja kan
goyang	goyang
mulanya	mula nya
dipilih	di pilih
terdalamnya	ter dalam nya
disepelekan	di sepele kan
konsekuensi	konsekuensi
transformasi	transformasi
merosot	merosot
efisiennya	efisien nya
mogok	mogok
teknik	teknik
dicurigai	di curiga i
inovasi	inovasi
selai	sela i
sopan	sopan
komersil	komersil
mempekerjakan	men pekerja kan
gerejanya	gereja nya
raga	raga
berfikir	ber fikir
penargetan	pen target an
padinya	padi nya
perbankan	per bank an
jatah	jatah
dagang	dagang
bakat	bakat
memfokuskan	men fokus kan
anyaman	anyam an
akunting	akunting
mengontrakkan	men kontrak kan
terkungkung	ter kungkung
kualifikasi	kualifikasi
brasil	brasil
setingkat	se tingkat
memanfaatkan	men manfaat kan
sumbangan	sumbang an
ajukan	aju kan
muslihat	muslihat
seluas	se luas
urusan	urus an
mengabdi	men abdi
menghargai	men harga i
jahitan	jahit an
berukuran	ber ukur an
pembentukan	pen bentuk an
tuliskan	tulis kan
penerus	pen terus
irigasinya	irigasi nya
jantung	jantung
kebobolan	ke bobol an
mengindahkan	men indah kan
dilaluinya	di lalu i nya
daerah	daerah
naiknya	naik nya
sinyal	sinyal
gejolak	gejolak
teringat	ter ingat
kepalamu	kepala mu
berlanjut	ber lanjut
takhta	takhta
tercantum	ter cantum
ketik	ketik
menipis	men tipis
warganya	warga nya
terdistribusikan	ter distribusi kan
membusuk	men busuk
mewakilinya	men wakil i nya
menamakan	men nama kan
aktifnya	aktif nya
toleransi	toleransi
ditambahkannya	di tambah kan nya
dilukis	di lukis
tinggi	tinggi
selengkap	se lengkap
rumitnya	rumit nya
memudarkan	men pudar kan
rayakan	raya kan
menaikkan	men naik kan
properti	properti
lengkapnya	lengkap nya
bina	bina
kulit	kulit
profesinya	profesi nya
bertengkar	ber tengkar
tamunya	tamu nya
harapannya	harap an nya
pribadinya	pribadi nya
kreativitas	kreativitas
bola	bola
identitasnya	identitas nya
mengasuransi	men asuransi
menyuburkan	men subur kan
dimaksud	di maksud
pengelolaannya	pen kelola an nya
muncul	muncul
sebanding	se banding
mempercepat	men cepat
fleksibel	fleksibel
hampa	hampa
wakil	wakil
diputus	di putus
sorot	sorot
melembaga	men lembaga
pertanggungjawabannya	per tanggungjawab an nya
pendiri	pen diri
bersangkutan	ber sangkut an
pencatatan	pen catat an
esa	esa
ajakan	ajak an
letusan	letus an
menjejak	men jejak
menyelidiki	men selidik i
mengesankan	men kesan kan
keramik	keramik
galian	gali an
kenaikan	ke naik an
diratifikasi	di ratifikasi
wahyu	wahyu
berpenampilan	ber pen tampil an
diindonesiakan	di indonesia kan
terkena	ter kena
memperkenankan	men kenan kan
menyamai	men sama i
uangnya	uang nya
penindasan	pen tindas an
longgar	longgar
ditanyai	di tanya i
tagihan	tagih an
jalanya	jala nya
penyucian	pen suci an
pengalokasiannya	pen alokasi an nya
lahan	lahan
jenazah	jenazah
dibentuknya	di bentuk nya
dikepung	di kepung
bernuansa	ber nuansa
stagnan	stagnan
antarmasyarakat	antar masyarakat
ibarat	ibarat
menyengsarakan	men sengsara kan
santai	santai
riba	riba
hulu	hulu
sumbangannya	sumbang an nya
beradu	ber adu
meluncur	men luncur
memasyarakat	men masyarakat
pengetahuan	pengetahuan
pengekspor	pen ekspor
agresif	agresif
menggema	men gema
penebusan	pen tebus an
kompas	kompas
simbol	simbol
direspon	di respon
survei	survei
tertahankan	ter tahan kan
petugas	petugas
mencintai	men cinta i
utangnya	utang nya
persalinannya	per salin an nya
mendaftar	men daftar
kunjungi	kunjung i
diletakkan	di letak kan
asteroid	asteroid
pendapatan	pen dapat an
kompetensi	kompetensi
ironis	ironis
ceroboh	ceroboh
melewatinya	men lewat i nya
menjamin	men jamin
sidik	sidik
rohnya	roh nya
aniaya	aniaya
besok	besok
pakunya	paku nya
mengadministrasikan	men administrasi kan
posisi	posisi
nikel	nikel
sekelompok	se kelompok
diperkuat	di per kuat
pertunjukannya	per tunjuk an nya
menyembah	men sembah
tafsiran	tafsir an
bulannya	bulan nya
menganggukkan	men angguk kan
memperlengkapi	men lengkap i
detail	detail
perwujudan	per wujud an
saleh	saleh
persendian	per sendi an
digunakannya	di guna kan nya
menyentak	men sentak
rodanya	roda nya
terlukiskan	ter lukis kan
fluktuasi	fluktuasi
max	max
terperinci	ter pen rinci
diperingan	di per ringan
penyitaan	pen sita an
menyarankan	men saran kan
daratnya	darat nya
berlangsung	ber langsung
motif	motif
materi	materi
halangan	halang an
posyandu	posyandu
burung	burung
berstatus	ber status
penandatanganan	pen tandatangan an
perbelanjaan	per belanja an
usulannya	usul an nya
badak	badak
mulus	mulus
mempelajarinya	men pelajar i nya
pemusnahan	pen musnah an
muda	muda
saran	saran
evolusi	evolusi
saudaranya	saudara nya
mencuci	men cuci
karir	karir
menjadikan	men jadi kan
alamiah	alamiah
teknisnya	teknis nya
penagih	pen tagih
menyepelekan	men sepele kan
badai	badai
artinya	arti nya
dinyatakan	di nyata kan
disipliner	disipliner
triwulan	triwulan
diluncurkan	di luncur kan
khawatirkan	khawatir kan
bergantungnya	ber gantung nya
mengabaikannya	men abai kan nya
kejam	kejam
ukur	ukur
diembankan	di emban kan
terseleksi	ter seleksi
dokumenter	dokumenter
mendapat	men dapat
udaranya	udara nya
mengagendakan	men agenda kan
membelah	men belah
mencipratkan	men ciprat kan
menerpa	men terpa
kelihatannya	ke lihat an nya
diluruskan	di lurus kan
takluk	takluk
menyumbang	men sumbang
pertambahan	per tambah an
bahasan	bahas an
penerbit	pen terbit
tanya	tanya
kalender	kalender
mengijinkan	men ijin kan
kakeknya	kakek nya
menyurati	men surat i
bertuan	ber tuan
tembusan	tembus an
kami	kami
perayaan	pen raya an
dibunyikan	di bunyi kan
bersedia	ber sedia
penjualannya	pen jual an nya
imunisasi	imunisasi
terhitung	ter hitung
pembangunannya	pen bangun an nya
antarresponden	antar responden
berendam	ber rendam
agungnya	agung nya
pengumpul	pen kumpul
penanganannya	pen tangan an nya
perunggu	perunggu
terdapat	ter dapat
kecilnya	kecil nya
pembunuhan	pen bunuh an
lambat	lambat
berpotensi	ber potensi
baki	bak i
penambah	pen tambah
perdata	perdata
penuntut	pen tuntut
menolongnya	men tolong nya
diwarisi	di waris i
merumput	men rumput
miliki	milik i
memperlihatkan	men lihat kan
juara	juara
penunjang	pen tunjang
diimbangi	di imbang i
sendirinya	sendiri nya
sesederhana	se sederhana
memukul	men pukul
dilarang	di larang
olahannya	olah an nya
teknis	teknis
membayang	men bayang
antargereja	antar gereja
sangkakala	sangkakala
tabir	tabir
pembekuan	pen beku an
cengkehnya	cengkeh nya
goyangkan	goyang kan
emas	emas
konstitusi	konstitusi
depresi	depresi
organ	organ
keberadaannya	keberadaan nya
layaknya	layak nya
pipa	pipa
jauhnya	jauh nya
terhindar	ter hindar
diidentifikasikan	di identifikasi kan
lucunya	lucu nya
awet	awet
menempuh	men tempuh
hindari	hindar i
menyelubungi	men selubung i
lehernya	leher nya
direlokasi	di relokasi
ketidakcocokan	ke tidak cocok an
cukurnya	cukur nya
inflasi	inflasi
tangannya	tangan nya
menjajaki	men jajak i
minum	minum
latar	latar
tertipu	ter tipu
kacau	kacau
pengangkatannya	pen angkat an nya
digolongkan	di golong kan
membidangi	men bidang i
berbisik	ber bisik
perhitungannya	per hitung an nya
berorientasi	ber orientasi
terhindarkan	ter hindar kan
dinikahinya	di nikah i nya
besarnya	besar nya
membakar	men bakar
mengikutinya	men ikut i nya
diperlunak	di per lunak
sepak	sepak
tertindas	ter tindas
biologi	biologi
legenda	legenda
pendanaannya	pen dana an nya
mencondongkan	men condong kan
khasiatnya	khasiat nya
agen	agen
digerakkan	di gerak kan
meraih	men raih
iblis	iblis
capnya	cap nya
perseroan	perseroan
diantar	di antar
santri	santri
keluarnya	keluar nya
nenek	nenek
perserikatan	per serikat an
perempuan	perempuan
situs	situs
timbul	timbul
pemberitaan	pen berita an
menyapa	men sapa
diarahkan	di arah kan
dideklarasikan	di deklarasi kan
maraknya	marak nya
enggannya	enggan nya
pelarangan	pen larang an
pencobaan	pen coba an
diliputi	di liput i
militan	militan
favoritnya	favorit nya
mengutus	men utus
menggapai	men gapai
mengarahkanku	men arah kan ku
efektif	efektif
memproduksi	men produksi
departemennya	departemen nya
dihidangkan	di hidang kan
mengeraskan	men keras kan
dicuri	di curi
anakku	anak ku
setir	setir
mendekatinya	men dekat i nya
tegas	tegas
pengoleksi	pen koleksi
membasuh	men basuh
mendaur	men daur
peneguhan	pen teguh an
penyedot	pen sedot
melindungi	men lindung i
fondasi	fondasi
penghancur	pen hancur
direformasi	di reformasi
menerimanya	men terima nya
tangis	tangis
terserap	ter serap
pengamatannya	pengamat an nya
roboh	roboh
soal	soal
mengkoordinasi	men koordinasi
amati	amati
diselenggarakan	di selenggara kan
karpet	karpet
meraup	men raup
dikenakannya	di kena kan nya
fakultas	fakultas
kupercaya	ku percaya
pembentuk	pen bentuk
melompat	men lompat
terjamin	ter jamin
bergizi	ber gizi
ditebang	di tebang
bayangkan	bayang kan
teratas	ter atas
sekehendaknya	se kehendak nya
transplantasi	transplantasi
loncatan	loncat an
merelokasikan	men relokasi kan
dikhotbahkan	di khotbah kan
bibit	bibit
abu	abu
ketidaksetiaan	ke tidak setia an
percayai	percaya i
dimaknai	di makna i
proyek	proyek
wartawan	wartawan
diorganisasi	di organisasi
karib	karib
ramainya	ramai nya
kutinggalkan	ku tinggal kan
orangtuaku	orangtua aku
terkonsolidasi	ter konsolidasi
dijerumuskan	di jerumus kan
januari	januari
pengangguran	pen anggur an
langganan	langgan an
kudus	kudus
membicarakannya	men bicara kan nya
nikah	nikah
kondisi	kondisi
dianalisis	di analisis
dikemukakan	di kemuka kan
kunyah	kunyah
sedia	sedia
mengajarnya	men ajar nya
bekal	bekal
melahirkan	men lahir kan
kotor	kotor
semula	se mula
diujicobakan	di ujicoba kan
berawak	ber awak
penyembahan	pen sembah an
beroperasinya	ber operasi nya
duri	duri
bibirnya	bibir nya
pergantian	per ganti an
dilemahkan	di lemah kan
pendamai	pen damai
belanda	belanda
opsi	opsi
peralihan	per alih an
depkeu	depkeu
sedekahmu	sedekah mu
dikekang	di kekang
keluarga	keluarga
membujuknya	men bujuk nya
sesi	sesi
ubah	ubah
terjal	terjal
menerbitkan	men terbit kan
muramku	muram ku
ketidaksepakatan	ke tidak sepakat an
jasa	jasa
punyai	punya i
panjang	panjang
musiman	musim an
berlanjutnya	ber lanjut nya
bawahannya	bawah an nya
terpinggirkan	ter pinggir kan
terputus	ter putus
mertuanya	mertua nya
keliling	keliling
kekal	kekal
institusinya	institusi nya
susut	susut
domba	domba
memungkinkan	memungkinkan
terduga	ter duga
diklasifikasi	di klasifikasi
dikapalkan	di kapal kan
diinginkannya	di ingin kan nya
supir	supir
mesir	mesir
kuharap	ku harap
keterampilannya	keterampilan nya
memegangnya	men pegang nya
pamannya	paman nya
khusus	khusus
perhutanan	per hutan an
hadir	hadir
bersaat	ber saat
terkuras	ter kuras
sutera	sutera
pesan	pesan
sepuasnya	se puas nya
terbawa	ter bawa
altar	altar
sebaran	sebar an
status	status
bercanda	ber canda
mengelompok	men kelompok
mentah	mentah
pengertiannya	pengertian nya
pengembaraan	pen kembara an
nyanyiannya	nyanyi an nya
disekolahkan	di sekolah kan
pembayar	pen bayar
jemaatnya	jemaat nya
menghilang	men hilang
luangkan	luang kan
diusahakan	di usaha kan
bentuk	bentuk
bertanam	ber tanam
menyulitkan	men sulit kan
pengurusnya	pen urus nya
terkhusus	ter khusus
dikompensasikan	di kompensasi kan
diumpankan	di umpan kan
mata	mata
banyaknya	banyak nya
seakurat	se akurat
cepatnya	cepat nya
sangsi	sangsi
tereliminasi	ter eliminasi
kiosnya	kios nya
perahu	perahu
menagih	men tagih
sebaik	se baik
arif	arif
didekatnya	di dekat nya
persaingan	per saing an
posko	posko
curahan	curah an
juru	juru
girang	girang
omong	omong
mengelompokkannya	men kelompok kan nya
permukaan	per muka an
pertenunan	per tenun an
pejuang	pejuang
menerjemahkannya	men terjemah kan nya
kongres	kongres
kereta	kereta
menyiasati	men siasat i
berprinsip	ber prinsip
lambannya	lamban nya
posyandunya	posyandu nya
dipahaminya	di paham i nya
tubuhku	tubuh ku
menemani	men teman i
penyesuaian	pen sesuai an
didukung	di dukung
pelanggarannya	pen langgar an nya
menonjolkan	men tonjol kan
biografi	biografi
ditelanjangi	di telanjang i
bicarakan	bicara kan
otonominya	otonomi nya
diterapkan	di terap kan
keluarkan	keluar kan
disisi	di sisi
karun	karun
diadaptasi	di adaptasi
padang	padang
sengit	sengit
mendiversifikasi	men diversifikasi
bubungan	bubung an
mengecil	men kecil
mempercayakan	men percaya kan
permennya	permen nya
efek	efek
telpon	telpon
menyetor	men setor
rasio	rasio
tekun	tekun
beritakan	berita kan
konsumen	konsumen
tertuju	ter tuju
mengingatmu	men ingat mu
raya	raya
antik	antik
pelacur	pen lacur
tembakau	tembakau
dilumpuhkan	di lumpuh kan
diredupkan	di redup kan
penyatuan	pen satu an
secangkir	se cangkir
revolusi	revolusi
diminimalkan	di minimal kan
bersalin	ber salin
paket	paket
akal	akal
pakaian	pakai an
pohonnya	pohon nya
persahabatan	per sahabat an
menjejakkan	men jejak kan
komentar	komentar
disita	di sita
selasa	selasa
memalsukan	men palsu kan
diambil	di ambil
dibicarakan	di bicara kan
impiannya	impian nya
resminya	resmi nya
klaim	klaim
bilik	bilik
menyatakannya	men nyata kan nya
tabungan	tabung an
dihalangi	di halang i
bertempat	ber tempat
kita	kita
meletakkan	men letak kan
obyeknya	obyek nya
gubernurnya	gubernur nya
menyerupai	men serupa i
membedah	men bedah
hitung	hitung
terdaftar	ter daftar
menyuratkan	men surat kan
dipertimbangkan	di per timbang kan
konkret	konkret
tersesatnya	ter sesat nya
penebangan	pen tebang an
terpenting	ter penting
bawakan	bawa kan
melampirkan	men lampir kan
tekanan	tekan an
bermula	ber mula
manusia	manusia
mengenangnya	men kenang nya
dihiasi	di hias i
produksinya	produksi nya
menerangkan	men terang kan
disodorkan	di sodor kan
pertanggungan	per tanggung an
basah	basah
ciptanya	cipta nya
bunuh	bunuh
jenis	jenis
padat	padat
induknya	induk nya
pendaratan	pen darat an
mengambilkanku	men ambil kan ku
memasang	men pasang
omongnya	omong nya
antarteman	antar teman
kuabaikan	ku abai kan
penerimanya	pen terima nya
konsep	konsep
perlukan	perlu kan
dadanya	dada nya
tatapan	tatap an
ditempuh	di tempuh
salib	salib
dikaruniai	di karunia i
berpaut	ber paut
simpan	simpan
mendekati	men dekat i
abjad	abjad
disadarkan	di sadar kan
berpendapat	ber pen dapat
mewajibkan	men wajib kan
kelahiran	ke lahir an
organik	organik
jelek	jelek
solusinya	solusi nya
diestimasi	di estimasi
dikonfirmasi	di konfirmasi
jujur	jujur
bajak	bajak
pelantikan	pen lantik an
tenggang	tenggang
jumlahnya	jumlah nya
gigi	gigi
menegakkan	men tegak kan
mini	min i
perumpamaan	per umpama an
mengingatkannya	men ingat kan nya
sebanyak	se banyak
sayapnya	sayap nya
menyalurkannya	men salur kan nya
disarankan	di saran kan
mampuan	mampu an
diteladani	di teladan i
belalang	belalang
pipi	pipi
masuknya	masuk nya
pemekaran	pen mekar an
berimplikasi	ber implikasi
sampaikan	sampai kan
gubernur	gubernur
menghimbau	men himbau
dititipkan	di titip kan
dilahirkan	di lahir kan
empuk	empuk
terjaga	ter jaga
ingini	ingin i
murahnya	murah nya
sesignifikan	se signifikan
menginstruksikan	men instruksi kan
terhebat	ter hebat
berkesempatan	ber kesempatan
perjudian	per judi an
menuntun	men tuntun
industri	industri
mendengarnya	men dengar nya
mengeksploitasi	men eksploitasi
ketidakseragaman	ke tidak seragam an
muara	muara
mencabut	men cabut
menjuarai	men juara i
sehebat	se hebat
tukar	tukar
dihasilkannya	di hasil kan nya
norwegia	norwegia
serigala	serigala
anjurkan	anjur kan
pengumuman	pen umum an
enggan	enggan
ditaburkan	di tabur kan
disambut	di sambut
disalahkan	di salah kan
diobservasi	di observasi
anjingnya	anjing nya
senapan	senapan
celaka	celaka
hafalan	hafal an
persentasenya	persentase nya
dipanggil	di panggil
ratu	ratu
mengencangkan	men kencang kan
disana	di sana
siswanya	siswa nya
bersahabat	ber sahabat
mengedarkan	men edar kan
terhampar	ter hampar
terpadu	ter padu
memperkarakan	men perkara kan
usul	usul
pelayan	pen layan
mengenang	men kenang
penentu	pen tentu
menghayati	men hayat i
batasan	batas an
penggaduhan	pen gaduh an
sebangsamu	se bangsa mu
berpasir	ber pasir
mengkompromikan	men kompromi kan
hantu	hantu
mengubahkan	men ubah kan
menghubunginya	men hubung i nya
analisi	analis i
modul	modul
sebutkan	sebut kan
mendasar	men dasar
diperhitungkan	di per hitung kan
perantaraan	perantara an
menstimulasi	men stimulasi
tubuhmu	tubuh mu
sederhana	sederhana
dosa	dosa
akurat	akurat
pemberiannya	pen beri an nya
egois	egois
tinjauan	tinjau an
bertransaksi	ber transaksi
anggukan	angguk an
balasan	balas an
pegangannya	pegang an nya
nyeri	nyeri
mencampur	men campur
mengimplementasikan	men implementasi kan
dibelanjakan	di belanja kan
memanah	men panah
erat	erat
kuponnya	kupon nya
ditakuti	di takut i
proposal	proposal
ahli	ahli
taktik	taktik
terindikasi	ter indikasi
video	video
didiskusikan	di diskusi kan
menenun	men tenun
laju	laju
tulis	tulis
mulut	mulut
penanganan	pen tangan an
liga	liga
gugat	gugat
sekantung	se kantung
menimba	men timba
lelang	lelang
menggratiskan	men gratis kan
tugasku	tugas ku
pidatonya	pidato nya
bicaranya	bicara nya
film	film
konsekuensinya	konsekuensi nya
gagasan	gagas an
mendeskripsikan	men deskripsi kan
belokan	belok an
keping	keping
pergunungan	per gunung an
keseharian	keseharian
mengguncangkan	men guncang kan
berkarya	ber karya
pengusahaan	pen usaha an
jurnalisme	jurnalisme
dunia	dunia
bidangnya	bidang nya
memuat	men muat
bakunya	baku nya
kritikan	kritik an
mengingat	men ingat
kekalnya	kekal nya
mekanisme	mekanisme
penahanan	pen tahan an
parah	parah
luka	luka
kucapai	ku capai
terik	terik
dipacu	di pacu
diselidiki	di selidik i
diperbaruinya	di per baru i nya
membelikan	men beli kan
mempersoalkan	men soal kan
cuaca	cuaca
favorit	favorit
pemanfaatannya	pen manfaat an nya
lautnya	laut nya
legislatif	legislatif
harta	harta
diminum	di minum
mendiami	men diam i
mengencerkan	men encer kan
mencakup	men cakup
jaga	jaga
buku	buku
silam	silam
pedesaannya	pedesaan nya
sebatang	se batang
terbang	terbang
penguatan	pen kuat an
firdaus	firdaus
terdahulu	terdahulu
kebutuhanmu	ke butuh an mu
menyempurnakan	men sempurna kan
mengumumkan	men umum kan
biayanya	biaya nya
plastiknya	plastik nya
penyejuk	pen sejuk
hubungi	hubung i
perkuliahan	per kuliah an
kliping	kliping
dikompromikan	di kompromi kan
permukiman	per mukim an
penciumannya	pen cium an nya
handal	handal
berbukit	ber bukit
menciptakan	men cipta kan
formatnya	format nya
terpenjara	ter penjara
agama	agama
rajaku	raja aku
busuk	busuk
perorangan	per orang an
koran	koran
pinjam	pinjam
pengajuan	pen aju an
berkeliaran	ber ke liar an
asumsinya	asumsi nya
condong	condong
menangi	menang i
belasan	belas an
anehnya	aneh nya
perbukitan	per bukit an
maut	maut
didengar	di dengar
hormat	hormat
tambah	tambah
bermusuhan	ber musuh an
detik	detik
pemdanya	pemda nya
tolong	tolong
wajan	wajan
alumni	alumni
diijinkan	di ijin kan
sosis	sosis
ungkapkan	ungkap kan
sanksinya	sanksi nya
modal	modal
pelajarannya	pelajar an nya
mencocokkannya	men cocok kan nya
pandu	pandu
pencabutan	pen cabut an
repot	repot
federal	federal
sepeda	sepeda
pasien	pasien
pemilahan	pen pilah an
narkoba	narkoba
kontrak	kontrak
hiburan	hibur an
menerpanya	men terpa nya
nurani	nurani
meneg	meneg
menurunkan	men turun kan
diterjang	di terjang
membawahi	men bawah i
ditaruhnya	di taruh nya
menitipkan	men titip kan
perpajakan	per pajak an
prestasi	prestasi
kabel	kabel
bebas	bebas
mengintensifkan	men intensif kan
sukacitaku	sukacita aku
dipukuli	di pukul i
bidikannya	bidik an nya
perawat	pen rawat
digenapi	di genap i
empunya	empunya
seniman	seniman
berjuang	ber juang
kebangunan	ke bangun an
beradik	ber adik
interiornya	interior nya
lupa	lupa
dilangsungkan	di langsung kan
mencolok	men colok
menyatukan	men satu kan
memaparkan	men papar kan
menyeimbangkan	men seimbang kan
bangsawan	bangsa wan
bertenaga	ber tenaga
harfiah	harfiah
mengakomodasi	men akomodasi
pertobatannya	per tobat an nya
merepresentasi	men representasi
alat	alat
berbicara	ber bicara
dukanya	duka nya
disalibkan	di salib kan
pembidiknya	pen bidik nya
rekannya	rekan nya
memeliharamu	men pelihara mu
kagumi	kagum i
menginvestigasi	men investigasi
menerapkan	men terap kan
variasi	variasi
berkonsentrasi	ber konsentrasi
tampil	tampil
gusar	gusar
mei	mei
dimiliki	di milik i
belgia	belgia
reproduksi	reproduksi
pengertian	pengertian
terbit	terbit
sinkronisasi	sinkronisasi
plastik	plastik
muslimah	muslimah
sikap	sikap
maaf	maaf
bersumpah	ber sumpah
sepatah	se patah
yakin	yakin
minggunya	minggu nya
dibiayai	di biaya i
terbuang	ter buang
penebal	pen tebal
perhentian	per henti an
menguasainya	men kuasa i nya
sentuhan	sentuh an
memayungi	men payung i
pergumulannya	per gumul an nya
pesat	pesat
menebus	men tebus
berimbangnya	ber imbang nya
islami	islam i
menabur	men tabur
aus	aus
bersiul	ber siul
belah	belah
hayati	hayat i
digelar	di gelar
menggariskan	men garis kan
memerlukan	men perlu kan
munafik	munafik
kuncinya	kunci nya
menjangkaunya	men jangkau nya
diskon	diskon
terhimpun	ter himpun
lembab	lembab
tulisan	tulis an
kering	kering
parsial	parsial
memanjatkan	men panjat kan
kosmetik	kosmetik
optimalnya	optimal nya
meniru	men tiru
duplikasi	duplikasi
rambutmu	rambut mu
menyukseskan	men sukses kan
mengijonkan	men ijon kan
selaras	selaras
tutup	tutup
menetes	men tetes
dikhianati	di khianat i
tongkatnya	tongkat nya
perbudakan	per budak an
dibekali	di bekal i
antarruangan	antar ruang an
mengontak	men kontak
antarsekolah	antar sekolah
berlebihan	ber lebih an
tercabut	ter cabut
menjaminkan	men jamin kan
camat	camat
bagikan	bagi kan
managemen	managemen
kampus	kampus
percayanya	percaya nya
antarwarga	antar warga
penundaan	pen tunda an
berkurangnya	ber kurang nya
mm	mm
menggerakkan	men gerak kan
pergolakan	per golak an
kutipan	kutip an
mengejutkannya	men kejut kan nya
medali	medali
kawannya	kawan nya
terkenang	ter kenang
berkawan	ber kawan
umpan	umpan
pikun	pikun
cercaan	cerca an
parameter	parameter
ruh	ruh
batu	batu
menuntaskan	men tuntas kan
negarawan	negara wan
berkenaan	ber kena an
misi	misi
ulasan	ulas an
lukanya	luka nya
diberkati	di berkat i
mendebarkan	men debar kan
mengefektifkan	men efektif kan
menghilangkannya	men hilang kan nya
suksesi	sukses i
sesali	sesal i
bermainnya	ber main nya
sifatnya	sifat nya
menaruh	men taruh
dipanen	di panen
bibir	bibir
peternakannya	peternakan nya
pendamaian	pen damai an
panjangnya	panjang nya
menyadarinya	men sadar i nya
menunggak	men tunggak
dewasa	dewasa
tempat	tempat
tertundanya	ter tunda nya
ilmu	ilmu
berbuat	ber buat
terbunuhnya	ter bunuh nya
ulama	ulama
implementasinya	implementasi nya
transportasi	transportasi
melampirkannya	men lampir kan nya
beregenerasi	ber regenerasi
dahsyat	dahsyat
tengahnya	tengah nya
tuaku	tua aku
anjloknya	anjlok nya
wawancara	wawancara
sedahsyat	se dahsyat
menggali	men gali
menilik	men tilik
dipinjamkan	di pinjam kan
substansi	substansi
penyelesai	pen selesai
tersingkat	ter singkat
ritel	ritel
paragraf	paragraf
menunjang	men tunjang
pembebasan	pen bebas an
material	material
kotanya	kota nya
unggulannya	unggul an nya
arogan	arogan
meminjamkan	men pinjam kan
logam	logam
izin	izin
pemberi	pen beri
pembaru	pen baru
berkompromi	ber kompromi
diasosiasikan	di asosiasi kan
kumulatif	kumulatif
berpegang	ber pegang
api	api
memeliharaku	men pelihara aku
perpanjangan	per panjang an
jajarannya	jajar an nya
muram	muram
fotonya	foto nya
beracun	ber racun
dirancang	di rancang
diadakan	di ada kan
melunasi	men lunas i
licin	licin
penanya	pen tanya
terpandang	ter pandang
mempengaruhi	men pengaruh i
busuknya	busuk nya
observasi	observasi
hutan	hutan
tenis	tenis
tiba	tiba
dijelaskan	di jelas kan
zaman	zaman
intim	intim
perantara	perantara
sayang	sayang
kesenjangan	kesenjangan
pinang	pinang
individu	individu
rupiah	rupiah
upacara	upacara
mengepalai	men kepala i
tersiar	ter siar
senjatanya	senjata nya
cangkir	cangkir
tergusur	ter gusur
dipukul	di pukul
mendominasi	men dominasi
dimapankan	di mapan kan
menggelapkan	men gelap kan
senasib	se nasib
teritorial	teritorial
penagihannya	pen tagih an nya
meluangkan	men luang kan
iurannya	iuran nya
munculnya	muncul nya
jutaan	juta an
menghancurkan	men hancur kan
bidikan	bidik an
demobilisasi	demobilisasi
rutinitas	rutinitas
hangat	hangat
perburuan	per buru an
sahabat	sahabat
terbentang	ter bentang
diupah	di upah
gemuruh	gemuruh
tambahkan	tambah kan
penyadaran	pen sadar an
cuma	cuma
menampik	men tampik
tindihnya	tindih nya
penuh	penuh
teralihkan	ter alih kan
tuna	tuna
game	game
tertangkap	ter tangkap
nonpertanian	non per tani an
dipantau	di pantau
pikirannya	pikir an nya
berjabat	ber jabat
pelelangan	pen lelang an
antrinya	antri nya
diwarnai	di warna i
meneguhkan	men teguh kan
pengungsi	pen ungsi
mengusulkannya	men usul kan nya
masanya	masa nya
menyeberang	men seberang
meneliti	men teliti
menyerap	men serap
reaktif	reaktif
wajah	wajah
berbalik	ber balik
tertunda	ter tunda
menindaklanjuti	men tindaklanjut i
menanti	menanti
mengirimkan	men kirim kan
mengubah	men ubah
buruh	buruh
berpalang	ber palang
setia	setia
ketuanya	ketua nya
jembatan	jembatan
cucu	cucu
perancang	pen rancang
dilukai	di luka i
keluhannya	keluh an nya
menekankan	men tekan kan
mencobai	men coba i
uu	uu
denda	denda
menyinggung	men singgung
atletik	atletik
fitur	fitur
dicap	di cap
jawabnya	jawab nya
kalah	kalah
menundukkan	men tunduk kan
membekukan	men beku kan
kupelajari	ku pelajar i
terganggunya	ter ganggu nya
pencapaian	pen capai an
mengatur	men atur
tunangan	tunang an
diolesi	di oles i
depan	depan
kanada	kanada
suratnya	surat nya
didelegasikan	di delegasi kan
asian	asian
pemborosan	pen boros an
serang	serang
berjiwa	ber jiwa
kegemaran	ke gemar an
cemas	cemas
berkeramik	ber keramik
kupasang	ku pasang
penagihan	pen tagih an
mendulang	men dulang
salinannya	salin an nya
dicapai	di capai
menahan	men tahan
pukulan	pukul an
lamaran	lamar an
bobot	bobot
berkabut	ber kabut
pengolah	pen olah
puasa	puasa
berargumentasi	ber argumentasi
sejuk	sejuk
selusin	se lusin
tandai	tanda i
pembicaraan	pen bicara an
menunjukkan	men tunjuk kan
umatnya	umat nya
gugatan	gugat an
cacat	cacat
diukir	di ukir
terobsesi	ter obsesi
islam	islam
gajinya	gaji nya
menyentuhnya	men sentuh nya
dipenjara	di penjara
tersambar	ter sambar
diperanakkan	di per anak kan
menggabungkan	men gabung kan
berawalan	ber awal an
barangsiapa	barangsiapa
menghampiri	men hampiri
bersembunyi	ber sembunyi
instruksi	instruksi
ditebus	di tebus
dagingku	daging ku
tergantikan	ter ganti kan
mengurangi	men kurang i
suaminya	suami nya
watak	watak
terpisah	ter pisah
bantu	bantu
nutrisinya	nutrisi nya
memisahkannya	men pisah kan nya
bayinya	bayi nya
penyajian	pen saji an
pisaunya	pisau nya
pertengahan	per tengah an
luwes	luwes
memperparah	men parah
porsi	porsi
andalan	andal an
terlontar	ter lontar
pelantikannya	pen lantik an nya
tembakan	tembak an
cuci	cuci
penerapan	pen terap an
beratnya	berat nya
beraksi	ber aksi
institusi	institusi
payung	payung
balap	balap
berdetak	ber detak
kalung	kalung
perhubungan	per hubung an
kontribusinya	kontribusi nya
independensinya	independensi nya
bermasyarakat	ber masyarakat
makannya	makan nya
manja	manja
perjamuan	per jamu an
percakapan	per cakap an
patriotik	patriotik
direnovasi	di renovasi
topik	topik
diantisipasi	di antisipasi
korelasi	korelasi
membatu	men batu
mengejar	men kejar
diingatnya	di ingat nya
kutuju	ku tuju
dinikahi	di nikah i
dibunuh	di bunuh
lingkaran	lingkar an
rincian	rinci an
gurunya	guru nya
memungkinkannya	memungkinkan nya
majelis	majelis
dicontohkan	di contoh kan
dewasanya	dewasa nya
dimusnahkan	di musnah kan
cadangan	cadang an
bolos	bolos
inisial	inisial
ekspresi	ekspresi
dimotivasi	di motivasi
tinju	tinju
instrumen	instrumen
dihitung	di hitung
sisi	sisi
menyalahgunakan	men salahguna kan
junjunganku	junjung an ku
bertahan	ber tahan
bertobat	ber tobat
hariannya	hari an nya
anjuran	anjur an
menjalar	men jalar
pikiranmu	pikir an mu
menamainya	men nama i nya
ucapan	ucap an
gemuk	gemuk
verifikasinya	verifikasi nya
tersajikan	ter saji kan
pulang	pulang
komunikasi	komunikasi
matinya	mati nya
sejarah	sejarah
memfotokopi	men fotokopi
mahabintang	mahabintang
pencari	pen cari
komedi	komedi
sahnya	sah nya
pengaruhnya	pengaruh nya
penjagaan	pen jaga an
didiagnosis	di diagnosis
subkontraknya	subkontrak nya
lunas	lunas
sanksi	sanksi
ditanggulangi	di tanggulang i
terserang	ter serang
landas	landas
mengomentari	men komentar i
kelasnya	kelas nya
dicobai	di coba i
diskualifikasi	diskualifikasi
pempublikasian	pen publikasi an
diakumulasikannya	di akumulasi kan nya
anut	anut
sayangnya	sayang nya
tunggakannya	tunggak an nya
mencurigai	men curiga i
web	web
meriah	meriah
berderit	ber derit
slogan	slogan
balita	balita
transparan	transparan
permata	permata
disusul	di susul
nasabahnya	nasabah nya
diraih	di raih
ri	ri
dihargai	di harga i
berbeban	ber beban
terikatnya	ter ikat nya
berlayar	ber layar
cahaya	cahaya
dikupas	di kupas
sebutan	sebut an
taurat	taurat
rapuhnya	rapuh nya
airnya	air nya
insinyur	insinyur
menanganinya	men tangan i nya
istana	istana
gunung	gunung
kontribusi	kontribusi
isak	isak
terbayang	ter bayang
adikku	adik ku
keandalan	ke andal an
mengkhususkan	men khusus kan
dibatalkan	di batal kan
aceh	aceh
negatifnya	negatif nya
lusinan	lusin an
ketidaklengkapan	ke tidak lengkap an
ditembuskan	di tembus kan
pesertanya	peserta nya
lindung	lindung
berperang	ber perang
nafsu	nafsu
bangunan	bangun an
merantai	men rantai
sabaran	sabar an
relevansi	relevansi
dicuci	di cuci
tiketnya	tiket nya
menyambut	men sambut
perangkat	perangkat
mengkoordinir	men koordinir
penuntun	pen tuntun
membungkus	men bungkus
seni	seni
mengganti	men ganti
bawahnya	bawah nya
memberlakukan	men ber laku kan
mengajari	men ajar i
aktivitas	aktivitas
dikorbankan	di korban kan
sosial	sosial
benarnya	benar nya
gabus	gabus
dewa	dewa
teramati	ter amati
terancam	ter ancam
penyerapan	pen serap an
biologis	biologis
serap	serap
mendatangkan	men datang kan
banyak	banyak
sertifikatnya	sertifikat nya
teridentifikasi	ter identifikasi
karakteristik	karakteristik
ketidaksuburan	ke tidak subur an
yunani	yunani
hungaria	hungaria
meredakan	men reda kan
diikutsertakan	di ikutserta kan
rancu	rancu
putranya	putra nya
ikuti	ikut i
cadang	cadang
steril	steril
mewujudkan	men wujud kan
maksudkan	maksud kan
tersisihkan	ter sisih kan
aspek	aspek
masuk	masuk
pembalasan	pen balas an
diciptakan	di cipta kan
kesehariannya	keseharian nya
menjual	men jual
terawat	ter rawat
cinta	cinta
disenangi	di senang i
berinisiatif	ber inisiatif
pengetikan	pen ketik an
tampak	tampak
kemunculan	ke muncul an
jangkau	jangkau
mengkhianati	men khianat i
pungutnya	pungut nya
kuadratnya	kuadrat nya
tersendat	tersendat
tersebut	ter sebut
perikanan	per ikan an
tabrak	tabrak
otonomi	otonomi
umur	umur
automotif	automotif
pergi	pergi
piranti	piranti
dipikirnya	di pikir nya
alternatifnya	alternatif nya
bersorak	ber sorak
teraman	ter aman
dukungan	dukung an
ketidakpekaan	ke tidak peka an
tercurah	ter curah
hadapi	hadap i
pendekatannya	pen dekat an nya
sibuknya	sibuk nya
balok	balok
mengabulkan	men kabul kan
kantong	kantong
pandangan	pandang an
pengukuran	pen ukur an
gugusan	gugus an
merogoh	men rogoh
jejak	jejak
gadis	gadis
skornya	skor nya
ujar	ujar
dijajaki	di jajak i
intensitas	intensitas
diabaikannya	di abai kan nya
bapaknya	bapak nya
menetap	men tetap
pelabuhannya	pen labuh an nya
sedetik	se detik
penuturan	pen tutur an
sangka	sangka
wilayah	wilayah
keluar	keluar
menggeluti	men gelut i
lubang	lubang
menyingkapkan	men singkap kan
akhirnya	akhir nya
berbuah	ber buah
rp	rp
diledakkan	di ledak kan
teladannya	teladan nya
penghalang	pen halang
pendistribusian	pen distribusi an
disempurnakan	di sempurna kan
melawannya	men lawan nya
terdokumentasi	ter dokumentasi
menyejukkan	men sejuk kan
pengumumannya	pen umum an nya
tangga	tangga
penalti	penalti
ketelanjangan	ke telanjang an
hemat	hemat
relasi	relasi
menyampaikannya	men sampai kan nya
bahasa	bahasa
harapkan	harap kan
dipersembahkan	di per sembah kan
limbah	limbah
aib	aib
subkontrak	subkontrak
dengarkan	dengar kan
tepung	tepung
dikecewakan	di kecewa kan
efisiensinya	efisiensi nya
rambut	rambut
memanggang	men panggang
sawahnya	sawah nya
bernegosiasi	ber negosiasi
gunting	gunting
goyah	goyah
melacak	men lacak
tes	tes
kabarkan	kabar kan
kandas	kandas
intensi	intens i
arang	arang
kompleks	kompleks
hubungannya	hubung an nya
penggunaannya	pen guna an nya
penyangga	pen sangga
dicairkan	di cair kan
dianugerahkan	di anugerah kan
menarifkan	men tarif kan
dialiri	di alir i
peniru	pen tiru
berteguh	ber teguh
keikutsertaan	ke ikutserta an
stres	stres
menyambutnya	men sambut nya
membebani	men beban i
korelasinya	korelasi nya
vulkanik	vulkanik
perekat	pen rekat
cengkeh	cengkeh
bercerai	ber cerai
tokonya	toko nya
tas	tas
mengalokasikannya	men alokasi kan nya
diperlihatkan	di per lihat kan
perjuangan	per juang an
butuhkan	butuh kan
menggembalakan	men gembala kan
titipan	titip an
memenangkan	men menang kan
ranting	ranting
penyehatan	pen sehat an
terlupakan	ter lupa kan
selisih	selisih
pelanggar	pen langgar
pembukuan	pen buku an
rekening	rekening
gantung	gantung
menimpa	men timpa
bakar	bakar
komersial	komersial
keluh	keluh
zaitun	zaitun
seruan	seru an
komandannya	komandan nya
bepergian	bepergian
tumbuhan	tumbuh an
pembantuan	pen bantu an
absolut	absolut
allah	allah
terhilang	ter hilang
menghitung	men hitung
melemahkan	men lemah kan
mengetuk	men ketuk
bersiap	ber siap
piringan	piring an
membesarkan	men besar kan
reaktor	reaktor
mengarahkan	men arah kan
pilihannya	pilih an nya
luntur	luntur
disetor	di setor
aduannya	adu an nya
tonggak	tonggak
kondusif	kondusif
terkelompok	ter kelompok
menambang	men tambang
pungut	pungut
tebang	tebang
sepele	sepele
menabung	men tabung
bermitra	ber mitra
tuntasnya	tuntas nya
diperdalam	di per dalam
jaksa	jaksa
daratannya	darat an nya
berskala	ber skala
menyerang	men serang
terampuh	ter ampuh
kamboja	kamboja
pemadam	pen madam
oktober	oktober
sukunya	suku nya
pendiam	pen diam
diusik	di usik
tumpuan	tumpu an
disapa	di sapa
terjalin	ter jalin
matematika	matematika
andalkan	andal kan
terlama	ter lama
memurnikan	men murni kan
kunjungan	kunjung an
mawarnya	mawar nya
ditoleransi	di toleransi
memprakirakan	men prakira kan
angkut	angkut
aduan	adu an
menyumbangkan	men sumbang kan
kehadiran	ke hadir an
bala	bala
merangsang	men rangsang
penyedia	pen sedia
pernikahan	per nikah an
injeksikan	injeksi kan
sisa	sisa
membasahi	men basah i
lutut	lutut
berkumandang	ber kumandang
pemisahan	pen pisah an
membebaskannya	men bebas kan nya
antarjenjang	antar jenjang
capaian	capai an
membuatku	men buat ku
menopangnya	men topang nya
mendesentralisasikannya	men desentralisasi kan nya
dahaga	dahaga
digadaikan	di gadai kan
mengajukan	men aju kan
gol	gol
laparnya	lapar nya
diparkir	di parkir
penyinaran	pen sinar an
penganut	pen anut
membajak	men bajak
dibubarkannya	di bubar kan nya
diurut	di urut
depkes	depkes
mencekik	men cekik
mengelabui	men kelabui
bakso	bakso
enumerasi	enumerasi
perempuannya	perempuan nya
dibebaskan	di bebas kan
merancang	men rancang
penyidikan	pen sidik an
dipromosikan	di promosi kan
esensi	esens i
terstruktur	ter struktur
mengucilkan	men kucil kan
september	september
bahu	bahu
pembobotan	pen bobot an
membimbing	men bimbing
pengintai	pen intai
kasus	kasus
pinjaman	pinjam an
berangsur	ber angsur
coraknya	corak nya
diwawancara	di wawancara
dimediasi	di mediasi
mengungsi	men ungsi
bertentangan	ber tentang an
parit	parit
pemeta	pen peta
membekaskan	men bekas kan
dirintis	di rintis
perkataannya	per kata an nya
bergemar	ber gemar
hewan	hewan
serunya	seru nya
sejalan	se jalan
melaporkan	men lapor kan
beragamnya	ber ragam nya
praktisnya	praktis nya
menugasi	men tugas i
menelusuri	men telusuri
menyusahkan	men susah kan
menukar	men tukar
doanya	doa nya
pemburu	pen buru
memprosesnya	men proses nya
layani	layan i
pindahan	pindah an
memedomani	men pedoman i
pertobatan	per tobat an
akuratnya	akurat nya
konvensional	konvensional
disingkirkan	di singkir kan
beternak	beternak
mempertajam	men tajam
menjauhkan	men jauh kan
huni	huni
dikendalikan	di kendali kan
melekatnya	men lekat nya
kedelai	kedelai
muluk	muluk
mimpi	mimpi
terdekat	ter dekat
melonjaknya	men lonjak nya
penargetannya	pen target an nya
penyebabnya	pen sebab nya
memperlancar	men lancar
bertanda	ber tanda
pemilihnya	pen pilih nya
klasik	klasik
remaja	remaja
jadwal	jadwal
aparatur	aparatur
pinggiran	pinggir an
skenario	skenario
dunianya	dunia nya
perjuangannya	per juang an nya
permainan	per main an
dikhususkan	di khusus kan
digantikan	di ganti kan
alam	alam
terlaksananya	ter laksana nya
berinvestasi	ber investasi
letak	letak
tolak	tolak
berkreasi	ber kreasi
pembongkaran	pen bongkar an
ditulisi	di tulis i
lebar	lebar
dinyanyikan	di nyanyi kan
diprotes	di protes
diinformasikan	di informasi kan
kontak	kontak
diterus	di terus
apik	apik
variasinya	variasi nya
mukamu	muka kamu
bertanggungjawab	ber tanggungjawab
memaafkan	men maaf kan
pengubah	pen ubah
kuatkan	kuat kan
lingkup	lingkup
puluhan	puluh an
menjatuhkan	men jatuh kan
nonreguler	non reguler
segi	segi
lawan	lawan
mencapainya	men capai nya
utusannya	utus an nya
mencetak	men cetak
pemindahan	pen pindah an
orientasi	orientasi
terlewatnya	ter lewat nya
merumuskan	men rumus kan
kedudukan	ke duduk an
sebijaksana	se bijaksana
komersialnya	komersial nya
dalih	dalih
sukarela	sukarela
memangkas	men pangkas
dikenali	di kenal i
jawabku	jawab ku
meringkaskan	men ringkas kan
menuntutnya	men tuntut nya
dibenahi	di benah i
kritis	kritis
antarinstansi	antar instansi
akibatkan	akibat kan
komentarnya	komentar nya
menyeberangi	men seberang i
dikombinasikan	di kombinasi kan
mengkomunikasikannya	men komunikasi kan nya
menulari	men tular i
penggilingan	pen giling an
penasehat	pen nasehat
dinormalkan	di normal kan
lekat	lekat
diterangkan	di terang kan
tombol	tombol
ulah	ulah
pengadaan	pen ada an
dicoba	di coba
diinginkan	di ingin kan
kehendaki	kehendak i
hambatannya	hambat an nya
diperparah	di per parah
perdesaan	per desa an
berbiaya	ber biaya
komisi	komisi
tabungannya	tabung an nya
butir	butir
penglihatan	penglihatan
perbaiki	perbaiki
populasi	populasi
ketidakakuratan	ke tidak akurat an
penampung	pen tampung
tanaman	tanam an
pahatan	pahat an
menggugah	men gugah
penunggakan	pen tunggak an
sisanya	sisa nya
kecolongan	kecolongan
membangkitkanku	men bangkit kan ku
dikepalai	di kepala i
menyiarkan	men siar kan
berharganya	ber harga nya
pelembagaan	pen lembaga an
ilustrasi	ilustrasi
kabinet	kabinet
memberikannya	men beri kan nya
sejumput	se jumput
kaleng	kaleng
menuliskan	men tulis kan
hasilkan	hasil kan
menceritakannya	men cerita kan nya
direvisi	di revisi
ketidakkonsistenan	ke tidak konsisten an
mengapung	men apung
diperintahkan	di perintah kan
berjumlah	ber jumlah
globalisasi	globalisasi
memusyawarahkannya	men musyawarah kan nya
menguraikan	men urai kan
pengantar	pen antar
pengunjuk	pen unjuk
merangkak	men rangkak
informasi	informasi
deklarasi	deklarasi
terikat	ter ikat
studinya	studi nya
pengesahan	pen sah an
direstrukturisasi	di restrukturisasi
liat	liat
diam	diam
bercampur	ber campur
berpesta	ber pesta
penari	pen tari
kumuhnya	kumuh nya
laporkan	lapor kan
getaran	getar an
khotbah	khotbah
mengagunkan	men agun kan
meratanya	men rata nya
fasilitasnya	fasilitas nya
tahunannya	tahun an nya
modalnya	modal nya
tekadnya	tekad nya
delegasi	delegasi
informan	informan
antikemiskinan	anti ke miskin an
hati	hati
pemotongan	pen potong an
kesediaan	ke sedia an
mengupas	men kupas
ditandai	di tanda i
berdialog	ber dialog
mencerna	men cerna
politis	politis
berlawanan	ber lawan an
paruhnya	paruh nya
keterlibatannya	ke terlibat an nya
mengorban	men korban
antarwilayah	antar wilayah
perusakan	pen rusak an
fotokopinya	fotokopi nya
pemusik	pen musik
sedihan	sedih an
gaya	gaya
pencairan	pen cair an
unggas	unggas
siaran	siar an
peroleh	peroleh
mengkhawatirkan	men khawatir kan
mahasiswa	mahasiswa
menyatakan	men nyata kan
menghujat	men hujat
utama	utama
dibayarkan	di bayar kan
penyimpangan	pen simpang an
mulianya	mulia nya
susulan	susul an
wadah	wadah
keguguran	ke gugur an
kutanggung	ku tanggung
penggratisan	pen gratis an
doktor	doktor
pesaingnya	pesaing nya
tumpangi	tumpang i
kuingat	ku ingat
menginvestasikan	men investasi kan
nonkayu	non kayu
konstruksi	konstruksi
dinas	dinas
memakainya	men pakai nya
diserap	di serap
kamp	kamp
meminjamnya	men pinjam nya
ditanyakan	di tanya kan
angsurannya	angsur an nya
investor	investor
mangsanya	mangsa nya
terheran	ter heran
ketidaksetujuan	ke tidak setuju an
membuatnya	men buat nya
perguliran	per gulir an
disiasati	di siasat i
menggerus	men gerus
warisnya	waris nya
sejenisnya	se jenis nya
pengintegrasian	pen integrasi an
disidang	di sidang
penetapannya	pen tetap an nya
bersabda	ber sabda
dibalik	di balik
air	air
persaudaraan	per saudara an
diputuskan	di putus kan
didenda	di denda
akar	akar
atraksi	atraksi
beruntun	beruntun
bantuannya	bantu an nya
menggoreng	men goreng
pembelian	pen beli an
beragam	ber ragam
hamba	hamba
sebisa	se bisa
promosi	promosi
konstituen	konstituen
jurnalnya	jurnal nya
terbentuk	ter bentuk
fisiknya	fisik nya
dijawab	di jawab
saudaramu	saudara mu
senilai	se nilai
menawan	men tawan
ramping	ramping
pelajar	pelajar
mitranya	mitra nya
ketidakjujuran	ke tidak jujur an
berdoa	ber doa
pengayaan	pen kaya an
sekeping	se keping
menengah	men tengah
partisipasinya	partisipasi nya
dianggap	di anggap
bangunannya	bangun an nya
tersendiri	ter sendiri
menghiasi	men hias i
dilucuti	di lucut i
taruhan	taruh an
harapan	harap an
berteknologi	ber teknologi
jajak	jajak
saus	saus
terpencil	terpencil
putri	putri
ditambahkan	di tambah kan
pergumulan	per gumul an
menakjubkannya	men takjub kan nya
tahunnya	tahun nya
kasihi	kasih i
mendapatkan	men dapat kan
pengasuhan	pen asuh an
peralatan	per alat an
makanan	makan an
alkitab	alkitab
pemutar	pen putar
pengelompokan	pen kelompok an
terbitnya	terbit nya
tanda	tanda
lapang	lapang
kuku	kuku
sejumlah	se jumlah
mengaktifkannya	men aktif kan nya
menanam	men tanam
diberlakukan	di ber laku kan
memenuhi	men penuh i
ditekuninya	di tekun i nya
diatur	di atur
selisihnya	selisih nya
jungkir	jungkir
judi	judi
seutuhnya	se utuh nya
rumahan	rumah an
pengasuh	pen asuh
penembakan	pen tembak an
programnya	program nya
perbedaannya	per beda an nya
seteguh	se teguh
perjumpaan	per jumpa an
diikuti	di ikut i
tanamannya	tanam an nya
aumannya	aum an nya
sintetis	sintetis
memperlambat	men lambat
cukai	cuka i
ingatan	ingat an
tersingkirnya	ter singkir nya
berakal	ber akal
menghiburnya	men hibur nya
minimnya	minim nya
merevisi	men revisi
dipaparkan	di papar kan
berkarier	ber karier
makan	makan
liberal	liberal
menyerahkan	men serah kan
diserahkannya	di serah kan nya
mengutarakan	men utara kan
menginterupsi	men interupsi
menganugerahkan	men anugerah kan
ambivalensi	ambivalensi
memanggilnya	men panggil nya
menerus	men terus
lamanya	lama nya
kusut	kusut
kapasitasnya	kapasitas nya
timahnya	timah nya
berkisar	ber kisar
rasuli	rasul i
merebak	men rebak
intens	intens
sekayu	se kayu
menggeser	men geser
ajar	ajar
pedesaan	pedesaan
ditampilkan	di tampil kan
bapamu	bapa mu
diminatinya	di minat i nya
kebakaran	ke bakar an
ketidakberhasilan	ke tidak berhasil an
peta	peta
parfum	parfum
dilanjutkannya	di lanjut kan nya
bir	bir
kabarnya	kabar nya
mengantisipasi	men antisipasi
sabun	sabun
kolam	kolam
jepang	jepang
campak	campak
gelandangan	gelandang an
obligasi	obligasi
karunia	karunia
mentargetkan	men target kan
perusahaan	per usaha an
butuh	butuh
melestarikan	men lestari kan
mengeram	men eram
aula	aula
berseberangan	ber seberang an
dikatakannya	di kata kan nya
pembeda	pen beda
bahtera	bahtera
pegolf	pen golf
komplek	komplek
iman	iman
penyelundupan	pen selundup an
haus	haus
memerintahkannya	men perintah kan nya
istilahnya	istilah nya
lesu	lesu
barangnya	barang nya
payah	payah
gabungan	gabung an
rendahnya	rendah nya
kakaknya	kakak nya
jual	jual
defisit	defisit
menguap	men uap
analogi	analog i
pertunangan	per tunang an
tangisan	tangis an
tuduhan	tuduh an
merahasiakan	men rahasia kan
irak	irak
ekspor	ekspor
misterius	misterius
diduga	di duga
berjubahkan	ber jubah kan
pengalih	pen alih
terpajang	ter pajang
menyangkanya	men sangka nya
mentri	mentri
menganut	men anut
berkekurangan	ber ke kurang an
diterapkannya	di terap kan nya
fragmen	fragmen
rumahmu	rumah mu
infeksi	infeksi
sederhanakan	sederhana kan
arteri	arteri
gampang	gampang
dikenang	di kenang
berakhir	ber akhir
akasia	akasia
pertolongannya	per tolong an nya
mendiskusikannya	men diskusi kan nya
menggolkan	men gol kan
terang	terang
periksa	periksa
salahnya	salah nya
tawanan	tawan an
berterima	ber terima
beredar	ber edar
jebakan	jebak an
diluputkan	di luput kan
mimpinya	mimpi nya
kawasan	kawasan
sembunyikan	sembunyi kan
menangkis	men tangkis
dijunjung	di junjung
ketidakmunculan	ke tidak muncul an
berduri	ber duri
penyiar	pen siar
didalamnya	di dalam nya
olahraganya	olahraga nya
kisahnya	kisah nya
menganan	men kanan
mengatasi	men atas i
sawah	sawah
menkeu	menkeu
penting	penting
penempelan	pen tempel an
menutupi	men tutup i
jahat	jahat
katalog	katalog
pemberdayaan	pemberdayaan
diseimbangkan	di seimbang kan
pelita	pelita
direndahkan	di rendah kan
pendidikan	pen didik an
memandangnya	men pandang nya
purba	purba
memperdalam	men dalam
singapura	singapura
menghiburku	men hibur ku
memakai	men pakai
pemberitahuan	pen beritahu an
bermutu	ber mutu
diakumulasikan	di akumulasi kan
tercemar	ter cemar
tertinggi	ter tinggi
mengutamakan	men utama kan
objek	objek
menko	menko
menindaklanjutinya	men tindaklanjut i nya
liberalisasi	liberalisasi
patung	patung
hebatnya	hebat nya
datangnya	datang nya
mengharapkan	men harap kan
akademi	akademi
persalinan	per salin an
koper	koper
angkanya	angka nya
pengunduran	pen undur an
iringan	iring an
terangkum	ter rangkum
meleleh	men leleh
rekomendasi	rekomendasi
kerinduannya	ke rindu an nya
sepesawat	se pesawat
miliknya	milik nya
dikonfirmasikan	di konfirmasi kan
seleksi	seleksi
pengulangan	pen ulang an
nonanggota	non anggota
ngerinya	ngeri nya
saing	saing
menjangkau	men jangkau
pembantu	pen bantu
sempit	sempit
memunculkan	men muncul kan
mengkoordinasikannya	men koordinasi kan nya
sinerginya	sinergi nya
mengalokasi	men alokasi
didatangkan	di datang kan
didialogkan	di dialog kan
mengelola	men kelola
mengoreksi	men koreksi
mendongkrak	men dongkrak
jatuhkan	jatuh kan
puja	puja
undi	undi
pembenaran	pen benar an
bermain	ber main
bilang	bilang
singkatan	singkat an
nyatakan	nyata kan
imam	imam
berpendidikan	ber pen didik an
dikagumi	di kagum i
menjangkiti	men jangkit i
minim	minim
menikahinya	men nikah i nya
gawangnya	gawang nya
dilantik	di lantik
umum	umum
genangan	genang an
tangki	tangki
tertampung	ter tampung
pahlawan	pahlawan
allahmu	allah mu
melegakan	men lega kan
listrik	listrik
pendanaan	pen dana an
keledai	keledai
melukiskan	men lukis kan
proyeksi	proyeksi
dilampiri	di lampir i
operasi	operasi
dipatuhi	di patuh i
pencantuman	pen cantum an
diklaim	di klaim
melihat	men lihat
mekanis	mekanis
sukar	sukar
bercahaya	ber cahaya
golongan	golong an
diolah	di olah
bantuan	bantu an
bodoh	bodoh
mensyukuri	men syukuri
terkini	terkini
budi	budi
kuotanya	kuota nya
diakuinya	di aku i nya
kunci	kunci
diserahi	di serah i
diidentifikasi	di identifikasi
variabel	variabel
stratanya	strata nya
hancur	hancur
peduli	peduli
merayakannya	men raya kan nya
menghasilkan	men hasil kan
lancar	lancar
roh	roh
penelaahan	pen telaah an
stasiun	stasiun
dipengaruhi	di pengaruh i
dikhawatirkan	di khawatir kan
gas	gas
demonstran	demonstran
serumah	se rumah
penggantiannya	pen ganti an nya
diacuhkan	di acuh kan
1950an	1950 an
kesediaannya	ke senya an nya
tertolak	ter tolak
produknya	produk nya
apresiasinya	apresiasi nya
diproses	di proses
membuka	men buka
dikembalikannya	di kembali kan nya
terjangkaunya	ter jangkau nya
melangkah	men langkah
samping	samping
digali	di gali
menyedot	men sedot
setahun	se tahun
terselubung	ter selubung
menyiratkan	men sirat kan
dibahas	di bahas
respons	respons
menantu	menantu
mengitariku	men kitar i ku
pembahasan	pen bahas an
menghadapinya	men hadap i nya
menyusu	men susu
pedih	pedih
prevalensinya	prevalensi nya
diinterogasi	di interogasi
lantai	lantai
rehabilitasinya	rehabilitasi nya
perbanyakan	per banyak an
didapatkannya	di dapat kan nya
perampok	pen rampok
semesta	semesta
membalikkan	men balik kan
ditafsirkan	di tafsir kan
dicabut	di cabut
melelehkan	men leleh kan
dilansir	di lansir
arisan	arisan
menggunakan	men guna kan
makanannya	makan an nya
anjing	anjing
dideritanya	di derita nya
bajakan	bajak an
teriak	teriak
dibentuk	di bentuk
dililiti	di lilit i
gali	gali
menghindarkan	men hindar kan
pemandu	pen pandu
mengundurkan	men undur kan
berbaris	ber baris
tanamnya	tanam nya
ditugaskan	di tugas kan
dikuatkan	di kuat kan
ambisi	ambisi
berjanji	ber janji
naungan	naung an
bergunanya	ber guna nya
menimbulkan	men timbul kan
mengajarinya	men ajar i nya
antusiasmenya	antusiasme nya
gencarnya	gencar nya
merapikan	men rapi kan
dipalsukan	di palsu kan
senior	senior
jelas	jelas
ekspansi	ekspansi
haluan	halu an
perabot	perabot
syaraf	syaraf
bulanannya	bulan an nya
fleksibilitas	fleksibilitas
sepatu	sepatu
mejanya	meja nya
romantis	romantis
usah	usah
akta	akta
membayar	men bayar
pengusiran	pen usir an
desember	desember
perusahaannya	per usaha an nya
menggelitik	men gelitik
mutakhir	mutakhir
tindakannya	tindak an nya
membunuh	men bunuh
bumi	bumi
rabu	rabu
pikul	pikul
penyiarnya	pen siar nya
diperolehnya	di peroleh nya
ukraina	ukraina
pengerasan	pen keras an
krim	krim
parahnya	parah nya
harganya	harga nya
disahkan	di sah kan
terbangun	ter bangun
tambahannya	tambah an nya
bunyinya	bunyi nya
mudah	mudah
targetnya	target nya
dikeraskan	di keras kan
tontonan	tonton an
merenungkan	men renung kan
mencalonkan	men calon kan
memerbaiki	men perbaiki
memberatkan	men berat kan
sumberdaya	sumberdaya
ketidaksuksesan	ke tidak sukses an
teralih	ter alih
penyampaian	pen sampai an
mengalir	men alir
mahkamah	mahkamah
bobrok	bobrok
diyakini	di yakin i
membakarmu	men bakar mu
digendong	di gendong
kuduskan	kudus kan
disebarkan	di sebar kan
dibangunkan	di bangun kan
ajaibnya	ajaib nya
pancuran	pancur an
kesempatan	kesempatan
terlindung	ter lindung
dibariskan	di baris kan
beraninya	berani nya
janin	janin
menghantui	men hantu i
diajukan	di aju kan
utara	utara
direpotkan	di repot kan
membicarakan	men bicara kan
hadapan	hadap an
tani	tani
mengamankan	men aman kan
imbangannya	imbang an nya
ampun	ampun
membiarnya	men biar nya
menggiatkan	men giat kan
tersita	ter sita
juni	juni
penggagasnya	pen gagas nya
terkemuka	ter kemuka
diumumkan	di umum kan
sebangsaku	se bangsa aku
bermusyawarah	ber musyawarah
berakibat	ber akibat
membiarkan	men biar kan
tempuh	tempuh
dokumen	dokumen
memenangi	men menang i
sebagus	se bagus
surat	surat
meliput	men liput
pendidikannya	pen didik an nya
pemasok	pen pasok
diancam	di ancam
percepatan	per cepat an
konsumsinya	konsumsi nya
melobi	men lobi
pengolahannya	pen olah an nya
gulung	gulung
terwakili	ter wakil i
warisannya	waris an nya
pemetaan	pen peta an
penggembalaan	pen gembala an
evakuasi	evakuasi
pemberkasan	pen berkas an
persetujuannya	per setuju an nya
anggur	anggur
rekonstruksi	rekonstruksi
pemberian	pen beri an
mencairkan	men cair kan
perintah	perintah
cukur	cukur
waktunya	waktu nya
surga	surga
diusahakannya	di usaha kan nya
mengalokasikan	men alokasi kan
kafir	kafir
dikeluarkannya	di keluar kan nya
kuota	kuota
februari	februari
insya	insya
ketidakselarasan	ke tidak selaras an
ambilkan	ambil kan
generasi	generasi
pembuatan	pen buat an
pembunuh	pen bunuh
uap	uap
ditempeli	di tempel i
pernafasan	per nafas an
kriminal	kriminal
jurang	jurang
letusannya	letus an nya
aturan	atur an
patuh	patuh
berintegritas	ber integritas
berkebangsaan	ber ke bangsa an
supervisi	supervisi
format	format
jajaran	jajar an
renangnya	renang nya
penerimaannya	pen terima an nya
peringatan	per ingat an
menaiki	men naik i
amatir	amatir
takuti	takut i
setuju	setuju
kirinya	kiri nya
penggorengan	pen goreng an
fungsi	fungsi
inefisiensi	inefisiensi
mengajarkannya	men ajar kan nya
meloloskan	men lolos kan
terperhatikan	ter perhatikan
minggu	minggu
dipimpin	di pimpin
melewatkan	men lewat kan
kubur	kubur
bisikan	bisik an
setoran	setor an
sahabatku	sahabat ku
puas	puas
ciptakan	cipta kan
dijadikan	di jadi kan
mengikut	men ikut
langit	langit
mengeluhkan	men keluh kan
efektifitas	efektifitas
melalaikan	men lalai kan
guna	guna
diundur	di undur
merapi	men rapi
pengkajian	pen kaji an
alkitabnya	alkitab nya
minat	minat
memacu	men pacu
relokasi	relokasi
tidur	tidur
membutuhkan	men butuh kan
sewaktu	se waktu
mengemukakan	men kemuka kan
tambaknya	tambak nya
mengeliminasi	men eliminasi
remajanya	remaja nya
vertikal	vertikal
sampelnya	sampel nya
diproduksi	di produksi
terealisasi	ter realisasi
sulaman	sulam an
mandiri	mandiri
semasa	se masa
absah	absah
wangi	wangi
induk	induk
menjejali	men jejal i
terbebani	ter beban i
wisatawan	wisata wan
zamannya	zaman nya
tabung	tabung
tuduh	tuduh
antarkomoditas	antar komoditas
ide	ide
hotelnya	hotel nya
membuahkan	men buah kan
kuda	kuda
dikunjunginya	di kunjung i nya
memasarkan	men pasar kan
validitas	validitas
seperangkat	se perangkat
geram	geram
tambak	tambak
nasionalnya	nasional nya
dikritik	di kritik
menjurus	men jurus
terguncangkan	ter guncang kan
pembagian	pen bagi an
ratifikasi	ratifikasi
memperjuangkan	men juang kan
paduan	padu an
digenggam	di genggam
bersimpati	ber simpati
kadar	kadar
pengering	pen kering
meluasnya	men luas nya
permulaan	per mula an
penyesalan	pen sesal an
diprioritaskan	di prioritas kan
cuacanya	cuaca nya
mengangkat	men angkat
melebihi	men lebih i
menyangkal	men sangkal
pengejaran	pen kejar an
reputasinya	reputasi nya
jubahnya	jubah nya
sah	sah
membacanya	men baca nya
ditiru	di tiru
susah	susah
beralih	ber alih
ayahmu	ayah mu
alokasinya	alokasi nya
terlewatkan	ter lewat kan
mendistorsi	men distorsi
lewat	lewat
penyiaran	pen siar an
sepupu	sepupu
digunakan	di guna kan
siang	siang
organisasi	organisasi
berasaskan	ber asas kan
mempesona	men pesona
monitor	monitor
menyingkirkan	men singkir kan
otoritasnya	otoritas nya
pembangunan	pen bangun an
menua	men tua
benua	benua
mengaksesnya	men akses nya
modifikasi	modifikasi
radius	radius
berurusan	ber urus an
kecaman	kecam an
hasratnya	hasrat nya
penjabaran	pen jabar an
dipetik	di petik
surabaya	surabaya
punggung	punggung
mewarisi	men waris i
perkampungan	per kampung an
membuatkan	men buat kan
doa	doa
gumpalan	gumpal an
rumor	rumor
mengingatnya	men ingat nya
menatap	men tatap
berbincang	ber bincang
diembannya	di emban nya
membiayainya	men biaya i nya
meregangkan	men regang kan
usulan	usul an
berderet	ber deret
gerutu	gerutu
tiang	tiang
menjengkelkan	men jengkel kan
lolos	lolos
dilupakan	di lupa kan
arti	arti
bernapas	ber napas
partisipasi	partisipasi
menyandarkan	men sandar kan
dibuktikan	di bukti kan
penggunaan	pen guna an
pertimbangan	per timbang an
resolusi	resolusi
daud	daud
azas	azas
tabrakan	tabrak an
penentuannya	pen tentu an nya
serok	se rok
berguna	ber guna
prinsip	prinsip
pertolongan	per tolong an
diatas	di atas
diasumsikan	di asumsi kan
legitimasi	legitimasi
tata	tata
berantai	ber rantai
akut	akut
suara	suara
bertujuan	ber tuju an
hadiah	hadiah
pangan	pangan
dibersihkan	di bersih kan
tersirat	ter sirat
penyerbuan	pen serbu an
pangsa	pangsa
membobol	men bobol
pemberangkatannya	pen berangkat an nya
membombardir	men bombardir
media	media
mewakilkan	men wakil kan
minatnya	minat nya
selandia	selandia
cepat	cepat
tali	tali
perpisahannya	per pisah an nya
dirjen	dirjen
setahap	se tahap
kiamat	kiamat
sepenting	se penting
pematang	pen matang
terjadinya	ter jadi nya
minumannya	minum an nya
sertifikat	sertifikat
menegosiasikan	men negosiasi kan
beraib	ber aib
dek	dek
terlihat	ter lihat
menyangga	men sangga
sekolah	sekolah
penekanannya	pen tekan an nya
menurunnya	men turun nya
pakaiannya	pakai an nya
komitmen	komitmen
diciumnya	di cium nya
diskusi	diskusi
selesainya	selesai nya
kaget	kaget
perpindahan	per pindah an
masa	masa
tersalurkan	ter salur kan
tingkah	tingkah
perencanaannya	pen rencana an nya
sumber	sumber
hayatnya	hayat nya
mengamatinya	men amati nya
menyimpang	men simpang
membutuhkannya	men butuh kan nya
neneknya	nenek nya
menyaksikannya	men saksi kan nya
entitas	entitas
pembacanya	pen baca nya
menghanguskan	men hangus kan
cakupan	cakup an
lagu	lagu
terfokus	ter fokus
kaidah	kaidah
pengemudi	pen kemudi
demokratis	demokratis
berhentinya	ber henti nya
punglinya	pungli nya
diketahui	di ketahui
rintangan	rintang an
terhambat	ter hambat
meluruskan	men lurus kan
menyembur	men sembur
penjaga	pen jaga
maksudnya	maksud nya
berupaya	ber upaya
menceritakan	men cerita kan
memperpendek	men pendek
penjajahan	pen jajah an
ketidaksetaraan	ke tidak setara an
ternak	ternak
ditaklukkan	di takluk kan
proteinnya	protein nya
lemah	lemah
berjenjang	ber jenjang
memformatnya	men format nya
berganti	ber ganti
penundukan	pen tunduk an
bea	bea
tersimpan	ter simpan
dipergunakan	di per guna kan
pangkat	pangkat
perintis	pen rintis
warung	warung
katanya	kata nya
asli	asli
kejutan	kejut an
upah	upah
rezim	rezim
persediaan	per sedia an
ia	ia
bis	bis
perkara	perkara
bedah	bedah
demam	demam
pengaduan	pen adu an
ekstrim	ekstrim
memperingatkan	men ingat kan
nyanyian	nyanyi an
guntingan	gunting an
pengembara	pen kembara
menggugat	men gugat
dikirim	di kirim
mengizinkannya	men izin kan nya
binaan	bina an
restoran	restoran
menyesuaikan	men sesuai kan
danau	danau
penggerak	pen gerak
pengupahan	pen upah an
profesionalismenya	profesionalisme nya
berkonotasi	ber konotasi
mencacah	men cacah
pemiliknya	pen milik nya
pandangnya	pandang nya
jinak	jinak
pidato	pidato
berkesusahan	ber ke susah an
pergiliran	per gilir an
alunan	alun an
memimpin	men pimpin
racun	racun
mengukur	men ukur
penyeleksian	pen seleksi an
segan	segan
standarisasi	standarisasi
dongeng	dongeng
pasifik	pasifik
heran	heran
penjadwalan	pen jadwal an
sekiranya	sekira nya
ditelaah	di telaah
diagnosis	diagnosis
menyuapkannya	men suap kan nya
menginterpretasikan	men interpretasi kan
kompensasi	kompensasi
pekan	pekan
pesawat	pesawat
rapat	rapat
angkatan	angkat an
dilatarbelakangi	di latarbelakang i
dimasukkan	di masuk kan
cincin	cincin
beranggaran	ber anggar an
bergantian	ber ganti an
memberdayakan	men ber daya kan
berobatnya	ber obat nya
dampingan	damping an
motivasi	motivasi
catatannya	catat an nya
berbatu	ber batu
kena	kena
memasuki	men masuk i
kerangka	kerangka
nonaset	non aset
berkoordinasi	ber koordinasi
dicerai	di cerai
menggantung	men gantung
disinyalir	di sinyalir
menghilangnya	men hilang nya
diteruskan	di terus kan
membebankan	men beban kan
lintas	lintas
sore	sore
mengaduk	men aduk
menunggu	men tunggu
bawah	bawah
negatif	negatif
musium	musium
berhikmat	ber hikmat
terkalahkan	terkalahkan
alias	alias
kumpul	kumpul
paman	paman
prioritas	prioritas
pejabat	pejabat
sensasi	sensasi
pengarahannya	pen arah an nya
perumpamaannya	per umpama an nya
penyembuhan	pen sembuh an
menunggunya	men tunggu nya
tatap	tatap
penanggung	pen tanggung
pemeringkatan	pen peringkat an
dirahasiakan	di rahasia kan
lihat	lihat
alot	alot
menyemangatinya	men semangat i nya
pengobatannya	pen obat an nya
asa	asa
dipunyai	di punya i
merenovasi	men renovasi
sungkan	sungkan
disurvei	di survei
menjerit	men jerit
terencana	ter rencana
jarum	jarum
isteri	isteri
penggolongan	pen golong an
dicirikan	di ciri kan
lokalnya	lokal nya
disesatkan	di sesat kan
fokus	fokus
dekan	dek an
pihak	pihak
mendokumentasi	men dokumentasi
artikelnya	artikel nya
gema	gema
perbendaharaan	per bendahara an
cetak	cetak
dilupakannya	di lupa kan nya
ditaruh	di taruh
sasarannya	sasar an nya
canada	canada
kurikulum	kurikulum
ludah	ludah
ketahui	ketahui
mengecam	men kecam
batal	batal
kiri	kiri
pemberontakan	pen berontak an
mulutku	mulut ku
ditargetkan	di target kan
disebabkan	di sebab kan
imigrasi	imigrasi
menuding	men tuding
mencetuskan	men cetus kan
mengunci	men kunci
kampanye	kampanye
subur	subur
menerangi	men terang i
penyuapan	pen suap an
renggang	renggang
berakar	ber akar
dipilihkan	di pilih kan
mendalam	men dalam
ditekan	di tekan
turbin	turbin
kawan	kawan
murid	murid
musikal	musikal
menyuarakan	men suara kan
dikabulkan	di kabul kan
terhambatnya	ter hambat nya
diterbangkan	di terbang kan
bergulir	ber gulir
metodologi	metodologi
suap	suap
sarangnya	sarang nya
cengkeraman	cengkeram an
berlangganan	ber langgan an
mantap	mantap
dibohongi	di bohong i
sektarian	sektarian
menangisinya	men tangis i nya
arah	arah
pernapasan	per napas an
menjenguk	men jenguk
musuh	musuh
menjabarkan	men jabar kan
buta	buta
sehari	se hari
pengambilannya	pen ambil an nya
dituju	di tuju
memantapkan	men mantap kan
penimbangan	pen timbang an
ribuan	ribu an
mekaniknya	mekanik nya
produksi	produksi
pelikan	pelik an
terakumulasi	ter akumulasi
termin	ter min
pikirkan	pikir kan
pengepakan	pen kepak an
setimpal	setimpal
jahe	jahe
bayarkan	bayar kan
kinerja	kinerja
ditabrak	di tabrak
gerutuan	gerutu an
berkepanjangan	ber ke panjang an
sabuk	sabuk
berulang	ber ulang
direkrut	di rekrut
korea	korea
memperdulikan	men perduli kan
tersentuh	ter sentuh
penyerahan	pen serah an
inspektur	inspektur
perkaretan	per karet an
obyek	obyek
dibuat	di buat
nopember	nopember
pekerjaanku	pekerja an ku
bbm	bbm
membanggakan	men bangga kan
jeratan	jerat an
penangkapan	pen tangkap an
dimodifikasi	di modifikasi
mendorongnya	men dorong nya
tepian	tepi an
edaran	edar an
antipesawat	anti pesawat
menerbangkan	men terbang kan
mengevaluasi	men evaluasi
mengemudi	men kemudi
seriusnya	serius nya
mutlak	mutlak
menghentikan	men henti kan
mengimunisasi	men imunisasi
puskesmas	puskesmas
terjembatani	ter jembatan i
melamar	men lamar
menyusutnya	men susut nya
kas	kas
pendaftaran	pen daftar an
penekan	pen tekan
bernegara	ber negara
antikekerasan	anti ke keras an
diberikannya	di beri kan nya
mengingkari	men ingkar i
penyederhanaan	pen sederhana an
maret	maret
disaat	di saat
mengidentifikasikan	men identifikasi kan
produk	produk
aturannya	atur an nya
laksana	laksana
leluasa	leluasa
menyetujui	men setuju i
pembukaan	pen buka an
pungutan	pungut an
garam	garam
pemulihan	pen pulih an
dilindungi	di lindung i
bimbang	bimbang
bersekutu	ber sekutu
ujungnya	ujung nya
diadukan	di adu kan
dipermasalahkan	di per masalah kan
pengusaha	pen usaha
kepergianku	ke pergi an ku
rapuh	rapuh
sekurangnya	se kurang nya
mengalihkan	men alih kan
penalarannya	pen nalar an nya
menginjeksi	men injeksi
sumatera	sumatera
mengabari	men kabar i
swalayan	swalayan
dilelang	di lelang
entrinya	entri nya
searah	se arah
menengok	men tengok
berbentuk	ber bentuk
memedulikan	men peduli kan
aliran	alir an
membohongi	men bohong i
menang	menang
penanaman	pen tanam an
sempurnanya	sempurna nya
diperdakan	di perda kan
digarisbawahi	di garisbawah i
bungsu	bungsu
penjaminnya	pen jamin nya
bentrokan	bentrok an
meminati	men minat i
gelombang	gelombang
berimbang	ber imbang
jubah	jubah
penyusunan	pen susun an
jawabannya	jawab an nya
didirikannya	di diri kan nya
ditekankan	di tekan kan
mentransformasikan	men transformasi kan
kepercayaan	ke percaya an
antarkabupaten	antar kabupaten
penitipan	pen titip an
gembalaku	gembala aku
menjanjikan	men janji kan
pertanggungjawaban	per tanggungjawab an
diterbitkannya	di terbit kan nya
diubah	di ubah
instansinya	instansi nya
pemanfaatnya	pen manfaat nya
tentu	tentu
pengungkapan	pen ungkap an
disaksikan	di saksi kan
pilihan	pilih an
beku	beku
putusan	putus an
saluran	salur an
kemunduran	ke mundur an
mencicil	men cicil
membiayai	men biaya i
pelebaran	pen lebar an
konstan	konstan
penyemprotan	pen semprot an
sertifikasi	sertifikasi
badannya	badan nya
devisa	devisa
polos	polos
jamu	jamu
neraka	neraka
didistribusikan	di distribusi kan
substansinya	substansi nya
pengajuannya	pen aju an nya
congkak	congkak
angsa	angsa
jadinya	jadi nya
mengoleksi	men koleksi
melimpahkan	men limpah kan
ujarnya	ujar nya
protokol	protokol
memonopoli	men monopoli
persamaan	per sama an
bersejarah	ber sejarah
rotasi	rotasi
sistemnya	sistem nya
terluka	ter luka
lumpuh	lumpuh
diuruskan	di urus kan
prajurit	prajurit
kanwil	kanwil
upayanya	upaya nya
mengurangkan	men kurang kan
voltase	voltase
dipastikan	di pasti kan
petunjuk	petunjuk
disetujuinya	di setuju i nya
perpaduan	per padu an
mamalia	mamalia
singkat	singkat
mendaftarkan	men daftar kan
dipasang	di pasang
pembayaran	pen bayar an
