erfüllungsgehilfin	erfüllungsgehilfe in
dienstunfähigkeit	dienstunfähig keit
wirtschaftlich	wirtschaften lich
risikopatientin	risikopatient in
bürgersöhnchen	bürgersohn chen
atomphysikerin	atomphysik er in
wiesenburger	wiesenburg er
schwankung	schwanken ung
wirkungsgeschichtlich	wirkungsgeschichte lich
sonderbar	sondern bar
überflutung	über flut ung
pferdepflegerin	pferdepfleger in
abrundung	abrunden ung
glaslos	glas los
großbetrieblich	großbetrieb lich
blinker	blinken er
differenzierung	differenz ier ung
kartoffelbauer	kartoffelbau er
verpressung	verpressen ung
wochentäglich	wochentag lich
frühherbstlich	frühherbst lich
ansehung	ansehen ung
materialwissenschaftlich	materialwissenschaft lich
schimmelig	schimmel ig
rachedurstig	rachedurst ig
volkskammerpräsidentin	volkskammerpräsident in
schuldlos	schuld los
ekelig	ekel ig
rücksichtslos	rücksicht los
bauplanungsrechtlich	bauplanungsrecht lich
lochung	lochen ung
bühnenbauer	bühnenbau er
grundgesetzlich	grundgesetz lich
computerunternehmer	computerunternehmen er
verätzung	verätzen ung
einengung	einengen ung
reiniger	rein e ig er
kaputtmacher	kaputtmachen er
ritter	ritt er
vortrefflichkeit	vor trefflich keit
mitwirkung	mitwirken ung
gutwilligkeit	gutwillig keit
unstetigkeit	un stet e ig keit
tiergärtner	tiergarten er
ausländerfeindlich	ausländerfeind lich
lachszüchter	lachszucht er
hochachtung	hochachten ung
ökologischer	ökologischen er
beweiskräftig	beweiskraft ig
vollstreckerin	vollstrecken er in
anfänglich	anfang lich
räumlichkeit	räumen lich keit
unternehmungslustig	unternehmungslust ig
fraglich	fragen lich
banditin	bandit in
mercedesfahrerin	mercedesfahrer in
paraphrasierung	paraphrase ier ung
wünschbar	wünschen bar
nachweisbar	nachweisen bar
fernsehmoderatorin	fernsehmoderator in
berufskundlich	berufskunde lich
rädchen	rad chen
kreisläuferin	kreislauf er in
bootfahrer	bootfahren er
kletterer	klettern er
nächtlich	nacht lich
literaturagentin	literaturagent in
geringfügigkeit	geringfügig keit
politikerin	politik er in
entgiftung	entgiften ung
abschnürung	abschnüren ung
flugfähigkeit	flugfähig keit
unterzeichnerin	unterzeichnen er in
höhlung	höhlen ung
chaotin	chaot in
ablieferung	abliefern ung
goldberger	goldberg er
kopfarbeiter	kopfarbeit er
anwohnerin	anwohner in
rührseligkeit	rührselig keit
selbstgefällig	selbstgefallen ig
listig	list ig
aufmunterung	aufmuntern ung
ortenberger	ortenberg er
zurichtung	zurichten ung
flaumig	flaum ig
ergänzung	ergänzen ung
nationalheldin	nationalheld in
preisdrücker	preisdruck er
exzentriker	exzentrik er
symptomlos	symptom los
eisverkäuferin	eisverkauf er in
wiedereinführung	wiedereinführen ung
hausgärtner	hausgarten er
rechtsmediziner	rechtsmedizin er
minchen	min chen
unübersehbar	un übersehen bar
wertbeständigkeit	wertbeständig keit
zehrung	zehren ung
seminarleiterin	seminarleiter in
rettungsschwimmer	rettungsschwimmen er
heilpädagogin	heilpädagoge in
schnüfflerin	schnüffeln er in
gröblich	grob e lich
modemacherin	modemacher in
darmstädterin	darmstadt er in
arbeitsvertraglich	arbeitsvertrag lich
dauerredner	dauerreden er
intendantin	intendant in
beiträger	beitragen er
jugendschützer	jugendschutz er
mathematikerin	mathematik er in
heilerziehungspflegerin	heilerziehungspflege er in
wissenschaftsministerin	wissenschaftsminister in
steinberger	steinberg er
lebensreformer	lebensreform er
vereinslos	verein los
hofheimerin	hofheim er in
einleiter	einleiten er
rauchlos	rauchen los
eliteschüler	eliteschule er
folgerung	folgern ung
rollkunstläufer	rollkunstlaufen er
mitgestalter	mitgestalten er
hauptkommissarin	hauptkommissar in
überstilisierung	überstilisieren ung
kanzlerin	kanzler in
silbermedaillengewinnerin	silbermedaillengewinner in
schmalzig	schmalzen ig
schwitzig	schwitzen ig
kritikfähigkeit	kritikfähig keit
überformung	über form ung
stellenlos	stellen e los
augustin	auguste in
äußerlichkeit	äußern lich keit
fechter	fechten er
protestlerin	protest ler in
überraschungssiegerin	überraschungssieg er in
fiatfahrerin	fiatfahrer in
rechtswissenschaftlerin	rechtswissenschaft ler in
superstürmer	supersturm er
chorsängerin	chorsänger in
wouter	wout er
bergsteigerin	bergsteigen er in
überbetrieblich	über betrieb lich
programmkoordinatorin	programmkoordinator in
rosenheimer	rosenheim er
alleinunterhalterin	alleinunterhalter in
zuführung	zuführen ung
strahlenmediziner	strahlenmedizin er
teilzeitig	teilzeit ig
flockig	flocken ig
rollkunstläuferin	rollkunstlaufen er in
siegener	siegen er
tierheilpraktikerin	tierheilpraktiker in
biophysiker	biophysik er
stromverbraucher	stromverbrauch er
freiwilligkeit	freiwillig keit
gaswäscher	gaswäsche er
radler	radeln er
solotänzerin	solotanz er in
ingenieurstudentin	ingenieurstudent in
regenburger	regenburg er
geisteswissenschaftlerin	geisteswissenschaft ler in
pilzförmig	pilzform ig
finanzierung	finanz ier ung
anbetung	anbeten ung
speisung	speisen ung
ordensgründerin	ordensgründer in
homburgerin	homburg er in
nonkonformistin	nonkonformist in
wandlungsfähigkeit	wandlungsfähig keit
unterweisung	unterweisen ung
malaiin	malaie in
wachhäuschen	wachhaus chen
filmhochschüler	filmhochschule er
belagerung	belagern ung
ausnutzung	ausnutzen ung
fremdenführerin	fremdenführer in
eßbarkeit	eßbar keit
mannschaftskollegin	mannschaftskollege in
halböffentlichkeit	halböffentlich keit
elektrifizierung	elektrifizieren ung
kunstwissenschaftlich	kunstwissenschaft lich
gemeinsamkeit	gemeinsam keit
kutschenfahrer	kutschenfahren er
wahrhaftigkeit	wahrhafte ig keit
wasserrechtlich	wasserrecht lich
päpstlich	papst lich
beiruter	beirut er
grundstückskäufer	grundstückskauf er
hauptverbrecher	hauptverbrechen er
umzäunung	umzäunen ung
nachbarstädtchen	nachbarstadt chen
schreier	schreien er
staffelung	staffeln ung
tschechin	tscheche in
holzhauser	holzhausen er
wiedererkennbarkeit	wiedererkennen bar keit
aussprechbar	aussprechen bar
beibringung	beibringen ung
fotografin	fotograf in
teheraner	teheran er
privatspender	privatspende er
pittsburgher	pittsburgh er
umweltfeindlich	umweltfeind lich
einsatzfähigkeit	einsatzfähig keit
gemächlich	gemach lich
engstirnigkeit	engstirnig keit
nachprüfung	nachprüfen ung
sportredakteurin	sportredakteur in
fortschrittsfeindlichkeit	fortschrittsfeindlich keit
utrechter	utrecht er
surrealistin	surreal ist in
antwortlos	antwort los
schweineleber	schweineleben er
exhibitionistin	exhibition ist in
verweiblichen	ver weib lich
verführung	verführen ung
tamilin	tamile in
fälschlich	falsch lich
wirkung	wirken ung
großspurigkeit	großspurig keit
kunstkäufer	kunstkauf er
aufbietung	aufbieten ung
ermangelung	ermangeln ung
ritterlich	ritt er lich
rinderzüchter	rinderzucht er
wörther	wörth er
unternehmenssprecherin	unternehmenssprecher in
vikarin	vikar in
konservierung	konserve ier ung
traulichkeit	trauen lich keit
wasserwirtschaftlich	wasserwirtschaft lich
michelin	michele in
kassandrarufer	kassandraruf er
vollbeschäftigung	vollbeschäftigen ung
sexualpädagogin	sexualpädagoge in
abdichtung	abdichten ung
straflos	strafen los
ackerbauer	ackerbau er
kommissionssprecherin	kommissionssprecher in
leserbriefschreiberin	leserbriefschreiber in
hauptabteilungsleiterin	hauptabteilungsleiter in
verwarnung	verwarnen ung
auffindung	auffinden ung
klavierbauer	klavierbau er
unbenutzbar	un benutzen bar
volksheldin	volksheld in
schuftig	schuft ig
reaktionslos	reaktion los
osnabrückerin	osnabrück er in
fahrerlos	fahren er los
neuwähler	neuwahl er
biertrinkerin	biertrinken er in
geschäftstüchtigkeit	geschäftstüchtig keit
spendenfreudig	spendenfreude ig
zulässig	zulassen ig
quittierung	quitt ier ung
heilsversprecher	heilsversprechen er
theaterdirektorin	theaterdirektor in
freiheitskämpfer	freiheitskampf er
dieter	dieten er
mülheimer	mülheim er
kärntener	kärnten er
gefährtin	gefährte in
teufelin	teufel in
erneuerungsfähigkeit	erneuerungsfähig keit
staubig	stauben ig
volleyballspieler	volleyballspielen er
erläuterung	erläutern ung
einsatzleiterin	einsatzleiter in
monarchistin	monarch isch ist in
massierung	massieren ung
unüberschreitbar	un überschreiten bar
kulturpolitiker	kulturpolitik er
hobbygärtnerin	hobbygärtner in
lohnarbeiter	lohnarbeit er
inhaberin	inhaber in
irrwitzig	irrwitz ig
nichtkenner	nichtkennen er
arzthelferin	arzthelfer in
feststellung	feststellen ung
breiig	brei ig
dressurreiterin	dressurreiten er in
sozialwissenschaftlich	sozialwissenschaft lich
moder	mod er
bezieher	beziehen er
briefträgerin	briefträger in
kalifornier	kalifornien er
üblichkeit	üblich keit
zumutung	zumuten ung
niederträchtig	niedertracht ig
krabbenbrötchen	krabbenbrot chen
zeitarbeiter	zeitarbeit er
dampfer	dampfen er
gleichgeschlechtlicher	gleichgeschlechtlich e n er
beschuldigen	be schuld ig
kitzler	kitzeln er
weißbärtig	weißbart ig
johannstädter	johannstadt er
lokalisierung	lokal isier ung
stromlinienförmig	stromlinienform ig
auskleidung	auskleiden ung
meuchelmörder	meuchelmord er
fahnenschwinger	fahnenschwingen er
schwedin	schwede in
mathematiklehrerin	mathematiklehrer in
entseuchung	entseuchen ung
überholung	überholen ung
apotheker	apotheke er
helfensteiner	helfenstein er
industriemechanikerin	industriemechaniker in
brieflich	brief lich
alpträumer	alptraum er
ausweitung	ausweiten ung
medienpolitiker	medienpolitik er
kunstflieger	kunstfliegen er
aufsässigkeit	aufsässig keit
vorbehaltlich	vorbehalten lich
verschreibungspflichtig	verschreibungspflicht ig
erzeugerin	erzeugen er in
macher	machen er
unabsehbar	un absehen bar
vieldeutigkeit	vieldeutig keit
besitzer	besitzen er
schmähung	schmähen ung
pflanzlich	pflanzen lich
chemiestudentin	chemiestudent in
antragstellerin	antragstelle er in
jazzmusikerin	jazzmusik er in
regensburger	regensburg er
beschäftigungswirksamkeit	beschäftigungswirksam keit
rahmenlos	rahm los
harzburger	harzburg er
sortierer	sortieren er
zeitgeistlich	zeitgeist lich
sitzungspräsidentin	sitzungspräsident in
schauspielschüler	schauspielschule er
bildlich	bild lich
vorarbeiter	vorarbeiten er
auffüllung	auffüllen ung
liebhaberin	liebhaben in
kinogänger	kinogang er
alteigentümerin	alteigentum er in
posthalterin	posthalter in
ervin	erve in
diesseitigkeit	diesseitig keit
zugezogener	zugezogene n er
klassensprecherin	klassensprecher in
unparteilichkeit	un partei lich keit
pilzsucher	pilzsuche er
erdung	erden ung
bildungsministerin	bildungsminister in
seeburger	seeburg er
jetziger	jetzig e n er
streicherin	streichen er in
pantomimin	pantomime in
einzelrichterin	einzelrichter in
gebrechlichkeit	gebrech lich keit
verinnerlichen	ver inner e lich
kracher	krachen er
garnierung	garn ier ung
kavaliershäuschen	kavaliershaus chen
verbürgerlichen	ver bürgen lich
verzeichnung	verzeichnen ung
schlitzäugig	schlitzauge ig
ofenbauer	ofenbau er
obdachlos	obdach los
römerzeitlich	römerzeit lich
sexualreformer	sexualreform er
gitarrenschüler	gitarrenschule er
messechefin	messechef in
naturkundlich	naturkunde lich
sortierung	sortieren ung
gegenseitigkeit	gegenseite ig keit
truppentransporter	truppentransport er
harfenspieler	harfenspiel er
tatzeugin	tatzeuge in
tokioer	tokio er
abiturientin	abiturient in
vorehelich	vor ehe lich
gastarbeiterin	gastarbeit er in
ungeheuerlich	ungeheuer lich
umweltfreundlich	umweltfreund lich
kaninchenzüchter	kaninchenzucht er
aushilfsarbeiter	aushilfsarbeit er
regierungsunfähigkeit	regierungsunfähig keit
beantworter	be antwort er
lübecker	lübeck er
umstrukturierung	umstrukturieren ung
züchtung	züchten ung
bedachung	bedachen ung
tabakanbauer	tabakanbau er
unbeirrbarkeit	unbeirrbar keit
auffälligkeit	auffällig keit
jungunternehmerin	jungunternehmen er in
meisterschülerin	meisterschule er in
lästerlich	laster lich
jugendseelsorger	jugendseelsorge er
spitzenpolitiker	spitzenpolitik er
verteidigung	verteidigen ung
gespielin	spielen sfx in
einsenderin	einsenden in
intensivierung	intension iv e ier ung
grenzschützer	grenzschutz er
eigentumsrechtlich	eigentumsrecht lich
doppelpartnerin	doppelpartner in
verkehrsministerin	verkehrsminister in
greifbar	greifen bar
lichtenberger	lichtenberg er
verweichlichung	ver weich lich ung
indonesier	indonesien er
kraftwerker	kraftwerk er
dösig	dösen ig
scheibchen	scheibe chen
hochschulreformer	hochschulreform er
sportlich	sport lich
abflußlos	abfluß los
benutzung	benutzen ung
verständnisinnigkeit	verständnisinnig keit
umfangreicher	umfangreiche er
enkelin	enkel in
geheimhaltungsbedürftigkeit	geheimhaltungsbedürftig keit
universitätspräsidentin	universitätspräsident in
kauffreudigkeit	kauffreude ig keit
polizeigewerkschafter	polizeigewerkschaft er
dreispringerin	dreispringer in
sänger	sang er
ersteigung	ersteigen ung
kirchlichkeit	kirche lich keit
lyriker	lyrik er
bestätigung	bestätigen ung
theaterchefin	theaterchef in
redenschreiberin	redenschreiber in
bergrechtlich	bergrecht lich
degenerierung	degenerieren ung
verflüchtigen	ver flüchten ig
tragiker	tragik er
heßlein	heß lein
überwachung	überwachen ung
unterschreitung	unterschreiten ung
rosenberger	rosenberg er
irrtümlich	irrtum lich
naturverträglichkeit	naturverträglich keit
ausrottung	ausrotten ung
zweimalig	zweimal ig
mönchengladbacher	mönchengladbach er
verrohung	ver roh ung
volkswirtin	volkswirt in
vielschreiberin	vielschreiber in
bankdrücker	bankdruck er
kugelförmig	kugelform ig
landesstatistiker	landesstatistik er
kleinlichkeit	klein lich keit
favoritin	favorit in
unaufmerksamkeit	un aufmerksam keit
fünfkämpferin	fünfkampf er in
niederhaltung	niederhalten ung
ringkämpfer	ringkampf er
verbeugung	verbeugen ung
schwerfällig	schwerfallen ig
firmierung	firm e ier ung
mandatslos	mandat los
erziehungsministerin	erziehungsminister in
tabuierung	tabu ier ung
kulturarbeiter	kulturarbeit er
pekinger	peking er
unzuverlässigkeit	unzuverlässig keit
torwärter	torwart er
fahrlässigkeit	fahrlässig keit
zuckerrübenanbauer	zuckerrübenanbau er
sammlerin	sammler in
bibelforscherin	bibelforscher in
altensteiger	altensteig er
häutchen	haute chen
weltmeisterin	weltmeister in
wiederentdeckung	wiederentdecken ung
ministerin	minister in
schulgeschichtlich	schulgeschichte lich
slowakin	slowake in
freier	frei e er
wilmersdorfer	wilmersdorf er
goldschmiedemeisterin	goldschmiedemeister in
klassenfeindlich	klassenfeind lich
kneipenbesucher	kneipenbesuch er
gesetzwidrigkeit	gesetzwidrig keit
marburgerin	marburg er in
vorwärtsbewegung	vorwärtsbewegen ung
nachempfindbar	nachempfinden bar
medaillengewinnerin	medaillengewinn er in
unkündbarkeit	un kündbar keit
zügellos	zügel los
zwischengesellschaftlich	zwischengesellschaft lich
umarmung	umarmen ung
ehegattin	ehegatte in
beraubung	be raub ung
fahnenflüchtig	fahnenflucht ig
benützer	benutzen er
sechsmalig	sechsmal ig
metzgerin	metzger in
nachwuchsathletin	nachwuchsathlet in
rauschenberger	rauschenberg er
holker	holke er
rückdatierung	rückdatieren ung
offenbarung	offenbaren ung
essener	essen er
wassertreter	wassertreten er
algerier	algerien er
klassiker	klassik er
premierministerin	premierminister in
türkin	türke in
krüger	krug er
tatsächlichkeit	tatsächlich keit
interessenvertreterin	interessenvertreter in
schattenkönigin	schattenkönig in
bukarester	bukarest er
damenschneiderin	damenschneider in
zwischengeschlechtlich	zwischen geschlecht lich
spitzenverdienerin	spitzenverdiener in
armin	arm e in
amerikanerin	amerika aner in
ehrlichkeit	ehrlich keit
tagesbesucher	tagesbesuch er
langlebigkeit	langlebig keit
wolfsburger	wolfsburg er
wissenschaftlichkeit	wissenschaft lich keit
typisierung	type isch isier ung
überspannung	überspannen ung
begrifflichkeit	begriff lich keit
landesjustizministerin	landesjustizminister in
werbeleiterin	werbeleiter in
üppigkeit	üppig keit
fortpflanzung	fortpflanzen ung
überweisung	über weise ung
erklärungslos	erklären ung los
überschlägig	überschlagen ig
adreßbüchlein	adreßbuch lein
kostengünstiger	kostengünstige er
hechtfischer	hechtfischen er
arbeitsgesellschaftlich	arbeitsgesellschaft lich
islamwissenschaftlerin	islamwissenschaft ler in
bausenatorin	bausenator in
anfeuerung	anfeuern ung
schraffierung	schraffieren ung
ausräubern	aus rauben er
zeichnung	zeichnen ung
färbung	färben ung
meinungslos	meinen ung los
selbstähnlichkeit	selbstähnlich keit
sachpolitiker	sachpolitik er
schuldrechtlich	schuldrecht lich
gemeinschaftlich	gemeinschaft lich
muttersprachlich	muttersprache lich
zweitausender	zweitausend er
führungslos	führung los
ausrichterin	ausrichten er in
verfassungsrichterin	verfassungsrichter in
geiseltaler	geiseltal er
autofahrerin	autofahren er in
löckchen	locke chen
jogger	joggen er
korndörfer	korndorf er
regionalligaspielerin	regionalligaspiel er in
tontechnikerin	tontechnik er in
zieher	ziehen er
lebenslänglich	lebenslang e lich
zwingenberger	zwingenberg er
nutzer	nutzen er
beleger	belegen er
verlautbarung	verlautbaren ung
merklich	merken lich
verabreichung	verabreichen ung
verbrühung	ver brühen ung
verrenkung	ver renke ung
straßenkreuzer	straßenkreuz er
nager	nagen er
tabakraucher	tabakrauchen er
glückseligkeit	glückselig keit
blutdruckmesser	blutdruckmessen er
gastregisseurin	gastregisseur in
hektiker	hektik er
wasserkocher	wasserkochen er
konferenzteilnehmerin	konferenzteilnehmer in
theaterautorin	theaterautor in
kassenprüferin	kassenprüfer in
literaturkritikerin	literaturkritik er in
christoper	christop er
quäler	quälen er
verlierer	verlieren er
sittenwidrigkeit	sittenwidrig keit
mundartlich	mundart lich
rastplätzchen	rastplatz chen
gitarrenspieler	gitarrenspiel er
sachlich	sache lich
lebenswichtigkeit	lebenswichtig keit
widerspruchsführerin	widerspruchsführer in
gleichstellung	gleichstellen ung
zigeunerin	zigeuner in
überlieferung	überliefern ung
regenwaldschützer	regenwaldschutz er
vordenker	vordenken er
antragsstellerin	antragsstelle er in
kennzeichnung	kennzeichnen ung
vermummung	ver mumm ung
erblindung	er blind ung
sportpolitikerin	sportpolitik er in
turnierspieler	turnierspiel er
arbeitsamtsdirektorin	arbeitsamtsdirektor in
schlampig	schlampen ig
waldecker	waldecke er
rentierzüchter	rentierzucht er
staatskommissarin	staatskommissar in
materialistin	materiale ist in
köstlichkeit	kost lich keit
interessenlos	interesse los
kundenbetreuerin	kundenbetreuer in
verwalterin	verwalten er in
plauderer	plaudern er
umschaltung	umschalten ung
fraktionssprecherin	fraktionssprecher in
faßlich	faß lich
ungebärdigkeit	ungebärdig keit
diener	dienen er
lauenburger	lauenburg er
entblößer	ent bloß e er
begehung	begehen ung
sicherung	sichern ung
selbstverantwortlichkeit	selbstverantwortlich keit
angstmacher	angstmachen er
login	log in
kampflos	kampf los
rechtswirksamkeit	rechtswirksam keit
astrophysiker	astrophysik er
hilfsbedürftigkeit	hilfsbedürftig keit
geringschätzung	geringschätzen ung
sonntagsspaziergänger	sonntagsspaziergang er
mütterlich	mutter lich
europakritiker	europakritik er
seligenstädter	seligenstadt er
missionierung	mission ier ung
protzig	protz ig
witzlos	witz los
personalrechtlich	personalrecht lich
südoldenburger	südoldenburg er
befähigung	befähigen ung
waldläufer	waldlauf er
dankbarkeit	danken bar keit
gesamtkirchlich	gesamtkirche lich
finalsieger	finalsieg er
schwärmer	schwärmen er
wiesbadenerin	wiesbaden er in
riecher	riechen er
pyramidenförmig	pyramidenform ig
testpilotin	testpilot in
leserlich	lese er lich
berufsschülerin	berufsschule er in
unterdrücker	unterdrücken er
echterdinger	echterdingen er
ballettänzerin	ballettänzer in
schornsteinfegerin	schornsteinfegen er in
demokratieverträglichkeit	demokratieverträglich keit
namibier	namibia er
waldhauser	waldhausen er
farbenfreudig	farbenfreude ig
sicherstellung	sicherstellen ung
weiterförderung	weiterfördern ung
rappelig	rappel ig
biertrinker	biertrinken er
hamburger	hamburg er
entkriminalisierung	entkriminalisieren ung
unterlassung	unterlassen ung
schwerbehinderung	schwerbehindern ung
splittern	splitt er
sehnsüchtig	sehnsucht ig
schwefelig	schwefel ig
berghöfer	berghof er
versetzung	versetzen ung
regionalisierung	regionale isier ung
aberkennung	aberkennen ung
beleidiger	beleidigen er
bezirksamtsleiterin	bezirksamtsleiter in
pressereferentin	pressereferent in
ratlos	rate los
übertragung	übertragen ung
schwinger	schwingen er
lebensfeindlich	lebensfeind lich
rottweiler	rottweil er
fanatikerin	fanatiker in
völkermörder	völkermorden er
veterinärmediziner	veterinärmedizin er
ernährungsmediziner	ernährungsmedizin er
abdankung	abdanken ung
sportlerin	sport ler in
vorweihnachtlich	vor weihnachten lich
weißrussin	weißrusse in
zweitgutachter	zweitgutachten er
detailfreudigkeit	detailfreude ig keit
wertlos	wert los
politikwissenschaftlerin	politikwissenschaft ler in
seuchenrechtlich	seuchenrecht lich
zagreber	zagreb er
bremerin	bremen er in
vorladung	vorladen ung
würzig	würzen ig
bauingenieurin	bauingenieur in
rotbärtig	rotbart ig
subventionierung	subvention ier ung
generalkoordinatorin	generalkoordinator in
wettbewerbsgewinner	wettbewerbsgewinn er
gegenkandidatin	gegenkandidat in
börsenmaklerin	börsenmakler in
mägdlein	magd lein
vermischung	vermischen ung
kirchenrechtlich	kirchenrecht lich
glasig	glas ig
robber	robbe er
ordentlichkeit	ordentlich keit
schriftstellerkollegin	schriftstellerkollege in
genehmigung	genehmigen ung
reformerin	reform er in
bochumerin	bochum er in
löwenberger	löwenberg er
frühstücksbrötchen	frühstücksbrot chen
stimmlos	stimme los
joggerin	joggen er in
beweisfähigkeit	beweisfähig keit
verdiener	verdienen er
geschäftsfähigkeit	geschäftsfähig keit
alkoholisierung	alkohol isch isier ung
tourismusministerin	tourismusminister in
chefbuchhalterin	chefbuchhalter in
verfasserin	verfassen in
waghalsigkeit	waghalsig keit
tranig	tran ig
maierhöfer	maierhof er
geistig	geist ig
ritterlichkeit	ritt er lich keit
kunsthistorikerin	kunsthistoriker in
profilierungssüchtig	profilierungssucht ig
knochig	knochen ig
umsatzsteuerpflichtig	umsatzsteuerpflicht ig
klassenlos	klass los
bozener	bozen er
hünfelder	hünfeld er
unschicklich	un schick e lich
teilhaberin	teilhaben in
leistungsfähigkeit	leistungsfähig keit
ensemblespieler	ensemblespiel er
herabwürdigung	herabwürdigen ung
beeinflußbarkeit	beeinflußbar keit
urgemütlich	ur gemüt lich
aktivistin	akt iv ist in
räuchermännchen	räuchermann chen
gerichtsreporterin	gerichtsreport er in
langweiligkeit	langweilen ig keit
verödung	veröden ung
urgewaltig	urgewalt ig
streitsüchtig	streitsucht ig
fischerstädtchen	fischerstadt chen
benennung	benennen ung
schicklich	schick e lich
turner	turnen er
beleuchtung	beleuchten ung
zweifarbigkeit	zweifarbig keit
salbung	salben ung
unterdrückerin	unterdrücken er in
schweinsäuglein	schweinsaugen lein
dozentin	dozent in
reformfreundlich	reformfreund lich
opferwilligkeit	opferwillig keit
sindelfingerin	sindelfingen er in
töchterchen	tochter chen
wiener	wien er
dramatiker	dramatik er
spaziergängerin	spaziergang er in
beter	beten er
kindergärtnerin	kindergarten er in
bethlehemer	bethlehem er
werbeblättchen	werbeblatt chen
header	head er
sachverständig	sachverstand ig
immobilienunternehmer	immobilienunternehmen er
kontrolleurin	kontrolleur in
blocker	block er
turnerin	turnen er in
planierung	planie ier ung
aktivurlauber	aktivurlaub er
verfechterin	verfechten in
schweinchen	schwein chen
distanzlos	distanz los
abbuchung	abbuchen ung
tanzmusiker	tanzmusik er
ablichtung	ablichten ung
ladenbesitzerin	ladenbesitzer in
sprachkritiker	sprachkritik er
versendung	versenden ung
nordbadener	nordbaden er
schwächlich	schwach e lich
sehnig	sehnen ig
erstickung	ersticken ung
wolkenlos	wolke los
ordnungswidrigkeit	ordnungswidrig keit
einigkeit	eine ig keit
spangenberger	spangenberg er
häuslichkeit	häuslich keit
heilerziehungspfleger	heilerziehungspflege er
friedlich	frieden lich
machtteilhaber	machtteilhabe er
ruhigstellung	ruhigstellen ung
erbitterung	er bitter ung
häßlich	haß lich
hintergründig	hintergrund ig
familienrichterin	familienrichter in
denkmalpfleger	denkmalpflege er
flügelspieler	flügelspiel er
elektriker	elektrik er
ankurbelung	ankurbeln ung
hollander	holland er
zerteilung	zer teilen ung
punker	punk er
beendigung	beendigen ung
alltagsweltlich	alltagswelt lich
freizeitsportlich	freizeitsport lich
vorbehaltlos	vorbehalt los
rennläufer	rennlauf er
ladendiebin	ladendieb in
bedingung	bedingen ung
vaterlandsverräter	vaterlandsverrat er
überhöhung	überhöhen ung
barbesucher	barbesuch er
verteidigungsfähigkeit	verteidigungsfähig keit
strafrechtsreformer	strafrechtsreform er
ignorantin	ignorant in
propagierung	propagieren ung
opferung	opfern ung
kurpfuscherin	kurpfuscher in
bühler	buhl er
beschlagnahmung	beschlagnahmen ung
sozialisierung	sozial isier ung
lokführerin	lokführer in
regimekritiker	regimekritik er
veräußerlichen	ver äußern lich
iserlohner	iserlohn er
meuchler	meucheln er
tischnachbarin	tischnachbar in
goldwäscher	goldwaschen er
altmeisterlich	altmeister lich
seestädter	seestadt er
nachinszenierung	nachinszenieren ung
autolos	auto los
folger	folgen e er
weigerung	weigern ung
dauerhafter	dauerhaften er
kirchenmusiker	kirchenmusik er
bestechlichkeit	bestechen lich keit
gartenarbeiter	gartenarbeit er
studienanfängerin	studienanfang er in
verkehrsplanerin	verkehrsplan er in
werklich	werk lich
schülersprecherin	schülersprecher in
forscherin	forschen er in
fusionierung	fusion ier ung
kammersängerin	kammersänger in
bundeskanzlerin	bundeskanzler in
plattenkäufer	plattenkauf er
baseballspieler	baseballspiel er
verschwörung	verschwören ung
kraftlos	kraft los
bestrahlung	be strahl ung
hilfsarbeiterin	hilfsarbeit er in
freiburger	freiburg er
gesinnungsethiker	gesinnungsethik er
gefräßigkeit	gefräßig keit
mittelamerikanerin	mittelamerika aner in
preisrichterin	preisrichter in
ressortchefin	ressortchef in
fernsehmacher	fernsehmachen er
bombenbauer	bombenbauen er
bootsverleiher	bootsverleih er
sterilisierung	steril e isier ung
blumenzüchter	blumenzucht er
verfilmung	ver film ung
erdrosselung	erdrosseln ung
diebin	dieb in
lindenbäumchen	lindenbaum chen
donnerstäglich	donnerstag lich
rechtlich	recht lich
lautsprachlich	lautsprache lich
nuklearmediziner	nuklearmedizin er
seelentrösterin	seelentrost er in
bissigkeit	bissen ig keit
entstörung	entstören ung
dessauer	dessau er
industriearbeiter	industriearbeit er
pfungstädter	pfungstadt er
einlassung	einlassen ung
verbrennung	verbrennen ung
verkehrswissenschaftlich	verkehrswissenschaft lich
friedenswillig	friedenswille ig
umgänglich	umgang lich
router	route er
gebieterin	gebieten er in
blutung	bluten ung
kranichsteiner	kranichstein er
aktionsfähigkeit	aktionsfähig keit
anschaulich	anschauen lich
neubauer	neubauen er
herzförmig	herzform ig
schonung	schonen ung
baugewerblich	baugewerbe lich
gleisarbeiter	gleisarbeit er
verursacher	ver ursache er
vereinfachung	ver einfach ung
heger	hege er
klassenverräter	klassenverrat er
lebenslänglicher	lebenslang e lich e n er
veranlagung	veranlagen ung
bruchlos	bruch los
vollstreckung	vollstrecken ung
unabhängig	un abhängen ig
bildermacher	bildermachen er
greisin	greis e in
gesundschrumpfung	gesundschrumpfen ung
beweglichkeit	bewegen lich keit
umklammerung	um klammer ung
ausforschung	ausforschen ung
weiblich	weib lich
uneinigkeit	un eine ig keit
pilzig	pilz ig
fahrradfahrer	fahrradfahren er
einzäunung	einzäunen ung
geburtshelferin	geburtshelfer in
beruflich	beruf lich
oliver	oliv e er
nachfüllung	nachfüllen ung
frühaufsteherin	frühaufstehen er in
schachspielerin	schachspielen er in
kölnerin	köln er in
verwaltungsleiterin	verwaltungsleiter in
stachelig	stachel ig
grundsätzlich	grundsatz lich
verteilerin	verteilen er in
realwirtschaftlich	realwirtschaft lich
körperlichkeit	körper lich keit
unabwendbar	un abwenden bar
scharfsinnig	scharfsinn ig
reinwaschung	reinwaschen ung
kartenständer	kartenstand er
kriegstreiberin	kriegstreiben er in
monarchin	monarch in
golffahrerin	golffahrer in
baumgartner	baumgarten er
fachlehrerin	fachlehrer in
nichtbesitzer	nichtbesitz er
gutheißung	gutheißen ung
untergliederung	untergliedern ung
überholbar	überholen bar
erhärtung	erhärten ung
kelkheimerin	kelkheim er in
entertainerin	entertainer in
vermenschlichung	ver mensch lich e ung
unzugänglichkeit	un zugang lich keit
austauschbarkeit	austauschen bar keit
überschreibung	überschreiben ung
tropfenförmig	tropfenform ig
aktenköfferchen	aktenkoffer chen
erforderlichkeit	erforderlich keit
ramin	ram in
zairer	zaire er
hilfswillig	hilfswille ig
tributpflichtig	tributpflicht ig
gelegenheitsarbeiter	gelegenheitsarbeit er
filmwissenschaftlerin	filmwissenschaft ler in
freudlos	freud los
allgemeinmediziner	allgemeinmedizin er
diplomtheologin	diplomtheologe in
verdächtigen	verdacht ig
kleingeistig	kleingeist ig
solidaritätsarbeiter	solidaritätsarbeit er
zugig	zug ig
phantasielos	phantasie los
stofflich	stoff lich
generalunternehmer	generalunternehmen er
antragssteller	antragsstelle er
mahnung	mahnen ung
hochberger	hochberg er
eisesser	eisesse er
entwürdigung	entwürdigen ung
gewohnheitsrechtlich	gewohnheitsrecht lich
austragbar	austragen bar
fremdfinanzierung	fremdfinanzieren ung
phönizier	phönizien er
städterin	stadt er in
zeitanzeiger	zeitanzeige er
aneignung	aneignen ung
mißgünstig	mißgunst ig
zusicherung	zusichern ung
hauptinitiatorin	hauptinitiator in
großhauser	großhaus er
fragesteller	fragestelle er
partnerin	partner in
polizeireporter	polizeireport er
braunschweigerin	braunschweig er in
videospieler	videospiel er
abtötung	abtöten ung
übersetzung	übersetzen ung
talentlos	talent los
untertürkheimer	untertürkheim er
europafähigkeit	europafähig keit
einbringung	einbringen ung
bordellchefin	bordellchef in
lehner	lehen er
einwilligung	einwilligen ung
stammfreier	stammfreie er
bestimmung	bestimmen ung
flughafengesellschafter	flughafengesellschaft er
medizinsoziologin	medizinsoziologe in
frauenrechtlerin	frauenrecht ler in
reinlich	rein lich
fensterputzer	fensterputzen er
unschätzbar	un schätzen bar
kabarettistin	kabarett ist in
bedenklichkeit	bedenken lich keit
kodierung	kode ier ung
kurzlebigkeit	kurzlebig keit
anhalter	anhalten er
literaturnobelpreisträgerin	literaturnobelpreisträger in
einrechnung	einrechnen ung
wahlmünchnerin	wahlmünchner in
offenburgerin	offenburg er in
überzeugungstäterin	überzeugungstat er in
meter	mete er
zeugungsfähigkeit	zeugungsfähig keit
tramper	trampen er
abzugsfähigkeit	abzugsfähig keit
untersetzung	untersetzen ung
verklebung	ver klebe ung
kreuzförmig	kreuzform ig
raumplanerin	raumplan er in
sanierungsträgerin	sanierungsträger in
kuwaiter	kuwait er
wahlrechtlich	wahlrecht lich
volksläufer	volkslauf er
heimatgeschichtlich	heimatgeschichte lich
abwaschbar	abwaschen bar
baudirektorin	baudirektor in
gegenüberstellung	gegenüberstellen ung
widrigkeit	widrig keit
pizzabäcker	pizzabacken er
schulin	schule in
angliederung	angliedern ung
einprägung	einprägen ung
gesteigert	ge steige er
einschaltung	einschalten ung
baskin	baske in
benzin	benz in
aktienrechtlich	aktienrecht lich
gruppierung	gruppe ier ung
ausheilung	aus heil ung
moosburger	moosburg er
weißenberger	weißenberg er
sublimierung	sublime ier ung
erwerbslos	erwerb los
dichtung	dichten ung
schleimig	schleimen ig
isländer	island er
kommunikationslos	kommunikation los
durchdringung	durchdringen ung
bundesverfassungsgerichtlich	bundesverfassungsgericht lich
bedrängung	bedrängen ung
konsumentenschützer	konsumentenschutz er
geschichtsträchtigkeit	geschichtsträchtig keit
schuldigkeit	schuld ig keit
bewußtlos	bewußte los
festschreibung	festschreiben ung
seehafer	seehafen er
gebrechlich	gebrech lich
rückhaltlos	rückhalt los
genfer	genf er
umpflanzung	umpflanzen ung
berührungslos	berühren ung los
rasensprenger	rasensprengen er
brucker	bruck er
verjährung	verjähren ung
schändung	schänden ung
bescheinigung	bescheinigen ung
köpper	kopp er
kleintransporter	kleintransport er
konsequenzlos	konsequenz los
steuerzahler	steuerzahl er
entschlüsselung	entschlüsseln ung
unterbrechung	unterbrechen ung
friesin	friese in
kulturkritiker	kulturkritik er
hinterlistig	hinterlist ig
betriebsseelsorger	betriebsseelsorge er
informationsministerin	informationsminister in
reformfeindlich	reformfeind lich
beschimpfung	be schimpf ung
unehrlichkeit	unehre lich keit
unanfechtbar	un anfechten bar
ordnungsbehördlich	ordnungsbehörde lich
knacker	knacken er
entwarnung	entwarnen ung
zwillingspärchen	zwillingspaar chen
naziverbrecher	naziverbrechen er
machtsüchtig	machtsucht ig
profitsüchtig	profitsucht ig
rülpser	rülpsen er
krimileser	krimilesen er
ruhelos	ruhe los
rudersberger	rudersberg er
gesamtsieger	gesamtsieg er
handhabung	handhaben ung
punktsieger	punktsieg er
tagessiegerin	tagessieg er in
studienberaterin	studienberater in
geschäftsstellenleiterin	geschäftsstellenleiter in
spätromantiker	spätromantik er
rüschenkleidchen	rüschenkleid chen
orchestermusiker	orchestermusik er
superministerin	superminister in
fünfmalig	fünfmal ig
frauenministerin	frauenminister in
grundstücksbesitzer	grundstücksbesitz er
erlaubnispflichtig	erlaubnispflicht ig
widerstandskämpferin	widerstandskampf er in
empfindlich	empfinden lich
lehrgangsteilnehmerin	lehrgangsteilnehmer in
stückelung	stückeln ung
stimmrechtlos	stimmrecht los
gestaltungsfähigkeit	gestaltungsfähig keit
prozeßvertreterin	prozeßvertreter in
schwerstverbrecher	schwerstverbrechen er
knochenmarkspender	knochenmarkspende er
diskreditierung	diskreditieren ung
exponentin	exponent in
universitätsöffentlichkeit	universitätsöffentlich keit
dramaturgin	dramaturg in
kommandantin	kommandant in
titellos	titel los
erfrischung	er frisch ung
wirtschaftsmächtig	wirtschaftsmacht ig
überstaatlich	überstaat lich
erkennungsdienstlich	erkennungsdienst lich
regelbar	regeln bar
zerstörung	zerstören ung
vergeßlichkeit	vergeßlich keit
punktezähler	punktezahl er
abkürzung	abkürzen ung
tröstlich	trost lich
zugkräftig	zugkraft ig
ungleichmäßig	un gleichmaß ig
verhetzung	ver hetze ung
verknappung	ver knapp ung
weiterreichung	weiterreichen ung
überparteilichkeit	über partei lich keit
verspottung	ver spott ung
autoverkäufer	autoverkauf er
spätsommerlich	spätsommer lich
ostallgäuer	ostallgäu er
gewerkschaftlerin	gewerkschaft ler in
rentnerpärchen	rentnerpaar chen
produktionstechniker	produktionstechnik er
vollbärtig	vollbart ig
uniformierung	uniforme ier ung
innenpolitiker	innenpolitik er
sprachwissenschaftlich	sprachwissenschaft lich
gerichtssprecherin	gerichtssprecher in
haftrichterin	haftrichter in
politikstudentin	politikstudent in
wattig	watte ig
unpäßlichkeit	unpäßlich keit
torgefährlichkeit	torgefährlich keit
betätigung	betätigen ung
panzerung	panzern ung
oboistin	oboe ist in
gastautorin	gastautor in
abteilungsdirektorin	abteilungsdirektor in
schmählich	schmähen lich
schwermütig	schwermut ig
theaterreformer	theaterreform er
darmstädter	darmstadt er
waffentauglichkeit	waffentauglich keit
gemahlin	gemahl in
aufheller	aufhellen er
afrikanerin	afrika aner in
erwachsenenbildnerin	erwachsenenbildner in
blickfänger	blickfang er
verwahrung	verwahren ung
brandmarkung	brandmarken ung
lauber	laube er
rechtsanwaltsgehilfin	rechtsanwaltsgehilfe in
selbstorganisierung	selbstorganisieren ung
drahtlos	draht los
erhaltung	erhalten ung
amerikanistin	amerika anisch ist in
nichtchristlich	nichtchrist lich
parlamentskollegin	parlamentskollege in
verkäufer	verkaufen er
erhebung	erheben ung
mannheimerin	mannheim er in
tagesplaner	tagesplan er
wehrfähigkeit	wehrfähig keit
sättigung	sättigen ung
unvereinbarkeit	un vereinbar keit
achtmalig	achtmal ig
seelsorgerin	seelsorge er in
metallgewerkschafter	metallgewerkschaft er
unvernünftig	unvernunft ig
ölunternehmer	ölunternehmen er
kurmainzer	kurmainz er
dauerbesucher	dauerbesuch er
offenherzigkeit	offenherzig keit
tanin	tan in
wundertätigen	wundertat ig
vergänglichkeit	vergänglich keit
steuerpolitiker	steuerpolitik er
dechiffrierung	dechiffrieren ung
brüderchen	bruder chen
steptänzer	steptanz er
kreditwürdigkeit	kreditwürdig keit
aufmerksamkeit	aufmerksam keit
zweiradfahrer	zweiradfahren er
allgewaltig	allgewalt ig
großbesitzer	großbesitz er
blähung	blähen ung
verpuppung	ver puppe ung
sportministerin	sportminister in
artikulationsfähigkeit	artikulationsfähig keit
weichensteller	weichenstelle er
mariazeller	mariazell er
torfstecher	torfstechen er
wahrsagung	wahrsagen ung
junggesellin	junggeselle in
reiseführerin	reiseführer in
straftäter	straftat er
kellerwirtschaftlich	kellerwirtschaft lich
berater	beraten er
bezüglich	bezug lich
träger	trage er
unfallflüchtig	unfallflucht ig
kleinhandwerker	kleinhandwerk er
politiker	politik er
ablegung	ablegen ung
kirchlich	kirche lich
hochmütig	hochmut ig
wiederverwertbar	wiederverwerten bar
gefügigkeit	ge fuge keit
überblendung	über blenden e ung
segelfliegerin	segelfliegen er in
adelig	adele ig
architekturkritikerin	architekturkritik er in
dreckig	dreck ig
verwendung	verwenden ung
vorrätig	vorrat ig
schrulligkeit	schrulle ig keit
bürgermeisterin	bürgermeister in
harmonisierung	harmonisch isier ung
marter	marte er
vermietung	vermieten ung
denkmalpflegerin	denkmalpflege er in
undurchführbar	un durchführen bar
versteifung	ver steif ung
medienreferentin	medienreferent in
benachteiligung	benachteiligen ung
pressebetreuerin	pressebetreuer in
schlangenartig	schlangenart ig
stimmbürgerin	stimmbürger in
spiegelung	spiegeln ung
abgänger	abgang er
abschreibung	abschreiben ung
abgabepflichtig	abgabepflicht ig
strebung	streben ung
kneipengänger	kneipengang er
verhandlungspartnerin	verhandlungspartner in
sozialschädlichkeit	sozialschädlich keit
schädlichkeit	schädlich keit
empfindlichkeit	empfinden lich keit
freiherrlich	freiherr lich
vergnüglich	vergnügen lich
abidin	abid in
unbefahrbar	un befahren bar
umweltsünder	umweltsünde er
stallarbeiter	stallarbeit er
kriminalisierung	kriminal isier ung
ausbildung	ausbilden ung
fügsamkeit	fügen sam keit
ortsüblichkeit	ortsüblich keit
lösbar	lösen bar
friedchen	fried chen
filmwissenschaftlich	filmwissenschaft lich
sprüchlein	spruch lein
mönchberger	mönchberg er
zoobesucher	zoobesuch er
personalsachbearbeiterin	personalsachbearbeiter in
entziehung	entziehen ung
pforzheimerin	pforzheim er in
sozialrechtlich	sozialrecht lich
verbannung	ver bann ung
frachter	fracht er
haushälterin	haushalten in
nachrangig	nachrang ig
asylrechtlich	asylrecht lich
verstaatlichen	ver staat lich
stadtteilbewohnerin	stadtteilbewohner in
schimpflich	schimpf lich
spaltbar	spalten bar
pastoralreferentin	pastoralreferent in
badehäuschen	badehaus chen
erfinderin	erfinden er in
uneigennützigkeit	un eigennutz ig keit
kleinkrämer	kleinkram er
partnerschaftlich	partner schaft lich
amtsleiterin	amtsleiter in
gastgewerblich	gastgewerbe lich
hebung	heben ung
überträgerin	übertragen er in
innenarchitektin	innenarchitekt in
optimierung	optimieren ung
abtönung	abtönen ung
krankengymnastin	krankengymnast in
ungewöhnlichkeit	un gewöhnen lich keit
besitzlos	besitzen los
russin	russe in
sorgfältig	sorgfalt ig
kooperationswillig	kooperationswille ig
fransig	fransen ig
wörtlich	wort lich
kundenberaterin	kundenberater in
komikerin	komik er in
vorprüfung	vorprüfen ung
befestigung	befestigen ung
schulelternsprecherin	schulelternsprecher in
langläuferin	langlaufen er in
slawin	slawe in
pflegedienstleiterin	pflegedienstleiter in
spiralig	spirale ig
internationalisierung	internationale isier ung
anpassungsfähigkeit	anpassungsfähig keit
museumschefin	museumschef in
obdachloser	obdachlose n er
architekturhistorikerin	architekturhistoriker in
gemeinwirtschaftlich	gemeinwirtschaft lich
lindauer	lindau er
übermäßig	übermaß ig
energieberaterin	energieberater in
verlockung	verlocken ung
industrialisierung	industrialisieren ung
teilnehmerin	teilnehmen er in
strafbarkeit	strafen bar keit
schauerlich	schau er lich
goldgierig	goldgier ig
politiklehrerin	politiklehrer in
spionin	spion in
leichtlebigkeit	leichtlebig keit
falkenberger	falkenberg er
klarstellung	klarstellen ung
vordringlichkeit	vordringen lich keit
betriebswirtschaftsstudentin	betriebswirtschaftsstudent in
leuchtkräftig	leuchtkraft ig
erreichbar	erreichen bar
beschränkung	beschränken ung
eingewöhnung	eingewöhnen ung
bündnisgrüner	bündnisgrün e er
postlerin	post ler in
taxifahrer	taxifahren er
brünstig	brunst ig
integrierung	integrieren ung
starnbergerin	starnberg er in
ingelheimer	ingelheim er
ausstellerin	ausstellen er in
chin	che in
nachdichter	nach dicht er
investmentbanker	investmentbank er
marktfähigkeit	marktfähig keit
aalener	aalen er
oberlippenbärtchen	oberlippenbart chen
klimaschützer	klimaschutz er
haushaltsexpertin	haushaltsexperte in
kleinschreibung	kleinschreiben ung
löslichkeit	löslich keit
fleischlos	fleisch los
transportierbar	transport ier bar
ordnung	ordnen ung
steigung	steigen ung
zutraulichkeit	zutrauen lich keit
königstädter	königstadt er
subjektlos	subjekt los
müllunternehmer	müllunternehmen er
linienrichterin	linienrichter in
freimütig	freimut ig
staatsbesucher	staatsbesuch er
warentester	warentest er
matschig	matschen ig
grantig	grant ig
reformfähigkeit	reformfähig keit
fahrradfahrerin	fahrradfahren er in
erschwerung	erschweren ung
bundestrainerin	bundestrainer in
pfeifenraucher	pfeifenrauch er
verschönerung	ver schön ung
theatermusiker	theatermusik er
reisepartnerin	reisepartner in
wiederbelebung	wiederbeleben ung
musiker	musik er
übernatürlich	übernatur lich
einladung	einladen ung
leugner	leugnen er
lieblingssängerin	lieblingssänger in
unterspülung	unterspülen ung
drogendealer	drogendeal er
kirchenpolitiker	kirchenpolitik er
jahresdurchschnittlich	jahresdurchschnitt lich
leichtgläubigkeit	leichtgläubig keit
tauglich	taugen lich
numerierung	numerieren ung
gaukler	gaukeln er
verkehrsrechtlich	verkehrsrecht lich
automobilbauer	automobilbau er
ungläubig	un glauben ig
absplitterung	ab splitten ung
umweltpolitikerin	umweltpolitik er in
musikerzieherin	musikerzieher in
kindermörder	kindermord er
kiener	kien er
gewerbeärztlich	gewerbearzt lich
gardinenlos	gardine los
südöstlich	südost lich
handgreiflichkeit	handgreiflich keit
eder	ede er
herzlich	herz lich
bomber	bomben er
absehbar	absehen bar
weiternutzung	weiternutzen ung
riegelsberger	riegelsberg er
auslosung	auslosen ung
hopfenbauer	hopfenbau er
cafer	cafe er
süßlich	süß lich
verdammung	verdammen ung
touristikunternehmer	touristikunternehmen er
barrikadenbauer	barrikadenbau er
täuber	taube er
unwahrhaftigkeit	unwahrhaftig keit
selbstdarstellerin	selbstdarsteller in
untergründig	untergrund ig
regelwidrigkeit	regelwidrig keit
dumpfig	dumpfe ig
ökotester	ökotest er
krankenhausseelsorger	krankenhausseelsorge er
neuartigkeit	neuartig keit
kleinbäuerlich	kleinbau er lich
entscheidungsunfähigkeit	entscheidungsunfähig keit
kulturmanagerin	kulturmanager in
trockenlegung	trockenlegen ung
fernöstlich	fernost lich
obstbäumchen	obstbaum chen
maschinistin	mascha ine ist in
planerin	planen er in
freischaltung	freischalten ung
zubilligung	zubilligen ung
standesamtsleiterin	standesamtsleiter in
berufsfähigkeit	berufsfähig keit
frauenfeindlichkeit	frauenfeind lich keit
freizeitpolitiker	freizeitpolitik er
deutschlehrerin	deutschlehrer in
ergebnislos	ergebnis los
kriegerin	krieg er in
volksmusiker	volksmusik er
zwangarbeiterin	zwangarbeiter in
senatsvertreterin	senatsvertreter in
glitschig	glitschen ig
ausschreibung	ausschreiben ung
marktleiterin	marktleiter in
zwickauer	zwickau er
spritzigkeit	spritzen ig keit
arbeitsrichterin	arbeitsrichter in
straßenverkehrsrechtlich	straßenverkehrsrecht lich
keyboardspieler	keyboardspiel er
gemeinwesenarbeiter	gemeinwesenarbeit er
bauherrin	bauherr in
auszählung	auszählen ung
fortwirkung	fortwirken ung
gelsenkirchener	gelsenkirchen er
großbetrüger	großbetrug er
wirtschaftswissenschaftlerin	wirtschaftswissen schaft ler in
übersäuerung	übersäuern ung
niedlichkeit	niedlich keit
ideologiegeschichtlich	ideologiegeschichte lich
unlösbarkeit	un lösen bar keit
radfahrerin	radfahren er in
schaumburger	schaumburg er
verkehrsunternehmer	verkehrsunternehmen er
gewalttätigkeit	gewalttat ig keit
finanzberaterin	finanzberater in
geräuschlos	geräusch los
grafenberger	grafenberg er
straffähigkeit	straffähig keit
wiederverwertung	wiederverwerten ung
gemüsegärtner	gemüsegarten er
studentenvertreterin	studentenvertreter in
klosterschüler	klosterschule er
bremserin	bremsen e er in
stetig	stet e ig
krankenpflegehelferin	krankenpflegehelfer in
notizbüchlein	notizbuch lein
spitzenreiterin	spitzenreiter in
funktionsträgerin	funktionsträger in
kinderärztlich	kinderarzt lich
kugelfischer	kugelfisch er
freipressung	freipressen ung
rückbezüglich	rückbezug lich
städtepartnerschaftlich	städtepartner schaft lich
sparkommissarin	sparkommissar in
zutraulich	zutrauen lich
streifengänger	streifengang er
transporter	transport er
fernsehchefredakteurin	fernsehchefredakteur in
papierkügelchen	papierkugel chen
nürnberger	nürnberg er
kampfgefährtin	kampfgefährte in
zottelig	zottel ig
schneider	schneiden er
künstlich	kunst lich
rostig	rost ig
heldenmütig	heldenmut ig
schärfung	schärfen ung
orientalin	orientale in
klostergärtner	klostergarten er
keimfähigkeit	keimfähig keit
unglaublich	unglaube lich
provinzpolitiker	provinzpolitik er
selbstverwirklichung	selbstverwirklichen ung
einschiffung	ein schiff ung
tatkräftig	tatkraft ig
verewigung	ver ewig ung
existenzfähigkeit	existenzfähig keit
feldberger	feldberg er
filmkünstlerin	filmkunst ler in
wettenberger	wettenberg er
lehrstuhlinhaberin	lehrstuhlinhaber in
erfrierung	erfrieren ung
talentsucher	talentsuche er
großeinkäufer	großeinkauf er
sieglos	siegen los
wischer	wischen er
nachfolgerin	nachfolgen er in
einbrecherin	einbrechen er in
plünderung	plündern ung
kundschafterin	kundschaften in
michelsberger	michelsberg er
kunstreiterin	kunstreiter in
friedlos	friede los
briefwähler	briefwahl er
eritreerin	eritreer in
vergolder	ver gold er
weihnachtlich	weihnachten lich
dienstpflichtig	dienstpflicht ig
holzklötzchen	holzklotz chen
pollenkörner	pollenkorn er
auskunftsfreudigkeit	auskunftsfreude ig keit
entbindung	ent binde ung
urenkelin	urenkel in
verfassungsfeindlichkeit	verfassungsfeind lich keit
verliererin	verlieren er in
kartenlos	karte los
fälschung	fälschen ung
einatmung	einatmen ung
eschborner	eschborn er
drahtzieherin	drahtzieher in
mitbewerberin	mitbewerber in
gesprächigkeit	gespräch ig keit
hohenheimer	hohenheim er
überlegung	überlegen ung
fachberaterin	fachberater in
körpersprachlich	körpersprache lich
kurpfälzer	kurpfalz er
ökosozialistin	ökosozial ist in
gebrauchslyriker	gebrauchslyrik er
studiotechniker	studiotechnik er
armbruster	armbrust er
verdächtigen	verdacht ig
ausspülung	ausspülen ung
verachtung	verachten ung
leerung	leeren ung
gefangenentransporter	gefangenentransport er
minderheitenfeindlichkeit	minderheitenfeindlich keit
aachener	aachen er
stärkung	stärken ung
verfehlung	ver fehl ung
heimlichkeit	heimlich keit
böblinger	böblingen er
wechselseitigkeit	wechselseitig keit
geschwätzig	schwatz sfx ig
aufführung	aufführen ung
senatskollegin	senatskollege in
formalin	formale in
meinung	meinen ung
langstreckenläufer	langstreckenlauf er
erdinger	erding er
betriebsamkeit	betriebsam keit
eigengesetzlichkeit	eigengesetzlich keit
umgebung	umgeben ung
waldarbeiter	waldarbeit er
verhaltensauffälligkeit	verhaltensauffällig keit
kurstädter	kurstadt er
rechtswidrigkeit	rechtswidrig keit
münsteranerin	münster aner in
kunstgeschichtlich	kunstgeschichte lich
mittelständig	mittelstand ig
rundung	runden ung
ausarbeitung	ausarbeiten ung
freizeitlich	freizeit lich
auszeichnung	auszeichnen ung
taunussteiner	taunusstein er
polarisierung	polar isier ung
elternmörder	elternmord er
innerbetrieblich	inner betrieb lich
aushebung	ausheben ung
braunschweiger	braunschweig er
frauenfreundlichkeit	frauenfreund lich keit
radikalreformerin	radikalreform er in
gutsbesitzerin	gutsbesitzer in
kampfunfähigkeit	kampfunfähig keit
ekstatiker	ekstatik er
tilsiter	tilsit er
starter	starten er
einkapselung	ein kapsel ung
hühnchen	huhn chen
kleinchen	klein e chen
entflechtung	entflechten ung
fotokopierer	fotokopieren er
schauberger	schauberg er
osteuropäerin	osteuropäer in
gesellschaftskritiker	gesellschaftskritik er
oberstudiendirektorin	oberstudiendirektor in
standespolitiker	standespolitik er
diebespärchen	diebespaar chen
reichenberger	reichenberg er
wagenwäscher	wagenwaschen er
überprüfbar	überprüfen bar
verleitung	verleiten ung
neukäufer	neukauf er
hochverräter	hochverrat er
unerklärbar	un erklären bar
zermartern	zer marte er
bedrohlich	bedrohen lich
slalomläufer	slalomlauf er
umsetzung	umsetzen ung
atomexpertin	atomexperte in
redakteurin	redakteur in
berghauser	berghausen er
fraulichkeit	frau lich keit
einstufung	einstufen ung
befahrbar	befahren bar
veräußerung	veräußern ung
fußballerin	fußballen er in
mailänder	mailand er
ostkirchlich	ostkirche lich
unterordnung	unterordnen ung
nichtmenschlich	nichtmensch lich
gerichtsvollzieherin	gerichtsvollzieher in
gerin	ger in
obrigkeitlich	obrigkeit lich
beschreibbar	beschreiben bar
domberger	domberg er
albstädter	albstadt er
seraphin	seraph in
peinigerin	pein ig er in
torjägerin	torjäger in
einzellig	einzelle ig
parteistaatlich	parteistaat lich
hersteller	herstellen er
überdimensionierung	überdimensionieren ung
rechtsstaatlichkeit	rechtsstaat lich keit
fesselung	fesseln ung
spitzohrig	spitzohr ig
gesellschaftsrechtlich	gesellschaftsrecht lich
werblich	werben lich
beklemmung	beklemmen ung
christianisierung	christiane isier ung
veranlassung	veranlassen ung
karmelitin	karmelit in
unordentlichkeit	un ordentlich keit
unbegreiflich	un begreifen lich
glücksschweinchen	glücksschwein chen
zergliederung	zergliedern ung
saugfähigkeit	saugfähig keit
tangotänzerin	tangotanzen er in
legalisierung	legale isier ung
mieterin	mieten er in
amtsträgerin	amtsträger in
stadträumlich	stadtraum lich
spielleiterin	spielleiter in
mutterlos	mutter los
torhüterin	torhüter in
miniaturisierung	miniatur isier ung
putzig	putzen ig
transformierung	transformieren ung
göppinger	göppingen er
schaffnerin	schaffen er in
kampfrichterin	kampfrichter in
heimarbeiter	heimarbeit er
schiffbarkeit	schiffen bar keit
säuerlich	säuern lich
trostpflästerchen	trostpflaster chen
hochheimer	hochheim er
feinmechanikerin	feinmechanik er in
siegburger	siegburg er
plastikbomber	plastikbombe er
unabwendbarkeit	un abwenden bar keit
mosbacher	mosbach er
großmütterlich	großmutter lich
teilbar	teilen bar
unfallverursacherin	unfallverursacher in
miniröckchen	minirock chen
gleichwertigkeit	gleichwertig keit
innerweltlich	inner welt lich
rechtsgültigkeit	rechtsgültig keit
niederträchtigkeit	niedertracht ig keit
kassenärztlich	kassenarzt lich
drehbuchautorin	drehbuchautor in
dorfschullehrerin	dorfschullehrer in
anteilseignerin	anteilseigner in
untersuchung	untersuchen ung
alleingesellschafterin	alleingesellschafter in
weltpolitiker	weltpolitik er
bevormundung	bevormunden ung
neuwertig	neuwert ig
greifer	greifen er
wirtschaftskorrespondentin	wirtschaftskorrespondent in
unfallfahrerin	unfallfahrer in
gießer	gießen er
entrückung	ent ruck ung
erlegung	erlegen ung
küster	küste er
müllsortierer	müllsortieren er
beantragung	be antrag ung
aufklärer	aufklären er
hanauerin	hanau er in
gesundheitsexpertin	gesundheitsexperte in
kinderpsychologin	kinderpsychologe in
verwaltungsbeamtin	verwaltungsbeamte in
türker	türke er
intensivmediziner	intensivmedizin er
durchzieher	durchziehen er
jugendbildungsreferentin	jugendbildungsreferent in
blicklos	blicken los
ausläufer	auslauf er
unterteilbar	unterteilen bar
unhöflich	un hof lich
offensivspieler	offensivspiel er
reduzierung	reduzieren ung
küchenchefin	küchenchef in
grünlich	grün e lich
bekanntmachung	bekanntmachen ung
spanierin	spanien er in
antreiber	antreiben er
umweltministerin	umweltminister in
nestchen	nest chen
gauklerin	gaukeln er in
westeuropäerin	westeuropäer in
siebdrucker	siebdruck er
fraktionslos	fraktion los
parteiaktivistin	parteiaktivist in
transportarbeiter	transportarbeit er
schaller	schallen er
kleidchen	kleid chen
medizintechniker	medizintechnik er
wettbewerbsschützer	wettbewerbsschutz er
terrier	terra er
schriftlos	schrift los
degenfechterin	degenfechten er in
eignung	eignen ung
anzahlung	anzahlen ung
momentaner	momentane er
riedstädter	riedstadt er
lästerung	lästern ung
säkularisierung	säkulare isier ung
umweltschützerin	umweltschutz er in
ungefährlich	ungefähr e lich
lieblingsheldin	lieblingsheld in
rechtsstaatlich	rechtsstaat lich
kalbin	kalb in
tanzpartnerin	tanzpartner in
tiertransporter	tiertransport er
wurfgewaltig	wurfgewalt ig
ponyreiterin	ponyreiten er in
beifällig	beifallen ig
niederösterreicher	niederösterreich er
rückkehrwillig	rückkehrwille ig
rädelsführerin	rädelsführer in
verpflichtung	ver pflicht ung
unterzeichner	unterzeichnen er
feindseligkeit	feindselig keit
demokratiefähigkeit	demokratiefähig keit
erstarrung	erstarren ung
kaiserin	kaiser in
näherin	nähen e er in
werbewirksamkeit	werbewirksam keit
schlechterstellung	schlechterstellen ung
chikagoer	chikago er
finder	finden er
motorradfahrerin	motorradfahren er in
bundesvorstandssprecherin	bundesvorstandssprecher in
ringelschwänzchen	ringelschwanz chen
entwicklungsministerin	entwicklungsminister in
hütchenspieler	hütchenspiel er
erschöpfung	erschöpfen ung
trauzeugin	trauzeuge in
berichterstatter	berichterstatten er
selbstbestimmung	selbstbestimmen ung
einlösbar	einlösen bar
wurzellos	wurzel los
computerdesigner	computerdesign er
stauber	staub er
landhäuschen	landhaus chen
weltlich	welt lich
saarburger	saarburg er
rückständig	rückstand ig
ober	oben er
dorfpolitiker	dorfpolitik er
jugendamtsleiterin	jugendamtsleiter in
ergründung	ergründen ung
globetrotterin	globetrotter in
unterfütterung	unterfüttern ung
gelnhausener	gelnhausen er
randalierer	randale ier er
einführung	einführen ung
einmaligkeit	einmalen ig keit
walzwerker	walzwerk er
annaberger	annaberg er
nebelwerfer	nebelwerfen er
tennisspieler	tennisspielen er
erbrechtlich	erbrecht lich
unveränderlichkeit	un verändern lich keit
denkmalwürdigkeit	denkmalwürdig keit
eisverkäufer	eisverkauf er
allein	allee in
schildern	schild er
registrierung	registrieren ung
ballettchefin	ballettchef in
waffenbauer	waffenbau er
blumensträußchen	blumenstrauß chen
töpfern	topf er
birnenförmig	birnenform ig
kneipenwirtin	kneipenwirt in
höchstrichterlich	höchstrichter lich
eingliederung	eingliedern ung
roulettespieler	roulettespiel er
preisbindung	preisbinden ung
privatunternehmer	privatunternehmen er
widerrufbar	widerrufen bar
stundenmäßig	stundenmaß ig
skiurlauber	skiurlaub er
wollenberger	wollenberg er
neubrandenburger	neubrandenburg er
silbertaler	silbertal er
geheimnislos	geheim nis los
personalberaterin	personalberater in
streifig	streifen ig
unterhaltungskünstlerin	unterhaltungskunst ler in
behördenchefin	behördenchef in
schnürchen	schnur chen
strafverteidigerin	strafverteidiger in
konzertbesucher	konzertbesuch er
lohnbuchhalterin	lohnbuchhalter in
würdigung	würdigen ung
bedingungslos	bedingen ung los
nichterwerbstätigkeit	nichterwerbstätig keit
gesprächspartnerin	gesprächspartner in
britin	brite in
torpedierung	torpedieren ung
verwahrlosung	verwahrlosen ung
verwitterung	verwittern ung
sozialgeschichtlich	sozialgeschichte lich
anlehnung	anlehnen ung
gleichung	gleichen ung
eingängigkeit	eingängig keit
widerstandsfähigkeit	widerstandsfähig keit
eigentümlich	eigentum lich
veranstalterin	ver anstalt er in
einsteiger	einsteigen er
pfingsturlauber	pfingsturlaub er
beitreibung	beitreiben ung
raucher	rauchen er
unverkäuflichkeit	un verkauf lich keit
tierärztlich	tierarzt lich
eigenverantwortlichkeit	eigenverantwortlich keit
jugendarbeiterin	jugendarbeit er in
jugendsekretärin	jugendsekretär in
jazzsängerin	jazzsänger in
spendierfreudigkeit	spendierfreude ig keit
stellerin	stellen er in
gewerkschaftsfeindlichkeit	gewerkschaftsfeindlich keit
oberbauer	oberbau er
dänin	däne in
seetüchtigkeit	seetüchtig keit
atmung	atmen ung
gegenöffentlichkeit	gegenöffentlich keit
puter	pute er
wohnbar	wohnen bar
beitragszahler	beitragszahl er
grundschülerin	grundschüler in
feierabendlich	feierabend lich
atombomber	atombombe er
unfertigkeit	un fertig keit
akkordarbeiter	akkordarbeit er
milchig	milch ig
nachweispflichtig	nachweispflicht ig
heimchen	heim chen
fremdartigkeit	fremdartig keit
regenerationsfähigkeit	regenerationsfähig keit
einberufung	einberufen ung
strandung	stranden ung
rechtslehrer	rechtslehre er
mentalmagier	mentalmagie er
substanzlos	substanz los
untermischung	untermischen ung
bereisung	bereisen ung
flugbegleiterin	flugbegleiter in
iver	ive er
vereinssprecherin	vereinssprecher in
kollegin	kollege in
ernährerin	ernähren er in
beschwörung	beschwören ung
nötigung	nötigen ung
juniorpartnerin	juniorpartner in
massenschlächter	massenschlacht er
kurzarbeiter	kurzarbeiten er
lebensunfähigkeit	lebensunfähig keit
viereckig	viereck ig
hochstimmung	hochstimmen ung
unterwerfung	unterwerfen ung
michelin	michel in
erklärbar	erklären bar
schaumschläger	schaumschlagen er
landwirtschaftsschüler	landwirtschaftsschule er
öffentlichkeitswirksamkeit	öffentlichkeitswirksam keit
mannheimer	mannheim er
tierzüchter	tierzucht er
chicagoer	chicago er
menschenfeindlichkeit	menschenfeind lich keit
genüßlich	genuß lich
temposünder	temposünde er
reiseleiterin	reiseleiter in
einbindung	einbinden ung
dreiköpfig	dreikopf ig
spießbürgerlichkeit	spießbürger lich keit
ehrwürdigkeit	ehrwürde ig keit
oberkonservatorin	oberkonservator in
verwerflichkeit	verwerfen lich keit
bezahlbar	bezahlen bar
berührung	berühren ung
feministin	feminist in
vollkornbrötchen	vollkornbrot chen
feiertäglich	feiertag lich
sprachwissenschaftlerin	sprachwissenschaft ler in
startläuferin	startläufer in
aufnahmefähigkeit	aufnahmefähig keit
schönbrunner	schönbrunn er
keulenschwinger	keulenschwingen er
athener	athene er
unwirksamkeit	unwirksam keit
verunsicherung	ver unsicher ung
strahlenschützer	strahlenschutz er
sossenheimer	sossenheim er
pummelig	pummel ig
zahntechniker	zahntechnik er
könnerin	können er in
widerwärtigkeit	widerwärtig keit
physikprofessorin	physikprofessor in
einträchtigkeit	eintracht ig keit
transportfähigkeit	transportfähig keit
schwärmerin	schwärmen er in
ehrfürchtig	ehrfurcht ig
vertiefung	vertiefen ung
dienstherrin	dienstherr in
praktikumslehrerin	praktikumslehrer in
hühnerzüchter	hühnerzucht er
neubürger	neuburg er
schneidig	schneiden ig
kippbar	kippen bar
arbeitgeberin	arbeitgeber in
ostholsteiner	ostholstein er
hochadelig	hochadel ig
gefängnisinsassin	gefängnisinsasse in
löwensteiner	löwenstein er
gefährdung	gefährden ung
billigung	billigen ung
direktkandidatin	direktkandidat in
rauschgiftabhängigkeit	rauschgiftabhängig keit
zahlungspflichtig	zahlungspflicht ig
verbiegung	ver biege ung
kompetenzlos	kompetenz los
beifahrerin	beifahrer in
verlagschefin	verlagschef in
wiedererweckung	wiedererwecken ung
redaktionssekretärin	redaktionssekretär in
verdoppelung	ver doppeln el ung
oktoberfestbesucher	oktoberfestbesuch er
unabsetzbar	un absetzen bar
wolfsberger	wolfsberg er
grundbesitzerin	grundbesitz er in
wählbarkeit	wählen bar keit
beunruhigung	beunruhigen ung
haarschneider	haarschneiden er
bewegungstherapeutin	bewegungstherapeut in
friedhofsbesucher	friedhofsbesuch er
bühnenbildnerin	bühnenbildner in
hauptgegnerin	hauptgegner in
artenschützer	artenschutz er
straßenfeger	straßenfegen er
umfänglich	umfang lich
trainingsfleißig	trainingsfleiß ig
feinmechaniker	feinmechanik er
erklärlich	erklären lich
wasserverbraucher	wasserverbrauch er
finanzreferentin	finanzreferent in
auflassung	auflassen ung
ermöglichung	ermöglichen ung
elfenbeintürmchen	elfenbeinturm chen
vergleichbarkeit	ver gleich bar keit
musikschulleiterin	musikschulleiter in
automatenspieler	automatenspielen er
blattlos	blatt los
geschmacklich	geschmack lich
nachbörslich	nachbörse lich
willenlos	wille los
rückfälligkeit	rückfall ig keit
religionslehrerin	religionslehre er in
sprinter	sprinten er
blumenverkäuferin	blumenverkauf er in
fokker	fokke er
beflaggung	beflaggen ung
friedensvertraglich	friedensvertrag lich
wortführerin	wortführer in
bedrohung	bedrohen ung
mentorin	mentor in
kaltenecker	kalteneck er
kurzfassung	kurzfassen ung
staubkörnchen	staubkorn chen
neukundin	neukunde in
sahnig	sahnen ig
koreanerin	korea aner in
westkollegin	westkollege in
schäfchen	schaf chen
sozialhilfebedürftigkeit	sozialhilfebedürftig keit
birminghamer	birmingham er
christoffer	christoff er
immunisierung	immun isier ung
baumlos	baum los
anzüglichkeit	anzug lich keit
frauenärztlich	frauenarzt lich
minnesänger	minnesang er
mannigfaltigkeit	mannigfaltig keit
totschlägerin	totschlagen in
reiseveranstalterin	reiseveranstalter in
beleuchter	beleuchten er
grundstückseigentümer	grundstückseigentum er
kirchentagspräsidentin	kirchentagspräsident in
boxer	boxen er
vierteljährig	vierteljahr ig
beiläufigkeit	beiläufig keit
unendlich	un ende lich
beschwichtigung	beschwichtigen ung
kassierer	kassieren er
schlammig	schlamm ig
namibierin	namibia er in
villacher	villach er
jagdhornbläser	jagdhornblasen er
fabrikantin	fabrikant in
recorder	record er
nachsichtig	nachsicht ig
literaturprofessorin	literaturprofessor in
punkerin	punk er in
fechterin	fechten er in
sozialexpertin	sozialexperte in
hamelner	hameln er
fliegerin	fliegen er in
parkbesucher	parkbesuch er
nachberuflich	nach beruf lich
ehrenbürgerin	ehrenburg er in
aufwärterin	aufwarten er in
schützenkönigin	schützenkönig in
respektlos	respekt los
glücksspielerin	glücksspiel er in
georgierin	georgien er in
tegernseer	tegernsee er
fortpflanzungsmediziner	fortpflanzungsmedizin er
gerichtspräsidentin	gerichtspräsident in
heusenstammer	heusenstamm er
senfkörner	senfkorn er
bedienung	bedienen ung
wolfsburgerin	wolfsburg er in
landessiegerin	landessieg er in
klassespieler	klassespiel er
schwertkämpfer	schwertkampf er
quebecer	quebec er
gralshüterin	gralshüter in
schwimmer	schwimmen er
geschichtswissenschaftlich	geschichtswissen schaft lich
zuverlässigkeit	zuverlässig keit
unterdrückung	unterdrücken ung
lebensberaterin	lebensberater in
goldsucher	goldsuche er
widmung	widmen ung
vermarktung	ver markt ung
undurchlässigkeit	un durchlässig keit
deckung	decken ung
missionarin	missionar in
handarbeiterin	handarbeiten in
belieferung	beliefern ung
zinsnehmer	zinsnehmen er
plünderer	plündern er
säer	säen er
heilbarkeit	heilen bar keit
berghauser	berghaus er
bewirkung	bewirken ung
möbeldesigner	möbeldesign er
seiteneinsteigerin	seiteneinsteiger in
unscheinbarkeit	un scheinen bar keit
brückenbauer	brückenbauen er
brauchbar	brauchen bar
fischchen	fisch chen
kühler	kühlen er
schoßhündchen	schoßhund chen
konzeptlos	konzept los
vertretbar	vertreten bar
lichtfleckchen	lichtfleck chen
huldigen	huld ig
herrscher	herrschen er
stressig	stressen ig
neidlos	neiden los
mietvertraglich	mietvertrag lich
pokalgewinner	pokalgewinn er
zimmergenossin	zimmergenosse in
obstbauer	obstbau er
jesuitenschüler	jesuitenschule er
zeitgeschichtlich	zeitgeschichte lich
weltbürgerin	weltbürger in
glücklos	glück los
vollzugsbeamtin	vollzugsbeamte in
vererbung	ver erbe ung
wässerig	wässern ig
tröger	trog er
außenangreiferin	außenangreifer in
kunstsinnig	kunstsinn ig
kreisläufer	kreislauf er
schulpolitiker	schulpolitik er
chefdesignerin	chefdesigner in
vermittler	vermitteln er
zähflüssigkeit	zähflüssig keit
pfarrerin	pfarre er in
professionalisierung	professional isier ung
finanzdezernentin	finanzdezernent in
hochschulpolitiker	hochschulpolitik er
schwätzchen	schwatz chen
schlackenlos	schlacke los
eicher	eiche er
stadtgärtner	stadtgarten er
pferdehalterin	pferdehalter in
bezeugung	bezeugen ung
umweltverantwortlichkeit	umweltverantwortlich keit
geistlos	geist los
datenschützerin	datenschutz er in
nachfolgekandidatin	nachfolgekandidat in
zitterig	zittern ig
heilkräftig	heilkraft ig
offensivfähigkeit	offensivfähig keit
beförderung	befördern ung
versprechung	versprechen ung
schuldenmacher	schuldenmachen er
verflüchtigen	ver flüchten ig
pensionswirtin	pensionswirt in
unstreitig	un streiten ig
nachbearbeitung	nachbearbeiten ung
reykjaviker	reykjavik er
weberhäuschen	weberhaus chen
motorisierung	motor isch isier ung
verschwörerin	verschwören in
sonderschülerin	sonderschule er in
stecker	stecken er
jugendbetreuerin	jugendbetreuer in
blumenfreundin	blumenfreund in
hürdenläufer	hürdenlauf er
reiseunfähigkeit	reiseunfähig keit
wolfsteiner	wolfstein er
dortmunderin	dortmund er in
juristin	jura ist in
zerkleinerung	zer klein ung
hauptamtlich	hauptamt lich
sportmediziner	sportmedizin er
musikschüler	musikschule er
splittern	splitt er
weingärtner	weingarten er
hintersteiner	hinterstein er
südpfälzer	südpfalz er
kaffeepflücker	kaffeepflücken er
zürcherin	zürcher in
nachmittäglich	nachmittag lich
wuppertaler	wuppertal er
buchung	buchen ung
aufstellung	aufstellen ung
weltpolizeilich	weltpolizei lich
siegerin	siegen er in
vaterlos	vater los
verdienstlich	verdienst lich
länglich	lang lich
württemberger	württemberg er
ereignislos	ereignis los
sanierungsfähigkeit	sanierungsfähig keit
stürmer	stürmen er
motorenbauer	motorenbau er
wissenschaftlerin	wissenschaft ler in
gehilfin	gehilfe in
weiher	weihe er
lokalpolitiker	lokalpolitik er
staatsrechtslehrer	staatsrechtslehre er
tödlich	tod lich
christlichkeit	chr ist lich keit
europapokalsieger	europapokalsieg er
umschließung	umschließen ung
verhinderung	verhindern ung
prozeßrechtlich	prozeßrecht lich
teiler	teilen er
stattlich	statt lich
auslandsbesucher	auslandsbesuch er
filmkritikerin	filmkritik er in
selbstläufer	selbstlauf er
hemdchen	hemd chen
kindlichkeit	kind lich keit
teilbarkeit	teilen bar keit
landesministerin	landesminister in
metin	mete in
projektmitarbeiterin	projektmitarbeiter in
weiterveräußerung	weiterveräußern ung
filmkritiker	filmkritik er
lebenszeitlich	lebenszeit lich
visualisierung	visual isier ung
haupterbin	haupterbe in
frager	fragen er
karrieresüchtig	karrieresucht ig
beträchtlich	betracht lich
ablehnung	ablehnen ung
unverdaulichkeit	unverdaulich keit
rechtsvertreterin	rechtsvertreter in
raubkopierer	raubkopieren er
irrsinnig	irrsinn ig
wiederkäufer	wiederkauf er
vertragsarbeiterin	vertragsarbeiter in
banknachbarin	banknachbar in
geräteturner	geräteturnen er
kampflustig	kampflust ig
regelung	regeln ung
europapolitikerin	europapolitik er in
schüler	schule er
aufschiebung	aufschieben ung
geschwätzigkeit	schwatz sfx ig keit
verstärkung	ver stark e ung
wahrnehmbarkeit	wahrnehmen bar keit
schlierseer	schliersee er
bewegungslos	bewegen ung los
männerlos	mann los
kassenverwalterin	kassenverwalter in
abschlachtung	abschlachten ung
cutterin	cutter in
raumpflegerin	raumpfleger in
kirgisin	kirgise in
weitschweifigkeit	weitschweifig keit
landwirtschaftspolitiker	landwirtschaftspolitik er
baronin	baron in
aussöhnung	aussöhnen ung
prunksüchtig	prunksucht ig
nachbewilligung	nachbewilligen ung
hauptgewinnerin	hauptgewinn er in
weiterverwertung	weiterverwerten ung
wachsamkeit	wachsam keit
firmenchefin	firmenchef in
rattenfänger	rattenfang er
wahrhaftig	wahrhafte ig
reservistin	reserve ist in
marketenderin	marketender in
beliebig	belieben ig
landesherrlich	landesherr lich
erwartung	erwarten ung
küchenleiterin	küchenleiter in
kunstradfahrer	kunstradfahren er
bernhardiner	bernhardine er
immobilienkäufer	immobilienkauf er
versöhnlichkeit	versöhnen lich keit
beliebigkeit	belieben ig keit
stillstellung	stillstellen ung
bezieherin	beziehen er in
bernardin	bernard in
bewerber	bewerben er
jenaer	jena er
räuberin	rauben er in
konsumsüchtig	konsumsucht ig
entsorgungspflichtig	entsorgungspflicht ig
betonhäuschen	betonhaus chen
sterbenswörtchen	sterbenswort chen
linksradikaler	linksradikale n er
jain	ja in
sportlehrerin	sportlehrer in
abholzung	abholzen ung
theaterregisseurin	theaterregisseur in
austräger	austragen er
neueinsteigerin	neueinsteiger in
bauplaner	bauplan er
beherrscher	beherrschen er
bündelung	bündeln ung
modedesignerin	modedesign er in
wochenendbesucher	wochenendbesuch er
einschreibung	einschreiben ung
schwammig	schwamm ig
westberlinerin	westberlin er in
longin	longe in
eilfertigkeit	eilfertig keit
reinlichkeit	rein lich keit
landeskonservatorin	landeskonservator in
heimsuchung	heimsuchen ung
namensgeberin	namensgeber in
wirtschaftsexpertin	wirtschaftsexperte in
namenloser	namenlos er
homosexuellenfeindlichkeit	homosexuellenfeindlich keit
einweisung	einweisen ung
realisierbar	real isier bar
regierungspräsidentin	regierungspräsident in
werbetexter	werbetext er
zwischenmenschlichkeit	zwischenmenschlich keit
tandemfahrer	tandemfahren er
aufwendung	aufwenden ung
bilderfeindlichkeit	bilderfeindlich keit
lustschlößchen	lustschloß chen
ortschronistin	ortschronist in
lebensspenderin	lebensspender in
genehmigungspflichtig	genehmigungspflicht ig
perter	perten er
unterbelegung	unter beleg ung
liebchen	lieb e chen
blutdürstig	blutdurst ig
blumberger	blumberg er
verbindlichkeit	verbinden lich keit
weltläufigkeit	weltlauf ig keit
bevölkerungspolitiker	bevölkerungspolitik er
bundesverfassungsrichterin	bundesverfassungsrichter in
unwürdigkeit	un würdig keit
planungsrechtlich	planungsrecht lich
jugendturner	jugendturnen er
wirtschaftlichkeit	wirtschaften lich keit
wurmig	wurmen ig
schlagbar	schlagen bar
höflichkeit	hof lich keit
ungesellig	un gesellen ig
sechseckig	sechseck ig
wirklicher	wirklichen er
proklamierung	proklamieren ung
nominierung	nominieren ung
fürstlichkeit	fürst lich keit
ökopolitiker	ökopolitik er
nachbereitung	nachbereiten ung
modezeichnerin	modezeichner in
tontechniker	tontechnik er
gleichnamigkeit	gleichnamig keit
weißenburger	weißenburg er
dornig	dorn ig
klavierschülerin	klavierschule er in
ablagerung	ablagern ung
rückläufer	rücklauf er
begierig	begier ig
erwerblos	erwerb los
marionettenspieler	marionettenspiel er
streiter	streiten er
trotteligkeit	trottel ig keit
seligsprechung	seligsprechen ung
halbgöttlich	halbgott lich
kulturarbeiterin	kulturarbeit er in
verbraucherschützer	verbraucherschutz er
spaltbarkeit	spalten bar keit
schmalspurig	schmalspur ig
rechtsextremistin	rechtsextrem e ist in
ostarbeiter	ostarbeit er
unterstaatssekretärin	unterstaatssekretär in
dietzenbacher	dietzenbach er
juniorenweltmeisterin	juniorenweltmeister in
kommentarlos	kommentar los
vergewaltiger	ver gewaltige er
verdrehung	verdrehen ung
singbar	singen bar
erbringung	erbringen ung
verfolgung	verfolgen ung
rußig	rußen ig
gewinnsüchtig	gewinnsucht ig
brillenträgerin	brillenträger in
umfahrung	umfahren ung
vertonung	ver ton ung
nordhessin	nordhesse in
besucher	besuchen er
burgenbauer	burgenbau er
verstimmung	ver stimme ung
stampfer	stampfen er
seifig	seifen ig
kulturbürgermeisterin	kulturbürgermeister in
normierung	norm ier ung
massenwirksamkeit	massenwirksam keit
nordamerikanerin	nordamerika aner in
kugelig	kugel ig
fixierbar	fix ier bar
alphornbläser	alphornblasen er
amateurin	amateur in
mitteltaler	mitteltal er
altenstädter	altenstadt er
bandkeramiker	bandkeramik er
skispringer	skispringen er
planegger	planegg er
verdeutschung	ver deutsch ung
pastellig	pastell ig
abartigkeit	abart ig keit
luxemburgerin	luxemburg er in
vorspannung	vorspannen ung
privatfunker	privatfunk er
barleber	barleben er
machtpolitiker	machtpolitik er
stammeskrieger	stammeskrieg er
kampftrinker	kampftrinken er
sowjetbürgerin	sowjetbürger in
milchfarmer	milchfarm er
deckmäntelchen	deckmantel chen
polizeichefin	polizeichef in
ausstellung	ausstellen ung
saarländer	saarland er
veranstalter	ver anstalt er
bernerin	bern er in
bußfertigkeit	bußfertig keit
brandauer	brandau er
waldlos	wald los
nützlichkeit	nützen lich keit
ruferin	rufen er in
magierin	magie er in
lehramtsstudentin	lehramtsstudent in
lenchen	lene chen
schornsteinfeger	schornsteinfegen er
somalier	somalia er
pflanzenschützer	pflanzenschutz er
handlungsunfähigkeit	handlungsunfähig keit
sozialdemokratin	sozialdemokrat in
zellengenossin	zellengenosse in
modelleisenbahner	modelleisenbahn er
vereinbarung	vereinbaren ung
wortgeschichtlich	wortgeschichte lich
kreisjugendpfleger	kreisjugendpflege er
sozialwissenschaftlerin	sozialwissenschaft ler in
pharmakologin	pharmakologe in
entlarvung	entlarven ung
körperfeindlichkeit	körperfeindlich keit
bildungssenatorin	bildungssenator in
versinnbildlichen	ver sinnbild lich
tatverdächtig	tatverdacht ig
oppositionspolitiker	oppositionspolitik er
heldin	held in
fernsehdarstellerin	fernsehdarsteller in
großmeisterlich	großmeister lich
lernfähigkeit	lernfähig keit
öffner	öffnen er
detailfreudig	detailfreude ig
turmspringer	turmspringen er
behindertensportlerin	behindertensport ler in
kaltblüter	kaltblut er
kämpfer	kämpfen er
mechaniker	mechanik er
markwirtschaftlich	markwirtschaft lich
verflüchtigung	ver flüchten ig ung
klavierspielerin	klavierspielen er in
fahrradfreundlichkeit	fahrradfreund lich keit
schiffbar	schiffen bar
veränderlich	verändern lich
kleidung	kleiden ung
stadtplaner	stadtplan er
altenburger	altenburg er
scheckbetrüger	scheckbetrug er
innigkeit	innig keit
wirtschaftsverbrecher	wirtschaftsverbrechen er
nordschleswiger	nordschleswig er
weiterverpachtung	weiterverpachten ung
litauerin	litauen er in
strandhäuschen	strandhaus chen
bangkoker	bangkok er
vaterlandsverräterin	vaterlandsverrat er in
bezirkspokalsieger	bezirkspokalsieg er
belüftung	belüften ung
schälchen	schal chen
erziehbar	erziehen bar
protokollchefin	protokollchef in
arbeitsministerin	arbeitsminister in
gemütlichkeit	gemüt lich keit
vogelliebhaberin	vogelliebhaber in
parteisekretärin	parteisekretär in
avantgardemusiker	avantgardemusik er
nahostexpertin	nahostexperte in
maskierung	maske ier ung
godesberger	godesberg er
mitleidig	mitleiden ig
springreiterin	springreiten er in
verallgemeinerbar	ver allgemein bar
bewerberin	bewerben er in
besinnlich	besinnen lich
versinnbildlichung	ver sinnbild lich ung
florettfechterin	florettfechten er in
verkürzung	ver kürzen e ung
stammler	stammeln er
schauspielerin	schauspielen er in
fachschüler	fachschule er
öffentlichkeitsarbeiterin	öffentlichkeitsarbeit er in
firmensprecherin	firmensprecher in
behördenleiterin	behördenleiter in
hochverdiener	hochverdienen er
käsig	käsen ig
backnanger	backnang er
kulturfeindlichkeit	kulturfeindlich keit
mitarbeiter	mitarbeiten er
nachrichter	nachricht er
laufställchen	laufstall chen
fachwerkhäuschen	fachwerkhaus chen
fantasielos	fantasie los
augsburger	augsburg er
fingerhütchen	fingerhut chen
engin	eng e in
holzhäuschen	holzhaus chen
tagwerker	tagwerk er
mäulchen	maul chen
staatsbürgerlich	staatsbürger lich
schrankenlos	schranke los
minderwertig	minderwert ig
gaswirtschaftlich	gaswirtschaft lich
westernreiter	westernreiten er
zerstäuber	zer stäuben er
fehlplazierung	fehlplazieren ung
hürdenläuferin	hürdenlauf er in
gerstenberger	gerstenberg er
musikwissenschaftlich	musikwissenschaft lich
präsidentschaftskandidatin	präsidentschaftskandidat in
flüchtlingskommissarin	flüchtlingskommissar in
unachtsamkeit	un achten sam keit
handballer	handballen er
bezirksmeisterin	bezirksmeister in
verbesserbar	verbessern bar
steinbrunner	steinbrunnen er
blockspieler	blockspiel er
unstimmig	un stimmen ig
hörfunkchefin	hörfunkchef in
luftlos	luft los
textlich	texten lich
unterstellung	unterstellen ung
mundartdichterin	mundartdichter in
bundesrichterin	bundesrichter in
lobbyistin	lobby ist in
basketballspieler	basketballspielen er
abstellung	abstellen ung
ernstlich	ernst lich
versicherungsbetrüger	versicherungsbetrug er
verurteilung	ver urteil ung
einzelkläger	einzelklage er
eigenmächtig	eigenmacht ig
festigen	fest e ig
belehrung	belehren ung
umweltgutachter	umweltgutachten er
bockig	bocken ig
schlichtung	schlichten ung
dränger	drang er
doppelspieler	doppelspiel er
naturräumlich	naturraum lich
leckermäulchen	leckermaul chen
bucher	buche er
kokainabhängigkeit	kokainabhängig keit
anlandung	anlanden ung
unternehmensrechtlich	unternehmensrecht lich
berger	berg er
dschungelkämpfer	dschungelkampf er
liquidierung	liquide ier ung
familienfreundlichkeit	familienfreund lich keit
pariserin	paris er in
beschreibung	beschreiben ung
abtreibung	abtreiben ung
bürgermeisterlich	bürgermeister lich
dürrenberger	dürrenberg er
streichhölzchen	streichholz chen
hausbesetzerin	hausbesetzen er in
sambier	sambia er
freiin	frei e in
kriegführer	kriegführen er
kommunikationsfähigkeit	kommunikationsfähig keit
kreuzigung	kreuz ig ung
moderatorin	moderator in
kaltentaler	kaltental er
musterung	mustern ung
landesvorstandssprecherin	landesvorstandssprecher in
kultusministerin	kultusminister in
tagessieger	tagessieg er
ironikerin	iron iker in
unionspolitiker	unionspolitik er
testesser	testesse er
fellbacher	fellbach er
instrumentenbauer	instrumentenbau er
betrachtbar	betrachten bar
genehmigungsrechtlich	genehmigungsrecht lich
bemühung	bemühen ung
oranienburger	oranienburg er
restaurierung	restaurieren ung
industriedesigner	industriedesign er
kunstprofessorin	kunstprofessor in
bewegungsunfähigkeit	bewegungsunfähig keit
ermittlerin	ermitteln er in
orientalistin	orientale isch ist in
verbildlichen	ver bild lich
publizistin	publizist in
anmaßung	anmaßen ung
beinhaltung	beinhalten ung
verschnörkelung	ver schnörkel ung
direktorin	direktor in
diskussionswürdigkeit	diskussionswürdig keit
genußfähigkeit	genußfähig keit
sozialpfleger	sozialpflege er
beiziehung	beiziehen ung
christin	chr ist in
postbotin	postbote in
pointer	pointe er
beratungslehrerin	beratungslehrer in
metallarbeiter	metallarbeit er
kittchen	kitt chen
notlandung	notlanden ung
empfindung	empfinden ung
ersatzspielerin	ersatzspieler in
pulverförmig	pulverform ig
festtäglich	festtag lich
erntearbeiter	erntearbeit er
alphabetisierung	alphabet isch isier ung
blockierung	block ier ung
sehnlich	sehnen lich
pfiffig	pfiff ig
stationierung	stationieren ung
roßberger	roßberg er
wahrscheinlichkeit	wahrscheinlich keit
stadionbesucher	stadionbesuch er
genießerin	genießen er in
reformer	reform er
rauschgiftsüchtig	rauschgiftsucht ig
kompostierung	kompost ier ung
schlußfolgerung	schlußfolgern ung
regierungskritiker	regierungskritik er
rückversicherung	rückversichern ung
luftigkeit	luftig keit
bombenwerfer	bombenwerfen er
regeltechniker	regeltechnik er
dienstrechtlich	dienstrecht lich
klarträumer	klartraum er
kindermacher	kindermachen er
wiederverwendbar	wiederverwenden bar
studienassessorin	studienassessor in
strafgerichtlich	strafgericht lich
transplantationsmediziner	transplantationsmedizin er
jazztrompeter	jazztrompete er
militärgeschichtlich	militärgeschichte lich
unduldsamkeit	un dulden sam keit
zentralisierung	zentral isier ung
oberhauser	oberhausen er
pokalsieger	pokalsieg er
verdummung	ver dumm ung
matin	mate in
kirchgängerin	kirchgang er in
landesbanker	landesbank er
lufttransporter	lufttransport er
stattlichkeit	statt lich keit
bereitwilligkeit	bereitwillig keit
treuhandpräsidentin	treuhandpräsident in
ukrainerin	ukraine er in
burgunder	burgunde er
wärterin	warten er in
reinigen	rein e ig
tragfähigkeit	tragfähig keit
künstlerin	künstler in
sachgebietsleiterin	sachgebietsleiter in
todeskandidatin	todeskandidat in
enteisung	enteisen ung
gegenständig	gegenstand ig
ursprünglich	ursprung lich
arbeitskollegin	arbeitskollege in
verhaltensforscherin	verhaltensforscher in
nachtschichtarbeiter	nachtschichtarbeit er
schwergängigkeit	schwergängig keit
raubfischer	raubfischen er
einpflanzung	einpflanzen ung
bewerbung	bewerben ung
mystikerin	mystik er in
diplomökonomin	diplomökonom in
realitätstüchtigkeit	realitätstüchtig keit
einsatzfreudigkeit	einsatzfreude ig keit
eigentümerin	eigentum er in
umdrehung	umdrehen ung
abfassung	abfassen ung
begeisterungsfähigkeit	begeisterungsfähig keit
bonnerin	bonne er in
weichherzigkeit	weichherzig keit
vertraulichkeit	vertrauen lich keit
hauer	haue er
verteidigungspolitiker	verteidigungspolitik er
landespfleger	landespflege er
kalkulierbar	kalkulieren bar
waffenlos	waffe los
zuteilung	zuteilen ung
weberin	web er in
normung	normen ung
wechsler	wechseln er
trassierung	trasse ier ung
sanitätsdienstlich	sanitätsdienst lich
twistringer	twistring er
wirkungslos	wirken ung los
krallig	krallen ig
scharrer	scharre er
beherrschung	beherrschen ung
trockner	trocknen er
thüringer	thüringen er
fruchtbar	fruchten bar
landesväterlich	landesvater lich
bodendenkmalpfleger	bodendenkmalpflege er
friedrichsberger	friedrichsberg er
kremer	krem er
klopfer	klopfen er
tankstellenräuber	tankstellenraub er
wildwüchsig	wildwuchs ig
nebenkläger	nebenklage er
oberallgäuer	oberallgäu er
mehrheitseigentümerin	mehrheitseigentum er in
florstädter	florstadt er
einzelhändlerin	einzelhändler in
wohnlichkeit	wohnen lich keit
doppelsieger	doppelsieg er
grenzenlos	grenzen e los
sexarbeiterin	sexarbeit er in
kränklich	kränken lich
wiederaufstellung	wiederaufstellen ung
abenteurer	abenteuer er
erlin	erle in
bösartigkeit	bösartig keit
zusätzlich	zusatz lich
projektleiterin	projektleiter in
nichtraucher	nichtrauchen er
unmäßigkeit	un mäßig keit
überversorgung	überversorgen ung
überkreuzung	überkreuzen ung
durchsichtigkeit	durchsicht ig keit
unpassierbar	un passieren bar
mittlerin	mittler e in
privatisierung	private isier ung
fortsetzerin	fortsetzen er in
fraktionskollegin	fraktionskollege in
kunstwissenschaftlerin	kunstwissenschaft ler in
benachrichtigung	benachrichtigen ung
vorsteherin	vorstehen in
ostfriesin	ostfriese in
zuwanderung	zuwandern ung
steuerbetrüger	steuerbetrug er
aufspaltung	auf spalt ung
eisschnelläuferin	eisschnellaufen er in
überforderung	überfordern ung
schützer	schützen er
organistin	organist in
zahnärztlich	zahnarzt lich
unterdurchschnittlich	unter durchschnitt lich
kaufbeurener	kaufbeuren er
auslassung	auslassen ung
bildungsreferentin	bildungsreferent in
filmemacher	filmemachen er
hauptschullehrerin	hauptschullehrer in
tötung	töten ung
sträußchen	strauß chen
justierung	justieren ung
schönhauser	schönhausen er
skilehrerin	skilehrer in
adelberger	adelberg er
schwerstarbeiter	schwerstarbeit er
internatsschüler	internatsschule er
achtundsechziger	achtundsechzig er
hanger	hang er
reiser	reisen er
richtig	richten ig
klassenkämpferin	klassenkampf er in
auswahlspieler	auswahlspiel er
aussiedelung	aussiedeln ung
agrartechniker	agrartechnik er
kunstkritikerin	kunstkritik er in
kickerin	kicken er in
rächerin	rächen er in
auswertung	auswerten ung
museumsleiterin	museumsleiter in
vertilgung	vertilgen ung
handelsschüler	handelsschule er
kleeberger	kleeberg er
zerstörer	zerstören er
schwülstigkeit	schwulst ig keit
bockwürstchen	bockwurst chen
bearbeiterin	bearbeiten er in
austrägerin	austragen er in
mühlheimer	mühlheim er
junglehrerin	junglehrer in
denunziantin	denunziant in
annchen	ann chen
geschäftemacher	geschäftemachen er
stiefväterlich	stiefvater lich
textilunternehmer	textilunternehmen er
handwerker	handwerk er
aussendung	aussenden ung
schlächter	schlachten er
schürfung	schürfen ung
kioskverkäufer	kioskverkauf er
auflockerung	auflockern ung
musikredakteurin	musikredakteur in
erfurterin	erfurt er in
kerstin	kerst in
entscheidung	entscheiden ung
vorbesprechung	vorbesprechen ung
instrumentalistin	instrument al ist in
verderber	ver derb er
steinbecker	steinbeck er
niedrigkeit	niedrig keit
beschäftigungspflichtig	beschäftigungspflicht ig
bärbeißigkeit	bärbeißig keit
lokalreporterin	lokalreporter in
hausjuristin	hausjurist in
menschenrechtlich	menschenrecht lich
stimmrechtslos	stimmrecht los
steuerberaterin	steuerberater in
hoffnungslos	hoffnung los
entdeckung	entdecken ung
mainzerin	mainz er in
umgangssprachlich	umgangssprache lich
wiesensteiger	wiesensteig er
belehrbar	belehren bar
ölabhängigkeit	ölabhängig keit
spitzbogig	spitzbogen ig
verelendung	ver elend ung
rechtsprofessorin	rechtsprofessor in
nachforderung	nachfordern ung
karmeliter	karmelit er
landesfürstlich	landesfürst lich
bogenberger	bogenberg er
falschschreibung	falschschreiben ung
landsberger	landsberg er
gutsherrin	gutsherr in
schulmediziner	schulmedizin er
hessin	hesse in
angreifbar	angreifen bar
jugendforscherin	jugendforscher in
überhörbar	überhören bar
scheidung	scheiden ung
trecker	treck er
radiojournalistin	radiojournalist in
ernüchterung	ernüchtern ung
achttausender	achttausend er
muffigkeit	muff ig keit
flußschiffer	flußschiff er
glücksburger	glücksburg er
bauarbeiterin	bauarbeit er in
zwischenzeitlich	zwischenzeit lich
unbrauchbar	un brauchen bar
entschlußfreudigkeit	entschlußfreude ig keit
turniertänzer	turniertanzen er
fleischig	fleisch ig
geschäftspartnerin	geschäftspartner in
nichtwähler	nichtwählen er
isin	ise in
algerierin	algerien er in
ravensburgerin	ravensburg er in
scherer	schere er
wegbegleiterin	wegbegleiter in
ausschüttung	ausschütten ung
bundespräsidentin	bundespräsident in
georgier	georgien er
seinsgeschichtlich	seinsgeschichte lich
unantastbarkeit	unantastbar keit
delegationsleiterin	delegationsleiter in
erforscher	er forsch er
verlesung	verlesen ung
kratzig	kratzen ig
haushaltsrechtlich	haushaltsrecht lich
aussonderung	aussondern ung
unterbindung	unterbinden ung
benotung	benoten ung
militärtransporter	militärtransport er
alleinerzieher	alleinerziehen er
wilhelmshavener	wilhelmshaven er
gleichförmigkeit	gleichförmig keit
lauterberger	lauterberg er
benutzer	benutzen er
nautiker	nautik er
versteigerer	ver steige er er
altenpflegeschüler	altenpflegeschule er
parteifreundin	parteifreund in
kellermeisterin	kellermeister in
weltenbummlerin	weltenbummler in
frühzeitig	frühzeit ig
verzeihung	verzeihen ung
wankelmütigkeit	wankelmut ig keit
schreckenberger	schreckenberg er
trittbrettfahrer	trittbrettfahren er
eigenwillig	eigenwille ig
operationsfähigkeit	operationsfähig keit
pforzheimer	pforzheim er
gartenbesitzerin	gartenbesitzer in
bildhauer	bildhauen er
patin	pate in
freiräumlich	freiräumen lich
gentechniker	gentechnik er
berufsgerichtlich	berufsgericht lich
feinfühligkeit	feinfühlig keit
befriedigung	befriedigen ung
verehelichen	ver ehe lich
fälligkeit	fällig keit
ideengeschichtlich	ideengeschichte lich
kokainsüchtig	kokainsucht ig
münstertaler	münstertal er
nuklearphysiker	nuklearphysik er
verstellbar	verstellen bar
umbesetzung	umbesetzen ung
verstaatlichen	ver staat lich
grafikerin	grafik er in
seniorin	seniore in
landessozialministerin	landessozialminister in
rheinländer	rheinland er
bauamtsleiterin	bauamtsleiter in
laxenburger	laxenburg er
energieplaner	energieplan er
wohnungsinhaberin	wohnungsinhaber in
geldverleiher	geldverleih er
tannenbäumchen	tannenbaum chen
palästinenserin	palästinenser in
inniglich	innig lich
diskussionsrednerin	diskussionsredner in
hoffähigkeit	hoffähig keit
segnung	segnen ung
vorläufer	vorlaufen er
untauglichkeit	un taugen lich keit
antagonistin	antagonist in
zwischenparteilich	zwischen partei lich
isolierung	isolieren ung
schirmchen	schirm chen
abflachung	abflachen ung
ergreifung	ergreifen ung
regieassistentin	regieassistent in
einschulung	einschulen ung
pressevertreterin	pressevertreter in
leiner	leine er
klein	klee in
abänderung	abändern ung
bildmächtig	bildmacht ig
jesulein	jesu lein
alleinschuldig	alleinschuld ig
wolkig	wolke ig
geiger	geigen er
eichenwäldchen	eichenwald chen
geistesgegenwärtig	geistesgegenwart ig
mazedonier	mazedonien er
bestechung	bestechen ung
haftunfähigkeit	haftunfähig keit
aussiedler	aussiedeln er
fuhrunternehmer	fuhrunternehmen er
überdeutlichkeit	über deutlich keit
einzelunternehmer	einzelunternehmen er
trittbrettfahrerin	trittbrettfahren er in
waldarbeiterin	waldarbeit er in
polizistenmörder	polizistenmord er
kurzurlauber	kurzurlaub er
serviererin	servie ier er in
schönenberger	schönenberg er
kreismeisterin	kreismeister in
pflegehelferin	pflegehelfer in
unterredung	unterreden ung
henneberger	henneberg er
beschlußunfähigkeit	beschlußunfähig keit
chefdramaturgin	chefdramaturg in
gesundheitsministerin	gesundheitsminister in
barbesitzerin	barbesitzer in
automechanikerin	automechaniker in
unabhängigkeit	un abhängen ig keit
nachzieher	nachziehen er
bibliotheksleiterin	bibliotheksleiter in
wiedererstarkung	wiedererstarken ung
bewegung	bewegen ung
musikgeschichtlich	musikgeschichte lich
neinsager	neinsagen er
vertäfelung	vertäfeln ung
archivarin	archivar in
zahlung	zahlen ung
straßenverkehrsbehördlich	straßenverkehrsbehörde lich
baumschützer	baumschutz er
heiligenhäuschen	heiligenhaus chen
libanesin	libanese in
aufhängung	aufhängen ung
vorspiegelung	vorspiegeln ung
franziskanerin	franziska aner in
abwechselung	abwechseln ung
anwärterin	anwärter in
gesundheitsberaterin	gesundheitsberater in
parlamentarierin	parlamentarier in
plastikbändchen	plastikband chen
denkmalspfleger	denkmalspflege er
umweltsenatorin	umweltsenator in
verschwendungssüchtig	verschwendungssucht ig
dosenöffner	dosenöffnen er
flößer	floß er
katzenartig	katzenart ig
gastrednerin	gastredner in
umstandslos	umstand los
abkapselung	abkapseln ung
ordnungsamtsleiterin	ordnungsamtsleiter in
seelsorglich	seelsorge lich
gratulantin	gratulant in
exekutivdirektorin	exekutivdirektor in
gänger	gang er
gegenspielerin	gegenspiel er in
rechtstaatlichkeit	rechtstaat lich keit
chemiewerker	chemiewerk er
krankenpfleger	krankenpflege er
notierung	notieren ung
baumgärtner	baumgarten er
unannehmbar	un annehmen bar
überdurchschnittlich	über durchschnitt lich
kerntechniker	kerntechnik er
neunecker	neuneck er
meinungsmacher	meinungsmache er
regierungssprecherin	regierungssprecher in
jägerin	jäger in
versager	versagen er
vollzeitschüler	vollzeitschule er
verfahrenstechniker	verfahrenstechnik er
korbflechter	korbflechten er
krefelder	krefeld er
singer	singen er
pharmareferentin	pharmareferent in
gutenberger	gutenberg er
offenbacherin	offenbach er in
umschreibung	umschreiben ung
altenessener	altenessen er
privatrechtlich	privatrecht lich
kalifornierin	kalifornien er in
esin	ese in
baumeisterin	baumeister in
instandhaltung	instandhalten ung
unaussprechbar	un aussprechen bar
verherrlichung	ver herr lich ung
schnarcher	schnarchen er
verbilligung	ver billig ung
löschung	löschen ung
umsteiger	um steig er
gesanglich	gesang lich
baustatiker	baustatik er
gebärfähigkeit	gebärfähig keit
kreatürlich	kreatur lich
geringachtung	geringachten ung
medaillengewinner	medaillengewinn er
räuber	rauben er
stromsparer	stromsparen er
stilgeschichtlich	stilgeschichte lich
asylsucher	asylsuche er
fünfeckig	fünfeck ig
furchtbarkeit	furchtbar keit
unterbelichtung	unterbelichten ung
kindermörderin	kindermord er in
verlagsleiterin	verlagsleiter in
straßenfahrer	straßenfahren er
filmeinkäufer	filmeinkauf er
weiterqualifizierung	weiterqualifizieren ung
hecker	heck er
regierungsvertreterin	regierungsvertreter in
praktikantin	praktikant in
tischlerin	tischler in
einmischung	einmischen ung
europarechtlich	europarecht lich
grillwürstchen	grillwurst chen
traktorfahrer	traktorfahren er
verbandspräsidentin	verbandspräsident in
pädagogin	pädagoge in
parteiarbeiter	parteiarbeit er
genforscherin	genforscher in
mitarbeitervertreterin	mitarbeitervertreter in
gelenkig	gelenk ig
ackerbaulich	ackerbau lich
volksschauspielerin	volksschauspiel er in
bandarbeiter	bandarbeit er
mitbürgerin	mitbürger in
sparpolitiker	sparpolitik er
parapsychologin	parapsychologe in
berufsständig	berufsstand ig
dahergelaufener	dahergelaufene er
auslieferung	ausliefern ung
heuberger	heuberg er
beobachterin	beobachten er in
knechtung	knechten ung
rückversicherer	rückversichern er
frankenberger	frankenberg er
entwickler	entwickeln er
entstellung	entstellen ung
fernschreiber	fernschreiben er
zitherspieler	zitherspiel er
rechtstaatlich	rechtstaat lich
entkrampfung	entkrampfen ung
universitätsprofessorin	universitätsprofessor in
kursgewinner	kursgewinn er
verzinslich	ver zins lich
fremdarbeiterin	fremdarbeit er in
unverträglichkeit	unverträglich keit
gleichschaltung	gleichschalten ung
anbieterin	anbieten er in
sanierer	sanieren er
herforder	herford er
schafscherer	schafscheren er
erfolglos	erfolg los
regreßpflichtig	regreßpflicht ig
aufschüttung	aufschütten ung
verbin	verb in
heroinsüchtig	heroinsucht ig
liebesfähigkeit	liebesfähig keit
giftigkeit	giften ig keit
viertausender	viertausend er
beiwohnung	beiwohnen ung
iraker	irak er
pfaffenberger	pfaffenberg er
pfiffigkeit	pfiff ig keit
kurzhaarig	kurzhaar ig
steller	stellen er
kürzlich	kürzen lich
religionsschüler	religionsschule er
vortäuschung	vortäuschen ung
töter	tote er
schwerlich	schwer e lich
überbelichtung	überbelichten ung
speditionsunternehmer	speditionsunternehmen er
musterkläger	musterklage er
golferin	golf er in
habgierig	habgier ig
nachtarbeiter	nachtarbeit er
gutgläubigkeit	gutgläubig keit
abrechnung	abrechnen ung
bewaffnung	bewaffnen ung
weltmeisterlich	weltmeister lich
vierteilung	vierteilen ung
musiklehrerin	musiklehre er in
stahlhelmer	stahlhelm er
herleitung	herleiten ung
absendung	absenden ung
vermännlichen	ver mann lich
oberschlesierin	oberschlesien er in
hingebung	hingeben ung
menschenfeindlich	menschenfeind lich
unbußfertigkeit	un bußfertig keit
berechtigung	berechtigen ung
vorderpfälzer	vorderpfalz er
würdelos	würde los
entzündung	entzünden ung
schloßbesucher	schloßbesuch er
parteiförmig	parteiform ig
expliziter	explizit e er
galopper	galopp er
schätzbar	schätzen bar
liliputanerin	liliput aner in
bombenleger	bombenlegen er
verlader	verladen er
firmin	firm e in
nacherfassung	nacherfassen ung
simin	sime in
hühnerleber	hühnerleben er
einspeisung	einspeisen ung
panzerfahrer	panzerfahren er
freisetzung	freisetzen ung
blockflötistin	blockflöte ist in
verbreitung	ver breit ung
trottelig	trottel ig
wohltätigkeit	wohltat ig keit
rodlerin	rod ler in
vertrauensärztlich	vertrauensarzt lich
geher	gehen er
hauptlehrer	hauptlehre er
begründerin	begründen er in
entspannung	ent spanne ung
unumkehrbar	un umkehren bar
parteigängerin	parteigänger in
zuckung	zucken ung
anpassungswillig	anpassungswille ig
vollzeitig	vollzeit ig
sprachheillehrerin	sprachheillehrer in
bauunternehmer	bauunternehmen er
veränderung	verändern ung
liedchen	lied chen
kartenkäufer	kartenkauf er
chiffrierung	chiffre ier ung
bundesgeschäftsführerin	bundesgeschäftsführer in
namenspatronin	namenspatron in
aufheiterung	aufheitern ung
fragerin	fragen er in
skatspieler	skatspielen er
ungültigkeit	un gültig keit
ticketverkäufer	ticketverkauf er
salzkörner	salzkorn er
freizeitspieler	freizeitspiel er
stadtplanerin	stadtplan er in
verständigung	ver ständig ung
unheilbar	un heilen bar
wanderfreudig	wanderfreude ig
wüstenstädtchen	wüstenstadt chen
marmeladenbrötchen	marmeladenbrot chen
eibauer	eibau er
dezimierung	dezimieren ung
konjunkturabhängigkeit	konjunkturabhängig keit
kurzwellenempfänger	kurzwellenempfang er
satanspriesterin	satanspriester in
pförtnerin	pförtner in
überempfindlichkeit	über empfinden lich keit
drogenberaterin	drogenberater in
faltung	falten ung
friedrichshainer	friedrichshain er
abreibung	abreiben ung
russischlehrerin	russischlehrer in
marxistin	marx ist in
pressung	pressen ung
landeskirchlich	landeskirche lich
olympiateilnehmerin	olympiateilnehmer in
hofgärtner	hofgarten er
tschernobyler	tschernobyl er
widerrechtlich	wider recht lich
fernsehreporterin	fernsehreporter in
vielstimmigkeit	vielstimmig keit
moralistin	moral ist in
bremerhavener	bremerhaven er
beglaubigung	beglaubigen ung
spieler	spielen el er
einbürgerung	ein bürgen ung
verwendbarkeit	verwendbar keit
wirkungsmächtig	wirkungsmacht ig
rechtspolitiker	rechtspolitik er
skiläuferin	skilaufen er in
dividendenfähigkeit	dividendenfähig keit
hausfraulich	hausfrau lich
arbeitswissenschaftlich	arbeitswissenschaft lich
irakerin	irak er in
aufbauspieler	aufbauspiel er
bibliotheksbesucher	bibliotheksbesuch er
beschilderung	beschildern ung
reimer	reimen er
faulig	faulen e ig
programmierer	programm ier er
wundertätig	wundertat ig
babysitter	babysitte er
ausbreitung	ausbreiten ung
schönecker	schöneck er
heiner	heinen er
verweltlichung	ver welt lich ung
chemnitzer	chemnitz er
unterbewertung	unterbewerten ung
gräulich	grau lich
soziologieprofessorin	soziologieprofessor in
ziegenzüchter	ziegenzucht er
vollblütig	vollblüte ig
märchenerzählerin	märchenerzählen er in
lebensfreudig	lebensfreude ig
fallschirmspringer	fallschirmspringen er
stadtentwicklungssenatorin	stadtentwicklungssenator in
abbaubar	abbauen bar
raunheimer	raunheim er
wartung	warten ung
manierlich	manier lich
luftfrachter	luftfracht er
bewertung	bewerten ung
anbindung	anbinden ung
sandkühler	sandkühle er
lichtpünktchen	lichtpunkt chen
ortskundiger	ortskundige n er
ausreißerin	ausreißen in
panzerbauer	panzerbau er
erweiterung	erweitern ung
exzentrikerin	exzentrik er in
stapler	stapeln er
entschlußfreudig	entschlußfreude ig
holztechniker	holztechnik er
vorläufig	vorlaufen ig
modellbauer	modellbau er
steinmännchen	steinmann chen
bühnengestalter	bühnengestalt er
frevlerin	freveln er in
fahrkartenverkäufer	fahrkartenverkauf er
statistin	statisch ist in
artikelschreiber	artikelschreiben er
angriffsfreudigkeit	angriffsfreudig keit
teilung	teilen ung
beanstandungslos	be anstand ung los
weisheitslehrer	weisheitslehren er
ringer	ringen er
exotin	exot in
holprigkeit	holprig keit
ansteckung	anstecken ung
vergeudung	vergeuden ung
importeurin	importeur in
bediener	bedienen er
rainer	rain er
mitkämpferin	mitkämpfen in
ungleichzeitig	un gleichzeit ig
freitäglich	freitag lich
quarter	quarte er
fraktionsmitarbeiterin	fraktionsmitarbeiter in
gleichgewichtigkeit	gleichgewicht ig keit
entscheidungsfreudig	entscheidungsfreude ig
zahlungsfähigkeit	zahlungsfähig keit
shahin	shah in
überschreitbar	überschreiten bar
urnengänger	urnengang er
anmietung	anmieten ung
erwerbbar	erwerben bar
hinrichtung	hinrichten ung
stauchung	stauchen ung
pflichtverteidigerin	pflichtverteidiger in
laienschauspielerin	laienschauspieler in
balder	balde er
schweigsamkeit	schweigen sam keit
kleiderlos	kleid los
straßenkehrer	straßenkehren er
fährschiffer	fährschiff er
büroarbeiter	büroarbeit er
gegenständlichkeit	gegenstand lich keit
verschlimmerung	ver schlimm ung
steiermärker	steiermark er
komplettierung	komplette ier ung
einwirkung	einwirken ung
unzulänglichkeit	unzulänglich keit
seelenlos	seele los
expremierministerin	expremierminister in
münchnerin	münchen er in
innerlich	inner e lich
teilprivatisierung	teilprivatisieren ung
weinverkäufer	weinverkauf er
langzeitstudentin	langzeitstudent in
dominikanerin	dominika aner in
nachdenklichkeit	nachdenken lich keit
bedürfnislos	bedürfen nis los
demokratiefeindlichkeit	demokratiefeind lich keit
parteisprecherin	parteisprecher in
fleischverkäufer	fleischverkauf er
fortpflanzungsfähigkeit	fortpflanzungsfähig keit
fallschirmspringerin	fallschirmspringen er in
wismarer	wismar er
investorin	investor in
versachlichen	ver sache lich
erdenklich	erdenken lich
verzichtbar	verzichten bar
industriestädtchen	industriestadt chen
bankräuberin	bankraub er in
liebeslyriker	liebeslyrik er
anwerbung	anwerben ung
gärtringer	gärtringen er
bogenförmig	bogenform ig
rundenzähler	rundenzählen er
reformistin	reform ist in
basketballer	basketball er
kurzwellig	kurzwelle ig
heimgärtner	heimgarten er
rahmig	rahm ig
geschlechtsgenossin	geschlechtsgenosse in
querdenkerin	querdenken er in
altenpfleger	altenpflege er
uneinheitlich	un einheit lich
trägerin	trage er in
heiterkeit	heiter keit
kliniker	klinik er
verständigkeit	verständig keit
arbeitsrechtlerin	arbeitsrecht ler in
getreidebauer	getreidebau er
bereitstellung	bereitstellen ung
überstürzung	überstürzen ung
wegbereiterin	wegbereiter in
wüstenstürmer	wüstensturm er
pragerin	prag er in
küstenschützer	küstenschutz er
volkskirchlich	volkskirche lich
dubliner	dublin er
kanzlerkandidatin	kanzlerkandidat in
führer	führen er
glücksspieler	glücksspiel er
außenministerin	außenminister in
betriebsratslos	betriebsrat los
eigensinnig	eigensinn ig
garmischer	garmisch er
unterbezahlung	unterbezahlen ung
allgegenwärtigkeit	allgegenwart ig keit
allein	allee in
milderung	mildern ung
läuferin	lauf er in
faschistin	faschist in
anschuldigung	anschuldigen ung
rathauschefin	rathauschef in
nachmeldung	nachmelden ung
mündchen	mund chen
rechtsförmig	rechtsform ig
dummschwätzer	dummschwatz er
sonderberichterstatterin	sonderberichterstatter in
etappensieger	etappensieg er
berner	bern er
übellaunigkeit	übellaunig keit
fühlbar	fühlen bar
offenkundigkeit	offenkundig keit
minderjährigkeit	minderjährig keit
materielos	materie los
fingerfertigkeit	fingerfertig keit
nachmessung	nachmessen ung
erheiterung	erheitern ung
transferierung	transfer ier ung
rechtsberaterin	rechtsberater in
psychiaterin	psychiater in
kauzig	kauz ig
verwilderung	verwildern ung
biberacher	biberach er
büroleiterin	büroleiter in
stopper	stoppen er
oppositionslos	opposition los
schmachtenhagener	schmachtenhagen er
spezialgesetzlich	spezialgesetz lich
elektrotechnikerin	elektrotechnik er in
verschränkung	verschränken ung
hälmchen	halm chen
konvertierbarkeit	konvertieren bar keit
habsburger	habsburg er
lebenstüchtigkeit	lebenstüchtig keit
rezitatorin	rezitator in
reihenhäuschen	reihenhaus chen
obstverkäufer	obstverkauf er
halter	halten er
codierung	code ier ung
entsorgungsunternehmer	entsorgungsunternehmen er
motorradbauer	motorradbau er
reederin	reede er in
seltsamkeit	seltsam keit
bitterkeit	bitter keit
mattheuer	mattheu er
hausberger	hausberg er
erweckung	erwecken ung
stücklein	stück lein
steuerabzugsfähigkeit	steuerabzugsfähig keit
gastspieler	gastspiel er
wiedereingliederung	wiedereingliedern ung
demokratiefeindlich	demokratiefeind lich
baulichkeit	bau lich keit
bewirtschaftung	be wirtschaft ung
wortspieler	wortspiel er
betreiber	betreiben er
empfänger	empfang er
unzurechnungsfähigkeit	unzurechnungsfähig keit
dreimalig	dreimal ig
unwirtschaftlich	un wirtschaften lich
kommunikationsdesigner	kommunikationsdesign er
verinnerlichen	ver inner e lich
salzburger	salzburg er
kündigung	kündigen ung
filmmusiker	filmmusik er
ozeanier	ozeanien er
elternsprecherin	elternsprecher in
teilnehmer	teilnehmen er
reinier	reina er
forschungsleiterin	forschungsleiter in
teilsanierung	teilsanieren ung
innerwestlich	inner weste lich
vereinskameradin	vereinskamerad in
rottenberger	rottenberg er
weilchen	weile chen
verwunderung	verwundern ung
kronstädter	kronstadt er
kreisarchäologin	kreisarchäologe in
tänzerin	tanz er in
religionswissenschaftlerin	religionswissenschaft ler in
nordkoreanerin	nordkorea aner in
grundrechtlich	grundrecht lich
fensterbauer	fensterbau er
jugendläufer	jugendlauf er
abmahnung	abmahnen ung
produktdesigner	produktdesign er
spießbürgerlich	spießbürger lich
imprägnierung	imprägnieren ung
ermüdung	ermüden ung
verantwortung	verantworten ung
kreuzigen	kreuz ig
schlößchen	schloß chen
goldschmiedin	goldschmiede in
menschenartig	menschenart ig
feuerwerker	feuerwerk er
verweigerung	verweigern ung
decodierung	decodieren ung
steuersparer	steuersparen er
kastanienwäldchen	kastanienwald chen
beugung	beugen ung
nachkriegspolitiker	nachkriegspolitik er
vergeblich	vergeben lich
wirtschaftsprüferin	wirtschaftsprüfer in
schieber	schieben er
freigängerin	freigang er in
überbietung	überbieten ung
rückläufig	rücklauf ig
zünder	zünden er
landestrainerin	landestrainer in
literaturwissenschaftlerin	literaturwissenschaft ler in
jetztzeitig	jetztzeit ig
abtrennung	abtrennen ung
trickbetrüger	trickbetrug er
todesmutig	todesmut ig
rechtskräftig	rechtskraft ig
spätwinterlich	spätwinter lich
anklägerin	anklagen er in
heizungsbauer	heizungsbau er
anlagebetrüger	anlagebetrug er
verwirklichen	ver wirken lich
imagepfleger	imagepflege er
pflanzung	pflanzen ung
sauerstofflos	sauerstoff los
ortenburger	ortenburg er
kuratorin	kurator in
wehleidigkeit	wehleid ig keit
anregung	anregen ung
täfelchen	tafel chen
negerin	neger in
umgruppierung	umgruppieren ung
ausbildungslos	ausbilden ung los
karolin	karol in
aushilfskellnerin	aushilfskellner in
birker	birk er
hochstufung	hochstufen ung
architekturkritiker	architekturkritik er
harmoniesüchtig	harmoniesucht ig
entwaldung	ent wald ung
landflüchtig	landflucht ig
stellvertreterin	stellvertreten er in
lustfeindlichkeit	lustfeindlich keit
staatskirchlich	staatskirche lich
überlagerung	überlagern ung
integrationswillig	integrationswille ig
uneigennützig	un eigennutz ig
mütterlichkeit	mutter lich keit
sendung	senden ung
neandertalerin	neandertaler in
ballettlehrerin	ballettlehrer in
araberin	arab er in
mauerlos	mauer los
waldorfschüler	waldorfschule er
spezifizierung	spezifizieren ung
krebsanfälligkeit	krebsanfällig keit
sistierung	sistieren ung
beharrung	beharren ung
schürfer	schürfen er
bromberger	bromberg er
tagung	tagen ung
klarinettenspieler	klarinettenspiel er
pfandleiher	pfandleihe er
metallbauer	metallbau er
enthaltung	enthalten ung
verkohlung	ver kohle ung
nichtpolitiker	nichtpolitik er
bergwanderung	bergwandern ung
doppelmörder	doppelmord er
tellerwäscher	tellerwaschen er
unchristlichkeit	un chr ist lich keit
schicklichkeit	schick e lich keit
landwirtschaftsexpertin	landwirtschaftsexperte in
selbstverständlichkeit	selbstverständlich keit
hörspielautorin	hörspielautor in
geschwisterlich	geschwister lich
generalmusikdirektorin	generalmusikdirektor in
waschung	waschen ung
glückstädter	glückstadt er
militärexpertin	militärexperte in
gastschülerin	gastschüler in
zulieferung	zuliefern ung
ausbeuter	ausbeuten er
anwenderin	anwenden er in
radiomoderatorin	radiomoderator in
tauglichkeit	taugen lich keit
übernachtung	übernachten ung
enthauptung	enthaupten ung
reagenzgläschen	reagenzglas chen
kiefernwäldchen	kiefernwald chen
kunstspringer	kunstspringen er
abführung	abführen ung
installationskünstlerin	installationskunst ler in
gebräuchlich	gebrauch lich
mißachtung	mißachten ung
kriegsdienstgegnerin	kriegsdienstgegner in
archivpfleger	archivpflege er
nördlich	nord lich
knöpfchen	knopf chen
geschichtslehrerin	geschichtslehrer in
schmarotzer	schmarotzen er
verwaltung	verwalten ung
gelegenheitskäufer	gelegenheitskauf er
pausenlos	pause los
besinnlichkeit	besinnen lich keit
ausstrahlung	aus strahl ung
südtirolerin	südtirol er in
münzer	münz er
südwürttemberger	südwürttemberg er
schillern	schill er
explosionsgefährlich	explosionsgefahr lich
besorgung	besorgen ung
kippenberger	kippenberg er
eigensüchtig	eigensucht ig
sünder	sünde er
reihung	reihen ung
vernarbung	ver narbe ung
leistungsfeindlichkeit	leistungsfeindlich keit
mitverantwortung	mitverantworten ung
lebenslustig	lebenslust ig
zuversichtlichkeit	zuversicht lich keit
betreuung	betreuen ung
naturschiefer	naturschiefe er
pathologin	pathologe in
eigennützig	eigennutz ig
verkleinerung	ver klein ung
hochspringer	hochspringen er
fleischer	fleisch er
selbstgefälligkeit	selbstgefallen ig keit
modellflieger	modellfliegen er
privatgutachter	privatgutachten er
seriensiegerin	seriensieger in
freiberuflerin	freiberufler in
investitionsfreudig	investitionsfreude ig
häutung	häuten ung
selbstsüchtig	selbstsucht ig
oberösterreicher	oberösterreich er
überehrgeizig	über ehrgeiz ig
antisemitin	antisemit in
papierlos	papier los
naturschutzrechtlich	naturschutzrecht lich
kaltstellung	kaltstellen ung
innenstädter	innenstadt er
flugzeugbauer	flugzeugbau er
narbig	narbe ig
eiförmig	eiform ig
überfüllung	überfüllen ung
wäscherin	waschen er in
kindsmörderin	kindsmord er in
feierlichkeit	feier lich keit
volksfestbesucher	volksfestbesuch er
lieblichkeit	lieben lich keit
gerichtsreporter	gerichtsreport er
sachkundig	sachkunde ig
verflüssigung	ver flüssig ung
vaihinger	vaihingen er
verjüngung	verjüngen ung
modeschöpferin	modeschöpfer in
füllung	füllen ung
prozeßbeobachterin	prozeßbeobachter in
zusammengehörig	zusammengehören ig
absenderin	absenden er in
fachkundig	fachkunde ig
wunderbar	wundern bar
wirtschaftsgeschichtlich	wirtschaftsgeschichte lich
koalitionspartnerin	koalitionspartner in
schlucker	schlucken er
stadtgestalter	stadtgestalt er
bloßstellung	bloßstellen ung
gottesdienstbesucher	gottesdienstbesuch er
rationierung	ration ier ung
nachfahrin	nachfahr in
studentensprecherin	studentensprecher in
nichtskönner	nichtskönnen er
bierverkäufer	bierverkauf er
kriegsberichterstatterin	kriegsberichterstatter in
ungastlich	un gast lich
raketenbauer	raketenbau er
projektierung	projekt ier ung
spielfähigkeit	spielfähig keit
obstverkäuferin	obstverkauf er in
schahin	schah in
ebenbürtigkeit	ebenbürtig keit
traktoristin	traktor ist in
minimierung	minimieren ung
schriftsteller	schriftstelle er
komprimierung	komprimieren ung
fußpfleger	fußpflege er
manager	managen er
zerrüttung	zerrütten ung
würdigkeit	würdig keit
luftschiffer	luftschiff er
sexualwissenschaftlich	sexualwissen schaft lich
weggefährtin	weggefährte in
leidenschaftslos	leiden schaft los
alternativlos	alternative los
unscheinbar	un scheinen bar
lorin	lore in
serber	serbe er
ostschweizer	ostschweiz er
laborleiterin	laborleiter in
widerruflich	widerrufen lich
kiewer	kiew er
krieger	krieg er
genesung	genesen ung
wildschützer	wildschütz er
meitinger	meitingen er
unerbittlichkeit	unerbittlich keit
zwielichtig	zwielicht ig
bewirtung	bewirten ung
bundessieger	bundessieg er
weinstädtchen	weinstadt chen
salzstreuer	salzstreuen er
schiedsrichterin	schiedsrichter in
begreiflich	begreifen lich
warenförmig	warenform ig
überzahlung	über zahl ung
heimkehrer	heimkehren er
näher	nähen e er
wiederverheiratung	wiederverheiraten ung
kommunalwissenschaftlich	kommunalwissenschaft lich
schützerin	schützen er in
flüchtlingsberaterin	flüchtlingsberater in
pitter	pitt er
sommerhäuschen	sommerhaus chen
großmütterchen	großmutter chen
bannerträgerin	bannerträger in
museumswärterin	museumswärter in
überdüngung	überdüngen ung
bewehrung	bewehren ung
angstlos	angst los
glaublich	glauben lich
doktorandin	doktorand in
wirtin	wirt in
zwangsarbeiter	zwangsarbeit er
zustimmungsbedürftigkeit	zustimmungsbedürftig keit
sensationssieger	sensationssieg er
auferstehung	auferstehen ung
philologin	philologe in
amtsvorgängerin	amtsvorgänger in
zerstückelung	zerstückeln ung
pflüger	pflug er
übersteiger	übersteigen er
nahöstlich	nahost lich
erzbischöflich	erzbischof lich
straßensozialarbeiter	straßensozialarbeit er
radschläger	radschlagen er
arbeitsamkeit	arbeiten sam keit
kantorin	kantor in
rostocker	rostock er
weitsichtigkeit	weitsicht ig keit
taucher	tauchen er
programmplaner	programmplan er
rechtsgutachter	rechtsgutachten er
überlebenskämpfer	überlebenskampf er
gesundheitsdezernentin	gesundheitsdezernent in
kühltransporter	kühltransport er
negierung	negieren ung
irrlehrer	irrlehre er
lächerlichkeit	lächerlich keit
ungeschlechtlich	un geschlecht lich
abtragung	abtragen ung
machttechniker	machttechnik er
tarifvertraglich	tarifvertrag lich
vernunftlos	vernunft los
innergemeinschaftlich	inner gemeinschaft lich
maserung	masern ung
skiflieger	skifliegen er
zehnkämpfer	zehnkampf er
betreuerin	betreuen er in
unbestechlich	un bestechen lich
empfehlung	empfehlen ung
bergungsarbeiter	bergungsarbeit er
akkreditierung	akkreditieren ung
spreeathener	spreeathen er
degradierung	degradieren ung
verweslich	verwesen lich
vormundschaftsgerichtlich	vormundschaftsgericht lich
kanufahrer	kanufahren er
diplomvolkswirtin	diplomvolkswirt in
schriftlich	schrift lich
prinzlich	prinz lich
anbieter	anbieten er
hinderung	hindern ung
unverbindlich	un verbinden lich
minikleidchen	minikleid chen
dreibeinig	dreibein ig
bettchen	bett chen
aussperrung	aussperren ung
handelsvertreterin	handelsvertreter in
änderungsschneiderin	änderungsschneider in
seelsorgerlich	seelsorge er lich
freiberger	freiberg er
sinnlich	sinn lich
widerwillig	widerwille ig
rekonstruierung	rekonstruieren ung
metzinger	metzingen er
staatlich	staat lich
normalverbraucherin	normalverbraucher in
auftraggeberin	auftraggeber in
jahreszeitlich	jahreszeit lich
schiersteiner	schierstein er
popmusiker	popmusik er
beatmung	beatmen ung
werkstofftechniker	werkstofftechnik er
handelsministerin	handelsminister in
verläßlich	verlaß lich
medizinerin	medizin er in
mitbestimmung	mitbestimmen ung
brandenburgerin	brandenburg er in
grundstücksverkäufer	grundstücksverkauf er
sanitäterin	sanitäter in
sprachauffälligkeit	sprachauffällig keit
museumsbesucher	museumsbesuch er
sozialpartnerschaftlich	sozialpartner schaft lich
begnadigung	begnadigen ung
belegung	belegen ung
selbsternennung	selbsternennen ung
fortführung	fortführen ung
grafikdesignerin	grafikdesign er in
vielseitigkeit	vielseitig keit
schuldunfähigkeit	schuldunfähig keit
geschäftlich	geschäft lich
verdaulichkeit	verdauen lich keit
kunstgewerblich	kunstgewerbe lich
sudanesin	sudanese in
wunderlin	wunderle in
sieder	siede er
strahlung	strahlen ung
künzelsauer	künzelsau er
kommunalrechtlich	kommunalrecht lich
sozialromantiker	sozialromantik er
bläserin	blase er in
mittelstürmerin	mittelstürmer in
störung	stören ung
violinistin	viola ine ist in
kanadier	kanada er
lehmig	lehm ig
rockmusikerin	rockmusik er in
findigkeit	findig keit
ungewöhnlich	un gewöhnen lich
kennzeichnungspflichtig	kennzeichnungspflicht ig
gründungsgesellschafter	gründungsgesellschaft er
schaffer	schaffen er
gruftig	gruft ig
trinker	trinken er
gästeführerin	gästeführer in
mathematiker	mathematik er
selbständigkeit	selbständig keit
widerborstig	wider borste ig
austauschschülerin	austauschschüler in
markierung	markieren ung
toaster	toast er
staatsanwaltschaftlich	staatsanwalt schaft lich
weltmarktfähigkeit	weltmarktfähig keit
regionalplaner	regionalplan er
didaktiker	didaktik er
kommandierung	kommandieren ung
vorfertigung	vorfertigen ung
unterbrecher	unterbrechen er
hindernisläufer	hindernislauf er
straßenmusiker	straßenmusik er
parteifeindlich	parteifeind lich
konfessionslos	konfession los
frankfurterin	frankfurt er in
sternsinger	sternsingen er
bernburger	bernburg er
datierung	datieren ung
augenblicklich	augenblick lich
berufsunfähigkeit	berufsunfähig keit
schwerelos	schwer e los
wissenschaftssenatorin	wissenschaftssenator in
verleumdung	verleumden ung
gitarristin	gitarre ist in
konditionierung	kondition ier ung
neustädterin	neustadt er in
runderneuerung	runderneuern ung
diskussionspartnerin	diskussionspartner in
kater	kate er
bearbeitung	bearbeiten ung
kindergärtner	kindergarten er
städter	stadt er
verschmutzung	ver schmutz ung
trächtigkeit	trächtig keit
hetzer	hetze er
vorjahresgewinner	vorjahresgewinn er
bezirkschefin	bezirkschef in
samenkörnchen	samenkorn chen
altersforscherin	altersforscher in
schulsozialarbeiterin	schulsozialarbeit er in
angstgegnerin	angstgegner in
taunusstädtchen	taunusstadt chen
verabschiedung	ver abschied ung
verteuerung	ver teuer ung
radiohörer	radiohören er
reporter	report er
ersatzlos	ersatz los
tierschützerin	tierschutz er in
tiefbauunternehmer	tiefbauunternehmen er
kunstturner	kunstturnen er
sinnsucher	sinnsuche er
leitfähigkeit	leitfähig keit
grüner	grün e er
südamerikanerin	südamerika aner in
eßsüchtig	eßsucht ig
parteispender	parteispende er
vierkantig	vierkant ig
fürsorglich	fürsorge lich
größenwahnsinnig	größenwahnsinn ig
verhandlungsleiterin	verhandlungsleiter in
sandkörner	sandkorn er
ungenießbar	un genießen bar
sozialfürsorgerin	sozialfürsorge er in
goldfarbig	goldfarbe ig
technikerin	technik er in
sozialökonomin	sozialökonom in
nikotinabhängigkeit	nikotinabhängig keit
großmeisterin	großmeister in
hauptdarstellerin	hauptdarsteller in
unzeitig	unzeit ig
lyoner	lyon er
taxiunternehmer	taxiunternehmen er
staatswirtschaftlich	staatswirtschaft lich
christopher	christophe er
gartenplaner	gartenplan er
schmerzempfindlichkeit	schmerzempfindlich keit
sklavenarbeiter	sklavenarbeit er
bemerkung	bemerken ung
vorstandsvorsitzer	vorstandsvorsitz er
verpflanzung	ver pflanzen e ung
rechtlos	recht e los
modifizierung	modifizieren ung
eingreifer	eingreifen er
stapelbar	stapeln bar
übeltäter	übeltat er
schläfer	schläfe er
parteikritiker	parteikritik er
schuldfähigkeit	schuldfähig keit
korrekter	korrekte n er
neuwerker	neuwerk er
übersehbar	übersehen bar
verlagerung	verlagern ung
würstchen	wurst chen
beurteilung	beurteilen ung
suppig	suppe ig
militärmediziner	militärmedizin er
auffrischung	auffrischen ung
verfassungsrechtlich	verfassungsrecht lich
zuweisung	zuweisen ung
fotodesigner	fotodesign er
unglaubwürdigkeit	un glaubwürdig keit
volksschullehrerin	volksschullehrer in
mulattin	mulatte in
opernliebhaberin	opernliebhaber in
literaturstudentin	literaturstudent in
friedenskämpferin	friedenskampf er in
holzschläger	holzschlag er
rehabilitierung	rehabilitieren ung
erkenntlichkeit	erkenntlich keit
rassegeflügelzüchter	rassegeflügelzucht er
mündung	münden ung
voreilig	vor eilen ig
disziplinarrechtlich	disziplinarrecht lich
bieter	bieten er
sozialarbeiterin	sozialarbeit er in
sandberger	sandberg er
leichtsinnig	leichtsinn ig
stahlarbeiter	stahlarbeit er
schönberger	schönberg er
nationalistin	nationale ist in
titelverteidigerin	titelverteidiger in
chemotechnikerin	chemotechniker in
abscheulich	abscheu lich
vorturnerin	vorturnen in
abstammung	abstammen ung
demokratieunfähigkeit	demokratieunfähig keit
vollziehung	vollziehen ung
allgemeinverständlichkeit	allgemeinverständlich keit
verweltlichen	ver welt lich
schnörkellos	schnörkel los
angriffslustig	angriffslust ig
unkenrufer	unkenrufen er
uneinsichtig	un einsicht ig
schneiderin	schneiden er in
selbstmörder	selbstmord er
bekundung	bekunden ung
parteipolitiker	parteipolitik er
kochbuchautorin	kochbuchautor in
zeitgenossin	zeitgenosse in
unglücklich	unglück lich
bedeutsamkeit	bedeuten sam keit
kleinhändlerin	kleinhändler in
überteuerung	über teuer ung
dreizügigkeit	dreizügig keit
übernächtig	übernachten ig
abstrafung	ab strafen e ung
brauchtumspfleger	brauchtumspflege er
domstädterin	domstadt er in
senkrechtstarter	senkrechtstart er
alterspräsidentin	alterspräsident in
wächter	wächte er
begrenzung	begrenzen ung
oldenburger	oldenburg er
versicherungsnehmerin	versicherungsnehmer in
perserin	perser in
verfärbung	verfärben ung
menner	menne er
reisefreudigkeit	reisefreude ig keit
beweger	bewegen er
räubern	raub er
geschmeidig	geschmeide ig
verkäuflichkeit	verkauf lich keit
ausmusterung	aus muster ung
neuerlich	neuere lich
hochleistungssportlerin	hochleistungssport ler in
urwüchsigkeit	urwüchsig keit
religionsgeschichtlich	religionsgeschichte lich
seelenfänger	seelenfang er
heilkundig	heilkunde ig
augenlos	auge los
sinnvoller	sinnvollen er
optimistischer	optimist isch e n er
landschaftsplanerin	landschaftsplan er in
verirrung	ver irre ung
abteilungsleiterin	abteilungsleiter in
brüter	brüten er
eigennützigkeit	eigennutz ig keit
blondhaarig	blondhaar ig
studienabsolventin	studienabsolvent in
mitleidslos	mitleid los
thailänder	thailand er
ehrlos	ehren e los
verzierung	verzieren ung
aktualisierung	aktualisieren ung
redaktionsleiterin	redaktionsleiter in
klinger	klingen e er
rabenecker	rabeneck er
fahrradverleiher	fahrradverleih er
kipper	kippen er
opportunistin	opportun ist in
unversöhnlichkeit	unversöhnlich keit
überzeugungstäter	überzeugungstat er
schauspieldirektorin	schauspieldirektor in
querdenker	querdenken er
zwischenrufer	zwischenrufen er
evakuierung	evakuieren ung
verpackung	verpacken ung
blasmusiker	blasmusik er
jugendturnerin	jugendturnen er in
amtstierärztlich	amtstierarzt lich
bensheimer	bensheim er
steinhäuschen	steinhaus chen
verbüßung	verbüßen ung
zentralbanker	zentralbank er
belebung	beleben ung
umverteilung	umverteilen ung
formbar	formen bar
verweiblichen	ver weib lich
besiegelung	besiegeln ung
gesamtwirtschaftlich	gesamtwirtschaft lich
badelustig	badelust ig
einzelkämpfer	einzelkampf er
geschirrspüler	geschirrspülen er
namensrechtlich	namensrecht lich
zwiespältig	zwiespalt ig
zinngießer	zinngießen er
weindörfchen	weindorf chen
wirtschaftspolitiker	wirtschaftspolitik er
befürworter	befürworten er
halbierung	halb ier ung
wohltäterin	wohltat er in
trübsalbläser	trübsalblasen er
überbewertung	überbewerten ung
züchterin	züchten er in
säuferin	saufen er in
unanstößig	un anstoß ig
ursprünglichkeit	ursprung lich keit
willkürlich	willkür lich
wartepflichtig	wartepflicht ig
sportjournalistin	sportjournalist in
verbraucherschützerin	verbraucherschutz er in
gattungsgeschichtlich	gattungsgeschichte lich
mainstädter	mainstadt er
wahlhelferin	wahlhelfer in
kleingläubigkeit	kleingläubig keit
anführung	anführen ung
filterung	filtern ung
massig	masse ig
medienrechtlich	medienrecht lich
kirchenbauer	kirchenbau er
verärgerung	ver ärger ung
geigerin	geigen er in
fünfprozentig	fünfprozent ig
tiefbauer	tiefbau er
jungforscherin	jungforscher in
konzentrierung	konzentrieren ung
doppelagentin	doppelagent in
vereinskollegin	vereinskollege in
schneckenförmig	schneckenform ig
heilsgeschichtlich	heilsgeschichte lich
eingemeindung	eingemeinden ung
autorin	autor in
öffentlichkeit	öffentlich keit
forschung	forschen ung
staatsschauspielerin	staatsschauspiel er in
sinologin	sinologe in
formulierung	formulieren ung
studienkollegin	studienkollege in
unnachgiebigkeit	un nachgiebig keit
kolonialstädtchen	kolonialstadt chen
ausgrenzung	ausgrenzen ung
ecker	eck er
sanierungspflichtig	sanierungspflicht ig
versicherung	versichern ung
schätzung	schätzen ung
notdürftig	notdurft ig
absichtlich	absicht lich
zwischennutzung	zwischennutzen ung
weinbautechniker	weinbautechnik er
spekulantin	spekulant in
verkörperung	ver körper ung
landtagsvizepräsidentin	landtagsvizepräsident in
durchschlagkräftig	durchschlagkraft ig
schreiber	schreiben er
hausmütterchen	hausmutter chen
fortsetzer	fortsetzen er
ingolstädterin	ingolstadt er in
ortsamtsleiterin	ortsamtsleiter in
herausgeber	herausgeben er
krakauer	krakau er
verstaatlichung	ver staat lich ung
schwingung	schwingen ung
einzeller	einzelle er
serienmörder	serienmord er
amtsrichterin	amtsrichter in
gipfelstürmerin	gipfelsturm er in
ausdehnung	ausdehnen ung
einsatzplaner	einsatzplan er
liebenzeller	liebenzell er
diätassistentin	diätassistent in
fehlerlos	fehlen er los
wahlkämpfer	wahlkampf er
genußsüchtig	genußsucht ig
schattenlos	schatten los
schleicher	schleichen e er
schöntaler	schöntal er
gewichtung	gewichten ung
hofapotheker	hofapotheke er
golfspielerin	golfspiel er in
verfügung	verfügen ung
zahnarzthelferin	zahnarzthelfer in
bluessängerin	bluessänger in
fischhändlerin	fischhändler in
orientierung	orient ier ung
geläufigkeit	geläufig keit
jüngerin	jüngere in
energiepolitiker	energiepolitik er
prokuristin	prokura ist in
steinhäger	steinhagen er
unterschiedlichkeit	unterschied lich keit
genehmigungsfähigkeit	genehmigungsfähig keit
floristin	flora ist in
verschlüsselung	ver schlüssel ung
heimaturlauber	heimaturlaub er
leistungssportlich	leistungssport lich
schlachtenbummlerin	schlachtenbummler in
maschinenschriftlich	maschinenschrift lich
kosmetiker	kosmetik er
erstreckung	er strecken e ung
rudererin	rudern er in
bassistin	basse ist in
tanzbar	tanzen bar
selbstdenker	selbstdenken er
knochenbrecher	knochenbrechen er
kinobesucher	kinobesuch er
umschiffung	umschiffen ung
abschaffung	abschaffen ung
stahlbauer	stahlbau er
dreizehner	dreizehn er
experimentalphysiker	experimentalphysik er
freiverkäuflich	freiverkauf lich
ravensburger	ravensburg er
konkurrenzfähigkeit	konkurrenzfähig keit
unterstützer	unterstützen er
reparaturfreundlichkeit	reparaturfreundlich keit
königsbauer	königsbau er
gärtnerin	gärtner in
cremig	creme ig
geruchlos	geruch los
fünfkämpfer	fünfkampf er
ungemütlich	un gemüt lich
konsumfreudig	konsumfreude ig
rivalin	rivale in
nichtsnutzig	nichtsnutzen ig
großunternehmer	großunternehmen er
herausfordererin	herausforderer in
überarbeitung	überarbeiten ung
bibliothekarin	bibliothekar in
geschichtsstudentin	geschichtsstudent in
wahnwitzig	wahnwitz ig
schwermütigkeit	schwermut ig keit
abdecker	abdecken er
verfälschung	verfälschen ung
taiwanesin	taiwan ese in
fahrradständer	fahrradstand er
mayer	may er
transportunfähigkeit	transportunfähig keit
aufwendig	aufwenden ig
landshuter	landshut er
vollendung	vollenden ung
landeshoheitlich	landeshoheit lich
pianistin	pianist in
kocher	kochen er
brettener	bretten er
zinker	zinke er
schiffchen	schiff chen
betäubung	betäuben ung
vogelmännchen	vogelmann chen
schmuckdesigner	schmuckdesign er
oberassistentin	oberassistent in
fahnenschwenker	fahnenschwenken er
helfer	helfen er
unternehmensgründerin	unternehmensgründer in
umfassung	umfassen ung
hinterhältig	hinterhalten ig
schließung	schließen ung
jungpolitikerin	jungpolitiker in
solospieler	solospiel er
jugendtrainerin	jugendtrainer in
theaterschriftstellerin	theaterschriftsteller in
haschischraucher	haschischrauchen er
implementierung	implementieren ung
premier	premi er
hochschulabsolventin	hochschulabsolvent in
entscheidungslos	entscheiden ung los
ernährungswissenschaftlerin	ernährungswissenschaft ler in
aberwitzig	aberwitz ig
tastendrücker	tastendruck er
zwischenzeitig	zwischenzeit ig
bildhauerin	bildhauen er in
tränkung	tränken ung
rumpelig	rumpel ig
yorkerin	york er in
schulsprecherin	schulsprecher in
düsseldorfer	düsseldorf er
pieter	piet er
nachsichtigkeit	nachsicht ig keit
rober	robe er
wellenförmig	wellenform ig
leiter	leiten er
mildtätigkeit	mildtätig keit
hobbymalerin	hobbymaler in
militärgerichtlich	militärgericht lich
geselligkeit	gesellen ig keit
anfechtbar	anfechten bar
irreführung	irreführen ung
pfefferkörner	pfefferkorn er
eröffnung	eröffnen ung
rückschrittlich	rückschritt lich
vorrednerin	vorredner in
rasterung	rastern ung
regierungsdirektorin	regierungsdirektor in
linkshändigkeit	linkshändig keit
rechtsnachfolgerin	rechtsnachfolge er in
bedenklich	bedenken lich
stuttgarterin	stuttgart er in
sucher	suchen er
humanwissenschaftlich	humanwissenschaft lich
bewunderung	bewundern ung
ingenieurin	ingenieur in
pazifistin	pazifisch ist in
wiedereröffnung	wiedereröffnen ung
verzettelung	verzetteln ung
textverständlichkeit	textverständlich keit
erlangung	erlangen ung
golfer	golf er
erstürmung	erstürmen ung
systemkritiker	systemkritik er
samenkörner	samenkorn er
komiker	komik er
selbstbezüglich	selbstbezug lich
muttermörder	muttermord er
auskunftsfähigkeit	auskunftsfähig keit
hoheitlich	hoheit lich
sprachfähigkeit	sprachfähig keit
raketentechniker	raketentechnik er
turin	ture in
gleichmacher	gleichmachen er
stahlunternehmer	stahlunternehmen er
ausquartierung	ausquartieren ung
küstenstädtchen	küstenstadt chen
starschauspielerin	starschauspieler in
nordöstlich	nordost lich
pensionärin	pension är in
miesmacher	miesmachen er
afghanin	afghane in
zurückzahlung	zurückzahlen ung
rotter	rotte er
freimütigkeit	freimut ig keit
subventionsbetrüger	subventionsbetrug er
unterhachinger	unterhaching er
vermögensverwalterin	vermögensverwalter in
isländerin	island er in
spinnerin	spinnen in
sorger	sorge er
landesrechtlich	landesrecht lich
ansässigkeit	ansässig keit
nicolin	nicol in
gliederung	gliedern ung
landesschatzmeisterin	landesschatzmeister in
verzeihlich	verzeihen lich
gutachterin	gutachten er in
zuschauerin	zuschauen er in
vergeltung	vergelten ung
scheinheiligkeit	scheinheilig keit
stierkämpfer	stierkampf er
pastorin	pastor in
wartenberger	wartenberg er
europäerin	europäer in
entscheidungsfreudigkeit	entscheidungsfreude ig keit
sportfachlich	sportfach lich
streichung	streichen ung
empörer	empören er
vereinheitlichen	ver einheit lich
lagerfähigkeit	lagerfähig keit
straßenplaner	straßenplan er
vorgeblich	vorgeben lich
verblödung	ver blöd e ung
zweifellos	zweifel los
geller	gellen er
notenbanker	notenbank er
heftigkeit	heftig keit
unmündigkeit	un mündig keit
gestaltbarkeit	gestalten bar keit
söhnchen	sohn chen
zahntechnikerin	zahntechnik er in
rüdesheimer	rüdesheim er
baugeschichtlich	baugeschichte lich
forstwirtschaftlich	forstwirt schaft lich
aufrüttelung	aufrütteln ung
kleinkindlich	kleinkind lich
verkäuflich	verkauf lich
feuerschlucker	feuerschlucken er
dringlichkeit	dringen lich keit
abwegigkeit	abweg ig keit
fremdsprachensekretärin	fremdsprachensekretär in
psychologieprofessorin	psychologieprofessor in
sozialbürgermeisterin	sozialbürgermeister in
seidig	seide ig
friseurin	friseur in
berichterstatterin	berichterstatten er in
beziehung	beziehen ung
löscher	löschen er
sprachlich	sprache lich
hundezüchter	hundezucht er
begleiterin	begleiten er in
stromwirtschaftlich	stromwirtschaft lich
polizeischüler	polizeischule er
kelkheimer	kelkheim er
musikschullehrerin	musikschullehrer in
zeitungsredakteurin	zeitungsredakteur in
biologiestudentin	biologiestudent in
hauptkassiererin	hauptkassierer in
festsitzung	festsitzen ung
spaßmacher	spaßmachen er
denkmöglichkeit	denkmöglich keit
tätlichkeit	tätlich keit
landesligaspieler	landesligaspiel er
spitzenmanagerin	spitzenmanager in
ausführlich	ausfuhr lich
uller	ulle er
sozialforscherin	sozialforscher in
hinderer	hindern er
ausspähung	ausspähen ung
ausformung	ausformen ung
schulabgängerin	schulabgang er in
hauptbelastungszeugin	hauptbelastungszeuge in
sorglich	sorge lich
hafenstädtchen	hafenstadt chen
pfarrer	pfarre er
gründlichkeit	gründen lich keit
einzelstarterin	einzelstart er in
geflügelzüchter	geflügelzucht er
beschämung	beschämen ung
ablenkung	ablenken ung
medizinaldirektorin	medizinaldirektor in
rednerin	redner in
konfliktunfähigkeit	konfliktunfähig keit
verfinsterung	ver finster ung
profillos	profil los
lichttechniker	lichttechnik er
bürgermeisterstellvertreterin	bürgermeisterstellvertreter in
rostiger	rostige n er
mauersberger	mauersberg er
volksschauspieler	volksschauspiel er
konsumgenossenschaftlich	konsumgenossenschaft lich
tarifrechtlich	tarifrecht lich
waschbar	waschen bar
standesrechtlich	standesrecht lich
gefängniswärterin	gefängniswärter in
magier	magie er
kauflustig	kauflust ig
chemieingenieurin	chemieingenieur in
auflager	auflage er
staatsdichterin	staatsdichter in
postmeisterin	postmeister in
parteikollegin	parteikollege in
überdosierung	überdosieren ung
erregung	erregen ung
abonnentin	abonnent in
christain	christa in
marin	mare in
wiederveröffentlichung	wiederveröffentlichen ung
verknotung	verknoten ung
spielverderberin	spielverderber in
einplanung	einplanen ung
elektrohandwerker	elektrohandwerk er
senkung	senken ung
verweisung	verweisen ung
flieger	fliegen er
artgenossin	artgenosse in
regierungspolitiker	regierungspolitik er
belgier	belgien er
verleugnung	verleugnen ung
kirchenpatronin	kirchenpatron in
verherrlichen	ver herr lich
konditorin	konditor in
unterhöhlung	unterhöhlen ung
biomechaniker	biomechanik er
geldgierig	geldgier ig
seherin	sehen er in
araber	arab er
landtagskandidatin	landtagskandidat in
heimberger	heimberg er
schulanfänger	schulanfang er
turner	turnen er
betriebswirtin	betriebswirt in
blumenhändlerin	blumenhändler in
philosophiestudentin	philosophiestudent in
fischzüchter	fischzucht er
sprachkundig	sprachkunde ig
händlerin	händler in
fahnenflüchtiger	fahnenflüchtige n er
schnurrig	schnurren ig
wirbelig	wirbel ig
projektkoordinatorin	projektkoordinator in
ministerpräsidentin	ministerpräsident in
schwächlichkeit	schwach e lich keit
ordnungspolitiker	ordnungspolitik er
einbettung	einbetten ung
sumpfig	sumpf ig
amateurfunker	amateurfunk er
laiendarstellerin	laiendarsteller in
hauptstädter	hauptstadt er
reiter	reiten er
halsstarrigkeit	halsstarrig keit
unvermeidlich	un vermeiden lich
gehässigkeit	gehässig keit
solarkocher	solarkochen er
sympathieträgerin	sympathieträger in
philosophiedozentin	philosophiedozent in
spitzig	spitzen ig
weißwaschung	weißwaschen ung
torger	torge er
dreieckig	dreieck ig
werfer	werfen er
burgherrin	burgherr in
nachempfindung	nachempfinden ung
landesmeisterin	landesmeister in
abwägung	abwägen ung
streetworkerin	streetworker in
mitspieler	mitspielen er
zerstreuung	zer streu ung
schiffbauer	schiffbau er
skandinavierin	skandinavien er in
nachrichtendienstlich	nachrichtendienst lich
kinderfreundlich	kinderfreund lich
laienmusiker	laienmusik er
hauseigentümer	hauseigentum er
unempfindlich	un empfinden lich
verantwortlich	verantworten lich
scheckig	schecke ig
einseitigkeit	einseitig keit
wonnig	wonne ig
kritiker	kritik er
insektenforscherin	insektenforscher in
heimatstädtchen	heimatstadt chen
weiter	weit e er
zeitungsleser	zeitungslesen er
solotrompeter	solotrompete er
gewaltsamkeit	gewalt sam keit
staatsunabhängigkeit	staatsunabhängig keit
artikelschreiberin	artikelschreiben er in
interpretationsfähigkeit	interpretationsfähig keit
verfassung	verfassen ung
übermütig	übermut ig
omnibusunternehmer	omnibusunternehmen er
allgäuerin	allgäu er in
weihnachtseinkäufer	weihnachtseinkauf er
kontrollierbarkeit	kontrolle ier bar keit
pointenlos	pointe los
faltig	falten ig
mädchenmörder	mädchenmord er
tischtennisspielerin	tischtennisspielen er in
schwimmlehrerin	schwimmlehrer in
bürokratisierung	bürokrat isch ie isier ung
mittelfeldspielerin	mittelfeldspiel er in
steigerung	steigern ung
nordirin	nordire in
schulung	schulen ung
shanghaier	shanghai er
fachhandwerker	fachhandwerk er
entführer	entführen er
mahler	mahl er
ausständig	ausstand ig
sandmännchen	sandmann chen
marktmeisterin	marktmeister in
kernig	kernen ig
computermusiker	computermusik er
ausbürgerung	ausbürgern ung
kabinettskollegin	kabinettskollege in
langeweiler	langeweile er
parteiamtlich	parteiamt lich
jugendpflegerin	jugendpflege er in
hausarbeiter	hausarbeit er
tierpfleger	tierpflege er
ungebührlich	ungebühr lich
schwetzinger	schwetzingen er
konsensfähigkeit	konsensfähig keit
erdig	erden ig
ettlinger	ettlingen er
zauberkünstlerin	zauberkunst ler in
seiltänzerin	seiltanzen in
gruppenleiterin	gruppenleiter in
zugehörigkeit	zugehören ig keit
linderung	lindern ung
bahnengolfer	bahnengolf er
bewegungsfähigkeit	bewegungsfähig keit
holztäfelchen	holztafel chen
gleichmütigkeit	gleichmut ig keit
versündigung	ver sünde ig e ung
duftig	duften ig
ministerialdirektorin	ministerialdirektor in
datenschutzrechtlich	datenschutzrecht lich
parteiunabhängigkeit	parteiunabhängig keit
norditaliener	norditalien er
schräubchen	schrauben e chen
wahlkämpferin	wahlkampf er in
chefsekretärin	chefsekretär in
gründerin	gründen er in
überlinger	überlingen er
besatzungshoheitlich	besatzungshoheit lich
feinstofflichkeit	feinstofflich keit
theaterschauspielerin	theaterschauspieler in
militärtechniker	militärtechnik er
grausig	grausen ig
sachbuchautorin	sachbuchautor in
bundespolitikerin	bundespolitik er in
ausräumung	ausräumen ung
verfassungsrechtlichkeit	verfassungsrecht lich keit
anwender	anwenden er
hallenspieler	hallenspiel er
heizung	heizen ung
bedeutungslos	bedeuten ung los
sozialmieter	sozialmiete er
immobilienhändlerin	immobilienhändler in
zwischenstaatlich	zwischen staat lich
unfaßlich	un faß lich
anzeigepflichtig	anzeigepflicht ig
rattenfängerin	rattenfang er in
anbeter	anbeten er
hausleiterin	hausleiter in
polterig	poltern ig
brechung	brechen ung
freisinnig	freisinn ig
nennbar	nennen bar
langener	lange n er
strafrichterin	strafrichter in
unsichtbarkeit	un sichten bar keit
dogger	dogge er
südwestlich	südwest lich
überziehung	überziehen ung
tierschützer	tierschutz er
innergewerkschaftlich	inner gewerkschaft lich
unrichtig	un richten ig
spitzfindigkeit	spitzfindig keit
gewerkschaftsführerin	gewerkschaftsführer in
drosselung	drosseln ung
indonesierin	indonesien er in
kassenzahnärztlich	kassenzahnarzt lich
anstiftung	anstiften ung
heilung	heilen ung
schäferin	schaf er in
judenfeindlichkeit	judenfeindlich keit
cellistin	cellist in
ersatztorhüterin	ersatztorhüter in
zentrierung	zentrieren ung
polizeipraktiker	polizeipraktik er
verschwendung	ver schwende ung
wirklicher	wirklichen er
kulturreporter	kulturreport er
schächtelchen	schachtel chen
tütchen	tute chen
beziehungsunfähigkeit	beziehungsunfähig keit
rocksängerin	rocksänger in
gerichtsmedizinerin	gerichtsmedizin er in
vorgeschichtlich	vorgeschichte lich
schwänzchen	schwanz chen
vorstädter	vorstadt er
medienarbeiter	medienarbeit er
rehberger	rehberg er
präparierung	präparieren ung
parlamentssprecherin	parlamentssprecher in
vollsperrung	vollsperren ung
gedankenlos	gedanke los
verwerflich	verwerfen lich
informantin	informant in
duselig	dusel ig
verschmutzer	ver schmutz er
kehrer	kehre er
fachärztlich	facharzt lich
tröpflein	tropf lein
mißdeutung	mißdeuten ung
beamtenrechtlich	beamtenrecht lich
gemeindepastorin	gemeindepastor in
jünger	junge er
erleuchtung	er leuchten e ung
bahnradfahrer	bahnradfahren er
kiesunternehmer	kiesunternehmen er
vermessungstechniker	vermessungstechnik er
pietätlos	pietät los
zündhölzchen	zündholz chen
einschmelzung	einschmelzen ung
walschützer	walschutz er
bekleidung	be kleid ung
frauenmörder	frauenmord er
verhandlungsunfähigkeit	verhandlungsunfähig keit
heillos	heil los
bottroper	bottrop er
reifung	reifen ung
schulamtsdirektorin	schulamtsdirektor in
chistopher	chistoph er
berufsbetreuerin	berufsbetreuer in
flußfischer	flußfisch er
schiller	schill er
tonlos	ton los
doppelsinnigkeit	doppelsinn ig keit
wuchtig	wuchten ig
lageristin	lager ist in
propagandistin	propaganda ist in
sonnenberger	sonnenberg er
planmäßigkeit	planmäßig keit
erhöhung	erhöhen ung
trösterin	trost er in
hauslehrerin	hauslehrer in
unsachlich	un sache lich
untersuchungsrichterin	untersuchungsrichter in
schleswiger	schleswig er
lichtung	lichten ung
auffassung	auffassen ung
herrschaftlich	herrschaft lich
stilberaterin	stilberater in
getränkeverkäufer	getränkeverkauf er
zweibeinig	zweibein ig
verkennung	verkennen ung
führerhäuschen	führerhaus chen
ortskundig	ortskunde ig
daumenlutscher	daumenlutschen er
bitburger	bitburg er
fleischlich	fleisch lich
engländer	england er
frühzeitlich	frühzeit lich
bekämpfung	bekämpfen ung
entfesselung	entfesseln ung
bangladescher	bangladesch er
überfreundlich	über freund lich
abspaltung	abspalten ung
jeromin	jerome in
freundschaftlich	freund schaft lich
abschottung	abschotten ung
erbaulich	erbauen lich
ausbesserung	ausbessern ung
säbelfechter	säbelfechten er
unüberhörbar	un überhören bar
cheflektorin	cheflektor in
fernmeldetechniker	fernmeldetechnik er
hausherrin	hausherr in
konsumkritiker	konsumkritik er
biedersteiner	biederstein er
schulfachlich	schulfach lich
sonderschullehrerin	sonderschullehrer in
besuchbar	besuchen bar
schwenker	schwenk er
objektschützer	objektschutz er
pflanzenbauer	pflanzenbau er
arbeitswillig	arbeitswille ig
hilfebedürftigkeit	hilfebedürftig keit
tunesier	tunesien er
medizinethiker	medizinethik er
philosophieprofessorin	philosophieprofessor in
nichtigkeit	nichtig keit
chinesin	china ese in
hallenberger	hallenberg er
papstwähler	papstwahl er
überschätzung	überschätzen ung
erfinder	erfinden er
trotzköpfchen	trotzkopf chen
kleinwalsertaler	kleinwalsertal er
wirtschaftsredakteurin	wirtschaftsredakteur in
zwergin	zwerg in
durchsetzungsfähigkeit	durchsetzungsfähig keit
nachfühlbar	nach fühlen bar
funker	funken er
stadtstaatlich	stadtstaat lich
kasseler	kassel er
merkbar	merken bar
formbarkeit	formen bar keit
kompromißunfähigkeit	kompromißunfähig keit
spritzig	spritzen ig
küsterin	küste er in
gefühlsseligkeit	gefühlsselig keit
aufsichtsrechtlich	aufsichtsrecht lich
bernauer	bernau er
schorndorfer	schorndorf er
sorgenlos	sorgen los
christer	chr ist er
rückgängig	rückgang ig
kodifizierung	kodifizieren ung
affekttäter	affekttat er
restlos	rest los
hartherzig	hartherz ig
eiskunstläuferin	eiskunstlaufen er in
schneckenhäuschen	schneckenhaus chen
ausklammerung	ausklammern ung
gesellschaftswissenschaftlerin	gesellschaftswissenschaft ler in
unwirklich	un wirken lich
jugendpfleger	jugendpflege er
reiseunternehmer	reiseunternehmen er
schlaksig	schlaks ig
ulmerin	ulme er in
kunstlehrerin	kunstlehrer in
florettfechter	florettfechten er
bühnenmusiker	bühnenmusik er
kriegshetzer	kriegshetze er
mannschaftsführerin	mannschaftsführer in
handballerin	handballen er in
verwandlungsfähigkeit	verwandlungsfähig keit
steiger	steige er
tricktechniker	tricktechnik er
düsseldorferin	düsseldorf er in
bauernfänger	bauernfang er
erlöser	erlösen er
reichsstädter	reichsstadt er
vereinigen	ver eine ig
geistigkeit	geist ig keit
fernsehansagerin	fernsehansager in
notwendiger	notwendigen er
herzogin	herzog in
verbesserung	verbessern ung
wiesentaler	wiesental er
ökonomin	ökonom in
ansehnlichkeit	ansehnlich keit
umlagerung	umlagern ung
erzieherin	erziehen er in
sexualmörder	sexualmord er
politikprofessorin	politikprofessor in
überbezahlung	überbezahlen ung
albaner	alban er
maiskörner	maiskorn er
schwergewichtsboxer	schwergewichtsboxen er
doppelgängerin	doppelgänger in
hauptschuldig	hauptschuld ig
notfallpatientin	notfallpatient in
sinsheimer	sinsheim er
hingerichteter	hingerichtet e n er
aufrechterhaltung	aufrechterhalten ung
steuerpflichtig	steuerpflicht ig
oberbürgermeisterlich	oberbürgermeister lich
versöhnlich	versöhnen lich
verdaulich	verdauen lich
schwämmchen	schwamm chen
koalitionsfähigkeit	koalitionsfähig keit
berufsschüler	berufsschule er
reimlos	reim los
blutspender	blutspende er
streber	streben er
überreichlich	über reich lich
ostthüringer	ostthüringen er
körperlich	körper lich
novemberlich	november lich
gutmütigkeit	gutmütig keit
wanderarbeiter	wanderarbeit er
schauspielschülerin	schauspielschule er in
melker	melken er
einsperrung	einsperren ung
gesamtschüler	gesamtschule er
streiterin	streiten er in
vernachlässigen	ver nachlassen ig
gleichzeitig	gleichzeit ig
versicherungspflichtig	versicherungspflicht ig
querulantin	querulant in
kurdin	kurde in
mausig	mausen ig
klausenburger	klausenburg er
nacheiferung	nacheifern ung
kapitalisierung	kapitale isier ung
behutsamkeit	behutsam keit
helmer	helm er
rheinländerin	rheinland er in
lokomotivbauer	lokomotivbau er
entlastungszeugin	entlastungszeuge in
übermächtig	übermacht ig
atomkraftgegnerin	atomkraftgegner in
kammergerichtspräsidentin	kammergerichtspräsident in
konzeptionslos	konzeption los
lebensmittelrechtlich	lebensmittelrecht lich
ostjerusalemer	ostjerusalem er
wiedereinweihung	wiedereinweihen ung
gemeinschaftsrechtlich	gemeinschaftsrecht lich
einfärbung	einfärben ung
nicaraguanerin	nicaragua aner in
entzifferung	entziffern ung
bluter	bluten er
waiblingerin	waiblingen er in
abhärtung	abhärten ung
masochistin	masochist in
trotzköpfig	trotzkopf ig
notärztlich	notarzt lich
ehrgeizig	ehrgeiz ig
konfessionsloser	konfessionslose n er
agrarministerin	agrarminister in
muttersöhnchen	muttersohn chen
graphikdesigner	graphikdesign er
botanikerin	botanik er in
empfindsamkeit	empfinden sam keit
verseuchung	ver seuche ung
gewissenlos	gewissen los
ausländer	ausland er
torontoer	toronto er
ansagerin	ansage er in
steinenberger	steinenberg er
klavierbegleiterin	klavierbegleiter in
mitternächtlich	mitternacht lich
insolvenzrechtlich	insolvenzrecht lich
ladeninhaberin	ladeninhaber in
magersüchtig	magersucht ig
planbar	planen bar
bullig	bull ig
sangesfreudig	sangesfreude ig
alltäglich	alltag lich
tauscher	tausch er
nichtöffentlichkeit	nichtöffentlich keit
feuerlöscher	feuerlöschen er
bandenchefin	bandenchef in
gesetzlichkeit	gesetz lich keit
einzelvertraglich	einzelvertrag lich
bescheidener	bescheiden e er
entladung	entladen ung
bonner	bonne er
glückssucher	glückssuche er
hilfsschüler	hilfsschule er
mediziner	medizin er
staatsekretärin	staatsekretär in
verwachsung	verwachsen ung
minigolfer	minigolf er
münzenberger	münzenberg er
verabredung	verabreden ung
studienleiterin	studienleiter in
verträglich	vertrag lich
lother	loth er
stundung	stunden ung
großmächtig	großmacht ig
jungregisseurin	jungregisseur in
bildungsbürgerlich	bildungsbürger lich
temperamentlos	temperament los
wassersparer	wassersparen er
problematisierung	problem atisch isier ung
zeugungsunfähigkeit	zeugungsunfähig keit
anpreisung	anpreisen ung
kirchenlehrer	kirchenlehre er
kinderfräulein	kinderfrau lein
unverkäuflich	un verkauf lich
finanzwissenschaftlich	finanzwissenschaft lich
mißverständlichkeit	mißverständlich keit
sprachforscherin	sprachforscher in
kinderpfleger	kinderpflege er
impfung	impfen ung
fahrschülerin	fahrschule er in
skifahrer	skifahren er
fachwerkstädtchen	fachwerkstadt chen
bürgerrechtskämpfer	bürgerrechtskampf er
erwerbsunfähigkeit	erwerbsunfähig keit
heilbrunner	heilbrunnen er
haarig	haaren ig
erprobung	erproben ung
feuerung	feuern ung
innerdienstlich	inner dienst lich
schotter	schotten er
scheinbar	scheinen bar
feinsinnigkeit	feinsinn ig keit
gottesfürchtig	gottesfurcht ig
vogelschützer	vogelschutz er
steuerungsfähigkeit	steuerungsfähig keit
ungesetzlich	un gesetz lich
weltmusiker	weltmusik er
rechnerin	rechnen er in
stofflichkeit	stoff lich keit
tartarin	tartare in
vereinbarkeit	vereinbar keit
widerstandslos	widerstand los
verbrämung	verbrämen ung
zigarrenraucher	zigarrenrauchen er
enteignung	enteignen ung
ludwigshafener	ludwigshafen er
schnurrbärtig	schnurrbart ig
rheinauer	rheinaue er
optikerin	optik er in
fagottistin	fagott ist in
verdeckung	ver deck ung
nassauer	nassau er
farbenstädter	farbenstadt er
patrizier	patrizia er
züchtigen	zucht ig
lieblingsschülerin	lieblingsschüler in
straßenbahnfahrer	straßenbahnfahren er
sozialsenatorin	sozialsenator in
tatenlos	tate los
gegenstandlos	gegenstand los
griechin	grieche in
leidenschaftlichkeit	leiden schaft lich keit
jugendhilferechtlich	jugendhilferecht lich
duisburger	duisburg er
stetigkeit	stet e ig keit
einflußlos	einfluß los
verlobung	verloben ung
bereifung	bereifen ung
beutegierig	beutegier ig
urplötzlich	ur plötze lich
zurücksetzung	zurücksetzen ung
mecklenburger	mecklenburg er
hochspannung	hochspannen ung
beitragsrechtlich	beitragsrecht lich
bühnenschauspielerin	bühnenschauspieler in
bolivianerin	bolivianer in
schnellfahrer	schnellfahren er
verbraucherberaterin	verbraucherberater in
entschlußlos	entschluß los
unterbeschäftigung	unterbeschäftigen ung
ausweislos	ausweisen los
nachchristlich	nach chr ist lich
kartenspieler	kartenspielen er
aburteilung	aburteilen ung
selbsterklärung	selbsterklären ung
urmenschlich	urmensch lich
undurchschaubar	un durchschauen bar
volksfeindlichkeit	volksfeind lich keit
gleichberechtigung	gleichberechtigen ung
schlangenbader	schlangenbad er
wuppertalerin	wuppertal er in
gewerkschafter	gewerkschaft er
reisefreudig	reisefreude ig
straßenbauarbeiter	straßenbauarbeit er
altbesitzer	altbesitz er
forstarbeiter	forstarbeit er
bauchtänzer	bauchtanzen er
einlösung	einlösen ung
schriftführerin	schriftführer in
werkzeugmaschinenbauer	werkzeugmaschinenbau er
wißbegierig	wißbegier ig
korbflechterin	korbflechten er in
schweizer	schweiz er
bietigheimer	bietigheim er
unerklärbarkeit	un erklären bar keit
bemalung	bemalen ung
geldverteiler	geldverteilen er
parteigenossin	parteigenosse in
tanzkritiker	tanzkritik er
unauffälligkeit	un auffällig keit
schwerin	schwer e in
spezialistin	spezial ist in
pickelig	pickel ig
unentgeltlich	un entgelt lich
edinburgher	edinburgh er
psychoanalytikerin	psychoanalytiker in
einwechselung	einwechseln ung
firmenrechtlich	firmenrecht lich
stimmungsmacher	stimmungsmache er
pflanzenzüchter	pflanzenzucht er
radlerin	radeln er in
tanzschüler	tanzschule er
überzeugung	überzeugen ung
bildungsdezernentin	bildungsdezernent in
hochschulpräsidentin	hochschulpräsident in
musiklehrer	musiklehre er
kanzlerberaterin	kanzlerberater in
holzner	holzen er
kranzberger	kranzberg er
quintin	quinte in
klassenleiterin	klassenleiter in
verbrüderung	ver bruder ung
nachwuchswissenschaftlerin	nachwuchswissenschaftler in
seeberger	seebergen er
ergötzung	ergötzen ung
einstimmig	einstimmen ig
vollzähligkeit	vollzählig keit
sozialhilferechtlich	sozialhilferecht lich
unbeständigkeit	un beständig keit
unternehmensberaterin	unternehmensberater in
kontaktfähigkeit	kontaktfähig keit
trauung	trauen ung
reizlos	reiz los
überfremdung	über fremd ung
fernsehschauspielerin	fernsehschauspieler in
laborassistentin	laborassistent in
haustechniker	haustechnik er
paarläufer	paarlaufen er
hafenarbeiter	hafenarbeit er
ganzheitlich	ganz heit lich
schützbar	schützen bar
erscheinung	erscheinen ung
josefin	josef in
auslagerung	auslagern ung
abgründig	abgrund ig
filmstudentin	filmstudent in
regionalgeschichtlich	regionalgeschichte lich
organisationschefin	organisationschef in
wiederholung	wiederholen ung
benützung	benützen ung
wesenlos	wesen los
hauswirtschaftlich	hauswirt schaft lich
gasförmig	gasform ig
entscheidungsträgerin	entscheidungsträger in
schauer	schau er
freundin	freund in
äthiopierin	äthiopien er in
nürnbergerin	nürnberg er in
hilfeempfängerin	hilfeempfänger in
abtreibungsgegnerin	abtreibungsgegner in
nebeneinanderstellung	nebeneinanderstellen ung
kälbchen	kalben chen
abenteuerlichkeit	abenteuer lich keit
friedenskämpfer	friedenskampf er
realisierbarkeit	real isier bar keit
hopper	hoppe er
beleidigung	beleidigen ung
innergesellschaftlich	inner gesellschaft lich
überbevölkerung	überbevölkern ung
erblasserin	erblassen er in
einsteigerin	einsteigen er in
überanpassung	überanpassen ung
plasmaspender	plasmaspende er
charakterisierung	charakter isier ung
auslandsredakteurin	auslandsredakteur in
frontstädter	frontstadt er
gemeindepfleger	gemeindepflege er
polizistin	polizist in
giftspritzer	giftspritze er
illusionslos	illusion los
radierung	radieren ung
öltanker	öltank er
zwiebeltürmchen	zwiebelturm chen
fingerlein	finger lein
konfliktfähigkeit	konfliktfähig keit
stichhaltigkeit	stichhaltig keit
zuneigung	zuneigen ung
ausladung	ausladen ung
gewerkschaftssekretärin	gewerkschaftssekretär in
stadtteilpolitiker	stadtteilpolitik er
profilierung	profil ier ung
dilettantin	dilettant in
einbeziehung	einbeziehen ung
lieblingsmusiker	lieblingsmusik er
gewinnung	gewinnen ung
gesellig	gesellen ig
schuhputzer	schuhputz er
äsung	äsen ung
sulzbacher	sulzbach er
privatschüler	privatschule er
affenartig	affenart ig
versammlungsrechtlich	versammlungsrecht lich
mühlenberger	mühlenberg er
faulenzer	faulenzen er
bauzeichnerin	bauzeichner in
entsiegelung	entsiegeln ung
strafprozeßrechtlich	strafprozeßrecht lich
katastrophenschützer	katastrophenschutz er
sologeiger	sologeige er
kokapflanzer	kokapflanze er
olympiasiegerin	olympiasieg er in
mieterschützer	mieterschutz er
vielgestaltig	vielgestalt ig
befreier	befreien er
parawissenschaftlich	parawissenschaft lich
leichtfüßig	leichtfuß ig
beerdigung	beerdigen ung
wiedererkennung	wiedererkennen ung
oppositionsführerin	oppositionsführer in
geruchslos	geruch los
zärtlichkeit	zärtlich keit
glattstellung	glattstellen ung
amtsvorsteherin	amtsvorsteher in
keramiker	keramik er
hilker	hilke er
versöhnung	versöhnen ung
elbestädter	elbestadt er
neufundländer	neufundland er
marbacher	marbach er
verwöhnung	verwöhnen ung
griesheimer	griesheim er
wiederverwendbarkeit	wiederverwenden bar keit
schwunglos	schwung los
steinig	steinen ig
schmalzbrötchen	schmalzbrot chen
verzollung	verzollen ung
kaltherzigkeit	kaltherzig keit
stecher	stechen er
heidelbergerin	heidelberg er in
flughafensprecherin	flughafensprecher in
klatschreporterin	klatschreporter in
schwesterlich	schwester lich
figürlich	figur lich
wiedergründung	wiedergründen ung
dienstlich	dienst lich
nacherzählung	nacherzählen ung
ausrutscher	aus rutsch er
hinterlassung	hinterlassen ung
allgemeinmedizinerin	allgemeinmedizin er in
mannschaftssieger	mannschaftssieg er
wohltätig	wohltat ig
judenmörder	judenmord er
wahrsagerin	wahrsagen er in
gesetzmäßigkeit	gesetz mäßig keit
interpreter	interpret er
glücklich	glück lich
epiker	epik er
försterin	förster in
landgänger	landgang er
rotenburger	rotenburg er
ernährungsberaterin	ernährungsberater in
geschlechtlich	geschlecht lich
auskunftspflichtig	auskunftspflicht ig
heimatlich	heimat lich
demonstrationsteilnehmerin	demonstrationsteilnehmer in
dressurreiter	dressurreiten er
profitgierig	profitgier ig
saisonarbeiterin	saisonarbeit er in
falter	falten er
täuschung	täuschen ung
märchenerzähler	märchenerzählen er
anfertigung	anfertigen ung
eindämmung	eindämmen ung
theatergeschichtlich	theatergeschichte lich
klapperig	klapper ig
beerdigungsunternehmer	beerdigungsunternehmen er
torhäuschen	torhaus chen
salzig	salzen ig
reichern	reich er
regung	regen ung
dickbauchig	dickbauch ig
verunreinigung	verunreinigen ung
beschriftung	be schrift ung
roßtaler	roßtal er
entsorgungslager	entsorgungslage er
abhängigkeit	abhängen ig keit
verkehrung	verkehren ung
anbiederung	anbiedern ung
ascher	asche er
conradin	conrad in
schläfern	schlaf er
blumenberger	blumenberg er
mißbilligung	mißbilligen ung
salonfähigkeit	salonfähig keit
vorsitzer	vorsitzen er
aufwiegler	aufwiegeln er
wertvoller	wertvollen er
speckig	speck ig
insassin	insasse in
hauptkonkurrentin	hauptkonkurrent in
buckelig	buckel ig
abwertung	abwerten ung
türmer	türmen er
wohnungsbesitzer	wohnungsbesitz er
anpassung	anpassen ung
turnierleiterin	turnierleiter in
wahlbetrüger	wahlbetrug er
untätig	untat ig
wohnlich	wohnen lich
unnatürlichkeit	un natürlich keit
osttiroler	osttirol er
nutzung	nutzen ung
zivilisierung	zivil e isier ung
pfälzer	pfalz er
popsängerin	popsänger in
gewöhnlich	gewöhnen lich
sonnig	sonnen ig
staatsbürgerin	staatsbürger in
auszahlung	auszahlen ung
treiber	treiben er
rückkehrer	rückkehr er
jugendsenatorin	jugendsenator in
tibeter	tibet er
einlegung	einlegen ung
essayistin	essay ist in
herder	herd er
kunstfeindlichkeit	kunstfeindlich keit
konvertierbar	konvertieren bar
untermauerung	untermauern ung
niveaulos	niveau los
nachweislich	nachweisen lich
vereinigung	ver eine ig ung
denkerin	denker in
breslauer	breslau er
leistungswillig	leistungswille ig
riesenberger	riesenberg er
amtskirchlich	amtskirche lich
rundfunksprecherin	rundfunksprecher in
antragsgegnerin	antragsgegner in
unterbringung	unterbringen ung
verstümmelung	verstümmeln ung
undankbarkeit	un danken bar keit
hochtechnisierung	hochtechnisch isier ung
ungelenkigkeit	un gelenk ig keit
ansprechbar	ansprechen bar
seufzer	seufzen er
ellipsenförmig	ellipsenform ig
anspannung	anspannen ung
schutzherrin	schutzherr in
oberreichenbacher	oberreichenbach er
grimmigkeit	grimm e ig keit
befehligen	befehl ig
machtlos	macht los
raumfahrtexpertin	raumfahrtexperte in
viermalig	viermal ig
weiterverfolgung	weiterverfolgen ung
langläufer	langlaufen er
nachlässigkeit	nachlassen ig keit
bevollmächtigung	bevollmächtigen ung
spitzer	spitz e er
übergesetzlich	über gesetz lich
krankenhaussprecherin	krankenhaussprecher in
obrigkeitsstaatlich	obrigkeitsstaat lich
gebrauchtwagenkäufer	gebrauchtwagenkauf er
meerschweinchen	meerschwein chen
gegentreffer	gegentreffen er
einquartierung	ein quartier ung
neuanfänger	neuanfangen er
stufung	stufen ung
sammelbändchen	sammelband chen
verkehrsteilnehmerin	verkehrsteilnehmer in
gesetzlich	gesetz lich
gönnerin	gönnen in
friedberger	friedberg er
mündlichkeit	mündlich keit
naturlyriker	naturlyrik er
förmlichkeit	förmlich keit
trommelspieler	trommelspiel er
zertrümmerung	zer trümmer ung
zementierung	zement ier ung
umschichtig	umschichten ig
sozialreferentin	sozialreferent in
flugschüler	flugschule er
mietrechtlich	mietrecht lich
schuldigen	schuld ig
lieferfähigkeit	lieferfähig keit
diplompsychologin	diplompsychologe in
unterlaufung	unterlaufen ung
kastenförmig	kastenform ig
kronberger	kronberg er
krümmung	krümmen ung
saxophonistin	saxophon ist in
schulpsychologin	schulpsychologe in
lebensmittelchemikerin	lebensmittelchemiker in
muslimin	muslime in
augenoptiker	augenoptik er
osteroder	osterode er
dampfstrahler	dampfstrahl er
celestin	celeste in
entweihung	entweihen ung
dokumentarfilmer	dokumentarfilm er
wetterauer	wetterau er
rötung	röten ung
büchereileiterin	büchereileiter in
inspektorin	inspektor in
farbig	farbe ig
arnstädter	arnstadt er
fraktionsführerin	fraktionsführer in
ausländerbehördlich	ausländerbehörde lich
netzwerker	netzwerk er
reglementierung	reglement ier ung
sympathisantin	sympathisant in
neuensteiner	neuenstein er
heiligung	heiligen ung
dachauer	dachau er
bundesrechtlich	bundesrecht lich
fotoredakteurin	fotoredakteur in
kunstliebhaberin	kunstliebhaber in
weintrinker	weintrinken er
auszehrung	auszehren ung
tränlein	träne lein
ausweglos	ausweg los
äthiopier	äthiopien er
militarisierung	militarisieren ung
baulich	bau lich
liedersängerin	liedersänger in
leistungsträgerin	leistungsträger in
bodenturner	bodenturnen er
überschaubar	überschauen bar
umweltwissenschaftlerin	umweltwissen schaft ler in
bürogehilfin	bürogehilfe in
schicksalslos	schicksal los
schläger	schlag er
gastwirtin	gastwirt in
türkeiurlauber	türkeiurlaub er
aktivierung	akt iv e ier ung
kunsthandwerklich	kunsthandwerk lich
schuldnerin	schuldner in
gesprächig	gespräch ig
veranstaltung	ver anstalt ung
feuergefährlich	feuergefahr lich
physiklehrerin	physiklehrer in
genossin	genosse in
lesbar	lesen bar
wochenendhäuschen	wochenendhaus chen
geldzähler	geldzählen er
grenzgänger	grenzgang er
kenianerin	kenia aner in
computertechniker	computertechnik er
fahrer	fahren er
holzschnitzer	holzschnitzen er
jugendärztlich	jugendarzt lich
vergegenständlichen	ver gegenstand lich
schändlich	schänden lich
jungsteinzeitlich	jungsteinzeit lich
starterin	starten er in
lernunfähigkeit	lernunfähig keit
justizministerin	justizminister in
datenschützer	datenschutz er
wiederherstellbar	wiederherstellen bar
altmühltaler	altmühltal er
ausbaubar	ausbauen bar
hauptbuchhalterin	hauptbuchhalter in
dreibändig	dreiband ig
bedrückung	bedrücken ung
wagner	wagen er
glaubenskämpfer	glaubenskampf er
unmutig	unmut ig
zwischenbetrieblich	zwischen betrieb lich
nachnominierung	nachnominieren ung
rektorin	rektor in
vervollkommnung	vervollkommnen ung
gesellschaftswissenschaftlich	gesellschaftswissenschaft lich
parteiöffentlichkeit	parteiöffentlich keit
trampolinturner	trampolinturnen er
zeitungskäufer	zeitungskauf er
suchtabhängigkeit	suchtabhängig keit
medienkritiker	medienkritik er
medikamentensüchtig	medikamentensucht ig
fernbedienung	fernbedienen ung
stimmbildnerin	stimmbildner in
argentinier	argentine ien er
durchleuchtung	durch leuchten e ung
brandstifterin	brandstifter in
uter	ute er
unflätig	unflat ig
vereinsgründerin	vereinsgründer in
weltläufig	weltlauf ig
gegensätzlich	gegensatz lich
textlos	text los
besteigung	besteigen ung
zeitkritiker	zeitkritik er
thronnachfolger	thronnachfolge er
lichtenbergerin	lichtenberg er in
krebspatientin	krebspatient in
hügelig	hügel ig
nachteilig	nachteil ig
entzauberung	ent zauber ung
einverleibung	einverleiben ung
zeitdiagnostiker	zeitdiagnostik er
niederschlagung	niederschlagen ung
naturrechtlich	naturrecht lich
dillenburger	dillenburg er
verderberin	ver derb er in
familienähnlichkeit	familienähnlich keit
verbürgerlichen	ver bürgen lich
wassertröpflein	wassertropfen lein
veruntreuung	ver untreu e ung
quantifizierung	quantifizieren ung
sünderin	sünde er in
tauberbischofsheimerin	tauberbischofsheim er in
anforderung	anfordern ung
betrüblich	betrüben lich
rationalisierung	rationale isier ung
kriminalpsychologin	kriminalpsychologe in
fehlstarter	fehlstart er
prophetin	prophet in
klößchen	kloß chen
schacherer	schachern er
orientierungslos	orient ier ung los
kopenhagener	kopenhagen er
vizemeisterin	vizemeister in
atomphysiker	atomphysik er
völkerrechtlerin	völkerrecht ler in
langwellig	langwelle ig
parteipolitikerin	parteipolitik er in
sexualtäter	sexualtat er
furchtlos	furcht los
schändlichkeit	schänden lich keit
mitteilung	mitteilen ung
stammeskämpfer	stammeskampf er
vergeistigen	ver geist ig
schulpflichtig	schulpflicht ig
satin	sat in
drapierung	drapieren ung
armenier	armenien er
automobilwerker	automobilwerk er
verkehrsplaner	verkehrsplan er
stopfer	stopfen er
nachfinanzierung	nachfinanzieren ung
fernsehtauglichkeit	fernsehtauglich keit
unzweckmäßigkeit	un zweck mäßig keit
kaffeeanbauer	kaffeeanbau er
flugzeugattentäter	flugzeugattentat er
großgrundbesitzer	großgrundbesitz er
entbehrlichkeit	entbehren lich keit
programmierung	programm ier ung
sozialtechniker	sozialtechnik er
ausschließlichkeit	aus schließen e lich keit
bertin	bert in
kommunikationswissenschaftlich	kommunikationswissenschaft lich
wirkstofflos	wirkstoff los
viehhauser	viehhausen er
verursachung	ver ursache ung
waldbaulich	waldbau lich
geldfälscher	geldfälschen er
lagerbar	lagern bar
unmenschlichkeit	unmensch lich keit
klempnerin	klempner in
programmgestalterin	programmgestalter in
minensucher	minensuchen er
sprudler	sprudeln er
blumenständer	blumenstand er
hörfunker	hörfunk er
golfkrieger	golfkrieg er
naturgesetzlichkeit	naturgesetz lich keit
männlich	mann lich
undeutlichkeit	un deutlich keit
entgegnung	entgegnen ung
drehung	drehen ung
verkühlung	ver kühl e ung
marsberger	marsberg er
justizsprecherin	justizsprecher in
europafeindlichkeit	europafeindlich keit
bestattungsunternehmer	bestattungsunternehmen er
gesetzgeberin	gesetzgeber in
wahrnehmung	wahrnehmen ung
verweichlichen	ver weich lich
bombenattentäter	bombenattentat er
verfluchung	ver fluch ung
abendländer	abendland er
vermittelbar	vermitteln bar
naturgesetzlich	naturgesetz lich
reformfreudig	reformfreude ig
jamaikanerin	jamaika aner in
wikinger	wiking er
erlösung	erlösen ung
derbysieger	derbysieg er
peter	pete er
entscheidungsfähigkeit	entscheidungsfähig keit
hochwertigkeit	hochwertig keit
weinbauer	weinbau er
bezahlung	bezahlen ung
pendler	pendeln er
friedenspolitiker	friedenspolitik er
kulturministerin	kulturminister in
erträglich	ertrag lich
weiner	weinen er
trampolinspringer	trampolinspringen er
schulfreundin	schulfreund in
darlegung	darlegen ung
lästigkeit	lästig keit
vermieterin	vermieten er in
urweltlich	urwelt lich
geduldig	geduld ig
archivierung	archiv ier ung
zusammenführung	zusammenführen ung
ländlich	lände lich
vizepräsidentin	vizepräsident in
figurenspieler	figurenspiel er
kriegsfähigkeit	kriegsfähig keit
heimführung	heimführen ung
kassenhäuschen	kassenhaus chen
unbrauchbarkeit	un brauchen bar keit
vertraglich	vertragen lich
vervielfältigung	vervielfältigen ung
väterlich	vater lich
ideologiekritiker	ideologiekritik er
theaterkritikerin	theaterkritik er in
betrachtung	betrachten ung
wiederverarbeitung	wiederverarbeiten ung
wettbewerbsteilnehmerin	wettbewerbsteilnehmer in
serienheldin	serienheld in
untergrabung	untergraben ung
bejahung	bejahen ung
filterlos	filter los
feierlich	feier lich
spitzenathletin	spitzenathlet in
rechtzeitigkeit	rechtzeitig keit
müßig	muß ig
schluchzer	schluchzen er
wirtschafter	wirtschaften er
sozialverträglich	sozialvertrag lich
lebensfeindlichkeit	lebensfeind lich keit
ottersberger	ottersberg er
unsachlichkeit	un sache lich keit
kanalbauer	kanalbau er
traulich	trauen lich
vorbeugung	vorbeugen ung
stichwortgeberin	stichwortgeber in
verklammerung	ver klammer ung
lagerung	lagern ung
vertretung	vertreten ung
rollschuhläufer	rollschuhlaufen er
dienerin	dienen er in
weiterleitung	weiterleiten ung
chronistin	chronisch ist in
bundesgrenzschützer	bundesgrenzschutz er
moorburger	moorburg er
überschwenglichkeit	überschwenglich keit
pomadig	pomade ig
vietnamesin	vietnam ese in
einklagbar	einklagen bar
theorielos	theorie los
anfällig	anfallen ig
ebenmäßig	ebenmaß ig
amtschefin	amtschef in
fernhaltung	fernhalten ung
berufsstarter	berufsstart er
gastanker	gastank er
steinzeitlich	steinzeit lich
spartanerin	sparta aner in
jugendvertreterin	jugendvertreter in
bordellbesucher	bordellbesuch er
landstädtchen	landstadt chen
lautlos	laute los
kellnerin	kellner in
verschiedenartigkeit	verschiedenartig keit
klinkenputzer	klinkenputzen er
priorin	prior in
ratgeberin	ratgeber in
anilin	anil in
befeuchtung	be feucht ung
meisterlich	meister lich
verhandlungswillig	verhandlungswille ig
lobsänger	lobsang er
erwägung	erwägen ung
flensburgerin	flensburg er in
teamkollegin	teamkollege in
stalinistin	stalin ist in
sinnesfreudig	sinnesfreude ig
angehörig	angehören ig
kenner	kennen er
schlößlein	schloß lein
rückseitig	rückseite ig
klösterlich	kloster lich
novellierung	novelle ier ung
wirtschaftsministerin	wirtschaftsminister in
überbaubar	überbauen bar
moskauerin	moskau er in
tischlein	tisch lein
titelgewinner	titelgewinn er
außenstellenleiterin	außenstellenleiter in
kirchenpfleger	kirchenpflege er
marketingberaterin	marketingberater in
rasenmäher	rasenmähen er
wetterabhängigkeit	wetterabhängig keit
drogenpolitiker	drogenpolitik er
naturnotwendigkeit	naturnotwendig keit
annullierung	annullieren ung
wettbewerbsunfähigkeit	wettbewerbsunfähig keit
delegierung	delegieren ung
tempelhofer	tempelhof er
marokkanerin	marokkaner in
häufung	häufen ung
weinberger	weinberg er
verlängerung	ver lange n ung
stotterer	stottern er
zählung	zählen ung
führerlos	führen er los
umzingelung	umzingeln ung
hauptlieferantin	hauptlieferant in
namenspatin	namenspate in
vermarktbar	ver markt bar
geschäftsmäßigkeit	geschäft mäßig keit
motorradfahrer	motorradfahren er
attentäter	attentat er
rheinhauser	rheinhausen er
einsteller	einstellen er
stumpfsinnig	stumpfsinn ig
großwallstädter	großwallstadt er
vizeministerin	vizeminister in
vertreter	vertreten er
zimperlichkeit	zimperlich keit
sexualmediziner	sexualmedizin er
familienpfleger	familienpflege er
lichtchen	licht chen
überbezirklich	über bezirk lich
proletarierin	proletarier in
höherwertigkeit	höherwertig keit
würfelchen	würfel chen
friedensfähigkeit	friedensfähig keit
anordnung	anordnen ung
thronfolgerin	thronfolge er in
eichhörnchen	eichhorn chen
anmeldung	anmelden ung
vertreibung	vertreiben ung
schulmeisterin	schulmeister in
lokalpolitikerin	lokalpolitik er in
beteiligung	beteiligen ung
klangmagier	klangmagie er
terminlich	term in lich
unsauberkeit	un sauber keit
jugendsprecherin	jugendsprecher in
heiratsvermittlerin	heiratsvermittler in
vorankündigung	vorankündigen ung
schulpolitikerin	schulpolitik er in
koblenzer	koblenz er
gebrauchsfähigkeit	gebrauchsfähig keit
verkehrsgünstig	verkehrsgunst ig
beweispflichtig	beweispflicht ig
schreinerin	schrein er in
einforderung	einfordern ung
rheinberger	rheinberg er
schleifer	schleifen er
regimekritikerin	regimekritik er in
aufgliederung	aufgliedern ung
wunschdenker	wunschdenken er
binnenschiffer	binnenschiff er
entschleierung	entschleiern ung
handtaschenräuber	handtaschenraub er
sender	senden er
angriffsspieler	angriffsspiel er
sterblichkeit	sterben lich keit
ministeriumssprecherin	ministeriumssprecher in
schmuggler	schmuggeln er
enttarnung	enttarnen ung
verheißung	ver heiß e ung
besucherin	besuchen er in
wintertauglichkeit	wintertauglich keit
sensibilisierung	sensibilisieren ung
botin	bote in
giftmörder	giftmord er
einsprachig	einsprache ig
soldatenseelsorger	soldatenseelsorge er
besänftigung	besänftigen ung
langbärtig	langbart ig
physikerin	physik er in
pappig	pappen ig
medienpädagogin	medienpädagoge in
einfriedung	einfrieden ung
segler	segeln er
restauratorin	restaurator in
bekehrer	bekehren er
überfälligkeit	überfall ig keit
übungsleiterin	übungsleiter in
reinigen	rein e ig
sportstudentin	sportstudent in
sühnung	sühnen ung
betriebsberaterin	betriebsberater in
reporterin	report er in
zueignung	zueignen ung
unbestimmbar	un bestimmen bar
selbstfinanzierung	selbstfinanzieren ung
kaltenberger	kaltenberg er
lagerarbeiter	lagerarbeit er
schmierigkeit	schmieren e ig keit
pilzesucher	pilzesuche n er
schlauchförmig	schlauchform ig
jähzornig	jähzorn ig
publikumswirksamkeit	publikumswirksam keit
aschaffenburger	aschaffenburg er
volkspolizistin	volkspolizei ist in
traumtänzer	traumtanz er
steinigung	steinigen ung
geldräuber	geldraub er
spätherbstlich	spätherbste lich
verzinsung	ver zins ung
unartig	unart ig
widerspruchslos	widerspruch los
bröselig	brösel ig
vizebürgermeisterin	vizebürgermeister in
weltklasseathletin	weltklasseathlet in
rothaarig	rothaar ig
dolmetscherin	dolmetschen er in
einteilung	einteilen ung
daimlerstädter	daimlerstadt er
alltagsgeschichtlich	alltagsgeschichte lich
kamerunerin	kamerun er in
schlepper	schleppen er
frankenhauser	frankenhausen er
heimatforscherin	heimatforscher in
fußballanhänger	fußballanhang er
rückkehrerin	rückkehr er in
fahrtüchtigkeit	fahrtüchtig keit
rummelsburger	rummelsburg er
behandlungsbedürftigkeit	behandlungsbedürftig keit
befragung	befragen ung
medaillenlos	medaille los
chefreporterin	chefreporter in
dorin	dore in
weiträumigkeit	weiträumig keit
breslauerin	breslau er in
fabrikarbeiter	fabrikarbeit er
fadenspieler	fadenspiel er
aufwartung	aufwarten ung
zeitanteilig	zeitanteil ig
weiterwanderung	weiterwandern ung
weiterbeschäftigung	weiterbeschäftigen ung
einreihung	einreihen ung
literaturredakteurin	literaturredakteur in
rähmchen	rähm chen
experimentalmusiker	experimentalmusik er
großbäuerlich	großbau er lich
fettleibigkeit	fettleibig keit
hammerwerfer	hammerwerfen er
ärgerlich	ärger lich
höhergruppierung	höhergruppieren ung
ausübung	ausüben ung
fürstbischöflich	fürstbischof lich
westschweizer	westschweiz er
ausleihung	ausleihen ung
grämlich	grämen lich
starjournalistin	starjournalist in
begegnung	begegnen ung
vormerkung	vormerken ung
friedlichkeit	frieden lich keit
heilssucher	heilssuche er
badenerin	baden er in
starrköpfig	starrkopf ig
agitatorin	agitator in
vollbelegung	vollbelegen ung
oberschlesier	oberschlesien er
kampfesmutig	kampfesmut ig
anklagevertreterin	anklagevertreter in
röttger	röttgen er
fahrrädchen	fahrrad chen
taucherin	tauchen er in
erkennung	erkennen ung
tiermediziner	tiermedizin er
waffenträger	waffentragen er
mittelbäuerlich	mittelbau er lich
gottsucher	gottsuche er
einsichtig	einsicht ig
dämpfer	dämpfen er
tüchlein	tuch lein
problemslos	problem los
vollblüter	vollblut er
kunstfertigkeit	kunstfertig keit
amateurfußballer	amateurfußball er
identitätslos	identität los
abedin	abed in
wortbrüchig	wortbruch ig
unterforderung	unterfordern ung
hirschauer	hirschau er
denkbar	denken bar
bestellung	bestellen ung
wohnungsnachbarin	wohnungsnachbar in
neuzeller	neuzelle er
vizekönigin	vizekönig in
zurückhaltung	zurückhalten ung
optiker	optik er
gasthörerin	gasthörer in
erreger	erregen er
verneigung	ver neige ung
taschenbüchlein	taschenbuch lein
rechtmäßigkeit	rechtmäßig keit
anfälligkeit	anfallen ig keit
plochinger	plochingen er
wirtschaftspraktiker	wirtschaftspraktik er
aufenthaltsrechtlich	aufenthaltsrecht lich
abschleppunternehmer	abschleppunternehmen er
raucherin	rauchen er in
kleinbauer	kleinbau er
denkmalschutzwürdigkeit	denkmalschutzwürdig keit
albumin	album in
ballettmeisterin	ballettmeister in
stegbauer	stegbau er
operettensängerin	operettensänger in
altsteinzeitlich	altsteinzeit lich
mannschaftlich	mannschaft lich
standfußballer	standfußball er
bläulich	blau e lich
mittelspielerin	mittelspieler in
schönfärbung	schönfärben ung
slowenin	slowene in
tyrannin	tyrann in
darstellung	darstellen ung
bioethiker	bioethik er
hinterlegung	hinterlegen ung
tennisspielerin	tennisspielen er in
wanderbar	wandern bar
gottähnlichkeit	gottähnlich keit
studentenführerin	studentenführer in
zwischenfinanzierung	zwischenfinanzieren ung
badener	baden er
sündigen	sünde ig
wehrbauer	wehrbau er
rechtsnachfolger	rechtsnachfolge er
gelockert	ge locke er
schlesier	schlesien er
dauerrivalin	dauerrivale in
jurorin	juror in
beendung	beenden ung
unterrichtlich	unterrichten lich
lechtaler	lechtal er
passauer	passau er
gesundheitsschützer	gesundheitsschutz er
wiedererlangung	wiedererlangen ung
vermutlich	vermuten lich
verladung	verladen ung
revolutionärin	revolutionäre in
marketingleiterin	marketingleiter in
falkenburger	falkenburg er
oberin	obere in
übereilig	übereilen ig
schmerzlich	schmerz lich
laufbahnrechtlich	laufbahnrecht lich
wunschkandidatin	wunschkandidat in
extremistin	extrem ist in
deutschlandkorrespondentin	deutschlandkorrespondent in
verwandlungskünstlerin	verwandlungskunst ler in
berlinerin	berlin er in
filmjournalistin	filmjournalist in
schürzchen	schurz chen
unteilbarkeit	un teilen bar keit
väterchen	vater chen
iraner	iran er
entwässerung	entwässern ung
außergewöhnlich	außer gewöhnen lich
arin	ar in
kriegstreiber	kriegstreiben er
verschalung	ver schalen e ung
fröhlichkeit	fröhlich keit
gartenhäuschen	gartenhaus chen
sicherheitsexpertin	sicherheitsexperte in
muffelig	muffel ig
abkühlung	ab kühl e ung
altertümlich	altertum lich
kulturplaner	kulturplan er
musikpädagogin	musikpädagoge in
wunderlich	wundern lich
sinnig	sinnen ig
antragsteller	antragstelle er
schiffbrüchig	schiffbruch ig
aushändigung	aushändigen ung
engländerin	england er in
vervielfachung	vervielfachen ung
tabakpflanzer	tabakpflanze er
realschülerin	realschule er in
verhöhnung	ver höhn ung
sexsüchtig	sexsucht ig
nellinger	nellingen er
ermittler	ermitteln er
charlottenburgerin	charlottenburg er in
vermeidung	vermeiden ung
demütig	demut ig
verehrung	verehren ung
abkanzelung	abkanzeln ung
unterhaltungsmusiker	unterhaltungsmusik er
herbstlich	herbst lich
vergällung	vergällen ung
buchhalterin	buchhalter in
freisprechung	freisprechen ung
nachwuchsmusikerin	nachwuchsmusiker in
einmütig	einmut ig
baudezernentin	baudezernent in
breitenbrunner	breitenbrunn er
ladenburger	ladenburg er
lenin	len in
kriminaltechniker	kriminaltechnik er
schnellsprecher	schnellsprechen er
erstaunlich	erstaunen lich
turiner	ture in er
austeilung	austeilen ung
unbotmäßigkeit	un botmäßig keit
windrädchen	windrad chen
gottesauer	gottesaue er
ostseestädter	ostseestadt er
zuspitzung	zuspitzen ung
ausspielung	ausspielen ung
teepflückerin	teepflücker in
pflichtig	pflichten ig
verdampfung	ver dampf ung
erstellung	erstellen ung
juraprofessorin	juraprofessor in
verwandtschaftlich	verwandte schaft lich
bewährungshelferin	bewährungshelfer in
metaphysiker	metaphysik er
energielos	energie los
hundeführerin	hundeführer in
kulturlos	kultur los
vereisung	vereisen ung
eisenacher	eisenach er
landschaftspfleger	landschaftspflege er
fürsorglichkeit	fürsorge lich keit
flugblattverteiler	flugblattverteilen er
losung	losen ung
lieblingsspieler	lieblingsspiel er
urchristlich	urchrist lich
windschlüpfrigkeit	windschlüpfrig keit
obergerichtlich	obergericht lich
galeriebesucher	galeriebesuch er
allgemeingültigkeit	allgemeingültig keit
verrückung	verrücken ung
verglasung	ver glas ung
nachzählung	nachzählen ung
laienspieler	laienspiel er
untergeher	untergehen er
miefig	miefen ig
zukunftsfähigkeit	zukunftsfähig keit
lätzchen	latz chen
herrlichkeit	herr lich keit
iranerin	iran er in
befreiung	befreien ung
talmudschüler	talmudschule er
reifenberger	reifenberg er
tateinheitlich	tateinheit lich
verfassungswidrigkeit	verfassungswidrig keit
wirtschaftsstraftäter	wirtschaftsstraftat er
ermutigung	ermutigen ung
ungünstig	ungunst ig
mandeläugig	mandelauge ig
linchen	lin chen
unterminierung	unterminieren ung
barmusiker	barmusik er
dreifaltigkeit	dreifaltig keit
offenlegung	offenlegen ung
ummantelung	um mantel ung
gallig	galle ig
weitergeltung	weitergelten ung
wägelchen	wägen chen
künstlichkeit	kunst lich keit
regimegegnerin	regimegegner in
romanheldin	romanheld in
unterallgäuer	unterallgäu er
fremdenpolizeilich	fremdenpolizei lich
bemannung	bemannen ung
glasbläser	glasblasen er
bleistiftspitzer	bleistiftspitze er
quereinsteigerin	quereinsteiger in
schneeberger	schneeberg er
traktätchen	traktat chen
gemeinnützig	gemeinnutz ig
dezentralisierung	dezentral isier ung
aquarellmaler	aquarellmalen er
tauberbischofsheimer	tauberbischofsheim er
kaiserlich	kaiser lich
befehligen	befehl ig
haushaltung	haushalten ung
parteifunktionärin	parteifunktion är in
taktiker	taktik er
punktlos	punkt los
abartig	abart ig
quäker	quaken er
günzburger	günzburg er
wimbledonsiegerin	wimbledonsieg er in
irrig	irre ig
spartenleiterin	spartenleiter in
verantwortungslos	verantworten ung los
kirchenamtlich	kirchenamt lich
überfürsorglich	überfürsorge lich
interviewpartnerin	interviewpartner in
bestechlich	bestechen lich
festivalleiterin	festivalleiter in
militärseelsorger	militärseelsorge er
alkoholabhängigkeit	alkoholabhängig keit
kriegsgegnerin	kriegsgegner in
syrerin	syr er in
gesinnungslos	gesinnung los
klarsichtig	klarsicht ig
produktionsdesigner	produktionsdesign er
vorreiterin	vorreiten in
thematisierung	thema atisch isier ung
neuengammer	neuengamme er
pflegerin	pflegen er in
formalisierung	formale isier ung
schrullig	schrulle ig
gasteiner	gastein er
prellung	prellen ung
theaterleiterin	theaterleiter in
überwirklich	über wirken lich
perlmutter	perlmutt er
abschnittsleiterin	abschnittsleiter in
insiderin	insider in
kriminaldirektorin	kriminaldirektor in
rosenzüchter	rosenzucht er
tonig	ton ig
entwicklungsfähigkeit	entwicklungsfähig keit
rodgauer	rodgau er
pächterin	pachten in
faltblättchen	faltblatt chen
sozialchristlich	sozialchrist lich
ricker	ricke er
behaglichkeit	behagen lich keit
diskussionsfreudig	diskussionsfreude ig
verdickung	ver dick e ung
übergriffig	übergriff ig
mehrheitseignerin	mehrheitseigner in
fernsteuerung	fernsteuern ung
radfreundlich	radfreund lich
entwicklungssoziologin	entwicklungssoziologe in
umweltplaner	umweltplan er
bilanzierung	bilanz ier ung
kalender	kalenden er
finderin	finden er in
lottospieler	lottospielen er
haupttäter	haupttat er
steinhauser	steinhausen er
kläger	klage er
überleitung	überleiten ung
ratifizierung	ratifizieren ung
konstanzerin	konstanze er in
kuchenbäcker	kuchenbacken er
fraktionschefin	fraktionschef in
tolpatschig	tolpatsch ig
feldmäuschen	feldmaus chen
wahrsager	wahrsagen er
tagesschausprecherin	tagesschausprecher in
trennbar	trennen bar
ideologin	ideologe in
kriegsgewinner	kriegsgewinn er
dienstbotin	dienstbote in
weinseligkeit	weinselig keit
aller	allen er
weiterzüchtung	weiterzüchten ung
verherrlichen	ver herr lich
lichtdurchlässigkeit	lichtdurchlässig keit
firmeninhaberin	firmeninhaber in
nutznießerin	nutznießer in
spezialisierung	spezi al isier ung
entlausung	entlausen ung
einbeinig	einbein ig
kommissarin	kommissar in
wohnungsmieter	wohnungsmiete er
ehrenwörtlich	ehrenwort lich
harheimer	harheim er
nachstellung	nachstellen ung
reichlich	reich lich
minderwertigkeit	minderwert ig keit
bernadin	bernad in
vieleckig	vieleck ig
armlos	arm e los
großmannsüchtig	großmannsucht ig
seligkeit	selig keit
entschädigungslos	entschädigen ung los
inhaltlos	inhalt los
verstauchung	verstauchen ung
rächer	rächen er
erstunterzeichnerin	erstunterzeichner in
nachdrücklichkeit	nachdruck lich keit
ausnahmespielerin	ausnahmespieler in
eisenbahner	eisenbahn er
tourismusunternehmer	tourismusunternehmen er
gnadenlos	gnade los
täter	tat er
ellenberger	ellenberg er
langmütig	langmut ig
parteichefin	parteichef in
historiker	historik er
kemper	kemp er
vorentscheidung	vorentscheiden ung
freiheitlich	frei heit lich
quetschung	quetschen ung
einzelspielerin	einzelspiel er in
orgelspieler	orgelspielen er
pflegeschülerin	pflegeschule er in
texanerin	texaner in
ostunternehmer	ostunternehmen er
berberin	berber in
frühlingslüftchen	frühlingsluft chen
drohung	drohen ung
bochumer	bochum er
überleiter	überleiten er
abenteurerin	abenteuer er in
bremser	bremsen e er
abfallwirtschaftlich	abfallwirtschaft lich
ligaspieler	ligaspiel er
immobilienmaklerin	immobilienmakler in
zollbeamtin	zollbeamte in
fachgutachter	fachgutachten er
anrufung	anrufen ung
weiterverbreitung	weiterverbreiten ung
trüppchen	trupp chen
schartig	scharte ig
abzweigung	abzweigen ung
unhaltbar	un halten bar
redlich	reden lich
demilitarisierung	demilitarisieren ung
tabulos	tabu los
großformatig	großformat ig
volljährigkeit	volljährig keit
tarnung	tarnen ung
lobensteiner	lobenstein er
niederwerfung	niederwerfen ung
lesbarkeit	lesen bar keit
reinigungsunternehmer	reinigungsunternehmen er
fabrikarbeiterin	fabrikarbeit er in
einlieferung	einliefern ung
erwerbsfähigkeit	erwerbsfähig keit
bankkundin	bankkunde in
umtriebig	umtrieb ig
versicherer	versichern er
marktbesucher	marktbesuch er
bildungsexpertin	bildungsexperte in
winzerin	winzer in
kunsthändlerin	kunsthändler in
elsner	elsen er
einreichung	einreichen ung
zahnrädchen	zahnrad chen
vertreterin	vertreten er in
lebensweltlich	lebenswelt lich
obergutachter	obergutachten er
wohnung	wohnen ung
gedichtbändchen	gedichtband chen
europafreundlich	europafreund lich
säumigkeit	säumig keit
krankenpflegeschüler	krankenpflegeschule er
köcher	kochen er
deggendorfer	deggendorf er
manipulierbarkeit	manipulieren bar keit
tauschbar	tauschen bar
wettbewerbsrechtlich	wettbewerbsrecht lich
friedensstifterin	friedensstifter in
erlahmung	erlahmen ung
überreichung	überreichen ung
kurier	kuri er
verehrer	verehren er
zustellung	zustellen ung
pokerspieler	pokerspiel er
eidesstattlich	eidesstatt lich
personifizierung	personifizieren ung
kaffeepflanzer	kaffeepflanze er
tankstellenpächterin	tankstellenpächter in
windung	winden ung
jurastudentin	jurastudent in
anmutig	anmuten ig
schwarzafrikanerin	schwarzafrika aner in
zwiespältigkeit	zwiespalt ig keit
obstanbauer	obstanbau er
kurzzeitig	kurzzeit ig
drucklos	drucken los
wettbewerbsfähigkeit	wettbewerbsfähig keit
verausgabung	verausgaben ung
stigmatisierung	stigmatisieren ung
ballung	ballen ung
straßenläufer	straßenlauf er
hauptanteilseignerin	hauptanteilseigner in
hüllenlos	hüllen los
zerstörerin	zerstören er in
durchschnittlich	durchschnitt lich
beachtlich	be acht lich
streicher	streichen er
farbspritzer	farbspritze er
fernsehtechniker	fernsehtechnik er
aufarbeitung	aufarbeiten ung
behördensprecherin	behördensprecher in
erzählung	erzählen ung
abtretung	abtreten ung
näpfchen	napf chen
oberkasseler	oberkassel er
sozialministerin	sozialminister in
anästhesistin	anästhesie ist in
scharfenberger	scharfenberg er
aufmachung	aufmachen ung
kleinunternehmerin	kleinunternehmen er in
bewässerung	bewässern ung
lizenzgeberin	lizenzgeber in
gedanklich	gedanke lich
bahnfahrer	bahnfahren er
türmchen	turm chen
kitzbüheler	kitzbühel er
brechter	brecht er
apfelbäumchen	apfelbaum chen
kartellrechtlich	kartellrecht lich
veranstaltungsbesucher	veranstaltungsbesuch er
menschenwürdig	menschenwürde ig
hain	hae in
esser	essen er
kommunalpolitiker	kommunalpolitik er
liechtensteiner	liechtenstein er
nachrichtentechniker	nachrichtentechnik er
stellungslos	stellung los
zusammenlegung	zusammenlegen ung
borussin	borusse in
oberhofer	oberhof er
röster	röste er
mündigkeit	mündig keit
verarmung	ver arm e ung
brudermörder	brudermord er
sprachmächtigkeit	sprachmächtig keit
griesgrämig	griesgram ig
anfänger	anfangen er
unwichtigkeit	unwichtig keit
wasserträger	wassertragen er
fernsehredakteurin	fernsehredakteur in
arglistig	arglist ig
wimbledonsieger	wimbledonsieg er
rugbyspieler	rugbyspiel er
streitig	streiten ig
unbarmherzigkeit	un barmherzig keit
enthüller	enthüllen er
fahruntüchtigkeit	fahruntüchtig keit
energieverbraucher	energieverbrauch er
jobsucher	jobsuche er
regierungstauglichkeit	regierungstauglich keit
investitionsfreudigkeit	investitionsfreude ig keit
finanzministerin	finanzminister in
aufgeklärter	aufgeklärte n er
stopfung	stopfen ung
zusammensetzung	zusammensetzen ung
zerschmetterung	zerschmettern ung
anspruchslos	anspruch los
uneinig	un eine ig
nordthüringer	nordthüringen er
wohnungswirtschaftlich	wohnungswirtschaft lich
verehrerin	verehren er in
anstößigkeit	anstoß ig keit
türsteherin	türsteher in
aktienkäufer	aktienkauf er
segmentierung	segment ier ung
eintauschbar	eintauschen bar
bundesgesundheitsministerin	bundesgesundheitsminister in
schwarzarbeiterin	schwarzarbeiten in
plattfüßig	plattfuß ig
unzeitgemäßer	unzeitgemäß e er
heimarbeiterin	heimarbeit er in
kabelwerker	kabelwerk er
verhärtung	ver hart e ung
programmfüller	programmfülle er
prozentpünktchen	prozentpunkt chen
einfügung	einfügen ung
rentnerin	rentner in
leuchtstäbchen	leuchtstab chen
unselbständigkeit	un selbständig keit
aussparung	aussparen ung
fotojournalistin	fotojournalist in
rauchig	rauchen ig
mehrheitseigentümer	mehrheitseigentum er
ausfüllung	ausfüllen ung
puppenmacherin	puppenmacher in
erziehungsschwierigkeit	erziehungsschwierig keit
gabelung	gabeln ung
leichtsinnigkeit	leichtsinn ig keit
dentistin	dentist in
schlichterin	schlichten er in
zaunkönigin	zaunkönig in
verweltlichen	ver welt lich
kleber	kleben er
kopierer	kopie ier er
badeurlauber	badeurlaub er
baurechtlich	baurecht lich
panikmacher	panikmache er
vorstellung	vorstellen ung
reibung	reiben ung
überredung	überreden ung
wiederaufrichtung	wiederaufrichten ung
idsteiner	idstein er
wiederernennung	wiederernennen ung
ermahnung	ermahnen ung
schöffin	schöffe in
beharrlich	beharren lich
hofmeisterin	hofmeister in
illustrierung	illustre ier ung
wirtschaftsjournalistin	wirtschaftsjournal ist in
schmollmündchen	schmollmund chen
unvergänglichkeit	unvergänglich keit
saisonsieger	saisonsieg er
nürtinger	nürtingen er
straßenbahnfahrerin	straßenbahnfahren er in
wirtschaftsfeindlichkeit	wirtschaftsfeindlich keit
hauptberuflich	hauptberuf lich
großbanker	großbank er
touristenführerin	touristenführer in
regierung	regieren ung
dauerparker	dauerparken er
lügner	lügen er
makedonier	makedonien er
parteilich	partei lich
urheberrechtlich	urheberrecht lich
denkmalsschützer	denkmalsschutz er
bundesdurchschnittlich	bundesdurchschnitt lich
befindlichkeit	befinden lich keit
fledermausschützer	fledermausschutz er
gewinnerin	gewinnen er in
mehlig	mehl ig
bummler	bummeln er
bäcker	backen er
richtigstellung	richtigstellen ung
verdrängung	verdrängen ung
karosseriebauer	karosseriebau er
mittelmäßigkeit	mittelmaß ig keit
verläßlichkeit	verlaß lich keit
verkehrsexpertin	verkehrsexperte in
nichtschuldig	nichtschuld ig
millionenerbin	millionenerbe in
schmächtig	schmachten ig
einzelsieger	einzelsieg er
solinger	solingen er
österreicherin	österreich er in
aufzählung	aufzählen ung
katalogisierung	katalog isier ung
zwischenschaltung	zwischenschalten ung
verbraucher	verbrauchen er
stockfleckig	stockflecken ig
wünschbarkeit	wünschen bar keit
felsig	felsen ig
rekordgewinner	rekordgewinn er
protokollierung	protokoll ier ung
unfreundlich	un freund lich
stimmigkeit	stimmen ig keit
polizeibeamtin	polizeibeamte in
hemmungslos	hemmung los
maschinenarbeiterin	maschinenarbeit er in
streitberger	streitberg er
mieter	mieten er
ostpreußin	ostpreuße in
glatzköpfig	glatzkopf ig
verkehrssünder	verkehrssünde er
klassenlehrerin	klassenlehrer in
erbin	erbe in
eindringlichkeit	eindringen lich keit
religionslos	religion los
schäbig	schabe ig
avantgardistin	avantgarde ist in
bargeldlos	bargeld los
agrarwirtschaftlich	agrarwirtschaft lich
landwirtschaftlich	landwirt schaft lich
wiederaufarbeitung	wiederaufarbeiten ung
zeitungsmacherin	zeitungsmachen er in
wohnungsunternehmer	wohnungsunternehmen er
zulässigkeit	zulassen ig keit
vierteilig	vierteil ig
vollziehbarkeit	vollziehen bar keit
verfassungspolitiker	verfassungspolitik er
schulsenatorin	schulsenator in
triebwerksbauer	triebwerksbau er
türchen	tür chen
musterschülerin	musterschule er in
nivellierung	nivellieren ung
passantin	passant in
thronerbin	thronerbe in
anführerin	anführen er in
kurzweilig	kurzweil ig
gesundheitssenatorin	gesundheitssenator in
waldschützer	waldschutz er
radfahrer	radfahren er
bahnpolizeilich	bahnpolizei lich
bekehrung	bekehren ung
krankentransporter	krankentransport er
andächtig	andacht ig
aufregung	aufregen ung
voranmeldung	voranmelden ung
vertauschung	vertauschen ung
kontextlos	kontext los
kreisförmig	kreisform ig
unterhaltsamkeit	unterhalt sam keit
verwaltungschefin	verwaltungschef in
übersichtlichkeit	übersichten lich keit
untertunnelung	untertunneln ung
geldeintreiber	geldeintreiben er
unerfüllbarkeit	un erfüllen bar keit
nordin	nord in
landesbeamtin	landesbeamte in
schutzbedürftigkeit	schutzbedürftig keit
digitalisierung	digitale isier ung
dudelsackpfeifer	dudelsackpfeife er
jagdpächter	jagdpachten er
wohnungsmieterin	wohnungsmiete er in
silberhaarig	silberhaar ig
steinkühler	steinkühl e er
linzer	linz er
betriebsärztlich	betriebsarzt lich
wiederbegegnung	wiederbegegnen ung
marcin	marc in
wucherung	wuchern ung
lastenträger	lastentragen er
maastrichter	maastricht er
sportwetter	sportwetten er
appetitlich	appetit lich
halterin	halten er in
ausführer	ausführen er
verkrümmung	verkrümmen ung
schmerzlichkeit	schmerz lich keit
aussagelos	aussagen e los
pillenschlucker	pillenschlucken er
einkaufbar	einkaufen bar
hastig	hast ig
zusammenschaltung	zusammenschalten ung
holzhandwerker	holzhandwerk er
mißmutig	mißmut ig
krämer	kramen er
pokalsiegerin	pokalsieg er in
bühnentechniker	bühnentechnik er
verdrahtung	ver draht ung
sommerurlauber	sommerurlaub er
besteuerung	be steuer ung
unentschuldbar	un entschulden bar
herrschaftslos	herrschaft los
verdächtig	verdacht ig
radin	rad in
zerlegung	zerlegen ung
diplomingenieurin	diplomingenieur in
verrichtung	verrichten ung
trunksüchtig	trunksucht ig
familienhelferin	familienhelfer in
vergötterung	ver gott ung
sehringer	sehring er
calin	cal in
aussichtslos	aussicht los
irrung	irren ung
umquartierung	um quartier ung
romain	roma in
schmierig	schmieren e ig
gegengutachter	gegengutachten er
großväterchen	großvater chen
eindeckung	eindecken ung
emsländer	emsland er
kreisstädter	kreisstadt er
wendigkeit	wenden ig keit
multiinstrumentalistin	multiinstrumentalist in
strapazierfähigkeit	strapazierfähig keit
autoknacker	autoknacken er
vollzugshelferin	vollzugshelfer in
demoralisierung	demoralisieren ung
unwirklichkeit	un wirken lich keit
abschwächung	ab schwach e ung
ehrung	ehren ung
platzhalterin	platzhalter in
atomtechniker	atomtechnik er
lehrerin	lehren er in
fresser	fressen er
regellos	regeln el los
kunstmalerin	kunstmaler in
wiedererkennbar	wiedererkennen bar
etikettierung	etikette ier ung
wahnsinniger	wahnsinnige n er
bestallung	bestallen ung
wertpapierbesitzer	wertpapierbesitz er
dekodierung	dekodieren ung
begrifflich	begriff lich
saarländerin	saarland er in
befürworterin	befürworten er in
praktiker	praktik er
hausbauer	hausbauen er
terrassierung	terrasse ier ung
neuhofer	neuhof er
voraussetzung	voraussetzen ung
einfaltslos	einfalt los
kennerin	kennen er in
nörgler	nörgeln er
fürstin	fürst in
bedienerin	bedienen er in
wählbar	wählen bar
gehirnwäscher	gehirnwäsche er
steuerehrlichkeit	steuerehrlich keit
mittelalterlich	mittelalter lich
verweichlichen	ver weich lich
fußballer	fußballen er
teilzeitarbeiter	teilzeitarbeit er
autofeindlichkeit	autofeindlich keit
löcherig	löchern ig
aufbereitung	aufbereiten ung
achtsamkeit	achten sam keit
generalkonsulin	generalkonsul in
kasteiung	kasteien ung
jungunternehmer	jungunternehmen er
urheberin	urheber in
einzigartigkeit	einzigartig keit
abwendbar	abwenden bar
aufopferung	aufopfern ung
herstellerin	herstellen er in
änderung	ändern ung
erfurter	erfurt er
muffig	muff ig
kinderpflegerin	kinderpflege er in
versumpfung	ver sumpf ung
presserechtlich	presserecht lich
alkoholikerin	alkohol iker in
beyer	bey er
festbesucherin	festbesucher in
werner	wern er
seifer	seife er
ungleichmäßigkeit	un gleichmaß ig keit
stickerin	sticken er in
nebenklägerin	nebenklage er in
moosig	moos ig
theoriegeschichtlich	theoriegeschichte lich
theoriefeindlichkeit	theoriefeindlich keit
staubsauger	staubsaugen er
städtebauer	städtebau er
verleger	verlegen er
buchbinderin	buchbinden er in
verkettung	ver kette ung
umfriedung	um fried ung
gleichzeitigkeit	gleichzeit ig keit
mutlos	mut los
produktionsleiterin	produktionsleiter in
großbauer	großbau er
emotionslos	emotion los
bildlichkeit	bild lich keit
estin	este in
töpfer	topf er
steurer	steuer er
sinnlos	sinn los
funktionsfähigkeit	funktionsfähig keit
bedeckung	bedecken ung
slawistin	slawe isch ist in
unterwürfigkeit	unterwürfig keit
risikofreudig	risikofreude ig
hitzebeständigkeit	hitzebeständig keit
unfallgegnerin	unfallgegner in
wiederbewaffnung	wiederbewaffnen ung
verslein	vers lein
zurückberufung	zurückberufen ung
verlagslektorin	verlagslektor in
niederlegung	niederlegen ung
glashauser	glashaus er
verkaufsständer	verkaufsstand er
winker	wink er
absolventin	absolvent in
videokünstlerin	videokunst ler in
gegenwärtig	gegenwart ig
tagträumer	tagtraum er
schwätzer	schwätzen er
hauptschülerin	hauptschule er in
kulturbotschafter	kulturbotschaft er
marathonläufer	marathonlaufen er
entwicklungshelferin	entwicklungshelfer in
streuner	streunen er
umbildung	umbilden ung
nachqualifizierung	nachqualifizieren ung
biederkeit	bieder keit
tierschutzrechtlich	tierschutzrecht lich
flüchtig	flüchten ig
bedürftig	bedürften ig
bernecker	berneck er
fehlleitung	fehlleiten ung
klubkollegin	klubkollege in
verschreibung	verschreiben ung
trotzkistin	trotzkist in
fahrkartenverkäuferin	fahrkartenverkauf er in
spielsüchtig	spielsucht ig
heiserkeit	heiser keit
beaufsichtigung	be aufsicht ung
dresdnerin	dresden er in
befrachtung	befrachten ung
erreichbarkeit	erreichen bar keit
fahrigkeit	fahr ig keit
jakober	jakob er
abberufung	abberufen ung
eiszeitlich	eiszeit lich
neutralisierung	neutrale isier ung
verkehrspolizeilich	verkehrspolizei lich
schaltung	schalten ung
gesangssolistin	gesangssolist in
finkenberger	finkenberg er
polizeireporterin	polizeireport er in
abfahrtsläufer	abfahrtslauf er
einig	eine ig
hanifin	hanife in
berufsgenossenschaftlich	berufsgenossenschaft lich
leitung	leiten ung
entmutigung	entmutigen ung
schmissigkeit	schmissig keit
heftchen	heft chen
wunderlichkeit	wundern lich keit
bildungsreformer	bildungsreform er
oberbürgermeisterin	oberbürgermeister in
bürovorsteherin	bürovorsteher in
gemeindepolitiker	gemeindepolitik er
buchverkäufer	buchverkauf er
bittstellerin	bittsteller in
radioempfänger	radioempfang er
ulmer	ulme er
durchsichtig	durchsicht ig
strähnig	strähne ig
bescherung	bescheren ung
ohrenschützer	ohrenschutz er
leichtgewichtig	leichtgewichten ig
endzeitlich	endzeit lich
ausstellungsdesigner	ausstellungsdesign er
barockschlößchen	barockschloß chen
versagung	versagen ung
wohlgefällig	wohlgefallen ig
vermeintlich	ver meine t lich
freistaatlich	freistaat lich
peinigung	pein ig ung
gesichtslos	gesicht los
kastenlos	kaste los
reiber	reibe er
kriegsverbrecher	kriegsverbrechen er
glasmalerin	glasmaler in
produktionsarbeiter	produktionsarbeit er
kompromißfähigkeit	kompromißfähig keit
schilderung	schild er ung
vertragslos	vertrag los
landschaftsschützer	landschaftsschutz er
pressesprecherin	pressesprecher in
leonberger	leonberg er
alleingänger	alleingang er
wiedereinsetzung	wiedereinsetzen ung
tanzlustig	tanzlust ig
bäuerlich	bauer lich
inhaltslos	inhalt los
fernsehjournalistin	fernsehjournalist in
tuttlinger	tuttlingen er
bananenförmig	bananenform ig
wölbung	wölben ung
postbeamtin	postbeamte in
rohstofflich	rohstoff lich
zweistaatlichkeit	zweistaatlich keit
seniorenbetreuerin	seniorenbetreuer in
überbrückung	überbrücken ung
kassiererin	kassieren er in
garnisonsstädtchen	garnisonsstadt chen
schulmusiker	schulmusik er
zeitigen	zeit ig
fischfänger	fischfang er
wochengewinner	wochengewinn er
hochspringerin	hochspringen er in
festlich	fest e lich
verschlechterung	ver schlecht ung
leidensgenossin	leidensgenosse in
maier	maia er
bankräuber	bankraub er
frostig	frost ig
unauflöslichkeit	unauflöslich keit
großherzoglich	großherzog lich
verehelichen	ver ehe lich
multimillionärin	multimillionär in
spastikerin	spastiker in
universitätsmediziner	universitätsmedizin er
stadtarchivarin	stadtarchivar in
sünderbänkchen	sünderbank chen
geistesarbeiter	geistesarbeit er
erkältung	erkälten ung
neuenburger	neuenburg er
erholung	erholen ung
standesamtlich	standesamt lich
freihaltung	freihalten ung
arbeitsmediziner	arbeitsmedizin er
möbelbauer	möbelbau er
zollrechtlich	zollrecht lich
sozialneider	sozialneid er
maiberger	maiberg er
müßiggänger	müßiggang er
abschweifung	abschweifen ung
tessiner	tessin er
absender	absenden er
ketzerin	ketzer in
gesundheitspolitiker	gesundheitspolitik er
pädagogikstudentin	pädagogikstudent in
filderstädter	filderstadt er
wiederkäuer	wiederkäuen er
fensterlos	fenster los
versinnlichen	ver sinn lich
saunagänger	saunagang er
entbehrlich	entbehren lich
inspirationslos	inspiration los
sprengung	sprengen ung
verfemung	ver feme ung
umweglos	umweg los
rüsselsheimerin	rüsselsheim er in
lautlich	lauten lich
demütigen	demut ig
irrläufer	irrlauf er
majorin	major in
lockung	locken ung
ringerin	ringen er in
strafrechtlerin	strafrecht ler in
unpersönlichkeit	un persönlich keit
weltbanker	weltbank er
kommunikationswissenschaftlerin	kommunikationswissenschaft ler in
überraschungssieger	überraschungssieg er
bauleiterin	bauleiter in
nachwuchsläuferin	nachwuchsläufer in
kinderfreundlichkeit	kinderfreund lich keit
stadtjugendpflegerin	stadtjugendpflege er in
befehlsempfängerin	befehlsempfang er in
vernünftig	vernunft ig
sozialistin	soziale ist in
vorsichtig	vorsicht ig
luftwaffenhelferin	luftwaffenhelfer in
ausführbar	ausführen bar
widersprüchlich	widerspruch lich
abrichtung	abrichten ung
stabilisierung	stabile isier ung
seelsorger	seelsorge er
miladin	milad in
altbauer	altbau er
ostberlinerin	ostberlin er in
neapolitanerin	neapolitaner in
alin	ale in
oberbereiter	oberbereite er
sektkühler	sektkühle er
befreiungskämpfer	befreiungskampf er
spiegelberger	spiegelberg er
projektmanagerin	projektmanager in
verletzbar	verletzen bar
weilbacher	weilbach er
anwendung	anwenden ung
ehrbarkeit	ehrbar keit
henner	henn er
gesprächsleiterin	gesprächsleiter in
finanzmanagerin	finanzmanager in
überbringer	über bring er
namensvetterin	namensvetter in
modernisierung	modern isier ung
wettbetrüger	wettbetrug er
treuhandchefin	treuhandchef in
kaffeeverkäufer	kaffeeverkauf er
möglinger	möglingen er
allacher	allach er
aidin	aide in
straußberger	straußberg er
belohnung	belohnen ung
vermittlerin	vermitteln er in
gesetzeskräftig	gesetzeskraft ig
befeuerung	befeuern ung
königsteiner	königstein er
sozialwirtschaftlich	sozialwirtschaft lich
zubereitung	zubereiten ung
verzahnung	verzahnen ung
liederlichkeit	liederlich keit
sportpädagogin	sportpädagoge in
erledigung	erledigen ung
undurchsichtigkeit	un durchsicht ig keit
kabellos	kabel los
überempfindlich	über empfinden lich
neubürgerin	neuburg er in
radrennfahrerin	radrennfahrer in
unterfinanzierung	unter finanz ier ung
einigungsfähigkeit	einigungsfähig keit
lumpig	lumpen ig
zerbrechlich	zer brechen lich
angster	angst er
tänzer	tanz er
wasserwerker	wasserwerk er
billiglohnarbeiter	billiglohnarbeit er
fackelläufer	fackellauf er
lösung	lösen ung
rezipientin	rezipient in
schmutzig	schmutz ig
kinderbuchautorin	kinderbuchautor in
winterschläfer	winterschlaf er
versteigerung	ver steige er ung
brötchen	brot chen
chemielehrerin	chemielehrer in
vererblich	ver erbe lich
siebenmalig	siebenmal ig
schwerpflegebedürftigkeit	schwerpflegebedürftig keit
arierin	ari er in
transportunternehmer	transportunternehmen er
besteller	bestellen er
lesung	lesen ung
ethiker	ethik er
herforderin	herford er in
autobahnplaner	autobahnplan er
torschützenkönigin	torschützenkönig in
zahler	zahlen er
frühsommerlich	frühsommer lich
nasser	nasse er
schwarzenberger	schwarzenberg er
violinspieler	violinspiel er
selbstbetrüger	selbstbetrug er
offenburger	offenburg er
berufskollegin	berufskollege in
speicherbar	speichern bar
diskussionsleiterin	diskussionsleiter in
floßfahrer	floßfahren er
mitschülerin	mitschüler in
wahlsiegerin	wahlsieg er in
berufschüler	berufschule er
alttestamentlerin	alttestamentler in
fahrdienstleiterin	fahrdienstleiter in
randlos	rand los
kauffreudig	kauffreude ig
europapokalgewinner	europapokalgewinn er
antwerpener	antwerpen er
barbier	barbie er
ortspolitiker	ortspolitik er
vokalartistin	vokalartist in
umwidmung	umwidmen ung
ballspieler	ballspielen er
dornburger	dornburg er
beitragspflichtig	beitragspflicht ig
gastprofessorin	gastprofessor in
äußerlich	äußern lich
abschreckung	abschrecken ung
späterer	späteren er
einzelgänger	einzelgang er
hörerin	hören er in
fernseher	fernsehen er
leistungslos	leistung los
musikliebhaberin	musikliebhaber in
scheußlichkeit	scheußlich keit
fehlernährung	fehlernähren ung
lämmchen	lamm chen
reformfeindlichkeit	reformfeind lich keit
landesdirektorin	landesdirektor in
einzelgesellschafter	einzelgesellschaft er
erholungsbedürftigkeit	erholungsbedürftig keit
gestalter	gestalten er
übersteigerung	übersteigern ung
ausgestaltung	ausgestalten ung
frühmittelalterlich	frühmittelalter lich
rathauspolitiker	rathauspolitik er
plastiksäckchen	plastiksack chen
geschäftsführerin	geschäftsführer in
drachenbauer	drachenbauen er
eisläuferin	eislaufen in
glaubenskrieger	glaubenskrieg er
bereitung	bereiten ung
musikkritiker	musikkritik er
pfeifer	pfeife er
röckchen	rock chen
nachtclubbesitzerin	nachtclubbesitzer in
freundlich	freund lich
wandelbar	wandeln bar
unberechenbarkeit	un berechenbar keit
privatbauer	privatbau er
wilkin	wilke in
handhabbar	handhaben bar
flossenbürger	flossenburg er
esslinger	esslingen er
oppositionspolitikerin	oppositionspolitik er in
kursleiterin	kursleiter in
schulreformer	schulreform er
rechtfertigung	rechtfertigen ung
regenerierung	regenerieren ung
vorbildlichkeit	vorbilden lich keit
bratwürstchen	bratwurst chen
heiligsprechung	heiligsprechen ung
dechiffrierbar	dechiffrieren bar
sperrig	sperre ig
beschuldigung	be schuld ig ung
undurchdringlichkeit	undurchdringlich keit
müller	mull er
raffung	raffen ung
drehbuchschreiberin	drehbuchschreiben er in
japaner	japan er
andeutung	andeuten ung
schalter	schalten er
schillern	schill er
wiederbeschaffung	wiederbeschaffen ung
sauger	saugen er
verräterin	verraten er in
rempler	rempeln er
charlottenburger	charlottenburg er
umweltschädlichkeit	umweltschädlich keit
schwerstpflegebedürftigkeit	schwerstpflegebedürftig keit
hohensteiner	hohenstein er
blaumacher	blaumachen er
angemessener	angemessen e n er
schuldezernentin	schuldezernent in
gesundheitspolitikerin	gesundheitspolitik er in
pflänzchen	pflanzen chen
straßenbaulich	straßenbau lich
akrobatin	akrobat in
unzählig	unzahl ig
bezirkssekretärin	bezirkssekretär in
telefonseelsorger	telefonseelsorge er
trommlerin	trommeln er in
zeitplaner	zeitplan er
verhandlungsführerin	verhandlungsführer in
nachmieterin	nachmieter in
dornberger	dornberg er
unterwanderung	unterwandern ung
bärtig	barte ig
würstchenverkäuferin	würstchenverkäufer in
irrsinniger	irrsinn ig e n er
dachkämmerchen	dachkammer chen
spazierstöckchen	spazierstock chen
zivilpolizistin	zivilpolizei ist in
unteilbar	un teilen bar
erwerbsloser	erwerbslose er
nordseefischer	nordseefisch er
plauener	plauen er
schwimmerin	schwimmen er in
geschäftigkeit	geschäftig keit
erzählerin	erzählen er in
rumänin	rumäne in
geologin	geologe in
körperverträglichkeit	körperverträglich keit
toilettenhäuschen	toilettenhaus chen
kapellmeisterin	kapellmeister in
überdeckung	über decke ung
hohepriesterin	hohepriester in
hellseherin	hellsehen er in
anfechtung	anfechten ung
hauswirtschafterin	hauswirt schaft er in
verwünschung	verwünschen ung
begleitung	begleiten ung
autobesitzer	autobesitz er
rabensteiner	rabenstein er
verlustig	verlust ig
speerwerfer	speerwerfen er
richtungslos	richtung los
rechtsfähigkeit	rechtsfähig keit
eigentümlichkeit	eigentum lich keit
filmheldin	filmheld in
nachtschwärmerin	nachtschwärmer in
arglos	arg los
gräfin	gräf in
chorführerin	chorführer in
verrechnung	verrechnen ung
botschafterin	botschaft er in
tierpflegerin	tierpflege er in
rüsselsheimer	rüsselsheim er
menschlich	mensch lich
leiblichkeit	leib lich keit
gemeindepfarrerin	gemeindepfarrer in
weltöffentlichkeit	weltöffentlich keit
kulturchefin	kulturchef in
taubenzüchter	taubenzucht er
sonderpädagogin	sonderpädagoge in
niederberger	niederberg er
reisefähigkeit	reisefähig keit
weinberghäuschen	weinberghaus chen
industriepolitiker	industriepolitik er
nationalstaatlichkeit	nationalstaat lich keit
rosenkönigin	rosenkönig in
wirtschaftsreferentin	wirtschaftsreferent in
angleichung	angleichen ung
sprengtechniker	sprengtechnik er
jährlich	jähren lich
sahin	sah in
örtlichkeit	örtlich keit
weiterbewilligung	weiterbewilligen ung
übermittler	übermitteln er
unterpächterin	unterpächter in
agrarwissenschaftlich	agrarwissenschaft lich
wegrationalisierung	wegrationalisieren ung
überflüssigkeit	über flüssig keit
trotzig	trotzen ig
intrigantin	intrigant in
mobilfunker	mobilfunk er
weiterblättern	weiterblatt er
lindner	linden er
mondsüchtig	mondsucht ig
erwerbswirtschaftlich	erwerbswirtschaft lich
gleisbauer	gleisbau er
gardistin	gard ist in
überheblich	überheben lich
vereinsamung	ver einsam ung
kameruner	kamerun er
zügigkeit	zügig keit
säuberung	säubern ung
radikalreformer	radikalreform er
chemielaborantin	chemielaborant in
verantwortungsethiker	verantwortungsethik er
kostümverleiher	kostümverleih er
sportärztlich	sportarzt lich
rechtshänderin	rechtshänder in
blitzkrieger	blitzkrieg er
abschiebung	abschieben ung
vorbildlos	vorbild los
domin	dom in
knobler	knobeln er
verstrickung	ver strick ung
posträuber	postraub er
wirkungsvoller	wirkungsvolle er
überreizung	über reiz ung
deutschlandpolitiker	deutschlandpolitik er
wehrlos	wehr los
entmachtung	entmachten ung
wildbader	wildbad er
handelsrechtlich	handelsrecht lich
fertighäuschen	fertighaus chen
mühlberger	mühlberg er
individualistin	individualist in
gülser	gülsen er
streitbar	streiten bar
leuchtenberger	leuchtenberg er
feldspieler	feldspiel er
buchenwäldchen	buchenwald chen
fließbandarbeiterin	fließbandarbeit er in
ölarbeiter	ölarbeit er
familienrechtlich	familienrecht lich
polizeisprecherin	polizeisprecher in
piepser	piepsen er
tabellenachter	tabellenachte n er
menschenschlächter	menschenschlachten er
volksschüler	volksschule er
huldigung	huld ig ung
hinzufügung	hinzufügen ung
eggenberger	eggenberg er
schulsiegerin	schulsieger in
militärmusiker	militärmusik er
zirkusbesucher	zirkusbesuch er
rippchen	rippe chen
ausschweifung	aus schweif ung
göttingerin	göttingen er in
fischereirechtlich	fischereirecht lich
großanlagenbauer	großanlagenbau er
mechanisierung	mechanisch isier ung
weitervermietung	weitervermieten ung
medienassistentin	medienassistent in
vierkämpfer	vierkampf er
baströckchen	bastrock chen
verlegerin	verlegen er in
pensionierung	pension ier ung
krachig	krachen ig
straftäterin	straftat er in
formierung	form ier ung
münchener	münchen er
teamchefin	teamchef in
regelmäßigkeit	regelmäßig keit
fernsprecher	fernsprechen er
literaturdozentin	literaturdozent in
saftig	saft ig
sprachlos	sprache los
nachmittagsschläfchen	nachmittagsschlaf chen
athenerin	athene er in
vegetationslos	vegetation los
friedensunfähigkeit	friedensunfähig keit
gastlichkeit	gast lich keit
unterstützerin	unterstützen er in
polin	pol in
konkretisierung	konkrete isier ung
unstimmigkeit	un stimmen ig keit
schauenburger	schauenburg er
einfassung	einfassen ung
geherin	gehen er in
übelkeit	übel keit
winterberger	winterberg er
studienfreundin	studienfreund in
väterlichkeit	vater lich keit
unwandelbar	un wandeln bar
resozialisierung	resozialisieren ung
aufwärter	aufwarten er
görlitzer	görlitz er
baumüller	baumüll er
straßenmusikantin	straßenmusikant in
jubilarin	jubilar in
siegelsberger	siegelsberg er
fragwürdigkeit	fragwürdig keit
spielgestalterin	spielgestalter in
gutherzigkeit	gutherzig keit
selbstpflücker	selbstpflücken er
kostensenker	kostensenken er
hauswirtschafter	hauswirt schaft er
defensivspieler	defensivspiel er
vielfarbigkeit	vielfarbig keit
lagerarbeiterin	lagerarbeit er in
vererbbar	ver erbe bar
schürer	schur er
chemikerin	chemiker in
engelberger	engelberg er
arbeitsfähigkeit	arbeitsfähig keit
konfliktlos	konflikt los
finanzsenatorin	finanzsenator in
krisenanfälligkeit	krisenanfällig keit
bergbauer	bergbau er
fernsehkritiker	fernsehkritik er
diskussionsteilnehmerin	diskussionsteilnehmer in
homburger	homburg er
soner	son er
japanerin	japan er in
brandung	branden ung
trommler	trommeln er
simultanübersetzerin	simultanübersetzer in
tiroler	tirol er
entschädigung	entschädigen ung
schaumberger	schaumberg er
büchermacher	büchermachen er
polsterung	polstern ung
entwertung	entwerten ung
robin	robe in
republikanerin	republik aner in
kompromißlos	kompromiß los
kartoffelanbauer	kartoffelanbau er
ehrendoktorin	ehrendoktor in
preisträgerin	preisträger in
bielefelderin	bielefelder in
terroristin	terror ist in
kleinteilig	kleinteil ig
rosenkreuzer	rosenkreuz er
parteilichkeit	partei lich keit
konfliktfreudigkeit	konfliktfreude ig keit
unbeweglichkeit	un bewegen lich keit
finanzplaner	finanzplan er
synchronisierung	synchrone isch isier ung
athletin	athlet in
dealerin	dealen in
weizenkörner	weizenkorn er
strandbesucher	strandbesuch er
verschraubung	ver schrauben e ung
bezichtigung	bezichtigen ung
lüfter	luft er
zeitgeistig	zeitgeist ig
anlegerin	anlegen er in
galeristin	galerie ist in
michelstädter	michelstadt er
klavierschüler	klavierschule er
zeugung	zeugen ung
übermenschlich	übermensch lich
steckbar	stecken bar
wiedereinsteigerin	wiedereinsteiger in
zurückweisung	zurückweisen ung
schutzpatronin	schutzpatron in
untermieter	untermiete er
lebendigkeit	leben e ig keit
versorgungslager	versorgungslage er
gastkünstlerin	gastkünstler in
einschlägig	einschlagen ig
pilsener	pilsen er
jerusalemer	jerusalem er
gewerkschaftsaktivistin	gewerkschaftsaktivist in
freizeitgärtner	freizeitgarten er
hellhörigkeit	hellhörig keit
minderung	mindern ung
erörterung	erörtern ung
utopistin	utopisch ist in
sparer	spar er
absonderlich	absondern lich
schlemmer	schlemmen er
vollzieher	vollziehen er
autofahrer	autofahren er
liebkosung	liebkosen ung
binnenwirtschaftlich	binnenwirtschaft lich
gegenteilig	gegenteil ig
erwiderung	erwidern ung
mobilisierungsfähigkeit	mobilisierungsfähig keit
mißlichkeit	miß lich keit
uhrmacherin	uhrmacher in
umrechnung	umrechnen ung
provozierung	provozieren ung
warmblüter	warmblut er
amerikanisierung	amerika anisch isier ung
kleinhaltung	kleinhalten ung
arbeitslos	arbeit los
schwülstig	schwulst ig
krankenversicherungspflichtig	krankenversicherungspflicht ig
stimmungslos	stimmen ung los
rauscher	rausch er
hochschullehrer	hochschullehre er
geltung	gelten ung
skandinavier	skandinavien er
mitteilungsblättchen	mitteilungsblatt chen
strangulierung	strangulieren ung
anlieferung	anliefern ung
plötzlichkeit	plötze lich keit
verschweigung	verschweigen ung
koordinatorin	koordinator in
personalplaner	personalplan er
bestattung	bestatten ung
denkmalschützer	denkmalschutz er
faltbar	falten bar
mäntelchen	mantel chen
düngung	düngen ung
turnlehrerin	turnlehrer in
kulturdezernentin	kulturdezernent in
ausbildungswillig	ausbildungswille ig
rechtskundig	rechtskunde ig
vorsängerin	vorsänger in
verunglimpfung	verunglimpfen ung
klimatechniker	klimatechnik er
drogensüchtig	drogensucht ig
südbadener	südbaden er
rollerfahrerin	rollerfahrer in
polizeistaatlich	polizeistaat lich
aserbaidschaner	aserbaidschan er
gängig	gang ig
untauglich	un taugen lich
drangsalierung	drangsal ier ung
zehntausender	zehntausend er
verhüllung	ver hüllen ung
grundsatzreferentin	grundsatzreferent in
standesbeamtin	standesbeamte in
freiburgerin	freiburg er in
kelterung	keltern ung
traufetter	traufe ette er
fotoreporterin	fotoreporter in
donaueschinger	donaueschingen er
hochstaplerin	hochstapeln er in
sprachlehrerin	sprachlehre er in
leiblich	leib lich
kartenverkäufer	kartenverkauf er
angreiferin	angreifen er in
zündung	zünden ung
rundfunkreporterin	rundfunkreporter in
hexenmeisterin	hexenmeister in
chefredakteurin	chefredakteur in
neckarsulmer	neckarsulm er
tübinger	tübingen er
mißbräuchlich	mißbrauch lich
weinsberger	weinsberg er
waffenbesitzer	waffenbesitz er
zersetzung	zer setzen ung
betrachterin	betrachten er in
erlanger	erlangen er
rekordnationalspielerin	rekordnationalspieler in
anhörung	anhören ung
rundgänger	rundgang er
kniefällig	kniefall ig
tanneberger	tanneberg er
constantin	constant in
diplomatin	diplom at in
nachversteuerung	nachversteuern ung
geschenkbändchen	geschenkband chen
geschwisterpärchen	geschwisterpaar chen
einzelstaatlich	einzelstaat lich
hilfspolizistin	hilfspolizei ist in
possierlichkeit	possierlich keit
ernährung	ernähren ung
skater	skat er
mehrkämpferin	mehrkampf er in
willigen	wille ig
profispielerin	profispieler in
paarung	paaren ung
billardspieler	billardspielen er
ilker	ilke er
reproduktionsfähigkeit	reproduktionsfähig keit
verschuldung	ver schuld ung
schlagzeugerin	schlagzeug er in
baseler	basel er
seglerin	segeln er in
natürlicher	natürlichen er
anschaffung	anschaffen ung
kaltblütigkeit	kaltblut ig keit
emigrantin	emigrant in
schnäpschen	schnaps chen
verwirrung	ver wirre ung
erfahrungswissenschaftlich	erfahrungswissen schaft lich
rechtspolitikerin	rechtspolitik er in
metallstäbchen	metallstab chen
kinderschützer	kinderschutz er
ulkig	ulken ig
sichtbarkeit	sichten bar keit
studienanfänger	studienanfang er
kulturpädagogin	kulturpädagoge in
bremerhavenerin	bremerhaven er in
züricher	zürich er
großtanker	großtank er
gegenständlich	gegenstand lich
demokratin	demokrat in
beispielslos	beispielen los
aufrichtung	aufrichten ung
kindler	kindl er
einzelbesucher	einzelbesuch er
wettbewerblich	wettbewerb lich
verhaftung	ver haft ung
befremdlich	befremden lich
showmasterin	showmaster in
fernsehunternehmer	fernsehunternehmen er
zusammenhanglos	zusammenhang los
kampagnenfähigkeit	kampagnenfähig keit
schirmer	schirm er
eheberaterin	eheberater in
zuständigkeit	zuständig keit
hintersinnig	hintersinn ig
bohrer	bohren er
abstoßung	abstoßen ung
sizilianerin	sizilianer in
besiedelung	besiedeln ung
belastungsfähigkeit	belastungsfähig keit
mäuslein	maus lein
feller	fell er
märchenkönigin	märchenkönig in
vereinigen	ver eine ig
stadtpolitiker	stadtpolitik er
allzeitig	allzeit ig
legierung	legieren ung
industriearbeiterin	industriearbeit er in
ausdrücklich	ausdrücken lich
denkmalrechtlich	denkmalrecht lich
anknüpfung	anknüpfen ung
finnin	finne in
wiesbadener	wiesbaden er
informatiker	informatik er
ingenieurswissenschaftlich	ingenieurswissenschaft lich
gewichtheber	gewichtheben er
einzeichnung	einzeichnen ung
rheinpfälzer	rheinpfalz er
mittäglich	mittag lich
kinogeher	kinogehen er
schwärzlich	schwärzen lich
kinnbärtchen	kinnbart chen
hobbykünstlerin	hobbykunst ler in
veranschaulichen	ver anschauen lich
kitschig	kitsch ig
wendig	wenden ig
packerin	packen er in
strahlenforscherin	strahlenforscher in
verwender	verwenden er
wohltäter	wohltat er
preßburger	preßburg er
therapeutin	therapeut in
versenkung	versenken ung
verbrennbar	verbrennen bar
inländerin	inländer in
schirmherrin	schirmherr in
puppenkünstlerin	puppenkünstler in
taxifahrerin	taxifahren er in
ermäßigung	ermäßigen ung
gasverbraucher	gasverbrauch er
zähler	zahl er
wohnungsverwalterin	wohnungsverwalter in
einzelfallhelferin	einzelfallhelfer in
fokussierung	fokus ier ung
verteidigungsplaner	verteidigungsplan er
kleinlein	klee in lein
bodengutachter	bodengutachten er
exportfähigkeit	exportfähig keit
wahlkampfmanagerin	wahlkampfmanager in
sozialberaterin	sozialberater in
überalterung	über alter ung
existenzgründerin	existenzgründer in
europaschüler	europaschule er
kritikerin	kritik er in
korrektorin	korrektor in
nachahmungstäter	nachahmungstat er
lenker	lenken er
lösbarkeit	lösen bar keit
beistellung	beistellen ung
mixer	mix er
anwaltsgehilfin	anwaltsgehilfe in
schwarzbrenner	schwarzbrennen er
eintägig	eintag ig
schlesierin	schlesien er in
pferdezüchter	pferdezucht er
ausstaffierung	ausstaffieren ung
praktikerin	praktik er in
kammerpräsidentin	kammerpräsident in
hörfunkjournalistin	hörfunkjournalist in
förderung	fördern ung
bodenreformer	bodenreform er
zugfahrer	zugfahren er
würzburger	würzburg er
korrespondentin	korrespondent in
hauptverursacherin	hauptverursacher in
sportdezernentin	sportdezernent in
fettig	fetten ig
reizbar	reizen bar
fünfhunderter	fünfhundert er
entdeckerin	entdecken er in
kammermusiker	kammermusik er
umerziehung	umerziehen ung
plätzchen	platz chen
terrassenförmig	terrassenform ig
wienerin	wien er in
aufhebung	aufheben ung
weiterbearbeitung	weiterbearbeiten ung
verpfändung	verpfänden ung
einzelgängerin	einzelgang er in
unterstufenlehrerin	unterstufenlehrer in
kurzbesucher	kurzbesuch er
zähringer	zähringen er
dickfelligkeit	dickfellig keit
verletzbarkeit	verletzen bar keit
verhältnismäßigkeit	verhältnis mäßig keit
lehramtlich	lehramt lich
religionskritiker	religionskritik er
beier	bea er
halbkugelig	halbkugel ig
selbstbediener	selbstbedienen er
nachwirkung	nachwirken ung
kehlig	kehle ig
essenerin	essen er in
individualrechtlich	individualrecht lich
fernmelder	fernmelde er
feuilletonredakteurin	feuilletonredakteur in
geschwisterlichkeit	geschwister lich keit
funktionsunfähigkeit	funktionsunfähig keit
beinsteiner	beinstein er
bratschistin	bratsche ist in
munterkeit	munter keit
sternchen	stern chen
siedlerin	siedler in
nichtraucherin	nichtrauchen er in
festigung	fest e ig ung
visapflichtig	visapflicht ig
anrufer	anrufen er
ludwigsburger	ludwigsburg er
weinig	wein ig
planung	planen ung
bahnbauer	bahnbau er
weißensteiner	weißenstein er
eberstädter	eberstadt er
meldung	melden ung
herrlich	herr lich
friedensarbeiter	friedensarbeit er
sündigen	sünde ig
fünfzehner	fünfzehn er
gemüseanbauer	gemüseanbau er
ausschöpfung	ausschöpfen ung
landeshauptstädter	landeshauptstadt er
voraussichtlich	voraussicht lich
anlegerschützer	anlegerschutz er
beweisbar	beweisen bar
sozialmediziner	sozialmedizin er
tannenberger	tannenberg er
ausbildungsleiterin	ausbildungsleiter in
freiheitskämpferin	freiheitskampf er in
arbeitsschützer	arbeitsschutz er
rüstungsabhängigkeit	rüstungsabhängig keit
aufsetzer	aufsetzen er
sudaner	sudan er
kapstädter	kapstadt er
ausstoßung	ausstoßen ung
spurensucher	spurensuchen er
verbraucherfreundlichkeit	verbraucherfreundlich keit
beiordnung	beiordnen ung
unerfüllbar	un erfüllen bar
stimmchen	stimme chen
fischfarmer	fischfarm er
mülltransporter	mülltransport er
ansprechpartnerin	ansprechpartner in
pfeiferaucher	pfeiferauchen er
odin	ode in
unterversorgung	unterversorgen ung
schwindler	schwindeln er
bastlerin	basteln er in
bringer	bring er
enthemmung	enthemmen ung
liebenswürdigkeit	liebenswürdig keit
barfüßig	barfuß ig
leistungssportlerin	leistungssport ler in
anreger	anregen er
anreicherung	anreichern ung
gemächlichkeit	gemach lich keit
nachdenklicher	nachdenklichen er
bader	baden er
parteireformer	parteireform er
martin	marte in
platzanweiserin	platzanweiser in
zerrung	zerren ung
abtreiber	abtreiben er
oberflächig	oberfläche ig
borbecker	borbeck er
teppichklopfer	teppichklopfen er
schmiedeberger	schmiedeberg er
autofreundlich	autofreund lich
vergebung	vergeben ung
klassenkämpfer	klassenkampf er
ostpolitiker	ostpolitik er
gesprächsunfähigkeit	gesprächsunfähig keit
überzählig	überzahl ig
zweitakter	zweitakt er
buchbinder	buchbinden er
gretchen	gret chen
frauenfreundlich	frauenfreund lich
sexarbeiter	sexarbeit er
überraschungslos	über rasch ung los
rekonvaleszentin	rekonvaleszent in
wahlgewinnerin	wahlgewinn er in
drogenabhängigkeit	drogenabhängig keit
gründer	gründen er
wasserbauer	wasserbau er
erwerber	erwerben er
gewinner	gewinnen er
unabhängigkeitskämpfer	unabhängigkeitskampf er
messebesucher	messebesuch er
stürmerin	stürmen er in
staatsbanker	staatsbank er
grünberger	grünberg er
kurseelsorger	kurseelsorge er
lockerung	lockern ung
katzenliebhaberin	katzenliebhaber in
öffnung	öffnen ung
königssteiner	königsstein er
bereicherung	bereichern ung
humanmediziner	humanmedizin er
brüsseler	brüssel er
unterscheidung	unterscheiden ung
vergreisung	ver greis e ung
senatsdirektorin	senatsdirektor in
gesellschaftsreformer	gesellschaftsreform er
gutsherrlich	gutsherr lich
bezauberung	bezaubern ung
nachrichtenchefin	nachrichtenchef in
kleinmütigkeit	kleinmut ig keit
vorkämpferin	vorkämpfer in
bedachtsamkeit	bedacht sam keit
hotelfachschüler	hotelfachschule er
tigerin	tiger in
landesgeschäftsführerin	landesgeschäftsführer in
kupferarbeiter	kupferarbeit er
hilfsarbeiter	hilfsarbeit er
eigenstaatlichkeit	eigenstaatlich keit
abstumpfung	abstumpfen ung
diagnostiker	diagnostik er
rehlein	reh lein
rostbratwürstchen	rostbratwurst chen
ausrufer	ausrufen er
altöttinger	altötting er
zukunftsträchtigkeit	zukunftsträchtig keit
vorführer	vorführen er
befürwortung	befürworten ung
anteilig	anteilen ig
nachbesserung	nachbessern ung
ersatzbewerberin	ersatzbewerber in
aufblähung	aufblähen ung
überwinder	überwinden er
abneigung	abneigen ung
bridgespieler	bridgespielen er
arbeitstäglich	arbeitstag lich
unwohnlich	un wohnen lich
herabsetzung	herabsetzen ung
bibliotheksdirektorin	bibliotheksdirektor in
europapolitiker	europapolitik er
verkrüppelung	ver krüppel ung
auswechselung	auswechseln ung
gewalttätig	gewalttat ig
wachschützer	wachschutz er
busfahrer	busfahren er
finanzbuchhalterin	finanzbuchhalter in
verspätung	ver spät ung
anschmiegsamkeit	anschmiegen sam keit
romantikerin	romantik er in
gelblich	gelb e lich
dorfbewohnerin	dorfbewohner in
blättchen	blatt chen
privatbanker	privatbank er
hotelchefin	hotelchef in
schubladendenker	schubladendenken er
pendlerin	pendeln er in
hochbauer	hochbau er
einbildung	ein bild ung
münchner	münchen er
hauptankläger	hauptanklage er
schreibung	schreiben ung
verharmlosung	ver harmlos ung
vervollständigung	ver vollständig ung
fernsehempfänger	fernsehempfang er
neuhauser	neuhausen er
kreuzbergerin	kreuzberg er in
unbeachtlich	un be acht lich
schäflein	schaf lein
aktionärin	aktionär in
skeptikerin	skeptiker in
gebrauchsgraphiker	gebrauchsgraphik er
bildstöckchen	bildstock chen
deklarierung	deklarieren ung
selbstherrlichkeit	selbstherrlich keit
glasgower	glasgow er
stadtförster	stadtforst er
atomfrachter	atomfracht er
kläglichkeit	kläglich keit
bergarbeiterin	bergarbeiter in
nahkämpfer	nahkampf er
reitlehrerin	reitlehrer in
stimulierung	stimulieren ung
kirchenreformer	kirchenreform er
hannoveranerin	hannover aner in
heuschreckenartig	heuschreckenart ig
hochschätzung	hochschätzen ung
beständigkeit	beständig keit
mißhandler	mißhandeln er
sozialpädagogin	sozialpädagoge in
geldgeberin	geldgeber in
einwendung	einwenden ung
reutlinger	reutlingen er
lenin	lene in
bayerin	bayer in
pragmatikerin	pragmatik er in
bauchtänzerin	bauchtanzen er in
werbegrafikerin	werbegrafik er in
kirchhofer	kirchhof er
erdarbeiter	erdarbeit er
schneelos	schnee los
bestrebung	bestreben ung
fünftausender	fünftausend er
wirtschaftsplaner	wirtschaftsplan er
justizpolitiker	justizpolitik er
polizeimeisterin	polizeimeister in
verminderung	ver minder ung
blaublütig	blaublut ig
freibadbesucher	freibadbesuch er
sonderung	sondern ung
akklimatisierung	akklimatisieren ung
untergewichtig	untergewicht ig
westlich	weste lich
stemmer	stemmen er
meßtechniker	meßtechnik er
grasig	grasen ig
erreichung	erreichen ung
gewaltverbrecher	gewaltverbrechen er
zeichner	zeichnen er
projektplaner	projektplan er
anwaltschaftlich	anwalt schaft lich
lagerleiterin	lagerleiter in
schutzwürdigkeit	schutzwürdig keit
prostituiertenmörder	prostituiertenmord er
großherzigkeit	großherzig keit
statthalterin	statthalter in
zahnlos	zahn los
opernsängerin	opernsänger in
sennerin	sennen in
schwerarbeiter	schwerarbeit er
vogelfänger	vogelfang er
zäunchen	zaun chen
hildesheimer	hildesheim er
militärsprecherin	militärsprecher in
oberschüler	oberschule er
gestaltlos	gestalten los
übererfüllung	übererfüllen ung
westenberger	westenberg er
lebensschützer	lebensschutz er
mergentheimer	mergentheim er
ölverbraucher	ölverbrauch er
betriebstechniker	betriebstechnik er
empfindungslos	empfinden ung los
nachholung	nachholen ung
beeinflussung	beeinflussen ung
wiederaufführung	wiederaufführen ung
hundefreundin	hundefreund in
technikkritiker	technikkritik er
flügelspielerin	flügelspiel er in
entschädigungspflichtig	entschädigungspflicht ig
verkrampfung	ver krampf ung
ingrimmig	ingrimm ig
kulturkritikerin	kulturkritik er in
drehbuchschreiber	drehbuchschreiben er
überweltlich	über welt lich
aufleger	auflegen er
köfferchen	koffer chen
diplomverwaltungswirtin	diplomverwaltungswirt in
schattierung	schattieren ung
postkutscher	postkutsche er
unbelehrbar	un belehren bar
schneidermeisterin	schneidermeister in
hundehalterin	hundehalter in
hürdensprinter	hürdensprint er
vorleser	vorlesen er
althistorikerin	althistoriker in
köstlich	kost lich
unangreifbar	un angreifen bar
klebrigkeit	klebrig keit
jugendrichterin	jugendrichter in
missetäter	missetat er
überstellung	überstellen ung
mutmacher	mutmachen er
rechtsverbindlichkeit	rechtsverbindlich keit
meisterschüler	meisterschule er
commerzbanker	commerzbank er
wahlkampfleiterin	wahlkampfleiter in
beantwortung	be antwort ung
traditionslos	tradition los
gebührenpflichtig	gebührenpflicht ig
auswegslos	ausweg los
vollzugstauglichkeit	vollzugstauglich keit
argentinierin	argentine ien er in
gehorsamkeit	gehorsam keit
pfleglich	pflegen lich
seniorenmeisterin	seniorenmeister in
erwärmung	erwärmen ung
fortschreibung	fortschreiben ung
luftverkehrsrechtlich	luftverkehrsrecht lich
schwulenfeindlichkeit	schwulenfeindlich keit
nervlich	nerv lich
sektenchefin	sektenchef in
kanalarbeiter	kanalarbeit er
einholung	einholen ung
folterung	foltern ung
agrarwissenschaftlerin	agrarwissenschaft ler in
ukrainer	ukraine er
kulturamtsleiterin	kulturamtsleiter in
hauptaktionärin	hauptaktionär in
löwin	löwe in
eishockeyspieler	eishockeyspiel er
wildecker	wildeck er
männlichkeit	mann lich keit
verleumder	verleumden er
lizenznehmerin	lizenznehmer in
behaglich	behagen lich
schwerverbrecher	schwerverbrechen er
antipolitiker	antipolitik er
vorurteilslos	vorurteil los
behindertenfreundlichkeit	behindertenfreundlich keit
unersetzbar	un ersetzen bar
säuerlichkeit	säuern lich keit
parteiführerin	parteiführer in
hochstilisierung	hochstilisieren ung
abrufbar	abrufen bar
umgehung	umgehen ung
impulsgeberin	impulsgeber in
verräuchern	ver rauchen er
villinger	villingen er
agentin	agent in
darbietung	darbieten ung
mehrstündig	mehrstunde ig
galeriebesitzerin	galeriebesitzer in
süffig	suff ig
einberufbar	einberufen bar
ausnüchterung	ausnüchtern ung
kinogängerin	kinogang er in
beherbergung	beherbergen ung
wissenschaftstheoretikerin	wissenschaftstheoretiker in
umkreisung	um kreis ung
hornberger	hornberg er
ladenbauer	ladenbau er
querschläger	querschlag er
badestädter	badestadt er
ökogärtner	ökogarten er
altenheimbewohnerin	altenheimbewohner in
kleinmütig	kleinmut ig
unverständlichkeit	unverstand lich keit
geldsäckchen	geldsack chen
leichtfertigkeit	leichtfertig keit
bestäubung	bestäuben ung
bildner	bilden er
tamer	tam er
graphikerin	graphik er in
singapurer	singapur er
lieferantin	lieferant in
bodendecker	bodendecke er
garantiegeberin	garantiegeber in
entzweiung	entzweien ung
innovationsfreudig	innovationsfreude ig
familienforscherin	familienforscher in
sozialhilfeempfängerin	sozialhilfeempfänger in
landesverräter	landesverrat er
eiberger	eiberg er
beschäftigungslos	beschäftigen ung los
englischlehrerin	englischlehrer in
kommunistin	kommunist in
initiatorin	initiator in
wipper	wippe er
fertigkeit	fertig keit
textilarbeiterin	textilarbeit er in
bedienungsfreundlichkeit	bedienungsfreundlich keit
kieler	kiel er
befindlich	befinden lich
pädagogikprofessorin	pädagogikprofessor in
gespannfahrer	gespannfahren er
kriegslustig	kriegslust ig
kurfürstin	kurfürst in
hauptspieler	hauptspiel er
bemessung	bemessen ung
polizeianwärterin	polizeianwärter in
abfallberaterin	abfallberater in
konturenlos	kontur los
arbeitsschutzrechtlich	arbeitsschutzrecht lich
wissenschaftsfeindlichkeit	wissenschaftsfeindlich keit
eichenberger	eichenberg er
aussteller	ausstellen er
filmpartnerin	filmpartner in
haider	haid er
treulich	treu e lich
pressechefin	pressechef in
rezeptpflichtig	rezeptpflicht ig
ungarin	ungar in
firmengründerin	firmengründer in
spritzer	spritzen er
überquerung	überqueren ung
töpfchen	topf chen
skiläufer	skilaufen er
unhöflichkeit	un hof lich keit
giftmischerin	giftmischer in
abmagerung	abmagern ung
hänger	hängen er
drachenflieger	drachenfliegen er
engelmacherin	engelmacher in
ausschließlich	aus schließen e lich
kunstjournalistin	kunstjournalist in
unsichtbar	un sichten bar
kirchengeschichtlich	kirchengeschichte lich
aquarellmalerin	aquarellmalen er in
wundertätigkeit	wundertat ig keit
unhörbarkeit	un hörbar keit
westunternehmer	westunternehmen er
spitzenkandidatin	spitzenkandidat in
wörtchen	wort chen
langjährig	langjahr ig
absperrung	absperren ung
fortbildung	fortbilden ung
verminung	verminen ung
abstempelung	ab stempeln el ung
galerieleiterin	galerieleiter in
sexualstraftäter	sexualstraftat er
theaterkritiker	theaterkritik er
stadtentwicklungsplaner	stadtentwicklungsplan er
reinberger	reinberg er
karin	kar in
fernzündung	fernzünden ung
steinecker	steineck er
diplomlehrerin	diplomlehrer in
schöpfung	schöpfen ung
abordnung	abordnen ung
gießenerin	gießen er in
pastellfarbig	pastellfarbe ig
pennerin	pennen in
umbenennung	umbenennen ung
andalusier	andalusien er
leunaer	leuna er
innsbrucker	innsbruck er
dresdener	dresden er
geschichtlich	geschichte lich
abnutzung	ab nutz ung
vergasung	vergasen ung
tanzer	tanz er
zeremonienmeisterin	zeremonienmeister in
begradigung	begradigen ung
vergegenwärtigen	ver gegenwart ig
volksfeindlich	volksfeind lich
mehrheitsgesellschafter	mehrheitsgesellschaft er
systematisierung	system atisch isier ung
ungefällig	un gefälle ig
schulärztlich	schularzt lich
absetzung	absetzen ung
verhütung	verhüten ung
kreisstädtchen	kreisstadt chen
bitterlich	bitter lich
starreporterin	starreporter in
verknöcherung	ver knochen ung
gewöhnlichkeit	gewöhnen lich keit
messebauer	messebau er
lothringer	lothringen er
umgestaltung	um gestalt ung
doktorin	doktor in
bootsfahrer	bootsfahren er
bundesstatistiker	bundesstatistik er
gemeinschaftsfähigkeit	gemeinschaftsfähig keit
ruhmsüchtig	ruhmsucht ig
waldig	wald ig
fertigung	fertigen ung
stimmung	stimmen ung
kajakfahrer	kajakfahren er
trapper	trappe er
moritzburger	moritzburg er
alleinig	allee in ig
unerfreulich	un erfreuen lich
petersberger	petersberg er
vergegenständlichen	ver gegenstand lich
erfreulich	erfreuen lich
tätowierung	tätowieren ung
fremdenfreundlichkeit	fremdenfreundlich keit
schnittig	schnitte ig
volkskommissarin	volkskommissar in
filmschauspielerin	filmschauspieler in
entpersönlichung	entpersönlichen ung
landesjugendpfarrerin	landesjugendpfarrer in
waiblinger	waiblingen er
eigenheimbauer	eigenheimbau er
grenzpolizeilich	grenzpolizei lich
ägypter	ägypten er
hirnlos	hirn los
unrechtmäßigkeit	unrecht mäßig keit
reuelos	reue los
risikofreudigkeit	risikofreude ig keit
ersatzkandidatin	ersatzkandidat in
meierhofer	meierhof er
ungeheuerlichkeit	ungeheuer lich keit
zurechtweisung	zurechtweisen ung
bettlerin	betteln er in
rochlitzer	rochlitz er
außenwirtschaftsrechtlich	außenwirtschaftsrecht lich
referentin	referent in
schwänzer	schwänzen er
nervig	nerven ig
sambatänzerin	sambatänzer in
unverständlich	unverstand lich
unerschütterlichkeit	unerschütterlich keit
marathonläuferin	marathonlaufen er in
voraussetzungslos	voraussetzen ung los
briefschreiberin	briefschreiber in
unfallträchtigkeit	unfallträchtig keit
hörfunkdirektorin	hörfunkdirektor in
kioskbesitzerin	kioskbesitzer in
zuzahlung	zuzahlen ung
spanier	spanien er
heldenmutig	heldenmut ig
geschäftsinhaberin	geschäftsinhaber in
stahlbetonbauer	stahlbetonbau er
einstig	einst ig
pockennarbig	pockennarbe ig
zollamtlich	zollamt lich
klagbar	klagen bar
häßlichkeit	haß lich keit
begründungspflichtig	begründungspflicht ig
zugbegleiterin	zugbegleiter in
hauptmieterin	hauptmieter in
radolfzeller	radolfzell er
hochstapler	hochstapeln er
adventlich	advent lich
bastler	basteln er
fachlich	fach lich
dubrovniker	dubrovnik er
kreuzberger	kreuzberg er
apothekerin	apotheke er in
karlsruherin	karlsruhe er in
orchestrierung	orchestrieren ung
kindesmörder	kindesmord er
brasilianerin	brasil ien aner in
jugendarbeiter	jugendarbeit er
überbetonung	überbetonen ung
nachträglich	nachtrag lich
überlebenskünstlerin	überlebenskunst ler in
verwerfung	verwerfen ung
entsetzlichkeit	entsetzen lich keit
hochrechnung	hochrechnen ung
grundschullehrerin	grundschullehrer in
backsteinhäuschen	backsteinhaus chen
blumenverkäufer	blumenverkauf er
agrarpolitiker	agrarpolitik er
bestellerin	bestellen er in
liebeslager	liebeslage er
einsegnung	einsegnen ung
nebenamtlich	nebenamt lich
programmdirektorin	programmdirektor in
einrichtung	einrichten ung
saisonarbeiter	saisonarbeit er
konzertpianistin	konzertpianist in
gartenbauer	gartenbau er
atommülltransporter	atommülltransport er
ehrwürdig	ehrwürde ig
zechenhäuschen	zechenhaus chen
verräuchern	ver rauchen er
abbildbar	abbilden bar
humanistin	human ist in
kinobesitzerin	kinobesitzer in
eindringlich	eindringen lich
übersinnlich	über sinn lich
bootsbauer	bootsbau er
anlagerung	anlagern ung
zusammenziehung	zusammenziehen ung
kartenhäuschen	kartenhaus chen
wetzlarer	wetzlar er
goldkörnchen	goldkorn chen
unausführbar	un ausführen bar
entsendung	entsenden ung
hinderlich	hindern lich
motivlos	motiv los
politikmacher	politikmachen er
kaufkräftig	kaufkraft ig
importabhängigkeit	importabhängig keit
crailsheimer	crailsheim er
verteidigerin	verteidigen er in
vierteljährlich	vierteljahr lich
trapezkünstlerin	trapezkünstler in
werber	werben er
gleichsetzung	gleichsetzen ung
überwachungsstaatlich	überwachungsstaat lich
forster	forst er
fährtensucher	fährtensuche er
ankündigung	ankündigen ung
eisenbahnbauer	eisenbahnbau er
berufsberaterin	berufsberater in
streikfähigkeit	streikfähig keit
sozialbetreuerin	sozialbetreuer in
schlachter	schlachten er
kaiserzeitlich	kaiserzeit lich
erschließung	erschließen ung
fernsehkritikerin	fernsehkritik er in
steuerrechtlich	steuerrecht lich
unumgänglich	un umgang lich
austauschbar	austauschen bar
honigbrötchen	honigbrot chen
rechtsdezernentin	rechtsdezernent in
zeugin	zeuge in
steinhofer	steinhof er
versteigern	ver steige er
kleinstädter	kleinstadt er
gesprächsteilnehmerin	gesprächsteilnehmer in
agraringenieurin	agraringenieur in
weber	web er
konfliktfreudig	konfliktfreude ig
westbesucher	westbesuch er
meinungsforscherin	meinungsforscher in
kostspieligkeit	kostspielig keit
zeller	zell er
finanzierbar	finanz ier bar
rollenspieler	rollenspiel er
einzementierung	einzementieren ung
bodensteiner	bodenstein er
spätzchen	spatz chen
karrieristin	karriere ist in
altmeisterin	altmeister in
helferin	helfen er in
obrigkeitshörigkeit	obrigkeitshörig keit
umweltberaterin	umweltberater in
lebensfähigkeit	lebensfähig keit
rechtspflegerin	rechtspflege er in
containerfrachter	containerfracht er
netzwerkerin	netzwerk er in
grimmig	grimm e ig
nationalisierung	nationale isier ung
täterin	tat er in
pfadfinderin	pfadfinder in
podiumsteilnehmerin	podiumsteilnehmer in
madrider	madrid er
lebendspender	lebendspende er
eindeutigkeit	eindeutig keit
trendelburger	trendelburg er
erzeuger	erzeugen er
verwaltungsrichterin	verwaltungsrichter in
vielfältigkeit	vielfalt ig keit
wochenendlich	wochenende lich
unholdin	unholde in
bauwagenbewohnerin	bauwagenbewohner in
termin	term in
unhaltbarkeit	un halten bar keit
südthüringer	südthüringen er
herausbildung	herausbilden ung
