halnya	hal nya
rekanan	rekan an
bermitra	ber mitra
udaranya	udara nya
dikhotbahkan	di khotbah kan
berukuran	ber ukur an
keluarnya	keluar nya
jatuhkan	jatuh kan
almamaternya	almamater nya
kapalnya	kapal nya
suratnya	surat nya
dasar	dasar
diklaim	di klaim
komisaris	komisaris
aktris	aktris
diharuskan	di harus kan
terikatnya	ter ikat nya
terkurung	ter kurung
bermerk	ber merk
kawasan	kawasan
pelengkap	pen lengkap
rakyat	rakyat
pasien	pasien
dipengaruhi	di pengaruh i
lanjutannya	lanjut an nya
pembuatnya	pen buat nya
penumpang	pen tumpang
bersinar	ber sinar
pemerannya	pen peran nya
diperdamaikan	di per damai kan
menarifkan	men tarif kan
intens	intens
depresiasi	depresiasi
bulanannya	bulan an nya
bergabung	ber gabung
darahnya	darah nya
mengolahnya	men olah nya
pengikut	pen ikut
persahabatan	per sahabat an
efisiennya	efisien nya
pemanfaatannya	pen manfaat an nya
penyisihan	pen sisih an
jualbeli	jualbeli
digabung	di gabung
minatnya	minat nya
dikonsumsi	di konsumsi
dibantu	di bantu
penyemprot	pen semprot
keharusan	ke harus an
pemerintahannya	pen perintah an nya
bengkok	bengkok
terbesar	ter besar
seru	seru
terucap	ter ucap
pemasangan	pen pasang an
melampirkannya	men lampir kan nya
sistem	sistem
tercipta	ter cipta
pelebaran	pen lebar an
terlayani	ter layan i
nampak	nampak
anggun	anggun
dikombinasikan	di kombinasi kan
diskusi	diskusi
mengusulkannya	men usul kan nya
azas	azas
berkat	berkat
mandiri	mandiri
menganggur	men anggur
senjata	senjata
narkoba	narkoba
sebaliknya	sebaliknya
disusun	di susun
habis	habis
astronot	astronot
palungan	palung an
tambal	tambal
diberikan	di beri kan
mati	mati
budimu	budi mu
bulunya	bulu nya
tanggungjawab	tanggungjawab
tebusannya	tebus an nya
membetulkan	men betul kan
kebakaran	ke bakar an
denda	denda
menorehkan	men toreh kan
pujian	puji an
foto	foto
bayangannya	bayang an nya
binaan	bina an
penganyam	pen anyam
ukiran	ukir an
membunuhnya	men bunuh nya
menggadaikan	men gadai kan
termiskin	ter miskin
sesignifikan	se signifikan
dominannya	dominan nya
bersukacita	ber sukacita
pengukuran	pen ukur an
rodanya	roda nya
mertua	mertua
ragukan	ragu kan
dibakar	di bakar
terbakar	ter bakar
dekan	dek an
kelimpahan	ke limpah an
penghalau	pen halau
dilibatkannya	di libat kan nya
penandatangan	pen tandatangan
rangkuman	rangkum an
menggabungkan	men gabung kan
kental	kental
memaksimalkan	men maksimal kan
mertuanya	mertua nya
kecap	kecap
pencabutan	pen cabut an
absensi	absensi
gerbang	gerbang
jalur	jalur
berlumur	ber lumur
membutakan	men buta kan
berpendapat	ber pen dapat
perbantahan	per bantah an
bertumpuk	ber tumpuk
tipis	tipis
diperkuat	di per kuat
swedia	swedia
mencantumkan	men cantum kan
diwakili	di wakil i
payudara	payudara
penebal	pen tebal
kurasa	ku rasa
disuapi	di suap i
kemungkinannya	kemungkinan nya
dukungan	dukung an
dikendorkan	di kendor kan
dikeringkan	di kering kan
rumput	rumput
penggaris	pen garis
menanggapinya	men tanggap i nya
saingan	saing an
terpola	ter pola
kesal	kesal
dievaluasi	di evaluasi
penyidikan	pen sidik an
penargetan	pen target an
tinggi	tinggi
teknis	teknis
susulan	susul an
berlokasi	ber lokasi
memperkosa	men perkosa
penampung	pen tampung
membuat	men buat
katalog	katalog
urut	urut
profesionalnya	profesional nya
berinteraksi	ber interaksi
aumannya	aum an nya
penakluk	pen takluk
kupas	kupas
kirim	kirim
diadopsi	di adopsi
memperkirakan	men kira kan
giliran	gilir an
pengamanan	pen aman an
jantan	jantan
belalang	belalang
terlaksana	ter laksana
ajakan	ajak an
murid	murid
bermanfaat	ber manfaat
dingin	dingin
memalsukan	men palsu kan
maju	maju
sampaikan	sampai kan
meninggalnya	men tinggal nya
diwarisinya	di waris i nya
menegangkan	men tegang kan
sepele	sepele
pembukuan	pen buku an
anggukan	angguk an
berserikat	ber serikat
berdamai	ber damai
ketidakaktifan	ke tidak aktif an
berujar	ber ujar
natur	natur
rajanya	raja nya
sesamamu	se sama mu
dihapuskannya	di hapus kan nya
diusung	di usung
seyogyanya	se yogya nya
analogi	analog i
dihadapkan	di hadap kan
aplikasi	aplikasi
segi	segi
tongkatnya	tongkat nya
sel	sel
rekonstruksi	rekonstruksi
teman	teman
materi	materi
pengangkut	pen angkut
impiannya	impian nya
pengaturan	pen atur an
pemberantasan	pen berantas an
tema	tema
dites	di tes
nafsunya	nafsu nya
terstruktur	ter struktur
hariannya	hari an nya
menaiki	men naik i
mencipratkan	men ciprat kan
tukar	tukar
mendukung	men dukung
berkenaan	ber kena an
diubahkan	di ubah kan
diserahi	di serah i
persaudaraan	per saudara an
mempelajarinya	men pelajar i nya
suksesi	sukses i
dipuji	di puji
akademik	akademik
dihadiahi	di hadiah i
peran	peran
bola	bola
curian	curi an
ditenderkan	di tender kan
menyerukan	men seru kan
murah	murah
menyibak	men sibak
optimalnya	optimal nya
pemenuhan	pen penuh an
penggantinya	pen ganti nya
lantang	lantang
mengabaikan	men abai kan
perairan	per air an
berbuntut	ber buntut
menyemangati	men semangat i
membatasi	men batas i
terdokumentasi	ter dokumentasi
komputer	komputer
digaji	di gaji
jangka	jangka
kuabaikan	ku abai kan
detektif	detektif
diberlakukannya	di ber laku kan nya
kampung	kampung
melimpahi	men limpah i
bungkus	bungkus
dirancang	di rancang
melemahnya	men lemah nya
mulia	mulia
merusak	men rusak
hadir	hadir
serap	serap
penelaahan	pen telaah an
mencuci	men cuci
antiseparatis	anti separatis
berjangka	ber jangka
berpacaran	ber pacar an
eternitnya	eternit nya
ditargetkan	di target kan
penumpangan	pen tumpang an
gunakan	guna kan
dicocokkan	di cocok kan
dek	dek
kagum	kagum
penggantian	pen ganti an
pelindungnya	pen lindung nya
apresiasinya	apresiasi nya
kerjasama	kerjasama
pasif	pasif
menanjak	men tanjak
menyusuri	men susur i
merekatkan	men rekat kan
duta	duta
status	status
melacak	men lacak
penghilang	pen hilang
merdeka	merdeka
ketidakefisienan	ke tidak efisien an
berkemungkinan	ber kemungkinan
mengaksesnya	men akses nya
menegakkan	men tegak kan
prosedurnya	prosedur nya
mudanya	muda nya
bergurau	ber gurau
layar	layar
dibalik	di balik
terbiasa	ter biasa
penghuni	pen huni
antri	antri
dianggarkan	di anggar kan
dipantau	di pantau
cairnya	cair nya
sedekahmu	sedekah mu
rupiah	rupiah
memburu	men buru
diberitahukan	di beritahu kan
mencemaskan	men cemas kan
memobilisasi	men mobilisasi
antartingkat	antar tingkat
berdosa	ber dosa
mewujudkannya	men wujud kan nya
pembengkakan	pen bengkak an
oktober	oktober
wadah	wadah
berlabuh	ber labuh
penuh	penuh
arsip	arsip
mengutarakan	men utara kan
direkomendasikan	di rekomendasi kan
otonominya	otonomi nya
kinerjanya	kinerja nya
mencukupkan	men cukup kan
didukungnya	di dukung nya
berorang	ber orang
mencela	men cela
kreditnya	kredit nya
berpandangan	ber pandang an
membawahi	men bawah i
hektare	hektare
kendalanya	kendala nya
selusin	se lusin
sanjungan	sanjung an
terguncang	ter guncang
dibangku	di bangku
menguat	men kuat
menjerat	men jerat
dilarang	di larang
pembahasannya	pen bahas an nya
diperanakkan	di per anak kan
perikanannya	per ikan an nya
fisik	fisik
cerah	cerah
memasyarakat	men masyarakat
tersentak	ter sentak
pembibitan	pen bibit an
olahraga	olahraga
bebanmu	beban mu
perhambaan	per hamba an
alarm	alarm
iblis	iblis
berkualitas	ber kualitas
mengoleskan	men oles kan
gosip	gosip
dirumuskan	di rumus kan
terjatuh	ter jatuh
berlangsung	ber langsung
milik	milik
kuponnya	kupon nya
terbayang	ter bayang
prajurit	prajurit
memudarkan	men pudar kan
tempatkan	tempat kan
utusan	utus an
ungkap	ungkap
indonesia	indonesia
menyaingi	men saing i
singapura	singapura
teknologi	teknologi
dititipi	di titip i
terpikirkan	ter pikir kan
terukir	ter ukir
terbalik	ter balik
dini	din i
mencontohkan	men contoh kan
bertingkat	ber tingkat
mengendurkan	men kendur kan
pertimbangan	per timbang an
mempersiapkannya	men siap kan nya
seindah	se indah
topi	top i
peradilan	per adil an
terbaru	ter baru
membatalkan	men batal kan
nasib	nasib
berbahasa	ber bahasa
menghalau	men halau
perizinan	per izin an
berfikir	ber fikir
meksiko	meksiko
sekurangnya	se kurang nya
tertawa	ter tawa
optimis	optimis
perkantoran	per kantor an
dagingnya	daging nya
rindukan	rindu kan
menjajakan	men jaja kan
memelihara	men pelihara
berminat	ber minat
liberal	liberal
alat	alat
mengarahkanku	men arah kan ku
menerkam	men terkam
terhormat	ter hormat
bermasyarakat	ber masyarakat
gempa	gempa
gumpalan	gumpal an
bencana	bencana
datar	datar
menghadang	men hadang
berbohong	ber bohong
pendapatnya	pen dapat nya
pengumumannya	pen umum an nya
diminati	di minat i
dikontrakkan	di kontrak kan
pemusnahan	pen musnah an
bos	bos
didengungkan	di dengung kan
mengikisnya	men kikis nya
ajaranmu	ajar an mu
distribusinya	distribusi nya
peduli	peduli
dimata	di mata
pencarian	pen cari an
luka	luka
warga	warga
ditahun	di tahun
gula	gula
allah	allah
mawar	mawar
penyayang	pen sayang
wajah	wajah
persatuan	per satu an
terselenggaranya	ter selenggara nya
pencapaiannya	pen capai an nya
terformulasi	ter formulasi
tulisannya	tulis an nya
antipesawat	anti pesawat
alokasinya	alokasi nya
nyatanya	nyata nya
meresponnya	men respon nya
klip	klip
pelikan	pelik an
klaim	klaim
dicurangi	di curang i
cemburu	cemburu
wakil	wakil
mogok	mogok
titik	titik
matiku	mati ku
direndahkan	di rendah kan
membayangi	men bayang i
koperasi	koperasi
menjala	men jala
tol	tol
berbisik	ber bisik
maut	maut
penilik	pen tilik
kafein	kafein
dikeluarkannya	di keluar kan nya
menyebarluaskan	men sebarluas kan
kupikir	ku pikir
diledakkan	di ledak kan
personelnya	personel nya
berenang	ber renang
menyalurkannya	men salur kan nya
pembinaan	pen bina an
langkah	langkah
partisipasinya	partisipasi nya
memperebutkan	men rebut kan
diawali	di awal i
anggota	anggota
diverifikasi	di verifikasi
membolos	men bolos
hurufnya	huruf nya
letih	letih
berbuah	ber buah
dinasnya	dinas nya
menyandarkan	men sandar kan
berpaling	ber paling
diperkenalkannya	di per kenal kan nya
yunus	yunus
ngomongnya	ngomong nya
penanggulangannya	pen tanggulang an nya
penunggakan	pen tunggak an
memusnahkan	men musnah kan
konstitusi	konstitusi
vonis	vonis
pemodal	pen modal
beternak	beternak
angsa	angsa
diterima	di terima
memekakkan	men pekak kan
menceritakan	men cerita kan
dimutakhirkan	di mutakhir kan
suku	suku
efektif	efektif
bermula	ber mula
food	food
berdenyut	ber denyut
bak	bak
warisannya	waris an nya
omzetnya	omzet nya
longgarnya	longgar nya
lantai	lantai
lamban	lamban
ditutup	di tutup
investigasinya	investigasi nya
menghilangnya	men hilang nya
melanggarnya	men langgar nya
ampas	ampas
daftar	daftar
identik	identik
turbin	turbin
domisili	domisili
spesifik	spesifik
pembantuan	pen bantu an
filipina	filipina
menjual	men jual
permintaannya	per minta an nya
difoto	di foto
berdurasi	ber durasi
didata	di data
senjatanya	senjata nya
batuan	batu an
praktisnya	praktis nya
berhubung	ber hubung
drama	drama
anugerah	anugerah
didapatnya	di dapat nya
angsurannya	angsur an nya
menukar	men tukar
putra	putra
penjelajah	pen jelajah
omongnya	omong nya
dilengkapi	di lengkap i
menggaji	men gaji
klasik	klasik
meminjam	men pinjam
mencadangkan	men cadang kan
keliling	keliling
swalayan	swalayan
antarpengadilan	antar pen adil an
dipertanggungjawabkan	di per tanggungjawab kan
menyepakati	men sepakat i
membebankan	men beban kan
manuver	manuver
tuntutan	tuntut an
elemen	elemen
terampuh	ter ampuh
kamu	kamu
unggul	unggul
sumbangannya	sumbang an nya
memprakarsai	men prakarsa i
produknya	produk nya
biskuit	biskuit
menjunjung	men junjung
mampukan	mampu kan
suksesnya	sukses nya
capnya	cap nya
penggerak	pen gerak
nya	nya
pasal	pasal
pertolongan	per tolong an
mendua	men dua
mencatat	men catat
peregangan	pen regang an
mengkonfirmasi	men konfirmasi
menyerah	men serah
bercahaya	ber cahaya
perbelanjaan	per belanja an
perpajakan	per pajak an
dikurangi	di kurang i
palang	palang
sayuran	sayur an
tercabut	ter cabut
menayangkan	men tayang kan
senin	senin
dusun	dusun
batal	batal
akasia	akasia
pemanfaatnya	pen manfaat nya
ruu	ruu
alamiah	alamiah
gabungan	gabung an
pelanggan	pen langgan
peristiwa	peristiwa
menyesal	men sesal
penggusuran	pen gusur an
pemanjaan	pen manja an
sikap	sikap
dibenahi	di benah i
menyebutnya	men sebut nya
mencintai	men cinta i
kerinduannya	ke rindu an nya
dimobilisasi	di mobilisasi
berkeliaran	ber ke liar an
pencucian	pen cuci an
konteks	konteks
posko	posko
potensialnya	potensial nya
responden	responden
permodalan	per modal an
bidikan	bidik an
santapan	santap an
memberatkan	men berat kan
sepucuk	se pucuk
beranak	ber anak
waktu	waktu
angkatan	angkat an
yayasan	yayasan
berserakan	ber serak an
mencicipi	men cicip i
menyusunnya	men susun nya
pemangku	pen pangku
menuduhnya	men tuduh nya
antusiasmenya	antusiasme nya
pinggir	pinggir
validitas	validitas
penegak	pen tegak
tanya	tanya
tiba	tiba
nyatakan	nyata kan
alamat	alamat
diragukan	di ragu kan
demonstran	demonstran
menerbitkan	men terbit kan
sebarannya	sebar an nya
mengakomodasikan	men akomodasi kan
direstrukturisasi	di restrukturisasi
kotanya	kota nya
pertobatannya	per tobat an nya
tenaganya	tenaga nya
tebus	tebus
tanamannya	tanam an nya
mematahkan	men patah kan
beregenerasi	ber regenerasi
menghibur	men hibur
terlindung	ter lindung
distributor	distributor
keturunanmu	ke turun an mu
kategorisasi	kategorisasi
nontarif	non tarif
diangkut	di angkut
lereng	lereng
pekerjaannya	pekerja an nya
dibentuk	di bentuk
dibersihkan	di bersih kan
memantulkan	men pantul kan
berkekurangan	ber ke kurang an
sekeping	se keping
anemia	anemia
menyantap	men santap
libur	libur
memerlukannya	men perlu kan nya
berkewajiban	ber ke wajib an
mendokumentasi	men dokumentasi
disebarluaskan	di sebarluas kan
penugasan	pen tugas an
dukung	dukung
diakibatkan	di akibat kan
jurang	jurang
berartinya	ber arti nya
menginvestasikan	men investasi kan
penjaga	pen jaga
perencana	pen rencana
bersaudara	ber saudara
diwariskan	di waris kan
mandat	mandat
magnetis	magnetis
tubuh	tubuh
negosiasi	negosiasi
berpuasa	ber puasa
menembus	men tembus
lelaki	lelaki
digunakannya	di guna kan nya
ikan	ikan
arus	arus
hebat	hebat
mengamati	men amati
pemberitaannya	pen berita an nya
tertatanya	ter tata nya
mengorban	men korban
gilanya	gila nya
margasatwa	margasatwa
sifatnya	sifat nya
ingatan	ingat an
memasuki	men masuk i
strata	strata
perkataannya	per kata an nya
independent	independent
tanggung	tanggung
popularitas	popularitas
dicetak	di cetak
memodifikasi	men modifikasi
memasukan	men pasukan
sabotase	sabotase
dijatuhi	di jatuh i
diketahui	di ketahui
restorasi	restorasi
mencakup	men cakup
timahnya	timah nya
berdasar	ber dasar
ditugaskan	di tugas kan
perakitan	pen rakit an
perjudian	per judi an
larut	larut
tertular	ter tular
proyek	proyek
produktivitasnya	produktivitas nya
pasifik	pasifik
gunung	gunung
talentanya	talenta nya
teknisnya	teknis nya
bersertifikat	ber sertifikat
struktur	struktur
pengelompokan	pen kelompok an
mandinya	mandi nya
koper	koper
kekalnya	kekal nya
sabar	sabar
membalasnya	men balas nya
laporan	lapor an
tercengang	ter cengang
menyerang	men serang
menyesatkan	men sesat kan
pertanyaan	per tanya an
jawabku	jawab ku
diibaratkan	di ibarat kan
memagari	men pagar i
salehnya	saleh nya
terpinggir	ter pinggir
menggosokkan	men gosok kan
pendendam	pen dendam
kuku	kuku
diputus	di putus
khotbah	khotbah
tepukan	tepuk an
pendokumentasian	pen dokumentasi an
berperilaku	ber perilaku
tersulit	ter sulit
bertani	ber tani
daftarnya	daftar nya
wujud	wujud
memakainya	men pakai nya
besok	besok
pemberangkatannya	pen berangkat an nya
mengalah	men kalah
mengulurkan	men ulur kan
beraktivitas	ber aktivitas
dikabulkan	di kabul kan
jelek	jelek
ditampilkan	di tampil kan
nafas	nafas
jumat	jumat
berkemampuan	ber ke mampu an
dicarikan	di cari kan
berinduk	ber induk
lubang	lubang
dikawal	di kawal
farmasi	farmasi
diungkapkan	di ungkap kan
pengapalan	pen kapal an
perkenalan	per kenal an
terpana	terpana
inspektur	inspektur
tambaknya	tambak nya
pesatnya	pesat nya
dikalahkan	di kalah kan
membebani	men beban i
merangkul	men rangkul
penyuapan	pen suap an
membuangnya	men buang nya
manfaatnya	manfaat nya
terkasih	ter kasih
kerah	kerah
menyetorkannya	men setor kan nya
sesaat	se saat
bergilir	ber gilir
bunyi	bunyi
menghangatkan	men hangat kan
melambat	men lambat
masai	masa i
digantikan	di ganti kan
menyusun	men susun
keeratan	ke erat an
bergelut	ber gelut
diserap	di serap
sapu	sapu
bongkar	bongkar
merenggut	men renggut
diproduksi	di produksi
sasarannya	sasar an nya
variasinya	variasi nya
permasyarakatan	per masyarakat an
memerankan	men peran kan
lekat	lekat
rawa	rawa
watak	watak
bunuh	bunuh
berpasir	ber pasir
diterbitkannya	di terbit kan nya
musiknya	musik nya
kabur	kabur
disampaikan	di sampai kan
harmonis	harmonis
mengajar	men ajar
rezim	rezim
diteladani	di teladan i
berbaris	ber baris
diinspirasikan	di inspirasi kan
menyayangkan	men sayang kan
lunak	lunak
ditulisi	di tulis i
ranting	ranting
dihindarinya	di hindar i nya
meluap	men luap
sepatah	se patah
dicontoh	di contoh
menganggap	men anggap
sekarat	se karat
mitranya	mitra nya
personel	personel
tercoreng	ter coreng
granat	granat
menghina	men hina
bermartabat	ber martabat
penetrasi	penetrasi
penyalahgunaan	pen salahguna an
kubur	kubur
penyedia	pen sedia
dibabat	di babat
kusebut	ku sebut
didiskualifikasi	di diskualifikasi
pangkal	pangkal
sirip	sirip
retak	retak
menyiram	men siram
terposisikan	ter posisi kan
berkelimpahan	ber ke limpah an
kaku	kaku
bergulat	ber gulat
jengkel	jengkel
pemda	pemda
tiket	tiket
khusus	khusus
memperindah	men indah
tikus	tikus
rasi	ras i
musim	musim
bermerek	ber merek
athena	athena
terhebat	ter hebat
muramku	muram ku
otomatis	otomatis
meresahkan	men resah kan
melintasinya	men lintas i nya
makanannya	makan an nya
dilekatkan	di lekat kan
cerita	cerita
rendahnya	rendah nya
mendoakannya	men doa kan nya
representasi	representasi
dirobek	di robek
menginformasikan	men informasi kan
diseimbangkan	di seimbang kan
hening	hening
tersisa	ter sisa
dicetuskan	di cetus kan
cemar	cemar
menyalin	men salin
lebar	lebar
lingkungan	lingkung an
ditempatkan	di tempat kan
diliputi	di liput i
tercepat	ter cepat
diterjemahkan	di terjemah kan
versi	versi
mempererat	men erat
ditahan	di tahan
memisahkan	men pisah kan
disumbangkan	di sumbang kan
ditunda	di tunda
dibuat	di buat
terpanggil	ter panggil
mengeruk	men keruk
diraih	di raih
komputerisasi	komputerisasi
memuncak	men puncak
dirampungkan	di rampung kan
berargumen	ber argumen
meneladani	men teladan i
merealisasikan	men realisasi kan
titipan	titip an
salib	salib
kentang	kentang
diperkirakan	di per kira kan
terbantahkan	ter bantah kan
wabah	wabah
kotor	kotor
stagnan	stagnan
panenan	panen an
hakim	hakim
teguh	teguh
pendukungnya	pen dukung nya
kedatangan	ke datang an
solusi	solusi
penjamuran	pen jamur an
teriak	teriak
debitur	debitur
berhentinya	ber henti nya
dikukuhkan	di kukuh kan
menyeberangi	men seberang i
tingkat	tingkat
dikunjungi	di kunjung i
enumerasinya	enumerasi nya
riba	riba
terlukiskan	ter lukis kan
terakomodasinya	ter akomodasi nya
merancang	men rancang
kubuang	ku buang
terjaganya	ter jaga nya
tertahan	ter tahan
gran	gr an
distorsi	distorsi
pencanangan	pen canang an
seisi	se isi
mengutus	men utus
uluran	ulur an
ikhlas	ikhlas
tunggakan	tunggak an
terputus	ter putus
muara	muara
bandara	bandara
buruk	buruk
membiayainya	men biaya i nya
ditopang	di topang
liat	liat
menguraikan	men urai kan
kontrak	kontrak
ditempel	di tempel
berfokus	ber fokus
sayangnya	sayang nya
juli	juli
segan	segan
kaosnya	kaos nya
berafiliasi	ber afiliasi
permanen	permanen
beracun	ber racun
gemilang	gemilang
penjahitan	pen jahit an
bapaknya	bapak nya
bercermin	ber cermin
tradisional	tradisional
dipandu	di pandu
diekspor	di ekspor
menjurus	men jurus
antargereja	antar gereja
ekonom	ekonom
efektivitasnya	efektivitas nya
mengharapkan	men harap kan
pendayagunaan	pen dayaguna an
ketidaksabaran	ke tidak sabar an
hangat	hangat
didesain	di desain
ditelan	di telan
menyinergikan	men sinergi kan
mendiami	men diam i
janin	janin
kongres	kongres
sma	sma
adaptasi	adaptasi
bakteri	bakteri
antarteman	antar teman
lenyap	lenyap
basis	basis
lapar	lapar
teliti	teliti
bunga	bunga
mendebarkan	men debar kan
pipa	pipa
perkataan	per kata an
dipersatukan	di per satu kan
cahaya	cahaya
dibahas	di bahas
musiman	musim an
dilenyapkan	di lenyap kan
diobservasi	di observasi
bedah	bedah
alkohol	alkohol
rusaknya	rusak nya
membahasnya	men bahas nya
longgar	longgar
janggal	janggal
pesertanya	peserta nya
pencairannya	pen cair an nya
disembelih	di sembelih
federasi	federasi
berjualan	ber jual an
bangkit	bangkit
bertanding	ber tanding
berlomba	ber lomba
dilanjutkan	di lanjut kan
meletihkan	men letih kan
membutuhkannya	men butuh kan nya
kritikus	kritikus
direvisi	di revisi
menyingkir	men singkir
membajak	men bajak
mendukungnya	men dukung nya
pakaiannya	pakai an nya
mempersiapkan	men siap kan
menganalisis	men analisis
konsolidasi	konsolidasi
wajahnya	wajah nya
sayap	sayap
minimalnya	minimal nya
penerapannya	pen terap an nya
meyakinkan	men yakin kan
pemain	pen main
pikiranmu	pikir an mu
pengabdian	pen abdi an
menyelami	men selam i
terusik	ter usik
meriamnya	meriam nya
bawa	bawa
raih	raih
pejabatnya	pejabat nya
meledakkan	men ledak kan
pembaca	pen baca
didiami	di diam i
radikal	radikal
dialiri	di alir i
formatnya	format nya
pemuka	pen muka
membikin	men bikin
menyibukkan	men sibuk kan
pengganti	pen ganti
peroleh	peroleh
hari	hari
atmosfir	atmosfir
keinginannya	ke ingin an nya
cadang	cadang
dipercayakan	di percaya kan
pembakaran	pen bakar an
perahunya	perahu nya
lambat	lambat
memihak	men pihak
memahaminya	men paham i nya
damaskus	damaskus
berpikir	ber pikir
diperluas	di per luas
disalibkan	di salib kan
terkutuk	ter kutuk
direktorat	direktorat
kategori	kategori
bertekun	ber tekun
menyelaraskan	men selaras kan
nampaknya	nampak nya
pengetatan	pen ketat an
bertetanggaan	ber tetangga an
tuanya	tua nya
khas	khas
menepati	men tepat i
prostat	prostat
keberangkatannya	ke berangkat an nya
pundi	pundi
kembalinya	kembali nya
nafsumu	nafsu mu
kekasihnya	kekasih nya
menangani	men tangan i
balik	balik
pemalsu	pen palsu
gelisah	gelisah
pertunjukan	per tunjuk an
nikah	nikah
tuju	tuju
lulusan	lulus an
ditekan	di tekan
melanda	men landa
gua	gua
pengupahan	pen upah an
diuntungkan	di untung kan
didefinisikan	di definisi kan
membatasinya	men batas i nya
disyukuri	di syukuri
terbawa	ter bawa
berkantor	ber kantor
gagang	gagang
tragis	tragis
mendambakan	men damba kan
menguduskan	men kudus kan
mendalam	men dalam
orientasi	orientasi
membagikan	men bagi kan
indera	indera
pemberian	pen beri an
doaku	doa aku
sesama	se sama
psikologis	psikologis
memukulnya	men pukul nya
menaatinya	men taat i nya
mempengaruhi	men pengaruh i
kelihatan	ke lihat an
persoalan	per soal an
ditularkan	di tular kan
diselidiki	di selidik i
ditiru	di tiru
taurat	taurat
badak	badak
merekomendasikan	men rekomendasi kan
warung	warung
berlangsungnya	ber langsung nya
meletus	men letus
penerbang	pen terbang
teruskan	terus kan
mengunci	men kunci
mempercepat	men cepat
singkatan	singkat an
mengunyah	men kunyah
alih	alih
hawa	hawa
menggapai	men gapai
gugus	gugus
pelintasan	pen lintas an
tutur	tutur
laba	laba
pacarku	pacar ku
nyawaku	nyawa aku
kapnya	kap nya
eksteriornya	eksterior nya
pembantaian	pen bantai an
terjauh	ter jauh
berbasiskan	ber basis kan
menakar	men takar
mengkonsultasikan	men konsultasi kan
penjumlahan	pen jumlah an
motivasinya	motivasi nya
konser	konser
atlet	atlet
berakting	ber akting
kawin	kawin
berusia	ber usia
panglima	panglima
bersandarkan	ber sandar kan
memungkinkannya	memungkinkan nya
cabai	cabai
pesaingnya	pesaing nya
dikelompokkan	di kelompok kan
berpemerintahan	ber pen perintah an
masehi	masehi
jiwamu	jiwa mu
bajaknya	bajak nya
sebanding	se banding
mewajibkan	men wajib kan
antarkeyakinan	antar ke yakin an
analisisnya	analisis nya
antarpeserta	antar peserta
pasta	pasta
ditukar	di tukar
mesin	mesin
ganjaran	ganjar an
kancing	kancing
menggendong	men gendong
ditulis	di tulis
figur	figur
penghujat	pen hujat
memproteksi	men proteksi
langganan	langgan an
kasihnya	kasih nya
rekaman	rekam an
perekat	pen rekat
ekstra	ekstra
memeliharamu	men pelihara mu
melatarbelakanginya	men latarbelakang i nya
sebetulnya	se betul nya
hasilnya	hasil nya
mejanya	meja nya
memangkas	men pangkas
direalisasikan	di realisasi kan
sebotol	se botol
mengoreksi	men koreksi
marah	marah
ratu	ratu
kejadian	ke jadi an
korea	korea
berdialog	ber dialog
dipersembahkan	di per sembah kan
bea	bea
tempuhnya	tempuh nya
antarsektor	antar sektor
tersambar	ter sambar
persekutuan	per sekutu an
informasinya	informasi nya
didasari	di dasar i
bidikannya	bidik an nya
disalin	di salin
perburuan	per buru an
daratannya	darat an nya
dibuang	di buang
tektonik	tektonik
mengajarku	men ajar ku
keriput	keriput
lidahnya	lidah nya
terabaikannya	ter abai kan nya
pribadi	pribadi
menginspirasi	men inspirasi
peka	peka
individu	individu
pengajaran	pen ajar an
bertarung	ber tarung
retribusi	retribusi
daya	daya
berbisnis	ber bisnis
plastiknya	plastik nya
pengeboran	pengeboran
merindukan	men rindu kan
prosedural	prosedural
mendekat	men dekat
menyinergikannya	men sinergi kan nya
seteguh	se teguh
keringnya	kering nya
desember	desember
memeluk	men peluk
desentralisasi	desentralisasi
tolak	tolak
perawatan	pen rawat an
diinterogasi	di interogasi
melangkahi	men langkah i
teratur	ter atur
berseru	ber seru
antartingkatan	antar tingkat an
disaksikan	di saksi kan
penyebab	pen sebab
bagusnya	bagus nya
anehnya	aneh nya
pembatalan	pen batal an
jarangnya	jarang nya
mata	mata
persetujuannya	per setuju an nya
ditolong	di tolong
romantis	romantis
karakteristik	karakteristik
ribut	ribut
tantangan	tantang an
ditampar	di tampar
disejajarkan	di sejajar kan
memandunya	men pandu nya
melegakan	men lega kan
penyesuaian	pen sesuai an
sampelnya	sampel nya
menangnya	menang nya
dikelilingi	di keliling i
dihancurkan	di hancur kan
akte	akte
masalahnya	masalah nya
pengurangan	pen kurang an
menangkis	men tangkis
andalkan	andal kan
berternak	ber ternak
lukanya	luka nya
sangkut	sangkut
ironisnya	ironis nya
diseleksi	di seleksi
kandas	kandas
didampingi	di damping i
reporter	reporter
area	area
bahasanya	bahasa nya
mutakhir	mutakhir
argumentasi	argumentasi
memvonis	men vonis
perorangan	per orang an
memamerkannya	men pamer kan nya
efisien	efisien
keinginanmu	ke ingin an mu
dokumennya	dokumen nya
dicontohkan	di contoh kan
tandai	tanda i
sipil	sipil
penganiayaan	pen aniaya an
bata	bata
nonkayu	non kayu
berwewenang	ber wewenang
minimum	minimum
mengalirnya	men alir nya
perilakunya	perilaku nya
independen	independen
bodohnya	bodoh nya
terpuruk	ter puruk
bentukan	bentuk an
menyiramnya	men siram nya
bebuyutan	bebuyutan
mengabaikannya	men abai kan nya
peminatnya	pen minat nya
tergantung	ter gantung
kelola	kelola
kuingin	ku ingin
merenung	men renung
memperpanjang	men panjang
lumpuh	lumpuh
kepalanya	kepala nya
dewa	dewa
lapaknya	lapak nya
mengguncangkan	men guncang kan
wakilnya	wakil nya
tepi	tepi
berkumandang	ber kumandang
lanjutnya	lanjut nya
kiranya	kira nya
makmur	makmur
berkeluarga	ber keluarga
digenapi	di genap i
halal	halal
penajaman	pen tajam an
penjangkauan	pen jangkau an
ancaman	ancam an
diincar	di incar
sekiranya	sekira nya
beralkohol	ber alkohol
kanan	kanan
skandal	skandal
menangisi	men tangis i
sahabat	sahabat
dipersalahkan	di per salah kan
merumput	men rumput
kukatakan	ku kata kan
jemaat	jemaat
pekerjanya	pekerja nya
intervensi	intervensi
birokrasi	birokrasi
kamera	kamera
penciumannya	pen cium an nya
putranya	putra nya
berjumpa	ber jumpa
bantuannya	bantu an nya
mendamaikan	men damai kan
mendekatkan	men dekat kan
didera	di dera
terpinggirkan	ter pinggir kan
kunjungannya	kunjung an nya
keping	keping
menyembuhkan	men sembuh kan
samping	samping
mengumpulkannya	men kumpul kan nya
membingungkan	men bingung kan
adil	adil
nonperbankan	non per bank an
pendengar	pen dengar
nonpersonel	non personel
iseng	iseng
tergolong	ter golong
dimuliakan	di mulia kan
ditambahkannya	di tambah kan nya
kendali	kendali
ekspansi	ekspansi
aduannya	adu an nya
artis	artis
menjengkelkan	men jengkel kan
terdampak	ter dampak
sekadarnya	se kadar nya
pemekaran	pen mekar an
menunjukkan	men tunjuk kan
tertunda	ter tunda
kuda	kuda
periksa	periksa
berat	berat
disuntik	di suntik
perabotan	perabot an
merangkap	men rangkap
konkrit	konkrit
ishak	ishak
kufirmankan	ku firman kan
ucapannya	ucap an nya
pergumulan	per gumul an
akbar	akbar
tersedot	ter sedot
cintanya	cinta nya
jebol	jebol
mengantri	men antri
kriminal	kriminal
bergelar	ber gelar
ditabrak	di tabrak
terbuang	ter buang
praktis	praktis
saksikan	saksi kan
berkeadilan	ber ke adil an
dilukis	di lukis
motor	motor
fajar	fajar
memperoleh	men peroleh
gelarnya	gelar nya
bertanggungjawab	ber tanggungjawab
depresi	depresi
taksi	taksi
berkinerja	ber kinerja
suruh	suruh
mempersoalkan	men soal kan
dijumpai	di jumpa i
pengentasan	pen entas an
berakal	ber akal
injeksikan	injeksi kan
muliakan	mulia kan
mawarnya	mawar nya
berkilauan	ber kilau an
menekuni	men tekun i
ongkos	ongkos
penghasilannya	pen hasil an nya
dikompilasi	di kompilasi
mereproduksinya	men reproduksi nya
lurahnya	lurah nya
menyeleksi	men seleksi
kandang	kandang
sobekan	sobek an
tertekan	ter tekan
perpanjangan	per panjang an
mingguan	minggu an
gelar	gelar
penguburan	pen kubur an
terbayangkan	ter bayang kan
menggeluti	men gelut i
ubah	ubah
berlimpah	ber limpah
keraskan	keras kan
komoditas	komoditas
manis	manis
membelakangi	men belakang i
berlanjutnya	ber lanjut nya
tegar	tegar
merekam	men rekam
turunnya	turun nya
mengalirkan	men alir kan
dimilikinya	di milik i nya
komersial	komersial
kendaraan	kendara an
berkeberatan	ber ke berat an
kedudukannya	ke duduk an nya
meluas	men luas
ditaruhnya	di taruh nya
seikhlasnya	se ikhlas nya
jeruk	jeruk
dibangun	di bangun
karunnya	karun nya
pengganggu	pen ganggu
berlantai	ber lantai
sejenis	se jenis
intensif	intensif
penggolongan	pen golong an
terekam	ter rekam
memperberat	men berat
sampul	sampul
deras	deras
dipanen	di panen
bensin	bensin
terkendala	ter kendala
dermaganya	dermaga nya
diagnosa	diagnosa
relevannya	relevan nya
dipenuhi	di penuh i
diserahkan	di serah kan
rayakan	raya kan
penyebutan	pen sebut an
menggantungkan	men gantung kan
dibutuhkannya	di butuh kan nya
diperlukan	di perlu kan
subkontrak	subkontrak
sederhana	sederhana
hiburan	hibur an
email	email
mengedipkan	men kedip kan
diperpanjang	di per panjang
aksesnya	akses nya
merenungkan	men renung kan
berandil	ber andil
manufaktur	manufaktur
digodok	di godok
konvensional	konvensional
dilukai	di luka i
mencukur	men cukur
ditarik	di tarik
dicairkan	di cair kan
menyejukkan	men sejuk kan
top	top
disamping	di samping
penyerangan	pen serang an
perencanaan	pen rencana an
jajarannya	jajar an nya
pendirian	pen diri an
asi	as i
berpengaruh	ber pengaruh
dihadapi	di hadap i
jasad	jasad
alatnya	alat nya
mengkomunikasikannya	men komunikasi kan nya
tekstil	tekstil
diumpankan	di umpan kan
menyederhanakannya	men sederhana kan nya
monopoli	monopoli
seiring	seiring
dikoordinasi	di koordinasi
pendaratan	pen darat an
fakta	fakta
sendiri	sendiri
stempel	stempel
pemungutan	pen pungut an
pautnya	paut nya
dihiasi	di hias i
alumni	alumni
sidik	sidik
bermaksud	ber maksud
fleksibel	fleksibel
hemat	hemat
pengembara	pen kembara
direspon	di respon
dimenangkan	di menang kan
diperebutkan	di per rebut kan
terbaring	ter baring
dipenjarakan	di penjara kan
meneg	meneg
menentu	men tentu
kompleksnya	kompleks nya
menggosok	men gosok
pemilih	pen pilih
pandu	pandu
terungkap	ter ungkap
nasionalnya	nasional nya
sejawat	se jawat
tunjangan	tunjang an
hamba	hamba
pembangunannya	pen bangun an nya
berpalang	ber palang
melaporkannya	men lapor kan nya
bersalju	ber salju
wasit	wasit
karyawannya	karya wan nya
wangi	wangi
disiasati	di siasat i
pemberdayaan	pemberdayaan
mengunjunginya	men kunjung i nya
bersintesis	ber sintesis
capaian	capai an
sorotan	sorot an
menumbuhkan	men tumbuh kan
berutang	ber utang
lerengan	lereng an
membekukan	men beku kan
cangkul	cangkul
pameran	pamer an
kapas	kapas
roti	roti
kehinaan	ke hina an
dirumahmu	di rumah mu
berinvestasi	ber investasi
misteri	misteri
kecenderungan	kecenderungan
ketidaksetiaan	ke tidak setia an
zamannya	zaman nya
terbelah	ter belah
melanggar	men langgar
inisiatifnya	inisiatif nya
renungan	renung an
menyambutnya	men sambut nya
membusuk	men busuk
tatap	tatap
mukjizat	mukjizat
ilustrasi	ilustrasi
kepemimpinannya	kepemimpinan nya
bergerak	ber gerak
perjumpaan	per jumpa an
memotret	men potret
ambilkan	ambil kan
maksimum	maksimum
menyadarinya	men sadar i nya
pertanaman	per tanam an
mendapatinya	men dapat i nya
bertanda	ber tanda
menyadari	men sadar i
areal	areal
berdaulat	ber daulat
dimarahi	di marah i
mempersembahkan	men sembah kan
mendeskripsikan	men deskripsi kan
dominasi	dominasi
umpan	umpan
diapit	di apit
rangkap	rangkap
resah	resah
lomba	lomba
budaya	budaya
terjangkaunya	ter jangkau nya
profesi	profesi
digolongkan	di golong kan
desain	desain
profesor	profesor
menyeberanginya	men seberang i nya
pelaksana	pen laksana
ganti	ganti
menyingkapkan	men singkap kan
ketidaksanggupan	ke tidak sanggup an
alunan	alun an
doktor	doktor
kemas	kemas
koreksi	koreksi
mengenalinya	men kenal i nya
menyelamatkan	men selamat kan
diuraikan	di urai kan
medali	medali
percekcokan	per cekcok an
terparkir	ter parkir
menggarap	men garap
protes	protes
dihibur	di hibur
pigmen	pigmen
terurus	ter urus
berniat	ber niat
perawat	pen rawat
contoh	contoh
tinggal	tinggal
antarpengurus	antar pen urus
tentaranya	tentara nya
berbuat	ber buat
berjabat	ber jabat
arena	arena
memetik	men petik
pencegah	pen cegah
gandum	gandum
lega	lega
memperdulikan	men perduli kan
mendengarkan	men dengar kan
dikompromikan	di kompromi kan
presiden	presiden
orbit	orbit
asistennya	asisten nya
mengevaluasi	men evaluasi
terdapatnya	ter dapat nya
imunisasi	imunisasi
sumbernya	sumber nya
rakyatnya	rakyat nya
menjabat	men jabat
pengaudit	pen audit
privat	privat
perduli	perduli
direncanakan	di rencana kan
melanjutkannya	men lanjut kan nya
berupaya	ber upaya
sistemnya	sistem nya
mengkhianati	men khianat i
pengasingan	pen asing an
belajarnya	belajar nya
langkahnya	langkah nya
diterapkan	di terap kan
mengatakan	men kata kan
mengoyakkan	men koyak kan
isu	isu
peredaran	per edar an
mendapatkan	men dapat kan
dihanguskan	di hangus kan
telingamu	telinga mu
bernaung	ber naung
kilang	kilang
penentuan	pen tentu an
dekonsentrasi	dekonsentrasi
dilahirkan	di lahir kan
menyamarkannya	men samar kan nya
menyanggupi	men sanggup i
arisan	arisan
penggajian	pen gaji an
mengasihimu	men kasih i mu
menghormati	men hormat i
girangnya	girang nya
menopang	men topang
dikupas	di kupas
marinir	marinir
dananya	dana nya
penyebabnya	pen sebab nya
pesona	pesona
perpisahannya	per pisah an nya
perang	perang
gerak	gerak
kalah	kalah
efeknya	efek nya
diperkenankan	di per kenan kan
dikucilkan	di kucil kan
makanan	makan an
memboikotnya	men boikot nya
bernoda	ber noda
izinnya	izin nya
tahunannya	tahun an nya
serius	serius
beraninya	berani nya
relokasi	relokasi
pemeriksa	pen periksa
bulannya	bulan nya
dibimbing	di bimbing
mengarahkannya	men arah kan nya
dikhususkan	di khusus kan
purba	purba
mendirikannya	men diri kan nya
dipajang	di pajang
dikunjunginya	di kunjung i nya
lulus	lulus
artinya	arti nya
mengantar	men antar
teologiku	teologi ku
pedagang	pedagang
menyentak	men sentak
bergembira	ber gembira
menyiarkan	men siar kan
diunduh	di unduh
membasuh	men basuh
kukira	ku kira
dipikirnya	di pikir nya
sepihak	se pihak
menyemprotkan	men semprot kan
premi	premi
hamparan	hampar an
pendamping	pen damping
diciptakannya	di cipta kan nya
absah	absah
geluti	gelut i
perempuannya	perempuan nya
relevansinya	relevansi nya
ambivalen	ambivalen
pandangan	pandang an
pelik	pelik
pelajarannya	pelajar an nya
diterlantarkan	di terlantar kan
harapan	harap an
jenisnya	jenis nya
cercaan	cerca an
induk	induk
dianggapnya	di anggap nya
prosesi	proses i
juruselamat	juruselamat
mahabintang	mahabintang
arahan	arah an
dipeluk	di peluk
sadari	sadar i
ditumbuk	di tumbuk
imigrasi	imigrasi
membaca	men baca
memerdekakan	men merdeka kan
perkawinannya	per kawin an nya
dinikahi	di nikah i
tersesat	ter sesat
kreatif	kreatif
mengenai	men kena i
aniaya	aniaya
lingkaran	lingkar an
beranggotakan	ber anggota kan
kualitasnya	kualitas nya
lawatan	lawatan
jambangan	jambang an
berkontribusi	ber kontribusi
mendiskusikan	men diskusi kan
mentransfer	men transfer
khasiatnya	khasiat nya
dijelang	di jelang
dipecat	di pecat
memberkatinya	men berkat i nya
pengurus	pen urus
selesaikan	selesai kan
penerimaannya	pen terima an nya
perluasan	per luas an
hadapan	hadap an
mewarnai	men warna i
harum	harum
penerangan	pen terang an
tersaji	ter saji
kemajuannya	ke maju an nya
kunjungan	kunjung an
resolusi	resolusi
dijadikannya	di jadi kan nya
bergengsi	ber gengsi
tuntunan	tuntun an
pegang	pegang
waktuku	waktu ku
gadis	gadis
kliping	kliping
multinasional	multinasional
mengotori	men kotor i
kaleng	kaleng
menonjol	men tonjol
kalifornia	kalifornia
disibukkan	di sibuk kan
lintas	lintas
singkat	singkat
dipergunakan	di per guna kan
gunanya	guna nya
dikecewakan	di kecewa kan
buaian	buai an
pengambil	pen ambil
pengumuman	pen umum an
menghentikannya	men henti kan nya
membereskan	men beres kan
lantunan	lantun an
berprasangka	ber prasangka
pemutakhiran	pen mutakhir an
pernikahan	per nikah an
menyetujuinya	men setuju i nya
mendekatinya	men dekat i nya
tersungkur	ter sungkur
suci	suci
ventilasi	ventilasi
kabinet	kabinet
gigi	gigi
serangkaian	se rangkaian
berganti	ber ganti
berterima	ber terima
tujukan	tuju kan
bernomor	ber nomor
pemilahan	pen pilah an
max	max
mendiskusikannya	men diskusi kan nya
menyelam	men selam
negatif	negatif
muluk	muluk
tebalnya	tebal nya
tertib	tertib
matahari	matahari
pembukuannya	pen buku an nya
penting	penting
bertambahnya	ber tambah nya
menopangnya	men topang nya
tangga	tangga
ramalan	ramal an
penjelasan	pen jelas an
nafsu	nafsu
berlipat	ber lipat
triwulanan	triwulan an
menggenapi	men genap i
perampingan	pen ramping an
makannya	makan nya
penasehat	pen nasehat
timbul	timbul
babak	babak
eternit	eternit
merealokasikan	men realokasi kan
menerbangkan	men terbang kan
menyebabkannya	men sebab kan nya
peritel	pen ritel
mengangsur	men angsur
survei	survei
sertifikat	sertifikat
memainkan	men main kan
meminjamnya	men pinjam nya
diserang	di serang
monumennya	monumen nya
penutupnya	pen tutup nya
terpadat	ter padat
memindai	men pindai
agen	agen
merevisi	men revisi
terhilang	ter hilang
prestise	prestise
mendominasinya	men dominasi nya
mangsa	mangsa
israel	israel
ditafsirkan	di tafsir kan
tersembunyi	ter sembunyi
terompet	terompet
sumatera	sumatera
penyuluhan	pen suluh an
sahnya	sah nya
jurus	jurus
program	program
skemanya	skema nya
sedihan	sedih an
mendinginkan	men dingin kan
nonteknis	nonteknis
besarannya	besar an nya
bicaranya	bicara nya
diteruskan	di terus kan
gugat	gugat
prihatin	prihatin
inovatif	inovatif
benda	benda
menggiring	men giring
santunan	santun an
berlindung	ber lindung
memandu	men pandu
mengelolanya	men kelola nya
ditulisnya	di tulis nya
saudaraku	saudara aku
barat	barat
giat	giat
ribuan	ribu an
mengajarkan	men ajar kan
semalam	se malam
pembantu	pen bantu
mengisyaratkan	men isyarat kan
lobi	lobi
pukulan	pukul an
bapak	bapak
tergantikan	ter ganti kan
menuntaskan	men tuntas kan
meluluskan	men lulus kan
penengah	pen tengah
meracuni	men racun i
bahtera	bahtera
paman	paman
mengemudikan	men kemudi kan
kebutuhanmu	ke butuh an mu
pendistribusi	pen distribusi
mengorganisasi	men organisasi
karet	karet
menggelikan	men geli kan
volume	volume
mengelola	men kelola
terlama	ter lama
dijerumuskan	di jerumus kan
mengurusi	men urus i
pelat	pelat
kuburan	kubur an
geografi	geografi
pemberkatan	pen berkat an
sengit	sengit
tahun	tahun
mencukupinya	men cukup i nya
berdirinya	ber diri nya
otonomi	otonomi
pelimpahan	pen limpah an
teleskop	teleskop
menekankan	men tekan kan
melumpuhkannya	men lumpuh kan nya
hobi	hobi
registrasi	registrasi
pendiri	pen diri
kokoh	kokoh
menandakan	men tanda kan
reka	reka
jumlahnya	jumlah nya
berputar	ber putar
reputasinya	reputasi nya
rasional	rasional
terik	terik
berkeramik	ber keramik
mengumpulkan	men kumpul kan
rendahan	rendah an
penahanan	pen tahan an
mengikut	men ikut
ham	ham
isapan	isap an
berdaya	ber daya
mengasingkan	men asing kan
tas	tas
menulari	men tular i
tugasku	tugas ku
mengaktifkan	men aktif kan
eropa	eropa
ruangnya	ruang nya
reproduksi	reproduksi
tatapannya	tatap an nya
lembaga	lembaga
jahitan	jahit an
mahasiswa	mahasiswa
gurunya	guru nya
dialokasikan	di alokasi kan
terhindar	ter hindar
menghindarinya	men hindar i nya
melibatkan	men libat kan
memproduksi	men produksi
pengrajin	pen rajin
pembuatannya	pen buat an nya
nakal	nakal
polandia	polandia
akuntabilitasnya	akuntabilitas nya
dicerminkan	di cermin kan
dimasukkannya	di masuk kan nya
mengusahakan	men usaha kan
enggannya	enggan nya
lilin	lilin
sukar	sukar
terdefinisi	ter definisi
meringkas	men ringkas
semeriah	se meriah
mengenyahkan	men enyah kan
tampilan	tampil an
tercium	ter cium
malapetaka	malapetaka
cepatnya	cepat nya
efek	efek
sejahtera	sejahtera
pemilihnya	pen pilih nya
membungkam	men bungkam
nonpemerintah	non pen perintah
melekatnya	men lekat nya
sejalan	se jalan
koordinasinya	koordinasi nya
vaksin	vaksin
mengedit	men edit
terpenting	ter penting
melanggengkannya	men langgeng kan nya
karat	karat
jatuh	jatuh
peringkat	peringkat
memunculkan	men muncul kan
diasumsikan	di asumsi kan
musuhnya	musuh nya
terkepung	ter kepung
berkeinginan	ber ke ingin an
membayarnya	men bayar nya
acak	acak
kulkas	kulkas
disatukan	di satu kan
ditunjukkannya	di tunjuk kan nya
otoritasnya	otoritas nya
angkat	angkat
belanda	belanda
ambisius	ambisius
mengangkatnya	men angkat nya
alkitabnya	alkitab nya
isterinya	isteri nya
pemuatan	pen muat an
dimainkan	di main kan
merekomendasi	men rekomendasi
seleksi	seleksi
konsep	konsep
persis	persis
ditelaah	di telaah
terburuk	ter buruk
cacat	cacat
menjadikan	men jadi kan
putus	putus
mungilnya	mungil nya
dimodifikasi	di modifikasi
penyampaian	pen sampai an
pengenaan	pen kena an
disingkat	di singkat
sebaik	se baik
sebaran	sebar an
diletakkan	di letak kan
digunakan	di guna kan
faktor	faktor
kuman	kuman
negatifnya	negatif nya
unggun	unggun
timbal	timbal
melaksanakannya	men laksana kan nya
prinsipnya	prinsip nya
sisa	sisa
mengakhiri	men akhir i
tersalurkan	ter salur kan
terlarut	ter larut
dipetakan	di peta kan
berseberangan	ber seberang an
selai	sela i
advokat	advokat
terpengaruh	ter pengaruh
komite	komite
prevalensinya	prevalensi nya
belasan	belas an
bingung	bingung
pemberontakan	pen berontak an
melemah	men lemah
penyelamat	pen selamat
bobrok	bobrok
dimanfaatkan	di manfaat kan
diberikannya	di beri kan nya
prasarananya	prasarana nya
legal	legal
tahanan	tahan an
menetapkan	men tetap kan
takluk	takluk
melangkah	men langkah
sekehendaknya	se kehendak nya
pengambilannya	pen ambil an nya
seusia	se usia
menggagas	men gagas
blok	blok
pengaruhnya	pengaruh nya
melukai	men luka i
omzet	omzet
tembak	tembak
pendatang	pen datang
mengakumulasi	men akumulasi
salahnya	salah nya
fragmen	fragmen
nonpertaniannya	non per tani an nya
tersingkat	ter singkat
terhutang	ter hutang
diperburuk	di per buruk
mulus	mulus
mengganti	men ganti
beroperasinya	ber operasi nya
menyusu	men susu
pesanan	pesan an
dikorbankan	di korban kan
berprofesi	ber profesi
penyanyi	pen nyanyi
diamanatkan	di amanat kan
dirahasiakan	di rahasia kan
bayangan	bayang an
sehari	se hari
dijaminkan	di jamin kan
kesalnya	kesal nya
dia	dia
penelitiannya	pen teliti an nya
seterusnya	se terus nya
didatangi	di datang i
operasi	operasi
rata	rata
menghalangimu	men halang i mu
penyortiran	pen sortir an
pasukan	pasukan
membayang	men bayang
pengurusannya	pen urus an nya
persendian	per sendi an
diajukannya	di aju kan nya
berujung	ber ujung
jembatan	jembatan
pengurusnya	pen urus nya
dihalangi	di halang i
memutakhirkan	men mutakhir kan
kuota	kuota
sana	sana
diidentifikasi	di identifikasi
sumber	sumber
bertiup	ber tiup
mengecewakan	men kecewa kan
bermukim	ber mukim
naskah	naskah
mendiktekan	men dikte kan
menempelkan	men tempel kan
terpilihnya	ter pilih nya
peredam	pen redam
dikeraskan	di keras kan
metode	metode
potret	potret
merepresentasikan	men representasi kan
menggoncangkan	men goncang kan
desanya	desa nya
aneka	aneka
instansi	instansi
siswa	siswa
dilindungi	di lindung i
mangkuk	mangkuk
warisan	waris an
dicalonkan	di calon kan
datang	datang
pencegahan	pen cegah an
calon	calon
kesudahan	ke sudah an
ajarkan	ajar kan
diancam	di ancam
lalai	lalai
perjuangan	per juang an
pelita	pelita
alas	alas
hatimu	hati mu
ayat	ayat
mengikutinya	men ikut i nya
tempo	tempo
membuka	men buka
siap	siap
bersih	bersih
pengurusan	pen urus an
reksa	reksa
memutuskan	men putus kan
mengundurkan	men undur kan
menunjang	men tunjang
bidan	bidan
emisi	emisi
berkendaraan	ber kendara an
musuhmu	musuh mu
pelaksanaannya	pen laksana an nya
bercukur	ber cukur
cerminkan	cermin kan
perumusan	pen rumus an
pengangkat	pen angkat
dianalisis	di analisis
perenang	pen renang
kehadirannya	ke hadir an nya
surgawi	surgawi
identifikasi	identifikasi
pacu	pacu
barisan	baris an
menjauh	men jauh
jalurnya	jalur nya
pertukaran	per tukar an
bank	bank
bawah	bawah
menggema	men gema
ketidaklayakan	ke tidak layak an
menyeragamkan	men seragam kan
mengakses	men akses
digerakkan	di gerak kan
berlandaskan	ber landas kan
donasi	donasi
antarpengukuran	antar pen ukur an
melampaui	men lampau i
pandai	pandai
terbenamnya	ter benam nya
daud	daud
perguruan	per guru an
bermain	ber main
perbuatan	per buat an
pemajuan	pen maju an
konsekuensinya	konsekuensi nya
meratapinya	men ratap i nya
jaga	jaga
diakomodasikan	di akomodasi kan
bersangkutan	ber sangkut an
menyimaknya	men simak nya
berbeda	ber beda
menghubungkan	men hubung kan
penyiangan	pen siang an
kakiku	kaki ku
kepercayaannya	ke percaya an nya
pejuang	pejuang
nyanyiannya	nyanyi an nya
diagnostik	diagnostik
dirusak	di rusak
meredakan	men reda kan
zaman	zaman
semasa	se masa
soalnya	soal nya
memblok	men blok
menyuruhnya	men suruh nya
menyatu	men satu
mengambilnya	men ambil nya
tenda	tenda
dinasehati	di nasehat i
pegolf	pen golf
kebalikannya	ke balik an nya
skor	skor
lanjuti	lanjut i
bangun	bangun
nota	nota
dilemparkan	di lempar kan
berbagi	ber bagi
mengandung	men kandung
disumbang	di sumbang
tertahankan	ter tahan kan
direlokasi	di relokasi
tercapainya	ter capai nya
alokasi	alokasi
diasosiasikan	di asosiasi kan
realistis	realistis
rencana	rencana
terorganisir	ter organisir
mencocokkan	men cocok kan
merefleksikan	men refleksi kan
membuatmu	men buat mu
pengorganisasian	pen organisasi an
ramping	ramping
pengasuhan	pen asuh an
pra	pra
kartun	kartun
dihafalkan	di hafal kan
diakuinya	di aku i nya
berumur	ber umur
persaingan	per saing an
diundur	di undur
terorganisasi	ter organisasi
mencabuti	men cabut i
pembicara	pen bicara
sensasi	sensasi
pembimbing	pen bimbing
kehendakku	kehendak ku
pendahulu	pendahulu
botol	botol
ditanam	di tanam
komersil	komersil
galak	galak
memeliharaku	men pelihara aku
sukacitamu	sukacita mu
pemutar	pen putar
penyambutan	pen sambut an
dilatarbelakangi	di latarbelakang i
hantu	hantu
kereta	kereta
pemisahan	pen pisah an
beroperasi	ber operasi
pungutannya	pungut an nya
tips	tips
ragu	ragu
fasilitasi	fasilitas i
fitnah	fitnah
pengorbanannya	pen korban an nya
persimpangan	per simpang an
paragraf	paragraf
bahkan	bah kan
berpenghasilan	ber pen hasil an
disucikan	di suci kan
bertahan	ber tahan
dicermati	di cermat i
pembangkit	pen bangkit
terciptanya	ter cipta nya
jantung	jantung
mengartikannya	men arti kan nya
penampilan	pen tampil an
dihidangkan	di hidang kan
korelasinya	korelasi nya
pandangannya	pandang an nya
menyamakan	men sama kan
penolong	pen tolong
pacuan	pacu an
kenalannya	kenal an nya
pengangkatannya	pen angkat an nya
pengirim	pen kirim
istilah	istilah
masjid	masjid
ajaibnya	ajaib nya
kekal	kekal
lorong	lorong
menikahinya	men nikah i nya
didelegasikan	di delegasi kan
bulat	bulat
suami	suami
terinfeksi	ter infeksi
diembankan	di emban kan
setangkai	se tangkai
letak	letak
beliau	beliau
profesinya	profesi nya
dewasa	dewasa
mengingatmu	men ingat mu
taburkan	tabur kan
landai	landa i
enumerasi	enumerasi
udara	udara
dianugerahi	di anugerah i
menyedihkannya	men sedih kan nya
penabung	pen tabung
mengeksploitasi	men eksploitasi
pulih	pulih
pelataran	pen latar an
pembekalan	pen bekal an
dikonsolidasi	di konsolidasi
mengupas	men kupas
pengairan	pen air an
tiang	tiang
jakarta	jakarta
bertuliskan	ber tulis kan
sebulir	se bulir
februari	februari
ajuan	aju an
karir	karir
haluan	halu an
memberinya	men beri nya
manisnya	manis nya
pasaran	pasar an
adidaya	adidaya
tabah	tabah
dibatalkan	di batal kan
sup	sup
menyatakannya	men nyata kan nya
melonjak	men lonjak
merahasiakan	men rahasia kan
antarruangan	antar ruang an
memveto	men veto
muridnya	murid nya
ditandatangani	di tandatangan i
mengagunkan	men agun kan
jadinya	jadi nya
percobaan	per coba an
bisnis	bisnis
kesehariannya	keseharian nya
berpikiran	ber pikir an
tepatnya	tepat nya
hasil	hasil
seenaknya	se enak nya
sensor	sensor
bernuansa	ber nuansa
mengulang	men ulang
sinerginya	sinergi nya
dilewati	di lewat i
berduri	ber duri
nonpeserta	non peserta
junjunganku	junjung an ku
dihadirkan	di hadir kan
lawannya	lawan nya
menangkapnya	men tangkap nya
diproses	di proses
adegan	adegan
dengarkan	dengar kan
budi	budi
kandungmu	kandung mu
disepakati	di sepakat i
cengkeraman	cengkeram an
belakangmu	belakang mu
ketidaksetaraan	ke tidak setara an
penderitaannya	pen derita an nya
pengekspor	pen ekspor
rekening	rekening
membebaskannya	men bebas kan nya
sarangnya	sarang nya
budayanya	budaya nya
iris	iris
memeluknya	men peluk nya
reguler	reguler
diajak	di ajak
struktural	struktural
mengubur	men kubur
populasinya	populasi nya
sedunia	se dunia
melenceng	men lenceng
menindaklanjutinya	men tindaklanjut i nya
ayu	ayu
ajalnya	ajal nya
kitabnya	kitab nya
menginginkanmu	men ingin kan mu
disana	di sana
memaksa	men paksa
usaha	usaha
perwakilannya	per wakil an nya
terakhir	ter akhir
perhatikan	perhatikan
sibuk	sibuk
dagangannya	dagang an nya
pembicaraan	pen bicara an
didominasi	di dominasi
dakwaan	dakwa an
mengusulkan	men usul kan
sukacitanya	sukacita nya
dirinci	di rinci
stabil	stabil
medan	medan
injil	injil
semesta	semesta
menyelenggarakan	men selenggara kan
dibangunkan	di bangun kan
pendetanya	pendeta nya
modal	modal
asas	asas
kanker	kanker
menghilangkannya	men hilang kan nya
dijadikan	di jadi kan
perseroan	perseroan
duga	duga
mengabdikan	men abdi kan
sayur	sayur
terbayar	ter bayar
menekan	men tekan
orangtuanya	orangtua nya
bersesuaian	ber sesuai an
angkutan	angkut an
bruto	bruto
ditekel	di tekel
manajerial	manajerial
diagnosis	diagnosis
menantikan	menanti kan
gejalanya	gejala nya
dianjurkan	di anjur kan
menegur	men tegur
pengimplementasian	pen implementasi an
belakangan	belakang an
mencair	men cair
lobang	lobang
tolong	tolong
fluktuasi	fluktuasi
pikirannya	pikir an nya
penetapan	pen tetap an
membanting	men banting
tersier	tersier
jarimu	jari mu
pemanah	pen panah
menyebutkan	men sebut kan
beragamnya	ber ragam nya
dibengkokkan	di bengkok kan
pencemaran	pen cemar an
stempelnya	stempel nya
pemicu	pen picu
kebungkaman	ke bungkam an
campuran	campur an
dalih	dalih
sayang	sayang
membuktikan	men bukti kan
didambakannya	di damba kan nya
cara	cara
memindahkan	men pindah kan
pembobotan	pen bobot an
basi	bas i
sepatunya	sepatu nya
berimbang	ber imbang
mencoreng	men coreng
biolanya	biola nya
dikaruniai	di karunia i
tertimpa	ter timpa
didokumentasikan	di dokumentasi kan
ketidaksepakatan	ke tidak sepakat an
beda	beda
dipersepsikan	di persepsi kan
anonim	anonim
ramalannya	ramal an nya
mengulangi	men ulang i
diterbangkan	di terbang kan
pengajarannya	pen ajar an nya
bekerja	bekerja
peluru	peluru
kencang	kencang
tulangku	tulang ku
terjalin	ter jalin
sebesar	se besar
masanya	masa nya
menulisnya	men tulis nya
dieliminasi	di eliminasi
tua	tua
tertutup	ter tutup
pengecualiannya	pengecualian nya
handal	handal
pengirimannya	pen kirim an nya
sesi	sesi
penggelembungan	pen gelembung an
dijembatani	di jembatan i
pengiriman	pen kirim an
penebangan	pen tebang an
diputuskan	di putus kan
ketidakstabilan	ke tidak stabil an
curang	curang
buyut	buyut
patah	patah
maraton	maraton
direhabilitasi	di rehabilitasi
terowongan	terowongan
permainan	per main an
peti	peti
unggulannya	unggul an nya
modern	modern
kubu	kubu
perbintangan	per bintang an
pendistribusian	pen distribusi an
sulitnya	sulit nya
penciuman	pen cium an
pendukung	pen dukung
terkelola	ter kelola
jahit	jahit
agungnya	agung nya
berkerabat	ber kerabat
mengorelasikan	men korelasi kan
alternatifnya	alternatif nya
efisiensi	efisiensi
pandangnya	pandang nya
memujikan	men puji kan
barunya	baru nya
dendam	dendam
melawannya	men lawan nya
penyemprotan	pen semprot an
imbalan	imbalan
kokpitnya	kokpit nya
disangkal	di sangkal
memprihatinkan	men prihatin kan
meledak	men ledak
dibawa	di bawa
mengimani	men iman i
ikut	ikut
mengumandangkan	men kumandang kan
tabung	tabung
menyimpan	men simpan
semudah	se mudah
rotasi	rotasi
tidurnya	tidur nya
siang	siang
gajinya	gaji nya
keterlibatan	ke terlibat an
dibuatkan	di buat kan
antarkomoditas	antar komoditas
nonbank	non bank
berlahan	ber lahan
regional	regional
pengusung	pen usung
kaget	kaget
aksara	aksara
bubar	bubar
semang	semang
hidrogen	hidrogen
diminta	di minta
sebatang	se batang
bungsu	bungsu
sungai	sungai
persetujuan	per setuju an
generasi	generasi
pengidentifikasian	pen identifikasi an
kemasan	kemas an
berlalu	ber lalu
bala	bala
pemenuhannya	pen penuh an nya
serang	serang
mencekik	men cekik
dimintakan	di minta kan
berlangganan	ber langgan an
unggas	unggas
pulsa	pulsa
sebangsamu	se bangsa mu
mencairkan	men cair kan
menahan	men tahan
makan	makan
produksinya	produksi nya
ditepatinya	di tepat i nya
imannya	iman nya
pintu	pintu
bijaksana	bijaksana
dikompensasikan	di kompensasi kan
menuntunnya	men tuntun nya
mengetahui	men ketahui
pemilihan	pen pilih an
pengetikan	pen ketik an
lahir	lahir
pemakai	pen pakai
diversifikasi	diversifikasi
mencemarkan	men cemar kan
berkabut	ber kabut
tercermin	ter cermin
catatannya	catat an nya
mengiklankan	men iklan kan
diperbuatnya	di per buat nya
dokumen	dokumen
terhisap	ter hisap
dikonsentrasikan	di konsentrasi kan
kedengaran	ke dengar an
kaki	kaki
ditempuhnya	di tempuh nya
mencoba	men coba
tanda	tanda
telepon	telepon
malam	malam
tekun	tekun
berlimpahnya	ber limpah nya
menolaknya	men tolak nya
kristus	kristus
dilibatkan	di libat kan
beton	beton
ladang	ladang
merespon	men respon
terkandung	ter kandung
jenjang	jenjang
mengemban	men emban
pengadilan	pen adil an
berasal	ber asal
terserang	ter serang
terkuno	ter kuno
disisi	di sisi
berbadan	ber badan
digital	digital
tenggelam	tenggelam
provinsi	provinsi
pujikan	puji kan
janda	janda
utangnya	utang nya
fungsi	fungsi
bertubuh	ber tubuh
mempertajam	men tajam
menyambung	men sambung
segmen	segmen
menggerus	men gerus
permulaan	per mula an
menghapuskan	men hapus kan
kayu	kayu
cakupannya	cakup an nya
antarkabupaten	antar kabupaten
menaklukkan	men takluk kan
menanganinya	men tangan i nya
radio	radio
dipacu	di pacu
tungku	tungku
alamnya	alam nya
memacu	men pacu
mengklarifikasi	men klarifikasi
berdekatan	ber dekat an
cocok	cocok
mengurangi	men kurang i
penyerbuan	pen serbu an
menghiraukan	men hirau kan
merintangi	men rintang i
balita	balita
berkoordinasi	ber koordinasi
sumbangan	sumbang an
membakarmu	men bakar mu
bermalam	ber malam
nyonya	nyonya
pengabdiannya	pen abdi an nya
fisika	fisika
lirik	lirik
dilanda	di landa
melambangkan	men lambang kan
mendapatkannya	men dapat kan nya
menetesnya	men tetes nya
disenangi	di senang i
segel	segel
memanjang	men panjang
layani	layan i
dipetik	di petik
penanganannya	pen tangan an nya
tahan	tahan
tobat	tobat
menyemangatinya	men semangat i nya
perencanaannya	pen rencana an nya
penyederhanaan	pen sederhana an
suram	suram
langsing	langsing
menanggungnya	men tanggung nya
pengertian	pengertian
doanya	doa nya
diambil	di ambil
dosen	dosen
penjara	penjara
dibiarkan	di biar kan
neneknya	nenek nya
rumah	rumah
ditabur	di tabur
baru	baru
spekulasi	spekulasi
intensifnya	intensif nya
menugaskan	men tugas kan
ditusuk	di tusuk
konvoi	konvoi
pukul	pukul
tercakup	ter cakup
ciuman	cium an
pertokoan	per toko an
permulaannya	per mula an nya
meninggalkannya	men tinggal kan nya
kontak	kontak
coba	coba
pohonnya	pohon nya
pasar	pasar
dideritanya	di derita nya
transplantasi	transplantasi
lokasinya	lokasi nya
bandung	bandung
prasarana	prasarana
tempati	tempat i
tersisihkan	ter sisih kan
biji	biji
tentara	tentara
terenggut	ter renggut
pengecer	pen ecer
penjamin	pen jamin
sepakat	sepakat
hambatan	hambat an
telpon	telpon
ciptaan	cipta an
pungli	pungli
jaman	jam an
kelanjutannya	ke lanjut an nya
penambah	pen tambah
penertiban	pen tertib an
pasokan	pasok an
pengantin	pengantin
mengira	men kira
timbangan	timbang an
mantan	mantan
mulanya	mula nya
sehat	sehat
ditekankan	di tekan kan
selaras	selaras
panggilan	panggil an
dibagi	di bagi
tragedi	tragedi
penanya	pen tanya
tanaman	tanam an
kemarin	kemarin
pemantau	pen pantau
menganggukkan	men angguk kan
alumninya	alumni nya
publikasi	publikasi
tetap	tetap
serunya	seru nya
pelaporan	pen lapor an
terhubungi	ter hubung i
terjerumus	ter jerumus
menghadirkan	men hadir kan
dieksekusi	di eksekusi
bosnya	bos nya
unta	unta
merawatnya	men rawat nya
mahabintangnya	mahabintang nya
pendidikan	pen didik an
penurunannya	pen turun an nya
disetorkan	di setor kan
ditebang	di tebang
penanggung	pen tanggung
diprediksikan	di prediksi kan
dipatok	di patok
dibaharui	di baharu i
diwajibkan	di wajib kan
diputar	di putar
mengasari	men kasar i
menetap	men tetap
bantahan	bantah an
dikumandangkan	di kumandang kan
peluncuran	pen luncur an
perkiraan	per kira an
pengaturnya	pen atur nya
aparatnya	aparat nya
berlainan	ber lain an
buat	buat
santunku	santun ku
perkelahian	per kelahi an
perbaiki	perbaiki
memandangnya	men pandang nya
mengkoordinasi	men koordinasi
antarpulau	antar pulau
pembeda	pen beda
bertempur	ber tempur
mengalir	men alir
pria	pria
penghambat	pen hambat
melonjaknya	men lonjak nya
akurasi	akurasi
bangunannya	bangun an nya
perpisahan	per pisah an
bertempat	ber tempat
tanam	tanam
disamakan	di sama kan
partai	partai
berpesta	ber pesta
hipotesis	hipotesis
pangkalan	pangkal an
cakupan	cakup an
besoknya	besok nya
kumuh	kumuh
realis	realis
menginterupsi	men interupsi
aparat	aparat
cetak	cetak
menggantikan	men ganti kan
dipanggil	di panggil
terpolusi	ter polusi
posyandu	posyandu
melemahkan	men lemah kan
hotelnya	hotel nya
nutrisinya	nutrisi nya
didalam	di dalam
tuntasnya	tuntas nya
hina	hina
min	min
dikurung	di kurung
mendesentralisasikan	men desentralisasi kan
pembayaran	pen bayar an
berimbangnya	ber imbang nya
mengasah	men asah
parah	parah
sekrup	sekrup
tiketnya	tiket nya
jaminan	jamin an
perujukan	pen rujuk an
manja	manja
sains	sains
dihindari	di hindar i
sarang	sarang
pungutnya	pungut nya
repot	repot
coklat	coklat
tuamu	tua mu
dominan	dominan
berkabungnya	berkabung nya
mengevakuasi	men evakuasi
pembicaranya	pen bicara nya
sorot	sorot
menagih	men tagih
tambahkan	tambah kan
mengasuransi	men asuransi
menghiburku	men hibur ku
terarah	ter arah
kelopak	kelopak
lontar	lontar
bercampur	ber campur
membalikkan	men balik kan
menyempurnakan	men sempurna kan
menonton	men tonton
antarkeluarga	antar keluarga
dibenarkan	di benar kan
diarahkan	di arah kan
ajak	ajak
diperdakan	di perda kan
berintegritas	ber integritas
ditegaskan	di tegas kan
terbitan	terbit an
ketidakberuntungan	ke tidak beruntung an
berkarakteristik	ber karakteristik
berpegangan	ber pegang an
disidang	di sidang
terbitkan	terbit kan
berteknologi	ber teknologi
ketidaksuksesan	ke tidak sukses an
terlantar	terlantar
gelandang	gelandang
karib	karib
pengalokasiannya	pen alokasi an nya
pengasapan	pen asap an
diperdalam	di per dalam
teralih	ter alih
bahasa	bahasa
kerasnya	keras nya
pelabuhannya	pen labuh an nya
arogan	arogan
dipicu	di picu
menasehati	men nasehat i
ditingkatkan	di tingkat kan
mantap	mantap
memegangnya	men pegang nya
terpilih	ter pilih
mengkombinasikan	men kombinasi kan
melihat	men lihat
kuajarkan	ku ajar kan
upah	upah
wortel	wortel
stakeholder	stakeholder
berkeluh	ber keluh
medisnya	medis nya
dicuci	di cuci
mengkredit	men kredit
mendaratkannya	men darat kan nya
lini	lini
tuturnya	tutur nya
berbakat	ber bakat
konseling	konseling
khotbahnya	khotbah nya
diturunkan	di turun kan
akut	akut
bagus	bagus
les	les
menggolkan	men gol kan
dicirikan	di ciri kan
jawaban	jawab an
anjuran	anjur an
diselaraskan	di selaras kan
berkuasa	ber kuasa
terdiri	ter diri
pekerja	pekerja
pengunjuk	pen unjuk
menyalahi	men salah i
pemegang	pen pegang
penuntutan	pen tuntut an
seperangkat	se perangkat
mengoleksi	men koleksi
ketidaknyamanan	ke tidak nyaman an
empuk	empuk
terhibur	ter hibur
menghapus	men hapus
optimistis	optimistis
diingat	di ingat
puasa	puasa
tonggak	tonggak
sekecil	se kecil
eksekusinya	eksekusi nya
perbendaharaan	per bendahara an
berhenti	ber henti
percayakan	percaya kan
ajukan	aju kan
berdebar	ber debar
sentimeter	sentimeter
legitimasi	legitimasi
kontes	kontes
ketidaktaatan	ke tidak taat an
dilihatnya	di lihat nya
antartahun	antar tahun
membina	men bina
bakti	bakti
dilemahkan	di lemah kan
monitor	monitor
menusuk	men tusuk
pengalokasian	pen alokasi an
menggembala	men gembala
diramalkan	di ramal kan
dinamis	dinamis
cerdik	cerdik
kalangan	kalangan
berwibawa	ber wibawa
menerjang	men terjang
mengintai	men intai
teori	teori
mewakili	men wakil i
bloknya	blok nya
batalkan	batal kan
pengacau	pen kacau
pelajari	pelajar i
tabir	tabir
oposisi	oposisi
mencobai	men coba i
pengrusakan	pen rusak an
silakan	silakan
matang	matang
manfaat	manfaat
ditempati	di tempat i
penempatan	pen tempat an
kritik	kritik
miliarder	miliarder
pindahan	pindah an
tabungan	tabung an
bukit	bukit
lehernya	leher nya
dihormatinya	di hormat i nya
berkorban	ber korban
resepnya	resep nya
perhutanan	per hutan an
kejutan	kejut an
diurutkan	di urut kan
denyut	denyut
adik	adik
perwujudan	per wujud an
melemparkannya	men lempar kan nya
perbaikannya	per baik an nya
semenarik	se menarik
terdepan	ter depan
pengungsi	pen ungsi
sebagus	se bagus
simpan	simpan
dikontraknya	di kontrak nya
terpetakan	ter peta kan
perkoperasian	per koperasi an
kacau	kacau
ditinggalkannya	di tinggal kan nya
perkataanku	per kata an ku
beruntun	beruntun
aktivitas	aktivitas
menggemakan	men gema kan
cucunya	cucu nya
kawal	kawal
ruh	ruh
didoakan	di doa kan
mukamu	muka kamu
penargetannya	pen target an nya
tergenang	ter genang
variabel	variabel
menggenggam	men genggam
memanfaatkannya	men manfaat kan nya
korelasi	korelasi
pelan	pelan
terhindarkan	ter hindar kan
propinsi	propinsi
terhenti	ter henti
dikembalikannya	di kembali kan nya
arsitektur	arsitektur
diredupkan	di redup kan
ibuku	ibu ku
sejauh	se jauh
penyembuhan	pen sembuh an
direpotkan	di repot kan
perhentian	per henti an
selimut	selimut
sendirian	sendiri an
menitip	men titip
membasahi	men basah i
merakit	men rakit
petang	petang
berkomunikasi	ber komunikasi
terkuat	ter kuat
menanam	men tanam
cuma	cuma
serangga	serangga
berbau	ber bau
kesediaannya	ke senya an nya
perjuangannya	per juang an nya
mempersingkat	men singkat
telanjang	telanjang
penangkapan	pen tangkap an
salam	salam
melawan	men lawan
bersemayam	ber semayam
hati	hati
kurangi	kurang i
kanannya	kanan nya
sepesawat	se pesawat
diburu	di buru
antarlembaga	antar lembaga
meriah	meriah
dikasihi	di kasih i
berpendidikan	ber pen didik an
idenya	ide nya
koalisi	koalisi
pengangkutan	pen angkut an
menangisinya	men tangis i nya
warnanya	warna nya
bijih	bijih
hikmat	hikmat
hamil	hamil
tegak	tegak
tertua	ter tua
dibelenggu	di belenggu
menghabiskan	men habis kan
dikasihinya	di kasih i nya
dihasilkan	di hasil kan
afrika	afrika
dikoleksi	di koleksi
menginvestigasi	men investigasi
eksklusif	eksklusif
diacuhkan	di acuh kan
mewaspadai	men waspada i
teroris	teroris
nasabah	nasabah
dicatatkan	di catat kan
bom	bom
dimusnahkan	di musnah kan
menang	menang
penakut	pen takut
unjuk	unjuk
ketik	ketik
pegangan	pegang an
modalnya	modal nya
membantu	men bantu
merelakan	men rela kan
berkondisi	ber kondisi
kebutuhan	ke butuh an
memfokuskan	men fokus kan
diikutinya	di ikut i nya
jembatannya	jembatan nya
infrastrukturnya	infrastruktur nya
berkhotbah	ber khotbah
direkrutnya	di rekrut nya
disebut	di sebut
diremehkan	di remeh kan
terkelompok	ter kelompok
aktual	aktual
perumpamaan	per umpama an
dianugerahkan	di anugerah kan
mengkompensasi	men kompensasi
disingkirkan	di singkir kan
dituangkan	di tuang kan
imunisasinya	imunisasi nya
terlaksananya	ter laksana nya
gagasan	gagas an
sekretariat	sekretariat
pencetakan	pen cetak an
bersalin	ber salin
ikat	ikat
dampingannya	damping an nya
kurikulum	kurikulum
sesederhana	se sederhana
didik	didik
prestasi	prestasi
padat	padat
puding	puding
senada	se nada
didiskusikan	di diskusi kan
simpanan	simpan an
saljumu	salju mu
obsesi	obsesi
akuratnya	akurat nya
didaftarkan	di daftar kan
ditimpa	di timpa
laju	laju
mencukupi	men cukup i
mendistribusikan	men distribusi kan
responsnya	respons nya
pelajaran	pelajar an
hargai	harga i
tanah	tanah
tersempit	ter sempit
aktivis	aktivis
mewakilinya	men wakil i nya
bangga	bangga
berkelompok	ber kelompok
wasiat	wasiat
setimpal	setimpal
dituduh	di tuduh
kirimu	kiri mu
ragi	ragi
politiknya	politik nya
mewarisi	men waris i
kecolongan	kecolongan
lapak	lapak
mikrofon	mikrofon
united	united
hapus	hapus
lambannya	lamban nya
laporkan	lapor kan
mm	mm
minimnya	minim nya
ala	ala
kira	kira
mencabut	men cabut
limpahan	limpah an
dipandang	di pandang
pemasok	pen pasok
skotlandia	skotlandia
melaluinya	men lalu i nya
liter	liter
bersiul	ber siul
tingkatan	tingkat an
waspada	waspada
tepat	tepat
pengaksesan	pen akses an
audio	audio
menempati	men tempat i
pola	pola
menggalang	men galang
jeruknya	jeruk nya
kau	kau
akrab	akrab
subjektivitasnya	subjektivitas nya
kuadratnya	kuadrat nya
mempercayakan	men percaya kan
terkenang	ter kenang
kena	kena
perdagangan	per dagang an
postingan	posting an
gelanggang	gelanggang
puji	puji
komedi	komedi
mengangkat	men angkat
tertata	ter tata
didiknya	didik nya
dipegangnya	di pegang nya
teriknya	terik nya
menyuap	men suap
berwilayah	ber wilayah
anut	anut
permanennya	permanen nya
ketidakpuasan	ke tidak puas an
legislatif	legislatif
memperolehnya	men peroleh nya
pemberitahuannya	pen beritahu an nya
mengatasi	men atas i
mencatatkan	men catat kan
menunggu	men tunggu
memperluas	men luas
dana	dana
memudar	men pudar
debutnya	debut nya
adonan	adon an
pengumpul	pen kumpul
terselami	ter selam i
targetnya	target nya
dijelajahi	di jelajah i
tersingkir	ter singkir
mendaftar	men daftar
lingkup	lingkup
rekreasi	rekreasi
dipaksa	di paksa
menjaminkan	men jamin kan
menyangkanya	men sangka nya
memodernisasi	men modernisasi
belakang	belakang
berdiri	ber diri
entitas	entitas
bertolak	ber tolak
tajuk	tajuk
hutan	hutan
mencuat	men cuat
lurus	lurus
mengganggunya	men ganggu nya
pemadaman	pen madam an
kudus	kudus
mengirimi	men kirim i
memperhadapkan	men hadap kan
ayub	ayub
fondasi	fondasi
menghargai	men harga i
betina	betina
menyantuni	men santun i
anjloknya	anjlok nya
tulisan	tulis an
curiga	curiga
entrinya	entri nya
efektifnya	efektif nya
berpengetahuan	ber pengetahuan
penerbangan	pen terbang an
internet	internet
pinang	pinang
diidentifikasikan	di identifikasi kan
pegangannya	pegang an nya
perdesaan	per desa an
menanamkan	men tanam kan
bantal	bantal
menghakimi	men hakim i
berbatasan	ber batas an
dilema	dilema
mekanik	mekanik
bibirnya	bibir nya
memonopoli	men monopoli
terjerat	ter jerat
tradisi	tradisi
kawannya	kawan nya
antikristus	anti kristus
sawah	sawah
berkecukupan	ber ke cukup an
rohnya	roh nya
ide	ide
jantungnya	jantung nya
konstruksi	konstruksi
koneksi	koneksi
disangka	di sangka
kuartal	kuartal
penghitungan	pen hitung an
dicerai	di cerai
sisinya	sisi nya
reformasi	reformasi
merangkum	men rangkum
berjaga	ber jaga
keluh	keluh
catatan	catat an
menerpanya	men terpa nya
mengukuhkan	men kukuh kan
memicu	men picu
kelanjutan	ke lanjut an
terdalamnya	ter dalam nya
masyarakatnya	masyarakat nya
penerbit	pen terbit
pilot	pilot
menyapanya	men sapa nya
dikaji	di kaji
disebutkan	di sebut kan
dinyatakannya	di nyata kan nya
kontribusinya	kontribusi nya
rapat	rapat
bekas	bekas
pemutusan	pen putus an
bergunung	ber gunung
suplemen	suplemen
membagi	men bagi
mengerahkan	men kerah kan
diseret	di seret
asosiasi	asosiasi
mengecil	men kecil
jeratan	jerat an
awan	awan
tepian	tepi an
udang	udang
resminya	resmi nya
seakurat	se akurat
bertumpu	ber tumpu
tembakau	tembakau
tanyakan	tanya kan
menggembalakan	men gembala kan
mengenakan	men kena kan
penarikan	pen tarik an
beradik	ber adik
dataran	datar an
rombongan	rombong an
melalui	men lalu i
dijual	di jual
medalinya	medali nya
kliring	kliring
dilantik	di lantik
deklarasi	deklarasi
membunuh	men bunuh
pembuka	pen buka
merontokkan	men rontok kan
aceh	aceh
kontribusi	kontribusi
bibit	bibit
perbankan	per bank an
depannya	depan nya
menyerahkannya	men serah kan nya
naiknya	naik nya
dukungannya	dukung an nya
kantornya	kantor nya
tahap	tahap
mengadukan	men adu kan
ajar	ajar
agroindustri	agroindustri
menceraikan	men cerai kan
tindak	tindak
borongan	borong an
memulihkannya	men pulih kan nya
difokuskan	di fokus kan
mengelak	men elak
ekor	ekor
dasarnya	dasar nya
diikat	di ikat
agresif	agresif
mengantarkan	men antar kan
bangsa	bangsa
penggunanya	pen guna nya
penyediaan	pen sedia an
dinginnya	dingin nya
penyehatan	pen sehat an
miskinnya	miskin nya
ibu	ibu
krim	krim
hotel	hotel
tergusur	ter gusur
langgengnya	langgeng nya
ditaklukkan	di takluk kan
pekan	pekan
kendalikan	kendali kan
pelapor	pen lapor
tuntas	tuntas
kenalan	kenal an
menanggulanginya	men tanggulang i nya
pemimpin	pen pimpin
absolut	absolut
gamblang	gamblang
dilupakan	di lupa kan
mengaplikasikan	men aplikasi kan
tonton	tonton
parlemen	parlemen
organisasi	organisasi
takut	takut
sumur	sumur
mendapati	men dapat i
dijabat	di jabat
kemunculannya	ke muncul an nya
diganti	di ganti
dikoreksi	di koreksi
nasibnya	nasib nya
sumberdaya	sumberdaya
penginjil	pen injil
dibilang	di bilang
cina	cina
santri	santri
lunturnya	luntur nya
pembekuan	pen beku an
mengelompokkan	men kelompok kan
dielaborasi	di elaborasi
seprovinsi	se provinsi
faktanya	fakta nya
disangga	di sangga
menyamai	men sama i
sukarelawan	sukarela wan
penghasil	pen hasil
jelasnya	jelas nya
komplikasi	komplikasi
sisanya	sisa nya
sebulan	se bulan
pemburu	pen buru
bukti	bukti
pemandangannya	pen pandang an nya
berperingkat	ber peringkat
izin	izin
latarbelakang	latarbelakang
hilang	hilang
layanannya	layan an nya
menabung	men tabung
penyebarannya	pen sebar an nya
proteinnya	protein nya
memikulmu	men pikul mu
komoditasnya	komoditas nya
interiornya	interior nya
dicegat	di cegat
botani	botani
tersalib	ter salib
warna	warna
demam	demam
memadai	memadai
berani	berani
pengemudi	pen kemudi
bertransaksi	ber transaksi
diperankan	di peran kan
merajut	men rajut
antrian	antri an
aspek	aspek
jangkauannya	jangkau an nya
tingkatnya	tingkat nya
menunjukkannya	men tunjuk kan nya
ketua	ketua
bantuan	bantu an
insinyur	insinyur
didengarkan	di dengar kan
gedung	gedung
persegi	persegi
tersapu	ter sapu
dijajaki	di jajak i
berpacu	ber pacu
september	september
bentrokan	bentrok an
anggarannya	anggar an nya
mensyukuri	men syukuri
masyarakat	masyarakat
sepenting	se penting
kesempatan	kesempatan
penyimpangan	pen simpang an
pangeran	pangeran
semampu	se mampu
perajin	pen rajin
borong	borong
spontan	spontan
terjemahan	terjemah an
secangkir	se cangkir
bangku	bangku
kepemimpinan	kepemimpinan
pendelegasian	pen delegasi an
diserahkannya	di serah kan nya
soal	soal
memakai	men pakai
peninggalan	pen tinggal an
belokan	belok an
jurnalisme	jurnalisme
diemban	di emban
pengeluaran	pen keluar an
mengelompokkannya	men kelompok kan nya
diinginkannya	di ingin kan nya
dibedakan	di beda kan
diluruskan	di lurus kan
menginjakkan	men injak kan
berdinas	ber dinas
tinggalkan	tinggal kan
berkolaborasi	ber kolaborasi
melukainya	men luka i nya
dibolehkan	di boleh kan
pencobaan	pen coba an
mengutuknya	men kutuk nya
penyedot	pen sedot
peraturannya	per atur an nya
dinikahinya	di nikah i nya
menaikkan	men naik kan
bergosip	ber gosip
mengatakannya	men kata kan nya
percayai	percaya i
terpukau	ter pukau
objek	objek
nyeri	nyeri
harfiah	harfiah
diyakini	di yakin i
tuduhan	tuduh an
lidah	lidah
merehabilitasi	men rehabilitasi
ekspor	ekspor
olah	olah
pengambilalihan	pen ambilalih an
warganya	warga nya
diantar	di antar
andil	andil
antarbidang	antar bidang
persediaan	per sedia an
sejumput	se jumput
bimbang	bimbang
melancarkan	men lancar kan
pembersihan	pen bersih an
artistik	artistik
bendera	bendera
diimbangi	di imbang i
merespons	men respons
petik	petik
disiram	di siram
membebaskan	men bebas kan
pewahyuan	pen wahyu an
terbang	terbang
teguran	tegur an
tindakan	tindak an
merosotnya	merosot nya
luasnya	luas nya
dibukanya	di buka nya
seniman	seniman
bersimpati	ber simpati
hanyut	hanyut
hiasan	hias an
persebaran	per sebar an
tertumpuk	ter tumpuk
kimia	kimia
mutasi	mutasi
pajangan	pajang an
korup	korup
menggandakannya	men ganda kan nya
daratnya	darat nya
citranya	citra nya
pemungutannya	pen pungut an nya
syafaat	syafaat
dipukul	di pukul
terperhatikan	ter perhatikan
remaja	remaja
diskualifikasi	diskualifikasi
kala	kala
dibicarakan	di bicara kan
sihir	sihir
membendung	men bendung
tanggapan	tanggap an
strukturnya	struktur nya
dicoret	di coret
korban	korban
diajukan	di aju kan
pergeseran	per geser an
dipresentasikan	di presentasi kan
usah	usah
pengusulan	pen usul an
hadirnya	hadir nya
penghematan	pen hemat an
reformis	reformis
teratas	ter atas
napas	napas
belgia	belgia
mendengarkannya	men dengar kan nya
ukurannya	ukur an nya
meramalkan	men ramal kan
hadiah	hadiah
aktifnya	aktif nya
seksi	seks i
piringan	piring an
menganut	men anut
mengkonfirmasikan	men konfirmasi kan
penutupan	pen tutup an
akui	aku i
disediakan	di sedia kan
konsisten	konsisten
mengairi	men air i
dibebani	di beban i
kumpul	kumpul
terlempar	ter lempar
menumbuhkannya	men tumbuh kan nya
stok	stok
kunci	kunci
urus	urus
punggungnya	punggung nya
perserikatan	per serikat an
bakaran	bakar an
mensahkan	men sah kan
pengguliran	pen gulir an
pangan	pangan
klasifikasi	klasifikasi
tombol	tombol
proporsinya	proporsi nya
goreng	goreng
ditentang	di tentang
balap	balap
mengajukan	men aju kan
menggigitnya	men gigit nya
pungutan	pungut an
pendistribusiannya	pen distribusi an nya
menata	men tata
cuacanya	cuaca nya
ayahku	ayah ku
terpelihara	ter pelihara
panah	panah
melingkupi	men lingkup i
pembagi	pen bagi
melunasi	men lunas i
penderitaan	pen derita an
lemaknya	lemak nya
logis	logis
pinjaman	pinjam an
dipercaya	di percaya
tafsirannya	tafsir an nya
kamus	kamus
penanggungjawab	pen tanggungjawab
biar	biar
mengitariku	men kitar i ku
mengalihkan	men alih kan
pelayanannya	pen layan an nya
meremajakannya	men remaja kan nya
nelayan	nelayan
ledakan	ledak an
basah	basah
memprediksi	men prediksi
domba	domba
menjanjikan	men janji kan
umat	umat
narkotika	narkotika
sekadar	se kadar
memperbaiki	men baik i
ironis	ironis
pelatihan	pen latih an
mendistorsi	men distorsi
praktek	praktek
angka	angka
asean	asean
antarkelompok	antar kelompok
penyajian	pen saji an
kartunya	kartu nya
melimpah	men limpah
pemanfaat	pen manfaat
jemaatnya	jemaat nya
semisal	se misal
pembelian	pen beli an
sawit	sawit
membentuk	men bentuk
matinya	mati nya
nuraninya	nurani nya
menindak	men tindak
menatap	men tatap
bentuk	bentuk
mendefinisikan	men definisi kan
produktifitas	produktifitas
terpenuhi	men penuh i
berkumpul	ber kumpul
erat	erat
turnamen	turnamen
persepsi	persepsi
usahakan	usaha kan
dirombak	di rombak
canggung	canggung
memonitor	men monitor
diadaptasi	di adaptasi
membakar	men bakar
pusing	pusing
berpraktik	ber praktik
penggaduhan	pen gaduh an
frekuensinya	frekuensi nya
kanada	kanada
memulangkan	men pulang kan
automotif	automotif
penggenapannya	pen genap an nya
menerjemahkannya	men terjemah kan nya
menghubunginya	men hubung i nya
misi	misi
mengimplementasikan	men implementasi kan
bahagiaku	bahagia aku
simpang	simpang
inefisiensi	inefisiensi
umatnya	umat nya
kolaborasi	kolaborasi
disiapkan	di siap kan
keluar	keluar
celah	celah
pertobatan	per tobat an
menolak	men tolak
bergeser	ber geser
pertambangan	per tambang an
kelompoknya	kelompok nya
ditembuskan	di tembus kan
metrologi	metrologi
amandemen	amandemen
pemimpinnya	pen pimpin nya
larangan	larang an
patriotik	patriotik
perda	perda
lembaran	lembar an
dijamin	di jamin
pertukangan	per tukang an
anaknya	anak nya
pelayannya	pen layan nya
amanat	amanat
merapi	men rapi
kampanye	kampanye
urgensi	urgensi
penyelamatan	pen selamat an
konkret	konkret
andalan	andal an
menyembuhkannya	men sembuh kan nya
menerapkan	men terap kan
memperkarakan	men perkara kan
mengetuai	men ketua i
operasional	operasional
beranggaran	ber anggar an
metrik	metrik
kandangmu	kandang mu
menggigiti	men gigit i
saksama	saksama
verifikasi	verifikasi
goncangan	goncang an
bintang	bintang
mencirikan	men ciri kan
delegasi	delegasi
melodi	melodi
materinya	materi nya
memanjakan	men manja kan
ditanya	di tanya
memacunya	men pacu nya
keandalan	ke andal an
awalnya	awal nya
risiko	risiko
capai	capai
sopan	sopan
janinnya	janin nya
syiah	syiah
mengidentifikasikan	men identifikasi kan
altar	altar
pertengkaran	per tengkar an
perbanyakan	per banyak an
enggan	enggan
terekspresikan	ter ekspresi kan
kelompok	kelompok
berprinsip	ber prinsip
mendatangkan	men datang kan
bermoral	ber moral
sinergi	sinergi
pekerjaanmu	pekerja an mu
pakar	pakar
keseharian	keseharian
gantinya	ganti nya
integritas	integritas
jauh	jauh
ketidakpastian	ke tidak pasti an
memperparah	men parah
anakku	anak ku
menyenangkan	men senang kan
skandalnya	skandal nya
komunis	komunis
memayungi	men payung i
pengucuran	pen kucur an
mekaniknya	mekanik nya
tertindas	ter tindas
memberitakan	men berita kan
distribusi	distribusi
disahkannya	di sah kan nya
diperhadapkan	di per hadap kan
menggosipkan	men gosip kan
ditelusuri	di telusuri
pengharapan	pen harap an
disentuh	di sentuh
pengadaan	pen ada an
pajaknya	pajak nya
amatir	amatir
diperantarai	di perantara i
terseret	ter seret
diatas	di atas
berkarat	ber karat
busuknya	busuk nya
pelemparan	pen lempar an
dipesan	di pesan
menurunkannya	men turun kan nya
menambang	men tambang
mengudara	men udara
pendamai	pen damai
fisiknya	fisik nya
genggam	genggam
perbukitan	per bukit an
teologi	teologi
menyetor	men setor
lautnya	laut nya
semangatnya	semangat nya
presentase	presentase
terhentinya	ter henti nya
kata	kata
membinasakan	men binasa kan
buahnya	buah nya
menjejakkan	men jejak kan
mampu	mampu
kain	kain
polanya	pola nya
persiapannya	per siap an nya
awak	awak
jariku	jari ku
kumpulkan	kumpul kan
berbahan	ber bah an
dianggap	di anggap
penyelarasan	pen selaras an
penularan	pen tular an
pencuci	pen cuci
mencurahkan	men curah kan
antikekerasan	anti ke keras an
antarhasil	antar hasil
isterimu	isteri mu
kedudukan	ke duduk an
bergulingan	ber guling an
disurvei	di survei
berdoa	ber doa
melukiskan	men lukis kan
merata	men rata
didengar	di dengar
menggelitik	men gelitik
pikun	pikun
diindikasikan	di indikasi kan
memanjatkan	men panjat kan
alkitab	alkitab
berunding	ber runding
suap	suap
danau	danau
pelestarian	pen lestari an
diredam	di redam
terpendam	ter pendam
akses	akses
kakak	kakak
eksekutif	eksekutif
sunyi	sunyi
ceritanya	cerita nya
mencangkul	men cangkul
terbentuk	ter bentuk
disinyalir	di sinyalir
menilik	men tilik
pelanggar	pen langgar
sertifikasi	sertifikasi
sebangsanya	se bangsa nya
pelunasan	pen lunas an
kandungan	kandung an
pangsa	pangsa
kantong	kantong
menumpas	men tumpas
memperbaikinya	men baik i nya
panjangnya	panjang nya
etis	etis
memanennya	men panen nya
membesarkan	men besar kan
sesampainya	se sampai nya
mengutusnya	men utus nya
polisi	polisi
diminimalkan	di minimal kan
menebusnya	men tebus nya
mengekspor	men ekspor
diampuni	di ampun i
kalanya	kala nya
memerangi	men perang i
menyangka	men sangka
kacang	kacang
diakui	di aku i
berakhirnya	ber akhir nya
aus	aus
gelas	gelas
pesawatnya	pesawat nya
menganjurkan	men anjur kan
situs	situs
perundingan	pen runding an
ditinggalkan	di tinggal kan
dijelaskan	di jelas kan
cermin	cermin
pengecualian	pengecualian
diangkat	di angkat
steril	steril
pengeruk	pen keruk
merubuhkan	men rubuh kan
buatan	buat an
ditelepon	di telepon
disalib	di salib
tersentuh	ter sentuh
bir	bir
pengetahuan	pengetahuan
membuatku	men buat ku
mekar	mekar
penjaminan	pen jamin an
perdamaian	per damai an
melayani	men layan i
tertancap	ter tancap
berbatu	ber batu
sabaran	sabar an
semut	semut
samudera	samudera
sajian	saji an
didiagnosa	di diagnosa
macam	macam
menunggak	men tunggak
disempurnakan	di sempurna kan
parameter	parameter
menjagamu	men jaga mu
hadapanku	hadap an ku
lebih	lebih
panggung	panggung
berbelok	ber belok
laksanakan	laksana kan
bahagia	bahagia
film	film
lamanya	lama nya
ikutannya	ikut an nya
lupakan	lupa kan
aroma	aroma
dedikasi	dedikasi
menyiasati	men siasat i
diperhitungkan	di per hitung kan
perkreditan	per kredit an
antarguru	antar guru
diperbesar	di per besar
membekas	men bekas
aborsi	aborsi
diucapkan	di ucap kan
lingkungannya	lingkung an nya
pertaruhan	per taruh an
rekor	rekor
gerutu	gerutu
taksir	taksir
bersaing	ber saing
peledak	pen ledak
tekad	tekad
terbaik	ter baik
pembacanya	pen baca nya
kumuhnya	kumuh nya
barangsiapa	barangsiapa
persentasenya	persentase nya
meyakini	men yakin i
dialirkan	di alir kan
berinisiatif	ber inisiatif
induknya	induk nya
menguatkannya	men kuat kan nya
paruhnya	paruh nya
cari	cari
janjinya	janji nya
tenggang	tenggang
kehendaknya	kehendak nya
dipasang	di pasang
mendesak	men desak
sedia	sedia
matriks	matriks
nonpenerima	non pen terima
misalnya	misal nya
lambatnya	lambat nya
mengering	men kering
implikasinya	implikasi nya
natalnya	natal nya
pendanaannya	pen dana an nya
diprotes	di protes
koleksinya	koleksi nya
kerabatnya	kerabat nya
ingat	ingat
verifikasinya	verifikasi nya
bercerai	ber cerai
belahan	belah an
mengucap	men ucap
menderita	men derita
menyurati	men surat i
ciri	ciri
diperingatkan	di per ingat kan
pengunduran	pen undur an
sadar	sadar
adam	adam
pedang	pedang
surut	surut
ahlinya	ahli nya
renang	renang
neraka	neraka
pernikahannya	per nikah an nya
layang	layang
investigasi	investigasi
serigala	serigala
serapan	serap an
kejadiannya	ke jadi an nya
diartikan	di arti kan
partikel	partikel
menemaninya	men teman i nya
ditelanjangi	di telanjang i
memandikan	men mandi kan
menewaskan	men tewas kan
melelehkan	men leleh kan
menggoyang	men goyang
bersentuhan	ber sentuh an
gejolak	gejolak
tercapai	ter capai
jejak	jejak
terdata	ter data
bima	bima
menelepon	men telepon
pelaut	pen laut
membahu	men bahu
ramai	ramai
jurusan	jurus an
terlarang	ter larang
perenungannya	pen renung an nya
menggantung	men gantung
dicakup	di cakup
mental	mental
evaluasi	evaluasi
bersamaku	ber sama aku
pengintegrasian	pen integrasi an
diterbitkan	di terbit kan
berambisi	ber ambisi
saksi	saksi
penjaminnya	pen jamin nya
sekeras	se keras
sembuh	sembuh
tersihir	ter sihir
prediksi	prediksi
jajak	jajak
penjelajahan	pen jelajah an
raksasa	raksasa
mengaburkan	men kabur kan
reaksi	reaksi
menikahi	men nikah i
sebagian	sebagian
sekawasan	se kawasan
kotoran	kotor an
menggemparkan	men gempar kan
pengaruh	pengaruh
pertalian	per tali an
ditebus	di tebus
hubunganmu	hubung an mu
terjebak	ter jebak
abstrak	abstrak
pemahaman	pen paham an
teladannya	teladan nya
mementingkan	men penting kan
inovasi	inovasi
merawati	men rawat i
menggetarkan	men getar kan
diintegrasikan	di integrasi kan
ui	ui
kejadianku	ke jadi an ku
rambutan	rambut an
mengacuhkan	men acuh kan
campur	campur
menyampaikannya	men sampai kan nya
tertinggi	ter tinggi
menegaskan	men tegas kan
sesak	sesak
penipuan	pen tipu an
mengambilkan	men ambil kan
merendahkan	men rendah kan
pengaduannya	pen adu an nya
mampuan	mampu an
porsi	porsi
diatasnya	di atas nya
menyobek	men sobek
mengumumkan	men umum kan
ketelanjangan	ke telanjang an
berdetak	ber detak
wawancara	wawancara
mengijonkan	men ijon kan
sejam	se jam
timbulnya	timbul nya
tersesatnya	ter sesat nya
pengetahuannya	pengetahuan nya
wartawan	wartawan
bakunya	baku nya
tampaknya	tampak nya
produktivitas	produktivitas
selera	selera
pengelolanya	pen kelola nya
perkumpulan	per kumpul an
tesnya	tes nya
teringat	ter ingat
proyeksi	proyeksi
keras	keras
mengurai	men urai
semapan	se mapan
menyetujui	men setuju i
kesenjangan	kesenjangan
cicilan	cicil an
irigasi	irigasi
periang	pen riang
membelanjakan	men belanja kan
sama	sama
massal	massal
diutus	di utus
membaiknya	men baik nya
kombinasi	kombinasi
berbelanja	ber belanja
singa	singa
berlebih	ber lebih
merambah	men rambah
bermotor	ber motor
bersiap	ber siap
paruh	paruh
membuatkan	men buat kan
meminimalkan	men minimal kan
penggalangan	pen galang an
penelitinya	pen teliti nya
antarorangtua	antar orangtua
merebak	men rebak
gugup	gugup
ditempuh	di tempuh
terencana	ter rencana
meminum	men minum
memperburuk	men buruk
sampingan	samping an
dikomunikasikan	di komunikasi kan
telaah	telaah
antarjenjang	antar jenjang
urbanisasi	urbanisasi
terpadu	ter padu
bahasan	bahas an
akibatnya	akibat nya
dadaku	dada aku
menyalahgunakannya	men salahguna kan nya
badai	badai
diukir	di ukir
dihantam	di hantam
isak	isak
merotasi	men rotasi
melobi	men lobi
pundak	pundak
peninjauan	pen tinjau an
juni	juni
ayahmu	ayah mu
melebur	men lebur
buntu	buntu
listrik	listrik
bersandar	ber sandar
digarap	di garap
mengenangnya	men kenang nya
ketidakadilan	ke tidak adil an
dicap	di cap
perantaraan	perantara an
pengiring	pen iring
karyanya	karya nya
penyalur	pen salur
buka	buka
kimiawi	kimiawi
garapan	garap an
pemulihan	pen pulih an
dipelajarinya	di pelajar i nya
menyapa	men sapa
respon	respon
dilalui	di lalu i
akuntabilitas	akuntabilitas
revolusi	revolusi
menggantinya	men ganti nya
april	april
indahnya	indah nya
penindasan	pen tindas an
pergiliran	per gilir an
kudengar	ku dengar
pengalengan	pen kaleng an
penerjemahan	pen terjemah an
mempromosikan	men promosi kan
penyerahannya	pen serah an nya
diduga	di duga
jamuan	jamu an
menggerakkan	men gerak kan
evolusi	evolusi
galangan	galang an
jiwa	jiwa
bungkusan	bungkus an
dikerjasamakan	di kerjasama kan
leganya	lega nya
berkedudukan	ber ke duduk an
juru	juru
gitar	gitar
mengaruniakan	men karunia kan
perumahan	pen rumah an
perkebunan	per kebun an
bapa	bapa
menceburkan	men cebur kan
embun	embun
baki	bak i
lesu	lesu
pengajuannya	pen aju an nya
seefektif	se efektif
mengubah	men ubah
meninggalkan	men tinggal kan
meratifikasi	men ratifikasi
memasangnya	men pasang nya
loncatan	loncat an
mencanangkan	men canang kan
payung	payung
berharap	ber harap
tengkorak	tengkorak
memenuhi	men penuh i
bebasnya	bebas nya
penerimaan	pen terima an
pasca	pasca
dimanipulasi	di manipulasi
pendam	pendam
perancangan	pen rancang an
rambutku	rambut ku
parit	parit
ketidakakuratan	ke tidak akurat an
perbendaharaannya	per bendahara an nya
administratifnya	administratif nya
robot	robot
menyekolahkan	men sekolah kan
mematikan	men mati kan
penagihannya	pen tagih an nya
menerobos	men terobos
tentu	tentu
berselang	ber selang
juruselamatnya	juruselamat nya
menghambakan	men hamba kan
parsial	parsial
diulas	di ulas
penyiar	pen siar
parahnya	parah nya
membanjirnya	men banjir nya
berargumentasi	ber argumentasi
memanen	men panen
mengemudi	men kemudi
pengayaan	pen kaya an
berkesan	ber kesan
ditagih	di tagih
isolasi	isolasi
jumlah	jumlah
cangkang	cangkang
dikonfirmasikan	di konfirmasi kan
tekankan	tekan kan
mengirimnya	men kirim nya
tenar	tenar
puncaknya	puncak nya
babakan	babak an
menghancurkannya	men hancur kan nya
ukuran	ukur an
kucilkan	kucil kan
konsekuensi	konsekuensi
gembira	gembira
raja	raja
moneter	moneter
letusannya	letus an nya
penebus	pen tebus
tuhanku	tuhan ku
ilmu	ilmu
dijatuhkan	di jatuh kan
diperkenalkan	di per kenal kan
antardaerah	antar daerah
sabet	sabet
ditimpakan	di timpa kan
bulanan	bulan an
kasi	kas i
diulangi	di ulang i
dipublikasikan	di publikasi kan
gerejanya	gereja nya
nuklir	nuklir
penyampaiannya	pen sampai an nya
mengantarnya	men antar nya
membujuk	men bujuk
penyerahan	pen serah an
kurun	kurun
sertifikatnya	sertifikat nya
antarvariabel	antar variabel
memikirkan	men pikir kan
tabrak	tabrak
ditaburkan	di tabur kan
semusim	se musim
rambut	rambut
dinas	dinas
anggap	anggap
menyebarnya	men sebar nya
melarat	melarat
album	album
kajian	kaji an
pengungkapan	pen ungkap an
dipilihkan	di pilih kan
berdiam	ber diam
bajak	bajak
memerlukan	men perlu kan
membuahkan	men buah kan
menyebar	men sebar
merepotkan	men repot kan
olokan	olok an
kejatuhannya	ke jatuh an nya
dipermuliakan	di per mulia kan
mengelilinginya	men keliling i nya
serikat	serikat
allahku	allah ku
menyeringai	men seringai
melewati	men lewat i
menemani	men teman i
eksportir	eksportir
menyamar	men samar
statistik	statistik
membalas	men balas
melompat	men lompat
susukan	susu kan
membatu	men batu
suaraku	suara aku
pembebasan	pen bebas an
didengarnya	di dengar nya
pengepakan	pen kepak an
memberitahukan	men beritahu kan
cuci	cuci
kredibel	kredibel
damai	damai
merisaukan	men risau kan
penguasaan	pen kuasa an
pencipta	pen cipta
sesuatunya	sesuatu nya
penjabaran	pen jabar an
paksaan	paksa an
potongan	potong an
sepengetahuan	se pengetahuan
getah	getah
memegang	men pegang
perhiasan	per hias an
usianya	usia nya
sirkuit	sirkuit
ditanamkan	di tanam kan
jabatannya	jabat an nya
penggembala	pen gembala
pengalih	pen alih
nonmuslim	nonmuslim
beraneka	ber aneka
batin	batin
elpiji	elpiji
sukarela	sukarela
prestasinya	prestasi nya
kotak	kotak
penyelaras	pen selaras
transportasinya	transportasi nya
rekonstruksinya	rekonstruksi nya
mencuri	men curi
liriknya	lirik nya
respons	respons
kampus	kampus
diperkirakannya	di per kira kan nya
menenun	men tenun
realitas	realitas
rela	rela
lemparan	lempar an
anjingnya	anjing nya
terancam	ter ancam
antarjenis	antar jenis
tinju	tinju
teluk	teluk
meratapi	men ratap i
terprogram	ter program
muka	muka
kriteria	kriteria
menghindarkan	men hindar kan
diubahnya	di ubah nya
memperbolehkan	men boleh kan
berdalih	ber dalih
baiknya	baik nya
hartanya	harta nya
emosional	emosional
permennya	permen nya
memadamkan	men madam kan
menindaklanjuti	men tindaklanjut i
dindingnya	dinding nya
dirham	dirham
surgawinya	surgawi nya
poster	poster
pelacur	pen lacur
seporsi	se porsi
maksimal	maksimal
cacing	cacing
bertobat	ber tobat
memformulasikan	men formulasi kan
keterampilannya	keterampilan nya
menghafal	men hafal
relawan	rela wan
pemuji	pen puji
pengemis	pen kemis
berunjuk	ber unjuk
disimpulkannya	di simpul kan nya
memastikan	men pasti kan
ketidakpekaan	ke tidak peka an
pendengarnya	pen dengar nya
istana	istana
perkotaan	per kota an
mengobati	men obat i
ditoleransi	di toleransi
hayatnya	hayat nya
berhubungan	ber hubung an
hak	hak
rapuhnya	rapuh nya
material	material
menjagaku	men jaga aku
obat	obat
cerai	cerai
gabus	gabus
judi	judi
mengurangkan	men kurang kan
memerbaiki	men perbaiki
kecewa	kecewa
yunani	yunani
mengeluarkan	men keluar kan
pegawainya	pegawai nya
kadar	kadar
pedihnya	pedih nya
sikapnya	sikap nya
tuan	tuan
piring	piring
diutarakan	di utara kan
dibaca	di baca
sewaktu	se waktu
berkala	ber kala
kondusif	kondusif
tepuk	tepuk
kalori	kalori
penyusun	pen susun
upahnya	upah nya
potensial	potensial
digembalakan	di gembala kan
memperdamaikan	men damai kan
tertanam	ter tanam
guru	guru
mengejeknya	men ejek nya
menganugerahkan	men anugerah kan
limbah	limbah
diternakkan	di ternak kan
tersajikan	ter saji kan
ditanami	di tanam i
sempurnanya	sempurna nya
sintetis	sintetis
kaisar	kaisar
olahraganya	olahraga nya
syairnya	syair nya
distrik	distrik
merpati	merpati
khawatir	khawatir
penuturan	pen tutur an
penagihan	pen tagih an
familinya	famili nya
kamis	kamis
aset	aset
mendayagunakan	men dayaguna kan
teridentifikasi	ter identifikasi
berita	berita
menghadapi	men hadap i
diperlukannya	di perlu kan nya
dipindahkan	di pindah kan
editorialnya	editorial nya
1990an	1990 an
dipedulikan	di peduli kan
memasukkan	men masuk kan
diperingkat	di peringkat
terbunuh	ter bunuh
uang	uang
depkeu	depkeu
sosial	sosial
kompilasi	kompilasi
terlampau	ter lampau
gemar	gemar
mengawasinya	men awas i nya
baca	baca
gulung	gulung
pengelola	pen kelola
sinyal	sinyal
khazanah	khazanah
penenun	pen tenun
olimpiade	olimpiade
berusaha	ber usaha
persembunyiannya	per sembunyi an nya
diketahuinya	di ketahui nya
armada	armada
domestik	domestik
laksana	laksana
nuansa	nuansa
skeptis	skeptis
repotnya	repot nya
kita	kita
perindustrian	per industri an
bilik	bilik
pariwisata	pariwisata
meneruskan	men terus kan
melecehkan	men leceh kan
berpikirnya	ber pikir nya
dilaporkan	di lapor kan
menendang	men tendang
sah	sah
pengertiannya	pengertian nya
berbaring	ber baring
ditantang	di tantang
dibacanya	di baca nya
kliennya	klien nya
menjumpai	men jumpa i
terseleksi	ter seleksi
sukarnya	sukar nya
kulit	kulit
laparnya	lapar nya
senapan	senapan
tercetak	ter cetak
berkampanye	ber kampanye
sholat	sholat
bernyanyi	ber nyanyi
beragama	ber agama
terhambatnya	ter hambat nya
cepat	cepat
pribadinya	pribadi nya
ternak	ternak
observasi	observasi
meraup	men raup
tepung	tepung
sehebat	se hebat
wilayahnya	wilayah nya
sebijaksana	se bijaksana
peningkatannya	pen tingkat an nya
terjepit	ter jepit
perbudakan	per budak an
diagram	diagram
cantik	cantik
ukur	ukur
diembannya	di emban nya
membayar	men bayar
mengejar	men kejar
duri	duri
tewas	tewas
natal	natal
menyengsarakan	men sengsara kan
komitenya	komite nya
antarstatus	antar status
membukakan	men buka kan
obatan	obat an
menandai	men tanda i
olahragawan	olahraga wan
berlanjut	ber lanjut
dosennya	dosen nya
mempermasalahkannya	men masalah kan nya
trend	trend
pengembalian	pen kembali an
belenggu	belenggu
cukurnya	cukur nya
pas	pas
kelam	kelam
menghanguskan	men hangus kan
tercanggih	ter canggih
mengepalai	men kepala i
prosedur	prosedur
dilunasi	di lunas i
pengatur	pen atur
perhubungan	per hubung an
terkemuka	ter kemuka
membanggakan	men bangga kan
wiraswastawan	wiraswasta wan
radiasi	radiasi
asramanya	asrama nya
gembalaku	gembala aku
ditanyakan	di tanya kan
menyita	men sita
tangkapan	tangkap an
tercantum	ter cantum
pembaru	pen baru
punglinya	pungli nya
kelasnya	kelas nya
ditegur	di tegur
terselip	ter selip
terkejut	ter kejut
mengeringkan	men kering kan
minimal	minimal
mengosongkannya	men kosong kan nya
mengucilkan	men kucil kan
panggil	panggil
percepatan	per cepat an
antar	antar
diwarnai	di warna i
purbakala	purbakala
asuhan	asuh an
didialogkan	di dialog kan
penyelenggaraannya	pen selenggara an nya
perbaikan	per baik an
rekornya	rekor nya
bertumbuh	ber tumbuh
membenarkan	men benar kan
kontroversi	kontroversi
bakatnya	bakat nya
kuperintahkan	ku perintah kan
mengikuti	men ikut i
peliharaannya	pelihara an nya
mencocokkannya	men cocok kan nya
hartamu	harta mu
tanamkan	tanam kan
diambilnya	di ambil nya
miskin	miskin
kredit	kredit
pengangguran	pen anggur an
menjadi	men jadi
yakini	yakin i
kendaraannya	kendara an nya
sokongan	sokong an
pengarung	pen karung
berjarak	ber jarak
mewawancarainya	men wawancara i nya
disarankan	di saran kan
senilai	se nilai
perolehannya	peroleh an nya
sekantung	se kantung
konfirmasi	konfirmasi
merekonstruksi	men rekonstruksi
dewan	dewan
pengkhianatan	pen khianat an
menyuguhkan	men suguh kan
menggandakan	men ganda kan
mainanmu	main an mu
pendingin	pen dingin
angkasa	angkasa
sekolah	sekolah
matanya	mata nya
dijangkau	di jangkau
perabot	perabot
membelanjakannya	men belanja kan nya
aib	aib
refleksi	refleksi
berkompromi	ber kompromi
daunnya	daun nya
pemeluk	pen peluk
bubungan	bubung an
menetapkannya	men tetap kan nya
tontonan	tonton an
dibayangkan	di bayang kan
miliki	milik i
unggulan	unggul an
golongan	golong an
menyingkap	men singkap
ketidakberanian	ke tidak berani an
dikelolanya	di kelola nya
membelikan	men beli kan
besi	besi
pengikat	pen ikat
kaum	kaum
katamu	kata mu
diorganisasi	di organisasi
menunjuk	men tunjuk
karya	karya
jenewa	jenewa
penunjang	pen tunjang
terpentingnya	ter penting nya
pakai	pakai
meletusnya	men letus nya
bercanda	ber canda
menggembirakan	men gembira kan
mengejutkannya	men kejut kan nya
mendasari	men dasar i
menantangnya	men tantang nya
tindih	tindih
kerasukan	ke rasuk an
dikutuk	di kutuk
komplain	komplain
ketidakkonsistenan	ke tidak konsisten an
memanggang	men panggang
pemusik	pen musik
saldo	saldo
presentasi	presentasi
sembunyikan	sembunyi kan
dipersentasekan	di persentase kan
hinaan	hina an
terbunuhnya	ter bunuh nya
ranjang	ranjang
patokan	patok an
daging	daging
santun	santun
berharga	ber harga
ditetapkan	di tetap kan
kondisinya	kondisi nya
jaminannya	jamin an nya
perceraiannya	per cerai an nya
diambilkan	di ambil kan
dihormati	di hormat i
jabodetabek	jabodetabek
diperdagangkan	di per dagang kan
hidung	hidung
hakekat	hakekat
didirikan	di diri kan
liga	liga
sentuhan	sentuh an
termahal	ter mahal
uap	uap
seusai	se usai
topik	topik
pengestimasian	pen estimasi an
televisi	televisi
kejar	kejar
privasi	privasi
perspektif	perspektif
dirapatkan	di rapat kan
penerbitan	pen terbit an
likuiditas	likuiditas
talenta	talenta
digendong	di gendong
kebangkitan	ke bangkit an
pemasaran	pen pasar an
obligasi	obligasi
penyadaran	pen sadar an
dipanggang	di panggang
diberitahu	di beritahu
seksual	seksual
komentar	komentar
sempitnya	sempit nya
logo	logo
darah	darah
hambaku	hamba aku
klasiknya	klasik nya
mengharuskan	men harus kan
kepindahan	ke pindah an
nama	nama
benaknya	benak nya
kamboja	kamboja
irigasinya	irigasi nya
diaudit	di audit
kontraknya	kontrak nya
wanita	wanita
dilacak	di lacak
hunian	huni an
kumiliki	ku milik i
wol	wol
terpencil	terpencil
liciknya	licik nya
dituliskan	di tulis kan
riil	riil
abaikan	abai kan
camat	camat
walikota	walikota
ditekuni	di tekun i
merampas	men rampas
beralih	ber alih
etnik	etnik
suaranya	suara nya
ternaknya	ternak nya
menerangkan	men terang kan
pelantikannya	pen lantik an nya
dikirimkan	di kirim kan
saji	saji
menginstruksikan	men instruksi kan
skala	skala
memperlihatkan	men lihat kan
diimunisasi	di imunisasi
atom	atom
menyelesaikan	men selesai kan
logonya	logo nya
penerima	pen terima
menciptakan	men cipta kan
diinvestasikan	di investasi kan
menengok	men tengok
dikepung	di kepung
pelelangan	pen lelang an
mengutip	men kutip
efektifitas	efektifitas
meluangkan	men luang kan
menjanda	men janda
prakarsa	prakarsa
meniadakan	men tiada kan
ramainya	ramai nya
penyebarluasan	pen sebarluas an
mobilisasi	mobilisasi
mencemari	men cemar i
bertatap	ber tatap
urusanku	urus an ku
terbentur	ter bentur
kriterianya	kriteria nya
antusiasme	antusiasme
musium	musium
penonton	pen tonton
dimaksimalkan	di maksimal kan
kipas	kipas
mengizinkannya	men izin kan nya
menjerit	men jerit
sahut	sahut
menuntutnya	men tuntut nya
dilucuti	di lucut i
cobaan	coba an
takjub	takjub
menggoyahkan	men goyah kan
diurai	di urai
tentunya	tentu nya
realisasi	realisasi
tingginya	tinggi nya
simpulkan	simpul kan
pertahanan	per tahan an
dihakimi	di hakim i
pengamat	pengamat
memperlancar	men lancar
sapi	sapi
sulit	sulit
tercatat	ter catat
dikoordinasikan	di koordinasi kan
selasa	selasa
dititipkan	di titip kan
ditentukan	di tentu kan
jagung	jagung
dibayar	di bayar
diiringi	di iring i
rajaku	raja aku
istimewa	istimewa
memaparkan	men papar kan
bayaran	bayar an
terbuai	ter buai
mengkomunikasikan	men komunikasi kan
beraib	ber aib
diklasifikasi	di klasifikasi
peningkatan	pen tingkat an
terkini	terkini
wajan	wajan
merombak	men rombak
mendominasi	men dominasi
diperbaruinya	di per baru i nya
didukung	di dukung
menyebabkan	men sebab kan
menghiasi	men hias i
kawanan	kawan an
gusar	gusar
diluputkan	di luput kan
corak	corak
berdarah	ber darah
terungkapkan	ter ungkap kan
difungsikan	di fungsi kan
memerintahkannya	men perintah kan nya
protokol	protokol
gaji	gaji
jangkau	jangkau
akad	akad
berkebalikan	ber ke balik an
terpasang	ter pasang
akumulasi	akumulasi
ular	ular
rute	rute
mendekati	men dekat i
bermekaran	ber mekar an
kabut	kabut
mengandalkan	men andal kan
tertangkap	ter tangkap
data	data
menjamin	men jamin
ditinggal	di tinggal
adanya	ada nya
belanjaan	belanja an
gubernurnya	gubernur nya
pembatasan	pen batas an
antarprovinsi	antar provinsi
jawabannya	jawab an nya
rincian	rinci an
mahal	mahal
berkabung	berkabung
efisiensinya	efisiensi nya
kudanya	kuda nya
realokasi	realokasi
berselisih	ber selisih
denpasar	denpasar
kasusnya	kasus nya
mengungkapkan	men ungkap kan
bernegosiasi	ber negosiasi
ditimbulkannya	di timbul kan nya
menyedihkan	men sedih kan
berbiaya	ber biaya
ketidakhadiran	ke tidak hadir an
disemayamkan	di semayam kan
lelah	lelah
penguasanya	pen kuasa nya
tersayat	ter sayat
berdinding	ber dinding
terperangkap	ter pen rangkap
menoleransinya	men toleransi nya
penafsir	pen tafsir
menko	menko
implikasi	implikasi
penambang	pen tambang
disahkan	di sah kan
dihapuskan	di hapus kan
canggih	canggih
melenyapkan	men lenyap kan
menular	men tular
menghimpunkan	men himpun kan
kebutuhanku	ke butuh an ku
dirjen	dirjen
termasuk	ter masuk
imam	imam
barangnya	barang nya
tercurah	ter curah
madunya	madu nya
belikan	beli kan
dipadukan	di padu kan
awet	awet
pengadu	pen adu
lupa	lupa
sepuasnya	se puas nya
rancangan	rancang an
menjauhkan	men jauh kan
butuh	butuh
fotokopinya	fotokopi nya
dihabiskan	di habis kan
bidannya	bidan nya
konferensi	konferensi
mengklasifikasikan	men klasifikasi kan
menyelamatkannya	men selamat kan nya
permata	permata
turunannya	turun an nya
operasinya	operasi nya
batasan	batas an
memburuk	men buruk
separah	se parah
yahudi	yahudi
ditunjukkan	di tunjuk kan
emosinya	emosi nya
demonstrasi	demonstrasi
amarahnya	amarah nya
tertabrak	ter tabrak
hektar	hektar
menunggang	men tunggang
daftarkan	daftar kan
selayaknya	se layak nya
menggolongkan	men golong kan
menuliskan	men tulis kan
berdampingan	ber damping an
traktornya	traktor nya
menelusuri	men telusuri
perpipaan	per pipa an
seni	seni
menggugat	men gugat
merenovasi	men renovasi
sinarnya	sinar nya
kalkun	kalkun
terpenuhinya	men penuh i nya
tangerang	tangerang
berasumsi	ber asumsi
berumput	ber rumput
persekutuannya	per sekutu an nya
ulang	ulang
organik	organik
asalnya	asal nya
jahe	jahe
kadonya	kado nya
kandangnya	kandang nya
tuntut	tuntut
klorofil	klorofil
mempersulit	men sulit
membenci	men benci
konversi	konversi
sukacita	sukacita
dilumpuhkan	di lumpuh kan
batang	batang
menjamur	men jamur
menyebarkan	men sebar kan
melumpuhkan	men lumpuh kan
kebobolan	ke bobol an
hampa	hampa
persidangan	per sidang an
bersejarah	ber sejarah
bergema	ber gema
rujukan	rujuk an
delima	delima
mengucapkan	men ucap kan
bergegas	ber gegas
organ	organ
mendongkrak	men dongkrak
dipilihnya	di pilih nya
kas	kas
resep	resep
lahirnya	lahir nya
permukiman	per mukim an
dikenal	di kenal
mencerminkan	men cermin kan
pengobatannya	pen obat an nya
mayat	mayat
telak	telak
firaun	firaun
konstan	konstan
bangkrut	bangkrut
persneling	persneling
bercirikan	ber ciri kan
berpakaian	ber pakai an
doa	doa
topeng	topeng
tangkapannya	tangkap an nya
mereda	men reda
lain	lain
ketidaklengkapan	ke tidak lengkap an
melunasinya	men lunas i nya
dampaknya	dampak nya
resiko	resiko
umur	umur
peranannya	peran an nya
perkasa	perkasa
uraian	urai an
lihat	lihat
sore	sore
keramik	keramik
iri	iri
tersobek	ter sobek
jadwal	jadwal
asalan	asal an
tuna	tuna
antarwilayah	antar wilayah
menjawab	men jawab
diusik	di usik
meregangkan	men regang kan
mendetail	men detail
mengikutkan	men ikut kan
bertambah	ber tambah
dicabut	di cabut
kupasang	ku pasang
menikah	men nikah
bersama	ber sama
diutamakan	di utama kan
pendamaian	pen damai an
posisinya	posisi nya
laptop	laptop
selengkap	se lengkap
perangkat	perangkat
mencarinya	men cari nya
pengeringan	pen kering an
menghargainya	men harga i nya
klub	klub
padi	padi
silam	silam
proses	proses
penangguhan	pen tangguh an
bagiannya	bagi an nya
dideklarasikan	di deklarasi kan
terealisasikan	ter realisasi kan
ampuh	ampuh
auman	aum an
dipelajari	di pelajar i
minat	minat
pengguna	pen guna
tambak	tambak
etnis	etnis
terlewatkan	ter lewat kan
smp	smp
melatarbelakangi	men latarbelakang i
memungut	men pungut
menanggulangi	men tanggulang i
memberitahuku	men beritahu ku
komentarnya	komentar nya
pabrik	pabrik
fotokopi	fotokopi
menyumbang	men sumbang
memburuknya	men buruk nya
ungkapan	ungkap an
melayu	melayu
menyuapkannya	men suap kan nya
menipu	men tipu
produk	produk
gantung	gantung
roh	roh
memprediksikan	men prediksi kan
dipertahankan	di per tahan kan
sejenisnya	se jenis nya
diterus	di terus
privasinya	privasi nya
penahan	pen tahan
komitmen	komitmen
motonya	moto nya
dibenci	di benci
dikte	dikte
omongan	omong an
merangkak	men rangkak
wisatawan	wisata wan
planet	planet
penunjukan	pen tunjuk an
pengikutnya	pen ikut nya
duka	duka
ikuti	ikut i
pengeluarannya	pen keluar an nya
mengeluarkannya	men keluar kan nya
bantalan	bantal an
melupakanku	men lupa kan ku
didarati	di darat i
konsensus	konsensus
direkam	di rekam
menyarankan	men saran kan
tekanan	tekan an
ketidakadaan	ke tidak ada an
pelanggaran	pen langgar an
perdananya	perdana nya
memperhitungkan	men hitung kan
jungkir	jungkir
letusan	letus an
dayanya	daya nya
mengontak	men kontak
rapi	rapi
mempercayainya	men percaya i nya
pembentuk	pen bentuk
menyinggung	men singgung
ditembak	di tembak
restrukturisasi	restrukturisasi
lentur	lentur
berpotensial	ber potensial
eksternal	eksternal
meningkatnya	men tingkat nya
diterjunkan	di terjun kan
penganut	pen anut
bikin	bikin
pulang	pulang
terakomodasi	ter akomodasi
naungan	naung an
disisipkan	di sisip kan
pengerukan	pen keruk an
gitarnya	gitar nya
instansinya	instansi nya
disinggung	di singgung
terjangan	terjang an
memeriksanya	men periksa nya
mengabulkan	men kabul kan
kiosnya	kios nya
laki	laki
berkesusahan	ber ke susah an
agustus	agustus
diurus	di urus
ditontonnya	di tonton nya
merawat	men rawat
menimba	men timba
derita	derita
lemah	lemah
mencercanya	men cerca nya
nutrisi	nutrisi
gelap	gelap
ujar	ujar
tingkatannya	tingkat an nya
temanmu	teman mu
dipamerkan	di pamer kan
pesanannya	pesan an nya
perilaku	perilaku
pencacahan	pen cacah an
selandia	selandia
terobosan	terobos an
direnovasinya	di renovasi nya
polusi	polusi
mengkoordinir	men koordinir
perdarahan	per darah an
petani	petani
arah	arah
lontong	lontong
pembentukannya	pen bentuk an nya
pelunak	pen lunak
inggris	inggris
memikulnya	men pikul nya
berair	ber air
berburu	ber buru
menyikapi	men sikap i
memedomani	men pedoman i
pemerintah	pen perintah
terpikir	ter pikir
penalti	penalti
pengembaliannya	pen kembali an nya
wasitnya	wasit nya
dipungut	di pungut
mulutnya	mulut nya
petisi	petisi
antarkegiatan	antar ke giat an
haus	haus
pangkat	pangkat
politikus	politikus
bersorak	ber sorak
berpenghuni	ber pen huni
berdiskusi	ber diskusi
ketidakmampuan	ke tidak mampu an
disebabkan	di sebab kan
tenun	tenun
perhotelan	per hotel an
proposal	proposal
pemogokan	pen mogok an
dipahami	di paham i
supir	supir
jasa	jasa
terduga	ter duga
pembongkaran	pen bongkar an
selamatkanku	selamat kan ku
penjelas	pen jelas
lampu	lampu
menempatkannya	men tempat kan nya
pertemanan	per teman an
mimpi	mimpi
bahu	bahu
mengobarkan	men kobar kan
sekutunya	sekutu nya
merasuk	men rasuk
kejam	kejam
jualan	jual an
benar	benar
dipromosikan	di promosi kan
mengefektifkan	men efektif kan
dihubungi	di hubung i
perpaduan	per padu an
tebang	tebang
devisa	devisa
optimal	optimal
gadai	gadai
lucu	lucu
dikompensasi	di kompensasi
memainkannya	men main kan nya
terbelenggu	ter belenggu
bertanam	ber tanam
lisan	lisan
hadirat	hadirat
mendiversifikasi	men diversifikasi
eksperimen	eksperimen
didekati	di dekat i
naturnya	natur nya
pertanggungjawabannya	per tanggungjawab an nya
hubungan	hubung an
mempekerjakannya	men pekerja kan nya
bertetangga	ber tetangga
diolesi	di oles i
mainkan	main kan
integrasi	integrasi
kepergianku	ke pergi an ku
berpindah	ber pindah
kameranya	kamera nya
insiden	insiden
penutup	pen tutup
dimiliki	di milik i
forensik	forensik
biayanya	biaya nya
garam	garam
pengarahan	pen arah an
suaminya	suami nya
malas	malas
diresmikan	di resmi kan
tamak	tamak
pertanggungjawaban	per tanggungjawab an
bisbol	bisbol
pemanis	pen manis
jatuhnya	jatuh nya
dililiti	di lilit i
penghasilan	pen hasil an
kampanyenya	kampanye nya
tembusan	tembus an
sejelas	se jelas
surutnya	surut nya
luasan	luas an
dipegang	di pegang
hasrat	hasrat
pemakaman	pen makam an
berbulu	ber bulu
pemberontak	pen berontak
komunitasnya	komunitas nya
pelatih	pen latih
yakinkan	yakin kan
diselenggarakan	di selenggara kan
berpendapatan	ber pen dapat an
berpawai	ber pawai
terhitung	ter hitung
kabar	kabar
memfotokopi	men fotokopi
estimasi	estimasi
pengumpulan	pen kumpul an
tembus	tembus
api	api
mengkoordinasikan	men koordinasi kan
terdiam	ter diam
raya	raya
menebang	men tebang
penyataan	pen nyata an
menyembur	men sembur
menit	menit
berliku	ber liku
teraniaya	ter aniaya
bersinggungan	ber singgung an
memikul	men pikul
menyangkali	men sangkal i
berawalan	ber awal an
henti	henti
berobat	ber obat
disabotase	di sabotase
mengarungi	men karung i
mayoritas	mayoritas
keberadaan	keberadaan
pengawas	pen awas
penuntun	pen tuntun
dialog	dialog
lengkapnya	lengkap nya
bertentangan	ber tentang an
dibatasi	di batas i
programnya	program nya
searah	se arah
kurs	kurs
puja	puja
diakomodasi	di akomodasi
pancuran	pancur an
jutaan	juta an
berteman	ber teman
spesial	spesial
mendukakan	men duka kan
mendengar	men dengar
memfasilitasi	men fasilitas i
menyeret	men seret
kaos	kaos
kapasitasnya	kapasitas nya
kering	kering
simak	simak
diakumulasikannya	di akumulasi kan nya
lancarnya	lancar nya
meliput	men liput
lezatnya	lezat nya
rendah	rendah
menghubungkannya	men hubung kan nya
karyawan	karya wan
karier	karier
monumen	monumen
sd	sd
penyangga	pen sangga
mencondongkan	men condong kan
laporannya	lapor an nya
mengejutkan	men kejut kan
meluncurkan	men luncur kan
direkonstruksi	di rekonstruksi
disipliner	disipliner
namanya	nama nya
dihasilkannya	di hasil kan nya
kotamadya	kotamadya
memperjuangkan	men juang kan
setara	setara
iman	iman
ia	ia
selektif	selektif
tersiar	ter siar
buruannya	buru an nya
diajar	di ajar
disamai	di sama i
perbedaannya	per beda an nya
mendistribusikannya	men distribusi kan nya
relevan	relevan
resmi	resmi
tebangan	tebang an
caranya	cara nya
pesan	pesan
amoral	amoral
bersusah	ber susah
demokratis	demokratis
berlutut	ber lutut
mengintimidasi	men intimidasi
menyiangi	men siang i
dongeng	dongeng
vakum	vakum
mengusir	men usir
menua	men tua
tempuh	tempuh
setapak	se tapak
mengaliri	men alir i
berdampaknya	ber dampak nya
memperkenankan	men kenan kan
pendampingan	pen damping an
aktifitas	aktifitas
dibungakan	di bunga kan
1950an	1950 an
pasir	pasir
dunianya	dunia nya
terimakasih	terimakasih
memasukannya	men pasukan nya
gulungan	gulung an
fungsinya	fungsi nya
mapan	mapan
imanmu	iman mu
diberitakan	di berita kan
berlatar	ber latar
menghadiri	men hadir i
akibat	akibat
berhimpitan	ber himpit an
pemindahan	pen pindah an
terobsesi	ter obsesi
sinkronisasi	sinkronisasi
riilnya	riil nya
pemetaan	pen peta an
persiapan	per siap an
menamai	men nama i
video	video
asap	asap
memberiku	men beri ku
diformulasikan	di formulasi kan
saus	saus
mengagungkan	men agung kan
punah	punah
berpartisipasi	ber partisipasi
bercocok	ber cocok
ulah	ulah
memperlemah	men lemah
pengkaji	pen kaji
memperlebar	men lebar
nonkontrak	non kontrak
rumit	rumit
berkarier	ber karier
dikendarainya	di kendara i nya
disebutnya	di sebut nya
bawahmu	bawah mu
seutuhnya	se utuh nya
penyegaran	pen segar an
gugatan	gugat an
dibangunnya	di bangun nya
ketidaktersediaan	ke tidak tersedia an
persaudaraannya	per saudara an nya
kapten	kapten
menunda	men tunda
bergereja	ber gereja
pikirkan	pikir kan
diinformasikan	di informasi kan
display	display
analisis	analisis
timbunan	timbun an
penagih	pen tagih
sekeluarga	se keluarga
berhutang	ber hutang
mengajak	men ajak
nonharga	non harga
diadakannya	di ada kan nya
mendaratkan	men darat kan
terganggunya	ter ganggu nya
jauhnya	jauh nya
disidangkan	di sidang kan
seimannya	se iman nya
dipisahkan	di pisah kan
terbilang	ter bilang
penghibur	pen hibur
nonsaham	non saham
dipertimbangkan	di per timbang kan
harganya	harga nya
diratifikasi	di ratifikasi
bertahap	ber tahap
seintensif	se intensif
persoalannya	per soal an nya
menyampaikan	men sampai kan
aliran	alir an
gilir	gilir
rumusan	rumus an
paku	paku
pengenalanmu	pen kenal an mu
mempertaruhkan	men taruh kan
membungkamkan	men bungkam kan
dicobai	di coba i
menyesali	men sesal i
tertolak	ter tolak
takarannya	takar an nya
renovasinya	renovasi nya
ujungnya	ujung nya
filosofi	filosofi
mendistribusi	men distribusi
kadaluarsa	kadaluarsa
cemas	cemas
kompetisi	kompetisi
dipakai	di pakai
membongkar	men bongkar
dirangkum	di rangkum
mengirimkan	men kirim kan
pagi	pagi
terperdaya	ter perdaya
diingatkan	di ingat kan
pelaksananya	pen laksana nya
diambang	di ambang
membidangi	men bidang i
pemasyarakatan	pen masyarakat an
sukacitaku	sukacita aku
beragam	ber ragam
pemula	pen mula
tunggal	tunggal
tersebar	ter sebar
gembalakan	gembala kan
kasihi	kasih i
properti	properti
pelibatan	pen libat an
belalai	belalai
disalahkan	di salah kan
mengadministrasikan	men administrasi kan
gemuruh	gemuruh
terperosok	terperosok
diterapkannya	di terap kan nya
komitmennya	komitmen nya
asin	asin
pertolongannya	per tolong an nya
berkesempatan	ber kesempatan
nondepartemen	non departemen
diunggah	di unggah
usulannya	usul an nya
baku	baku
perbedaan	per beda an
memperkecil	men kecil
rate	rate
menjadikannya	men jadi kan nya
kebagian	ke bagi an
dicicil	di cicil
kolega	kolega
perbatasan	per batas an
rahasia	rahasia
perhimpunan	per himpun an
mengapung	men apung
menunggangi	men tunggang i
kelihatannya	ke lihat an nya
keluarkan	keluar kan
dipelihara	di pelihara
deposito	deposito
dianiaya	di aniaya
berkepentingan	ber ke penting an
berproduksi	ber produksi
kukasihi	ku kasih i
bertugas	ber tugas
bocor	bocor
seharga	se harga
komisi	komisi
ditabung	di tabung
dikenai	di kena i
memukul	men pukul
antarkomunitas	antar komunitas
menghasilkan	men hasil kan
politis	politis
penjual	pen jual
direkrut	di rekrut
peninjau	pen tinjau
mengidentifikasi	men identifikasi
terima	terima
penunjukkan	penunjukkan
deretan	deret an
ketidakmunculan	ke tidak muncul an
tersimpan	ter simpan
memprosesnya	men proses nya
mengukir	men ukir
kakaknya	kakak nya
lamaran	lamar an
pesat	pesat
penggemar	pen gemar
buah	buah
pemesanan	pen pesan an
air	air
menjulang	men julang
logam	logam
membaik	men baik
pencuri	pen curi
kemarau	kemarau
hambatannya	hambat an nya
sarana	sarana
melontarkan	men lontar kan
primer	primer
dangkal	dangkal
melambaikan	men lambai kan
terkoordinir	ter koordinir
umurku	umur ku
perguliran	per gulir an
pembiusan	pen bius an
buruh	buruh
salinannya	salin an nya
terbentuknya	ter bentuk nya
perkawinan	per kawin an
dikepalai	di kepala i
diusir	di usir
lompatan	lompat an
dihentikan	di henti kan
kawan	kawan
mendampinginya	men damping i nya
hadapannya	hadap an nya
menjabarkan	men jabar kan
pendidik	pen didik
penasihat	penasihat
sedarah	se darah
masuknya	masuk nya
positifnya	positif nya
keluarganya	keluarga nya
memenuhinya	men penuh i nya
hapuskan	hapus kan
mengajarkannya	men ajar kan nya
artikel	artikel
terakumulasi	ter akumulasi
terheran	ter heran
depkes	depkes
semangat	semangat
penghuninya	pen huni nya
anugerahkan	anugerah kan
diadili	di adil i
truknya	truk nya
sesuatu	sesuatu
tahapan	tahap an
perzinaan	per zina an
konservatif	konservatif
mendaftarkannya	men daftar kan nya
ketidakseimbangan	ke tidak seimbang an
antisipasi	antisipasi
meja	meja
bersantap	ber santap
pahatan	pahat an
evakuasi	evakuasi
didiagnosis	di diagnosis
dikategori	di kategori
menghilangkan	men hilang kan
diceraikan	di cerai kan
mengacu	men acu
merayakan	men raya kan
asa	asa
milyaran	milyar an
terdistribusi	ter distribusi
menantu	menantu
piutang	piutang
menahannya	men tahan nya
bermuatan	ber muat an
tawanan	tawan an
membeberkan	men beber kan
dipermasalahkan	di per masalah kan
kutinggalkan	ku tinggal kan
artikelnya	artikel nya
aman	aman
menguap	men uap
menjiwai	men jiwa i
pergi	pergi
mendarat	men darat
pembaruan	pen baru an
berbahagia	ber bahagia
penyelundupan	pen selundup an
tariknya	tarik nya
menyukseskan	men sukses kan
mempertimbangkan	men timbang kan
pilihan	pilih an
separuh	se paruh
peserta	peserta
menyepakatinya	men sepakat i nya
terasing	ter asing
memenangkan	men menang kan
duplikasi	duplikasi
kaidah	kaidah
pencurian	pen curi an
menguras	men kuras
tersebut	ter sebut
memecat	men pecat
pembayar	pen bayar
memilah	men pilah
dikhianati	di khianat i
diharap	di harap
pemantapan	pen mantap an
terkena	ter kena
menjelang	men jelang
nyamuk	nyamuk
berpegang	ber pegang
menggulung	men gulung
diaksesnya	di akses nya
tasnya	tas nya
minim	minim
antarpemilik	antar pen milik
baitul	baitul
darahku	darah ku
menanti	menanti
gaul	gaul
kuminta	ku minta
terisolasi	ter isolasi
berlibur	ber libur
tabel	tabel
pemandangan	pen pandang an
tajamnya	tajam nya
pinjam	pinjam
residual	residual
menyoroti	men sorot i
bekerjasama	bekerjasama
saya	saya
soda	soda
terhimpun	ter himpun
sorenya	sore nya
pemasoknya	pen pasok nya
minumnya	minum nya
fiskal	fiskal
pembunuhan	pen bunuh an
perolehan	peroleh an
ditegakkan	di tegak kan
permen	permen
apatis	apatis
mengidap	men idap
pemeta	pen peta
kecil	kecil
rajin	rajin
mengkompromikan	men kompromi kan
jarang	jarang
rumitnya	rumit nya
alur	alur
kondisi	kondisi
pertumbuhannya	per tumbuh an nya
dermaga	dermaga
wajar	wajar
mencetak	men cetak
pengusiran	pen usir an
gerakan	gerak an
menyuratkan	men surat kan
menjangkiti	men jangkit i
menjaga	men jaga
meninggikan	men tinggi kan
emosionalnya	emosional nya
indikasinya	indikasi nya
gembiranya	gembira nya
dampak	dampak
kasar	kasar
peternakan	peternakan
akta	akta
wali	wali
ruang	ruang
sepoi	sepoi
pemerasan	pen peras an
mekanismenya	mekanisme nya
dituntaskan	di tuntas kan
edaran	edar an
perombakan	pen rombak an
menyembah	men sembah
diadakan	di ada kan
memberikan	men beri kan
terindah	ter indah
pelacakan	pen lacak an
ayatnya	ayat nya
bermusuhan	ber musuh an
undi	undi
menatapnya	men tatap nya
kukenal	ku kenal
detik	detik
pembukaan	pen buka an
fasilitas	fasilitas
menantunya	menantu nya
pemakaian	pen pakai an
minuman	minum an
iurannya	iuran nya
seadat	se adat
pekerjaanku	pekerja an ku
timnya	tim nya
kusut	kusut
mulut	mulut
menuangkan	men tuang kan
ketidakikutsertaan	ke tidak ikutserta an
terulang	ter ulang
nonusaha	non usaha
penumpukan	pen tumpuk an
meragukan	men ragu kan
kafir	kafir
pergolakan	per golak an
mendampingi	men damping i
turunan	turun an
hadapi	hadap i
paduan	padu an
mulutku	mulut ku
sambutan	sambut an
dunia	dunia
mendaur	men daur
analisi	analis i
mengadopsi	men adopsi
pendekatan	pen dekat an
dapatkan	dapat kan
menuju	men tuju
merancangkan	men rancang kan
didesentralisasikan	di desentralisasi kan
menstimulasi	men stimulasi
bara	bara
mitra	mitra
sibuknya	sibuk nya
dianut	di anut
anjing	anjing
januari	januari
membacakan	men baca kan
lurah	lurah
fakultas	fakultas
kuil	kuil
pasiennya	pasien nya
handuk	handuk
satelit	satelit
serukan	seru kan
sombong	sombong
dihitung	di hitung
menyeimbangkan	men seimbang kan
dilanggar	di langgar
sejuk	sejuk
tumbuhnya	tumbuh nya
terhalangi	ter halang i
dihuni	di huni
melimpahkan	men limpah kan
angkut	angkut
anggotanya	anggota nya
menuliskannya	men tulis kan nya
dilimpahkan	di limpah kan
beban	beban
personil	personil
penyaliban	pen salib an
menimpa	men timpa
diplomasi	diplomasi
tubuhku	tubuh ku
ratap	ratap
mewah	mewah
menyangkal	men sangkal
perintis	pen rintis
pemikirannya	pen pikir an nya
memperkenalkan	men kenal kan
dibelanjakan	di belanja kan
membelah	men belah
anak	anak
membiarnya	men biar nya
bohong	bohong
anggrek	anggrek
minta	minta
menaati	men taat i
terpanjang	ter panjang
jalar	jalar
cengkeh	cengkeh
mengendalikan	men kendali kan
pengolahan	pen olah an
sebidang	se bidang
serangan	serang an
beku	beku
tarif	tarif
mentimun	mentimun
membiarkan	men biar kan
berisiko	ber risiko
klarifikasi	klarifikasi
dibekali	di bekal i
sampah	sampah
terkunci	ter kunci
asalkan	asal kan
pikul	pikul
rekaan	reka an
pengadministrasian	pen administrasi an
panti	panti
musik	musik
tempuran	tempur an
tinggalnya	tinggal nya
menginterpretasikannya	men interpretasi kan nya
skema	skema
dimuat	di muat
sekerjanya	se kerja nya
keran	keran
kotornya	kotor nya
penghancur	pen hancur
mengkonsumsi	men konsumsi
menyebalkan	men sebal kan
pembatalannya	pen batal an nya
pengaduan	pen adu an
kekasih	kekasih
beragi	ber ragi
ketidakseriusan	ke tidak serius an
penghormatan	pen hormat an
menutup	men tutup
berskala	ber skala
gereja	gereja
kagumi	kagum i
membombardir	men bombardir
gemuruhnya	gemuruh nya
transparannya	transparan nya
pikir	pikir
merayu	men rayu
pendesentralisasian	pen desentralisasi an
fitur	fitur
menjalar	men jalar
membangkitkan	men bangkit kan
disertifikasi	di sertifikasi
fasik	fasik
sepedanya	sepeda nya
menggratiskan	men gratis kan
sahabatnya	sahabat nya
beradaptasi	ber adaptasi
gali	gali
lanjutan	lanjut an
setahun	se tahun
konstitusional	konstitusional
curah	curah
cirinya	ciri nya
mengoptimalkan	men optimal kan
munafik	munafik
menakutkan	men takut kan
dekat	dekat
mengartikan	men arti kan
manusia	manusia
ajang	ajang
terukur	ter ukur
alam	alam
celaka	celaka
taiwan	tai wan
ditempat	di tempat
dikaburkan	di kabur kan
netral	netral
tersulut	ter sulut
meloloskan	men lolos kan
pedesaannya	pedesaan nya
tampilkan	tampil kan
huruf	huruf
antrinya	antri nya
berakhir	ber akhir
pengadministrasiannya	pen administrasi an nya
mekanisme	mekanisme
langka	langka
membayangkan	men bayang kan
sabda	sabda
menampilkan	men tampil kan
pengolahannya	pen olah an nya
pakan	pakan
akhirat	akhirat
pergerakan	per gerak an
mengendarai	men kendara i
acuan	acu an
terbantu	ter bantu
kuat	kuat
kutuk	kutuk
terfokus	ter fokus
timur	timur
terpajang	ter pajang
lazim	lazim
muhammad	muhammad
menurunkan	men turun kan
menginterpretasikan	men interpretasi kan
kreativitas	kreativitas
pemeringkatan	pen peringkat an
pengantar	pen antar
kedipan	kedip an
berjenjang	ber jenjang
dibakukan	di baku kan
bermilik	ber milik
detail	detail
bersepakat	ber sepakat
dikoordinir	di koordinir
digulirkan	di gulir kan
anggapan	anggap an
mangsanya	mangsa nya
warisnya	waris nya
didirikannya	di diri kan nya
dikenali	di kenal i
anyaman	anyam an
penjagaan	pen jaga an
terkagum	ter kagum
pencukur	pen cukur
berkomentar	ber komentar
ungkapkan	ungkap kan
menginjeksi	men injeksi
industri	industri
menyusutnya	men susut nya
pencacah	pen cacah
gerai	gerai
diselamatkannya	di selamat kan nya
menghambat	men hambat
serendah	se rendah
dikuatirkan	di kuatir kan
kampusnya	kampus nya
pembenci	pen benci
melaporkan	men lapor kan
lembut	lembut
mengunggah	men unggah
kabupaten	kabupaten
terdorong	ter dorong
menyuruh	men suruh
katak	katak
berinovasi	ber inovasi
mengenalnya	men kenal nya
ilmuwan	ilmu wan
merayakannya	men raya kan nya
tuhan	tuhan
mengendarainya	men kendara i nya
penembakan	pen tembak an
penjahit	pen jahit
kelapa	kelapa
kritis	kritis
situsnya	situs nya
visinya	visi nya
dinegosiasikan	di negosiasi kan
tempatmu	tempat mu
sebutkan	sebut kan
petinju	pen tinju
menulis	men tulis
mengakomodasi	men akomodasi
menyuburkan	men subur kan
berikut	ber ikut
akuisisi	akuisisi
tipu	tipu
kompeten	kompeten
mendoakan	men doa kan
bumbu	bumbu
cabangnya	cabang nya
diinginkan	di ingin kan
masa	masa
dahaga	dahaga
triwulan	triwulan
bermata	ber mata
terang	terang
jiwanya	jiwa nya
menghindari	men hindar i
juri	juri
pertimbangannya	per timbang an nya
ketidaksesuaian	ke tidak sesuai an
rentan	rentan
melaut	men laut
menerimanya	men terima nya
mengajarinya	men ajar i nya
lewat	lewat
dimasukinya	di masuk i nya
investasi	investasi
dipasarkan	di pasar kan
turunkan	turun kan
relatif	relatif
perampok	pen rampok
rudal	rudal
diskon	diskon
jari	jari
mesjid	mesjid
pendataan	pen data an
dituju	di tuju
validasi	validasi
diperlunak	di per lunak
gol	gol
belajar	belajar
mengambil	men ambil
bertekuk	ber tekuk
ketidakpercayaan	ke tidak percaya an
rancu	rancu
terhampar	ter hampar
membersihkan	men bersih kan
lampiran	lampir an
diluluskan	di lulus kan
bobotnya	bobot nya
diadukan	di adu kan
pergumulannya	per gumul an nya
ambisi	ambisi
peralatan	per alat an
legislasi	legislasi
memusyawarahkannya	men musyawarah kan nya
jamak	jamak
digilir	di gilir
disederhanakan	di sederhana kan
pertumbuhan	per tumbuh an
menghampiri	men hampiri
biarkan	biar kan
lambang	lambang
negeri	negeri
penciptaan	pen cipta an
memenangi	men menang i
melangkahkan	men langkah kan
terkaya	ter kaya
penyeragaman	pen seragam an
dukunnya	dukun nya
bergiliran	ber gilir an
berpisah	ber pisah
menggadai	men gadai
konfrontasi	konfrontasi
perannya	peran nya
balasannya	balas an nya
server	server
pemurah	pen murah
dipenjara	di penjara
kepala	kepala
aktif	aktif
terbebani	ter beban i
mendiskriminasi	men diskriminasi
mendapat	men dapat
penekanannya	pen tekan an nya
mewawancarai	men wawancara i
menanyakannya	men tanya kan nya
pertanian	per tani an
menguatkan	men kuat kan
perikanan	per ikan an
instalasi	instalasi
semprot	semprot
diktenya	dikte nya
meluruskannya	men lurus kan nya
bebas	bebas
sektor	sektor
teh	teh
dimonitor	di monitor
wiraswasta	wiraswasta
menanggapi	men tanggap i
argumen	argumen
pembasmi	pen basmi
gawang	gawang
kamarmu	kamar mu
membelenggu	men belenggu
seismik	seismik
bobot	bobot
diatur	di atur
mengakar	men akar
bergirang	ber girang
karibia	karibia
penalaran	pen nalar an
dipalsukan	di palsu kan
tatapan	tatap an
berterus	ber terus
rona	rona
anu	anu
daratan	darat an
studinya	studi nya
menandingi	men tanding i
profesionalismenya	profesionalisme nya
dicacah	di cacah
prakteknya	praktek nya
memanipulasi	men manipulasi
mengangkut	men angkut
pemuridan	pen murid an
produser	produser
bidangnya	bidang nya
mesra	mesra
dibacakan	di baca kan
persalinan	per salin an
wilayah	wilayah
palsu	palsu
kebal	kebal
bertuan	ber tuan
sarananya	sarana nya
lukisan	lukis an
memimpin	men pimpin
nonpertanian	non per tani an
terintegrasi	ter integrasi
pelembagaan	pen lembaga an
keponakan	keponakan
interaksi	interaksi
mengkampanyekan	men kampanye kan
beasiswa	beasiswa
mengamankan	men aman kan
betul	betul
dimaknai	di makna i
menempatkan	men tempat kan
bahan	bah an
terganggu	ter ganggu
perobohan	pen roboh an
ringkas	ringkas
kebalikan	ke balik an
mengejek	men ejek
kurungan	kurung an
dirintis	di rintis
tindakannya	tindak an nya
perkaretan	per karet an
keinginan	ke ingin an
diikuti	di ikut i
adat	adat
pedih	pedih
disampaikannya	di sampai kan nya
perantara	perantara
disiapkannya	di siap kan nya
memuja	men puja
penyiapan	pen siap an
iklan	iklan
nonrumah	non rumah
putrinya	putri nya
dinamakan	di nama kan
haman	ham an
ditata	di tata
pudar	pudar
sulut	sulut
ketidakterbukaan	ke tidak terbuka an
rw	rw
memprakirakan	men prakira kan
timbangannya	timbang an nya
dimintai	di minta i
dikendalikan	di kendali kan
akunting	akunting
ditindaklanjuti	di tindaklanjut i
terdapat	ter dapat
intimidasi	intimidasi
metodologi	metodologi
peri	pen ri
didiktekan	di dikte kan
piranti	piranti
gencar	gencar
pendisiplinan	pen disiplin an
diharapkan	di harap kan
waduk	waduk
perdana	perdana
topinya	top i nya
mengolah	men olah
berurutan	ber urut an
organisasinya	organisasi nya
penyuluh	pen suluh
unit	unit
tangisan	tangis an
persamaan	per sama an
sampahnya	sampah nya
amarah	amarah
kisah	kisah
biologi	biologi
bibinya	bibi nya
sebisa	se bisa
arab	arab
rahim	rahim
sepupu	sepupu
menghubungi	men hubung i
menggoreng	men goreng
takhta	takhta
cokelat	cokelat
ditanggungnya	di tanggung nya
peta	peta
melengkapinya	men lengkap i nya
tetangganya	tetangga nya
hancur	hancur
seumpama	se umpama
menyadarkan	men sadar kan
mamalia	mamalia
memotong	men potong
hancurnya	hancur nya
puskesmasnya	puskesmas nya
ketahui	ketahui
pidato	pidato
mencium	men cium
mengetuk	men ketuk
informan	informan
gugur	gugur
pembajakan	pen bajak an
temanku	teman ku
perbuatannya	per buat an nya
apartemen	apartemen
diterangkan	di terang kan
mengagendakan	men agenda kan
mengencangkan	men kencang kan
diindonesiakan	di indonesia kan
sederhanakan	sederhana kan
cukupi	cukup i
signifikan	signifikan
penarik	pen tarik
pembeli	pen beli
kenakan	kena kan
geografisnya	geografis nya
berawak	ber awak
selepas	se lepas
sebanyak	se banyak
meneliti	men teliti
menakjubkan	men takjub kan
pangkuannya	pangku an nya
jarak	jarak
peminjam	pen pinjam
apresiasi	apresiasi
kuterima	ku terima
ciptakan	cipta kan
dilelang	di lelang
krisis	krisis
bersenjata	ber senjata
terlebih	ter lebih
entri	entri
pendorong	pen dorong
demobilisasi	demobilisasi
dikemas	di kemas
percayanya	percaya nya
menanggung	men tanggung
cipta	cipta
didapatkan	di dapat kan
berlumpur	ber lumpur
biologis	biologis
kemungkinan	kemungkinan
pembuktian	pen bukti an
aturannya	atur an nya
mengakibatkan	men akibat kan
tercela	ter cela
terserap	ter serap
melembaga	men lembaga
kosmetik	kosmetik
membangkitkanku	men bangkit kan ku
duduk	duduk
jiwaku	jiwa aku
jerman	jerman
dikeluarkan	di keluar kan
mendata	men data
panen	panen
menyokong	men sokong
banyaknya	banyak nya
dikasih	di kasih
meratanya	men rata nya
ketidakselarasan	ke tidak selaras an
bersekutu	ber sekutu
menurunnya	men turun nya
mengherankan	men heran kan
mendidiknya	men didik nya
serumit	se rumit
penggodokan	pen godok an
pintar	pintar
setujui	setuju i
penangkap	pen tangkap
dibariskan	di baris kan
tercemarnya	ter cemar nya
dikembalikan	di kembali kan
sekunder	sekunder
pelamar	pen lamar
pelayarannya	pen layar an nya
pemiliknya	pen milik nya
imbas	imbas
menancapkan	men tancap kan
bertepuk	ber tepuk
terjalinnya	ter jalin nya
gas	gas
paus	paus
termutakhir	ter mutakhir
debu	debu
bawahannya	bawah an nya
parkir	parkir
terpaksa	ter paksa
dikontrak	di kontrak
ngeri	ngeri
bulan	bulan
tampak	tampak
dimampukan	di mampu kan
pilihnya	pilih nya
menanyakan	men tanya kan
luang	luang
merealokasi	men realokasi
diantisipasi	di antisipasi
prevalensi	prevalensi
penjahat	pen jahat
indikasi	indikasi
membayarkan	men bayar kan
terhubung	ter hubung
prioritas	prioritas
rekannya	rekan nya
didampinginya	di damping i nya
iklannya	iklan nya
memerintah	men perintah
berkelahi	ber kelahi
bahas	bahas
merebut	men rebut
lebaran	lebar an
beratnya	berat nya
mengajaknya	men ajak nya
antarinstansi	antar instansi
kandidat	kandidat
mengembalikan	men kembali kan
perwira	perwira
dibiaya	di biaya
meneguhkan	men teguh kan
pemalsuan	pen palsu an
kesempatannya	kesempatan nya
tumpangan	tumpang an
bervariasinya	ber variasi nya
patroli	patroli
seiman	se iman
rekapitulasi	rekapitulasi
perjanjian	per janji an
akademis	akademis
jendela	jendela
kuncinya	kunci nya
menyeberang	men seberang
percakapan	per cakap an
mempelajari	men pelajar i
penulis	pen tulis
dianutnya	di anut nya
menampik	men tampik
kedelai	kedelai
terbebas	ter bebas
bersabda	ber sabda
pengerasan	pen keras an
operatornya	operator nya
digandakan	di ganda kan
pertaniannya	per tani an nya
mendakwa	men dakwa
dijejali	di jejal i
modul	modul
jerat	jerat
manipulasi	manipulasi
mobilitas	mobilitas
renangnya	renang nya
bermusyawarah	ber musyawarah
mempersatukan	men satu kan
mobilnya	mobil nya
baik	baik
berbeban	ber beban
dimediasi	di mediasi
pemerintahan	pen perintah an
ditambahkan	di tambah kan
keruh	keruh
mempertanggungjawabkan	men tanggungjawab kan
menjuarai	men juara i
pengangsuran	pen angsur an
gemuk	gemuk
pemberkasan	pen berkas an
mengintensifkan	men intensif kan
menggelisahkan	men gelisah kan
dibiayai	di biaya i
talak	talak
elit	elit
terjawab	ter jawab
mengampuni	men ampun i
menerpa	men terpa
tenis	tenis
pemukimannya	pen mukim an nya
fakir	fakir
menempel	men tempel
menghamparkan	men hampar kan
sepak	sepak
memanggil	men panggil
saudaramu	saudara mu
dicengkeram	di cengkeram
mengasumsikan	men asumsi kan
koleksi	koleksi
cadangannya	cadang an nya
dimakamkan	di makam kan
membedakan	men beda kan
pasang	pasang
pemilihannya	pen pilih an nya
lutut	lutut
terjadi	ter jadi
pembuat	pen buat
antardesanya	antar desa nya
dimekarkan	di mekar kan
menjelekkan	men jelek kan
terlipat	ter lipat
disepelekan	di sepele kan
iklim	iklim
pasukannya	pasukan nya
pengukur	pen ukur
mengganggu	men ganggu
mengingatkan	men ingat kan
memudahkan	men mudah kan
dielakkan	di elak kan
punya	punya
mendermakan	men derma kan
diluncurkan	di luncur kan
bergelantungan	ber gelantung an
diumumkan	di umum kan
figurnya	figur nya
tambang	tambang
cakap	cakap
silang	silang
pedesaan	pedesaan
penayangan	pen tayang an
infeksi	infeksi
diyakininya	di yakin i nya
mengimplementasi	men implementasi
lautan	laut an
diajarkan	di ajar kan
bersembunyi	ber sembunyi
kualifikasi	kualifikasi
mencalonkan	men calon kan
mengelabui	men kelabui
harga	harga
disayangkan	di sayang kan
mengarahkan	men arah kan
menginginkanku	men ingin kan ku
melambung	men lambung
memadainya	memadai nya
mula	mula
penggalian	pen gali an
sucikan	suci kan
perijinan	per ijin an
melewatkan	men lewat kan
kandungannya	kandung an nya
dipersulit	di per sulit
perjamuan	per jamu an
terawat	ter rawat
suntik	suntik
ulangan	ulang an
november	november
antarresponden	antar responden
berkunjung	ber kunjung
mencari	men cari
kritikan	kritik an
tuntutannya	tuntut an nya
berlatih	ber latih
menanami	men tanam i
memetakan	men peta kan
ketidakpuasannya	ke tidak puas an nya
gelang	gelang
syaraf	syaraf
anda	anda
bajakan	bajak an
persembahan	per sembah an
minggu	minggu
dilatih	di latih
mengembara	men kembara
komando	komando
ditjen	ditjen
logika	logika
sangsi	sangsi
utamanya	utama nya
karakter	karakteri
dihimbau	di himbau
berhitung	ber hitung
prancis	prancis
bertujuan	ber tuju an
berhiaskan	ber hias kan
sempurna	sempurna
istri	istri
antartempat	antar tempat
dokter	dokter
ternama	ter nama
pembunuh	pen bunuh
investasinya	investasi nya
kuyakini	ku yakin i
bawahnya	bawah nya
kuasa	kuasa
punyai	punya i
puskesmas	puskesmas
agama	agama
penimbunan	pen timbun an
pencatat	pen catat
federal	federal
penderita	pen derita
target	target
acara	acara
bersengketa	ber sengketa
mendisiplinkan	men disiplin kan
otoriter	otoriter
berputus	ber putus
pemutakhirannya	pen mutakhir an nya
tunjangannya	tunjang an nya
butir	butir
merambat	men rambat
pita	pita
didalamnya	di dalam nya
mencapainya	men capai nya
layak	layak
pelempar	pen lempar
dewasanya	dewasa nya
mengintervensi	men intervensi
tenang	tenang
menyalami	men salam i
penurunan	pen turun an
pengajar	pen ajar
pembeliannya	pen beli an nya
nada	nada
terabaikan	ter abai kan
asumsinya	asumsi nya
tahunan	tahun an
dikapalkan	di kapal kan
konsultan	konsultan
perusahaannya	per usaha an nya
rasio	rasio
mengoper	men koper
utuh	utuh
melainkan	men lain kan
mengarsipkan	men arsip kan
menyetir	men setir
pengorbanan	pen korban an
penambak	pen tambak
ganda	ganda
invasi	invasi
memperingatkan	men ingat kan
menjamurnya	men jamur nya
minyak	minyak
keikutsertaan	ke ikutserta an
penelitian	pen teliti an
menirukan	men tiru kan
mengestimasi	men estimasi
tunggangan	tunggang an
disetor	di setor
berpindahnya	ber pindah nya
penjudi	pen judi
pemblokiran	pen blokir an
mudahnya	mudah nya
menggumamkan	men gumam kan
bus	bus
mengizinkan	men izin kan
persen	persen
mencairnya	men cair nya
terkumpul	ter kumpul
pendangkalan	pen dangkal an
menuntut	men tuntut
keturunannya	ke turun an nya
parfum	parfum
salad	salad
pemberi	pen beri
sukses	sukses
rp	rp
diprediksi	di prediksi
bermainnya	ber main nya
putaran	putar an
realitasnya	realitas nya
karun	karun
khawatirkan	khawatir kan
membimbing	men bimbing
proteksi	proteksi
mengharmoniskan	men harmonis kan
penggorengan	pen goreng an
sensitif	sensitif
memaksakan	men paksa kan
penyetoran	pen setor an
mempertanyakan	men tanya kan
makro	makro
penundaan	pen tunda an
terparah	ter parah
dimandatkan	di mandat kan
menjembatani	men jembatan i
menerjemahkan	men terjemah kan
pemukiman	pen mukim an
pengikatan	pen ikat an
gema	gema
potensi	potensi
terkhusus	ter khusus
muslimah	muslimah
sanksi	sanksi
standarisasi	standarisasi
diperintahkan	di perintah kan
murni	murni
menyusut	men susut
nurani	nurani
pengesahan	pen sah an
terbanyak	ter banyak
takuti	takut i
petugas	petugas
subjektivitas	subjektivitas
harian	hari an
memiliki	men milik i
difasilitasi	di fasilitas i
ditambah	di tambah
halus	halus
dibawahinya	di bawah i nya
mencacah	men cacah
hantam	hantam
kepercayaan	ke percaya an
reaktor	reaktor
minggunya	minggu nya
harta	harta
misterius	misterius
inginkan	ingin kan
hal	hal
gengsi	gengsi
diwarisi	di waris i
condong	condong
selektifnya	selektif nya
menghujat	men hujat
bisnisnya	bisnis nya
asian	asian
ambruknya	ambruk nya
penerus	pen terus
dicurahkannya	di curah kan nya
makamnya	makam nya
kupelajari	ku pelajar i
kebun	kebun
pentingnya	penting nya
pamannya	paman nya
penafsiran	pen tafsir an
dibesarkan	di besar kan
pemancing	pen pancing
menggelar	men gelar
merosot	merosot
mencerahkan	men cerah kan
diakumulasikan	di akumulasi kan
leluasa	leluasa
game	game
keikutsertaannya	ke ikutserta an nya
paradigma	paradigma
tuanku	tuan ku
orde	orde
usus	usus
menggeser	men geser
diderita	di derita
perekonomiannya	per ekonomi an nya
pembiayaannya	pen biaya an nya
tuliskan	tulis kan
selamat	selamat
ditumpuk	di tumpuk
piala	piala
memungutnya	men pungut nya
bersihkan	bersih kan
diberlakukan	di ber laku kan
petanya	peta nya
berserah	ber serah
konotasi	konotasi
diperbarui	di per baru i
bergantian	ber ganti an
bertemakan	ber tema kan
berasaskan	ber asas kan
memancarkan	men pancar kan
ditunjukan	di tunjuk an
kambing	kambing
menjawabnya	men jawab nya
cairan	cair an
terpahat	ter pahat
memantau	men pantau
penolongku	pen tolong ku
terpisah	ter pisah
berkilau	ber kilau
tampungnya	tampung nya
bertanah	ber tanah
saringan	saring an
berdatangan	ber datang an
menganan	men kanan
hormat	hormat
lalui	lalu i
memahami	men paham i
tergoda	ter goda
menggariskan	men garis kan
selisih	selisih
digali	di gali
selebar	se lebar
sambungan	sambung an
taati	taat i
tertolong	ter tolong
cerminan	cermin an
dikenang	di kenang
sekuler	sekuler
bajakannya	bajak an nya
merumuskannya	men rumus kan nya
kuotanya	kuota nya
mempergunakan	men guna kan
mengklasifikasi	men klasifikasi
latihannya	latih an nya
tangganya	tangga nya
dikenalnya	di kenal nya
kunyah	kunyah
menerus	men terus
memperkatakan	men kata kan
perancang	pen rancang
rambutmu	rambut mu
mematuhi	men patuh i
dipercayai	di percaya i
beribadah	ber ibadah
selain	se lain
ritel	ritel
islam	islam
kumulatif	kumulatif
umum	umum
pelayanan	pen layan an
aparatur	aparatur
terkendali	ter kendali
riang	riang
mengungsi	men ungsi
diboboli	di bobol i
solusinya	solusi nya
memuat	men muat
mikroskop	mikroskop
sawahnya	sawah nya
mengkonsultasikannya	men konsultasi kan nya
berdasarkan	ber dasar kan
mentri	mentri
mengikatnya	men ikat nya
memuji	men puji
ajaran	ajar an
perahu	perahu
jemput	jemput
departemen	departemen
suasana	suasana
indikatornya	indikator nya
peraga	pen raga
ketetapan	ke tetap an
mengusik	men usik
takaran	takar an
memasang	men pasang
iuran	iuran
penghulu	pen hulu
taktik	taktik
kertas	kertas
menjatahkan	men jatah kan
penuaan	pen tua an
pasangan	pasang an
penggoda	pen goda
keterlibatannya	ke terlibat an nya
mendesaknya	men desak nya
terkubur	ter kubur
mengkreditnya	men kredit nya
promosi	promosi
mengingini	men ingin i
mengeluhkan	men keluh kan
menentang	men tentang
pesaing	pesaing
simpulan	simpul an
dikategorikan	di kategori kan
berbekal	ber bekal
neraca	neraca
stabilitas	stabilitas
produsen	produsen
pinggang	pinggang
coraknya	corak nya
pengasih	pen kasih
bersenjatakan	ber senjata kan
yusuf	yusuf
lengkung	lengkung
memasok	men pasok
longsor	longsor
berobatnya	ber obat nya
tangannya	tangan nya
preminya	premi nya
diperbaharui	di per baharu i
hindari	hindar i
menduduki	men duduk i
diajarnya	di ajar nya
mencampur	men campur
penundukan	pen tunduk an
orang	orang
buta	buta
menimbulkan	men timbul kan
pelarangan	pen larang an
mendewakan	men dewa kan
penjualan	pen jual an
berkebangsaan	ber ke bangsa an
halamannya	halaman nya
perlombaan	per lomba an
bayarkan	bayar kan
diperlihatkan	di per lihat kan
absennya	absen nya
mesir	mesir
dibunuh	di bunuh
perekam	pen rekam
melebihi	men lebih i
jadi	jadi
berurusan	ber urus an
menyebut	men sebut
dikonsultasikan	di konsultasi kan
proporsi	proporsi
diciumnya	di cium nya
semaksimal	se maksimal
penghiburan	pen hibur an
puluhan	puluh an
contohnya	contoh nya
amati	amati
rekapitulasinya	rekapitulasi nya
perusahaan	per usaha an
memperlambat	men lambat
disoroti	di sorot i
penyusunannya	pen susun an nya
disajikan	di saji kan
rokok	rokok
rak	rak
gajian	gaji an
mengingkari	men ingkar i
menghitungnya	men hitung nya
perayaan	pen raya an
luapan	luap an
pihaknya	pihak nya
akar	akar
terintimidasi	ter intimidasi
menyederhanakan	men sederhana kan
geram	geram
memeriksa	men periksa
lahan	lahan
penerimanya	pen terima nya
auditor	auditor
ibunya	ibu nya
usulan	usul an
statusnya	status nya
menyucikan	men suci kan
rasul	rasul
wibawa	wibawa
timah	timah
bungkusnya	bungkus nya
membencinya	men benci nya
rekonsiliasi	rekonsiliasi
dikuatkan	di kuat kan
usia	usia
menimbun	men timbun
mengapit	men apit
renungkan	renung kan
pergelangan	per gelang an
teramati	ter amati
balau	balau
menyetorkan	men setor kan
atraksi	atraksi
pesta	pesta
mengorganisasikan	men organisasi kan
favoritnya	favorit nya
laut	laut
terbaca	ter baca
sosis	sosis
digalakkan	di galak kan
serinci	se rinci
tni	tn i
sesamaku	se sama aku
menyambutku	men sambut ku
bersikap	ber sikap
kabul	kabul
sebangsaku	se bangsa aku
dipersempit	di per sempit
pai	pai
memilikinya	men milik i nya
munculnya	muncul nya
terindikasi	ter indikasi
pertarungan	per tarung an
bersalah	ber salah
daerah	daerah
dermawan	derma wan
ambil	ambil
gigitannya	gigit an nya
pemenang	pen menang
bersantai	ber santai
mempesona	men pesona
penunggak	pen tunggak
lapang	lapang
seriusnya	serius nya
utama	utama
tundukkan	tunduk kan
terjaminnya	ter jamin nya
disusul	di susul
mengimpor	men impor
for	for
penguasa	pen kuasa
amal	amal
relasi	relasi
mapannya	mapan nya
intensitas	intensitas
doakan	doa kan
literatur	literatur
dihadapinya	di hadap i nya
dideskripsikan	di deskripsi kan
mengkoordinasikannya	men koordinasi kan nya
mengentaskan	men entas kan
penyinaran	pen sinar an
berkawan	ber kawan
menghantui	men hantu i
mengakali	men akal i
tajam	tajam
kunjung	kunjung
halaman	halaman
lesunya	lesu nya
diagunkan	di agun kan
menjelaskan	men jelas kan
ismail	ismail
ucapan	ucap an
menjualnya	men jual nya
operasionalnya	operasional nya
mendasar	men dasar
kenangan	kenang an
fasilitatornya	fasilitator nya
sesuainya	sesuai nya
produksi	produksi
terkuras	ter kuras
media	media
keluhan	keluh an
menceritakannya	men cerita kan nya
usulkan	usul kan
kendala	kendala
naik	naik
seumur	se umur
menghimpun	men himpun
bernalar	ber nalar
dipimpin	di pimpin
menempuh	men tempuh
terluas	ter luas
klinik	klinik
semata	se mata
muncul	muncul
konseptual	konseptual
menyimpulkan	men simpul kan
diperlebar	di per lebar
terpandai	ter pandai
dikeluhkan	di keluh kan
gelapnya	gelap nya
belanja	belanja
terompetnya	terompet nya
menunduk	men tunduk
berperkara	ber perkara
pisaunya	pisau nya
kuatir	kuatir
ditunjang	di tunjang
meredam	men redam
antarpemangku	antar pen pangku
penerbangannya	pen terbang an nya
teks	teks
meluruskan	men lurus kan
perkampungan	per kampung an
meninjau	men tinjau
bendahara	bendahara
mendalami	men dalam i
pemikiran	pen pikir an
mentari	mentari
menara	menara
pendanaan	pen dana an
dicukur	di cukur
tempat	tempat
indah	indah
diperolehnya	di peroleh nya
penyiaran	pen siar an
mengenali	men kenal i
dipraktikkan	di praktik kan
kaumnya	kaum nya
membicarakannya	men bicara kan nya
disebarkan	di sebar kan
konsentrasi	konsentrasi
arkeologi	arkeologi
buku	buku
selatan	selatan
rupanya	rupa nya
dituturkan	di tutur kan
salju	salju
penanganan	pen tangan an
membacanya	men baca nya
tembok	tembok
mempersempit	men sempit
jarahan	jarah an
kuliah	kuliah
ilegal	ilegal
memaafkan	men maaf kan
robek	robek
pengendalian	pen kendali an
terjun	terjun
sediakan	sedia kan
sebatas	se batas
pendapatannya	pen dapat an nya
diberkati	di berkat i
karunia	karunia
melintasi	men lintas i
renggang	renggang
diwakilkan	di wakil kan
mewakilkan	men wakil kan
pemberdayaannya	pemberdayaan nya
sulaman	sulam an
dipulau	di pulau
mengkonsolidasikan	men konsolidasi kan
menenangkan	men tenang kan
penetapannya	pen tetap an nya
menggerebek	men gerebek
memilih	men pilih
berhikmat	ber hikmat
solidaritas	solidaritas
intelektual	intelektual
persepsinya	persepsi nya
paket	paket
volumenya	volume nya
sedihnya	sedih nya
kanwil	kanwil
menikahkan	men nikah kan
perpustakaan	perpustakaan
taksiran	taksir an
sabtu	sabtu
mutunya	mutu nya
lokali	lokal i
dilansir	di lansir
elektronik	elektronik
digadai	di gadai
merestui	men restu i
kucingnya	kucing nya
perampokan	pen rampok an
es	es
rawan	rawan
terpaut	ter paut
kenang	kenang
popoknya	popok nya
perputaran	per putar an
datanya	data nya
kuharap	ku harap
membekaskan	men bekas kan
disalahgunakan	di salahguna kan
modifikasi	modifikasi
upacara	upacara
pembangunan	pen bangun an
tugas	tugas
ketidakjelasan	ke tidak jelas an
menyuntikkan	men suntik kan
membahas	men bahas
menengah	men tengah
wajib	wajib
penyelenggara	pen selenggara
pendalaman	pen dalam an
dilatihnya	di latih nya
kredibilitas	kredibilitas
disetujuinya	di setuju i nya
ongkosnya	ongkos nya
buang	buang
tungkunya	tungku nya
berperang	ber perang
kilo	kilo
sudut	sudut
menepi	men tepi
dipermainkan	di per main kan
oknum	oknum
menggunakannya	men guna kan nya
pihak	pihak
keheranan	ke heran an
sepakbola	sepakbola
tumbuh	tumbuh
pengembaraan	pen kembara an
bermacam	ber macam
reputasi	reputasi
bobroknya	bobrok nya
menjaganya	men jaga nya
perenungan	pen renung an
mendatanginya	men datang i nya
permasalahan	per masalah an
prosesnya	proses nya
kisahnya	kisah nya
terakreditasi	ter akreditasi
nonkonsumsi	non konsumsi
menanyai	men tanya i
liar	liar
diraup	di raup
pintas	pintas
pil	pil
pelanggarannya	pen langgar an nya
as	as
persaingannya	per saing an nya
merumuskan	men rumus kan
menyikat	men sikat
dukanya	duka nya
terlontar	ter lontar
makam	makam
menerapkannya	men terap kan nya
penggandaan	pen ganda an
melintas	men lintas
saing	saing
dituntut	di tuntut
ditempelkan	di tempel kan
digeluti	di gelut i
melipatgandakan	men lipatganda kan
dinaikkan	di naik kan
menggerutu	men gerutu
digadaikan	di gadai kan
flint	flint
tebusan	tebus an
berfungsinya	ber fungsi nya
terletak	ter letak
berharganya	ber harga nya
mengasihiku	men kasih i ku
terpelajar	ter pelajar
ijon	ijon
gejala	gejala
ditabrakkan	di tabrak kan
antariksa	antariksa
tertampung	ter tampung
berkomitmen	ber komitmen
omong	omong
dijadwalkan	di jadwal kan
dibuktikan	di bukti kan
bernegara	ber negara
jumpa	jumpa
substansi	substansi
perisai	perisai
mereduksi	men reduksi
mengkhususkan	men khusus kan
pendahuluan	pendahulu an
papan	papan
ditandai	di tanda i
menolongnya	men tolong nya
sarapan	sarapan
terutama	ter utama
gizinya	gizi nya
kolonel	kolonel
diselesaikan	di selesai kan
berperan	ber peran
menggunting	men gunting
taman	taman
gigih	gigih
berkenalan	ber kenal an
taruhan	taruh an
membangun	men bangun
transaksinya	transaksi nya
terjual	ter jual
pestanya	pesta nya
tanganmu	tangan mu
merekrut	men rekrut
berdana	ber dana
lahiran	lahir an
hatiku	hati ku
pakaian	pakai an
penyelang	pen selang
asuh	asuh
pegunungan	pegunungan
membentang	men bentang
menerima	men terima
diagnosanya	nyagnosa nya
menghitung	men hitung
didikan	didik an
menyimpannya	men simpan nya
sedangkan	sedang kan
menundukkan	men tunduk kan
dikirim	di kirim
universitas	universitas
pendaftaran	pen daftar an
profesionalisme	profesionalisme
genetik	genetik
dijabarkan	di jabar kan
tanganku	tangan ku
bawaan	bawa an
vertikal	vertikal
separuhnya	se paruh nya
dibuatnya	di buat nya
hubungi	hubung i
klorofilnya	klorofil nya
licin	licin
berbentuk	ber bentuk
pantai	pantai
pengenalan	pen kenal an
cair	cair
egois	egois
jaraknya	jarak nya
dirawat	di rawat
risikonya	risiko nya
ujung	ujung
mengintegrasikan	men integrasi kan
konteksnya	konteks nya
ejekan	ejek an
satuan	satu an
musuh	musuh
dagangnya	dagang nya
terjembatani	ter jembatan i
perselisihan	per selisih an
perangkap	pen rangkap
moskow	moskow
mengarah	men arah
tunggakannya	tunggak an nya
asuransi	asuransi
tersadar	ter sadar
membutuhkan	men butuh kan
durian	duri an
dipunyai	di punya i
kabarkan	kabar kan
relasinya	relasi nya
tempatnya	tempat nya
menyerupai	men serupa i
dididik	di didik
label	label
insya	insya
menjangkau	men jangkau
semacamnya	se macam nya
konsumen	konsumen
komunitas	komunitas
bis	bis
sintesis	sintesis
mempermasalahkan	men masalah kan
pembalasan	pen balas an
harinya	hari nya
bertunangan	ber tunang an
pimpinan	pimpin an
mulianya	mulia nya
ibarat	ibarat
penyejuk	pen sejuk
penggunaannya	pen guna an nya
instrumen	instrumen
bernapas	ber napas
terpopuler	ter populer
dituakan	di tua kan
pilihannya	pilih an nya
integritasnya	integritas nya
mengesankan	men kesan kan
diperbuat	di per buat
lembah	lembah
divonis	di vonis
lagu	lagu
tukang	tukang
putraku	putra aku
penyempitan	pen sempit an
saluran	salur an
balai	bala i
pengeras	pen keras
meratap	men ratap
dinyanyikan	di nyanyi kan
mengingatkannya	men ingat kan nya
sekayu	se kayu
terjal	terjal
mengemukakan	men kemuka kan
peminat	pen minat
selembar	se lembar
penganggur	pen anggur
dipilah	di pilah
membela	men bela
majelis	majelis
menyaksikannya	men saksi kan nya
pengingat	pen ingat
naikkan	naik kan
migrasi	migrasi
internasional	internasional
bereaksi	ber reaksi
pengajarnya	pen ajar nya
sari	sari
batas	batas
tanggap	tanggap
menyerap	men serap
kuatkan	kuat kan
implementasinya	implementasi nya
ban	ban
pengusaha	pen usaha
cinta	cinta
dicuri	di curi
konsorsium	konsorsium
mengasihinya	men kasih i nya
tertelak	ter telak
tokonya	toko nya
ditinggikan	di tinggi kan
penampungan	pen tampung an
tamu	tamu
rohani	rohani
irak	irak
guntingan	gunting an
pengaman	pen aman
militer	militer
menerangi	men terang i
dipadati	di padat i
pemantauan	pen pantau an
mustahil	mustahil
setingkat	se tingkat
pemainnya	pen main nya
fasilitator	fasilitator
berkompeten	ber kompeten
membodohi	men bodoh i
kekeliruan	ke keliru an
didasarkan	di dasar kan
balon	balon
mengokohkan	men kokoh kan
memotivasi	men motivasi
meneruskannya	men terus kan nya
membuktikannya	men bukti kan nya
koran	koran
sangkakala	sangkakala
menyeluruh	menyeluruh
membusukkan	men busuk kan
balok	balok
roboh	roboh
pucuk	pucuk
tabrakan	tabrak an
mengungkapkannya	men ungkap kan nya
ketidakberhasilan	ke tidak berhasil an
bertengkar	ber tengkar
tamunya	tamu nya
pemandu	pen pandu
menganiaya	men aniaya
martabat	martabat
dagangan	dagang an
memilihkan	men pilih kan
pengambilan	pen ambil an
berangin	ber angin
dimengerti	di mengerti
diairi	di air i
jadwalku	jadwal ku
bertenaga	ber tenaga
ubi	ubi
belah	belah
ditolak	di tolak
jebakan	jebak an
berimplikasi	ber implikasi
hebatnya	hebat nya
toko	toko
ketidaksetujuan	ke tidak setuju an
tersandung	ter sandung
sifat	sifat
menggiatkan	men giat kan
membocorkan	men bocor kan
lubangnya	lubang nya
pergantian	per ganti an
berjiwa	ber jiwa
terberat	ter berat
militan	militan
hatinya	hati nya
langit	langit
memilihnya	men pilih nya
mengalahkan	men kalah kan
nonfisik	non fisik
pohon	pohon
direka	di reka
aneh	aneh
goyang	goyang
merepresentasi	men representasi
surabaya	surabaya
detak	detak
penyesalan	pen sesal an
mengingatnya	men ingat nya
berfirman	ber firman
diberitakannya	di berita kan nya
langkanya	langka nya
terealisasi	ter realisasi
sebutan	sebut an
dipukuli	di pukul i
maraknya	marak nya
seramai	se ramai
menipis	men tipis
nasional	nasional
menghayati	men hayat i
pengepungan	pen kepung an
terlatih	ter latih
berjanji	ber janji
satker	satker
fosil	fosil
penentuannya	pen tentu an nya
survey	survey
otak	otak
tertipu	ter tipu
didapat	di dapat
dijahitkan	di jahit kan
mini	min i
pengering	pen kering
pemaksaan	pen paksa an
tenaga	tenaga
cukur	cukur
paham	paham
pelaksanaan	pen laksana an
berendam	ber rendam
pisang	pisang
memperjelas	men jelas
mainan	main an
wawasan	wawasan
komplek	komplek
menuruni	men turun i
audit	audit
antarkuota	antar kuota
memberdayakan	men ber daya kan
kluster	kluster
mempublikasikan	men publikasi kan
menyasar	men sasar
balistik	balistik
abdikan	abdi kan
berprestasi	ber prestasi
regenerasi	regenerasi
luwes	luwes
bolos	bolos
membenahi	men benah i
melarang	men larang
perimbangan	per imbang an
menghentikan	men henti kan
budaknya	budak nya
kalender	kalender
analis	analis
konsepnya	konsep nya
kerumunan	kerumun an
ngengat	ngengat
diusahakannya	di usaha kan nya
dicoba	di coba
menyelubungi	men selubung i
urutan	urut an
administrasinya	administrasi nya
mengulangnya	men ulang nya
dikritik	di kritik
mengenakannya	men kena kan nya
dipinjami	di pinjam i
ulama	ulama
menitipkan	men titip kan
ditanggung	di tanggung
dibina	di bina
fasilitasnya	fasilitas nya
terpercaya	ter percaya
penampilannya	pen tampil an nya
mencabutnya	men cabut nya
saraf	saraf
lolos	lolos
antarrumah	antar rumah
evaluasinya	evaluasi nya
mengorbankan	men korban kan
tambah	tambah
terguncangkan	ter guncang kan
jijik	jijik
ucapkan	ucap kan
ditangani	di tangan i
pemerintahnya	pen perintah nya
kumpulan	kumpul an
kiamat	kiamat
disita	di sita
himbauan	himbau an
penjatahan	pen jatah an
terdengar	ter dengar
dikuasai	di kuasa i
sesali	sesal i
didanai	di dana i
penanam	pen tanam
burung	burung
bagian	bagi an
kompleks	kompleks
diyakinkan	di yakin kan
kolom	kolom
bapamu	bapa mu
ketuanya	ketua nya
mediasi	mediasi
mengaktifkannya	men aktif kan nya
bicarakan	bicara kan
pernyataan	per nyata an
dimungkinkan	dimungkinkan
kelahiran	ke lahir an
ditransaksikan	di transaksi kan
pencapaian	pen capai an
zakat	zakat
mengisolasi	men isolasi
konflik	konflik
ras	ras
melengkapi	men lengkap i
berkulit	ber kulit
imigran	imigran
lusinan	lusin an
rasuli	rasul i
terlembagakan	ter lembaga kan
kehadiran	ke hadir an
dirumahkan	di rumah kan
berterimakasih	ber terimakasih
memprioritaskan	men prioritas kan
prasangka	prasangka
kembalikan	kembali kan
tunggu	tunggu
dibentuknya	di bentuk nya
otomotif	otomotif
menghantam	men hantam
asli	asli
carinya	cari nya
ceroboh	ceroboh
memutar	men putar
konsistennya	konsisten nya
keluarga	keluarga
diprakarsai	di prakarsa i
takutnya	takut nya
lokal	lokal
kualitas	kualitas
maret	maret
alternatif	alternatif
ajarannya	ajar an nya
diestimasi	di estimasi
opini	opini
penanda	pen tanda
lantainya	lantai nya
menambah	men tambah
berkesimpulan	ber ke simpul an
disetujui	di setuju i
diakibatkannya	di akibat kan nya
irlandia	irlandia
dibayarkan	di bayar kan
toleransi	toleransi
motivasi	motivasi
esensi	esens i
pemilik	pen milik
berupa	ber rupa
korupsi	korupsi
mengirimkannya	men kirim kan nya
berwarna	ber warna
mencurangi	men curang i
mainnya	main nya
menggantikannya	men ganti kan nya
olahan	olah an
kami	kami
aturan	atur an
membesar	men besar
pemetikan	pen petik an
penjualannya	pen jual an nya
berorientasi	ber orientasi
memberi	men beri
nyawa	nyawa
menyelenggarakannya	men selenggara kan nya
gerutuan	gerutu an
menangi	menang i
bersifat	ber sifat
peternakannya	peternakan nya
didapati	di dapat i
motif	motif
sedih	sedih
peminjamannya	pen pinjam an nya
pembaruannya	pen baru an nya
terpancar	ter pancar
mengikrarkan	men ikrar kan
busuk	busuk
pencair	pen cair
tuanmu	tuan mu
binasa	binasa
pernafasan	per nafas an
menunjuknya	men tunjuk nya
melaksanakan	men laksana kan
pertanyaannya	per tanya an nya
telur	telur
melewatinya	men lewat i nya
berorganisasi	ber organisasi
trendi	trend i
bising	bising
cela	cela
dampingan	damping an
lintasan	lintas an
dicari	di cari
perburuhan	per buruh an
bi	bi
mengurus	men urus
sanggup	sanggup
mengatasinya	men atas i nya
istrinya	istri nya
mempertegas	men tegas
putusan	putus an
memperdalam	men dalam
dikaruniakan	di karunia kan
dolar	dolar
terorisme	terorisme
layaknya	layak nya
menyusahkan	men susah kan
petinggi	petinggi
terkoyak	ter koyak
membiayai	men biaya i
menangkal	men tangkal
penghubung	pen hubung
persentase	persentase
akhirnya	akhir nya
terdekat	ter dekat
bayar	bayar
teriakku	teriak ku
menjejali	men jejal i
merobohkan	men roboh kan
antarkepala	antar kepala
dokumenter	dokumenter
pertentangan	per tentang an
berlalunya	ber lalu nya
terangmu	terang mu
pejabat	pejabat
memberantas	men berantas
menjatuhi	men jatuh i
warganegara	warganegara
gaya	gaya
esa	esa
melantik	men lantik
membimbingnya	men bimbing nya
menembakkan	men tembak kan
menduga	men duga
tangguh	tangguh
orangtuaku	orangtua aku
lelang	lelang
bersasaran	ber sasar an
berkonsentrasi	ber konsentrasi
diharapkannya	di harap kan nya
lagunya	lagu nya
muslim	muslim
disiplin	disiplin
paskah	paskah
dijaga	di jaga
memajang	men pajang
pembenahan	pen benah an
penggunaan	pen guna an
pemeran	pen peran
penggugah	pen gugah
asal	asal
berjauhan	ber jauh an
set	set
balasan	balas an
dimeriahkan	di meriah kan
tersegmentasi	ter segmentasi
dilaksanakannya	di laksana kan nya
tumbuhan	tumbuh an
gilirannya	gilir an nya
rupa	rupa
memikirkannya	men pikir kan nya
terjadinya	ter jadi nya
favorit	favorit
padinya	padi nya
dilantunkannya	di lantun kan nya
ditabungkan	di tabung kan
harapannya	harap an nya
enaknya	enak nya
bunganya	bunga nya
jubahnya	jubah nya
dikonfirmasi	di konfirmasi
setir	setir
menyelesaikannya	men selesai kan nya
pendapatan	pen dapat an
menggulingkan	men guling kan
terendah	ter rendah
mencermati	men cermat i
membobol	men bobol
yupiter	yupiter
dibutuhkan	di butuh kan
penyusunan	pen susun an
terbelakang	ter belakang
menjatuhkan	men jatuh kan
tersinggung	ter singgung
kaca	kaca
lucunya	lucu nya
menginginkan	men ingin kan
memanah	men panah
ditangkap	di tangkap
tani	tani
alfabet	alfabet
agung	agung
ketidakpedulian	ke tidak peduli an
menjauhi	men jauh i
didedikasikan	di dedikasi kan
dikesampingkan	di kesamping kan
rehabilitasinya	rehabilitasi nya
kronis	kronis
perlawanan	per lawan an
mengenang	men kenang
dilantunkan	di lantun kan
kerabat	kerabat
minumannya	minum an nya
batu	batu
beradu	ber adu
tulus	tulus
kantor	kantor
mempunyai	men punya i
dikhawatirkannya	di khawatir kan nya
biaya	biaya
pemdanya	pemda nya
ditayangkan	di tayang kan
mengajarnya	men ajar nya
menghemat	men hemat
menyanyi	men nyanyi
sindikat	sindikat
ajaib	ajaib
perhatian	per hati an
kirinya	kiri nya
asam	asam
hasratnya	hasrat nya
diremajakan	di remaja kan
menyemburkan	men sembur kan
mencarikan	men cari kan
transaksi	transaksi
tangkap	tangkap
terpuruknya	ter puruk nya
utusannya	utus an nya
terurai	ter urai
kualifikasinya	kualifikasi nya
subur	subur
transformasi	transformasi
bertanya	ber tanya
melupakannya	men lupa kan nya
tangani	tangan i
urusan	urus an
berpulang	ber pulang
menganyam	men anyam
penggenapan	pen genap an
pertanggungan	per tanggung an
yatim	yatim
meninjunya	men tinju nya
belakangku	belakang ku
kuatirmu	kuatir mu
terdukung	ter dukung
kapasitas	kapasitas
tenteram	tenteram
biasa	biasa
permasalahannya	per masalah an nya
cuaca	cuaca
menghantarkan	men hantar kan
dihubungkan	di hubung kan
ibukota	ibukota
bervariasi	ber variasi
pabrikan	pabrik an
diakhiri	di akhir i
jatah	jatah
mengubahkan	men ubah kan
mengefisienkan	men efisien kan
satkernya	satker nya
waris	waris
bentuknya	bentuk nya
harumnya	harum nya
tabungannya	tabung an nya
didekatnya	di dekat nya
berfungsi	ber fungsi
inflasi	inflasi
sebal	sebal
nonperdagangan	non per dagang an
asteroid	asteroid
sepatu	sepatu
ratusan	ratus an
pematang	pen matang
dimakannya	di makan nya
konsumsinya	konsumsi nya
pembidiknya	pen bidik nya
surat	surat
biografi	biografi
tagih	tagih
mungil	mungil
membantunya	men bantu nya
berencana	ber rencana
diasingkan	di asing kan
mengingat	men ingat
berteriak	ber teriak
bersahabat	ber sahabat
meter	meter
sidang	sidang
dipinjam	di pinjam
terakhirnya	ter akhir nya
rasial	rasial
personal	personal
berdusta	ber dusta
bermigrasi	ber migrasi
tinjauan	tinjau an
penginjilannya	pen injil an nya
demokrasi	demokrasi
prospek	prospek
mual	mual
lokasi	lokasi
pembahasan	pen bahas an
mengetahuinya	men ketahui nya
kerangka	kerangka
gangguan	ganggu an
mendorongnya	men dorong nya
mempublikasikannya	men publikasi kan nya
arahnya	arah nya
internalnya	internal nya
semangnya	semang nya
emas	emas
membujuknya	men bujuk nya
penganggaran	pen anggar an
dipikat	di pikat
astronom	astronom
mei	mei
serakah	serakah
melantunkan	men lantun kan
siaran	siar an
sangka	sangka
demo	demo
norwegia	norwegia
tengah	tengah
direkapitulasi	di rekapitulasi
anggaran	anggar an
berpenampilan	ber pen tampil an
renovasi	renovasi
kapital	kapital
pala	pala
penggarap	pen garap
penerjemah	pen terjemah
tanahnya	tanah nya
diperparah	di per parah
rindu	rindu
berdampak	ber dampak
mengesampingkan	men kesamping kan
dipinjamkan	di pinjam kan
dikekang	di kekang
kehendak	kehendak
jubah	jubah
mengungguli	men unggul i
aktivitasnya	aktivitas nya
akurat	akurat
layanan	layan an
pemantauannya	pen pantau an nya
melekat	men lekat
surga	surga
upaya	upaya
monitornya	monitor nya
mendengarnya	men dengar nya
antarpemerintahan	antar pen perintah an
mengajukannya	men aju kan nya
penggugat	pen gugat
ingatannya	ingat an nya
tongkat	tongkat
tetapnya	tetap nya
grup	grup
pemboman	pen bom an
usang	usang
apik	apik
tari	tari
rantai	rantai
pertanahan	per tanah an
dicanangkan	di canang kan
teknik	teknik
dikagumi	di kagum i
penyelesaiannya	pen selesai an nya
memimpikan	men mimpi kan
diperbolehkan	di per boleh kan
dilanjutkannya	di lanjut kan nya
keguguran	ke gugur an
noninfrastruktur	non infrastruktur
muda	muda
penjembatanan	pen jembatan an
jasanya	jasa nya
salinan	salin an
komprehensif	komprehensif
tetapkan	tetap kan
tunduk	tunduk
pelabuhan	pen labuh an
diplomatik	diplomatik
diraihnya	di raih nya
penggelapan	pen gelap an
diperberat	di per berat
antardusun	antar dusun
kulalui	ku lalu i
perangnya	perang nya
upahan	upah an
arti	arti
kasih	kasih
penyempurnaan	pen sempurna an
korupsinya	korupsi nya
realisasinya	realisasi nya
mendaftarkan	men daftar kan
meletakkannya	men letak kan nya
menggelapkan	men gelap kan
menggagalkan	men gagal kan
institusinya	institusi nya
tubuhmu	tubuh mu
tesisnya	tesis nya
hutang	hutang
mengutamakan	men utama kan
pembatas	pen batas
menjahit	men jahit
melanjutkan	men lanjut kan
dirampok	di rampok
senior	senior
menabrak	men tabrak
rahmat	rahmat
ramah	ramah
terlintas	ter lintas
perpindahan	per pindah an
aktor	aktor
jajaran	jajar an
pembedaan	pen beda an
bertingkah	ber tingkah
pasangannya	pasang an nya
nonanggota	non anggota
pinggiran	pinggir an
berantai	ber rantai
divalidasi	di validasi
karpet	karpet
penopang	pen topang
menggoda	men goda
identitasnya	identitas nya
menunggunya	men tunggu nya
mencermatinya	men cermat i nya
menkeu	menkeu
mereformasi	men reformasi
ruangan	ruang an
juruselamatku	juruselamat ku
norma	norma
angin	angin
teraman	ter aman
menyegarkan	men segar kan
serumah	se rumah
pemotongan	pen potong an
mendadak	mendadak
membalikkannya	men balik kan nya
bulu	bulu
penghalang	pen halang
persemaian	per semai an
interupsi	interupsi
pahamnya	paham nya
peneguhan	pen teguh an
pendarahan	pen darah an
menampung	men tampung
unik	unik
mempersoalkannya	men soal kan nya
berkesudahan	ber ke sudah an
menjadwal	men jadwal
mengucapkannya	men ucap kan nya
diimplementasikan	di implementasi kan
pendapat	pen dapat
sukunya	suku nya
tersebarnya	ter sebar nya
membanjiri	men banjir i
memasarkan	men pasar kan
pengunjung	pen kunjung
dibebankan	di beban kan
berkelanjutan	ber ke lanjut an
uu	uu
kostum	kostum
dijumlahkan	di jumlah kan
terumbu	terumbu
disingkapkan	di singkap kan
tereliminasi	ter eliminasi
menargetkan	men target kan
mengagumi	men kagum i
klien	klien
pewawancara	pen wawancara
penulisannya	pen tulis an nya
menginvestasikannya	men investasi kan nya
dugaan	duga an
menguburkan	men kubur kan
sedekah	sedekah
teritorial	teritorial
maksimalnya	maksimal nya
tersendat	tersendat
penolakan	pen tolak an
konservasi	konservasi
merusakkannya	men rusak kan nya
tangan	tangan
luas	luas
komposisi	komposisi
radius	radius
potong	potong
lindung	lindung
mengupayakan	men upaya kan
penyulingan	pen suling an
institusi	institusi
lokalnya	lokal nya
melatih	men latih
mengelilingi	men keliling i
harun	harun
jenderal	jenderal
menyalahgunakan	men salahguna kan
menggulirkan	men gulir kan
dibohongi	di bohong i
menyelidiki	men selidik i
hafalan	hafal an
terendam	ter rendam
tujuannya	tuju an nya
silahkan	silahkan
menyiratkan	men sirat kan
penjajahan	pen jajah an
pembahas	pen bahas
terinspirasi	ter inspirasi
menaruhnya	men taruh nya
dibutakan	di buta kan
pegawai	pegawai
setulusnya	se tulus nya
tewasnya	tewas nya
memanggilnya	men panggil nya
menyiarkannya	men siar kan nya
komoditi	komoditi
depanmu	depan mu
bersaat	ber saat
lontarkan	lontar kan
debiturnya	debitur nya
perdagangannya	per dagang an nya
menangkap	men tangkap
noda	noda
masuk	masuk
menumpasnya	men tumpas nya
perumpamaannya	per umpama an nya
biola	biola
antarnegara	antar negara
menggali	men gali
luntur	luntur
maksud	maksud
majikannya	majikan nya
ringkasannya	ringkas an nya
tempel	tempel
cd	cd
afiliasi	afiliasi
terangkum	ter rangkum
payahmu	payah mu
komponennya	komponen nya
tertutupi	ter tutup i
lapangan	lapang an
mengeluh	men keluh
mengulas	men ulas
pakunya	paku nya
penulisan	pen tulis an
tagihan	tagih an
pengendali	pen kendali
situasi	situasi
pagar	pagar
jaksa	jaksa
bermunculan	ber muncul an
dipahaminya	di paham i nya
marjinal	marjinal
mil	mil
aduk	aduk
pemecatan	pen pecat an
bercerita	ber cerita
memediasi	men mediasi
pembebanan	pen beban an
menyembunyikan	men sembunyi kan
menahun	men tahun
administratif	administratif
terpintar	ter pintar
ditetapkannya	di tetap kan nya
beranggapan	ber anggap an
memperbaharui	men baharu i
dikonversi	di konversi
dimensi	dimensi
awal	awal
menyedot	men sedot
susunan	susun an
penindakan	pen tindak an
berlawanan	ber lawan an
melindungi	men lindung i
seluas	se luas
penyiarnya	pen siar nya
ditiadakan	di tiada kan
bubur	bubur
terdistribusikan	ter distribusi kan
ditemani	di teman i
bapanya	bapa nya
teladanku	teladan ku
pembagian	pen bagi an
