klanglich	klang lich
priesterlich	priester lich
ureinwohnerin	ureinwohner in
vollziehbar	vollziehen bar
stammkundin	stammkunde in
ostkirchlich	ostkirche lich
kunstturnerin	kunstturnen er in
hauswirtschaftlich	hauswirt schaft lich
wissenschaftsjournalistin	wissenschaftsjournal ist in
treuherzigkeit	treuherz ig keit
anspielbar	anspielen bar
staatsunabhängigkeit	staatsunabhängig keit
vollstrecker	vollstrecken er
marter	marte er
wissenschaftspolitiker	wissenschaftspolitik er
museumschefin	museumschef in
baumartig	baumart ig
unverantwortlich	un verantworten lich
betriebsärztlich	betriebsarzt lich
hauptkassiererin	hauptkassierer in
studienleiterin	studienleiter in
metin	mete in
bergbaulich	bergbau lich
anmaßung	anmaßen ung
eitelkeit	eitel keit
selbstgenügsamkeit	selbstgenügsam keit
sachlich	sache lich
aktivistin	akt iv ist in
theorielos	theorie los
waldig	wald ig
chemielehrerin	chemielehrer in
gemeindepastorin	gemeindepastor in
abonnentin	abonnent in
vorleser	vorlesen er
erleichterung	erleichtern ung
volksheldin	volksheld in
wiederbeschaffung	wiederbeschaffen ung
unveränderlichkeit	un verändern lich keit
pantöffelchen	pantoffel chen
vernehmlich	vernehmen lich
burgunder	burgunde er
antriebslos	antrieb los
landessprachlich	landessprache lich
preiswürdigkeit	preiswürdig keit
tagungsleiterin	tagungsleiter in
riegelsberger	riegelsberg er
stimmbildnerin	stimmbildner in
hauptverbrecher	hauptverbrechen er
pier	pia er
nebenamtlich	nebenamt lich
selbstbetrüger	selbstbetrug er
pharmareferentin	pharmareferent in
missionarin	missionar in
marktgängigkeit	marktgängig keit
unterschiedslos	unterschied los
gärtnerin	gärtner in
rachsüchtig	rachsucht ig
kriminalpolizeilich	kriminalpolizei lich
filmkritiker	filmkritik er
wirtschaftspolitiker	wirtschaftspolitik er
kennzeichnung	kennzeichnen ung
abnabelung	abnabeln ung
mitinhaberin	mitinhaber in
zentrierung	zentrieren ung
mülheimer	mülheim er
mechanikerin	mechanik er in
restaurierung	restaurieren ung
projektleiterin	projektleiter in
jenaer	jena er
großbanker	großbank er
teemeisterin	teemeister in
beaufsichtigung	be aufsicht ung
erlegung	erlegen ung
stimmlich	stimmen lich
blankenburger	blankenburg er
anlagerung	anlagern ung
schachspieler	schachspielen er
verkantung	verkanten ung
projektmitarbeiterin	projektmitarbeiter in
heilung	heilen ung
eigenartig	eigenart ig
taschenbüchlein	taschenbuch lein
irrlehrer	irrlehre er
modezeichnerin	modezeichner in
neurologin	neurologe in
zusammenhangslos	zusammenhang los
nacheiferung	nacheifern ung
sandkörner	sandkorn er
konturlos	kontur los
verwaltungsgerichtlich	verwaltungsgericht lich
frühaufsteherin	frühaufstehen er in
königsmacherin	königsmacher in
orientalin	orientale in
bestürzung	bestürzen ung
paraphrasierung	paraphrase ier ung
medizinerin	medizin er in
naturkundlich	naturkunde lich
übersiedlerin	übersiedeln er in
argentinier	argentine ien er
pflegerin	pflegen er in
wiederverheiratung	wiederverheiraten ung
sonderlich	sondern lich
germain	germa in
raumplanerin	raumplan er in
planung	planen ung
fußballanhänger	fußballanhang er
kupferstecherin	kupferstecher in
stufig	stufe ig
hastig	hast ig
begründungspflichtig	begründungspflicht ig
verwendbarkeit	verwendbar keit
beschaffung	beschaffen ung
abschürfung	abschürfen ung
kleinstaatlichkeit	kleinstaat lich keit
arrondierung	arrondieren ung
menschheitlich	menschheit lich
verminung	verminen ung
kurfürstin	kurfürst in
sowjetbotschafter	sowjetbotschaft er
genießbarkeit	genießen bar keit
rüdesheimer	rüdesheim er
sexualstraftäter	sexualstraftat er
verlustig	verlust ig
widerstandskämpferin	widerstandskampf er in
ratlos	rate los
nachempfindung	nachempfinden ung
sonderschullehrerin	sonderschullehrer in
heilerziehungspflegerin	heilerziehungspflege er in
nachwuchswissenschaftlerin	nachwuchswissenschaftler in
burgschauspielerin	burgschauspieler in
zukunftsträchtigkeit	zukunftsträchtig keit
ausländerfeindlichkeit	ausländerfeind lich keit
ohrenzeugin	ohrenzeuge in
jazzsängerin	jazzsänger in
feldspieler	feldspiel er
naturschiefer	naturschiefe er
anforderung	anfordern ung
sozialpsychologin	sozialpsychologe in
eisläuferin	eislaufen in
kreuzigen	kreuz ig
konstanzer	konstanze er
gesellschaftsrechtlich	gesellschaftsrecht lich
landwirtschaftsexpertin	landwirtschaftsexperte in
schränkchen	schrank chen
querdenkerin	querdenken er in
undurchsichtigkeit	un durchsicht ig keit
plieninger	plieningen er
rodlerin	rod ler in
berufsschüler	berufsschule er
leidenschaftlichkeit	leiden schaft lich keit
schattenkönigin	schattenkönig in
europaministerin	europaminister in
autokäufer	autokauf er
zeitungsausträger	zeitungsaustragen er
ideologiekritiker	ideologiekritik er
veröffentlichung	ver öffentlich ung
erbeutung	er beuten ung
falschparker	falschparken er
baustatiker	baustatik er
lebenstüchtigkeit	lebenstüchtig keit
erledigung	erledigen ung
herzförmig	herzform ig
haarschneider	haarschneiden er
frontkämpfer	frontkampf er
koalitionsfähigkeit	koalitionsfähig keit
domstädterin	domstadt er in
opportunistin	opportun ist in
mietrechtlich	mietrecht lich
seehofer	seehof er
gruftig	gruft ig
unangreifbarkeit	un angreifen bar keit
lichtdurchlässigkeit	lichtdurchlässig keit
beiwohnung	beiwohnen ung
belieferung	beliefern ung
umbuchung	um buch ung
anstaltsleiterin	anstaltsleiter in
orchestermusiker	orchestermusik er
oberkonservatorin	oberkonservator in
aufführung	aufführen ung
aufsichtsrechtlich	aufsichtsrecht lich
anprangerung	anprangern ung
autobahnbauer	autobahnbau er
unduldsamkeit	un dulden sam keit
aussiedelung	aussiedeln ung
taschendiebin	taschendieb in
deutschlehrerin	deutschlehrer in
reinier	reina er
rechtlichkeit	recht lich keit
gewalttäter	gewalttat er
kulturamtsleiterin	kulturamtsleiter in
doktorandin	doktorand in
projektteilnehmerin	projektteilnehmer in
abenteuerlich	abenteuer lich
einbildung	ein bild ung
raumplaner	raumplan er
westöstlicher	westöstlich e n er
widerstandsfähigkeit	widerstandsfähig keit
luftigkeit	luftig keit
medienwissenschaftlich	medienwissenschaft lich
jähzornig	jähzorn ig
bildner	bilden er
abtrennung	abtrennen ung
betonhäuschen	betonhaus chen
verbandssprecherin	verbandssprecher in
schulin	schule in
münchenerin	münchen er in
frühgeschichtlich	frühgeschichte lich
grünlich	grün e lich
unehelichkeit	un ehe lich keit
schwerverbrecher	schwerverbrechen er
nachdenklichkeit	nachdenken lich keit
baltin	balte in
furchtbarkeit	furchtbar keit
pelzträgerin	pelzträger in
staatsbanker	staatsbank er
verbrecherin	verbrechen in
einheitlichkeit	einheit lich keit
lösbarkeit	lösen bar keit
stopfer	stopfen er
dorin	dore in
zinslos	zins los
ordnung	ordnen ung
abberufung	abberufen ung
leistungslos	leistung los
entdeckerin	entdecken er in
einbrecher	einbrechen er
nordöstlich	nordost lich
beobachtung	beobachten ung
postgewerkschafter	postgewerkschaft er
segelflieger	segelfliegen er
wertung	werten ung
prozeßrechtlich	prozeßrecht lich
parteispender	parteispende er
theaterpädagogin	theaterpädagoge in
profifußballer	profifußball er
rollstuhlfahrerin	rollstuhlfahren er in
viehhauser	viehhausen er
kommentarlos	kommentar los
elternvertreterin	elternvertreter in
mehrung	mehren ung
sündig	sünde ig
umschaltung	umschalten ung
einträchtigkeit	eintracht ig keit
starkenburger	starkenburg er
beschlußfähigkeit	beschlußfähig keit
kunstkritikerin	kunstkritik er in
menschenrechtlich	menschenrecht lich
arbeitsschützer	arbeitsschutz er
einzelgänger	einzelgang er
nationalstürmerin	nationalstürmer in
bundessprecherin	bundessprecher in
tüchtigkeit	tüchtig keit
schankwirtin	schankwirt in
pförtnerhäuschen	pförtnerhaus chen
kunstglaser	kunstglas er
einrechnung	einrechnen ung
krippenbauer	krippenbau er
erhärtung	erhärten ung
geschäftsfähigkeit	geschäftsfähig keit
vererbung	ver erbe ung
kirchenmusiker	kirchenmusik er
finder	finden er
eigenstaatlichkeit	eigenstaatlich keit
vorreiterin	vorreiten in
pärchen	paaren chen
flüssigkeit	flüssig keit
menschenfreundlichkeit	menschenfreund lich keit
ermächtigung	ermächtigen ung
heppenheimer	heppenheim er
ansässigkeit	ansässig keit
anlegerschützer	anlegerschutz er
wahnsinnig	wahnsinn ig
kritikerin	kritik er in
steinbrunner	steinbrunnen er
konzeptlos	konzept los
investmentbanker	investmentbank er
fischfarmer	fischfarm er
krebsanfälligkeit	krebsanfällig keit
wiederverwendbarkeit	wiederverwenden bar keit
rahmig	rahm ig
melker	melken er
freisinnig	freisinn ig
planer	planen er
inbrünstig	inbrunst ig
seniorchefin	seniorchef in
pausbäckig	pausback ig
genüßlich	genuß lich
hofmusiker	hofmusik er
spätmittelalterlich	spätmittelalter lich
genehmigung	genehmigen ung
verschonung	verschonen ung
grazer	graz er
jugendhilfeplaner	jugendhilfeplan er
rachedurstig	rachedurst ig
wolfsburgerin	wolfsburg er in
glücksburger	glücksburg er
unanstößig	un anstoß ig
waldecker	waldecke er
prorektorin	prorektor in
dreibeinig	dreibein ig
feinsinnig	feinsinn ig
keyboardspieler	keyboardspiel er
spitzenpolitiker	spitzenpolitik er
verwirrung	ver wirre ung
bedingung	bedingen ung
leonberger	leonberg er
klotzig	klotzen ig
widerrufung	widerrufen ung
ultragiftig	ultragift ig
europaschüler	europaschule er
beibehaltung	beibehalten ung
hingerichteter	hingerichtet e n er
handlungsunfähigkeit	handlungsunfähig keit
kriminaltechniker	kriminaltechnik er
familienähnlichkeit	familienähnlich keit
bundesjustizministerin	bundesjustizminister in
bühnenmusiker	bühnenmusik er
geistesarbeiter	geistesarbeit er
jazztrompeter	jazztrompete er
schleusung	schleusen ung
alternativlos	alternative los
lebensabschnittspartnerin	lebensabschnittspartner in
aufwendig	aufwenden ig
europafreundlich	europafreund lich
unerklärlich	un erklären lich
medizinethiker	medizinethik er
lärmgutachter	lärmgutachten er
frauensteiner	frauenstein er
ascher	asche er
roßberger	roßberg er
schmierigkeit	schmieren e ig keit
zitherspieler	zitherspiel er
gräfin	gräf in
ausnahmeathletin	ausnahmeathlet in
fraglos	fragen e los
wirtschaftsreformer	wirtschaftsreform er
deutschlandkorrespondentin	deutschlandkorrespondent in
humanistin	human ist in
wimbledonsieger	wimbledonsieg er
höherwertigkeit	höherwertig keit
belegbar	belegen bar
bildungsplaner	bildungsplan er
etablierung	etablieren ung
erstattung	erstatten ung
landeskundlich	landeskunde lich
freiheitskämpfer	freiheitskampf er
wirtin	wirt in
versöhnung	versöhnen ung
soner	son er
vergeistigung	ver geist ig ung
vatermörder	vatermord er
frevler	freveln er
statistin	statisch ist in
isolierung	isolieren ung
genehmigungsrechtlich	genehmigungsrecht lich
städtebaulich	städtebau lich
erzieherin	erziehen er in
emotionslos	emotion los
aufstockung	aufstocken ung
langzeitig	langzeit ig
grausig	grausen ig
jagdschlößchen	jagdschloß chen
seiler	seil er
tropenmedizinerin	tropenmedizin er in
fiatfahrerin	fiatfahrer in
torsteherin	torsteher in
wartung	warten ung
wichtig	wicht ig
schlagkräftig	schlagkraft ig
superstürmer	supersturm er
benützung	benützen ung
reederin	reede er in
müller	mull er
betriebstechniker	betriebstechnik er
frauenlos	frau los
reiselustig	reiselust ig
aktenköfferchen	aktenkoffer chen
lichtpünktchen	lichtpunkt chen
wiedererkennbar	wiedererkennen bar
abnutzung	ab nutz ung
einzelunternehmer	einzelunternehmen er
seitlich	seite lich
breitenbrunner	breitenbrunn er
entvölkerung	entvölkern ung
wiederverwertung	wiederverwerten ung
flügelspielerin	flügelspiel er in
lehramtlich	lehramt lich
filmheldin	filmheld in
reisefreudigkeit	reisefreude ig keit
gelnhausener	gelnhausen er
todeskandidatin	todeskandidat in
mathematikprofessorin	mathematikprofessor in
selbsternennung	selbsternennen ung
veranschaulichung	ver anschauen lich ung
gewerkschaftsfeindlichkeit	gewerkschaftsfeindlich keit
vordringlichkeit	vordringen lich keit
kreisstädtchen	kreisstadt chen
eigenmächtigkeit	eigenmacht ig keit
individualisierung	individualisieren ung
neubrandenburger	neubrandenburg er
beispielslos	beispielen los
tütchen	tute chen
beruflich	beruf lich
kenianerin	kenia aner in
einschnürung	einschnüren ung
thematisierung	thema atisch isier ung
regensburger	regensburg er
achtung	achten ung
luftdurchlässigkeit	luftdurchlässig keit
bulgarin	bulgare in
zukunftsplaner	zukunftsplan er
formierung	form ier ung
jünger	junge er
überbewertung	überbewerten ung
schräubchen	schrauben e chen
irmin	irme in
plappermäulchen	plappermaul chen
obstpflücker	obstpflücken er
resozialisierung	resozialisieren ung
bietigheimer	bietigheim er
serienmörder	serienmord er
anzeiger	anzeigen er
kränzchen	kranz chen
höflichkeit	hof lich keit
programmierbar	programm ier bar
informationsministerin	informationsminister in
valer	val er
umschichtig	umschichten ig
fingerfertigkeit	fingerfertig keit
radfreundlich	radfreund lich
bedeutsamkeit	bedeuten sam keit
säuberung	säubern ung
kaiserlos	kaiser los
theoriegeschichtlich	theoriegeschichte lich
kampfrichterin	kampfrichter in
einzelsiegerin	einzelsieg er in
beschreibbar	beschreiben bar
aktionsfähigkeit	aktionsfähig keit
goldkörnchen	goldkorn chen
einschmelzung	einschmelzen ung
rüstungsabhängigkeit	rüstungsabhängig keit
studienabsolventin	studienabsolvent in
vierteilung	vierteilen ung
kamerunerin	kamerun er in
unternehmungslustig	unternehmungslust ig
überformung	über form ung
erschöpfung	erschöpfen ung
vegetationslos	vegetation los
umweltingenieurin	umweltingenieur in
weggeher	weggehen er
landschaftsplaner	landschaftsplan er
akademikerin	akademiker in
verhandlungsunfähigkeit	verhandlungsunfähig keit
berghöfer	berghof er
graubärtig	graubart ig
entlastungszeugin	entlastungszeuge in
kassenführerin	kassenführer in
betriebsamkeit	betriebsam keit
bäuchlein	bauch lein
veränderlich	verändern lich
atmung	atmen ung
samtig	samt ig
beeinflussung	beeinflussen ung
englischlehrerin	englischlehrer in
fokussierung	fokus ier ung
schieber	schieben er
erwägung	erwägen ung
rummelsberger	rummelsberg er
weiterdichtung	weiterdichten ung
verehrer	verehren er
modellflieger	modellfliegen er
polospieler	polospiel er
hohepriesterin	hohepriester in
belebung	beleben ung
unsinnig	unsinn ig
empörer	empören er
mittelmäßig	mittelmaß ig
stressig	stressen ig
gefälligkeit	gefälle ig keit
sprachlehrer	sprachlehre er
diskussionsrednerin	diskussionsredner in
entlausung	entlausen ung
gefühlsseligkeit	gefühlsselig keit
deponierung	deponie ier ung
rechtspfleger	rechtspflege er
üppigkeit	üppig keit
sonderberichterstatterin	sonderberichterstatter in
schneckenhäuschen	schneckenhaus chen
kriegsberichter	kriegsbericht er
abschaffung	abschaffen ung
schlichterin	schlichten er in
abkürzung	abkürzen ung
wärter	warten er
vegetarierin	vegetarier in
traurigkeit	traurig keit
stadtverträglichkeit	stadtverträglich keit
geistigkeit	geist ig keit
schinkenbrötchen	schinkenbrot chen
volkswirtin	volkswirt in
echolos	echo los
medizinprofessorin	medizinprofessor in
felsig	felsen ig
graphiker	graphik er
nominierung	nominieren ung
büchermacher	büchermachen er
lichtfleckchen	lichtfleck chen
schönfärber	schönfärben er
familienfreundlich	familienfreund lich
rechtsanwaltsgehilfin	rechtsanwaltsgehilfe in
wundertäter	wundertat er
griesgrämig	griesgram ig
filmpartnerin	filmpartner in
stadtbesucher	stadtbesuch er
aufnahmeleiterin	aufnahmeleiter in
verteilerin	verteilen er in
literaturredakteurin	literaturredakteur in
hundeführerin	hundeführer in
liederbüchlein	liederbuch lein
erbringung	erbringen ung
fürstlichkeit	fürst lich keit
enthüller	enthüllen er
volkskammerpräsidentin	volkskammerpräsident in
versteigern	ver steige er
fachwissenschaftlich	fachwissen schaft lich
senkung	senken ung
hauptschuldig	hauptschuld ig
ladenburger	ladenburg er
entkrampfung	entkrampfen ung
textildesignerin	textildesign er in
ungelenkigkeit	un gelenk ig keit
sortierung	sortieren ung
strafbarkeit	strafen bar keit
neugieriger	neugierige n er
verbannung	ver bann ung
cutterin	cutter in
wiedereinweihung	wiedereinweihen ung
violinspieler	violinspiel er
cellistin	cellist in
unfallgegnerin	unfallgegner in
zimmergenossin	zimmergenosse in
erkrankung	erkranken ung
verrichtung	verrichten ung
nutznießerin	nutznießer in
nikotinabhängigkeit	nikotinabhängig keit
stetig	stet e ig
südthüringer	südthüringen er
geschäftigkeit	geschäftig keit
wettbewerbsteilnehmerin	wettbewerbsteilnehmer in
evakuierung	evakuieren ung
kenner	kennen er
sozialisierung	sozial isier ung
wohltäter	wohltat er
makellos	makel los
punker	punk er
fischerdörfchen	fischerdorf chen
filmhochschüler	filmhochschule er
unterminierung	unterminieren ung
anbindung	anbinden ung
süchtig	sucht ig
hochheimer	hochheim er
stiernackig	stiernacken ig
eisschnelläufer	eisschnellaufen er
fachhochschulprofessorin	fachhochschulprofessor in
unausführbar	un ausführen bar
unterbringung	unterbringen ung
mannheimerin	mannheim er in
streitlustig	streitlust ig
schwellenlos	schwelle los
urgemütlich	ur gemüt lich
klausenburger	klausenburg er
hauser	hausen er
bearbeiter	bearbeiten er
überzahlung	über zahl ung
lähmung	lähmen ung
beschützerin	beschützen er in
ferienhäuschen	ferienhaus chen
wirtschaftskorrespondentin	wirtschaftskorrespondent in
vollstreckerin	vollstrecken er in
beheizung	beheizen ung
garstigkeit	garstig keit
weinseligkeit	weinselig keit
überschneidung	überschneiden ung
verkehrswissenschaftlich	verkehrswissenschaft lich
kaiserlich	kaiser lich
unleserlich	un lese er lich
liechtensteiner	liechtenstein er
unterbindung	unterbinden ung
bilanzierung	bilanz ier ung
weichlich	weich lich
gelsenkirchener	gelsenkirchen er
rauschgiftabhängigkeit	rauschgiftabhängig keit
decodierung	decodieren ung
fellbacher	fellbach er
schriftführerin	schriftführer in
flugtauglichkeit	flugtauglich keit
diplomökonomin	diplomökonom in
rosenzüchter	rosenzucht er
tröstlich	trost lich
ausmusterung	aus muster ung
zusicherung	zusichern ung
bundesgrenzschützer	bundesgrenzschutz er
drogenberaterin	drogenberater in
caritasdirektorin	caritasdirektor in
fängerin	fangen in
gesellschaftswissenschaftlerin	gesellschaftswissenschaft ler in
bauingenieurin	bauingenieur in
bürogehilfin	bürogehilfe in
rechtswissenschaftlich	rechtswissenschaft lich
rechtsgeschäftlich	rechtsgeschäft lich
tokioer	tokio er
stadträumlich	stadtraum lich
militärmusiker	militärmusik er
macher	machen er
stahlunternehmer	stahlunternehmen er
aufseherin	aufsehen in
raubkopierer	raubkopieren er
ausländerbehördlich	ausländerbehörde lich
erbvertraglich	erbvertrag lich
wehrfähigkeit	wehrfähig keit
kirchenpolitiker	kirchenpolitik er
pflaumenbäumchen	pflaumenbaum chen
mathematiker	mathematik er
pfleglich	pflegen lich
beurkundung	beurkunden ung
pilsner	pilsen er
urnengänger	urnengang er
geheimhaltungsbedürftigkeit	geheimhaltungsbedürftig keit
werblich	werben lich
oldenburger	oldenburg er
äthiopier	äthiopien er
ausrufer	ausrufen er
scheuringer	scheuring er
suchtabhängigkeit	suchtabhängig keit
entwässerung	entwässern ung
farbenstädter	farbenstadt er
leidensfähigkeit	leidensfähig keit
erblindung	er blind ung
volksfestbesucher	volksfestbesuch er
briefeschreiber	briefeschreiben er
kundenfänger	kundenfang er
düsterkeit	düster keit
argentinierin	argentine ien er in
kellnerin	kellner in
streichhölzchen	streichholz chen
mystiker	mystik er
umschreibung	umschreiben ung
fabrikarbeiter	fabrikarbeit er
petermännchen	petermann chen
puppenspielerin	puppenspielen er in
johannstädter	johannstadt er
stelzenläufer	stelzenlaufen er
sänger	sang er
artin	arte in
auflockerung	auflockern ung
doppelgängerin	doppelgänger in
goldwäscher	goldwaschen er
verblüffung	verblüffen ung
nachfüllung	nachfüllen ung
vervielfältigung	vervielfältigen ung
gesellschaftsfähigkeit	gesellschaftsfähig keit
schuldrechtlich	schuldrecht lich
beschränkung	beschränken ung
verfolger	verfolgen er
ergebung	ergeben ung
sammelbändchen	sammelband chen
karlsruherin	karlsruhe er in
landeshauptstädter	landeshauptstadt er
gesangspädagogin	gesangspädagoge in
lockung	locken ung
gottesauer	gottesaue er
rückfälligkeit	rückfall ig keit
rüstigkeit	rüstig keit
gewerberechtlich	gewerberecht lich
brüchigkeit	brüchig keit
siebdrucker	siebdruck er
verhandlungsfähigkeit	verhandlungsfähig keit
schleimig	schleimen ig
bühler	buhl er
einfärbung	einfärben ung
sulzbacher	sulzbach er
überehrgeizig	über ehrgeiz ig
studentensprecherin	studentensprecher in
naturlyriker	naturlyrik er
nachrichter	nachricht er
ärgerlich	ärger lich
parteigenossin	parteigenosse in
fischverkäuferin	fischverkäufer in
kirchenlehrer	kirchenlehre er
zivilkläger	zivilklage er
soziologin	soziologe in
nachbarbauer	nachbarbau er
massenmörder	massenmorden er
bundesligaspielerin	bundesligaspiel er in
verbreitung	ver breit ung
ruppigkeit	ruppig keit
todessehnsüchtig	todessehnsucht ig
osnabrückerin	osnabrück er in
untersagung	untersagen ung
medienpolitiker	medienpolitik er
regisseurin	regisseur in
ortsvorsteherin	ortsvorsteher in
empfehlung	empfehlen ung
berufsrechtlich	berufsrecht lich
programmdirektorin	programmdirektor in
gastschülerin	gastschüler in
knaller	knallen er
heßlein	heß lein
millionenerbin	millionenerbe in
entwürdigung	entwürdigen ung
sumpfig	sumpf ig
terroristin	terror ist in
ulmerin	ulme er in
altlandsberger	altlandsberg er
rechtshänderin	rechtshänder in
aller	allen er
adelberger	adelberg er
allmächtigkeit	allmacht ig keit
archäologin	archäologe in
gegenüberstellung	gegenüberstellen ung
unverträglichkeit	unverträglich keit
benachrichtigung	benachrichtigen ung
exportabhängigkeit	exportabhängig keit
fernzündung	fernzünden ung
bürgerlich	bürgen lich
andienung	andienen ung
gebräuchlich	gebrauch lich
fachkundig	fachkunde ig
karriereberaterin	karriereberater in
vollautomatisierung	vollautomat isch isier ung
psychiaterin	psychiater in
waldschlößchen	waldschloß chen
aussteuerung	aussteuern ung
wettbewerbsfähigkeit	wettbewerbsfähig keit
weitervermietung	weitervermieten ung
mündigkeit	mündig keit
gesprächsunfähigkeit	gesprächsunfähig keit
staatsanwaltschaftlich	staatsanwalt schaft lich
personalleiterin	personalleiter in
untertreibung	untertreiben ung
kapitalisierung	kapitale isier ung
siegener	siegen er
kümmeltürkin	kümmeltürke in
griechin	grieche in
oehler	oehl er
gesundheitlich	gesund heit lich
mittlerin	mittler e in
vorsätzlich	vorsatz lich
vernachlässigen	ver nachlassen ig
überfällig	überfall ig
mordverdächtig	mordverdacht ig
wattig	watte ig
nationalspielerin	nationalspiel er in
dichterin	dichten er in
unwirklich	un wirken lich
volkstänzer	volkstanzen er
unterspülung	unterspülen ung
befürwortung	befürworten ung
verführerin	verführen er in
hingebung	hingeben ung
ungenießbarkeit	un genießen bar keit
mercedesfahrerin	mercedesfahrer in
einigkeit	eine ig keit
undurchdringlichkeit	undurchdringlich keit
maintaler	maintal er
galopper	galopp er
weltpolizeilich	weltpolizei lich
übersäuerung	übersäuern ung
bräunlich	bräunen lich
umwelttechniker	umwelttechnik er
stifter	stiften er
dealerin	dealen in
freiburger	freiburg er
arbeitersportlerin	arbeitersport ler in
entmachtung	entmachten ung
einheitlich	einheit lich
rapsanbauer	rapsanbau er
biophysikerin	biophysik er in
quarter	quarte er
bratschistin	bratsche ist in
rosenberger	rosenberg er
einquartierung	ein quartier ung
schahin	schah in
polizeischüler	polizeischule er
mündchen	mund chen
unbeugsamkeit	unbeugsam keit
städterin	stadt er in
reisepartnerin	reisepartner in
gutgläubigkeit	gutgläubig keit
sorger	sorge er
bewußtlos	bewußte los
klinker	klinke er
parteipräsidentin	parteipräsident in
skandinavier	skandinavien er
sprechbar	sprechen bar
tranig	tran ig
mehrheitseignerin	mehrheitseigner in
brennbar	brennen bar
ausführung	ausführen ung
kaffeetrinker	kaffeetrinken er
oberassistentin	oberassistent in
domin	dom in
unnatürlichkeit	un natürlich keit
austreibung	austreiben ung
verderberin	ver derb er in
mitteltaler	mitteltal er
zugführerin	zugführer in
rollenspieler	rollenspiel er
kocher	kochen er
allgemeinmedizinerin	allgemeinmedizin er in
überbelegung	über beleg ung
schicksalslos	schicksal los
verzögerung	verzögern ung
geltung	gelten ung
zerrung	zerren ung
erfüllbar	erfüllen bar
deuter	deuten er
schwertkämpfer	schwertkampf er
freidemokratin	freidemokrat in
benotung	benoten ung
säuerlichkeit	säuern lich keit
vergoldung	ver gold ung
minimierung	minimieren ung
verkaufsleiterin	verkaufsleiter in
straßenverkäufer	straßenverkauf er
skifahrer	skifahren er
sandberger	sandberg er
holzung	holzen ung
wasserkocher	wasserkochen er
inhaltlich	inhalt lich
pflanzung	pflanzen ung
museumsbesucher	museumsbesuch er
zweihunderter	zweihundert er
seifer	seife er
innergesellschaftlich	inner gesellschaft lich
dazugehörig	dazugehören ig
dieter	dieten er
einweihung	einweihen ung
hallenberger	hallenberg er
zivilisationskritiker	zivilisationskritik er
prunksüchtig	prunksucht ig
schalung	schalen ung
tröster	trost er
kalkulierbar	kalkulieren bar
verkehrsmediziner	verkehrsmedizin er
umfassung	umfassen ung
ordensgründerin	ordensgründer in
kurier	kuri er
renier	renie er
anhänger	anhängen er
unerläßlichkeit	unerläßlich keit
verzeihung	verzeihen ung
klassenlos	klass los
elektroingenieurin	elektroingenieur in
quantenphysiker	quantenphysik er
emsigkeit	emsig keit
treiber	treiben er
tablettenabhängigkeit	tablettenabhängig keit
lohnbuchhalterin	lohnbuchhalter in
unmenschlichkeit	unmensch lich keit
weitschweifigkeit	weitschweifig keit
stopfung	stopfen ung
wirtschaftswunderlich	wirtschaftswunder lich
lätzchen	latz chen
familienpfleger	familienpflege er
abstufung	abstufen ung
grasberger	grasberg er
dillenburger	dillenburg er
gründungsgesellschafter	gründungsgesellschaft er
zimperlichkeit	zimperlich keit
unterzeichnung	unterzeichnen ung
gedankenlos	gedanke los
meierhofer	meierhof er
pariserin	paris er in
hundezüchter	hundezucht er
serienmörderin	serienmord er in
blumenfreundin	blumenfreund in
vertreter	vertreten er
versteifung	ver steif ung
parteiarbeiter	parteiarbeit er
eigenwillig	eigenwille ig
pfarrvikarin	pfarrvikar in
dachauer	dachau er
umsichtigkeit	umsicht ig keit
hessin	hesse in
leichtgewichtig	leichtgewichten ig
ausrichterin	ausrichten er in
uneinsichtig	un einsicht ig
überbringer	über bring er
kirchenbauer	kirchenbau er
levin	lev in
kreuzigung	kreuz ig ung
überbeschäftigung	überbeschäftigen ung
hochstädter	hochstadt er
mägdlein	magd lein
lockenköpfchen	lockenkopf chen
überschreitung	überschreiten ung
voranmeldung	voranmelden ung
umfänglich	umfang lich
computertechniker	computertechnik er
ausbildungslos	ausbilden ung los
bluter	bluten er
wetzlarer	wetzlar er
forstarbeiter	forstarbeit er
parteigängerin	parteigänger in
umweltfreundlich	umweltfreund lich
hobbygärtnerin	hobbygärtner in
rollbar	rollen bar
seminaristin	seminar ist in
beschwörer	beschwören er
unzählig	unzahl ig
rollkunstläuferin	rollkunstlaufen er in
bratwürstchen	bratwurst chen
günzburger	günzburg er
bekehrung	bekehren ung
täuscher	tausch er
belgier	belgien er
krankenpflegeschülerin	krankenpflegeschule er in
spötter	spotten er
schmiedeberger	schmiedeberg er
einförmigkeit	einförmig keit
institutionalisierung	institutionalisieren ung
verweisung	verweisen ung
indoktrinierung	indoktrinieren ung
demaskierung	demaskieren ung
gastrednerin	gastredner in
umstrukturierung	umstrukturieren ung
privatfunker	privatfunk er
selbstdarstellerin	selbstdarsteller in
leckermäulchen	leckermaul chen
weinberghäuschen	weinberghaus chen
wahlmünchnerin	wahlmünchner in
viertplazierter	viertplazierte n er
waldschützer	waldschutz er
motorradfahrer	motorradfahren er
rathauschefin	rathauschef in
rabin	rabe in
zugängig	zugang ig
maschinenführerin	maschinenführer in
prognostiker	prognostik er
wissenschaftlich	wissenschaft lich
spießbürgerlichkeit	spießbürger lich keit
berufskundlich	berufskunde lich
fotografin	fotograf in
sultanin	sultan in
anerkennung	anerkennen ung
stadionbesucher	stadionbesuch er
kinderpfleger	kinderpflege er
beistellung	beistellen ung
medienforscherin	medienforscher in
freizeitspieler	freizeitspiel er
aufklärung	aufklären ung
vermeidlich	vermeiden lich
eiskunstläuferin	eiskunstlaufen er in
südwürttemberger	südwürttemberg er
kulturkritikerin	kulturkritik er in
forster	forst er
hetzer	hetze er
bogenförmig	bogenform ig
bewachung	bewachen ung
befürchtung	befürchten ung
überflutung	über flut ung
naturforscherin	naturforscher in
ionenaustauscher	ionenaustausch er
kurzfassung	kurzfassen ung
freudenberger	freudenberg er
wiederaufstellung	wiederaufstellen ung
handhabbar	handhaben bar
schwarzafrikanerin	schwarzafrika aner in
polizeilich	polizei lich
nachfolgekandidatin	nachfolgekandidat in
umschichtung	umschichten ung
verweiblichen	ver weib lich
naturfreundlich	naturfreund lich
lästerlich	laster lich
schulpsychologin	schulpsychologe in
arbeitsrechtlich	arbeitsrecht lich
plätzchen	platz chen
weltmarktfähigkeit	weltmarktfähig keit
überlebensnotwendigkeit	über lebensnotwendig keit
jurysprecherin	jurysprecher in
heimarbeiter	heimarbeit er
straffälligkeit	straffall ig keit
eheberaterin	eheberater in
normalisierung	norm al isier ung
degradierung	degradieren ung
diskutierbar	diskutieren bar
zürcherin	zürcher in
texanerin	texaner in
vertragsbrüchig	vertragsbruch ig
aufrechterhaltung	aufrechterhalten ung
verstaatlichung	ver staat lich ung
parteipolitikerin	parteipolitik er in
mündung	münden ung
augenfälligkeit	augenfällig keit
kirchenrechtlich	kirchenrecht lich
heilslehrer	heilslehre er
vaterlos	vater los
verbindungslos	verbinden ung los
überanpassung	überanpassen ung
ausmalung	ausmalen ung
stabilisierung	stabile isier ung
großspurigkeit	großspurig keit
grimassenschneider	grimassenschneiden er
armlos	arm e los
umpflanzung	umpflanzen ung
ratgeberin	ratgeber in
elektrohandwerker	elektrohandwerk er
frankfurter	frankfurt er
oberschülerin	oberschule er in
verklärung	verklären ung
gemeindearbeiter	gemeindearbeit er
töter	tote er
mainburger	mainburg er
zerteilung	zer teilen ung
überhebung	überheben ung
staffelung	staffeln ung
heroin	hero in
überforderung	überfordern ung
dampfer	dampfen er
kunstflieger	kunstfliegen er
vorankündigung	vorankündigen ung
theaterbesucher	theaterbesuch er
schnapsbrenner	schnapsbrennen er
nutzbar	nutzen bar
verschreibungspflichtig	verschreibungspflicht ig
walter	walt er
kommunikationsunfähigkeit	kommunikationsunfähig keit
landgänger	landgang er
streitberger	streitberg er
entsiegelung	entsiegeln ung
offiziersschüler	offiziersschule er
unbewohnbar	un bewohnen bar
umweltschädlichkeit	umweltschädlich keit
nachzieher	nachziehen er
torontoer	toronto er
kettung	ketten ung
untersuchungsleiterin	untersuchungsleiter in
übersinnlich	über sinn lich
botschafter	botschaft er
mitwisserin	mitwissen er in
lyrikbändchen	lyrikband chen
innerörtlich	innerort lich
spaltung	spalten ung
aufrührer	aufrühren er
zweisprachigkeit	zweisprachig keit
diffamierung	diffamieren ung
arbeitswissenschaftlich	arbeitswissenschaft lich
streitigkeit	streiten ig keit
ausartung	aus arten ung
justizpolitiker	justizpolitik er
wandelbar	wandeln bar
klötzchen	klotz chen
sprachheillehrerin	sprachheillehrer in
radioempfänger	radioempfang er
sternberger	sternberg er
pädagogikprofessorin	pädagogikprofessor in
fremdrassig	fremdrasse ig
schändlichkeit	schänden lich keit
skilangläufer	skilanglauf er
verdummung	ver dumm ung
hoffnungsvoller	hoffnungsvollen er
lackierer	lack ier er
bronzemedaillengewinnerin	bronzemedaillengewinner in
kuwaiter	kuwait er
verteidigungsplaner	verteidigungsplan er
münchener	münchen er
europapokalsieger	europapokalsieg er
klarsichtig	klarsicht ig
verweltlichen	ver welt lich
verzichtbar	verzichten bar
spaziergängerin	spaziergang er in
fraktionskollegin	fraktionskollege in
folgsamkeit	folgen sam keit
nasser	nasse er
nellinger	nellingen er
einbettung	einbetten ung
artikelschreiber	artikelschreiben er
manager	managen er
sibirier	sibirien er
artikulationsfähigkeit	artikulationsfähig keit
kunstsammlerin	kunstsammler in
schmerzlos	schmerz los
einigungsfähigkeit	einigungsfähig keit
heftchen	heft chen
seelenlos	seele los
muttersöhnchen	muttersohn chen
reformfreudig	reformfreude ig
eichung	eichen ung
landtagskollegin	landtagskollege in
ottobrunner	ottobrunn er
späher	spähen er
skrupellos	skrupel los
löckchen	locke chen
geldsäckchen	geldsack chen
basketballspieler	basketballspielen er
verbilligung	ver billig ung
doppelweltmeisterin	doppelweltmeister in
brunnenhäuschen	brunnenhaus chen
überprüfung	überprüfen ung
vorbehaltslos	vorbehalt los
ärmellos	ärmel los
einwilligung	einwilligen ung
hoffärtig	hoffart ig
senatsplaner	senatsplan er
minderung	mindern ung
verteidigerin	verteidigen er in
kulturhistoriker	kulturhistorik er
zukunftsfähigkeit	zukunftsfähig keit
rockmusiker	rockmusik er
korbacher	korbach er
plochinger	plochingen er
landespfleger	landespflege er
stumpfsinnig	stumpfsinn ig
straßenbaulich	straßenbau lich
zauberstäbchen	zauberstab chen
landesplaner	landesplan er
standesamtlich	standesamt lich
moder	mod er
spannung	spannen ung
glücksschweinchen	glücksschwein chen
mitarbeitervertreterin	mitarbeitervertreter in
finalgegnerin	finalgegner in
verschiebung	verschieben ung
kuschelig	kuscheln ig
verschreibung	verschreiben ung
weißrussin	weißrusse in
abstimmung	abstimmen ung
parteikollegin	parteikollege in
anständigkeit	anständig keit
fahrkartenverkäuferin	fahrkartenverkauf er in
aushebung	ausheben ung
miesmacher	miesmachen er
filderstädter	filderstadt er
generalisierung	generalisieren ung
schornsteinfeger	schornsteinfegen er
charakterschauspielerin	charakterschauspieler in
ernährer	ernähren er
frauenfreundlich	frauenfreund lich
alphastrahler	alphastrahl er
nordwestlich	nordwest lich
preisdrücker	preisdruck er
neidlos	neiden los
herzlich	herz lich
wahlbeobachterin	wahlbeobachter in
unwillig	unwille ig
nebendarstellerin	nebendarsteller in
entlarvung	entlarven ung
kleinmütig	kleinmut ig
baumgartner	baumgarten er
anheuerung	anheuern ung
erzwingung	erzwingen ung
anhängerin	anhängen er in
achtbar	achten bar
realschullehrerin	realschullehrer in
kanzlerin	kanzler in
krachig	krachen ig
voraussichtlich	voraussicht lich
kommissionssprecherin	kommissionssprecher in
strahlenforscherin	strahlenforscher in
heidin	heide in
schifferstädter	schifferstadt er
nachtschränkchen	nachtschrank chen
erbauer	erbauen er
herforderin	herford er in
selbstorganisierung	selbstorganisieren ung
winzigkeit	winzig keit
firmengründerin	firmengründer in
bürgerfreundlich	bürgerfreund lich
verkuppelung	verkuppeln ung
berichterstatterin	berichterstatten er in
hörfunkjournalistin	hörfunkjournalist in
schönberger	schönberg er
durchtrennung	durchtrennen ung
weltmeisterlich	weltmeister lich
bootfahrer	bootfahren er
erwerber	erwerben er
regreßpflichtig	regreßpflicht ig
pharmazeutin	pharmazeut in
willenlos	wille los
spitzenspieler	spitzenspiel er
sparer	spar er
lebendspender	lebendspende er
theatergeschichtlich	theatergeschichte lich
einsendung	einsenden ung
transportunfähigkeit	transportunfähig keit
rechtgläubigkeit	rechtgläubig keit
umweltrechtlich	umweltrecht lich
teepflanzer	teepflanze er
störung	stören ung
garnisonsstädtchen	garnisonsstadt chen
kriegsfähigkeit	kriegsfähig keit
giftmörder	giftmord er
berufsgerichtlich	berufsgericht lich
automobilwerker	automobilwerk er
ausführbar	ausführen bar
hauptberuflich	hauptberuf lich
heilsberger	heilsberg er
drachenflieger	drachenfliegen er
schauberger	schauberg er
untätig	untat ig
klagbar	klagen bar
spüler	spülen er
geschichtslehrerin	geschichtslehrer in
juristin	jura ist in
teeverkäufer	teeverkauf er
erhöhung	erhöhen ung
klosterschülerin	klosterschule er in
poetin	poet in
schriftstellerin	schriftstelle er in
seelentröster	seelentrost er
späterer	späteren er
arbeitssenatorin	arbeitssenator in
bluttäter	bluttat er
anschaffung	anschaffen ung
näherin	nähen e er in
friedrichshafener	friedrichshafen er
hauptbuchhalterin	hauptbuchhalter in
auskühlung	aus kühl ung
bestechung	bestechen ung
kriminalpsychologin	kriminalpsychologe in
beleuchtung	beleuchten ung
einmütig	einmut ig
behaglichkeit	behagen lich keit
kölner	köln er
mainstädter	mainstadt er
beyer	bey er
wohnungseigentümer	wohnungseigentum er
gefügigkeit	ge fuge keit
erfassung	erfassen ung
zeugungsfähigkeit	zeugungsfähig keit
individualistin	individualist in
hochverräter	hochverrat er
homosexuellenfeindlichkeit	homosexuellenfeindlich keit
verweltlichung	ver welt lich ung
industriestädtchen	industriestadt chen
zollrechtlich	zollrecht lich
versicherungsunternehmer	versicherungsunternehmen er
verzeihlich	verzeihen lich
wahlbetrüger	wahlbetrug er
erschließung	erschließen ung
wahrhaftig	wahrhafte ig
obermeisterin	obermeister in
steuerlich	steuer lich
theatermacherin	theatermachen er in
einzelbetrieblich	einzelbetrieb lich
verräterin	verraten er in
theaterspieler	theaterspielen er
wertberichtigung	wertberichtigen ung
rezitatorin	rezitator in
vereinsfreundlich	vereinsfreund lich
vervollkommnung	vervollkommnen ung
unvorstellbar	un vorstellen bar
vermittelbar	vermitteln bar
erhaltung	erhalten ung
erörterung	erörtern ung
kulturanthropologin	kulturanthropologe in
grundstücksbesitzer	grundstücksbesitz er
weberin	web er in
hausväterlich	hausvater lich
schwerin	schwer e in
verdaulich	verdauen lich
rufmörder	rufmord er
landsmannschaftlich	landsmann schaft lich
zukunftslos	zukunft los
vernetzer	ver netz er
inselurlauber	inselurlaub er
einhebung	einheben ung
gehörlos	gehören los
gesamtheitlich	gesamt heit lich
hoffnungslos	hoffnung los
glaslos	glas los
schlachtenbummlerin	schlachtenbummler in
palästinenserin	palästinenser in
stadtratskandidatin	stadtratskandidat in
politikwissenschaftlerin	politikwissenschaft ler in
popularisierung	popular isier ung
kanzlerberaterin	kanzlerberater in
verheißung	ver heiß e ung
zuschüttung	zuschütten ung
ringerin	ringen er in
nichtskönner	nichtskönnen er
arbeitsmedizinerin	arbeitsmedizin er in
zwischenzeitig	zwischenzeit ig
behaglich	behagen lich
veterinärmediziner	veterinärmedizin er
laienmusiker	laienmusik er
übermenschlich	übermensch lich
unbillig	unbill ig
legalisierung	legale isier ung
vertretbar	vertreten bar
sennerin	sennen in
liebeslustig	liebeslust ig
überleiter	überleiten er
tarifrechtlich	tarifrecht lich
landwirtschaftlich	landwirt schaft lich
unverletzlich	un verletzen lich
abmachung	abmachen ung
vergegenwärtigen	ver gegenwart ig
korruptionsverdächtig	korruptionsverdacht ig
pianistin	pianist in
versachlichen	ver sache lich
mitteleuropäerin	mitteleuropäer in
grafikdesignerin	grafikdesign er in
rektorin	rektor in
gliederung	gliedern ung
entfernung	entfernen ung
anwenderfreundlichkeit	anwenderfreundlich keit
abschweifung	abschweifen ung
leidenschaftlich	leiden schaft lich
dienstunfähigkeit	dienstunfähig keit
erstürmung	erstürmen ung
berufspolitiker	berufspolitik er
kalkig	kalken ig
weltfußballer	weltfußball er
bewertung	bewerten ung
aufbietung	aufbieten ung
rechtskräftigkeit	rechtskraft ig keit
stadtbewohnerin	stadtbewohner in
segler	segeln er
containerfrachter	containerfracht er
kranbauer	kranbau er
wellenreiter	wellenreiten er
verpressung	verpressen ung
strafrechtlich	strafrecht lich
winterlich	winter lich
brötchen	brot chen
spülung	spülen ung
ostholsteiner	ostholstein er
jain	ja in
kunstgewerblich	kunstgewerbe lich
naturnotwendigkeit	naturnotwendig keit
gynäkologin	gynäkologe in
tagelöhner	tagelohn er
begehung	begehen ung
militärtransporter	militärtransport er
amateurfußballer	amateurfußball er
autotester	autotest er
sozialministerin	sozialminister in
vertauschung	vertauschen ung
harfenspielerin	harfenspiel er in
jasager	jasagen er
regieassistentin	regieassistent in
ungenießbar	un genießen bar
kragenlos	kragen los
gesellschaftskritiker	gesellschaftskritik er
rationierung	ration ier ung
weinig	wein ig
elektromechaniker	elektromechanik er
steuerungsfähigkeit	steuerungsfähig keit
bordellbesitzerin	bordellbesitzer in
vernetzung	ver netz ung
ignorantin	ignorant in
verbraucherfreundlichkeit	verbraucherfreundlich keit
abgeltung	abgelten ung
stattlich	statt lich
räumlichkeit	räumen lich keit
totschlägerin	totschlagen in
handelsschüler	handelsschule er
dienstpflichtig	dienstpflicht ig
kinderfreundlichkeit	kinderfreund lich keit
spezialistin	spezial ist in
glücksspieler	glücksspiel er
armbruster	armbrust er
hauptkritiker	hauptkritik er
seuchenrechtlich	seuchenrecht lich
humanwissenschaftlich	humanwissenschaft lich
briefeschreiberin	briefeschreiben er in
medienarbeiter	medienarbeit er
unbelehrbar	un belehren bar
verbesserung	verbessern ung
belastungsfähigkeit	belastungsfähig keit
maschinenarbeiter	maschinenarbeit er
fröhlichkeit	fröhlich keit
großzügigkeit	großzügig keit
einzeller	einzelle er
dressurreiter	dressurreiten er
auswegslos	ausweg los
scheckbetrüger	scheckbetrug er
stellenlos	stellen e los
minchen	min chen
rieger	riege er
preisbindung	preisbinden ung
unbegreiflich	un begreifen lich
abspeckung	abspecken ung
verschleierung	ver schleier ung
luftrechtlich	luftrecht lich
zusammensetzung	zusammensetzen ung
schwermütigkeit	schwermut ig keit
politikunfähigkeit	politikunfähig keit
rottenburger	rottenburg er
marktbesucher	marktbesuch er
verhandlungspartnerin	verhandlungspartner in
befehlsempfänger	befehlsempfang er
humanisierung	humane isier ung
faltenlos	falten los
herstellung	herstellen ung
bundesrichterin	bundesrichter in
bildungswissenschaftlich	bildungswissenschaft lich
bibliotheksdirektorin	bibliotheksdirektor in
kunstgeschichtlich	kunstgeschichte lich
allgewaltig	allgewalt ig
kriegshetzer	kriegshetze er
kommunalwissenschaftlich	kommunalwissenschaft lich
eisenbahner	eisenbahn er
karmelitin	karmelit in
freimütigkeit	freimut ig keit
schlesier	schlesien er
heftigkeit	heftig keit
verheimlichung	ver heimlich ung
geschmacklich	geschmack lich
bezirksamtsleiterin	bezirksamtsleiter in
franziskanerin	franziska aner in
kleingeistig	kleingeist ig
unterpächterin	unterpächter in
schiffbar	schiffen bar
weiterbildung	weiterbilden ung
beisitzerin	beisitzen er in
jobvermittlerin	jobvermittler in
zehrung	zehren ung
spendenfreudigkeit	spendenfreude ig keit
galeriebesucher	galeriebesuch er
faltung	falten ung
anlehnung	anlehnen ung
strahlenmediziner	strahlenmedizin er
metzinger	metzingen er
schläfrigkeit	schlaf rig keit
kirchentagspräsidentin	kirchentagspräsident in
belastbarkeit	belastbar keit
psychologin	psychologe in
undurchsichtig	un durchsicht ig
bienenfleißig	bienenfleiß ig
reinrassigkeit	reinrassig keit
veräußerlichen	ver äußern lich
koblenzer	koblenz er
sortierbar	sortieren bar
verflüchtigung	ver flüchten ig ung
unterteilung	unterteilen ung
saatkörner	saatkorn er
nebenberuflich	nebenberuf lich
gottesfürchtig	gottesfurcht ig
antipolitiker	antipolitik er
rober	robe er
zinsnehmer	zinsnehmen er
kartin	karte in
dauermieter	dauermiete er
schwerelos	schwer e los
ermunterung	er muntere ung
kaffeepflanzer	kaffeepflanze er
konradin	konrad in
sterbenswörtchen	sterbenswort chen
kommunikationslos	kommunikation los
gesamtstaatlich	gesamtstaat lich
fingerhütchen	fingerhut chen
einmaligkeit	einmalen ig keit
lagerbar	lagern bar
exkommunizierung	exkommunizieren ung
privatgärtner	privatgarten er
erläuterung	erläutern ung
kleinbauer	kleinbau er
verflachung	ver flach ung
startläuferin	startläufer in
profilierungssüchtig	profilierungssucht ig
menschenfeindlichkeit	menschenfeind lich keit
altistin	alte ist in
wildberger	wildberg er
abflußlos	abfluß los
kellermeisterin	kellermeister in
repräsentantin	repräsentant in
überalterung	über alter ung
einreichung	einreichen ung
titelheldin	titelheld in
senatorin	senator in
aufteilung	aufteilen ung
notlandung	notlanden ung
redaktionsleiterin	redaktionsleiter in
aufgeklärter	aufgeklärte n er
karolin	karol in
lyrikerin	lyrik er in
staatsfeindlich	staatsfeind lich
bearbeitung	bearbeiten ung
meerschweinchen	meerschwein chen
orientierungslos	orient ier ung los
körperlos	körper los
erwerblos	erwerb los
schulabgänger	schulabgang er
appenzeller	appenzell er
befindlichkeit	befinden lich keit
erinnerung	erinnern ung
wattenscheider	wattenscheid er
einsiedler	einsiedeln er
aussteigerin	aussteigen er in
austrägerin	austragen er in
großväterchen	großvater chen
lockerung	lockern ung
residenzstädtchen	residenzstadt chen
rundfunkjournalistin	rundfunkjournalist in
ausprägung	ausprägen ung
kälbchen	kalben chen
dorfschullehrerin	dorfschullehrer in
wohnungskäufer	wohnungskauf er
eistänzerin	eistanzen er in
teepflückerin	teepflücker in
straußberger	straußberg er
ausweitung	ausweiten ung
lernbar	lernen bar
oberallgäuer	oberallgäu er
küsterin	küste er in
instinktlos	instinkt los
jugendseelsorger	jugendseelsorge er
standesrechtlich	standesrecht lich
augenscheinlich	augenschein lich
gesinnungsethiker	gesinnungsethik er
entweichung	entweichen ung
wesselin	wessel in
unverständlich	unverstand lich
überbringung	über bring ung
guerillakrieger	guerillakrieg er
großmächtig	großmacht ig
blaudruckerin	blaudruck er in
zivilpolizistin	zivilpolizei ist in
kaputtmacher	kaputtmachen er
väterchen	vater chen
marketingchefin	marketingchef in
schlampig	schlampen ig
unterscheidung	unterscheiden ung
ausdehnung	ausdehnen ung
sektkühler	sektkühle er
gaukler	gaukeln er
beobachterin	beobachten er in
trinker	trinken er
fernsehansagerin	fernsehansager in
abholung	abholen ung
hauptbelastungszeugin	hauptbelastungszeuge in
mediziner	medizin er
rechtsinhaberin	rechtsinhaber in
vietnamesin	vietnam ese in
prozeßvertreterin	prozeßvertreter in
automatenspieler	automatenspielen er
befremdlich	befremden lich
ausnutzung	ausnutzen ung
justizbeamtin	justizbeamte in
nachzahlung	nachzahlen ung
modedesigner	modedesign er
gesundschrumpfung	gesundschrumpfen ung
westberlinerin	westberlin er in
alterspräsidentin	alterspräsident in
musikschulleiterin	musikschulleiter in
erfüllungsgehilfin	erfüllungsgehilfe in
beschützer	beschützen er
marcin	marc in
fortsetzer	fortsetzen er
besiegelung	besiegeln ung
erfinder	erfinden er
rettung	retten ung
schicksalsgenossin	schicksalsgenosse in
unterrichtung	unterrichten ung
zustellung	zustellen ung
besucherfreundlichkeit	besucherfreundlich keit
unergründlichkeit	unergründlich keit
verletzbar	verletzen bar
mitfahrer	mitfahren er
choreographin	choreograph in
entschädigung	entschädigen ung
abwegig	abweg ig
blattmacher	blattmachen er
nebelwerfer	nebelwerfen er
sommersprossig	sommersprosse ig
verständlich	verstand lich
alphabetisierung	alphabet isch isier ung
verblödung	ver blöd e ung
wahrheitssucher	wahrheitssuche er
staatschefin	staatschef in
minderwertig	minderwert ig
ausfällig	ausfallen ig
geistlos	geist los
ausstellungsleiterin	ausstellungsleiter in
finkenberger	finkenberg er
qualifizierung	qualifizieren ung
trägerin	trage er in
bedrückung	bedrücken ung
werklich	werk lich
befestigung	befestigen ung
nachrichtensprecherin	nachrichtensprecher in
altenberger	altenberg er
schatzmeisterin	schatzmeister in
systematisierung	system atisch isier ung
aneignung	aneignen ung
wiederverwendbar	wiederverwenden bar
verlosung	verlosen ung
erker	erke er
kindsmörderin	kindsmord er in
pensionsbesitzerin	pensionsbesitzer in
verzweigung	ver zweig ung
witzlos	witz los
rocksängerin	rocksänger in
unterdrückerin	unterdrücken er in
kriegsgegnerin	kriegsgegner in
besatzungsrechtlich	besatzungsrecht lich
kirchenamtlich	kirchenamt lich
beatmung	beatmen ung
nationalstaatlich	nationalstaat lich
aufopferung	aufopfern ung
oberbauer	oberbau er
doppelsieger	doppelsieg er
tischtennisspieler	tischtennisspielen er
widerwillig	widerwille ig
verbin	verb in
beitragspflichtig	beitragspflicht ig
ungefällig	un gefälle ig
schattenlos	schatten los
praktikerin	praktik er in
stimmlos	stimme los
abendlich	abend lich
ziegenbärtig	ziegenbart ig
überantwortung	überantworten ung
unscheinbar	un scheinen bar
festsetzung	festsetzen ung
unveränderlich	un verändern lich
spielsüchtig	spielsucht ig
haupttäter	haupttat er
sozialkritiker	sozialkritik er
schuldezernentin	schuldezernent in
buchsbäumchen	buchsbaum chen
bevölkerungspolitiker	bevölkerungspolitik er
farbenfreudig	farbenfreude ig
beschreibung	beschreiben ung
leistungssportlich	leistungssport lich
erlanger	erlangen er
langenberger	langenberg er
melancholikerin	melancholiker in
großväterlich	großvater lich
gleichgewichtig	gleichgewicht ig
dickhäutig	dickhaut ig
behinderung	behindern ung
ingenieurwissenschaftlich	ingenieurwissenschaft lich
reiseleiterin	reiseleiter in
spritzig	spritzen ig
minikleidchen	minikleid chen
schwerbehinderung	schwerbehindern ung
spanier	spanien er
erstwähler	erstwahl er
programmchefin	programmchef in
fachfraulich	fachfrau lich
schiffbarkeit	schiffen bar keit
hüpfer	hüpfen er
großbäuerlich	großbau er lich
wiederbewaffnung	wiederbewaffnen ung
bissigkeit	bissen ig keit
imagepfleger	imagepflege er
industriegeschichtlich	industriegeschichte lich
industriemechanikerin	industriemechaniker in
voraussehbar	voraussehen bar
pitter	pitt er
anreger	anregen er
ungefährlich	ungefähr e lich
eigensinnigkeit	eigensinn ig keit
öffentlichkeitsarbeiter	öffentlichkeitsarbeit er
aquarellmalerin	aquarellmalen er in
geizig	geizen ig
realpolitiker	realpolitik er
baugewerblich	baugewerbe lich
fraglich	fragen lich
turiner	ture in er
verausgabung	verausgaben ung
gesamtsiegerin	gesamtsieg er in
unterkapitalisierung	unterkapitalisieren ung
abrißarbeiter	abrißarbeit er
literaturagentin	literaturagent in
sender	senden er
eishockeyspieler	eishockeyspiel er
harmoniesüchtig	harmoniesucht ig
lutzer	lutz er
verstopfung	verstopfen ung
abschleppunternehmer	abschleppunternehmen er
schirmherrin	schirmherr in
beschuldigen	be schuld ig
augenzeugin	augenzeuge in
lebensgeschichtlich	lebensgeschichte lich
börsentäglich	börsentag lich
baurechtlich	baurecht lich
italienerin	italien er in
hoffähigkeit	hoffähig keit
recklinghausener	recklinghausen er
müllsortierer	müllsortieren er
veräußerung	veräußern ung
weiterbetreuung	weiterbetreuen ung
türchen	tür chen
standesbeamtin	standesbeamte in
veranlagung	veranlagen ung
geldgeberin	geldgeber in
substanzlos	substanz los
gesinnungslos	gesinnung los
stadtjugendpflegerin	stadtjugendpflege er in
entschuldung	entschulden ung
amtskirchlich	amtskirche lich
sportpolitiker	sportpolitik er
homburgerin	homburg er in
bundesbauministerin	bundesbauminister in
karrieristin	karriere ist in
militärmediziner	militärmedizin er
bestrebung	bestreben ung
eichstätter	eichstätt er
vergeudung	vergeuden ung
feinmechanikerin	feinmechanik er in
sirin	sire in
grundschülerin	grundschüler in
öffentlichkeitswirksamkeit	öffentlichkeitswirksam keit
autobauer	autobau er
einsilbigkeit	einsilbig keit
vorrätig	vorrat ig
sylvain	sylva in
verinnerlichung	ver inner e lich ung
erreichbarkeit	erreichen bar keit
tonmeisterin	tonmeister in
bevormundung	bevormunden ung
proklamierung	proklamieren ung
befleckung	beflecken ung
wassertröpflein	wassertropfen lein
theoriefeindlichkeit	theoriefeindlich keit
ausbildungswillig	ausbildungswille ig
prager	prag er
fraktionsführerin	fraktionsführer in
verständnisinnigkeit	verständnisinnig keit
flensburgerin	flensburg er in
verbildlichen	ver bild lich
ersttäter	ersttat er
entlassung	entlassen ung
domberger	domberg er
theaterregisseurin	theaterregisseur in
befürworterin	befürworten er in
anwendbarkeit	anwendbar keit
bundesverfassungsgerichtlich	bundesverfassungsgericht lich
aberwitzig	aberwitz ig
gemeindereferentin	gemeindereferent in
betonung	betonen ung
barrikadenbauer	barrikadenbau er
verhandlungswillig	verhandlungswille ig
ebersberger	ebersberg er
unbeweglichkeit	un bewegen lich keit
waffenbesitzer	waffenbesitz er
naturgesetzlichkeit	naturgesetz lich keit
bewerber	bewerben er
zellennachbarin	zellennachbar in
regierungssprecherin	regierungssprecher in
fahrschüler	fahrschule er
gefällig	gefälle ig
öffentlichkeitsreferentin	öffentlichkeitsreferent in
chefredakteurin	chefredakteur in
umtauschbar	um tausch bar
schändlich	schänden lich
umverteilung	umverteilen ung
ungeheuerlichkeit	ungeheuer lich keit
überflieger	über fliege er
entwöhnung	entwöhnen ung
schwindsüchtig	schwindsucht ig
malerin	malen er in
protestantin	protestant in
herumtreiber	herumtreiben er
verinnerlichen	ver inner e lich
tiroler	tirol er
formalin	formale in
synchronisierung	synchrone isch isier ung
torpedierung	torpedieren ung
bandenchefin	bandenchef in
chemotechnikerin	chemotechniker in
expertin	experte in
kreuzförmig	kreuzform ig
generaldirektorin	generaldirektor in
vergeßlichkeit	vergeßlich keit
königsbauer	königsbau er
schiffbauer	schiffbau er
teilsanierung	teilsanieren ung
kreatürlich	kreatur lich
ministrantin	ministrant in
entertainerin	entertainer in
skiläuferin	skilaufen er in
hochstufung	hochstufen ung
spendierfreudigkeit	spendierfreude ig keit
nachrichtendienstlich	nachrichtendienst lich
parteifeindlich	parteifeind lich
arbeitskollegin	arbeitskollege in
unüberhörbar	un überhören bar
taxifahrer	taxifahren er
sprachforscherin	sprachforscher in
ölabhängigkeit	ölabhängig keit
traktorfahrer	traktorfahren er
begrifflichkeit	begriff lich keit
landespolitikerin	landespolitik er in
unumgänglich	un umgang lich
stammeskrieger	stammeskrieg er
helmer	helm er
unternehmenssprecherin	unternehmenssprecher in
bummler	bummeln er
empörung	empören ung
testamentsvollstreckerin	testamentsvollstrecker in
existenzgründerin	existenzgründer in
meckerer	meckern er
nachgiebigkeit	nachgiebig keit
mittelstreckenläuferin	mittelstreckenläufer in
sommerlich	sommer lich
kundenberaterin	kundenberater in
traulich	trauen lich
maurer	mauer er
biederkeit	bieder keit
dogmatiker	dogmatik er
zarin	zare in
quantifizierung	quantifizieren ung
privatspender	privatspende er
versandung	versanden ung
hintergehung	hintergehen ung
täfelung	täfeln ung
mittelmäßigkeit	mittelmaß ig keit
lebenswichtigkeit	lebenswichtig keit
langjährig	langjahr ig
landschaftsgärtnerin	landschaftsgarten er in
kantig	kanten ig
bitburger	bitburg er
urwüchsigkeit	urwüchsig keit
turnlehrerin	turnlehrer in
zahlung	zahlen ung
offenbacherin	offenbach er in
nachrichtlich	nachricht lich
großanlagenbauer	großanlagenbau er
harmloser	harmlose er
pappelwäldchen	pappelwald chen
einzelstarterin	einzelstart er in
agentin	agent in
erweichung	er weich ung
innsbrucker	innsbruck er
petersburger	petersburg er
filmstudentin	filmstudent in
verbrühung	ver brühen ung
frauenberger	frauenberg er
notenbüchlein	notenbuch lein
vorwitzig	vorwitz ig
programmiererin	programm ier er in
entspannungspolitiker	entspannungspolitik er
zwischenbetrieblich	zwischen betrieb lich
unanfechtbar	un anfechten bar
festigung	fest e ig ung
abkapselung	abkapseln ung
tübingerin	tübingen er in
dämmerung	dämmern ung
osteroder	osterode er
führer	führen er
analytiker	analytik er
schönleber	schönleben er
drehbar	drehen bar
rechtsmißbräuchlich	rechtsmißbrauch lich
bordellchefin	bordellchef in
ermäßigung	ermäßigen ung
bayreuther	bayreuth er
konkurrentin	konkurrent in
heimberger	heimberg er
commerzbanker	commerzbank er
abmessung	abmessen ung
magnetisierung	magnet isch isier ung
übersetzbar	übersetzen bar
befriedigung	befriedigen ung
unsittlich	unsitte lich
krieger	krieg er
musikerin	musik er in
grillwürstchen	grillwurst chen
gewerblich	gewerbe lich
vornehmlich	vornehm lich
physiklehrerin	physiklehrer in
küchengehilfin	küchengehilfe in
kellerwirtschaftlich	kellerwirtschaft lich
unheilbarkeit	un heilen bar keit
zweiradfahrer	zweiradfahren er
chefdramaturgin	chefdramaturg in
erlernung	erlernen ung
windrädchen	windrad chen
regierungsdirektorin	regierungsdirektor in
verschweigung	verschweigen ung
strafmündigkeit	strafmündig keit
fernsehempfänger	fernsehempfang er
auspeitschung	auspeitschen ung
gebrechlichkeit	gebrech lich keit
darmstädter	darmstadt er
naturalisierung	naturalie isier ung
gästespielerin	gästespieler in
chefbuchhalterin	chefbuchhalter in
talentlos	talent los
ricker	ricke er
verwaltungsrichterin	verwaltungsrichter in
skatspieler	skatspielen er
abreibung	abreiben ung
streuung	streuen ung
markwirtschaftlich	markwirtschaft lich
wärmetauscher	wärmetausch er
fadenspieler	fadenspiel er
abstempelung	ab stempeln el ung
verwandlungskünstlerin	verwandlungskunst ler in
autofahrer	autofahren er
berufung	berufen ung
personalplaner	personalplan er
umleitung	umleiten ung
unternehmerfreundlich	unternehmerfreund lich
vorlesung	vorlesen ung
leserbriefschreiberin	leserbriefschreiber in
freischaltung	freischalten ung
befreiungskämpfer	befreiungskampf er
eschborner	eschborn er
maklerin	makler in
konjunkturabhängigkeit	konjunkturabhängig keit
beendung	beenden ung
erwerbsfähigkeit	erwerbsfähig keit
fleischig	fleisch ig
krankentransporter	krankentransport er
inhaberin	inhaber in
folgerichtigkeit	folgerichtig keit
radlerin	radeln er in
heimbewohnerin	heimbewohner in
demokratiefeindlichkeit	demokratiefeind lich keit
badestädter	badestadt er
instandsetzung	instandsetzen ung
stimmung	stimmen ung
gesundheitspolitiker	gesundheitspolitik er
schwämmchen	schwamm chen
kleidchen	kleid chen
bezauberung	bezaubern ung
verschlammung	ver schlamm ung
perserin	perser in
überfachlich	über fach lich
halbjährlich	halbjahr lich
archivpfleger	archivpflege er
ergreifung	ergreifen ung
rheintaler	rheintal er
möglinger	möglingen er
reiser	reisen er
dickfelligkeit	dickfellig keit
hauptinitiatorin	hauptinitiator in
veredelung	ver edel ung
angleichung	angleichen ung
unmittelbarkeit	un mitteln bar keit
kassenhäuschen	kassenhaus chen
frühherbstlich	frühherbst lich
stadtgestalter	stadtgestalt er
nachempfindbar	nachempfinden bar
steinbecker	steinbeck er
einzahlung	einzahlen ung
otter	otte er
katzenbesitzerin	katzenbesitzer in
umweltverantwortlichkeit	umweltverantwortlich keit
jugendhilfeplanerin	jugendhilfeplan er in
kavaliershäuschen	kavaliershaus chen
urheberin	urheber in
dauerurlauber	dauerurlaub er
urlauberin	urlaube er in
geschichtswissenschaftlich	geschichtswissen schaft lich
freistilringer	freistilringen er
polizeichefin	polizeichef in
akkordarbeiter	akkordarbeit er
geheimnislos	geheim nis los
wilkin	wilke in
augenblicklich	augenblick lich
verbrennbar	verbrennen bar
gaststättenbesucher	gaststättenbesuch er
entführer	entführen er
ehrbarkeit	ehrbar keit
teheraner	teheran er
ausstrahlung	aus strahl ung
verästelung	verästeln ung
beschattung	beschatten ung
juniorpartnerin	juniorpartner in
wankelmütig	wankelmut ig
verblendung	verblenden ung
zugbegleiterin	zugbegleiter in
nuancierung	nuance ier ung
zuckung	zucken ung
verfahrenstechniker	verfahrenstechnik er
theaterdirektorin	theaterdirektor in
gästeführerin	gästeführer in
hochadelig	hochadel ig
balkongärtner	balkongarten er
verkrüppelung	ver krüppel ung
sportdezernentin	sportdezernent in
wölbung	wölben ung
vermögensverwalterin	vermögensverwalter in
steuersparer	steuersparen er
überheblichkeit	überheben lich keit
funktionsunfähigkeit	funktionsunfähig keit
anschaulichkeit	anschauen lich keit
rattenfängerin	rattenfang er in
nutzer	nutzen er
festbesucherin	festbesucher in
ungültigkeit	un gültig keit
freudenstädter	freudenstadt er
gemüseverkäufer	gemüseverkauf er
machtpolitiker	machtpolitik er
eichberger	eichberg er
alltagsgeschichtlich	alltagsgeschichte lich
konservatorin	konservator in
widerspruchlos	widerspruch los
vizeweltmeisterin	vizeweltmeister in
blutdurstig	blutdurst ig
gewaltverbrecher	gewaltverbrechen er
mittelspielerin	mittelspieler in
umhüllung	umhüllen ung
überordnung	überordnen ung
weltbanker	weltbank er
entwaffnung	entwaffnen ung
unwirksamkeit	unwirksam keit
arin	ar in
kampftrinker	kampftrinken er
anwohnerin	anwohner in
ungeschlechtlich	un geschlecht lich
sorgenlos	sorgen los
verewigung	ver ewig ung
dunstig	dunst ig
psychologieprofessorin	psychologieprofessor in
rivalin	rivale in
grenzenlos	grenzen e los
greifer	greifen er
doppelung	doppeln ung
marburgerin	marburg er in
ehrlichkeit	ehrlich keit
übereilung	übereilen ung
zeitungsverkäuferin	zeitungsverkauf er in
geringschätzung	geringschätzen ung
thailänderin	thailand er in
wohnungsverwalterin	wohnungsverwalter in
erntearbeiter	erntearbeit er
schwindelig	schwindel ig
supermächtig	supermacht ig
steinhofer	steinhof er
streuer	streuen er
käsebrötchen	käsebrot chen
radikalreformerin	radikalreform er in
einlassung	einlassen ung
ruhelos	ruhe los
freisprechung	freisprechen ung
rechtsstaatlichkeit	rechtsstaat lich keit
flächenmäßig	flächenmaß ig
bergung	bergen ung
kanadier	kanada er
munterkeit	munter keit
fallschirmspringer	fallschirmspringen er
wettenberger	wettenberg er
tempelchen	tempel chen
rechtswissenschaftlerin	rechtswissenschaft ler in
ankläger	anklagen er
blinker	blinken er
behutsamkeit	behutsam keit
helferin	helfen er in
kurdenpolitiker	kurdenpolitik er
tagesbesucher	tagesbesuch er
unabhängigkeit	un abhängen ig keit
bauernhäuschen	bauernhaus chen
irrung	irren ung
chemielaborantin	chemielaborant in
kleinstädtchen	kleinstadt chen
wochenendlich	wochenende lich
haftunfähigkeit	haftunfähig keit
diplomsportlehrerin	diplomsportlehrer in
schönsein	schönsee in
satanspriesterin	satanspriester in
unerschütterlichkeit	unerschütterlich keit
produktionsarbeiter	produktionsarbeit er
unterordnung	unterordnen ung
filmregisseurin	filmregisseur in
tabakraucher	tabakrauchen er
verzweiflungstäter	verzweiflungstat er
lesebändchen	leseband chen
schadenfreudig	schadenfreude ig
offenlegung	offenlegen ung
theatermacher	theatermachen er
abrichtung	abrichten ung
erkennbarkeit	erkennbar keit
betrachter	betrachten er
lizenznehmerin	lizenznehmer in
verfemung	ver feme ung
erpressung	erpressen ung
verschiedenartigkeit	verschiedenartig keit
gewichtheber	gewichtheben er
errichtung	errichten ung
tastendrücker	tastendruck er
einzelbesucher	einzelbesuch er
genehmigungsfähigkeit	genehmigungsfähig keit
gastspieler	gastspiel er
hintersinnig	hintersinn ig
nymphenburger	nymphenburg er
staffelläufer	staffellauf er
verkohlung	ver kohle ung
textilarbeiterin	textilarbeit er in
vorführung	vorführen ung
tanner	tanne er
feuilletonistin	feuilleton ist in
sprachauffälligkeit	sprachauffällig keit
flugfähigkeit	flugfähig keit
durchschlagskräftig	durchschlagskraft ig
museumsplaner	museumsplan er
langmütig	langmut ig
steuersünder	steuersünde er
omnibusunternehmer	omnibusunternehmen er
wunschkandidatin	wunschkandidat in
verdränger	verdrängen er
hilfsschüler	hilfsschule er
kitzler	kitzeln er
kraushaarig	kraushaar ig
privatbanker	privatbank er
bewerbung	bewerben ung
gewaltsamkeit	gewalt sam keit
rauschenberger	rauschenberg er
aussichtslos	aussicht los
redseligkeit	redselig keit
hausbesitzer	hausbesitz er
umschlingung	umschlingen ung
gängig	gang ig
lichtgestalter	lichtgestalt er
rückgratlos	rückgrat los
unverbindlichkeit	un verbinden lich keit
kennzeichnungspflichtig	kennzeichnungspflicht ig
herrenberger	herrenberg er
ernährerin	ernähren er in
ostpolitiker	ostpolitik er
schuhverkäuferin	schuhverkauf er in
nichtraucherin	nichtrauchen er in
sexualverbrecher	sexualverbrechen er
schaltbar	schalten bar
vergleichbar	ver gleich bar
rücksichtslos	rücksicht los
nachbarschaftshelferin	nachbarschaftshelfer in
säufer	saufen er
tangotänzerin	tangotanzen er in
augenfänger	augenfang er
verteuerung	ver teuer ung
albin	albe in
abspielbar	ab spielen el bar
ortspolitiker	ortspolitik er
näher	nähen e er
überheblich	überheben lich
bewilligung	bewilligen ung
kriegswirtschaftlich	kriegswirtschaft lich
bodengutachter	bodengutachten er
erarbeitung	erarbeiten ung
nachwuchsautorin	nachwuchsautor in
eingebung	eingeben ung
oppositionspolitikerin	oppositionspolitik er in
lottospieler	lottospielen er
gemeinschaftsfähigkeit	gemeinschaftsfähig keit
melkerin	melken er in
gegenständlichkeit	gegenstand lich keit
münchner	münchen er
hauswirtin	hauswirt in
gretchen	gret chen
gastdozentin	gastdozent in
komödiantin	komödiant in
strahlung	strahlen ung
lückenbüßerin	lückenbüßer in
wildecker	wildeck er
glückstädter	glückstadt er
steuerbetrüger	steuerbetrug er
rechtsvorgängerin	rechtsvorgänger in
seherin	sehen er in
jenaerin	jena er in
stadtstreicherin	stadtstreicher in
standrechtlich	standrecht lich
kranführerin	kranführer in
erweckung	erwecken ung
weitsichtigkeit	weitsicht ig keit
bahnbauer	bahnbau er
zusammenstellung	zusammenstellen ung
landung	landen ung
konsumsüchtig	konsumsucht ig
rekonstruierung	rekonstruieren ung
innenministerin	innenminister in
forstwirtschaftlich	forstwirt schaft lich
schwammig	schwamm ig
handlich	hand lich
bescherung	bescheren ung
zermartern	zer marte er
verunstaltung	verunstalten ung
auslandskorrespondentin	auslandskorrespondent in
steinhäuschen	steinhaus chen
richterlich	richten er lich
wohlgefälligkeit	wohlgefallen ig keit
umweltfreundlichkeit	umweltfreund lich keit
entscheidungsfähigkeit	entscheidungsfähig keit
vergegenwärtigen	ver gegenwart ig
artikelschreiberin	artikelschreiben er in
breitenberger	breitenberg er
wälzer	wälzen er
krönung	krönen ung
masselos	masse los
verletzlichkeit	verletzen lich keit
namenloser	namenlose n er
fotodesigner	fotodesign er
vaterlandsverräter	vaterlandsverrat er
plastikkörbchen	plastikkorb chen
baseler	basel er
briefpartnerin	briefpartner in
gleichung	gleichen ung
gewerkschaftsvertreterin	gewerkschaftsvertreter in
vorauszahlung	vorauszahlen ung
demonstrantin	demonstrant in
rechtsstaatlich	rechtsstaat lich
flößer	floß er
verletzlich	verletzen lich
schätzbar	schätzen bar
spreizung	spreizen ung
mitleidig	mitleiden ig
unordentlichkeit	un ordentlich keit
schutzherrin	schutzherr in
benennung	benennen ung
passivraucher	passivrauchen er
zehntausender	zehntausend er
friedlos	friede los
südbadener	südbaden er
tamer	tam er
arbeitsfähigkeit	arbeitsfähig keit
antragsstellerin	antragsstelle er in
seelentrösterin	seelentrost er in
schildern	schild er
unteilbarkeit	un teilen bar keit
tuncer	tunc er
machtteilhaber	machtteilhabe er
nachweislich	nachweisen lich
tagessieger	tagessieg er
ausstellungsbesucher	ausstellungsbesuch er
kammermusiker	kammermusik er
somalierin	somalia er in
gewerkschaftssekretärin	gewerkschaftssekretär in
ausstattung	ausstatten ung
fahrkartenverkäufer	fahrkartenverkauf er
lärmempfindlichkeit	lärmempfindlich keit
laborleiterin	laborleiter in
hirnlos	hirn los
feldberger	feldberg er
volkspolizistin	volkspolizei ist in
torschützenkönigin	torschützenkönig in
ober	oben er
fahrradfahrerin	fahrradfahren er in
überlinger	überlingen er
nervig	nerven ig
nußlocher	nußloch er
pensionswirtin	pensionswirt in
luftlos	luft los
tagwerker	tagwerk er
arbeitsmediziner	arbeitsmedizin er
aussprechbar	aussprechen bar
journalistenschüler	journalistenschule er
bundestrainerin	bundestrainer in
kinderpsychologin	kinderpsychologe in
verwunderung	verwundern ung
bürgerrechtskämpfer	bürgerrechtskampf er
freigebig	freigeben ig
warentester	warentest er
entdecker	entdecken er
einkäuferin	einkaufen er in
ausklammerung	ausklammern ung
kunstfeindlichkeit	kunstfeindlich keit
abtrennbar	abtrennen bar
gegenseitig	gegenseite ig
hochwertigkeit	hochwertig keit
freistellung	freistellen ung
untadeligkeit	untadelig keit
dreibändig	dreiband ig
zurückhaltung	zurückhalten ung
märchenerzähler	märchenerzählen er
transporter	transport er
spielertrainerin	spielertrainer in
orientierung	orient ier ung
dienerin	dienen er in
geschäftsstellenleiterin	geschäftsstellenleiter in
sinnenfreudig	sinnenfreude ig
busfahrerin	busfahren er in
zoobesucher	zoobesuch er
deckmäntelchen	deckmantel chen
wettbewerbsunfähigkeit	wettbewerbsunfähig keit
kritikfähigkeit	kritikfähig keit
stammeskämpfer	stammeskampf er
anzahlung	anzahlen ung
einbürgerung	ein bürgen ung
algerier	algerien er
verstoßung	verstoßen ung
sitzungspräsidentin	sitzungspräsident in
kosmetiker	kosmetik er
täterin	tat er in
zeitgenossin	zeitgenosse in
erhitzung	erhitzen ung
christianisierung	christiane isier ung
konturenlos	kontur los
niederträchtigkeit	niedertracht ig keit
jugendsekretärin	jugendsekretär in
anmietung	anmieten ung
musiklehrer	musiklehre er
religionslehrerin	religionslehre er in
degenerierung	degenerieren ung
hörer	hören er
benutzer	benutzen er
lenchen	lene chen
vertäfelung	vertäfeln ung
tragfähigkeit	tragfähig keit
bedenklichkeit	bedenken lich keit
unwohnlich	un wohnen lich
auslegung	auslegen ung
göttlichkeit	gott lich keit
dustin	dust in
seniorenmeisterin	seniorenmeister in
untertariflich	unter tarif lich
delegierung	delegieren ung
werbegraphiker	werbegraphik er
säuerlich	säuern lich
vereinnahmung	vereinnahmen ung
fährschiffer	fährschiff er
verstärker	ver stark e er
eisenzeitlich	eisenzeit lich
notwendigkeit	notwendig keit
verständlichkeit	verstand lich keit
mazedonier	mazedonien er
vorstandskollegin	vorstandskollege in
zulieferung	zuliefern ung
verbildlichung	ver bild lich ung
eigentümerin	eigentum er in
freundlichkeit	freund lich keit
jugendbuchautorin	jugendbuchautor in
zaunkönigin	zaunkönig in
funktionärin	funktionär in
nordkoreanerin	nordkorea aner in
handköfferchen	handkoffer chen
zurücksetzung	zurücksetzen ung
steuerflüchtig	steuerflucht ig
landestrainerin	landestrainer in
farmer	farm er
boutiquebesitzerin	boutiquebesitzer in
aktienrechtlich	aktienrecht lich
obrigkeitlich	obrigkeit lich
unzweideutigkeit	unzweideutig keit
giebelhäuschen	giebelhaus chen
lektorin	lektor in
bezeichnung	bezeichnen ung
maschinenbaulich	maschinenbau lich
wahlhamburgerin	wahlhamburger in
bündelung	bündeln ung
liebeslyriker	liebeslyrik er
betriebsratslos	betriebsrat los
gebieterin	gebieten er in
einsperrung	einsperren ung
antwerpener	antwerpen er
osterurlauber	osterurlaub er
böblinger	böblingen er
unzeitgemäßer	unzeitgemäß e er
einfühlung	einfühlen ung
arbeitnehmerin	arbeitnehmer in
widerspenstigkeit	widerspenstig keit
lesbar	lesen bar
stadtpatronin	stadtpatron in
lieferung	liefern ung
geldeintreiber	geldeintreiben er
hohensteiner	hohenstein er
isin	ise in
läufer	lauf er
sensationsgierig	sensationsgier ig
abfahrtsläufer	abfahrtslauf er
vorhanglos	vorhang los
tibeterin	tibet er in
geigenspielerin	geigenspiel er in
schweinchen	schwein chen
forscher	forschen er
langwellig	langwelle ig
kreisstädter	kreisstadt er
unterhaltspflichtig	unterhaltspflicht ig
geschäftsführerin	geschäftsführer in
kickerin	kicken er in
meisterlich	meister lich
sozialmediziner	sozialmedizin er
austragbar	austragen bar
dortmunderin	dortmund er in
stuttgarter	stuttgart er
interventionsfähigkeit	interventionsfähig keit
florettfechter	florettfechten er
umänderung	umändern ung
kulturfreundlich	kulturfreund lich
streicherin	streichen er in
folker	folke er
römer	rom er
habgierig	habgier ig
wissenschaftsfeindlichkeit	wissenschaftsfeindlich keit
fließbandarbeiter	fließbandarbeit er
opferung	opfern ung
wirtschaftsplaner	wirtschaftsplan er
hauptzeugin	hauptzeuge in
gleichgültigkeit	gleichgültig keit
wissenschaftstheoretikerin	wissenschaftstheoretiker in
wohltäterin	wohltat er in
kunstsinnig	kunstsinn ig
rosenheimer	rosenheim er
beschuldigen	be schuld ig
aussonderung	aussondern ung
widerrechtlich	wider recht lich
hotelfachschüler	hotelfachschule er
architekturgeschichtlich	architekturgeschichte lich
ungebührlich	ungebühr lich
erfrierung	erfrieren ung
rettungslos	retten ung los
ordnungswidrigkeit	ordnungswidrig keit
tabakanbauer	tabakanbau er
musiklehrerin	musiklehre er in
chefideologin	chefideologe in
untersuchung	untersuchen ung
fürstenberger	fürstenberg er
textildesigner	textildesign er
gartenfreundin	gartenfreund in
kindler	kindl er
prüfungspflichtig	prüfungspflicht ig
haarig	haaren ig
kinderfräulein	kinderfrau lein
landesherrlich	landesherr lich
kriegstreiberin	kriegstreiben er in
verstimmung	ver stimme ung
vernunftlos	vernunft los
prellung	prellen ung
umweltsünder	umweltsünde er
tourismusunternehmer	tourismusunternehmen er
universitätsabsolventin	universitätsabsolvent in
zwischengeschlechtlich	zwischen geschlecht lich
bischöflich	bischof lich
entrichtung	entrichten ung
menschenschlächter	menschenschlachten er
bündnisgrüner	bündnisgrün e er
politikfähigkeit	politikfähig keit
exzentriker	exzentrik er
einwendung	einwenden ung
umerziehung	umerziehen ung
rheinberger	rheinberg er
landschaftsarchitektin	landschaftsarchitekt in
übervorteilung	übervorteilen ung
familienrechtlich	familienrecht lich
leunaer	leuna er
plasmaphysiker	plasmaphysik er
freier	frei e er
immissionsschutzrechtlich	immissionsschutzrecht lich
verflechtung	verflechten ung
gastprofessorin	gastprofessor in
spielhäuschen	spielhaus chen
bewegungsunfähigkeit	bewegungsunfähig keit
bootsbauer	bootsbau er
wanderer	wandern er
lauenburger	lauenburg er
türsteherin	türsteher in
täschchen	tasche chen
finanzberaterin	finanzberater in
streckung	strecken ung
eierwerfer	eierwerfen er
brüderchen	bruder chen
stahlwerker	stahlwerk er
baströckchen	bastrock chen
federlos	feder los
außergewöhnlich	außer gewöhnen lich
voreilig	vor eilen ig
unterstützung	unterstützen ung
ludwigsburger	ludwigsburg er
abschätzung	abschätzen ung
ausforschung	ausforschen ung
bündnispartnerin	bündnispartner in
wörther	wörth er
vollständigkeit	vollständig keit
hintergründig	hintergrund ig
hochspringerin	hochspringen er in
pariser	paris er
sklavenarbeiter	sklavenarbeit er
speckig	speck ig
dreimalig	dreimal ig
muttersprachlich	muttersprache lich
spastikerin	spastiker in
daumenlutscher	daumenlutschen er
arglistig	arglist ig
vertilgung	vertilgen ung
umständlich	umstand lich
werkstofftechniker	werkstofftechnik er
ökogärtner	ökogarten er
spaziergänger	spaziergang er
fortpflanzung	fortpflanzen ung
mitbestimmungspflichtig	mitbestimmungspflicht ig
weiterleitung	weiterleiten ung
kartoffelbauer	kartoffelbau er
vorsteherin	vorstehen in
popsängerin	popsänger in
showmasterin	showmaster in
notversorgung	notversorgen ung
politologin	politologe in
steinberger	steinberg er
bundesgesetzlich	bundesgesetz lich
araberin	arab er in
beachtung	be acht ung
gleitschirmflieger	gleitschirmfliegen er
denkmalschützer	denkmalschutz er
gärtringer	gärtringen er
ruchlos	ruch los
jagdhornbläser	jagdhornblasen er
schwärzlich	schwärzen lich
unschätzbar	un schätzen bar
laxenburger	laxenburg er
durchsuchung	durchsuchen ung
westlich	weste lich
korruptionsanfälligkeit	korruptionsanfällig keit
tännchen	tann chen
menschenähnlichkeit	menschenähnlich keit
hörfunkchefin	hörfunkchef in
waffenbauer	waffenbau er
töchterchen	tochter chen
bernhardiner	bernhardine er
prophezeiung	prophezeien ung
heilerziehungspfleger	heilerziehungspflege er
kapitalverbrecher	kapitalverbrechen er
weizenkörner	weizenkorn er
eigenständigkeit	eigenständig keit
landräuber	landraub er
orientalistin	orientale isch ist in
diskussionsfähigkeit	diskussionsfähig keit
junggesellin	junggeselle in
bombardierung	bombardieren ung
vorbeugung	vorbeugen ung
modernisierung	modern isier ung
albumin	album in
schulelternsprecherin	schulelternsprecher in
interessenvertreterin	interessenvertreter in
rechtlos	recht e los
saftig	saft ig
lernunfähigkeit	lernunfähig keit
atomfreundlich	atomfreund lich
peinigung	pein ig ung
teamfähigkeit	teamfähig keit
tischlerin	tischler in
gebührenpflichtig	gebührenpflicht ig
altenpflegerin	altenpflege er in
garantiegeberin	garantiegeber in
leugner	leugnen er
entseuchung	entseuchen ung
einsamkeit	einsam keit
verabreichung	verabreichen ung
tagebuchschreiber	tagebuchschreiben er
truppentransporter	truppentransport er
resultatlos	resultat los
armenier	armenien er
offenbacher	offenbach er
kitzbüheler	kitzbühel er
krebspatientin	krebspatient in
bühnenschauspielerin	bühnenschauspieler in
wirtschaftsprüferin	wirtschaftsprüfer in
schulsprecherin	schulsprecher in
waldhauser	waldhausen er
umbesetzung	umbesetzen ung
bedrohung	bedrohen ung
schauenburger	schauenburg er
nazimörder	nazimord er
schnüffler	schnüffeln er
kalifornierin	kalifornien er in
wirbelig	wirbel ig
pointer	pointe er
aufnahmefähigkeit	aufnahmefähig keit
knacker	knacken er
dortmunder	dortmund er
fuchsberger	fuchsberg er
kriminalisierung	kriminal isier ung
religionslehrer	religionslehre er
raubfischer	raubfischen er
zahler	zahlen er
unerfüllbar	un erfüllen bar
solospieler	solospiel er
polarisierung	polar isier ung
unzerbrechlich	un zer brechen lich
techniker	technik er
theaterunternehmer	theaterunternehmen er
verdienstlich	verdienst lich
adelung	adeln ung
bereifung	bereifen ung
bröcker	brock er
shahin	shah in
vortrefflichkeit	vor trefflich keit
schützenkönigin	schützenkönig in
feldspielerin	feldspiel er in
überbezirklich	über bezirk lich
schuldirektorin	schuldirektor in
hanger	hang er
postlerin	post ler in
lauschig	lauschen ig
heuberger	heuberg er
privatgutachter	privatgutachten er
bergsteiger	bergsteigen er
vorbildung	vorbilden ung
kaltblüter	kaltblut er
entthronung	entthronen ung
melderin	melden er in
mobilfunker	mobilfunk er
umschulung	umschulen ung
hanauerin	hanau er in
entstehung	entstehen ung
pappig	pappen ig
luftschiffer	luftschiff er
zahntechniker	zahntechnik er
mäulchen	maul chen
universitätsstädtchen	universitätsstadt chen
verankerung	verankern ung
facharbeiter	facharbeit er
wiedereroberung	wiedererobern ung
straßenbahnfahrerin	straßenbahnfahren er in
gesamtschüler	gesamtschule er
zwillingspärchen	zwillingspaar chen
wiedererstarkung	wiedererstarken ung
familienfreundlichkeit	familienfreund lich keit
türkeiurlauber	türkeiurlaub er
medaillenlos	medaille los
vereinsgründerin	vereinsgründer in
wissenschaftsgeschichtlich	wissenschaftsgeschichte lich
unterschlagung	unterschlagen ung
vollblütig	vollblüte ig
laiendarstellerin	laiendarsteller in
obergerichtlich	obergericht lich
amerikanistin	amerika anisch ist in
gesprächig	gespräch ig
kundenbetreuerin	kundenbetreuer in
brillenträgerin	brillenträger in
ausräubern	aus rauben er
unregelmäßigkeit	un regelmäßig keit
blähung	blähen ung
verarbeitung	verarbeiten ung
jungsteinzeitlich	jungsteinzeit lich
bobfahrer	bobfahren er
virtuosin	virtuose in
biberacher	biberach er
verschuldung	ver schuld ung
fußpflegerin	fußpflege er in
lustigkeit	lustig keit
monatlich	monat lich
glitschig	glitschen ig
feldarbeiterin	feldarbeit er in
entgegnung	entgegnen ung
tiefbauer	tiefbau er
chinin	che in in
bäuerlich	bauer lich
preisrichterin	preisrichter in
vierteljährig	vierteljahr ig
ingrimmig	ingrimm ig
wertbeständigkeit	wertbeständig keit
kompromißunfähigkeit	kompromißunfähig keit
pflanzlich	pflanzen lich
chefreporterin	chefreporter in
verfassungsrechtlich	verfassungsrecht lich
nacherfassung	nacherfassen ung
klostergärtner	klostergarten er
dilettantin	dilettant in
zimmernachbarin	zimmernachbar in
körbchen	korb chen
gegenstandlos	gegenstand los
verbüßung	verbüßen ung
bewohnbar	bewohnen bar
heiratsvermittlerin	heiratsvermittler in
berufsstarter	berufsstart er
begleichung	begleichen ung
tötung	töten ung
müßiggänger	müßiggang er
kraftwerker	kraftwerk er
kleinkindlich	kleinkind lich
konsumentenschützer	konsumentenschutz er
werfer	werfen er
hauptkonkurrentin	hauptkonkurrent in
tabuierung	tabu ier ung
veranschlagung	veranschlagen ung
vermittlerin	vermitteln er in
puppenstübchen	puppenstube chen
farbig	farbe ig
bürgin	bürge in
schmugglerin	schmuggeln er in
konzernsprecherin	konzernsprecher in
reizung	reizen ung
bruchsaler	bruchsal er
austauschbar	austauschen bar
wiederherrichtung	wiederherrichten ung
überflüssigkeit	über flüssig keit
küstenstädtchen	küstenstadt chen
rassegeflügelzüchter	rassegeflügelzucht er
wäscher	waschen er
psychiatriepatientin	psychiatriepatient in
genesung	genesen ung
abneigung	abneigen ung
verstümmelung	verstümmeln ung
zueignung	zueignen ung
lenkbar	lenken bar
brünstig	brunst ig
industriemeisterin	industriemeister in
lückenlos	lücke los
fleischverkäufer	fleischverkauf er
stockholmer	stockholm er
lichtdesigner	lichtdesign er
industrieministerin	industrieminister in
veränderungswillig	veränderungswille ig
chemieingenieurin	chemieingenieur in
werbegrafiker	werbegrafik er
auffüllung	auffüllen ung
todesmutig	todesmut ig
schrubber	schrubben er
kipper	kippen er
touristenführerin	touristenführer in
bettlerin	betteln er in
kläger	klage er
verlobung	verloben ung
mischung	mischen ung
überlassung	überlassen ung
verweichlichen	ver weich lich
umweltreferentin	umweltreferent in
weltwirtschaftlich	weltwirtschaft lich
verkehrsunternehmer	verkehrsunternehmen er
beachtlich	be acht lich
monarchistin	monarch isch ist in
streuner	streunen er
bläser	blase er
flughafengesellschafter	flughafengesellschaft er
steckbar	stecken bar
autobesitzer	autobesitz er
freiherrlich	freiherr lich
reproduktionsfähigkeit	reproduktionsfähig keit
lieferantin	lieferant in
fahrer	fahren er
abwendbar	abwenden bar
punkerin	punk er in
pokalsiegerin	pokalsieg er in
gemüseverkäuferin	gemüseverkauf er in
rechtswidrigkeit	rechtswidrig keit
naturschutzrechtlich	naturschutzrecht lich
abwehrspielerin	abwehrspiel er in
entmietung	ent mieten e ung
kabellos	kabel los
bitterlich	bitter lich
freiberger	freiberg er
erschießung	erschießen ung
weiterbetreibung	weiterbetreiben ung
ausquartierung	ausquartieren ung
tanzschüler	tanzschule er
rekordhalterin	rekordhalter in
vermessung	vermessen ung
seiteneinsteigerin	seiteneinsteiger in
pferdezüchter	pferdezucht er
verhärtung	ver hart e ung
gesamtsieger	gesamtsieg er
ausschließlichkeit	aus schließen e lich keit
kelkheimer	kelkheim er
einzelrichterin	einzelrichter in
glashauser	glashaus er
konservierung	konserve ier ung
stammfreier	stammfreie er
meldung	melden ung
entsorgungsplaner	entsorgungsplan er
überraschungssieger	überraschungssieg er
färbung	färben ung
wiederaufführung	wiederaufführen ung
großmeisterlich	großmeister lich
gutsherrlich	gutsherr lich
sichtbarkeit	sichten bar keit
feindseligkeit	feindselig keit
detroiter	detroit er
iller	ille er
senkrechtstarter	senkrechtstart er
rottweiler	rottweil er
verteidiger	verteidigen er
speerwerfer	speerwerfen er
selbstmitleidig	selbstmitleid ig
notizbüchlein	notizbuch lein
einzelfallhelferin	einzelfallhelfer in
artenschützer	artenschutz er
trinkfreudigkeit	trinkfreudig keit
dramatikerin	dramatik er in
landschaftsplanerin	landschaftsplan er in
überdüngung	überdüngen ung
schneider	schneiden er
balinger	balingen er
marbacher	marbach er
parteiunabhängigkeit	parteiunabhängig keit
nennbar	nennen bar
organisationschefin	organisationschef in
bauchrednerin	bauchreden er in
wirklicher	wirklichen er
wüstenstürmer	wüstensturm er
genußsüchtig	genußsucht ig
jugendringer	jugendringen er
reformfreudigkeit	reformfreude ig keit
melderechtlich	melderecht lich
aufhängung	aufhängen ung
yorker	york er
urbanisierung	urbane isier ung
ausständig	ausstand ig
schwerfälligkeit	schwerfallen ig keit
aufwartung	aufwarten ung
übergewichtig	übergewicht ig
wohltätigkeit	wohltat ig keit
nachbarrechtlich	nachbarrecht lich
hälmchen	halm chen
gießenerin	gießen er in
goldin	gold in
stützung	stützen ung
telefonseelsorger	telefonseelsorge er
botengänger	botengang er
unempfindlichkeit	un empfinden lich keit
deutschlandpolitiker	deutschlandpolitik er
nuklearphysiker	nuklearphysik er
verbürgerlichen	ver bürgen lich
umschiffung	umschiffen ung
stahlbetonbauer	stahlbetonbau er
rechtzeitigkeit	rechtzeitig keit
zusammenschaltung	zusammenschalten ung
gallig	galle ig
rheinhauser	rheinhausen er
demilitarisierung	demilitarisieren ung
schwesterlich	schwester lich
biertrinkerin	biertrinken er in
sozialarbeiterin	sozialarbeit er in
umrandung	um rand ung
absehbar	absehen bar
kastenlos	kaste los
zuteilung	zuteilen ung
erwerbsloser	erwerbslose er
schuldfähigkeit	schuldfähig keit
felsberger	felsberg er
wechselseitigkeit	wechselseitig keit
abgänger	abgang er
brunner	brunnen er
beziehungsunfähigkeit	beziehungsunfähig keit
erwerbstätigkeit	erwerbstätig keit
viermalig	viermal ig
stöckchen	stock chen
zahlungspflichtig	zahlungspflicht ig
alterung	altern ung
perfektionistin	perfektion ist in
baulichkeit	bau lich keit
anhänglichkeit	anhang lich keit
überbezahlung	überbezahlen ung
ausführlich	ausfuhr lich
friseurin	friseur in
baulich	bau lich
vorzüglichkeit	vorzug lich keit
lindauer	lindau er
listig	list ig
wortspieler	wortspiel er
sozialschädlichkeit	sozialschädlich keit
finanzbuchhalterin	finanzbuchhalter in
geduldig	geduld ig
wägelchen	wägen chen
verminderung	ver minder ung
wellenchefin	wellenchef in
verlierer	verlieren er
abholzung	abholzen ung
musikhörer	musikhören er
weiterveräußerung	weiterveräußern ung
fotoreporterin	fotoreporter in
klassensprecherin	klassensprecher in
verärgerung	ver ärger ung
baggerfahrer	baggerfahren er
religionsgeschichtlich	religionsgeschichte lich
erholungsbedürftigkeit	erholungsbedürftig keit
bestallung	bestallen ung
verfassungspolitiker	verfassungspolitik er
fachwerkstädtchen	fachwerkstadt chen
stundenmäßig	stundenmaß ig
jugendschützer	jugendschutz er
taxifahrerin	taxifahren er in
weltgesellschaftlich	weltgesellschaft lich
klangprächtig	klangpracht ig
sener	sen er
traktoristin	traktor ist in
vaihinger	vaihingen er
skiläufer	skilaufen er
rückschrittlich	rückschritt lich
regelung	regeln ung
wuppertaler	wuppertal er
jämmerlichkeit	jammer lich keit
parlamentskollegin	parlamentskollege in
familiengesellschafter	familiengesellschaft er
unhörbarkeit	un hörbar keit
kinderärztlich	kinderarzt lich
irrig	irre ig
eingängigkeit	eingängig keit
rekonvaleszentin	rekonvaleszent in
südwestlich	südwest lich
laserdrucker	laserdruck er
rekordsieger	rekordsieg er
verweiblichen	ver weib lich
rechtsgutachter	rechtsgutachten er
fotolaborantin	fotolaborant in
funktionsfähigkeit	funktionsfähig keit
einsetzung	einsetzen ung
unterzeichnerin	unterzeichnen er in
neukundin	neukunde in
mathelehrerin	mathelehrer in
ausspülung	ausspülen ung
mannschaftsführerin	mannschaftsführer in
waldshuter	waldshut er
stromsparer	stromsparen er
wanderarbeiter	wanderarbeit er
versicherungsrechtlich	versicherungsrecht lich
saxophonistin	saxophon ist in
schwerstarbeiter	schwerstarbeit er
hinterberger	hinterberg er
armierung	armieren ung
bühnenarbeiter	bühnenarbeit er
zuhörerin	zuhören er in
fälschlich	falsch lich
wachschützer	wachschutz er
philologin	philologe in
austauschschülerin	austauschschüler in
gratulantin	gratulant in
verschwendung	ver schwende ung
treuhandpräsidentin	treuhandpräsident in
salzstreuer	salzstreuen er
kunstprofessorin	kunstprofessor in
königin	könig in
borstig	borste ig
haushaltsexpertin	haushaltsexperte in
fünfeckig	fünfeck ig
essener	essen er
belgrader	belgrad er
oktoberfestbesucher	oktoberfestbesuch er
vielstimmigkeit	vielstimmig keit
empfängerin	empfang er in
allgemeingültigkeit	allgemeingültig keit
landschaftlich	landschaft lich
entzauberung	ent zauber ung
aufenthaltsrechtlich	aufenthaltsrecht lich
simultanübersetzerin	simultanübersetzer in
klassenkämpfer	klassenkampf er
zerkleinerung	zer klein ung
berufsunfähigkeit	berufsunfähig keit
kleiderlos	kleid los
wagenwäscher	wagenwaschen er
gemeinwesenarbeiter	gemeinwesenarbeit er
hinfälligkeit	hinfallen ig keit
reichern	reich er
ansagerin	ansage er in
mannigfaltigkeit	mannigfaltig keit
steuerpflichtig	steuerpflicht ig
verkäufer	verkaufen er
ausrufung	ausrufen ung
auswanderung	auswandern ung
biowissenschaftlich	biowissenschaft lich
verschleppung	ver schleppe ung
syrer	syr er
kulturpolitiker	kulturpolitik er
spendierfreudig	spendierfreude ig
bauernkrieger	bauernkrieg er
celler	celle er
steptänzer	steptanz er
naturräumlich	naturraum lich
kaltenberger	kaltenberg er
häuslichkeit	häuslich keit
häuserkämpfer	häuserkampf er
schauspiellehrerin	schauspiellehrer in
zurücklassung	zurücklassen ung
frankenberger	frankenberg er
überblendung	über blenden e ung
gestaltbar	gestalten bar
uhrmacherin	uhrmacher in
geschäftsleiterin	geschäftsleiter in
jugendturner	jugendturnen er
überbietung	überbieten ung
lieblich	lieben lich
zähringer	zähringen er
entwarnung	entwarnen ung
regierungsvertreterin	regierungsvertreter in
wasserwirtschaftlich	wasserwirtschaft lich
hausbewohnerin	hausbewohner in
stiftung	stiften ung
knollig	knolle ig
sudanesin	sudanese in
neubürgerlich	neuburg er lich
umrahmung	um rahm ung
verehelichen	ver ehe lich
bastlerin	basteln er in
militärgeschichtlich	militärgeschichte lich
kunstlehrerin	kunstlehrer in
stammheimer	stammheim er
rechtsprofessorin	rechtsprofessor in
schäfchen	schaf chen
sklavin	sklave in
mitteilsamkeit	mitteilen sam keit
unkenntlichkeit	un kenntlich keit
waiblingerin	waiblingen er in
kerntechniker	kerntechnik er
radikalreformer	radikalreform er
wenigkeit	wenig keit
nörgler	nörgeln er
buchautorin	buchautor in
sorglich	sorge lich
museumsmitarbeiterin	museumsmitarbeiter in
obstbäumchen	obstbaum chen
ergründung	ergründen ung
mädchenmörder	mädchenmord er
beschaulich	beschauen lich
vermittler	vermitteln er
medienunternehmer	medienunternehmen er
bertin	bert in
dresdener	dresden er
anhängig	anhängen ig
stromlos	strom los
spürbar	spüren bar
menschenfreundlich	menschenfreund lich
liedersängerin	liedersänger in
lebensreformer	lebensreform er
verkehrung	verkehren ung
vernachlässigung	ver nachlassen ig ung
asylrechtlich	asylrecht lich
atomphysikerin	atomphysik er in
geistig	geist ig
hamsterer	hamstern er
krefelder	krefeld er
winterkönigin	winterkönig in
dompfarrer	dompfarre er
innerkirchlich	inner kirche lich
sonderbar	sondern bar
individualrechtlich	individualrecht lich
anbetung	anbeten ung
einseitigkeit	einseitig keit
einschärfung	einschärfen ung
betrieblich	betrieb lich
steuerexpertin	steuerexperte in
tontäfelchen	tontafel chen
markenlos	mark los
vogelschützer	vogelschutz er
unentwirrbar	un entwirren bar
einrichtung	einrichten ung
miladin	milad in
achteckig	achteck ig
vielschreiberin	vielschreiber in
gesellschafter	gesellschaft er
ferienarbeiter	ferienarbeit er
lumpig	lumpen ig
kaffeesatzleser	kaffeesatzlesen er
liliputanerin	liliput aner in
spitzbogig	spitzbogen ig
verherrlichen	ver herr lich
gitarrenschüler	gitarrenschule er
vaterlandsverräterin	vaterlandsverrat er in
transportunternehmer	transportunternehmen er
badener	baden er
seidig	seide ig
rechtsextremistin	rechtsextrem e ist in
internierung	intern e ier ung
tempelhofer	tempelhof er
annullierung	annullieren ung
veruntreuung	ver untreu e ung
deklarierung	deklarieren ung
auswirkung	auswirken ung
altsteinzeitlich	altsteinzeit lich
führungstreffer	führungstreffen er
wiedererstehung	wiedererstehen ung
vergünstigung	ver gunst ig ung
hauptkommissarin	hauptkommissar in
trauung	trauen ung
sprüchlein	spruch lein
verstaatlichen	ver staat lich
blocker	block er
stecker	stecken er
instrumentalistin	instrument al ist in
querulantin	querulant in
schlagzeuger	schlagzeug er
transfusionsmediziner	transfusionsmedizin er
pappschächtelchen	pappschachtel chen
beiziehung	beiziehen ung
lizenzgeberin	lizenzgeber in
lautlos	laute los
meisterschüler	meisterschule er
edelfräulein	edelfrau lein
unentschuldbar	un entschulden bar
ravensburgerin	ravensburg er in
gutenberger	gutenberg er
faltenröckchen	faltenrock chen
nationalisierung	nationale isier ung
kampflustig	kampflust ig
malaiin	malaie in
burgstädter	burgstadt er
befreier	befreien er
fuhrunternehmer	fuhrunternehmen er
fremdsprachensekretärin	fremdsprachensekretär in
übergangspräsidentin	übergangspräsident in
stimmungslos	stimmen ung los
ernstlich	ernst lich
exzeßtäter	exzeßtat er
kleinstaatlich	kleinstaat lich
hauptabnehmerin	hauptabnehmer in
tibeter	tibet er
kronenberger	kronenberg er
lobensteiner	lobenstein er
staatsschützer	staatsschutz er
umdrehung	umdrehen ung
binder	binde er
wächterin	wächte er in
terminplaner	terminplan er
überschwenglichkeit	überschwenglich keit
algerierin	algerien er in
verwaltungstechniker	verwaltungstechnik er
schwarzwaldstädtchen	schwarzwaldstadt chen
schwenkbar	schwenken bar
gewaltförmig	gewaltform ig
marketingberaterin	marketingberater in
agrarwirtschaftlich	agrarwirtschaft lich
wahlfähigkeit	wahlfähig keit
kassenprüferin	kassenprüfer in
meisterschülerin	meisterschule er in
blaumacher	blaumachen er
antreiber	antreiben er
gesetzmäßigkeit	gesetz mäßig keit
vererbbar	ver erbe bar
gefühllos	ge fühlen los
kostengünstiger	kostengünstige er
dichter	dichten er
blumenzüchter	blumenzucht er
friseurmeisterin	friseurmeister in
olefin	olef in
nachdenker	nachdenken er
scheinbar	scheinen bar
kunstradfahrer	kunstradfahren er
prophetin	prophet in
heilsversprecher	heilsversprechen er
spitzenpolitikerin	spitzenpolitik er in
schmarotzer	schmarotzen er
braunschweigerin	braunschweig er in
becker	beck er
trockner	trocknen er
freitaler	freital er
überzeugungstäter	überzeugungstat er
gitarristin	gitarre ist in
verweichlichung	ver weich lich ung
kompetenzlos	kompetenz los
energieplaner	energieplan er
anreicherung	anreichern ung
berichtspflichtig	berichtspflicht ig
kundschafterin	kundschaften in
idsteiner	idstein er
orientierungsläufer	orientierungslauf er
salbung	salben ung
modemacherin	modemacher in
wirklichkeit	wirken lich keit
motivierung	motivieren ung
fischzüchter	fischzucht er
ritter	ritt er
ausnahmespielerin	ausnahmespieler in
kirchenpfleger	kirchenpflege er
unschlüssigkeit	un schlüssig keit
einpflanzung	einpflanzen ung
befolgung	befolgen ung
bedienungsfreundlichkeit	bedienungsfreundlich keit
institutsleiterin	institutsleiter in
unfähigkeit	un fähig keit
farbberaterin	farbberater in
durchleuchtung	durch leuchten e ung
kindergärtnerin	kindergarten er in
protzig	protz ig
abenteuerurlauber	abenteuerurlaub er
sportministerin	sportminister in
tierschutzrechtlich	tierschutzrecht lich
pantomimin	pantomime in
architekturkritikerin	architekturkritik er in
stofflich	stoff lich
sünderbänkchen	sünderbank chen
ellenberger	ellenberg er
aktienbesitzer	aktienbesitz er
romantikerin	romantik er in
bestechlichkeit	bestechen lich keit
mutterlos	mutter los
baumüller	baumüll er
papiermacher	papiermache er
marienbader	marienbad er
kunstlos	kunst los
jesuitenschüler	jesuitenschule er
optimierung	optimieren ung
geiger	geigen er
studienanfänger	studienanfang er
stellenbewerberin	stellenbewerber in
museumsführerin	museumsführer in
turmspringer	turmspringen er
pennerin	pennen in
rentenexpertin	rentenexperte in
entschlußfreudigkeit	entschlußfreude ig keit
literaturwissenschaftlerin	literaturwissenschaft ler in
schaffer	schaffen er
überwältigung	überwältigen ung
amtsrichterin	amtsrichter in
antragsgegnerin	antragsgegner in
träumer	träumen er
prächtig	pracht ig
pfeiferaucher	pfeiferauchen er
zeitigen	zeit ig
verbindlich	verbinden lich
isländer	island er
verwarnung	verwarnen ung
aufwärter	aufwarten er
bildungsfähigkeit	bildungsfähig keit
auszehrung	auszehren ung
altenstädter	altenstadt er
vierteilig	vierteil ig
instrumentierung	instrument ier ung
jugendlich	jugend lich
knackig	knacken ig
störanfälligkeit	störanfällig keit
raumpflegerin	raumpfleger in
steuerbar	steuern bar
brutalisierung	brutale isier ung
temperamentlos	temperament los
schmachtenhagener	schmachtenhagen er
zeitgeistlich	zeitgeist lich
anfänger	anfangen er
vereinslos	verein los
gegenspieler	gegenspiel er
zugig	zug ig
gewerkschaftsaktivistin	gewerkschaftsaktivist in
übersiedler	übersiedeln er
zusammenrottung	zusammenrotten ung
pferdekutscher	pferdekutsche er
zivilisierung	zivil e isier ung
dienlich	dienen lich
amtsnachfolgerin	amtsnachfolge er in
gestaltung	gestalten ung
zeller	zell er
verdinglichen	ver ding lich
amsterdamer	amsterdam er
entscheidbar	entscheiden bar
kaffeeanbauer	kaffeeanbau er
landhäuschen	landhaus chen
befehlsempfängerin	befehlsempfang er in
flüchtlingsberaterin	flüchtlingsberater in
lieblingsspieler	lieblingsspiel er
kleinkrämer	kleinkram er
klimaschützer	klimaschutz er
büßerin	büßen er in
klatschreporterin	klatschreporter in
symbolisierung	symbol isch isier ung
vollsperrung	vollsperren ung
rokokoschlößchen	rokokoschloß chen
pragmatiker	pragmatik er
schulpolitikerin	schulpolitik er in
untersucher	untersuchen er
mitleidslos	mitleid los
ungewöhnlich	un gewöhnen lich
anfängerin	anfangen er in
blumensträußchen	blumenstrauß chen
staatsschauspieler	staatsschauspiel er
charakterlos	charakter los
hollander	holland er
tilsiter	tilsit er
menschenfeindlich	menschenfeind lich
handelbar	handeln bar
menschlich	mensch lich
krummbeinig	krummbein ig
übeltäterin	übeltat er in
verführer	verführen er
landtagskandidatin	landtagskandidat in
didier	didi er
kleber	kleben er
raumfahrttechniker	raumfahrttechnik er
verfassungsfeindlichkeit	verfassungsfeind lich keit
weiterbildner	weiterbilden er
lebenskünstlerin	lebenskunst ler in
aufregung	aufregen ung
kommunistin	kommunist in
generalunternehmer	generalunternehmen er
kauzig	kauz ig
dialektiker	dialektik er
solinger	solingen er
erziehungsministerin	erziehungsminister in
jakober	jakob er
züchtigen	zucht ig
zeitungsausträgerin	zeitungsaustragen er in
amateurboxer	amateurboxen er
heimatstädtchen	heimatstadt chen
untersetzung	untersetzen ung
biedersteiner	biederstein er
gegnerin	gegner in
raumfahrtexpertin	raumfahrtexperte in
erwartung	erwarten ung
psychologiestudentin	psychologiestudent in
abkühlung	ab kühl e ung
aufblähung	aufblähen ung
kontrolleurin	kontrolleur in
radrennfahrerin	radrennfahrer in
erreger	erregen er
kaiserzeitlich	kaiserzeit lich
freitäglich	freitag lich
einsteiger	einsteigen er
pokalsieger	pokalsieg er
steuerehrlichkeit	steuerehrlich keit
untröstlich	un trost lich
bewegungsfähigkeit	bewegungsfähig keit
vermummung	ver mumm ung
halbierung	halb ier ung
berechnung	berechnen ung
vorzeitlich	vorzeit lich
weinberger	weinberg er
jugendvertreterin	jugendvertreter in
straßenkehrer	straßenkehren er
leichtsinnig	leichtsinn ig
boxberger	boxberg er
abteilungsdirektorin	abteilungsdirektor in
ehrenbürgerin	ehrenburg er in
unzuträglichkeit	unzuträglich keit
zuckerrohrschneider	zuckerrohrschneiden er
schmiegsamkeit	schmiegen sam keit
unfallflüchtig	unfallflucht ig
muffig	muff ig
präsidentin	präsident in
langenerin	lange n er in
farmerin	farm er in
blumenverkäufer	blumenverkauf er
bautzener	bautzen er
schiffbrüchig	schiffbruch ig
durchzieher	durchziehen er
anrüchigkeit	anrüchig keit
ermittlungsrichterin	ermittlungsrichter in
bereitwilligkeit	bereitwillig keit
herleitung	herleiten ung
oberreichenbacher	oberreichenbach er
sozialökonomin	sozialökonom in
radler	radeln er
zurückzahlung	zurückzahlen ung
plasmaspender	plasmaspende er
christain	christa in
ausnüchterung	ausnüchtern ung
dimensionierung	dimension ier ung
aufheller	aufhellen er
städtepartnerschaftlich	städtepartner schaft lich
vergnügungssüchtig	vergnügungssucht ig
hermannstädter	hermannstadt er
verhaftung	ver haft ung
ladendiebin	ladendieb in
hochwürdig	hochwürden ig
engländerin	england er in
zigarrenraucher	zigarrenrauchen er
stammtischpolitiker	stammtischpolitik er
ausmerzung	ausmerzen ung
einzelvertraglich	einzelvertrag lich
leichtgläubigkeit	leichtgläubig keit
carin	care in
absolventin	absolvent in
fernmelder	fernmelde er
bundespolitiker	bundespolitik er
fachwerkhäuschen	fachwerkhaus chen
selbstmörder	selbstmord er
schönbrunner	schönbrunn er
flüchtlingskommissarin	flüchtlingskommissar in
kurvig	kurven ig
abstoßung	abstoßen ung
negierung	negieren ung
ummantelung	um mantel ung
innerbehördlich	inner behörde lich
verschmutzung	ver schmutz ung
rummelsburger	rummelsburg er
verschlechterung	ver schlecht ung
überanstrengung	überanstrengen ung
romanschriftstellerin	romanschriftsteller in
gesichtslos	gesicht los
puppenmacherin	puppenmacher in
kubanerin	kuba aner in
überquerung	überqueren ung
ostarbeiter	ostarbeit er
wächter	wächte er
handlungslos	handlung los
museumsleiterin	museumsleiter in
klavierlehrerin	klavierlehrer in
kenntnislos	kenntnis los
landesfürstlich	landesfürst lich
erzeugerin	erzeugen er in
taktiker	taktik er
eser	ese er
hellseher	hellsehen er
bevorteilung	bevorteilen ung
postkutscher	postkutsche er
lindenberger	lindenberg er
brudermörder	brudermord er
unfreundlich	un freund lich
seinsgeschichtlich	seinsgeschichte lich
weiterverarbeitung	weiterverarbeiten ung
abtreibung	abtreiben ung
regelmäßigkeit	regelmäßig keit
kleingeistigkeit	kleingeist ig keit
hausbesetzerin	hausbesetzen er in
buschig	busch ig
sinnig	sinnen ig
propagandistin	propaganda ist in
wirkstofflos	wirkstoff los
familienunternehmer	familienunternehmen er
studienberaterin	studienberater in
moorburger	moorburg er
einzeichnung	einzeichnen ung
erfolglos	erfolg los
gastfreundlich	gastfreund lich
unwahrscheinlichkeit	unwahrscheinlich keit
klarträumer	klartraum er
abenteuerlustig	abenteuerlust ig
genforscherin	genforscher in
architektin	architekt in
tauberbischofsheimerin	tauberbischofsheim er in
instrumentenbauer	instrumentenbau er
notärztlich	notarzt lich
zwischenparteilich	zwischen partei lich
metrofahrer	metrofahren er
kulturarbeiter	kulturarbeit er
schulrektorin	schulrektor in
kleinlein	klee in lein
radfahrerin	radfahren er in
überweltlich	über welt lich
bröckelig	bröckeln ig
glaubenskämpfer	glaubenskampf er
musikgeschichtlich	musikgeschichte lich
walzwerker	walzwerk er
ziegenbärtchen	ziegenbart chen
stilisierung	stilisieren ung
schlüpfrigkeit	schlüpfen rig keit
objektleiterin	objektleiter in
heldenmütig	heldenmut ig
teilnehmerin	teilnehmen er in
sympathieträgerin	sympathieträger in
musikerzieherin	musikerzieher in
abriegelung	abriegeln ung
anstößig	anstoß ig
herrschaftlich	herrschaft lich
dauerrivalin	dauerrivale in
schweineleber	schweineleben er
aufbahrung	aufbahren ung
aidin	aide in
eicher	eiche er
zusammengehörigkeit	zusammengehören ig keit
zeitungsmacherin	zeitungsmachen er in
zärtlichkeit	zärtlich keit
klarinettistin	klarinette ist in
gedankenleser	gedankenlesen er
querflötistin	querflöte ist in
karriereplaner	karriereplan er
selbstverwirklichung	selbstverwirklichen ung
gewichtung	gewichten ung
sicherheitslager	sicherheitslage er
sever	seven er
gebrauchsgrafiker	gebrauchsgrafik er
fehlernährung	fehlernähren ung
teufelsberger	teufelsberg er
unterbrechung	unterbrechen ung
ponyreiterin	ponyreiten er in
volksfeindlichkeit	volksfeind lich keit
ideologin	ideologe in
scharfsichtig	scharfsicht ig
natürlicher	natürlichen er
entflammbarkeit	entflammbar keit
käufer	kaufen er
kurzbesucher	kurzbesuch er
ausrichter	ausrichten er
florentiner	florentine er
süchtigkeit	sucht ig keit
langsamfahrer	langsamfahren er
glasgower	glasgow er
detailfreudig	detailfreude ig
textverständlichkeit	textverständlich keit
denkmalpfleger	denkmalpflege er
wertminderung	wertmindern ung
geburtsmediziner	geburtsmedizin er
umweltplaner	umweltplan er
konkurrenzfähigkeit	konkurrenzfähig keit
empfindlichkeit	empfinden lich keit
eidlich	eid lich
bevölkerung	bevölkern ung
rostiger	rostige n er
abbildung	abbilden ung
soldatenseelsorger	soldatenseelsorge er
regenerierung	regenerieren ung
aufrechnung	aufrechnen ung
entsetzlichkeit	entsetzen lich keit
schwarzfahrerin	schwarzfahren in
faßlich	faß lich
notierung	notieren ung
beschämung	beschämen ung
jugendpolitiker	jugendpolitik er
beweiskräftig	beweiskraft ig
hausbauer	hausbauen er
motorradbauer	motorradbau er
vererblich	ver erbe lich
dänin	däne in
menschenfreundin	menschenfreund in
überstimmung	über stimme ung
geschäftsmäßigkeit	geschäft mäßig keit
abtragung	abtragen ung
unübersehbar	un übersehen bar
geschichtsstudentin	geschichtsstudent in
empfindsamkeit	empfinden sam keit
traber	traben er
katalogisierung	katalog isier ung
einstellung	einstellen ung
unhaltbarkeit	un halten bar keit
weiterbearbeitung	weiterbearbeiten ung
recorder	record er
schmuckdesigner	schmuckdesign er
unbestimmbar	un bestimmen bar
staatskirchlich	staatskirche lich
kulturchefin	kulturchef in
regenburger	regenburg er
geflügelzüchter	geflügelzucht er
abwanderung	abwandern ung
drogensüchtig	drogensucht ig
spielleiterin	spielleiter in
mißlichkeit	miß lich keit
trotteligkeit	trottel ig keit
neubürgerin	neuburg er in
versucherin	versuchen er in
vernehmbar	vernehmen bar
nager	nagen er
schulpflichtig	schulpflicht ig
offenbarer	offenbaren er
gartenbauer	gartenbau er
bioethiker	bioethik er
vielfältigkeit	vielfalt ig keit
polizeistaatlich	polizeistaat lich
schiersteiner	schierstein er
punktsieger	punktsieg er
verteidigung	verteidigen ung
kostümverleiher	kostümverleih er
fahrschülerin	fahrschule er in
sehnig	sehnen ig
geselligkeit	gesellen ig keit
serienheldin	serienheld in
unbrauchbarkeit	un brauchen bar keit
immobilienmaklerin	immobilienmakler in
zeitgeistig	zeitgeist ig
ersetzung	ersetzen ung
vertragsarbeiterin	vertragsarbeiter in
nachlieferung	nachliefern ung
hoffnungsträgerin	hoffnungsträger in
unstimmigkeit	un stimmen ig keit
verschnörkelung	ver schnörkel ung
versicherung	versichern ung
betrachterin	betrachten er in
augsburgerin	augsburg er in
lebensgefährtin	lebensgefährte in
erleuchtung	er leuchten e ung
wasserbaulich	wasserbau lich
militärexpertin	militärexperte in
verfärbung	verfärben ung
architekturstudentin	architekturstudent in
gegenstandslos	gegenstand los
richtigstellung	richtigstellen ung
maschinenschriftlich	maschinenschrift lich
verkörperung	ver körper ung
volksläufer	volkslauf er
unheilbar	un heilen bar
vieleckig	vieleck ig
weiter	weit e er
schöpfer	schöpfen er
ballettdirektorin	ballettdirektor in
einschaltung	einschalten ung
anbahnung	anbahnen ung
bündnisfähigkeit	bündnisfähig keit
syrerin	syr er in
kontoristin	kontor ist in
entschleierung	entschleiern ung
schwimmlehrerin	schwimmlehrer in
museumsdirektorin	museumsdirektor in
halbkugelig	halbkugel ig
lebensfähigkeit	lebensfähig keit
anlieger	anliegen er
teilhaberin	teilhaben in
auslandsbesucher	auslandsbesuch er
garantin	garant in
köfferchen	koffer chen
präsidentschaftskandidatin	präsidentschaftskandidat in
pensionärin	pension är in
christlichkeit	chr ist lich keit
bahnwärterhäuschen	bahnwärterhaus chen
erbärmlichkeit	erbärmlich keit
genießerin	genießen er in
ingenieurswissenschaftlich	ingenieurswissenschaft lich
bombenleger	bombenlegen er
stimmrechtlos	stimmrecht los
leser	lese er
überwirklich	über wirken lich
wahrnehmung	wahrnehmen ung
kassenverwalterin	kassenverwalter in
übereinstimmung	übereinstimmen ung
kehlig	kehle ig
restaurantbesucher	restaurantbesuch er
schläfer	schläfe er
versagung	versagen ung
innergemeinschaftlich	inner gemeinschaft lich
mobilisierung	mobil isier ung
anlageberaterin	anlageberater in
metaller	metall er
schäbigkeit	schabe ig keit
firmierung	firm e ier ung
schloßbesitzerin	schloßbesitzer in
unterlaufung	unterlaufen ung
verfluchung	ver fluch ung
goldberger	goldberg er
realpolitikerin	realpolitik er in
verkündigung	verkündigen ung
christoper	christop er
ausrichtung	ausrichten ung
schloßbesucher	schloßbesuch er
einatmung	einatmen ung
entschlackung	entschlacken ung
medienkritiker	medienkritik er
trendelburger	trendelburg er
eliteschüler	eliteschule er
geruchslos	geruch los
generalintendantin	generalintendant in
würstchen	wurst chen
enterbung	enterben ung
kurierbar	kur ier bar
nordseefischer	nordseefisch er
rüger	rüge er
neuensteiner	neuenstein er
betrachtbar	betrachten bar
zählung	zählen ung
wiesenburger	wiesenburg er
donauwörther	donauwörth er
einsatzfreudigkeit	einsatzfreude ig keit
habsburger	habsburg er
aushändigung	aushändigen ung
oberbürgermeisterkandidatin	oberbürgermeisterkandidat in
zusammenfassung	zusammenfassen ung
drogenpolitiker	drogenpolitik er
spanierin	spanien er in
baufälligkeit	baufällig keit
vogelhäuschen	vogelhaus chen
risikofreudigkeit	risikofreude ig keit
schwimmfähigkeit	schwimmfähig keit
trickbetrügerin	trickbetrug er in
marin	mare in
innerwestlich	inner weste lich
würfelchen	würfel chen
unempfindlich	un empfinden lich
hauptrednerin	hauptredner in
verdammung	verdammen ung
zuversichtlichkeit	zuversicht lich keit
partnerschaftlich	partner schaft lich
jugendleiterin	jugendleiter in
schneiderin	schneiden er in
vogelfänger	vogelfang er
hamburger	hamburg er
ablehner	ablehnen er
verbraucherberaterin	verbraucherberater in
verpachtung	ver pacht ung
technikfeindlichkeit	technikfeindlich keit
unerklärbarkeit	un erklären bar keit
kommunikationswissenschaftlerin	kommunikationswissenschaft ler in
geigenbauer	geigenbau er
trächtigkeit	trächtig keit
brüsseler	brüssel er
irrwitzig	irrwitz ig
landesbanker	landesbank er
diplomvolkswirtin	diplomvolkswirt in
freiwilligkeit	freiwillig keit
erklärung	erklären ung
hinterziehung	hinterziehen ung
rückenschwimmer	rückenschwimmen er
strangulierung	strangulieren ung
absetzbar	absetzen bar
kartenhäuschen	kartenhaus chen
unfruchtbarkeit	un fruchten bar keit
mittelalterlich	mittelalter lich
überholbar	überholen bar
sorgfältig	sorgfalt ig
stadtentwicklungssenatorin	stadtentwicklungssenator in
ablagerung	ablagern ung
erholung	erholen ung
regeltechniker	regeltechnik er
brandauer	brandau er
unbeachtlich	un be acht lich
thüringerin	thüringen er in
unfaßlich	un faß lich
volkskommissarin	volkskommissar in
erbaulich	erbauen lich
internatsschülerin	internatsschule er in
salamibrötchen	salamibrot chen
wiesbadenerin	wiesbaden er in
bekehrer	bekehren er
nachforderung	nachfordern ung
buchung	buchen ung
theaterschriftstellerin	theaterschriftsteller in
schlaflos	schlaf los
auswertung	auswerten ung
entbindung	ent binde ung
beifällig	beifallen ig
unerklärlichkeit	un erklären lich keit
gartenhäuschen	gartenhaus chen
einlieferer	einliefern er
turnierleiterin	turnierleiter in
beteiligung	beteiligen ung
offenhaltung	offenhalten ung
sexualwissenschaftlich	sexualwissen schaft lich
ringelschwänzchen	ringelschwanz chen
dramaturgin	dramaturg in
zwischengesellschaftlich	zwischengesellschaft lich
hauptmieterin	hauptmieter in
tieferlegung	tieferlegen ung
studiendirektorin	studiendirektor in
donaustädter	donaustadt er
trübsalbläser	trübsalblasen er
buckelig	buckel ig
einwerbung	einwerben ung
botin	bote in
lieferbar	liefern bar
fischhändlerin	fischhändler in
frauensenatorin	frauensenator in
gartenplaner	gartenplan er
anregung	anregen ung
referentin	referent in
braunschweiger	braunschweig er
sportärztlich	sportarzt lich
deutschstämmigkeit	deutschstämmig keit
merkwürdigkeit	merkwürde ig keit
theologiestudentin	theologiestudent in
auslobung	ausloben ung
herzoglich	herzog lich
drosselung	drosseln ung
kriegsplaner	kriegsplan er
gebrauchslyriker	gebrauchslyrik er
tatzeugin	tatzeuge in
geologin	geologe in
regulierung	regulieren ung
naturgesetzmäßigkeit	naturgesetz mäßig keit
gleichgewichtigkeit	gleichgewicht ig keit
friedenskämpfer	friedenskampf er
atomexpertin	atomexperte in
erstickung	ersticken ung
kirchhofer	kirchhof er
anruferin	anrufen er in
wildbader	wildbad er
leibwächterin	leibwächter in
erklärbar	erklären bar
holker	holke er
drehbuchautorin	drehbuchautor in
irmelin	irmel in
waldarbeiter	waldarbeit er
eigenverantwortlichkeit	eigenverantwortlich keit
kransberger	kransberg er
verarmung	ver arm e ung
trainer	train er
volksschullehrerin	volksschullehrer in
ausstellerin	ausstellen er in
haussklavin	haussklave in
konstrukteurin	konstrukteur in
gelegenheitskäufer	gelegenheitskauf er
beschuldigung	be schuld ig ung
ausscheidung	ausscheiden ung
verzierung	verzieren ung
tarnung	tarnen ung
heiratskandidatin	heiratskandidat in
friedrichshainer	friedrichshain er
willigen	wille ig
ankündigung	ankündigen ung
olympiastarter	olympiastart er
bewegungslos	bewegen ung los
entsorger	entsorgen er
würzburger	würzburg er
hochleistungssportlerin	hochleistungssport ler in
tatverdächtig	tatverdacht ig
kirchenbesucher	kirchenbesuch er
ganztagsschüler	ganztagsschule er
juniorenmeisterin	juniorenmeister in
neuzeller	neuzelle er
wettbetrüger	wettbetrug er
umstandslos	umstand los
dürftigkeit	dürftig keit
hühnerleber	hühnerleben er
akrobatin	akrobat in
nachmessung	nachmessen ung
subventionsbetrüger	subventionsbetrug er
armenierin	armenien er in
spartanerin	sparta aner in
geldfälscher	geldfälschen er
dachkämmerchen	dachkammer chen
dankbar	danken bar
musikstudentin	musikstudent in
spazierstöckchen	spazierstock chen
einordnung	einordnen ung
häßlich	haß lich
riedstädter	riedstadt er
datenschützerin	datenschutz er in
pilotin	pilot in
anteilseignerin	anteilseigner in
ungebräuchlich	un gebrauch lich
unendlichkeit	un ende lich keit
europäerin	europäer in
ästhetiker	ästhetik er
berufstätigkeit	berufstätig keit
strafrechtsreformer	strafrechtsreform er
verkehrsgutachter	verkehrsgutachten er
schuldnerberaterin	schuldnerberater in
meisterin	meister in
widerruflich	widerrufen lich
betonbauer	betonbau er
lebensretterin	lebensretter in
unlösbar	un lösen bar
pausenlos	pause los
identifizierung	identifizieren ung
fortbildung	fortbilden ung
korntaler	korntal er
tapsig	tapsen ig
rathaussprecherin	rathaussprecher in
ortenberger	ortenberg er
dummschwätzer	dummschwatz er
pflanzenbauer	pflanzenbau er
kammergerichtspräsidentin	kammergerichtspräsident in
kaperung	kapern ung
amateurin	amateur in
ausstaffierung	ausstaffieren ung
nachsendung	nachsenden ung
verleiher	verleihen er
wiederauffindung	wiederauffinden ung
radiojournalistin	radiojournalist in
ensemblespieler	ensemblespiel er
karrieremacher	karrieremachen er
bahnradfahrer	bahnradfahren er
fransig	fransen ig
niederösterreicher	niederösterreich er
vorweihnachtlich	vor weihnachten lich
ausschmückung	ausschmücken ung
studienfreundin	studienfreund in
mitschülerin	mitschüler in
vertrauensärztlich	vertrauensarzt lich
selbstfinanzierung	selbstfinanzieren ung
raunheimer	raunheim er
perter	perten er
spiegelbildlich	spiegelbild lich
übersättigung	übersättigen ung
streber	streben er
deckung	decken ung
austräger	austragen er
antisemitin	antisemit in
tramper	trampen er
vermehrungsfähigkeit	vermehrungsfähig keit
streitbar	streiten bar
sprinter	sprinten er
böhler	bohle er
fresser	fressen er
brüller	brüllen er
veranstaltung	ver anstalt ung
kalbin	kalb in
abartigkeit	abart ig keit
fernmeldetechniker	fernmeldetechnik er
staatsdichterin	staatsdichter in
farbtupfer	farbtupfen er
beeilung	beeilen ung
barmherzigkeit	barmherzig keit
staatsschauspielerin	staatsschauspiel er in
schellenberger	schellenberg er
stadtpräsidentin	stadtpräsident in
nichtbesitzer	nichtbesitz er
erdenklich	erdenken lich
naturgesetzlich	naturgesetz lich
amtstierärztlich	amtstierarzt lich
privatschülerin	privatschule er in
gewerkschafterin	gewerkschaft er in
medaillengewinnerin	medaillengewinn er in
mündlichkeit	mündlich keit
panzerfahrer	panzerfahren er
morastig	morast ig
reimer	reimen er
schiebung	schieben ung
akkordarbeiterin	akkordarbeit er in
nebenbuhlerin	nebenbuhler in
keimfähigkeit	keimfähig keit
namenspatin	namenspate in
bewunderung	bewundern ung
untervermietung	untervermieten ung
vizeeuropameisterin	vizeeuropameister in
schnellsprecher	schnellsprechen er
machtsüchtig	machtsucht ig
anpassungsfähigkeit	anpassungsfähig keit
verwandlungsfähigkeit	verwandlungsfähig keit
nachweispflichtig	nachweispflicht ig
polizeimeisterin	polizeimeister in
bolivianerin	bolivianer in
straßenhändlerin	straßenhändler in
einträchtig	eintracht ig
freiburgerin	freiburg er in
medienwirksamkeit	medienwirksam keit
verleihung	verleihen ung
zuführung	zuführen ung
ungeheuerlich	ungeheuer lich
fortpflanzungsmediziner	fortpflanzungsmedizin er
warnung	warnen ung
kaiserin	kaiser in
aufpflasterung	aufpflastern ung
häufigkeit	häufen ig keit
strafverteidigerin	strafverteidiger in
videospieler	videospiel er
salzburger	salzburg er
gesangssolistin	gesangssolist in
mittelständig	mittelstand ig
neuwerker	neuwerk er
zurückziehung	zurückziehen ung
medienassistentin	medienassistent in
zahnrädchen	zahnrad chen
wahlkampfleiterin	wahlkampfleiter in
fügung	fügen ung
mecklenburgerin	mecklenburg er in
volksmusiker	volksmusik er
optiker	optik er
vereinswirtin	vereinswirt in
gelenkigkeit	gelenk ig keit
vordenker	vordenken er
beischläferin	beischlaf er in
schmalenberger	schmalenberg er
peinigerin	pein ig er in
stempelung	stempeln ung
nichtwählerin	nichtwählen er in
überspannung	überspannen ung
durchlässigkeit	durchlässig keit
einkaufbar	einkaufen bar
verbandsvertreterin	verbandsvertreter in
siegburger	siegburg er
jazzmusiker	jazzmusik er
geherin	gehen er in
aktienkäufer	aktienkauf er
europafähigkeit	europafähig keit
wildensteiner	wildenstein er
krabbenbrötchen	krabbenbrot chen
kunstsinnigkeit	kunstsinn ig keit
nachteilig	nachteil ig
kolumbianerin	kolumbianer in
gesamtgesellschaftlich	gesamtgesellschaft lich
führungslos	führung los
mauerlos	mauer los
unpassierbar	un passieren bar
unvollständigkeit	unvollständig keit
bottroper	bottrop er
kopflos	kopf los
reformierung	reform ier ung
kokainabhängigkeit	kokainabhängig keit
arzthelferin	arzthelfer in
einbringung	einbringen ung
binnenwirtschaftlich	binnenwirtschaft lich
weißensteiner	weißenstein er
fein	fee in
widerspiegelung	widerspiegeln ung
pforzheimerin	pforzheim er in
ausstoßung	ausstoßen ung
pollenkörner	pollenkorn er
bedienerin	bedienen er in
neandertalerin	neandertaler in
stammesgeschichtlich	stammesgeschichte lich
moskauer	moskau er
bedränger	bedrängen er
hauptlehrer	hauptlehre er
nivellierung	nivellieren ung
kartenverkäufer	kartenverkauf er
gesangslehrerin	gesangslehrer in
flötenspieler	flötenspiel er
apfelbäumchen	apfelbaum chen
sichtung	sichten ung
teilstaatlich	teilstaat lich
primin	prim in
freiverkäuflich	freiverkauf lich
cafer	cafe er
staatsbürgerin	staatsbürger in
hexenmeisterin	hexenmeister in
landesgesetzlich	landesgesetz lich
schlager	schlagen er
pieper	piepen er
oberschlesier	oberschlesien er
eigennützig	eigennutz ig
benutzung	benutzen ung
leichenwäscherin	leichenwäscher in
baller	ballen er
stationsleiterin	stationsleiter in
scheckig	schecke ig
hofapotheker	hofapotheke er
schweriner	schwer e in er
wahlrechtlich	wahlrecht lich
ersatzkandidatin	ersatzkandidat in
fleischer	fleisch er
arbeitsministerin	arbeitsminister in
erfolgslos	erfolg los
rührseligkeit	rührselig keit
rechtsfähigkeit	rechtsfähig keit
informatiker	informatik er
wahnsinniger	wahnsinnige n er
stepper	steppen er
lieblichkeit	lieben lich keit
scherer	schere er
beitreibung	beitreiben ung
unabhängig	un abhängen ig
autofeindlichkeit	autofeindlich keit
handarbeiterin	handarbeiten in
ballettlehrerin	ballettlehrer in
geldbesitzer	geldbesitz er
besserung	bessern ung
einlieferung	einliefern ung
altersgenossin	altersgenosse in
weiterbewilligung	weiterbewilligen ung
mieter	mieten er
numismatiker	numismatik er
reformfeindlichkeit	reformfeind lich keit
verwünschung	verwünschen ung
wüstenkrieger	wüstenkrieg er
unverständlichkeit	unverstand lich keit
unterspannung	unterspannen ung
simin	sime in
überschlägig	überschlagen ig
pfeifenraucher	pfeifenrauch er
verstärkung	ver stark e ung
insassin	insasse in
inspirationslos	inspiration los
fernsehunternehmer	fernsehunternehmen er
fliegerin	fliegen er in
kontaktfreudigkeit	kontaktfreudig keit
zwangarbeiterin	zwangarbeiter in
geschwisterlich	geschwister lich
wähler	wählen er
pfleger	pflegen er
multiinstrumentalistin	multiinstrumentalist in
vogelwärter	vogelwarten er
brandenburger	brandenburg er
universalerbin	universalerbe in
priesterin	priester in
weinsberger	weinsberg er
hauseigentümer	hauseigentum er
verbandspräsidentin	verbandspräsident in
durchquerung	durchqueren ung
verfassungsrichterin	verfassungsrichter in
alpträumer	alptraum er
großunternehmer	großunternehmen er
uraufführung	uraufführen ung
entwicklungshelferin	entwicklungshelfer in
vormundschaftsgerichtlich	vormundschaftsgericht lich
offensivspieler	offensivspiel er
eckerlein	eck er lein
sozialstaatlichkeit	sozialstaat lich keit
absonderung	absondern ung
yener	yen er
würdigkeit	würdig keit
betriebsleiterin	betriebsleiter in
feindlich	feinden lich
südafrikanerin	südafrika aner in
kameradschaftlichkeit	kamerad schaft lich keit
strukturlos	struktur los
walfänger	walfang er
klassenlehrerin	klassenlehrer in
verdünnung	ver dünn ung
schiedsrichterlich	schiedsrichter lich
leningrader	leningrad er
dozentin	dozent in
sindelfingerin	sindelfingen er in
wurstbrötchen	wurstbrot chen
wiedergängerin	wiedergänger in
anmeldung	anmelden ung
tipper	tippen er
nachahmerin	nachahmen er in
kampfkräftig	kampfkraft ig
zweifler	zweifeln er
hinterhältig	hinterhalten ig
bahnfahrer	bahnfahren er
untermalung	untermalen ung
georgier	georgien er
kratzer	kratzen er
namensgeberin	namensgeber in
schiller	schill er
diplompädagogin	diplompädagoge in
säuger	säugen er
abscheulich	abscheu lich
schwieberdinger	schwieberdingen er
kleintransporter	kleintransport er
vergällung	vergällen ung
geldspender	geldspende er
giftigkeit	giften ig keit
heilpraktikerin	heilpraktiker in
nürtinger	nürtingen er
bescheidener	bescheiden e er
athletin	athlet in
ehrgeizig	ehrgeiz ig
operndirektorin	operndirektor in
entrückung	ent ruck ung
gleichgeschlechtlicher	gleichgeschlechtlich e n er
ungläubig	un glauben ig
straßenfußballer	straßenfußball er
fortsetzung	fortsetzen ung
jordanierin	jordan ien er in
wahlgänger	wahlgang er
kammersängerin	kammersänger in
scheußlichkeit	scheußlich keit
beschwichtigung	beschwichtigen ung
bassin	basse in
kleeberger	kleeberg er
talmudschüler	talmudschule er
sozialversicherungspflichtig	sozialversicherungspflicht ig
nordbadener	nordbaden er
taxiunternehmer	taxiunternehmen er
verfasserin	verfassen in
schulmediziner	schulmedizin er
propagierung	propagieren ung
todesbotin	todesbote in
bändigung	bändigen ung
netzwerkerin	netzwerk er in
wahlverliererin	wahlverlierer in
magerkeit	mager keit
gewährung	gewähren ung
fachgutachter	fachgutachten er
planungsreferentin	planungsreferent in
geschwisterlichkeit	geschwister lich keit
bildlos	bild los
landurlauber	landurlaub er
unsichtbarkeit	un sichten bar keit
vordringlich	vordringen lich
franzensbader	franzensbad er
abweichung	abweichen ung
katzenliebhaberin	katzenliebhaber in
sangesfreudig	sangesfreude ig
wohnungslos	wohnen ung los
gebieter	gebieten er
bühnentechniker	bühnentechnik er
springreiter	springreiten er
semin	sem in
bänkelsänger	bänkelsang er
hammerwerfer	hammerwerfen er
bochumerin	bochum er in
begeisterung	begeistern ung
salin	sal in
unerfreulich	un erfreuen lich
gründerin	gründen er in
knöpfchen	knopf chen
baudezernentin	baudezernent in
flüchtigkeit	flüchten ig keit
bindungslos	bindung los
erlösung	erlösen ung
prämierung	prämie ier ung
fahrlässigkeit	fahrlässig keit
wiedereinsteigerin	wiedereinsteiger in
ermordung	ermorden ung
empfangbar	empfangen bar
taxierung	taxieren ung
hofschneiderin	hofschneider in
radolfzeller	radolfzell er
witwer	witwe er
klapperig	klapper ig
unterbelichtung	unterbelichten ung
zielstrebigkeit	zielstrebig keit
tiertransporter	tiertransport er
ehrfurchtslos	ehrfurcht los
vormerkung	vormerken ung
realisierbar	real isier bar
metaphysiker	metaphysik er
unüberwindbar	un überwinden bar
bundessieger	bundessieg er
tanzmusiker	tanzmusik er
fensterbauer	fensterbau er
zeichner	zeichnen er
stecher	stechen er
vorladung	vorladen ung
saarbrücker	saarbrücken er
ereignislos	ereignis los
weigerung	weigern ung
gruppenführerin	gruppenführer in
kinderfeindlichkeit	kinderfeindlich keit
neunburger	neunburg er
begleiter	begleiten er
unzulässig	un zulassen ig
epiker	epik er
stegbauer	stegbau er
elektrotechniker	elektrotechnik er
medienwissenschaftlerin	medienwissenschaft ler in
bauleiterin	bauleiter in
ekelig	ekel ig
sozialpolitiker	sozialpolitik er
termin	term in
kompostierung	kompost ier ung
waldbesitzer	waldbesitz er
unbedenklich	un bedenken lich
zünder	zünden er
hongkonger	hongkong er
ernennung	ernennen ung
selbstbezüglich	selbstbezug lich
ervin	erve in
nonkonformistin	nonkonformist in
erfolgsautorin	erfolgsautor in
hürdensprinter	hürdensprint er
ansehung	ansehen ung
vertriebsleiterin	vertriebsleiter in
zauberer	zaubern er
verdrießlich	verdrießen lich
abänderung	abändern ung
reisebegleiterin	reisebegleiter in
regierungsunfähigkeit	regierungsunfähig keit
koller	koll er
meter	mete er
dividendenfähigkeit	dividendenfähig keit
schacherer	schachern er
gemeindevertreterin	gemeindevertreter in
fortwirkung	fortwirken ung
hauptorganisatorin	hauptorganisator in
städter	stadt er
schlosserin	schlosser in
demütigen	demut ig
kemper	kemp er
haftfähigkeit	haftfähig keit
medizinstudentin	medizinstudent in
tutorin	tutor in
organistin	organist in
degenfechter	degenfechten er
verteidigungspolitiker	verteidigungspolitik er
trösterin	trost er in
justierung	justieren ung
einfallslos	einfall los
alleinerziehung	alleinerziehen ung
belüftung	belüften ung
ausstellungsbesucherin	ausstellungsbesuch er in
weltenburger	weltenburg er
regenerationsfähigkeit	regenerationsfähig keit
flockig	flocken ig
hüttenstädter	hüttenstadt er
formalisierung	formale isier ung
zivilgesellschaftlich	zivilgesellschaft lich
fühlbar	fühlen bar
widerlich	widern lich
bauphysiker	bauphysik er
fraulich	frau lich
beweispflichtig	beweispflicht ig
häufig	häufen ig
gymnasiallehrerin	gymnasiallehrer in
spießigkeit	spießen ig keit
bemannung	bemannen ung
realwirtschaftlich	realwirtschaft lich
bitterkeit	bitter keit
rauscher	rausch er
verwertung	verwerten ung
hauswirtschafter	hauswirt schaft er
dauerredner	dauerreden er
waldbauer	waldbau er
fertighäuschen	fertighaus chen
rechtstaatlichkeit	rechtstaat lich keit
stuttgarterin	stuttgart er in
überstaatlich	überstaat lich
merlin	merle in
obstbauer	obstbau er
bundesgesundheitsministerin	bundesgesundheitsminister in
krankenpflegehelferin	krankenpflegehelfer in
ehrlos	ehren e los
bausenatorin	bausenator in
weggefährtin	weggefährte in
sportlehrerin	sportlehrer in
breslauer	breslau er
ehrenbürger	ehrenburg er
innerparteilich	inner partei lich
sozialversicherungsrechtlich	sozialversicherungsrecht lich
verträglichkeit	vertrag lich keit
geschwätzigkeit	schwatz sfx ig keit
blockierung	block ier ung
schmalspurig	schmalspur ig
befruchtung	befruchten ung
rheinländer	rheinland er
speicherung	speichern ung
theaterwissenschaftlerin	theaterwissenschaft ler in
pillenschlucker	pillenschlucken er
vertonung	ver ton ung
verwaltung	verwalten ung
gemahlin	gemahl in
gehorsamkeit	gehorsam keit
stadtplanerin	stadtplan er in
absichtlichkeit	absicht lich keit
premierministerin	premierminister in
irrtümlich	irrtum lich
hüllenlos	hüllen los
montrealer	montreal er
reizbarkeit	reizen bar keit
stiefmütterlich	stiefmutter lich
märchenerzählerin	märchenerzählen er in
symptomlos	symptom los
verstädterung	verstädtern ung
schmierung	schmieren ung
eiszeitlich	eiszeit lich
erziehbar	erziehen bar
bundesministerin	bundesminister in
brummer	brummen er
meitinger	meitingen er
frauenfeindlichkeit	frauenfeind lich keit
eisesser	eisesse er
zäunchen	zaun chen
personenschützer	personenschutz er
selbstläufer	selbstlauf er
vervielfachung	vervielfachen ung
anhebung	anheben ung
waffenlos	waffe los
tamilin	tamile in
abwehrspieler	abwehrspiel er
oderberger	oderberg er
thronfolgerin	thronfolge er in
vergegenständlichen	ver gegenstand lich
einigung	einigen ung
unternehmer	unternehmen er
bemerkung	bemerken ung
oberbereiter	oberbereite er
eigentätigkeit	eigentätig keit
wohnungsinhaberin	wohnungsinhaber in
popmusiker	popmusik er
tiergärtner	tiergarten er
kritikfreudigkeit	kritikfreudig keit
fettig	fetten ig
beleger	belegen er
überempfindlich	über empfinden lich
vereinbarkeit	vereinbar keit
satin	sat in
wichtelmännchen	wichtelmann chen
nichtchristlich	nichtchrist lich
warmblüter	warmblut er
strandung	stranden ung
vorstadthäuschen	vorstadthaus chen
sinnsucher	sinnsuche er
blickfänger	blickfang er
schmächtig	schmachten ig
weltklassespielerin	weltklassespieler in
energetiker	energetik er
stellvertreterin	stellvertreten er in
großstädter	großstadt er
saarburger	saarburg er
regierungsamtlich	regierungsamt lich
einmündung	einmünden ung
betreuerin	betreuen er in
minderheitenfeindlichkeit	minderheitenfeindlich keit
fortschrittlich	fortschritt lich
profilierung	profil ier ung
untermieterin	untermiete er in
librettistin	librettist in
militärtechniker	militärtechnik er
wunderlin	wunderle in
abschaltung	abschalten ung
staksig	staksen ig
demütigung	demut ig ung
fühlung	fühlen ung
rückseitig	rückseite ig
nassauer	nassau er
mexikanerin	mexikaner in
warzig	warze ig
ausbilder	ausbilden er
altenpfleger	altenpflege er
anpassungswillig	anpassungswille ig
darmstädterin	darmstadt er in
kneipenwirtin	kneipenwirt in
verpuppung	ver puppe ung
anilin	anil in
nahkämpfer	nahkampf er
gebärfähigkeit	gebärfähig keit
erotisierung	erotisch isier ung
sozialreferentin	sozialreferent in
staubkörner	staubkorn er
stachelig	stachel ig
bucher	buche er
ungemütlichkeit	un gemüt lich keit
vergreisung	ver greis e ung
finanzplaner	finanzplan er
bademeisterin	bademeister in
stillung	stillen ung
bemühung	bemühen ung
objektschützer	objektschutz er
vorrichtung	vorrichten ung
unbestechlichkeit	un bestechen lich keit
weisheitslehrer	weisheitslehren er
möbelbauer	möbelbau er
unverkäuflich	un verkauf lich
armbändchen	armband chen
bahnpolizeilich	bahnpolizei lich
aktivierung	akt iv e ier ung
steinbrecher	steinbrech er
irakerin	irak er in
wertvoller	wertvollen er
mandeläugig	mandelauge ig
drücker	drucken er
trennbarkeit	trennen bar keit
überparteilichkeit	über partei lich keit
nervenärztlich	nervenarzt lich
bremer	bremen er
belgierin	belgien er in
fahrbar	fahren bar
atombomber	atombombe er
erbrechtlich	erbrecht lich
geheimagentin	geheimagent in
breslauerin	breslau er in
unsterblichkeit	un sterben lich keit
kabelwerker	kabelwerk er
langläuferin	langlaufen er in
krankschreibung	krankschreiben ung
umweglos	umweg los
cremig	creme ig
notwendiger	notwendigen er
gestaltbarkeit	gestalten bar keit
kinobetreiberin	kinobetreiber in
vermutlich	vermuten lich
radierung	radieren ung
fotojournalistin	fotojournalist in
minnesänger	minnesang er
bundesschatzmeisterin	bundesschatzmeister in
spielbar	spielen bar
einsatzfähigkeit	einsatzfähig keit
proletarierin	proletarier in
messestädter	messestadt er
pflichtwidrigkeit	pflichtwidrig keit
laufställchen	laufstall chen
sozialneider	sozialneid er
aufforderung	auffordern ung
lüneburger	lüneburg er
regierungslos	regieren ung los
bezirkschefin	bezirkschef in
nacheiszeitlich	nacheiszeit lich
wiederverwendung	wiederverwenden ung
allzuständigkeit	allzuständig keit
beamtenanwärterin	beamtenanwärter in
dreher	drehen er
universitätsprofessorin	universitätsprofessor in
australierin	australien er in
schrankenlos	schranke los
grausamkeit	grauen sam keit
dachdecker	dachdecken er
produktmanagerin	produktmanager in
jugendbildungsreferentin	jugendbildungsreferent in
schößchen	schoß chen
wiedereinsetzung	wiedereinsetzen ung
freigänger	freigang er
starreporterin	starreporter in
museumspädagogin	museumspädagoge in
erfrischung	er frisch ung
abgründig	abgrund ig
minensucher	minensuchen er
kleingärtner	kleingarten er
erkältung	erkälten ung
herausfordererin	herausforderer in
nukleartechniker	nukleartechnik er
weiterverfolgung	weiterverfolgen ung
neustifter	neustift er
jungunternehmer	jungunternehmen er
regenwaldschützer	regenwaldschutz er
sorglos	sorge los
hinwendung	hinwenden ung
implementierung	implementieren ung
blockspieler	blockspiel er
amtschefin	amtschef in
waffenverkäufer	waffenverkauf er
heiligung	heiligen ung
industriearbeiterin	industriearbeit er in
polizeireporterin	polizeireport er in
umweltpolitiker	umweltpolitik er
friesin	friese in
sachkundig	sachkunde ig
zumutung	zumuten ung
industriepolitiker	industriepolitik er
herrlich	herr lich
kopierbar	kopie ier bar
beeinflußbarkeit	beeinflußbar keit
großherzigkeit	großherzig keit
wünschbarkeit	wünschen bar keit
klavierspielerin	klavierspielen er in
sympathisantin	sympathisant in
schuldenmacher	schuldenmachen er
reiseunfähigkeit	reiseunfähig keit
putzer	putz er
städtebauer	städtebau er
lochung	lochen ung
landtagsvizepräsidentin	landtagsvizepräsident in
leutseligkeit	leutselig keit
trickbetrüger	trickbetrug er
übernatürlich	übernatur lich
freizeitgärtner	freizeitgarten er
wirtschaftsfeindlichkeit	wirtschaftsfeindlich keit
innovationsfreudig	innovationsfreude ig
langlebigkeit	langlebig keit
fachschüler	fachschule er
erwerbslos	erwerb los
staatlich	staat lich
absplitterung	ab splitten ung
gesteigert	ge steige er
lesung	lesen ung
weltenbummlerin	weltenbummler in
verwitterung	verwittern ung
anleitung	anleiten ung
überdachung	über dach ung
altbürgerlich	altbürger lich
fertigung	fertigen ung
restlich	rest lich
strafgerichtlich	strafgericht lich
computermusiker	computermusik er
umweltdezernentin	umweltdezernent in
makedonier	makedonien er
tapferkeit	tapfer keit
jugendfußballer	jugendfußball er
kunstkritiker	kunstkritik er
verdeutlichung	ver deutlich ung
stopper	stoppen er
unabdingbarkeit	unabdingbar keit
täter	tat er
raketentechniker	raketentechnik er
nachqualifizierung	nachqualifizieren ung
golfkrieger	golfkrieg er
teilzeitig	teilzeit ig
gottähnlichkeit	gottähnlich keit
bedienung	bedienen ung
lagerfähigkeit	lagerfähig keit
operationsfähigkeit	operationsfähig keit
absendung	absenden ung
kahlköpfigkeit	kahlkopf ig keit
erstarkung	erstarken ung
wahrhaftigkeit	wahrhafte ig keit
löwenberger	löwenberg er
wanderung	wandern ung
kulturhistorikerin	kulturhistorik er in
verhängung	verhängen ung
bezahlbar	bezahlen bar
begierig	begier ig
mulattin	mulatte in
wasserverkäufer	wasserverkauf er
senatsvertreterin	senatsvertreter in
andalusier	andalusien er
bremerhavener	bremerhaven er
industriearbeiter	industriearbeit er
erbauung	erbauen ung
gutheißung	gutheißen ung
mongolin	mongole in
nichtarbeitslos	nichtarbeit los
reibung	reiben ung
genußfähigkeit	genußfähig keit
golffahrerin	golffahrer in
vertreiber	vertreiben er
staubsauger	staubsaugen er
waghalsigkeit	waghalsig keit
arnstädter	arnstadt er
passauer	passau er
seegängig	seegang ig
bleistiftspitzer	bleistiftspitze er
schwergewichtig	schwergewichten ig
karmeliter	karmelit er
bürochefin	bürochef in
holsteiner	holstein er
anwender	anwenden er
endzeitlich	endzeit lich
autofreundlich	autofreund lich
ausfertigung	ausfertigen ung
marketingleiterin	marketingleiter in
abschlachtung	abschlachten ung
kulturlos	kultur los
essenerin	essen er in
geschichtsdenker	geschichtsdenken er
teilchenphysiker	teilchenphysik er
schwerfällig	schwerfallen ig
architekturkritiker	architekturkritik er
gewerkschaftssprecherin	gewerkschaftssprecher in
beengung	beengen ung
theoretikerin	theoretiker in
finanzministerin	finanzminister in
londoner	london er
landeseinheitlich	landeseinheit lich
lebensfreundlich	lebensfreund lich
einwechselung	einwechseln ung
kugelförmig	kugelform ig
bahntechniker	bahntechnik er
auseinandersetzung	auseinandersetzen ung
haarlos	haar los
entschlußfreudig	entschlußfreude ig
lustschlößchen	lustschloß chen
blutdürstig	blutdurst ig
auskleidung	auskleiden ung
höflich	hof lich
holzarbeiter	holzarbeit er
radiomacher	radiomachen er
bundesdurchschnittlich	bundesdurchschnitt lich
volkstümlichkeit	volkstümlich keit
spinnerin	spinnen in
würfelig	würfel ig
menschenrechtswidrigkeit	menschenrechtswidrig keit
südtiroler	südtirol er
sensibilisierung	sensibilisieren ung
vermögensrechtlich	vermögensrecht lich
weinstädter	weinstadt er
widerborstig	wider borste ig
scheinheiligkeit	scheinheilig keit
anfechtung	anfechten ung
erfüllung	erfüllen ung
volksschüler	volksschule er
fahrfähigkeit	fahrfähig keit
volksschauspieler	volksschauspiel er
fledermausschützer	fledermausschutz er
küstenschützer	küstenschutz er
musikschüler	musikschule er
bejahung	bejahen ung
züchtigung	zucht ig ung
eifelstädtchen	eifelstadt chen
presserechtlich	presserecht lich
frühsommerlich	frühsommer lich
verkündung	verkünden ung
kaffer	kaff er
vermännlichen	ver mann lich
nichtkenner	nichtkennen er
zulässigkeit	zulassen ig keit
holzner	holzen er
unverdaulichkeit	unverdaulich keit
trübsinnig	trübsinn ig
referatsleiterin	referatsleiter in
verallgemeinerung	ver allgemein ung
fußpfleger	fußpflege er
erblasser	erblassen er
gesprächsfähigkeit	gesprächsfähig keit
auswahlspieler	auswahlspiel er
lebensspenderin	lebensspender in
goldgierig	goldgier ig
aufmunterung	aufmuntern ung
eisenberger	eisenberg er
betzenberger	betzenberg er
wegbegleiterin	wegbegleiter in
schulmeisterlich	schulmeister lich
kletterer	klettern er
lübecker	lübeck er
schulfreundin	schulfreund in
pfarrer	pfarre er
grundpfandrechtlich	grundpfandrecht lich
übertariflich	über tarif lich
tatsächlichkeit	tatsächlich keit
annehmbar	annehmen bar
oliver	oliv e er
hemmungslos	hemmung los
moorig	moor ig
alltäglich	alltag lich
barmusiker	barmusik er
sensationssieger	sensationssieg er
panzerung	panzern ung
korrektorin	korrektor in
mildtätigkeit	mildtätig keit
betäubung	betäuben ung
hehlerin	hehl er in
möbeldesigner	möbeldesign er
reinberger	reinberg er
löwensteiner	löwenstein er
veranschaulichen	ver anschauen lich
holländerin	holland er in
ewigkeit	ewig keit
stellungslos	stellung los
abwechselung	abwechseln ung
kemptener	kempten er
studienanfängerin	studienanfang er in
gefängnisdirektorin	gefängnisdirektor in
berufsschullehrerin	berufsschullehrer in
montagearbeiter	montagearbeit er
außenwirtschaftsrechtlich	außenwirtschaftsrecht lich
allein	allee in
vollziehbarkeit	vollziehen bar keit
wirtschafter	wirtschaften er
fortführung	fortführen ung
schäbig	schabe ig
botmäßigkeit	botmäßig keit
verfinsterung	ver finster ung
ehrwürdig	ehrwürde ig
rechtmäßigkeit	rechtmäßig keit
überwinder	überwinden er
echterdinger	echterdingen er
modifizierung	modifizieren ung
wirksamkeit	wirksam keit
puffer	puff er
denkmalspfleger	denkmalspflege er
untergewichtig	untergewicht ig
verdauung	verdauen ung
haschischraucher	haschischrauchen er
hauptdarstellerin	hauptdarsteller in
schälchen	schal chen
humorlos	humor los
parteichefin	parteichef in
verquickung	ver quick ung
eigenmächtig	eigenmacht ig
großbetrüger	großbetrug er
gerichtsreporterin	gerichtsreport er in
verbraucherschützerin	verbraucherschutz er in
schlaksig	schlaks ig
arbeitsgesellschaftlich	arbeitsgesellschaft lich
hufeisenförmig	hufeisenform ig
inspektorin	inspektor in
kulturplaner	kulturplan er
verschanzung	ver schanze ung
geiseltaler	geiseltal er
auffälligkeit	auffällig keit
torfig	torf ig
anfechtbar	anfechten bar
filmverleiher	filmverleih er
wirtschaftsgeschichtlich	wirtschaftsgeschichte lich
verhetzung	ver hetze ung
verfassungswidrigkeit	verfassungswidrig keit
keramikerin	keramik er in
vergeistigen	ver geist ig
tankstellenpächterin	tankstellenpächter in
knurrig	knurren ig
vermeidung	vermeiden ung
bundesbanker	bundesbank er
büroarbeiter	büroarbeit er
unehelich	un ehe lich
ungleichmäßig	un gleichmaß ig
verräuchern	ver rauchen er
regung	regen ung
übermalung	über mal ung
zügellos	zügel los
passantin	passant in
raketenbauer	raketenbau er
reykjaviker	reykjavik er
hotelbesitzerin	hotelbesitzer in
wohnungswirtschaftlich	wohnungswirtschaft lich
ghanaer	ghana er
verkennung	verkennen ung
ertüchtigung	ertüchtigen ung
sandig	sand ig
glücklos	glück los
amtsvorgängerin	amtsvorgänger in
blumig	blume ig
lokomotivbauer	lokomotivbau er
hüttenberger	hüttenberg er
regionalligaspielerin	regionalligaspiel er in
heimarbeiterin	heimarbeit er in
risikopatientin	risikopatient in
plattenkäufer	plattenkauf er
weimarer	weimar er
kirchenkritiker	kirchenkritik er
pflänzchen	pflanzen chen
siedlerhäuschen	siedlerhaus chen
schraffierung	schraffieren ung
filmtechniker	filmtechnik er
expliziter	explizit e er
römerzeitlich	römerzeit lich
universitätsdozentin	universitätsdozent in
schriftstellerkollegin	schriftstellerkollege in
reparaturfreundlichkeit	reparaturfreundlich keit
sanktionslos	sanktion los
kokain	koka in
wohnlich	wohnen lich
marathonläuferin	marathonlaufen er in
brauchtumspfleger	brauchtumspflege er
landschaftspfleger	landschaftspflege er
teiler	teilen er
gemeindesekretärin	gemeindesekretär in
gruppensieger	gruppensieg er
straflos	strafen los
zulassung	zulassen ung
tiefsinnig	tiefsinn ig
mathematikerin	mathematik er in
vertagung	ver tag ung
überzieher	überziehen er
petersberger	petersberg er
einstig	einst ig
unterlegung	unterlegen ung
flußschiffer	flußschiff er
stichwortgeberin	stichwortgeber in
düsseldorferin	düsseldorf er in
leistungsschwimmerin	leistungsschwimmer in
künstlichkeit	kunst lich keit
vergolder	ver gold er
tauglich	taugen lich
warenförmig	warenform ig
vertragsrechtlich	vertragsrecht lich
benützer	benutzen er
danzigerin	danzig er in
favoritin	favorit in
intendantin	intendant in
ermöglichung	ermöglichen ung
lateinlehrerin	lateinlehrer in
herstellerin	herstellen er in
polizeigewerkschafter	polizeigewerkschaft er
überbuchung	über buche ung
röckchen	rock chen
rundfunksprecherin	rundfunksprecher in
tauglichkeit	taugen lich keit
unmerklich	un merken lich
mißgünstig	mißgunst ig
einzelkämpfer	einzelkampf er
unbußfertigkeit	un bußfertig keit
vereitelung	ver eitel ung
titelgewinner	titelgewinn er
abgängerin	abgang er in
hessenmeisterin	hessenmeister in
weilbacher	weilbach er
leiterin	leiten er in
ausgrenzung	ausgrenzen ung
belegung	belegen ung
inländerin	inländer in
thailänder	thailand er
umgruppierung	umgruppieren ung
elendiglich	elend ig lich
gartenarbeiter	gartenarbeit er
zeremonienmeisterin	zeremonienmeister in
viertausender	viertausend er
erfahrung	erfahren ung
überwinterung	über winter ung
verfassungsfeindlich	verfassungsfeind lich
nachtarbeiter	nachtarbeit er
billiglohnarbeiter	billiglohnarbeit er
chaotin	chaot in
schminkköfferchen	schminkkoffer chen
tunesierin	tunesien er in
supertechniker	supertechnik er
fünfprozentig	fünfprozent ig
landesjugendpfarrerin	landesjugendpfarrer in
unredlich	un reden lich
nachtschwärmerin	nachtschwärmer in
achtundsechziger	achtundsechzig er
angehörigkeit	angehören ig keit
betriebsverfassungsrechtlich	betriebsverfassungsrecht lich
erkennungsdienstlich	erkennungsdienst lich
neckarstädtchen	neckarstadt chen
überbesetzung	überbesetzen ung
schwerbeschädigung	schwerbeschädigen ung
brotkörbchen	brotkorb chen
sozialstaatlich	sozialstaat lich
fechterin	fechten er in
eindämmung	eindämmen ung
fahnenschwenker	fahnenschwenken er
namibierin	namibia er in
friedensfähigkeit	friedensfähig keit
vierteljährlich	vierteljahr lich
rechenschaftspflichtig	rechenschaftspflicht ig
beinsteiner	beinstein er
verbandspolitiker	verbandspolitik er
regierungspräsidentin	regierungspräsident in
werbetechniker	werbetechnik er
parteiförmig	parteiform ig
medienreferentin	medienreferent in
durchsichtig	durchsicht ig
gleichschaltung	gleichschalten ung
einzelstarter	einzelstart er
rehabilitierung	rehabilitieren ung
fruchtbar	fruchten bar
plattfüßig	plattfuß ig
wiederbegründung	wiederbegründen ung
schmierer	schmieren er
gesundheitswissenschaftlich	gesundheitswissenschaft lich
übermittler	übermitteln er
geschwisterpärchen	geschwisterpaar chen
sozialhilferechtlich	sozialhilferecht lich
unnachgiebigkeit	un nachgiebig keit
bibliotheksleiterin	bibliotheksleiter in
stimulierung	stimulieren ung
glatzköpfig	glatzkopf ig
gleichwertigkeit	gleichwertig keit
biologiestudentin	biologiestudent in
klößchen	kloß chen
mathematiklehrerin	mathematiklehrer in
gierig	gieren ig
kombattantin	kombattant in
kinobesucher	kinobesuch er
abordnung	abordnen ung
hildesheimer	hildesheim er
eberstädter	eberstadt er
beschilderung	beschildern ung
anzeigepflichtig	anzeigepflicht ig
programmfüller	programmfülle er
bewährung	bewähren ung
wendigkeit	wenden ig keit
klangsinnlichkeit	klangsinn lich keit
großmannsüchtig	großmannsucht ig
patientin	patient in
namensvetterin	namensvetter in
bezieher	beziehen er
vermenschlichung	ver mensch lich e ung
fischesser	fischesse er
geller	gellen er
springer	springen er
autolos	auto los
lörracher	lörrach er
austauschpartnerin	austauschpartner in
lufttransporter	lufttransport er
verdeutschung	ver deutsch ung
vorturnerin	vorturnen in
buchverkäufer	buchverkauf er
kernig	kernen ig
studioleiterin	studioleiter in
hauptschüler	hauptschule er
schloßherrin	schloßherr in
frauenrechtlerin	frauenrecht ler in
vereisung	vereisen ung
radfahrer	radfahren er
unerreichbar	un erreichen bar
ministerpräsidentin	ministerpräsident in
barrikadenkämpfer	barrikadenkampf er
klassenverräter	klassenverrat er
seehafer	seehafen er
sauerstofflos	sauerstoff los
spielberger	spielberg er
regierungspolitiker	regierungspolitik er
hiller	hille er
heutig	heute ig
absenderin	absenden er in
milchfarmer	milchfarm er
bundesligaspieler	bundesligaspiel er
skispringer	skispringen er
namenspatronin	namenspatron in
hochschullehrerin	hochschullehre er in
oberflächig	oberfläche ig
bärtig	barte ig
linzer	linz er
klavierschülerin	klavierschule er in
kutscher	kutsche er
erwiderung	erwidern ung
sehnlich	sehnen lich
fellbacherin	fellbach er in
tontechniker	tontechnik er
unmanierlich	un manier lich
garnierung	garn ier ung
uneinig	un eine ig
hilfsbedürftigkeit	hilfsbedürftig keit
verdächtigen	verdacht ig
finanzwirtschaftlich	finanzwirt schaft lich
visapflichtig	visapflicht ig
entwicklungssoziologin	entwicklungssoziologe in
trommler	trommeln er
holztürmchen	holzturm chen
krüppelig	krüppel ig
berufsberaterin	berufsberater in
unzugänglich	un zugang lich
kreispolitiker	kreispolitik er
unterdrücker	unterdrücken er
preislich	preis lich
demontierung	demontieren ung
sozialverträglich	sozialvertrag lich
straßenkämpfer	straßenkampf er
versammlungsbesucher	versammlungsbesuch er
schutzbedürftigkeit	schutzbedürftig keit
eßsüchtig	eßsucht ig
weiterfinanzierung	weiterfinanzieren ung
lausig	lausen ig
hochherzigkeit	hochherzig keit
unnahbarkeit	unnahbar keit
liedermacherin	liedermacher in
maierhofer	maierhof er
pfungstädter	pfungstadt er
hochschulpolitiker	hochschulpolitik er
leichtsinnigkeit	leichtsinn ig keit
kunstministerin	kunstminister in
sehringer	sehring er
vorurteilslos	vorurteil los
dickhäuter	dickhaut er
messerwerfer	messerwerfen er
pflanzenbaulich	pflanzenbau lich
koordinierung	koordinieren ung
kriegsgewinner	kriegsgewinn er
rechtsmedizinerin	rechtsmedizin er in
kaltenecker	kalteneck er
ecker	eck er
hektiker	hektik er
besoldung	besolden ung
zuseher	zusehen er
servierer	servie ier er
wirkungsmächtig	wirkungsmacht ig
wunschdenker	wunschdenken er
unsichtbar	un sichten bar
demokratin	demokrat in
westernreiter	westernreiten er
studienkollegin	studienkollege in
karosseriebauer	karosseriebau er
sichtbar	sichten bar
ankurbelung	ankurbeln ung
entwicklungsgeschichtlich	entwicklungsgeschichte lich
golfspieler	golfspiel er
begründerin	begründen er in
geschirrspüler	geschirrspülen er
juraprofessorin	juraprofessor in
kerlchen	kerl chen
sonneberger	sonneberg er
waffenrechtlich	waffenrecht lich
schwärmer	schwärmen er
entwendung	entwenden ung
säger	säge er
schaustellerin	schausteller in
werttransporter	werttransport er
kostümierung	kostüm ier ung
abmagerung	abmagern ung
gelockert	ge locke er
geheimdienstlich	geheimdienst lich
mitarbeiter	mitarbeiten er
bundesligatauglichkeit	bundesligatauglich keit
abdichtung	abdichten ung
trinkerin	trinken er in
untersuchungsrichterin	untersuchungsrichter in
gleisarbeiter	gleisarbeit er
gerichtsreporter	gerichtsreport er
physikerin	physik er in
autoteiler	autoteilen er
aufwallung	aufwallen ung
abfallrechtlich	abfallrecht lich
besucher	besuchen er
betreiber	betreiben er
wasserträger	wassertragen er
mißhandler	mißhandeln er
übersetzung	übersetzen ung
kodierung	kode ier ung
kirchlich	kirche lich
teamkollegin	teamkollege in
berater	beraten er
mutlos	mut los
überraschungssiegerin	überraschungssieg er in
retterin	retten er in
spitzenverdienerin	spitzenverdiener in
begründungslos	begründen ung los
brüderlichkeit	brüderlich keit
vollkornbrötchen	vollkornbrot chen
zierlichkeit	zieren lich keit
eilbedürftigkeit	eilbedürftig keit
trotzig	trotzen ig
trunksüchtig	trunksucht ig
lebensmittelrechtlich	lebensmittelrecht lich
theaterautorin	theaterautor in
sittlichkeit	sitte lich keit
unehrlichkeit	unehre lich keit
maskenbildnerin	maskenbildner in
erstreckung	er strecken e ung
wiederverwertbar	wiederverwerten bar
nicolin	nicole in
obrigkeitsstaatlich	obrigkeitsstaat lich
tragödin	tragöde in
reformfähigkeit	reformfähig keit
ausweisung	ausweisen ung
japanerin	japan er in
verselbständigung	ver selbständig ung
umtriebig	umtrieb ig
unauffindbar	un auffinden bar
lautsprachlich	lautsprache lich
konfliktträchtigkeit	konfliktträchtig keit
regionalgeschichtlich	regionalgeschichte lich
brandgefährlich	brandgefahr lich
punktezähler	punktezahl er
erforschung	er forsch ung
feststellung	feststellen ung
überläufer	überlaufen er
rückstandslos	rückstand los
hilfsarbeiterin	hilfsarbeit er in
fernsehlos	fernsehen los
oberkasseler	oberkassel er
vermesser	vermessen er
taucherin	tauchen er in
handschriftlich	handschrift lich
generalüberholung	generalüberholen ung
hansestädter	hansestadt er
iranerin	iran er in
besetzung	besetzen ung
praktikumslehrerin	praktikumslehrer in
erwerbung	erwerben ung
bürgermeisterstellvertreterin	bürgermeisterstellvertreter in
wirtschaftsberaterin	wirtschaftsberater in
laupheimer	laupheim er
mixer	mix er
steckbrieflich	steckbrief lich
zeitkritiker	zeitkritik er
ausfüllung	ausfüllen ung
steinenberger	steinenberg er
missetäter	missetat er
untergründig	untergrund ig
oberstudiendirektorin	oberstudiendirektor in
turniersiegerin	turniersieg er in
wahrnehmbar	wahrnehmen bar
einstudierung	einstudieren ung
liedsängerin	liedsänger in
mitbegründerin	mitbegründer in
unterhachinger	unterhaching er
kunsthändlerin	kunsthändler in
überführung	überführen ung
hünfelder	hünfeld er
landeshoheitlich	landeshoheit lich
hafenarbeiter	hafenarbeit er
kippbar	kippen bar
bankräuberin	bankraub er in
großformatig	großformat ig
polizeirechtlich	polizeirecht lich
kunsthandwerker	kunsthandwerk er
leitfähigkeit	leitfähig keit
vollziehung	vollziehen ung
distanzlos	distanz los
gesinnungsgenossin	gesinnungsgenosse in
nachlaßverwalterin	nachlaßverwalter in
kraftfahrzeugmechanikerin	kraftfahrzeugmechaniker in
jugendläufer	jugendlauf er
zerstückelung	zerstückeln ung
terminierung	term in ier ung
verabredung	verabreden ung
posträuber	postraub er
schnulzig	schnulze ig
medaillengewinner	medaillengewinn er
unterdurchschnittlich	unter durchschnitt lich
blumenhändlerin	blumenhändler in
außerdienstlich	außer dienst lich
trainerin	train er in
fürtherin	fürth er in
großartigkeit	großartig keit
neuhofer	neuhof er
odin	ode in
fernsehmacher	fernsehmachen er
polizeireporter	polizeireport er
literaturgeschichtlich	literaturgeschichte lich
hochkommissarin	hochkommissar in
brettspieler	brettspiel er
müllerin	mull er in
ausleihung	ausleihen ung
wasserlos	wasser los
parteiführerin	parteiführer in
treffer	treff er
erbsenzähler	erbsenzählen er
trassierung	trasse ier ung
nordirin	nordire in
belustigung	belustigen ung
abidin	abid in
experimentalphysiker	experimentalphysik er
schuhputzer	schuhputz er
firmenchefin	firmenchef in
heroinsüchtig	heroinsucht ig
absonderlichkeit	absondern lich keit
tanzer	tanz er
verpflegung	verpflegen ung
kartenständer	kartenstand er
kringelig	kringel ig
befähigung	befähigen ung
jungsozialistin	jungsozialist in
gemütlich	gemüt lich
warin	ware in
wohnungspolitiker	wohnungspolitik er
falkenhagener	falkenhagen er
mainzerin	mainz er in
untergeher	untergehen er
jugendpflegerin	jugendpflege er in
uneinlösbar	un einlösen bar
verfassung	verfassen ung
tannenbäumchen	tannenbaum chen
schaulustig	schaulust ig
ziegenzüchter	ziegenzucht er
neuerlich	neuere lich
beanstandung	be anstand ung
erhebung	erheben ung
negerin	neger in
bewahrung	bewahren ung
abmeldung	abmelden ung
faltblättchen	faltblatt chen
anweisung	anweisen ung
plastikbändchen	plastikband chen
birkenwäldchen	birkenwald chen
berufsanfängerin	berufsanfänger in
kreditkartenbetrüger	kreditkartenbetrug er
fahrradfreundlich	fahrradfreund lich
jeromin	jerome in
zentralisierung	zentral isier ung
schrecklich	schreck lich
machtgierig	machtgier ig
verletzung	verletzen ung
saarländer	saarland er
urheberrechtlich	urheberrecht lich
einwanderungsministerin	einwanderungsminister in
notfallpatientin	notfallpatient in
übersteigerung	übersteigern ung
dreizügigkeit	dreizügig keit
jämmerlich	jammer lich
breisgauer	breisgau er
bildermacher	bildermachen er
sanftmütig	sanftmut ig
norditaliener	norditalien er
wolkenlos	wolke los
einsatzplaner	einsatzplan er
übersichtlichkeit	übersichten lich keit
zustimmungsbedürftigkeit	zustimmungsbedürftig keit
halbgöttlich	halbgott lich
holzhäuschen	holzhaus chen
entleerung	ent leer e ung
verschlüsselung	ver schlüssel ung
hornlos	horn los
pseudowissenschaftlich	pseudowissenschaft lich
unbenutzbar	un benutzen bar
haber	haben er
geräuschlos	geräusch los
setzerin	setzer in
betriebswirtschaftlich	betriebswirt schaft lich
nachbildung	nachbilden ung
übertragbar	übertragen bar
pfullinger	pfullingen er
chinesin	china ese in
rückkehrer	rückkehr er
nachbörslich	nachbörse lich
theaterkritikerin	theaterkritik er in
untermauerung	untermauern ung
umwidmung	umwidmen ung
doppelspieler	doppelspiel er
pauschalurlauber	pauschalurlaub er
rockmusikerin	rockmusik er in
ostjerusalemer	ostjerusalem er
patronin	patrone in
ordnungsmäßigkeit	ordnen ung mäßig keit
klinkenputzer	klinkenputzen er
abdeckung	abdecken ung
populärwissenschaftlich	populärwissenschaft lich
meisterung	meistern ung
nachrichtenchefin	nachrichtenchef in
zwischenmenschlichkeit	zwischenmenschlich keit
verbraucher	verbrauchen er
eifersüchtig	eifersucht ig
auffassung	auffassen ung
musterung	mustern ung
gutachter	gutachten er
rundgänger	rundgang er
motivlos	motiv los
unzurechnungsfähigkeit	unzurechnungsfähig keit
doppelagentin	doppelagent in
violinistin	viola ine ist in
tierzüchter	tierzucht er
trompeterin	trompeten er in
heiligkeit	heil e ig keit
geltungssüchtig	geltungssucht ig
aufzeichnung	aufzeichnen ung
verrechnung	verrechnen ung
sanitätsdienstlich	sanitätsdienst lich
nachchristlich	nach chr ist lich
verwundbarkeit	verwundbar keit
landesbeamtin	landesbeamte in
bedürftigkeit	bedürften ig keit
halbjährig	halbjahr ig
steinbauer	steinbau er
gaswirtschaftlich	gaswirtschaft lich
immobilienbesitzer	immobilienbesitz er
impulsgeberin	impulsgeber in
näpfchen	napf chen
laborantin	laborant in
hochmütig	hochmut ig
gemütlichkeit	gemüt lich keit
neuseeländer	neuseeland er
verursachung	ver ursache ung
bearbeiterin	bearbeiten er in
gebrechlich	gebrech lich
bedeutungslos	bedeuten ung los
sonntagsspaziergänger	sonntagsspaziergang er
engstirnigkeit	engstirnig keit
starrsinnig	starrsinn ig
mausig	mausen ig
zeitungskäufer	zeitungskauf er
eigensinnig	eigensinn ig
mittelfeldspielerin	mittelfeldspiel er in
zweckmäßigkeit	zweck mäßig keit
programmgestalterin	programmgestalter in
konjunkturanfälligkeit	konjunkturanfällig keit
balltreter	balltreten er
freizeitsportlich	freizeitsport lich
reutlinger	reutlingen er
versicherer	versichern er
ordnungspolitiker	ordnungspolitik er
großberliner	großberlin er
jazzmusikerin	jazzmusik er in
großgrundbesitzer	großgrundbesitz er
gerichtssprecherin	gerichtssprecher in
weltläufigkeit	weltlauf ig keit
albanerin	alban er in
fürsorglichkeit	fürsorge lich keit
großbauer	großbau er
ausstellungsdesigner	ausstellungsdesign er
keulenschwinger	keulenschwingen er
schadensersatzpflichtig	schadensersatzpflicht ig
herrenlos	herr los
vollbärtig	vollbart ig
ausstellungsmacher	ausstellungsmachen er
redlichkeit	reden lich keit
fernbedienung	fernbedienen ung
unbefahrbar	un befahren bar
bundestagskandidatin	bundestagskandidat in
übungsleiterin	übungsleiter in
verkäuferin	verkaufen er in
zulässig	zulassen ig
firmensprecherin	firmensprecher in
sozialethiker	sozialethik er
überdimensionierung	überdimensionieren ung
zeitplaner	zeitplan er
konzessionslos	konzession los
miststreuer	miststreue er
rechtsförmig	rechtsform ig
serbin	serbe in
unbeweglich	un bewegen lich
schwerlaster	schwerlast er
lärmig	lärmen ig
brettener	bretten er
rädchen	rad chen
donnerstäglich	donnerstag lich
wirkungsgeschichtlich	wirkungsgeschichte lich
kroatin	kroate in
novellierung	novelle ier ung
radin	rad in
modellierer	modell ier er
erziehungswissenschaftlerin	erziehungswissenschaft ler in
gegenspielerin	gegenspiel er in
reservierung	reserve ier ung
gehässigkeit	gehässig keit
neuwagenkäufer	neuwagenkauf er
bethlehemer	bethlehem er
armin	arm e in
klassenfeindlich	klassenfeind lich
plauderer	plaudern er
verlagslektorin	verlagslektor in
fragestellerin	fragestelle er in
scholastiker	scholastik er
ausländer	ausland er
uneinigkeit	un eine ig keit
textlos	text los
unhandlichkeit	un hand lich keit
koalitionspartnerin	koalitionspartner in
eintrübung	eintrüben ung
verständnislos	verständnis los
vermählung	vermählen ung
körperverträglichkeit	körperverträglich keit
friedlich	frieden lich
erzähler	erzählen er
auffindung	auffinden ung
karrieresüchtig	karrieresucht ig
lästerung	lästern ung
einhelligkeit	einhellig keit
auslagerung	auslagern ung
halter	halten er
zivilrechtlich	zivilrecht lich
entsorgungsunternehmer	entsorgungsunternehmen er
medizinsoziologin	medizinsoziologe in
nachwuchsregisseurin	nachwuchsregisseur in
tätigkeit	tätig keit
vergrößerung	vergrößern ung
waggonbauer	waggonbau er
abschätzig	abschätzen ig
überbelichtung	überbelichten ung
hemdsärmelig	hemdsärmel ig
christopher	christophe er
nacktbader	nacktbaden er
arbeitsamtsdirektorin	arbeitsamtsdirektor in
hinzufügung	hinzufügen ung
heiserkeit	heiser keit
füller	füllen er
selbstsüchtig	selbstsucht ig
programmkoordinatorin	programmkoordinator in
seniorin	seniore in
ungehörigkeit	un ge hörig e keit
taucher	tauchen er
umweltverträglicher	umweltverträglich e er
freisetzung	freisetzen ung
seifig	seifen ig
pfählung	pfählen ung
kunstkäufer	kunstkauf er
weltlich	welt lich
werkzeugmaschinenbauer	werkzeugmaschinenbau er
skeptikerin	skeptiker in
belichtung	be licht ung
schloßscheuer	schloßscheue er
ostpreußin	ostpreuße in
haushaltspolitiker	haushaltspolitik er
rettungsschwimmer	rettungsschwimmen er
bombenbauer	bombenbauen er
blocher	bloch er
ministerkollegin	ministerkollege in
unterschreitung	unterschreiten ung
schalterbeamtin	schalterbeamte in
benutzerfreundlichkeit	benutzerfreundlich keit
leistungsfeindlichkeit	leistungsfeindlich keit
tiefschläfer	tiefschlaf er
grünberger	grünberg er
kampfesmutig	kampfesmut ig
falkenburger	falkenburg er
mayer	may er
schattierung	schattieren ung
rosenkreuzer	rosenkreuz er
parlamentsberichterstatterin	parlamentsberichterstatter in
kinderpflegerin	kinderpflege er in
abbildbar	abbilden bar
runzelig	runzel ig
zierlich	zieren lich
blumberger	blumberg er
herbstlich	herbst lich
eistänzer	eistanzen er
hochspannung	hochspannen ung
parkplatzsucher	parkplatzsuche er
regierungstauglichkeit	regierungstauglich keit
beglaubigung	beglaubigen ung
unterzeichner	unterzeichnen er
vergiftung	ver gift ung
piepser	piepsen er
eichenberger	eichenberg er
vertrauenslehrerin	vertrauenslehrer in
zuträglichkeit	zuträglich keit
wolkig	wolke ig
südamerikanerin	südamerika aner in
korndörfer	korndorf er
anklagevertreterin	anklagevertreter in
hundehalterin	hundehalter in
weissagung	weissagen ung
innovationsfähigkeit	innovationsfähig keit
hauskäufer	hauskauf er
longin	longe in
filmgeschichtlich	filmgeschichte lich
bauwerker	bauwerk er
weiher	weihe er
abtönung	abtönen ung
neubauer	neubauen er
informatikerin	informatik er in
leichtfüßig	leichtfuß ig
kunstturner	kunstturnen er
gesundheitsdezernentin	gesundheitsdezernent in
geringfügigkeit	geringfügig keit
testesser	testesse er
beharrlich	beharren lich
revolutionärin	revolutionäre in
wohnung	wohnen ung
mißbrauchbar	mißbrauchen bar
winterberger	winterberg er
schlichtung	schlichten ung
zugänglich	zugang lich
palmer	palme er
solarkocher	solarkochen er
verläßlichkeit	verlaß lich keit
gebrauchtwagenkäufer	gebrauchtwagenkauf er
trompeter	trompeten er
pflichtverteidigerin	pflichtverteidiger in
landkäufer	landkauf er
bankdrücker	bankdruck er
eulenberger	eulenberg er
hochstapler	hochstapeln er
unterdrückung	unterdrücken ung
schwerstverbrecher	schwerstverbrechen er
pförtnerin	pförtner in
bauplaner	bauplan er
verifizierung	verifizieren ung
wettbewerbsgewinner	wettbewerbsgewinn er
geschichtsträchtigkeit	geschichtsträchtig keit
kranzberger	kranzberg er
eigentümer	eigentum er
verweslich	verwesen lich
zweitakter	zweitakt er
militärsprecherin	militärsprecher in
listenführerin	listenführer in
ergänzung	ergänzen ung
steher	stehen er
trüppchen	trupp chen
anstandslos	anstand los
rotterdamer	rotterdam er
satellitenempfänger	satellitenempfang er
wiedergewinnung	wiedergewinnen ung
zwischenrufer	zwischenrufen er
hirtin	hirt in
boulevardblättchen	boulevardblatt chen
pragmatikerin	pragmatik er in
verwalter	verwalten er
undankbar	un danken bar
unhöflichkeit	un hof lich keit
verschwendungssüchtig	verschwendungssucht ig
unehrlich	unehre lich
absentierung	absentieren ung
arbeitsvertraglich	arbeitsvertrag lich
starringer	starring er
beschlußunfähigkeit	beschlußunfähig keit
zuschauer	zuschauen er
arbeitsberaterin	arbeitsberater in
rauschgiftdealer	rauschgiftdeal er
trübung	trüben ung
verlegung	verlegen ung
ökonomin	ökonom in
vergewaltiger	ver gewaltige er
albaner	alban er
bestätigung	bestätigen ung
schürer	schur er
filmemacher	filmemachen er
mauerbauer	mauerbau er
väterlich	vater lich
vergnügung	vergnügen ung
windung	winden ung
moosburger	moosburg er
pastorin	pastor in
oberlippenbärtchen	oberlippenbart chen
ausführer	ausführen er
conradin	conrad in
ringkämpfer	ringkampf er
volljährigkeit	volljährig keit
rotenberger	rotenberg er
marokkanerin	marokkaner in
weiterzahlung	weiterzahlen ung
kreditwürdigkeit	kreditwürdig keit
aussteiger	aussteigen er
verätzung	verätzen ung
schwarzenberger	schwarzenberg er
türmer	türmen er
birker	birk er
zutraulich	zutrauen lich
eigensüchtig	eigensucht ig
versicherungsnehmerin	versicherungsnehmer in
görlitzer	görlitz er
unterhaltung	unterhalten ung
ablösung	ablösen ung
verfolgerin	verfolgen er in
geschichtenerzählerin	geschichtenerzählen er in
untätigkeit	untat ig keit
anpassung	anpassen ung
richtigkeit	richten ig keit
erlassung	erlassen ung
erweiterung	erweitern ung
friedrichshagener	friedrichshagen er
aufbewahrung	aufbewahren ung
westkollegin	westkollege in
eisverkäufer	eisverkauf er
schramberger	schramberg er
ermutigung	ermutigen ung
datenschützer	datenschutz er
grundsätzlich	grundsatz lich
golferin	golf er in
hofgärtner	hofgarten er
pfiffig	pfiff ig
paderbornerin	paderborn er in
landschaftsbauer	landschaftsbau er
perspektivelos	perspektive los
anwaltschaftlich	anwalt schaft lich
selbstgefälligkeit	selbstgefallen ig keit
eindeutigkeit	eindeutig keit
jordanier	jordan ien er
berghauser	berghaus er
gastregisseurin	gastregisseur in
vizechefin	vizechef in
schläfern	schlaf er
einzellig	einzelle ig
schartig	scharte ig
zufällig	zufallen ig
schwammigkeit	schwamm ig keit
blumenständer	blumenstand er
unterhöhlung	unterhöhlen ung
abhebung	abheben ung
zugezogener	zugezogene n er
einbindung	einbinden ung
uniformierung	uniforme ier ung
beisetzung	beisetzen ung
zweitligaspieler	zweitligaspiel er
räubern	raub er
verdrahtung	ver draht ung
augustin	auguste in
mühltaler	mühltal er
werkstofflich	werkstoff lich
germanistikprofessorin	germanistikprofessor in
gegentreffer	gegentreffen er
verbiegung	ver biege ung
seriensiegerin	seriensieger in
anzüglich	anzug lich
spielfreudig	spielfreude ig
geschäftlich	geschäft lich
schwergewichtsboxer	schwergewichtsboxen er
verwendungsfähigkeit	verwendungsfähig keit
schmissigkeit	schmissig keit
bartlos	barte los
saisonarbeiterin	saisonarbeit er in
torhäuschen	torhaus chen
weiterverpachtung	weiterverpachten ung
rückkehrwillig	rückkehrwille ig
ordnungspolizeilich	ordnungspolizei lich
zerbrechlichkeit	zer brechen lich keit
wonnig	wonne ig
lehrstuhlinhaberin	lehrstuhlinhaber in
entsorgungslager	entsorgungslage er
ausdrücklich	ausdrücken lich
bilderfeindlichkeit	bilderfeindlich keit
gruppierung	gruppe ier ung
betätigung	betätigen ung
unterschiedlich	unterschied lich
konsumgenossenschaftlich	konsumgenossenschaft lich
kartenverkäuferin	kartenverkauf er in
umweltverbrecher	umweltverbrechen er
tyrannin	tyrann in
rugbyspieler	rugbyspiel er
gastgeberin	gastgeber in
konzentrierung	konzentrieren ung
duisburgerin	duisburg er in
feindlichkeit	feinden lich keit
zeitanzeiger	zeitanzeige er
geruhsamkeit	geruhen sam keit
reuelos	reue los
verhältnismäßigkeit	verhältnis mäßig keit
wuppertalerin	wuppertal er in
wahrung	wahren ung
umsetzung	umsetzen ung
holzschnitzer	holzschnitzen er
zypriotin	zypriote in
schmalzig	schmalzen ig
seltsamkeit	seltsam keit
berufsschülerin	berufsschule er in
tablettensüchtig	tablettensucht ig
schulforscherin	schulforscher in
zahlbar	zahlen bar
körpersprachlich	körpersprache lich
würdigung	würdigen ung
fütterung	füttern ung
strafbar	strafen bar
leiter	leiten er
stromlinienförmig	stromlinienform ig
ausräumung	ausräumen ung
doppelpartnerin	doppelpartner in
bröselig	brösel ig
quirlig	quirl ig
regsamkeit	regen sam keit
vampirin	vampir in
übergebührlich	über gebühren lich
verhaltensauffälligkeit	verhaltensauffällig keit
spartenleiterin	spartenleiter in
wachsamkeit	wachsam keit
alttestamentlerin	alttestamentler in
verbitterung	ver bitter ung
zentralstaatlich	zentralstaat lich
knotig	knoten ig
umweltministerin	umweltminister in
blutspender	blutspende er
zwischennutzung	zwischennutzen ung
mutmaßung	mutmaßen ung
fernsehchefredakteurin	fernsehchefredakteur in
bewässerung	bewässern ung
verklammerung	ver klammer ung
karin	kar in
bereicherung	bereichern ung
tollwütig	tollwut ig
verkürzung	ver kürzen e ung
reeder	reede er
wohnungsmieterin	wohnungsmiete er in
tiefenpsychologin	tiefenpsychologe in
publizistin	publizist in
sozialdemokratin	sozialdemokrat in
bauhandwerker	bauhandwerk er
sozialamtsleiterin	sozialamtsleiter in
kater	kate er
werbetexter	werbetext er
immobilieneigentümer	immobilieneigentum er
gastreferentin	gastreferent in
verlader	verladen er
kirgisin	kirgise in
ausgrabung	ausgraben ung
jugendsozialarbeiter	jugendsozialarbeit er
beherzigung	beherzigen ung
anstößigkeit	anstoß ig keit
entsorgung	entsorgen ung
massenschlächter	massenschlacht er
philosophiestudentin	philosophiestudent in
exotin	exot in
österreicherin	österreich er in
jodler	jodeln er
unrechtmäßigkeit	unrecht mäßig keit
sigmaringer	sigmaringen er
selbsterklärung	selbsterklären ung
gläubig	glauben ig
geher	gehen er
kracher	krachen er
trostpflästerchen	trostpflaster chen
identitätslos	identität los
barpianistin	barpianist in
sprachlos	sprache los
neukäufer	neukauf er
vergegenständlichung	ver gegenstand lich ung
kanalbauer	kanalbau er
raubmörder	raubmord er
fragensteller	fragenstelle er
schöneberger	schöneberg er
integrationswillig	integrationswille ig
unschuldig	unschuld ig
filmemacherin	filmemachen er in
sommerhäuschen	sommerhaus chen
staatsrechtslehrer	staatsrechtslehre er
amerikanerin	amerika aner in
drogenabhängigkeit	drogenabhängig keit
vermessungstechniker	vermessungstechnik er
bautechniker	bautechnik er
zuhälterin	zuhälter in
enthaltung	enthalten ung
bierstädter	bierstadt er
steinhäger	steinhagen er
anleger	anlegen er
friedenskämpferin	friedenskampf er in
musikkritiker	musikkritik er
sucher	suchen er
fortschrittsfeindlichkeit	fortschrittsfeindlich keit
spionin	spion in
herrlichkeit	herr lich keit
leisetreter	leisetreten er
derbysieger	derbysieg er
geldverteiler	geldverteilen er
nichtmenschlich	nichtmensch lich
fürsprecherin	fürsprecher in
rückfällig	rückfall ig
geistesgegenwärtig	geistesgegenwart ig
kneipenbesucher	kneipenbesuch er
anpflanzung	anpflanzen ung
rheinauer	rheinaue er
bevollmächtigung	bevollmächtigen ung
immigrantin	immigrant in
ruderer	rudern er
kulturfeindlichkeit	kulturfeindlich keit
agrarpolitiker	agrarpolitik er
musikliebhaberin	musikliebhaber in
entsorgungspflichtig	entsorgungspflicht ig
überbauung	überbauen ung
lein	lee in
formbarkeit	formen bar keit
vierkämpfer	vierkampf er
generalsekretärin	generalsekretär in
futterhäuschen	futterhaus chen
merkbar	merken bar
knauserig	knauser ig
kaufsüchtig	kaufsucht ig
bannerträgerin	bannerträger in
abrechnung	abrechnen ung
steptänzerin	steptanz er in
schülersprecherin	schülersprecher in
verweigerung	verweigern ung
landesligaspieler	landesligaspiel er
erzielung	erzielen ung
aberkennung	aberkennen ung
innergenossenschaftlich	inner genossen schaft lich
sozialhilfebedürftigkeit	sozialhilfebedürftig keit
carolin	carole in
muffelig	muffel ig
niedlichkeit	niedlich keit
eisenbahnerin	eisenbahn er in
asylsucher	asylsuche er
überfütterung	überfüttern ung
multimediakünstlerin	multimediakünstler in
besteller	bestellen er
teilfinanzierung	teilfinanzieren ung
kunstreiterin	kunstreiter in
einzementierung	einzementieren ung
verteiler	verteilen er
fremdsprachlich	fremdsprache lich
entzündung	entzünden ung
kiewer	kiew er
maserung	masern ung
hilfspolizistin	hilfspolizei ist in
westpolitiker	westpolitik er
grundsatzreferentin	grundsatzreferent in
wasserwerker	wasserwerk er
wahlkämpfer	wahlkampf er
weiterverteilung	weiterverteilen ung
tanin	tan in
nagolder	nagold er
enteisung	enteisen ung
unhöflich	un hof lich
ersetzbarkeit	ersetzen bar keit
haushaltsrechtlich	haushaltsrecht lich
sackpfeifer	sackpfeife er
losverkäufer	losverkauf er
kernphysiker	kernphysik er
fehldeutung	fehldeuten ung
außenministerin	außenminister in
ladenbesitzerin	ladenbesitzer in
landbesitzer	landbesitz er
skizzierung	skizze ier ung
fachpolitiker	fachpolitik er
belgraderin	belgrad er in
bauchtänzer	bauchtanzen er
bauunternehmerin	bauunternehmen er in
paarung	paaren ung
dechiffrierung	dechiffrieren ung
registrierung	registrieren ung
aufrichtigkeit	aufrichten ig keit
rasenmäher	rasenmähen er
wismarer	wismar er
entzifferung	entziffern ung
trampolinturner	trampolinturnen er
distanzierung	distanz ier ung
börsenmaklerin	börsenmakler in
europapolitikerin	europapolitik er in
papierkügelchen	papierkugel chen
absonderlich	absondern lich
manipulierung	manipulieren ung
verantwortlich	verantworten lich
schlachtung	schlachten ung
diskussionsteilnehmerin	diskussionsteilnehmer in
vergütung	vergüten ung
körperlichkeit	körper lich keit
friedensvertraglich	friedensvertrag lich
bildmächtig	bildmacht ig
rötung	röten ung
mieterin	mieten er in
mainzer	mainz er
katzenartig	katzenart ig
autostopper	autostopp er
lebenslänglicher	lebenslang e lich e n er
nachrangig	nachrang ig
abbruchunternehmer	abbruchunternehmen er
republikflüchtig	republikflucht ig
bieter	bieten er
altenpflegehelferin	altenpflegehelfer in
domstädter	domstadt er
sexualmediziner	sexualmedizin er
primatenforscherin	primatenforscher in
viehzüchter	viehzucht er
mobilisierungsfähigkeit	mobilisierungsfähig keit
denkmöglichkeit	denkmöglich keit
ölarbeiter	ölarbeit er
steuerabzugsfähigkeit	steuerabzugsfähig keit
bodenlos	boden los
schwesterlein	schwester lein
zusammengehörig	zusammengehören ig
hauptanteilseignerin	hauptanteilseigner in
bedingungslos	bedingen ung los
schneidermeisterin	schneidermeister in
hagener	hagen er
kaffeepflücker	kaffeepflücken er
südoldenburger	südoldenburg er
zwielichtig	zwielicht ig
schwellung	schwellen ung
wochengewinner	wochengewinn er
verengung	verengen ung
überleitung	überleiten ung
hexenhäuschen	hexenhaus chen
schlampigkeit	schlampen ig keit
rähmchen	rähm chen
hintersteiner	hinterstein er
schorndorferin	schorndorf er in
dehnung	dehnen ung
streitig	streiten ig
veranschaulichen	ver anschauen lich
hochsommerlich	hochsommer lich
wirker	wirken er
verlagschefin	verlagschef in
altöttinger	altötting er
stürmer	stürmen er
lokalbesucher	lokalbesuch er
weihnachtlich	weihnachten lich
kunststudentin	kunststudent in
verehrerin	verehren er in
wettkämpferin	wettkämpfen in
merkwürdiger	merkwürde ig e er
hauptspieler	hauptspiel er
hauptlieferantin	hauptlieferant in
mehrheitseigentümerin	mehrheitseigentum er in
überlieferung	überliefern ung
eiförmig	eiform ig
nachfinanzierung	nachfinanzieren ung
überdurchschnittlich	über durchschnitt lich
versöhnlichkeit	versöhnen lich keit
kreuzigen	kreuz ig
donaueschinger	donaueschingen er
schriftsetzerin	schriftsetzer in
mechaniker	mechanik er
skifahrerin	skifahren er in
überparteilich	über partei lich
werkschützer	werkschutz er
kärglichkeit	kärglich keit
wandlungsfähigkeit	wandlungsfähig keit
machtpolitikerin	machtpolitik er in
schätzung	schätzen ung
lastenträger	lastentragen er
sozialexpertin	sozialexperte in
beraterin	beraten er in
spaßig	spaß ig
anbieter	anbieten er
mater	mate er
unfruchtbar	un fruchten bar
anlegerin	anlegen er in
moldauer	moldau er
siegerin	siegen er in
packerin	packen er in
tageszeitlich	tageszeit lich
schwätzchen	schwatz chen
beweger	bewegen er
zwangslager	zwangslage er
festsitzung	festsitzen ung
schreiberin	schreiben er in
natürlichkeit	natürlich keit
gemeindeblättchen	gemeindeblatt chen
illuminierung	illuminieren ung
alin	ale in
freipressung	freipressen ung
verwaltungschefin	verwaltungschef in
ausreisepflichtig	ausreisepflicht ig
genießer	genießen er
vorgängerin	vorgänger in
jugendfreundin	jugendfreund in
absetzung	absetzen ung
röttger	röttgen er
langweiler	langweilen er
durchsetzungsfähigkeit	durchsetzungsfähig keit
schlößchen	schloß chen
schornsteinfegerin	schornsteinfegen er in
ehepartnerin	ehepartner in
stimmbürgerin	stimmbürger in
begutachtung	begutachten ung
spendung	spenden ung
abschöpfung	abschöpfen ung
einzelkläger	einzelklage er
sozialforscherin	sozialforscher in
anschmiegsamkeit	anschmiegen sam keit
ausblendung	ausblenden ung
hehler	hehl er
anhalter	anhalten er
häutchen	haute chen
münzer	münz er
gegenwartsdramatiker	gegenwartsdramatik er
ortsansässigkeit	ortsansässig keit
lehner	lehen er
wehrpflichtig	wehrpflicht ig
verlagssprecherin	verlagssprecher in
dosierung	dose ier ung
brechter	brecht er
einlegung	einlegen ung
aufspaltung	auf spalt ung
autodesigner	autodesign er
genehmigungspflichtig	genehmigungspflicht ig
unternehmensberaterin	unternehmensberater in
seminarteilnehmerin	seminarteilnehmer in
verschlingung	ver schlinge ung
erregung	erregen ung
ministeriumssprecherin	ministeriumssprecher in
busfahrer	busfahren er
achtmalig	achtmal ig
lebensgefährlich	lebensgefahr lich
zeichenlehrer	zeichenlehre er
entdeckung	entdecken ung
bühnenwirksamkeit	bühnenwirksam keit
seraphin	seraph in
zwischenlagerung	zwischenlagern ung
kulturkämpfer	kulturkampf er
stockfleckig	stockflecken ig
bildungsministerin	bildungsminister in
hauptgewinner	hauptgewinn er
umstellung	umstellen ung
tonig	ton ig
drachenbauer	drachenbauen er
herablassung	herablassen ung
landessiegerin	landessieg er in
gewerkschaftsführerin	gewerkschaftsführer in
kurpfälzer	kurpfalz er
kernlos	kern los
schleicher	schleichen e er
erfurter	erfurt er
kaliningrader	kaliningrad er
beleidigung	beleidigen ung
videokünstlerin	videokunst ler in
erträglich	ertrag lich
brander	branden er
färberin	farbe er in
strafrichterin	strafrichter in
zerstörerin	zerstören er in
holmer	holm er
jauchzer	jauchzen er
glücksspielerin	glücksspiel er in
widersacherin	widersacher in
ulmer	ulme er
verbürgerlichen	ver bürgen lich
sportsenatorin	sportsenator in
fürsorgerin	fürsorge er in
tannenberger	tannenberg er
assoziierung	assoziieren ung
gottesdienstbesucherin	gottesdienstbesuch er in
machttechniker	machttechnik er
nordthüringer	nordthüringen er
aussendung	aussenden ung
kiesunternehmer	kiesunternehmen er
verzückung	verzücken ung
zerschlagung	zer schlagen ung
abfindung	abfinden ung
vorstädter	vorstadt er
schreckenberger	schreckenberg er
ausbeuter	ausbeuten er
ermüdung	ermüden ung
schwitzig	schwitzen ig
innergewerkschaftlich	inner gewerkschaft lich
nichtöffentlichkeit	nichtöffentlich keit
vereinbarung	vereinbaren ung
quäler	quälen er
rollerfahrerin	rollerfahrer in
einführung	einführen ung
einradfahrer	einradfahren er
kriminaldirektorin	kriminaldirektor in
füllung	füllen ung
fortschreibung	fortschreiben ung
weindörfchen	weindorf chen
begünstigen	be gunst ig
schmierig	schmieren e ig
durstlöscher	durstlöschen er
besiedelung	besiedeln ung
symbolkräftig	symbolkraft ig
züchtig	züchten ig
geburtshelferin	geburtshelfer in
kranichsteiner	kranichstein er
fernsehzuschauerin	fernsehzuschauer in
marmeladenbrötchen	marmeladenbrot chen
hofnachfolger	hofnachfolge er
schulsenatorin	schulsenator in
innigkeit	innig keit
landesdenkmalpfleger	landesdenkmalpflege er
seher	sehen er
transferierung	transfer ier ung
hochstaplerin	hochstapeln er in
erdarbeiter	erdarbeit er
anthropologin	anthropologe in
berührung	berühren ung
bundessozialministerin	bundessozialminister in
benachteiligung	benachteiligen ung
linkshändigkeit	linkshändig keit
zusammenhanglos	zusammenhang los
elektrotechnikerin	elektrotechnik er in
aufzählung	aufzählen ung
vereinigung	ver eine ig ung
unverdächtig	un verdacht ig
nachfühlbar	nach fühlen bar
spielmacherin	spielmacher in
abzahlung	abzahlen ung
fernsprecher	fernsprechen er
rumänin	rumäne in
bildhauerin	bildhauen er in
zwickauer	zwickau er
frohsinnig	frohsinn ig
gemeindepfarrerin	gemeindepfarrer in
absteiger	absteigen er
hausfraulich	hausfrau lich
stimmenfänger	stimmenfang er
berufsständig	berufsstand ig
tröpfchen	tropf chen
verkäuflich	verkauf lich
extremistin	extrem ist in
friedensbotschafter	friedensbote schaft er
grönländer	grönland er
knetbar	kneten bar
leuchtstäbchen	leuchtstab chen
kunsthistorikerin	kunsthistoriker in
ligaspieler	ligaspiel er
stadtgärtner	stadtgarten er
wünschbar	wünschen bar
krakauer	krakau er
hochschuldidaktiker	hochschuldidaktik er
beweisbar	beweisen bar
geschäftsunfähigkeit	geschäftsunfähig keit
angriffsfähigkeit	angriffsfähig keit
altenheimbewohnerin	altenheimbewohner in
kanadierin	kanada er in
sindelfinger	sindelfingen er
wucherer	wuchern er
wohnungsbesitzer	wohnungsbesitz er
sprachkundig	sprachkunde ig
wählbarkeit	wählen bar keit
steigerung	steigern ung
nachmittäglich	nachmittag lich
unterwanderung	unterwandern ung
neuzeitlich	neuzeit lich
aktivurlauber	aktivurlaub er
globetrotterin	globetrotter in
raffung	raffen ung
spitzenreiterin	spitzenreiter in
lauber	laube er
sowjetbürgerin	sowjetbürger in
verhüllung	ver hüllen ung
schneeberger	schneeberg er
verbildlichen	ver bild lich
unabwendbar	un abwenden bar
holzstöckchen	holzstock chen
umweltpolitikerin	umweltpolitik er in
ehrensenatorin	ehrensenator in
nachprüfung	nachprüfen ung
arzneimittelrechtlich	arzneimittelrecht lich
fahrdienstleiterin	fahrdienstleiter in
sozialstaatssekretärin	sozialstaatssekretär in
enkelin	enkel in
regungslos	regen ung los
fälschung	fälschen ung
kindesmörder	kindesmord er
wässerig	wässern ig
lindenbäumchen	lindenbaum chen
nachsichtigkeit	nachsicht ig keit
ungarin	ungar in
durchschlagkräftig	durchschlagkraft ig
fleckig	flecken ig
sportlichkeit	sport lich keit
austragung	austragen ung
briefsteller	briefstelle er
endlichkeit	ende lich keit
eigengesetzlichkeit	eigengesetzlich keit
kutschenfahrer	kutschenfahren er
schmuddelig	schmuddel ig
entschädigungslos	entschädigen ung los
verdrehung	verdrehen ung
angstmacher	angstmachen er
ostthüringer	ostthüringen er
unwürdigkeit	un würdig keit
heimchen	heim chen
punktlos	punkt los
marburger	marburg er
fadenscheinig	fadenschein ig
grundstückskäufer	grundstückskauf er
blödsinnig	blödsinn ig
diagnostiker	diagnostik er
unwiderstehlichkeit	unwiderstehlich keit
schuldunfähigkeit	schuldunfähig keit
denkerin	denker in
steuerung	steuern ung
großspender	großspende er
töpferin	topf er in
schweinsäuglein	schweinsaugen lein
erneuerungsfähigkeit	erneuerungsfähig keit
klingenberger	klingenberg er
vollblüter	vollblut er
langstreckenläuferin	langstreckenlauf er in
hochstilisierung	hochstilisieren ung
ausbreitung	ausbreiten ung
sizilianerin	sizilianer in
villacher	villach er
meinungsmacher	meinungsmache er
saisonabhängigkeit	saisonabhängig keit
lohnabhängigkeit	lohnabhängig keit
tierpfleger	tierpflege er
höchstädter	höchstädt er
anstiftung	anstiften ung
versachlichen	ver sache lich
fußballspielerin	fußballspielen er in
handwerker	handwerk er
ökotester	ökotest er
versicherungsvertreterin	versicherungsvertreter in
dösig	dösen ig
absender	absenden er
verabschiedung	ver abschied ung
reifenberger	reifenberg er
gelehrsamkeit	gelehrsam keit
teetrinker	teetrinken er
seelsorgerin	seelsorge er in
tierheilpraktikerin	tierheilpraktiker in
stückeschreiber	stückeschreiben er
heilsgeschichtlich	heilsgeschichte lich
protokollierung	protokoll ier ung
investitionsfreudig	investitionsfreude ig
reinigen	rein e ig
festlichkeit	fest e lich keit
schriftlos	schrift los
nationalstaatlichkeit	nationalstaat lich keit
leitung	leiten ung
pfläumchen	pflaume chen
tonlos	ton los
feuilletonredakteurin	feuilletonredakteur in
saunagänger	saunagang er
schüler	schule er
fahrzeugbauer	fahrzeugbau er
musiker	musik er
europapokalgewinner	europapokalgewinn er
quereinsteigerin	quereinsteiger in
konzertpianistin	konzertpianist in
genshagener	genshagen er
austauschbarkeit	austauschen bar keit
geschichtenerzähler	geschichtenerzählen er
heuchler	heucheln er
sprengtechniker	sprengtechnik er
verwerfung	verwerfen ung
erner	erne er
chicagoer	chicago er
tariflich	tarif lich
durchschaubar	durchschauen bar
sicherheitsexpertin	sicherheitsexperte in
farbspritzer	farbspritze er
nationalheldin	nationalheld in
umschuldung	um schuld ung
kämpfer	kämpfen er
hochschulpräsidentin	hochschulpräsident in
gelenkig	gelenk ig
bußfertigkeit	bußfertig keit
frager	fragen er
treter	treten er
rudersberger	rudersberg er
gründer	gründen er
gesanglich	gesang lich
tierpflegerin	tierpflege er in
straßensozialarbeiter	straßensozialarbeit er
passagierin	passagier in
heimatlos	heimat los
schreinern	schrein er
geringschätzig	geringschätzen ig
altehrwürdigkeit	altehrwürdig keit
folterer	foltern er
buchhändlerin	buchhändler in
wahrsagung	wahrsagen ung
kleinunternehmer	kleinunternehmen er
staffelsieger	staffelsieg er
bezahler	bezahlen er
gesprächsteilnehmerin	gesprächsteilnehmer in
jahressieger	jahressieg er
madrider	madrid er
politikerin	politik er in
schwinger	schwingen er
neuberger	neuberg er
erklärlich	erklären lich
umweltverträglichkeit	umweltverträglich keit
grundstückseigentümerin	grundstückseigentum er in
duldung	dulden ung
kommilitonin	kommilitone in
dinglich	ding lich
zerbrechlich	zer brechen lich
bayerin	bayer in
pläuschchen	plausch chen
mauersberger	mauersberg er
pressereferentin	pressereferent in
router	route er
verrohung	ver roh ung
schlackenlos	schlacke los
markierung	markieren ung
untermischung	untermischen ung
enttarnung	enttarnen ung
uter	ute er
schreinerin	schrein er in
weber	web er
hospitantin	hospitant in
versumpfung	ver sumpf ung
schlauchförmig	schlauchform ig
eigentümlich	eigentum lich
überreichung	überreichen ung
verfügung	verfügen ung
gentechniker	gentechnik er
unterhaltungskünstlerin	unterhaltungskunst ler in
schwimmer	schwimmen er
bibliothekarin	bibliothekar in
cottbuser	cottbus er
ballettmeisterin	ballettmeister in
äußerlichkeit	äußern lich keit
wipper	wippe er
krimileser	krimilesen er
bestückung	bestücken ung
ordnungsbehördlich	ordnungsbehörde lich
schiller	schill er
reinlichkeit	rein lich keit
fernsehkritiker	fernsehkritik er
vizekönigin	vizekönig in
dschungelkämpfer	dschungelkampf er
dezernatsleiterin	dezernatsleiter in
weiterreichung	weiterreichen ung
sittenwidrigkeit	sittenwidrig keit
umrechnung	umrechnen ung
königlich	könig lich
klubkollegin	klubkollege in
arretierung	arretieren ung
jesulein	jesu lein
energielos	energie los
anordnung	anordnen ung
teehäuschen	teehaus chen
christofer	christof er
lüftung	lüften ung
vergötterung	ver gott ung
verödung	veröden ung
vorhaltung	vorhalten ung
töchterlein	tochter lein
schußwaffenbesitzer	schußwaffenbesitz er
necker	neck er
danziger	danzig er
medikamentenabhängigkeit	medikamentenabhängig keit
fraktionsmitarbeiterin	fraktionsmitarbeiter in
reinhaltung	reinhalten ung
nachkolorierung	nachkolorieren ung
wiederveröffentlichung	wiederveröffentlichen ung
veräußerlichen	ver äußern lich
leiblichkeit	leib lich keit
tröger	trog er
familienpflegerin	familienpflege er in
ausländerfeindlich	ausländerfeind lich
chemiewerker	chemiewerk er
geräumigkeit	ge raume keit
ostunternehmer	ostunternehmen er
benzin	benz in
nebenkläger	nebenklage er
klassenleiterin	klassenleiter in
kartellamtlich	kartellamt lich
zersetzung	zer setzen ung
plastikbomber	plastikbombe er
kronberger	kronberg er
aufmachung	aufmachen ung
aufhellung	aufhellen ung
niveaulos	niveau los
rinner	rinnen e er
nachbarstädtchen	nachbarstadt chen
rechtsberaterin	rechtsberater in
erreichbar	erreichen bar
augenoptiker	augenoptik er
gesundheitsschädlichkeit	gesundheitsschädlich keit
abweisung	abweisen ung
unbeständigkeit	un beständig keit
glücklich	glück lich
erdinger	erding er
hinderer	hindern er
getränkeverkäufer	getränkeverkauf er
sitznachbarin	sitznachbar in
anstandlos	anstand los
schnäpschen	schnaps chen
frauenfreundlichkeit	frauenfreund lich keit
schlänglein	schlange lein
friedensstifterin	friedensstifter in
zivilistin	zivil ist in
triebwerksbauer	triebwerksbau er
auferweckung	auferwecken ung
schiedsrichterin	schiedsrichter in
durstig	durst ig
schwanzlos	schwanz los
majorin	major in
erzählung	erzählen ung
unterstützerin	unterstützen er in
pfingsturlauber	pfingsturlaub er
veränderlichkeit	verändern lich keit
scharfsichtigkeit	scharfsicht ig keit
schulplaner	schulplan er
querköpfig	querkopf ig
schlächter	schlachten er
bauwagenbewohnerin	bauwagenbewohner in
zuwanderung	zuwandern ung
einstellig	einstellen e ig
massenmörderin	massenmorden er in
ladenbauer	ladenbau er
unterbelegung	unter beleg ung
seestädter	seestadt er
heimatforscherin	heimatforscher in
umgangssprachlich	umgangssprache lich
dauerhafter	dauerhaften er
niederberger	niederberg er
museumswärterin	museumswärter in
rechtslehrer	rechtslehre er
gewaltlos	gewalt los
speditionsunternehmer	speditionsunternehmen er
kreisförmig	kreisform ig
saldierung	saldieren ung
pfarrerlos	pfarre er los
oberin	obere in
antiquitätenhändlerin	antiquitätenhändler in
unflätig	unflat ig
amtskollegin	amtskollege in
puppenspieler	puppenspielen er
gipfelstürmerin	gipfelsturm er in
pilgerin	pilger in
schorndorfer	schorndorf er
schnüfflerin	schnüffeln er in
macker	macke er
sinnlich	sinn lich
ursprünglich	ursprung lich
angriffsunfähigkeit	angriffsunfähig keit
schwefelig	schwefel ig
entziehung	entziehen ung
schulreformer	schulreform er
linksradikaler	linksradikale n er
edin	ede in
vorläuferin	vorlaufen er in
kinounternehmer	kinounternehmen er
druckerin	drucken er in
mutwillig	mutwille ig
töchterlich	tochter lich
schwermütig	schwermut ig
bierbrauer	bierbrauen er
konfliktfähigkeit	konfliktfähig keit
frühlingslüftchen	frühlingsluft chen
urgewaltig	urgewalt ig
sudaner	sudan er
schulpolitiker	schulpolitik er
springerin	springen er in
langbeinig	langbein ig
ressortleiterin	ressortleiter in
abstumpfung	abstumpfen ung
untertürkheimer	untertürkheim er
mühlheimer	mühlheim er
einzelkämpferin	einzelkampf er in
meuchelmörder	meuchelmord er
akkreditierung	akkreditieren ung
dressurreiterin	dressurreiten er in
undeutlichkeit	un deutlich keit
gemüsegärtner	gemüsegarten er
arbeitsrechtlerin	arbeitsrecht ler in
amtsinhaberin	amtsinhaber in
empfänglich	empfang lich
vorjahressieger	vorjahressieg er
militarisierung	militarisieren ung
krisenanfälligkeit	krisenanfällig keit
fingerlein	finger lein
knebelung	knebeln ung
musikpädagogin	musikpädagoge in
chronistin	chronisch ist in
kämpferin	kämpfen er in
beilegung	beilegen ung
liedchen	lied chen
spätsommerlich	spätsommer lich
deklarationspflichtig	deklarationspflicht ig
haller	hall er
backsteinhäuschen	backsteinhaus chen
feingeistig	feingeist ig
löscher	löschen er
spannungslos	spannen ung los
konfliktfreudig	konfliktfreude ig
musikwissenschaftlerin	musikwissenschaft ler in
waldarbeiterin	waldarbeit er in
zubereitung	zubereiten ung
handlichkeit	hand lich keit
umschließung	umschließen ung
hinterlegung	hinterlegen ung
lebensnotwendigkeit	lebensnotwendig keit
oberflächlich	oberfläche lich
aufwärterin	aufwarten er in
verdinglichen	ver ding lich
absperrung	absperren ung
protestlos	protest los
enthüllung	enthüllen ung
alphornbläser	alphornblasen er
bildungsreferentin	bildungsreferent in
kartoffelanbauer	kartoffelanbau er
bluesmusiker	bluesmusik er
besserwisser	besserwissen er
fachbereichsleiterin	fachbereichsleiter in
künzelsauer	künzelsau er
eritreerin	eritreer in
unschädlichkeit	un schädlich keit
darbietung	darbieten ung
hilker	hilke er
weiterverwendung	weiterverwenden ung
schweißerin	schweißen in
zertrümmerung	zer trümmer ung
dokumentarfilmer	dokumentarfilm er
pünktchen	punkt chen
konzertbesucher	konzertbesuch er
postbeamtin	postbeamte in
festtäglich	festtag lich
strandbesucher	strandbesuch er
haider	haid er
entscheidung	entscheiden ung
reaktorbauer	reaktorbau er
spritzigkeit	spritzen ig keit
übergangslos	übergang los
mittelamerikanerin	mittelamerika aner in
limburger	limburg er
mitteilungsblättchen	mitteilungsblatt chen
hallenspieler	hallenspiel er
vortänzerin	vortanzen in
hofhaltung	hofhalten ung
standespolitiker	standespolitik er
weinleser	weinlese er
pastellig	pastell ig
bundesstaatlich	bundesstaat lich
unstetig	un stet e ig
bundeskanzlerin	bundeskanzler in
widernatürlichkeit	wider natürlich keit
lichttechniker	lichttechnik er
sachlichkeit	sache lich keit
allmächtig	allmacht ig
rüsselsheimer	rüsselsheim er
frankierung	frank ie ier ung
berührungslos	berühren ung los
kulturwissenschaftlich	kulturwissenschaft lich
mordlustig	mordlust ig
verweser	verwesen er
bücherschreiber	bücherschreiben er
baumlos	baum los
goldmedaillengewinnerin	goldmedaillengewinn er in
ungewöhnlichkeit	un gewöhnen lich keit
fahrrädchen	fahrrad chen
unsterblich	un sterben lich
barockmusiker	barockmusik er
wiederauferstehung	wiederauferstehen ung
kulturpädagogin	kulturpädagoge in
babysitter	babysitte er
bestimmbar	bestimmen bar
vergnüglich	vergnügen lich
bewacher	bewachen er
lärmschützer	lärmschutz er
treuhandchefin	treuhandchef in
überspezialisierung	überspezialisieren ung
sachbuchautorin	sachbuchautor in
aktivensprecherin	aktivensprecher in
gesundheitsstaatssekretärin	gesundheitsstaatssekretär in
ägypter	ägypten er
unruhestifterin	unruhestifter in
langweiligkeit	langweilen ig keit
alain	ala in
harmonisierung	harmonisch isier ung
floßfahrer	floßfahren er
schlagfertigkeit	schlagfertig keit
andalusierin	andalusien er in
podiumsteilnehmerin	podiumsteilnehmer in
wohnsitzlos	wohnsitz los
reduzierung	reduzieren ung
logistiker	logistik er
täfelchen	tafel chen
schwänzer	schwänzen er
hauptankläger	hauptanklage er
paderborner	paderborn er
einzelgängerin	einzelgang er in
nachahmung	nachahmen ung
betreuer	betreuen er
restlos	rest los
erforschbar	er forsch bar
maximin	maxime in
lehrgangsleiterin	lehrgangsleiter in
tragiker	tragik er
harfenspieler	harfenspiel er
winzerin	winzer in
ingolstädter	ingolstadt er
rentenversicherungspflichtig	rentenversicherungspflicht ig
kundenfreundlichkeit	kundenfreundlich keit
sachgebietsleiterin	sachgebietsleiter in
gralshüterin	gralshüter in
sieger	siegen er
eintragung	eintragen ung
klatschsüchtig	klatschsucht ig
lokalblättchen	lokalblatt chen
verachtung	verachten ung
spiegelberger	spiegelberg er
hirschberger	hirschberg er
motorisierung	motor isch isier ung
zollbeamtin	zollbeamte in
außenspielerin	außenspieler in
lehrmeisterin	lehrmeister in
schulministerin	schulminister in
verkehrssünder	verkehrssünde er
holzstäbchen	holzstab chen
vertragslos	vertrag los
unkörperlich	un körper lich
dämpfer	dämpfen er
farbdrucker	farbdruck er
aspirantin	aspirant in
geringachtung	geringachten ung
freizeitpolitiker	freizeitpolitik er
modelleisenbahner	modelleisenbahn er
überbetrieblich	über betrieb lich
politisierung	politisch isier ung
zuspitzung	zuspitzen ung
vergünstigen	ver gunst ig
robber	robbe er
stammspielerin	stammspieler in
begrifflich	begriff lich
drehbuchschreiber	drehbuchschreiben er
hanifin	hanife in
beruhigung	beruhigen ung
rückkehrerin	rückkehr er in
gewichtslos	gewicht los
meinungsforscherin	meinungsforscher in
armeesprecherin	armeesprecher in
indonesierin	indonesien er in
wendung	wenden ung
höchstrichterlich	höchstrichter lich
atemlos	atem los
pilsener	pilsen er
teilung	teilen ung
bezahlung	bezahlen ung
schließung	schließen ung
landtagspräsidentin	landtagspräsident in
versündigung	ver sünde ig e ung
biotechniker	biotechnik er
partisanenkämpfer	partisanenkampf er
realisierung	real isier ung
ausschreitung	ausschreiten ung
waldläufer	waldlauf er
gegengutachter	gegengutachten er
schrulligkeit	schrulle ig keit
schulsiegerin	schulsieger in
gestaltlos	gestalten los
kunsträuber	kunstraub er
kuratorin	kurator in
kleinhandwerker	kleinhandwerk er
verrückung	verrücken ung
tödlich	tod lich
abfassung	abfassen ung
verordnung	verordnen ung
sticker	sticken er
einarbeitung	einarbeiten ung
bepflanzung	bepflanzen ung
klarinettenspieler	klarinettenspiel er
binnenschiffer	binnenschiff er
beamtenrechtlich	beamtenrecht lich
teilzeitarbeiter	teilzeitarbeit er
toaster	toast er
produktionstechniker	produktionstechnik er
schmerzlich	schmerz lich
realisierbarkeit	real isier bar keit
hilfeempfängerin	hilfeempfänger in
dornberger	dornberg er
spaltbar	spalten bar
buchbinder	buchbinden er
pferdchen	pferd chen
schauer	schau er
hausjuristin	hausjurist in
gesundheitsministerin	gesundheitsminister in
verstellbar	verstellen bar
eigenheimbauer	eigenheimbau er
ostberliner	ostberlin er
beschriftung	be schrift ung
hornberger	hornberg er
marcellin	marcelle in
pflegedienstleiterin	pflegedienstleiter in
pflasterung	pflastern ung
wiederernennung	wiederernennen ung
voreiligkeit	vor eilen ig keit
überwölbung	überwölben ung
fortsetzerin	fortsetzen er in
günstig	gunst ig
saxophonspieler	saxophonspiel er
schweizer	schweiz er
wollig	wolle ig
rückbezüglich	rückbezug lich
dubliner	dublin er
alkoholisierung	alkohol isch isier ung
randalierer	randale ier er
ergebnislos	ergebnis los
farbenprächtig	farbenpracht ig
tagesschausprecherin	tagesschausprecher in
weinkönigin	weinkönig in
brasilianerin	brasil ien aner in
bereithaltung	bereithalten ung
verfechterin	verfechten in
attentäterin	attentat er in
waiblinger	waiblingen er
gleichmütig	gleichmut ig
zusammenfügung	zusammenfügen ung
pharmakologin	pharmakologe in
drogenkrieger	drogenkrieg er
unerschöpflichkeit	unerschöpflich keit
glasbläser	glasblasen er
sachbearbeiterin	sachbearbeiter in
mitspielerin	mitspielen er in
unsachlichkeit	un sache lich keit
planegger	planegg er
welzheimer	welzheim er
nachtclubbesitzerin	nachtclubbesitzer in
häßlichkeit	haß lich keit
frauenmörder	frauenmord er
vielfarbigkeit	vielfarbig keit
nachweisbar	nachweisen bar
russin	russe in
lokalpolitiker	lokalpolitik er
volksvertreterin	volksvertreter in
hausarbeiter	hausarbeit er
holzhauser	holzhausen er
verknüpfung	verknüpfen ung
vorwarnung	vorwarnen ung
rückständig	rückstand ig
sozialberaterin	sozialberater in
speicherbar	speichern bar
wählerin	wählen er in
entgiftung	entgiften ung
hindin	hinde in
gegenständlich	gegenstand lich
möglichkeit	möglich keit
schäflein	schaf lein
freilassung	freilassen ung
meersburger	meersburg er
verwässerung	verwässern ung
politiklehrerin	politiklehrer in
sommerurlauber	sommerurlaub er
reformfeindlich	reformfeind lich
allein	allee in
einbecker	einbeck er
kleinmütigkeit	kleinmut ig keit
schubladendenker	schubladendenken er
auskunftsfreudig	auskunftsfreude ig
weltöffentlichkeit	weltöffentlich keit
forscherin	forschen er in
kraftlos	kraft los
betonwerker	betonwerk er
familienministerin	familienminister in
fremdarbeiter	fremdarbeit er
gesamtwirtschaftlich	gesamtwirtschaft lich
zwischenlandung	zwischenlanden ung
beeinträchtigung	beeinträchtigen ung
beweglichkeit	bewegen lich keit
oxforder	oxford er
leerung	leeren ung
rufer	rufen er
reisefreudig	reisefreude ig
schmittlein	schmitt lein
arbeitslos	arbeit los
schulamtsdirektorin	schulamtsdirektor in
kampfgenossin	kampfgenosse in
dickbauchig	dickbauch ig
verstauchung	verstauchen ung
beflaggung	beflaggen ung
bürgersöhnchen	bürgersohn chen
abdecker	abdecken er
bundeseinheitlich	bundeseinheit lich
weiblich	weib lich
schlammig	schlamm ig
erstunterzeichnerin	erstunterzeichner in
kreditfähigkeit	kreditfähig keit
salonfähigkeit	salonfähig keit
waldhöfer	waldhof er
verfahrensrechtlich	verfahrensrecht lich
bombenattentäter	bombenattentat er
augenlos	auge los
taufpatin	taufpate in
metallerin	metall er in
interpretationsfähigkeit	interpretationsfähig keit
stauung	stauen ung
berufspraktikantin	berufspraktikant in
mitverantwortlich	mitverantworten lich
blutdruckmesser	blutdruckmessen er
tanzkritiker	tanzkritik er
spendenfreudig	spendenfreude ig
peruanerin	peru aner in
putzig	putzen ig
bergarbeiterin	bergarbeiter in
haupttäterin	haupttat er in
kampfgefährtin	kampfgefährte in
wiedervereinigung	wiedervereinigen ung
köhler	kohl er
nachbarlich	nachbar lich
ausgleichbar	ausgleichen bar
waffentauglichkeit	waffentauglich keit
untauglich	un taugen lich
wassersparer	wassersparen er
basisaktivistin	basisaktivist in
verwirklichung	ver wirken lich ung
teufelin	teufel in
gesetzlichkeit	gesetz lich keit
streifenpolizistin	streifenpolizist in
seniorenbetreuerin	seniorenbetreuer in
selbsttätigkeit	selbsttätig keit
großräumig	großraum ig
parteipolitiker	parteipolitik er
verlockung	verlocken ung
ehrenpräsidentin	ehrenpräsident in
hauer	haue er
hopper	hoppe er
anführer	anführen er
hochschulprofessorin	hochschulprofessor in
widerspruchsführerin	widerspruchsführer in
kleidung	kleiden ung
volksfeindlich	volksfeind lich
fahrradfreundlichkeit	fahrradfreund lich keit
rheinländerin	rheinland er in
bestandskräftig	bestandskraft ig
raubdrucker	raubdruck er
vorrednerin	vorredner in
verkäuflichkeit	verkauf lich keit
streitschlichter	streitschlichte er
zeitfahrer	zeitfahren er
laublos	laub los
sozialgeschichtlich	sozialgeschichte lich
bildhauer	bildhauen er
berghauser	berghausen er
aushöhlung	aushöhlen ung
schmalzbrötchen	schmalzbrot chen
wiederherstellung	wiederherstellen ung
wohlgefällig	wohlgefallen ig
kopierer	kopie ier er
hausschlachter	hausschlachten er
saboteurin	saboteur in
erdmännchen	erdmann chen
wiederherstellbar	wiederherstellen bar
hürdenläufer	hürdenlauf er
verwundung	verwunden ung
stammler	stammeln er
selbstbediener	selbstbedienen er
computerunternehmer	computerunternehmen er
kleinbäuerlich	kleinbau er lich
düsseldorfer	düsseldorf er
luftverkehrsrechtlich	luftverkehrsrecht lich
kaninchenzüchter	kaninchenzucht er
bundesbürgerin	bundesbürger in
verbildung	ver bild ung
spezifizierung	spezifizieren ung
abtretung	abtreten ung
bibelforscherin	bibelforscher in
weltbürgerin	weltbürger in
programmierung	programm ier ung
heilkräftig	heilkraft ig
begrenzung	begrenzen ung
blumenberger	blumenberg er
schlückchen	schluck chen
vergewaltigung	ver gewaltige ung
arifin	arif in
sprachlehrerin	sprachlehre er in
aufschüttung	aufschütten ung
erzherzogin	erzherzog in
linderung	lindern ung
kommentatorin	kommentator in
regelbar	regeln bar
frühschwimmer	frühschwimmen er
kündigung	kündigen ung
färber	farbe er
bemalung	bemalen ung
gräulich	grau lich
kompromißlos	kompromiß los
wildwüchsig	wildwuchs ig
mattheuer	mattheu er
tabellenachter	tabellenachte n er
massig	masse ig
hörerin	hören er in
jetztzeitig	jetztzeit ig
marlin	marle in
ausläufer	auslauf er
wesenlos	wesen los
einweisung	einweisen ung
konsumfreudigkeit	konsumfreude ig keit
einbrecherin	einbrechen er in
golfplatzbauer	golfplatzbau er
entfesselung	entfesseln ung
koalitionspolitiker	koalitionspolitik er
vorspannung	vorspannen ung
landesministerin	landesminister in
besinnlich	besinnen lich
kunstmalerin	kunstmaler in
besinnungslos	besinnen ung los
anschauung	anschauen ung
anlagenbauer	anlagenbau er
zahnmediziner	zahnmedizin er
exportfähigkeit	exportfähig keit
regierungsfähigkeit	regierungsfähig keit
erwerbsunfähigkeit	erwerbsunfähig keit
zerstreuung	zer streu ung
zugehörig	zugehören ig
hochstimmung	hochstimmen ung
justizsprecherin	justizsprecher in
filmkünstlerin	filmkunst ler in
neuartigkeit	neuartig keit
privatwirtschaftlich	privatwirtschaft lich
anhänglich	anhang lich
sozialwissenschaftlerin	sozialwissenschaft ler in
reizlos	reiz los
interpreter	interpret er
hochachtung	hochachten ung
abrufbar	abrufen bar
asiatin	asiate in
einfaltslos	einfalt los
erkundung	erkunden ung
schwerpflegebedürftigkeit	schwerpflegebedürftig keit
herrschaftslos	herrschaft los
unterlassung	unterlassen ung
vorspiegelung	vorspiegeln ung
inhaftierung	inhaftieren ung
regenlos	regen los
anführung	anführen ung
massierung	massieren ung
puppenkünstlerin	puppenkünstler in
harzburger	harzburg er
brauchbarkeit	brauchen bar keit
unterwürfigkeit	unterwürfig keit
rotschwänzchen	rotschwanz chen
stimmrechtslos	stimmrecht los
gottsucher	gottsuche er
japaner	japan er
sprachmächtigkeit	sprachmächtig keit
rötlich	röten lich
grenzstädtchen	grenzstadt chen
großeinkäufer	großeinkauf er
verallgemeinerbar	ver allgemein bar
berchtesgadener	berchtesgaden er
kindlich	kind lich
mittelläufer	mittellauf er
witzigkeit	witzig keit
diebespärchen	diebespaar chen
risikofreudig	risikofreude ig
vermieter	vermieten er
züchtung	züchten ung
literaturkritikerin	literaturkritik er in
pfiffigkeit	pfiff ig keit
großmütterchen	großmutter chen
anbeter	anbeten er
beendigung	beendigen ung
lutscher	lutschen er
wiederaufbereitung	wiederaufbereiten ung
christin	chr ist in
bargeldlos	bargeld los
bewirkung	bewirken ung
bodensteiner	bodenstein er
busunternehmer	busunternehmen er
ausbrecher	ausbrechen er
naziverbrecher	naziverbrechen er
kursleiterin	kursleiter in
schmälerung	schmälern ung
faustkämpfer	faustkampf er
erwerbsobstbauer	erwerbsobstbau er
anmutung	anmuten ung
temposünder	temposünde er
aufarbeitung	aufarbeiten ung
ukrainerin	ukraine er in
frauenfeindlich	frauenfeind lich
heidenheimer	heidenheim er
südpfälzer	südpfalz er
kulturredakteurin	kulturredakteur in
überwälzung	überwälzen ung
ahnungslos	ahnen ung los
durchsichtigkeit	durchsicht ig keit
nachlässigkeit	nachlassen ig keit
olympiasiegerin	olympiasieg er in
wirtschaftsfreundlichkeit	wirtschaftsfreund lich keit
sistierung	sistieren ung
zusammenziehung	zusammenziehen ung
niedrigkeit	niedrig keit
schneekönigin	schneekönig in
landessprecherin	landessprecher in
gesundheitsurlauber	gesundheitsurlaub er
behauptung	behaupten ung
möbelverkäufer	möbelverkauf er
strahlenschützer	strahlenschutz er
kürzlich	kürzen lich
unterernährung	unterernähren ung
steuerpolitiker	steuerpolitik er
helfer	helfen er
regenbogenfarbig	regenbogenfarbe ig
patientenfürsprecherin	patientenfürsprecher in
sternchen	stern chen
königsberger	königsberg er
autoverkäufer	autoverkauf er
metallunternehmer	metallunternehmen er
gießer	gießen er
wunderlich	wundern lich
radiohörer	radiohören er
soller	soll er
verbindung	verbinden ung
flexibilisierung	flexibilisieren ung
läuferin	lauf er in
reifung	reifen ung
königstädter	königstadt er
kandidatin	kandidat in
klavierschüler	klavierschule er
genossenschaftlerin	genossen schaft ler in
anklägerin	anklagen er in
sozialhilfeempfängerin	sozialhilfeempfänger in
klientin	klient in
badelustig	badelust ig
mitspieler	mitspielen er
öffentlichkeitsarbeiterin	öffentlichkeitsarbeit er in
hennlein	henne lein
tierfänger	tierfang er
wettbewerbsrechtlich	wettbewerbsrecht lich
riecher	riechen er
allgäuer	allgäu er
vernünftig	vernunft ig
verehrung	verehren ung
verdrängung	verdrängen ung
hamelner	hameln er
sexualmörder	sexualmord er
baudirektorin	baudirektor in
thronfolger	thronfolge er
haushaltung	haushalten ung
zahlungsfähigkeit	zahlungsfähig keit
minuszähler	minuszahl er
liedlein	lied lein
nasenbohrer	nasenbohren er
zukünftig	zukunft ig
kohlberger	kohlberg er
dorfpolitiker	dorfpolitik er
rotenburger	rotenburg er
affenartig	affenart ig
unbarmherzigkeit	un barmherzig keit
oberbürgermeisterin	oberbürgermeister in
hartnäckigkeit	hartnäckig keit
erkenntlichkeit	erkenntlich keit
nachzählung	nachzählen ung
stolzenberger	stolzenberg er
verpackung	verpacken ung
finanzmanagerin	finanzmanager in
rechtswirksamkeit	rechtswirksam keit
fachhandwerker	fachhandwerk er
rückversicherung	rückversichern ung
verteufelung	ver teufel ung
cheflektorin	cheflektor in
wahlkampfmanagerin	wahlkampfmanager in
pendler	pendeln er
notenbanker	notenbank er
betreuung	betreuen ung
meßtechniker	meßtechnik er
lebensschützer	lebensschutz er
exhibitionistin	exhibition ist in
einstrahlung	ein strahl ung
operettensängerin	operettensänger in
unbrauchbar	un brauchen bar
naturschützerin	naturschutz er in
darstellbar	darstellen bar
unterkühlung	unterkühlen ung
clubleiterin	clubleiter in
abspaltung	abspalten ung
krankmacher	krankmachen er
formbar	formen bar
zuschauerin	zuschauen er in
maler	malen er
nachahmer	nachahmen er
faltbar	falten bar
großräumigkeit	großraum ig keit
reaktionslos	reaktion los
wirklicher	wirklichen er
kitzelig	kitzel ig
verkalkung	ver kalk ung
blutung	bluten ung
heizungstechniker	heizungstechnik er
mißbrauchbarkeit	mißbrauchen bar keit
reformer	reform er
gemeinschaftlich	gemeinschaft lich
kleinbürgerlich	kleinbürger lich
gerüstbauer	gerüstbau er
prüfer	prüfen er
landeswahlleiterin	landeswahlleiter in
theaterschauspielerin	theaterschauspieler in
bärbeißigkeit	bärbeißig keit
aserbaidschaner	aserbaidschan er
wehmütig	wehmut ig
charlottenburger	charlottenburg er
studiotechniker	studiotechnik er
schaffung	schaffen ung
schweizerin	schweiz er in
kunstradfahrerin	kunstradfahren er in
unbotmäßigkeit	un botmäßig keit
pathologin	pathologe in
sanitäterin	sanitäter in
wetterauer	wetterau er
wolfsburger	wolfsburg er
verschlimmerung	ver schlimm ung
belästigung	belästigen ung
fluchthelferin	fluchthelfer in
wirtschaftsreferentin	wirtschaftsreferent in
heillos	heil los
bedenkenlos	bedenken los
flüsterer	flüstern er
vorbildlos	vorbild los
verwaltungsleiterin	verwaltungsleiter in
medienrechtlich	medienrecht lich
unverkäuflichkeit	un verkauf lich keit
hüttenbauer	hüttenbau er
vorläufig	vorlaufen ig
landsberger	landsberg er
wissenschaftlerin	wissenschaft ler in
übergeschichtlich	über geschichte lich
gefängnisinsassin	gefängnisinsasse in
streiterin	streiten er in
schulanfänger	schulanfang er
polsterung	polstern ung
beschäftigungslos	beschäftigen ung los
wechselburger	wechselburg er
arbeitsschutzrechtlich	arbeitsschutzrecht lich
schwerlich	schwer e lich
kurzsichtigkeit	kurzsicht ig keit
köstlich	kost lich
kaltherzigkeit	kaltherzig keit
hühnerzüchter	hühnerzucht er
rüstungswirtschaftlich	rüstungswirtschaft lich
schirmchen	schirm chen
schlagwerker	schlagwerk er
osttiroler	osttirol er
erinnerungslos	erinnern ung los
bastler	basteln er
inniglich	innig lich
trampolinspringer	trampolinspringen er
fernseher	fernsehen er
zuverlässigkeit	zuverlässig keit
gartenbauschüler	gartenbauschule er
gleichzeitigkeit	gleichzeit ig keit
fünfhunderter	fünfhundert er
fährtensucher	fährtensuche er
maschinistin	mascha ine ist in
grundeigentümerin	grundeigentum er in
schullehrerin	schullehrer in
biologielehrerin	biologielehrer in
wirtschaftsjournalistin	wirtschaftsjournal ist in
erzrivalin	erzrivale in
friedrichstädter	friedrichstadt er
lebenszeitlich	lebenszeit lich
rikschafahrer	rikschafahren er
kugelfischer	kugelfisch er
ausladung	ausladen ung
vorführer	vorführen er
umarmung	umarmen ung
planwirtschaftlich	planwirtschaft lich
einvernehmlich	einvernehmen lich
oberschüler	oberschule er
koordinatorin	koordinator in
spaßmacher	spaßmachen er
schlechterstellung	schlechterstellen ung
wecker	wecken er
freimütig	freimut ig
aufpasserin	aufpassen in
nachmieterin	nachmieter in
verschränkung	verschränken ung
wassertreter	wassertreten er
rundenzähler	rundenzählen er
anspielung	anspielen ung
überzeugung	überzeugen ung
basketballer	basketball er
bridgespieler	bridgespielen er
konvertierbar	konvertieren bar
portugiesin	portugiese in
rennfahrerin	rennfahrer in
locker	locke er
heider	heide er
mittelfeldspieler	mittelfeldspiel er
anspruchsvoller	anspruchsvollen er
chiffrierung	chiffre ier ung
leichtfertigkeit	leichtfertig keit
schrullig	schrulle ig
rattenfänger	rattenfang er
bühnenbildnerin	bühnenbildner in
volkswirtschaftlich	volkswirt schaft lich
washingtoner	washington er
pfändung	pfänden ung
staatsvertraglich	staatsvertrag lich
bundestagspräsidentin	bundestagspräsident in
universitätsöffentlichkeit	universitätsöffentlich keit
bekämpfung	bekämpfen ung
wahlgewinnerin	wahlgewinn er in
bedenklich	bedenken lich
antragstellerin	antragstelle er in
umkreisung	um kreis ung
internatsschüler	internatsschule er
tangotänzer	tangotanzen er
bildlichkeit	bild lich keit
vertreibung	vertreiben ung
asylbewerberin	asylbewerber in
spezialisierung	spezi al isier ung
fünfzehner	fünfzehn er
wanderfreudig	wanderfreude ig
vorstellig	vorstellen ig
landesgeschäftsführerin	landesgeschäftsführer in
falschspieler	falschspiel er
unfallträchtigkeit	unfallträchtig keit
versenkung	versenken ung
schlagzeugerin	schlagzeug er in
verhöhnung	ver höhn ung
mahler	mahl er
auskunftspflichtig	auskunftspflicht ig
weiner	weinen er
presseöffentlichkeit	presseöffentlich keit
metallbauer	metallbau er
retter	retten er
jungunternehmerin	jungunternehmen er in
überhöhung	überhöhen ung
handballspieler	handballspielen er
randecker	randeck er
zeitungsmacher	zeitungsmachen er
irreführung	irreführen ung
dechiffrierbar	dechiffrieren bar
aufbauspielerin	aufbauspiel er in
vermögenslos	vermögen los
transportarbeiter	transportarbeit er
rechtsgültigkeit	rechtsgültig keit
provinzblättchen	provinzblatt chen
schwerhörigkeit	schwerhörig keit
phönizier	phönizien er
verschmutzer	ver schmutz er
verzerrung	verzerren ung
vernehmungsfähigkeit	vernehmungsfähig keit
königssteiner	königsstein er
heraufsetzung	heraufsetzen ung
volleyballspieler	volleyballspielen er
zergliederung	zergliedern ung
ortsüblichkeit	ortsüblich keit
archivarin	archivar in
bauherrin	bauherr in
grundgesetzlich	grundgesetz lich
elendig	elend ig
grundschulleiterin	grundschulleiter in
unkenrufer	unkenrufen er
regierungschefin	regierungschef in
goldsucher	goldsuche er
befahrbar	befahren bar
wundertätig	wundertat ig
durchsetzung	durchsetzen ung
klavierbauer	klavierbau er
spangenberger	spangenberg er
umständlichkeit	umstand lich keit
finalistin	finale ist in
sportwetter	sportwetten er
ballettchefin	ballettchef in
manipulierbar	manipulieren bar
leidenschaftslos	leiden schaft los
bürgermeisterkandidatin	bürgermeisterkandidat in
herausgeber	herausgeben er
verfolgbar	verfolgen bar
schwächlich	schwach e lich
sexualforscherin	sexualforscher in
journalistikstudentin	journalistikstudent in
romanautorin	romanautor in
jahreszeitlich	jahreszeit lich
maiskörner	maiskorn er
ägypterin	ägypten er in
straßenfeger	straßenfegen er
briefwähler	briefwahl er
sexualisierung	sex ual isier ung
trockenlegung	trockenlegen ung
strahlkräftig	strahlkraft ig
bläulich	blau e lich
sittlich	sitte lich
landeskirchlich	landeskirche lich
unpünktlichkeit	un pünktlich keit
parteisekretärin	parteisekretär in
dauerparker	dauerparken er
lehrbar	lehren bar
reimlos	reim los
entwickler	entwickeln er
richtig	richten ig
bundespolitikerin	bundespolitik er in
pendlerin	pendeln er in
überlebensfähigkeit	über lebensfähig keit
unheilig	un heil e ig
formatierung	format ier ung
medizintechniker	medizintechnik er
weichherzigkeit	weichherzig keit
vorstellbar	vorstellen bar
abdankung	abdanken ung
wieger	wiegen e er
sportredakteurin	sportredakteur in
trotzkistin	trotzkist in
aufheiterung	aufheitern ung
lobbyistin	lobby ist in
sozialarbeiter	sozialarbeit er
warschauer	warschau er
kampfeslustig	kampfeslust ig
adventlich	advent lich
atomrechtlich	atomrecht lich
umsteuerung	umsteuern ung
empfindungslos	empfinden ung los
gewissenlos	gewissen los
hochschuldozentin	hochschuldozent in
einreihung	einreihen ung
neufundländer	neufundland er
auszahlung	auszahlen ung
löschung	löschen ung
rauchig	rauchen ig
überlegung	überlegen ung
rechtfertigung	rechtfertigen ung
siebenmalig	siebenmal ig
pressevertreterin	pressevertreter in
nichtigkeit	nichtig keit
grüner	grün e er
marktforscherin	marktforscher in
ordentlichkeit	ordentlich keit
voraussetzung	voraussetzen ung
solistin	solist in
denkmalwürdigkeit	denkmalwürdig keit
gerin	ger in
komplettierung	komplette ier ung
niederhaltung	niederhalten ung
privatisierung	private isier ung
aussagelos	aussagen e los
freibadbesucher	freibadbesuch er
ablieferung	abliefern ung
umweltmediziner	umweltmedizin er
leiharbeiter	leiharbeit er
sorgsamkeit	sorgsam keit
hoheitsrechtlich	hoheitsrecht lich
frühstücksbrötchen	frühstücksbrot chen
lieblingsheldin	lieblingsheld in
neuwähler	neuwahl er
verflüchtigen	ver flüchten ig
fernsehdarstellerin	fernsehdarsteller in
kassandrarufer	kassandraruf er
nationalspieler	nationalspiel er
wortgewaltig	wortgewalt ig
überzeugungskräftig	überzeugungskraft ig
entführung	entführen ung
wiesbadener	wiesbaden er
vorläufer	vorlaufen er
unterhaltungsmusiker	unterhaltungsmusik er
religionswissenschaftlerin	religionswissenschaft ler in
unzeitig	unzeit ig
blattlos	blatt los
witterung	wittern ung
steinmännchen	steinmann chen
eisschnelläuferin	eisschnellaufen er in
eiskunstläufer	eiskunstlaufen er
würdelos	würde los
installierung	installieren ung
einwohnerin	einwohner in
lockig	locken ig
anschlußfähigkeit	anschlußfähig keit
flötistin	flöte ist in
hochschulabsolventin	hochschulabsolvent in
teppichklopfer	teppichklopfen er
erforderlichkeit	erforderlich keit
berufsgenossenschaftlich	berufsgenossenschaft lich
abbestellung	abbestellen ung
panzerbauer	panzerbau er
salzburgerin	salzburg er in
ansteckung	anstecken ung
entschlüsselung	entschlüsseln ung
überschuldung	überschulden ung
bestechlich	bestechen lich
generalkonsulin	generalkonsul in
frühzeitig	frühzeit ig
empfindlich	empfinden lich
schwierigkeit	schwierig keit
einzelwissenschaftlich	einzelwissen schaft lich
zufälligkeit	zufallen ig keit
arbeitsunfähigkeit	arbeitsunfähig keit
grafikdesigner	grafikdesign er
finanzdezernentin	finanzdezernent in
steiger	steige er
braunlager	braunlage er
vordergründig	vordergrund ig
selbstgefällig	selbstgefallen ig
werkstattleiterin	werkstattleiter in
elfjähriger	elfjährig er
elektriker	elektrik er
autowäscher	autowaschen er
straffung	straffen ung
versammlungsrechtlich	versammlungsrecht lich
freikirchlich	freikirche lich
rentenrechtlich	rentenrecht lich
hochrechnung	hochrechnen ung
landwirtschaftsschüler	landwirtschaftsschule er
indianerin	indien aner in
kioskbesitzerin	kioskbesitzer in
holzschläger	holzschlag er
widerstandsunfähigkeit	widerstandsunfähig keit
verantwortung	verantworten ung
freizeitlich	freizeit lich
männerfeindlichkeit	männerfeindlich keit
streifig	streifen ig
erlernbarkeit	erlernbar keit
frührentnerin	frührentner in
deutung	deuten ung
selbstverantwortlichkeit	selbstverantwortlich keit
erfreulich	erfreuen lich
magersüchtig	magersucht ig
entscheidungsfreudigkeit	entscheidungsfreude ig keit
filialleiterin	filialleiter in
linienrichterin	linienrichter in
sonnenberger	sonnenberg er
tiermedizinerin	tiermedizin er in
obdachlos	obdach los
bäcker	backen er
gastfreundlichkeit	gastfreund lich keit
mehrheitsfähigkeit	mehrheitsfähig keit
gesprächspartnerin	gesprächspartner in
belastungszeugin	belastungszeuge in
überzeichnung	überzeichnen ung
bedeutung	bedeuten ung
kartenspieler	kartenspielen er
atomphysiker	atomphysik er
begnadigung	begnadigen ung
althistorikerin	althistoriker in
darstellerin	darstellen er in
säer	säen er
sahnig	sahnen ig
jagdpächter	jagdpachten er
glaubwürdigkeit	glaubwürdig keit
zuordnung	zuordnen ung
fertigstellung	fertigstellen ung
dolmetscher	dolmetschen er
auszeichnung	auszeichnen ung
diabetikerin	diabetiker in
gesetzgeberin	gesetzgeber in
schicklich	schick e lich
lügner	lügen er
nachbearbeitung	nachbearbeiten ung
cannstatter	cannstatt er
epileptikerin	epileptiker in
wahlgewinner	wahlgewinn er
würstchenverkäuferin	würstchenverkäufer in
verschraubung	ver schrauben e ung
kaffeeverkäufer	kaffeeverkauf er
ansprechbar	ansprechen bar
verschwörerin	verschwören in
geheimpolizeilich	geheimpolizei lich
stapelbar	stapeln bar
lügnerin	lügen er in
fachplaner	fachplan er
sportjournalistin	sportjournalist in
hochnäsigkeit	hochnäsig keit
zivilrichterin	zivilrichter in
entflechtung	entflechten ung
adreßbüchlein	adreßbuch lein
fusionierung	fusion ier ung
technikerin	technik er in
beantragung	be antrag ung
erstarrung	erstarren ung
disziplinlos	disziplin los
gefangenentransporter	gefangenentransport er
bittstellerin	bittsteller in
beratungslehrerin	beratungslehrer in
staatsministerin	staatsminister in
diskussionspartnerin	diskussionspartner in
wämschen	wams chen
mitstreiterin	mitstreiten in
schillern	schill er
unbehaglich	un behagen lich
mergentheimer	mergentheim er
abwerbung	abwerben ung
jobsucher	jobsuche er
werksärztlich	werksarzt lich
waffenkäufer	waffenkauf er
reiseführerin	reiseführer in
unsauberkeit	un sauber keit
hasseler	hassel er
hochschätzung	hochschätzen ung
kontrollierbarkeit	kontrolle ier bar keit
denkmalschutzrechtlich	denkmalschutzrecht lich
viktorin	viktor in
windig	wind ig
stadtpolitiker	stadtpolitik er
quebecer	quebec er
vorstellung	vorstellen ung
vanillig	vanille ig
gülin	gül in
pittsburgher	pittsburgh er
dialogfähigkeit	dialogfähig keit
gespannfahrer	gespannfahren er
golfspielerin	golfspiel er in
wasserverbraucher	wasserverbrauch er
boxer	boxen er
fleischlos	fleisch los
unterstellung	unterstellen ung
lieblingsschauspielerin	lieblingsschauspieler in
rippchen	rippe chen
erziehung	erziehen ung
mittelstürmerin	mittelstürmer in
lächerlichkeit	lächerlich keit
plastiksäckchen	plastiksack chen
olympiasieger	olympiasieg er
hobbykünstlerin	hobbykunst ler in
deggendorfer	deggendorf er
stadtmeisterin	stadtmeister in
bundesverfassungsrichterin	bundesverfassungsrichter in
holzfäller	holzfällen er
lichtlein	licht lein
bananenförmig	bananenform ig
einmischung	einmischen ung
widerstandlos	widerstand los
üblichkeit	üblich keit
jugendfreundlich	jugendfreund lich
starautorin	starautor in
bombenwerfer	bombenwerfen er
lesbarkeit	lesen bar keit
delegationsleiterin	delegationsleiter in
vereidigung	vereidigen ung
fotokopierer	fotokopieren er
begleitung	begleiten ung
leidensgefährtin	leidensgefährte in
hinderlich	hindern lich
begründung	begründen ung
kampflos	kampf los
eisenhüttenstädter	eisenhüttenstadt er
chemiestudentin	chemiestudent in
schottin	schotte in
eigenartigkeit	eigenart ig keit
spitzenläuferin	spitzenläufer in
herrin	herr in
verläßlich	verlaß lich
verbrüderung	ver bruder ung
eignerin	eigner in
filterlos	filter los
gewinnerin	gewinnen er in
nachlässig	nachlassen ig
gesellschaftlich	gesellschaft lich
vorsorglich	vorsorgen lich
kunsthandwerkerin	kunsthandwerk er in
angemessener	angemessen e n er
unsittlichkeit	unsitte lich keit
patentierbar	patente ier bar
geschneidert	ge schneiden er
agraringenieurin	agraringenieur in
verführung	verführen ung
verjüngung	verjüngen ung
finnin	finne in
haftung	haften ung
antiheldin	antiheld in
komprimierung	komprimieren ung
grundbesitzer	grundbesitz er
muffigkeit	muff ig keit
engländer	england er
panikmacher	panikmache er
peter	pete er
reinigen	rein e ig
konzeptkünstlerin	konzeptkunst ler in
theaterleiterin	theaterleiter in
besichtigung	besichtigen ung
schlagersängerin	schlagersänger in
beiruter	beirut er
gesundheitsschützer	gesundheitsschutz er
verhätschelung	verhätscheln ung
namensrechtlich	namensrecht lich
allmächtiger	allmacht ig e n er
ausrottung	ausrotten ung
ausschreibung	ausschreiben ung
jungautorin	jungautor in
beurteilung	beurteilen ung
lautsprecherin	lautsprecher in
amsterdamerin	amsterdam er in
materialwissenschaftlich	materialwissenschaft lich
leserlich	lese er lich
steinigung	steinigen ung
berner	bern er
optimistin	optimist in
unbelehrbarkeit	un belehren bar keit
außenangreiferin	außenangreifer in
geistesgegenwärtigkeit	geistesgegenwart ig keit
atomkraftgegnerin	atomkraftgegner in
betrüblich	betrüben lich
venezianerin	venezianer in
erkundigung	erkundigen ung
sportmediziner	sportmedizin er
überzählig	überzahl ig
rohstofflich	rohstoff lich
urenkelin	urenkel in
schiffsbauer	schiffsbau er
transformierung	transformieren ung
einsichtig	einsicht ig
wiener	wien er
physiker	physik er
bildstöckchen	bildstock chen
packung	packen ung
ruderin	ruder in
schnellstarter	schnellstart er
frevlerin	freveln er in
bootsverleiher	bootsverleih er
verantwortlichkeit	verantworten lich keit
ausbilderin	ausbilden er in
aufsässigkeit	aufsässig keit
sieglos	siegen los
stromverbraucher	stromverbrauch er
windschlüpfrigkeit	windschlüpfrig keit
klärchen	klar chen
kommunalpolitiker	kommunalpolitik er
taunusstädtchen	taunusstadt chen
verkleidung	verkleiden ung
nichtarbeiter	nichtarbeit er
alleinig	allee in ig
athener	athene er
seeburger	seeburg er
unflätigkeit	unflat ig keit
liebenswürdigkeit	liebenswürdig keit
nachhilfeschüler	nachhilfeschule er
mörder	morden er
schiffchen	schiff chen
reformbedürftigkeit	reformbedürftig keit
betreibung	betreiben ung
göttingerin	göttingen er in
verneinung	ver nein ung
rückversicherer	rückversichern er
weiterqualifizierung	weiterqualifizieren ung
irrsinnig	irrsinn ig
spaltbarkeit	spalten bar keit
solidaritätsarbeiter	solidaritätsarbeit er
nachkontrollierbar	nachkontrolle ier bar
schopflocher	schopfloch er
selbstdenker	selbstdenken er
kaufwillig	kaufwille ig
modedesignerin	modedesign er in
organisatorin	organisator in
zurückstellung	zurückstellen ung
ausgliederung	ausgliedern ung
fürstin	fürst in
tellerwäscher	tellerwaschen er
initiatorin	initiator in
kinokritiker	kinokritik er
puppenbauer	puppenbau er
fünftausender	fünftausend er
selbständigkeit	selbständig keit
zahnarzthelferin	zahnarzthelfer in
ziellos	ziel los
unterfütterung	unterfüttern ung
kybernetiker	kybernetik er
eigentümlichkeit	eigentum lich keit
vorstandssekretärin	vorstandssekretär in
galeriebesitzerin	galeriebesitzer in
sexsüchtig	sexsucht ig
schlafwandlerin	schlafwandler in
bodendecker	bodendecke er
ostseestädter	ostseestadt er
informantin	informant in
goldschmiedemeisterin	goldschmiedemeister in
gefängnisseelsorger	gefängnisseelsorge er
datenschutzrechtlich	datenschutzrecht lich
erforscher	er forsch er
hochbauer	hochbau er
anbringung	anbringen ung
ursprünglichkeit	ursprung lich keit
aufsetzer	aufsetzen er
wiedereingliederung	wiedereingliedern ung
viereckig	viereck ig
trommlerin	trommeln er in
europafeindlichkeit	europafeindlich keit
bildungsreformer	bildungsreform er
devisenrechtlich	devisenrecht lich
tischtennisspielerin	tischtennisspielen er in
diskuswerfer	diskuswerfen er
landshuterin	landshut er in
produktionsleiterin	produktionsleiter in
rechtsexpertin	rechtsexperte in
meineidig	meineid ig
wirtschaftsministerin	wirtschaftsminister in
zungenfertigkeit	zungenfertig keit
splittern	splitt er
huldigen	huld ig
komponistin	komponist in
betriebsseelsorger	betriebsseelsorge er
verslein	vers lein
afrikanerin	afrika aner in
religionswissenschaftlich	religionswissenschaft lich
singapurer	singapur er
andersartigkeit	andersartig keit
goldschmiedin	goldschmiede in
länderkundlich	länderkunde lich
ansager	ansage er
zufriedenstellung	zufriedenstellen ung
lenker	lenken er
meinungsführerin	meinungsführer in
redenschreiberin	redenschreiber in
vermeintlich	ver meine t lich
jungseniorin	jungsenior in
mutmaßlich	mutmaßen lich
abendschüler	abendschule er
erstaunlich	erstaunen lich
raubgierig	raubgier ig
opiatabhängigkeit	opiatabhängig keit
münchnerin	münchen er in
oberzeller	oberzell er
lebensunfähigkeit	lebensunfähig keit
haftungsrechtlich	haftungsrecht lich
weiterverwertung	weiterverwerten ung
altbauer	altbau er
feuerschlucker	feuerschlucken er
experimentalmusiker	experimentalmusik er
fantasielos	fantasie los
zugrundelegung	zugrundelegen ung
urplötzlich	ur plötze lich
stauber	staub er
königsteiner	königstein er
kulturwissenschaftlerin	kulturwissenschaft ler in
holzhacker	holzhacken er
nachbarin	nachbar in
fünfmalig	fünfmal ig
auslandsredakteurin	auslandsredakteur in
langläufer	langlaufen er
kriminalhauptkommissarin	kriminalhauptkommissar in
drapierung	drapieren ung
kachelofenbauer	kachelofenbau er
demoralisierung	demoralisieren ung
dreitausender	dreitausend er
krankenhaussprecherin	krankenhaussprecher in
kalifornier	kalifornien er
energieverbraucher	energieverbrauch er
therapeutin	therapeut in
rauchlos	rauchen los
schulschwänzer	schulschwänzen er
stückelung	stückeln ung
nachpflanzung	nachpflanzen ung
vereinssprecherin	vereinssprecher in
vorsichtigkeit	vorsicht ig keit
querschläger	querschlag er
widerrufbar	widerrufen bar
mehrheitsbesitzer	mehrheitsbesitz er
hellhörigkeit	hellhörig keit
friedensforscherin	friedensforscher in
alltagstauglichkeit	alltagstauglich keit
ansprechpartnerin	ansprechpartner in
verflüssigung	ver flüssig ung
gleichförmigkeit	gleichförmig keit
bassistin	basse ist in
beauftragung	be auftrag ung
hinterlistig	hinterlist ig
ausstellung	ausstellen ung
weltmusiker	weltmusik er
berufskollegin	berufskollege in
reiniger	rein e ig er
landesjustizministerin	landesjustizminister in
apotheker	apotheke er
kirchenmusikerin	kirchenmusik er in
wintertauglichkeit	wintertauglich keit
roßtaler	roßtal er
rothaarig	rothaar ig
handlungsfähigkeit	handlungsfähig keit
geschäftspartnerin	geschäftspartner in
sozialverantwortlichkeit	sozialverantwortlich keit
landschaftsgärtner	landschaftsgarten er
tierärztlich	tierarzt lich
rückraumspielerin	rückraumspieler in
lokalreporterin	lokalreporter in
politikprofessorin	politikprofessor in
zynikerin	zyniker in
plötzlich	plötze lich
kölnerin	köln er in
istanbuler	istanbul er
heilpädagogin	heilpädagoge in
einberufung	einberufen ung
wiederbelegung	wiederbelegen ung
finanzwissenschaftlich	finanzwissenschaft lich
helmchen	helm chen
handelsrechtlich	handelsrecht lich
jugendbetreuerin	jugendbetreuer in
simulantin	simulant in
streicher	streichen er
verkehrlich	verkehren lich
bezirksvorsteherin	bezirksvorsteher in
fabrikantin	fabrikant in
bildungspolitikerin	bildungspolitik er in
chefsekretärin	chefsekretär in
schriftlichkeit	schrift lich keit
chefanklägerin	chefankläger in
haltbarkeit	halten bar keit
vielseitigkeit	vielseitig keit
kompositionslehrer	kompositionslehre er
einfassung	einfassen ung
verzinsung	ver zins ung
bäckerin	backen er in
reiseunternehmer	reiseunternehmen er
anzüglichkeit	anzug lich keit
schulmusiker	schulmusik er
wertstellung	wertstellen ung
besetzerin	besetzen er in
seerechtlich	seerecht lich
blaublütig	blaublut ig
überprüfbar	überprüfen bar
schulsozialarbeiter	schulsozialarbeit er
einkapselung	ein kapsel ung
pflegeschülerin	pflegeschule er in
gefährlichkeit	gefährlich keit
waldbaulich	waldbau lich
männlichkeit	mann lich keit
fraktionslos	fraktion los
überladung	überladen ung
prüfung	prüfen ung
nachwuchsspielerin	nachwuchsspieler in
altin	alt in
mehlig	mehl ig
versicherungsbetrüger	versicherungsbetrug er
videoverleiher	videoverleih er
örtlichkeit	örtlich keit
zufügung	zufügen ung
eggenberger	eggenberg er
einspritzung	einspritzen ung
verursacher	ver ursache er
ungesetzlich	un gesetz lich
sensationsreporterin	sensationsreporter in
bezirkssekretärin	bezirkssekretär in
untergrundkämpfer	untergrundkampf er
werktäglich	werktag lich
schwenker	schwenk er
nervlich	nerv lich
senegalesin	senegalese in
untertänig	untertane ig
weiblichkeit	weib lich keit
praktiker	praktik er
friedensunfähigkeit	friedensunfähig keit
firmeninhaberin	firmeninhaber in
beliebigkeit	belieben ig keit
reaktivierung	reaktion iv ier ung
altenpflegeschüler	altenpflegeschule er
friedrichsdorfer	friedrichsdorf er
nordamerikanerin	nordamerika aner in
kaufbeurener	kaufbeuren er
entkräftung	entkräften ung
juniorin	junior in
erfolgstrainerin	erfolgstrainer in
holzbänkchen	holzbank chen
angstgegnerin	angstgegner in
heuchlerin	heucheln er in
vermietung	vermieten ung
kirchenreformer	kirchenreform er
saarländerin	saarland er in
druckunternehmer	druckunternehmen er
beleuchter	beleuchten er
staatsrechtlich	staatsrecht lich
fahrig	fahr ig
allgemeinverständlichkeit	allgemeinverständlich keit
firmenkäufer	firmenkauf er
unstimmig	un stimmen ig
gefühlsduselig	gefühlsdusel ig
telefonanrufer	telefonanrufen er
sekretärin	sekret är in
hausmütterchen	hausmutter chen
verkühlung	ver kühl e ung
weiterführung	weiterführen ung
grämlich	grämen lich
schöntaler	schöntal er
zeitarbeiter	zeitarbeit er
pfadfinderin	pfadfinder in
eindringlicher	eindringen lich e er
klavierpädagogin	klavierpädagoge in
ungleichzeitig	un gleichzeit ig
kurmainzer	kurmainz er
ernährungswissenschaftlich	ernährungswissenschaft lich
nationaltorhüterin	nationaltorhüter in
durchschnittlich	durchschnitt lich
vollstreckbarkeit	vollstreckbar keit
ernährung	ernähren ung
wertlos	wert los
strähnig	strähne ig
verdächtigung	verdacht ig ung
florettfechterin	florettfechten er in
kunstschüler	kunstschule er
klägerin	klage er in
hamburgerin	hamburg er in
gardistin	gard ist in
grenzgängerin	grenzgang er in
kleinbesitzer	kleinbesitz er
sicherung	sichern ung
blitzkrieger	blitzkrieg er
bozener	bozen er
versperrung	ver sperre ung
unglücklich	unglück lich
verfassungsschützer	verfassungsschutz er
celestin	celeste in
forschungsleiterin	forschungsleiter in
steigung	steigen ung
gewöhnlichkeit	gewöhnen lich keit
mißbilligung	mißbilligen ung
militärgerichtlich	militärgericht lich
brustschwimmer	brustschwimmen er
eisenacher	eisenach er
badeurlauber	badeurlaub er
zahlungsunfähigkeit	zahlungsunfähig keit
gesellschaftsreformer	gesellschaftsreform er
professorin	professor in
kosmetikerin	kosmetik er in
kanalarbeiter	kanalarbeit er
vogelzüchter	vogelzucht er
systemdenker	systemdenken er
käuferin	kaufen er in
scharfsinnig	scharfsinn ig
profanierung	profane ier ung
wiedererteilung	wiedererteilen ung
hochtechnisierung	hochtechnisch isier ung
monarchin	monarch in
sinologin	sinologe in
amerikanisierung	amerika anisch isier ung
kronstädter	kronstadt er
filmwissenschaftlich	filmwissenschaft lich
nachdenklicher	nachdenklichen er
formung	formen ung
schwermetaller	schwermetall er
griesheimer	griesheim er
kneipengänger	kneipengang er
wasserspritzer	wasserspritze er
kirchgänger	kirchgang er
genferin	genf er in
teilbarkeit	teilen bar keit
pflegehelferin	pflegehelfer in
fleißig	fleiß ig
nachkriegspolitiker	nachkriegspolitik er
wochenendbesucher	wochenendbesuch er
schürzchen	schurz chen
galerieleiterin	galerieleiter in
elin	ele in
bogenberger	bogenberg er
rotter	rotte er
unermeßlichkeit	unermeßlich keit
oberkellnerin	oberkellner in
mißachtung	mißachten ung
spezialgesetzlich	spezialgesetz lich
tourismusministerin	tourismusminister in
entspannung	ent spanne ung
abstammung	abstammen ung
brandstifterin	brandstifter in
aktualisierung	aktualisieren ung
weißwaschung	weißwaschen ung
luxemburger	luxemburg er
weltmeisterin	weltmeister in
sozialfürsorger	sozialfürsorge er
respektlos	respekt los
königsmörder	königsmord er
direktionsassistentin	direktionsassistent in
überschwemmung	über schwemmen e ung
übereignung	übereignen ung
sängerin	sang er in
marketenderin	marketender in
mißlich	miß lich
einschüchterung	einschüchtern ung
saarbrückerin	saarbrücken er in
gasthörerin	gasthörer in
vorsitzer	vorsitzen er
linkshänderin	linkshänder in
zwischenstaatlich	zwischen staat lich
schwächlichkeit	schwach e lich keit
ludwigshafener	ludwigshafen er
weißbärtig	weißbart ig
nachdichter	nach dicht er
rohrleitungsbauer	rohrleitungsbau er
fahnenschwinger	fahnenschwingen er
geigenspieler	geigenspiel er
neckarsulmer	neckarsulm er
durchführbar	durchführen bar
programmleiterin	programmleiter in
anfälligkeit	anfallen ig keit
pomadig	pomade ig
unpfändbar	un pfänden bar
marktmeisterin	marktmeister in
verbraucherschützer	verbraucherschutz er
rechtfertiger	rechtfertigen er
unfreundlichkeit	un freund lich keit
diskriminierung	diskriminieren ung
mäuslein	maus lein
greifbar	greifen bar
genießbar	genießen bar
schlößlein	schloß lein
schläfchen	schläfe chen
mannschaftsspieler	mannschaftsspiel er
strohhütchen	strohhut chen
straßenräuber	straßenraub er
mitherausgeberin	mitherausgeber in
detailfreudigkeit	detailfreude ig keit
schwunglos	schwung los
machbar	machen bar
fußballerin	fußballen er in
revolutionierung	revolution ier ung
landwirtschaftspolitiker	landwirtschaftspolitik er
baumpfleger	baumpflege er
denkmalsschützer	denkmalsschutz er
öffnung	öffnen ung
bürokratisierung	bürokrat isch ie isier ung
bilgin	bilge in
außenseiterin	außenseite er in
genfer	genf er
wonneberger	wonneberg er
anästhesistin	anästhesie ist in
spitzfindigkeit	spitzfindig keit
ausplünderung	ausplündern ung
unlösbarkeit	un lösen bar keit
zweckentfremdung	zweckentfremden ung
wiedergutmachung	wiedergutmachen ung
kartenlos	karte los
filmwissenschaftlerin	filmwissenschaft ler in
stückchen	stück chen
inderin	inder in
leinfelder	leinfelden er
zeitdiagnostiker	zeitdiagnostik er
muslimin	muslime in
hinrichtung	hinrichten ung
mannschaftssieger	mannschaftssieg er
begleitmusiker	begleitmusik er
vereinsamung	ver einsam ung
andeutung	andeuten ung
warmherzigkeit	warmherzig keit
erniedrigung	erniedrigen ung
spitzenspielerin	spitzenspiel er in
rächer	rächen er
brandmarkung	brandmarken ung
neckartaler	neckartal er
einzeltäter	einzeltat er
rappelig	rappel ig
landesmeisterin	landesmeister in
gutsbesitzerin	gutsbesitzer in
neueinsteigerin	neueinsteiger in
geschlechtsgenossin	geschlechtsgenosse in
bürgerschaftspräsidentin	bürgerschaftspräsident in
landeigentümer	landeigentum er
finanzsenatorin	finanzsenator in
teamleiterin	teamleiter in
grantig	grant ig
unternehmensgründerin	unternehmensgründer in
stoppelig	stoppel ig
mehrheitsgesellschafterin	mehrheitsgesellschaft er in
ausnützung	ausnützen ung
straßenarbeiter	straßenarbeit er
ehrfürchtig	ehrfurcht ig
überfliegerin	über fliege er in
degenfechterin	degenfechten er in
scharrer	scharre er
sprecherin	sprecher in
bodenturner	bodenturnen er
schulärztlich	schularzt lich
rückhaltlos	rückhalt los
überbevölkerung	überbevölkern ung
parlamentssprecherin	parlamentssprecher in
verkehrsministerin	verkehrsminister in
fundamentalistin	fundamentale ist in
visualisierung	visual isier ung
reglementierung	reglement ier ung
zerrüttung	zerrütten ung
auslosung	auslosen ung
säuferin	saufen er in
arbeitsgerichtlich	arbeitsgericht lich
zweitkandidatin	zweitkandidat in
sendlinger	sendling er
kelkheimerin	kelkheim er in
konfliktunfähigkeit	konfliktunfähig keit
diener	dienen er
trotzköpfchen	trotzkopf chen
vertretung	vertreten ung
landeskonservatorin	landeskonservator in
betriebsberaterin	betriebsberater in
niederträchtig	niedertracht ig
tropenmediziner	tropenmedizin er
zerstörer	zerstören er
schächter	schacht er
mittler	mitteln er
bootsfahrer	bootsfahren er
begradigung	begradigen ung
ozeanier	ozeanien er
hauptgutachter	hauptgutachten er
arbeitsmarktpolitiker	arbeitsmarktpolitik er
erreichung	erreichen ung
literaturdozentin	literaturdozent in
vorbereitung	vorbereiten ung
unmännlich	un mann lich
dresdnerin	dresden er in
barbier	barbie er
ahnung	ahnen ung
predigerin	predigen er in
umquartierung	um quartier ung
demütigen	demut ig
abfertigung	abfertigen ung
ticketverkäufer	ticketverkauf er
unmöglichkeit	un möglich keit
schmerzlichkeit	schmerz lich keit
lästigkeit	lästig keit
strandhäuschen	strandhaus chen
stoppelbärtig	stoppelbart ig
spitzig	spitzen ig
graphikdesigner	graphikdesign er
vollzugsbeamtin	vollzugsbeamte in
medikamentensüchtig	medikamentensucht ig
schuldig	schuld ig
urmenschlich	urmensch lich
doktorin	doktor in
führerscheinlos	führerschein los
rasterung	rastern ung
hartherzig	hartherz ig
bodendenkmalpfleger	bodendenkmalpflege er
trittbrettfahrerin	trittbrettfahren er in
gesundschreibung	gesundschreiben ung
südlich	süd lich
feinstofflichkeit	feinstofflich keit
altmühltaler	altmühltal er
umfangreicher	umfangreiche er
stadtwerker	stadtwerk er
mehrheitseigentümer	mehrheitseigentum er
florentinerin	florentine er in
gärung	gären ung
fremdenpolizeilich	fremdenpolizei lich
allgemeinmediziner	allgemeinmedizin er
jugendamtsleiterin	jugendamtsleiter in
kammerschauspielerin	kammerschauspieler in
ministerin	minister in
verlegerin	verlegen er in
sechsmalig	sechsmal ig
präzedenzlos	präzedenz los
tagungsteilnehmerin	tagungsteilnehmer in
nebeneinanderstellung	nebeneinanderstellen ung
überbeanspruchung	überbeanspruchen ung
unersetzbar	un ersetzen bar
plünderer	plündern er
lauffreudig	lauffreude ig
jugoslawin	jugoslawe in
maierhöfer	maierhof er
chemikerin	chemiker in
beharrung	beharren ung
