mengganggu	men ganggu
berencana	ber rencana
ledakan	ledak an
melanda	men landa
masuk	masuk
jiwaku	jiwa aku
dicoba	di coba
diperbuat	di per buat
dendam	dendam
fleksibilitas	fleksibilitas
media	media
termulia	ter mulia
sumberdaya	sumberdaya
menghindari	men hindar i
gelisah	gelisah
rumor	rumor
geram	geram
letusan	letus an
mengenalinya	men kenal i nya
pertobatannya	per tobat an nya
prevalensinya	prevalensi nya
mencarikan	men cari kan
pemalsuan	pen palsu an
peraga	pen raga
metodologi	metodologi
kantornya	kantor nya
maju	maju
tuturnya	tutur nya
berbunyi	ber bunyi
mengikrarkan	men ikrar kan
pemetikan	pen petik an
olahraganya	olahraga nya
detektif	detektif
regulasi	regulasi
bertekuk	ber tekuk
kredibel	kredibel
ciri	ciri
merenungkan	men renung kan
acuh	acuh
menggembala	men gembala
janinnya	janin nya
jeda	jeda
beliau	beliau
antarsektor	antar sektor
kipas	kipas
aborsi	aborsi
pelayaran	pen layar an
dibalik	di balik
mengungguli	men unggul i
terperosok	terperosok
ditekan	di tekan
mengartikan	men arti kan
mempertimbangkan	men timbang kan
penembakan	pen tembak an
sidang	sidang
pengguliran	pen gulir an
berpikirnya	ber pikir nya
menyeberangi	men seberang i
pemberdayaannya	pemberdayaan nya
persentase	persentase
pengaruhi	pengaruh i
mempertahankan	men tahan kan
adik	adik
pembaca	pen baca
kunyah	kunyah
berjudul	ber judul
bergunung	ber gunung
menempelkan	men tempel kan
tariknya	tarik nya
ditanami	di tanam i
terjerat	ter jerat
menjulurkan	men julur kan
dihabiskan	di habis kan
pemberi	pen beri
mengucilkan	men kucil kan
diumumkan	di umum kan
mendatangi	men datang i
solusinya	solusi nya
jatuhnya	jatuh nya
menyentak	men sentak
penyempitan	pen sempit an
bersesuaian	ber sesuai an
dianggarkan	di anggar kan
diperberat	di per berat
berteknologi	ber teknologi
standarisasi	standarisasi
disetorkan	di setor kan
terbelenggu	ter belenggu
mencurahkan	men curah kan
merajalela	men rajalela
kehendaknya	kehendak nya
terobosan	terobos an
lokali	lokal i
bapa	bapa
bencana	bencana
skenario	skenario
mendesentralisasikan	men desentralisasi kan
pertanahan	per tanah an
diairi	di air i
pipa	pipa
terpenting	ter penting
juli	juli
ramah	ramah
pemesanan	pen pesan an
allahmu	allah mu
balistik	balistik
ditangan	di tangan
fokusnya	fokus nya
tambahan	tambah an
berhikmat	ber hikmat
firmanku	firman ku
serakah	serakah
kupasang	ku pasang
mengejeknya	men ejek nya
benturan	bentur an
bekal	bekal
ketidakharmonisan	ke tidak harmonis an
taiwan	tai wan
perilaku	perilaku
tes	tes
hadiah	hadiah
dijawab	di jawab
berbincang	ber bincang
lolos	lolos
perwujudan	per wujud an
kentalnya	kental nya
ditunjang	di tunjang
kontrakan	kontrak an
pembagian	pen bagi an
seusia	se usia
menggelapkan	men gelap kan
ahli	ahli
memantapkan	men mantap kan
hatinya	hati nya
sesamaku	se sama aku
pembakaran	pen bakar an
periksa	periksa
komunitasnya	komunitas nya
menganan	men kanan
kunjungi	kunjung i
berkabung	berkabung
mengarsipkan	men arsip kan
jadi	jadi
menyembur	men sembur
warganegara	warganegara
sembunyikan	sembunyi kan
kinerjanya	kinerja nya
gugus	gugus
diiringi	di iring i
berorientasi	ber orientasi
dipungut	di pungut
sahabatku	sahabat ku
laki	laki
memandangnya	men pandang nya
dibengkokkan	di bengkok kan
ahlinya	ahli nya
ditabung	di tabung
diluputkan	di luput kan
kamera	kamera
dikritik	di kritik
pencuri	pen curi
upaya	upaya
balai	bala i
pembukaan	pen buka an
pelapor	pen lapor
pemilihan	pen pilih an
melunasi	men lunas i
membuat	men buat
dimensi	dimensi
dihindarkan	di hindar kan
ilmiah	ilmiah
panah	panah
sikapnya	sikap nya
kancing	kancing
saudaraku	saudara aku
kaget	kaget
wakili	wakil i
warga	warga
dibangkitkan	di bangkit kan
penyalurannya	pen salur an nya
menganggukkan	men angguk kan
ngengat	ngengat
haus	haus
langka	langka
bunga	bunga
mengungkapkan	men ungkap kan
pengambilannya	pen ambil an nya
ditembuskan	di tembus kan
olah	olah
henti	henti
perbuatan	per buat an
hiburan	hibur an
praktiknya	praktik nya
dirinci	di rinci
diubahnya	di ubah nya
bangunannya	bangun an nya
belajarnya	belajar nya
dicabut	di cabut
kepalaku	kepala aku
hawa	hawa
digarisbawahi	di garisbawah i
induk	induk
dikategorikan	di kategori kan
cerdik	cerdik
menggapai	men gapai
ruang	ruang
kuda	kuda
dibentuknya	di bentuk nya
pelaporan	pen lapor an
neraka	neraka
pajaknya	pajak nya
mekar	mekar
penjadwalan	pen jadwal an
rezim	rezim
cela	cela
hikmatnya	hikmat nya
perguruan	per guru an
menggunting	men gunting
lucunya	lucu nya
diperkenalkan	di per kenal kan
ruh	ruh
apresiasi	apresiasi
lunturnya	luntur nya
peninjau	pen tinjau
komponen	komponen
campur	campur
kontrak	kontrak
memasukinya	men masuk i nya
dibawanya	di bawa nya
genetik	genetik
dewasa	dewasa
meluas	men luas
prakteknya	praktek nya
penyampaiannya	pen sampai an nya
landas	landas
jalurnya	jalur nya
gangguan	ganggu an
setoran	setor an
pelaksana	pen laksana
menanggapinya	men tanggap i nya
dilihat	di lihat
berpengetahuan	ber pengetahuan
alumni	alumni
nondepartemen	non departemen
dilekatkan	di lekat kan
pasif	pasif
puja	puja
ladang	ladang
lunak	lunak
peminjamannya	pen pinjam an nya
penyebabnya	pen sebab nya
kedatangan	ke datang an
transaksi	transaksi
tepian	tepi an
akurasinya	akurasi nya
menutupi	men tutup i
disajikan	di saji kan
anggap	anggap
selesainya	selesai nya
memuja	men puja
strategis	strategis
menyedihkannya	men sedih kan nya
pengolahan	pen olah an
pergumulan	per gumul an
memperdamaikan	men damai kan
artian	arti an
raya	raya
menakar	men takar
angin	angin
bebasnya	bebas nya
mengoptimalkan	men optimal kan
melemahnya	men lemah nya
rupanya	rupa nya
manajerial	manajerial
digigit	di gigit
tegar	tegar
limbah	limbah
diraup	di raup
diukur	di ukur
bertanggung	ber tanggung
dicegat	di cegat
gunung	gunung
ketidakadaan	ke tidak ada an
menjurus	men jurus
patokan	patok an
cara	cara
mengedipkan	men kedip kan
disamakan	di sama kan
terhebat	ter hebat
berbiaya	ber biaya
pemahaman	pen paham an
mengikatnya	men ikat nya
juruselamat	juruselamat
nonmiskin	nonmiskin
terputus	ter putus
mengarah	men arah
tawanan	tawan an
miliarder	miliarder
trendi	trend i
penghargaan	pen harga an
terkubur	ter kubur
aniaya	aniaya
termiskin	ter miskin
swedia	swedia
penyehatan	pen sehat an
mengestimasi	men estimasi
pengolah	pen olah
perlawanan	per lawan an
pemicu	pen picu
keturunannya	ke turun an nya
pewawancara	pen wawancara
saudaramu	saudara mu
memperolehnya	men peroleh nya
responsnya	respons nya
dibunuh	di bunuh
minat	minat
jantan	jantan
gemuruhnya	gemuruh nya
memveto	men veto
limpahan	limpah an
sisanya	sisa nya
memperindah	men indah
terakomodasi	ter akomodasi
bagus	bagus
mengamati	men amati
sifat	sifat
gilirannya	gilir an nya
komplikasi	komplikasi
semacamnya	se macam nya
membocorkan	men bocor kan
kencang	kencang
mencalonkan	men calon kan
menjaga	men jaga
prosesi	proses i
pemuridan	pen murid an
bertahap	ber tahap
komoditasnya	komoditas nya
misinya	misi nya
mendominasi	men dominasi
menyelesaikannya	men selesai kan nya
nonperdagangan	non per dagang an
terikat	ter ikat
botol	botol
menahan	men tahan
mengulangi	men ulang i
menempuh	men tempuh
digodok	di godok
ikatan	ikat an
teh	teh
menstimulasi	men stimulasi
siswa	siswa
peneliti	pen teliti
cacing	cacing
menjaminkan	men jamin kan
terhubung	ter hubung
geografi	geografi
sebagian	sebagian
mengencerkan	men encer kan
kejadiannya	ke jadi an nya
pengadministrasian	pen administrasi an
susulan	susul an
mendulang	men dulang
dijamin	di jamin
pembangunan	pen bangun an
disadarkan	di sadar kan
menghafal	men hafal
dikirimkan	di kirim kan
beragi	ber ragi
membodohi	men bodoh i
reaksi	reaksi
pbb	pbb
sel	sel
depanmu	depan mu
dipikat	di pikat
gembiranya	gembira nya
antardusun	antar dusun
korea	korea
sebatas	se batas
dihubungkan	di hubung kan
tafsiran	tafsir an
perumahan	pen rumah an
pertanyaan	per tanya an
ditekuni	di tekun i
terlihat	ter lihat
asam	asam
pembongkaran	pen bongkar an
setingkat	se tingkat
norma	norma
menenangkan	men tenang kan
tercapai	ter capai
diakses	di akses
pengidentifikasian	pen identifikasi an
antariksa	antariksa
robot	robot
manusia	manusia
dikonfirmasi	di konfirmasi
pengobatan	pen obat an
bernaung	ber naung
sukacitamu	sukacita mu
almamaternya	almamater nya
nomor	nomor
perilakunya	perilaku nya
mendesentralisasikannya	men desentralisasi kan nya
gerakan	gerak an
payung	payung
panennya	panen nya
dukunnya	dukun nya
menewaskan	men tewas kan
menyempurnakan	men sempurna kan
berteman	ber teman
mendayagunakan	men dayaguna kan
kamis	kamis
mengelilinginya	men keliling i nya
sepupu	sepupu
menceritakan	men cerita kan
depkes	depkes
derajat	derajat
penghalau	pen halau
menjual	men jual
dililit	di lilit
berdosa	ber dosa
sarananya	sarana nya
miliki	milik i
menggadaikan	men gadai kan
sampel	sampel
mampu	mampu
desa	desa
konsekuensi	konsekuensi
memerbaiki	men perbaiki
mewakilinya	men wakil i nya
beban	beban
diciptakan	di cipta kan
mengorelasikan	men korelasi kan
berorganisasi	ber organisasi
diloloskan	di lolos kan
diinformasikan	di informasi kan
dilaksanakan	di laksana kan
menyalami	men salam i
terberatnya	ter berat nya
poster	poster
pengasuhan	pen asuh an
sebaiknya	se baik nya
mahal	mahal
penegasan	pen tegas an
aturan	atur an
kekalnya	kekal nya
berasal	ber asal
suratnya	surat nya
percekcokan	per cekcok an
klien	klien
kutuk	kutuk
berkat	berkat
pemadam	pen madam
hampa	hampa
kasihnya	kasih nya
terdesentralisasi	ter desentralisasi
menendang	men tendang
menyeimbangkan	men seimbang kan
masanya	masa nya
menambah	men tambah
lalui	lalu i
melatihnya	men latih nya
ragukan	ragu kan
dikhususkan	di khusus kan
tersandung	ter sandung
penghormatan	pen hormat an
seramai	se ramai
efektivitas	efektivitas
direkrutnya	di rekrut nya
ditulisnya	di tulis nya
tangani	tangan i
verifikasinya	verifikasi nya
lahan	lahan
menemaninya	men teman i nya
akurasi	akurasi
bergiat	ber giat
makannya	makan nya
menjamurnya	men jamur nya
mengintai	men intai
ala	ala
pengangkatan	pen angkat an
ditanggulangi	di tanggulang i
pemandangan	pen pandang an
galeri	galeri
subjektivitas	subjektivitas
kitab	kitab
berupa	ber rupa
kutempuh	ku tempuh
keliru	keliru
dibicarakan	di bicara kan
kampus	kampus
borong	borong
dilembagakan	di lembaga kan
antar	antar
ditanamkan	di tanam kan
lestari	lestari
mengimbangi	men imbang i
ditambahkannya	di tambah kan nya
dimungkinkan	dimungkinkan
lucu	lucu
dikenakannya	di kena kan nya
diteruskan	di terus kan
doktor	doktor
ulang	ulang
kasar	kasar
agenda	agenda
kampanyenya	kampanye nya
luang	luang
didambakannya	di damba kan nya
mengasihi	men kasih i
dilatihnya	di latih nya
tugasku	tugas ku
tidurnya	tidur nya
pengangkutan	pen angkut an
cokelat	cokelat
terbayar	ter bayar
tepi	tepi
berbasiskan	ber basis kan
keruh	keruh
terlontar	ter lontar
pelabuhan	pen labuh an
bergerak	ber gerak
terisolasi	ter isolasi
embun	embun
penakut	pen takut
menginduk	men induk
infrastrukturnya	infrastruktur nya
positifnya	positif nya
pewaris	pen waris
terpopuler	ter populer
teknis	teknis
matang	matang
melengkapinya	men lengkap i nya
bermitra	ber mitra
salib	salib
dicairkan	di cair kan
perancang	pen rancang
pengarung	pen karung
area	area
seksi	seks i
penelitiannya	pen teliti an nya
kubur	kubur
antiseparatis	anti separatis
karbon	karbon
pembuangan	pen buang an
islami	islam i
tafsirannya	tafsir an nya
beraksi	ber aksi
ulama	ulama
perumpamaannya	per umpama an nya
dikeringkan	di kering kan
menargetkan	men target kan
pembiusan	pen bius an
salam	salam
berimbang	ber imbang
merepotkan	men repot kan
terbentuk	ter bentuk
petisi	petisi
kompleks	kompleks
medisnya	medis nya
pegang	pegang
singkatan	singkat an
asuransi	asuransi
berbeda	ber beda
kesehariannya	keseharian nya
karpet	karpet
legislatif	legislatif
laju	laju
menghapus	men hapus
membatasi	men batas i
terdata	ter data
antarpengurus	antar pen urus
ketidakseimbangan	ke tidak seimbang an
kerinduannya	ke rindu an nya
terpisahkan	ter pisah kan
dusunnya	dusun nya
allah	allah
disiapkannya	di siap kan nya
antarorangtua	antar orangtua
jelas	jelas
kumiliki	ku milik i
mendeskripsikan	men deskripsi kan
penagihannya	pen tagih an nya
peneguhan	pen teguh an
jepang	jepang
menyusutnya	men susut nya
direkonstruksi	di rekonstruksi
tiang	tiang
berkomunikasi	ber komunikasi
ditaklukkan	di takluk kan
balita	balita
serang	serang
sedia	sedia
gitarnya	gitar nya
umumnya	umum nya
menerangkan	men terang kan
berpawai	ber pawai
penggratisan	pen gratis an
permulaannya	per mula an nya
asli	asli
khazanah	khazanah
dikonsumsi	di konsumsi
memanah	men panah
meluncurkan	men luncur kan
jualbeli	jualbeli
menggunakannya	men guna kan nya
keras	keras
tewas	tewas
gurun	gurun
terhalangi	ter halang i
membendung	men bendung
melalaikan	men lalai kan
klinik	klinik
menghadap	men hadap
penyuapan	pen suap an
pencipta	pen cipta
terakumulasi	ter akumulasi
kutanggung	ku tanggung
ketidaksetiaan	ke tidak setia an
perumusan	pen rumus an
menggosokkan	men gosok kan
ginjal	ginjal
berkesudahan	ber ke sudah an
berperkara	ber perkara
kendala	kendala
dikompensasikan	di kompensasi kan
united	united
mendelegasikan	men delegasi kan
pidato	pidato
penjabaran	pen jabar an
diperingkat	di peringkat
musik	musik
lengkap	lengkap
diarahkan	di arah kan
takjub	takjub
organ	organ
dibentuk	di bentuk
memasukan	men pasukan
pemboman	pen bom an
mencarinya	men cari nya
alkitab	alkitab
patriotik	patriotik
intensitas	intensitas
pempublikasian	pen publikasi an
perempuan	perempuan
sidik	sidik
mempermasalahkannya	men masalah kan nya
mulus	mulus
eksekusinya	eksekusi nya
menggenapi	men genap i
terdaftar	ter daftar
diolesi	di oles i
usianya	usia nya
aset	aset
penghentian	pen henti an
khas	khas
bertepuk	ber tepuk
didiskualifikasi	di diskualifikasi
sempit	sempit
bergegas	ber gegas
adakan	ada kan
lidah	lidah
membentuk	men bentuk
mengintimidasi	men intimidasi
diseimbangkan	di seimbang kan
diseret	di seret
penjamuran	pen jamur an
mawarnya	mawar nya
berjabat	ber jabat
kenakan	kena kan
lurus	lurus
merintangi	men rintang i
menipis	men tipis
interiornya	interior nya
biayanya	biaya nya
pindahan	pindah an
fakultas	fakultas
mempersiapkannya	men siap kan nya
dirobohkan	di roboh kan
peristiwa	peristiwa
pergolakan	per golak an
wisata	wisata
penyalur	pen salur
kabut	kabut
kelanjutan	ke lanjut an
setia	setia
merekrut	men rekrut
antarrumah	antar rumah
ketahui	ketahui
besi	besi
damai	damai
memanggang	men panggang
goncangkan	goncang kan
investigasi	investigasi
sesuatunya	sesuatu nya
rekonsiliasi	rekonsiliasi
remaja	remaja
ketidakpekaan	ke tidak peka an
dicurigai	di curiga i
pengungsi	pen ungsi
risikonya	risiko nya
populasinya	populasi nya
berdomisili	ber domisili
dihitung	di hitung
dimasukkannya	di masuk kan nya
terkelola	ter kelola
terurai	ter urai
pemasangan	pen pasang an
kedudukannya	ke duduk an nya
kupon	kupon
terhalang	ter halang
memperebutkan	men rebut kan
bertanda	ber tanda
profesionalisme	profesionalisme
menumpang	men tumpang
segel	segel
agung	agung
terintimidasi	ter intimidasi
tulis	tulis
sahabat	sahabat
pembangkit	pen bangkit
berkesempatan	ber kesempatan
pulau	pulau
cocok	cocok
perjumpaan	per jumpa an
bungkusan	bungkus an
menetapkan	men tetap kan
diperankan	di peran kan
kuingat	ku ingat
mapannya	mapan nya
nafsu	nafsu
diperlukan	di perlu kan
dititipi	di titip i
menjelajahi	men jelajah i
menirukan	men tiru kan
giat	giat
langgengnya	langgeng nya
rajaku	raja aku
kasi	kas i
menapaki	men tapak i
diabaikannya	di abai kan nya
terpola	ter pola
diikutkan	di ikut kan
mertuanya	mertua nya
fitnah	fitnah
nopember	nopember
disegarkan	di segar kan
prajurit	prajurit
tambahkan	tambah kan
menyingkap	men singkap
dahsyat	dahsyat
olahannya	olah an nya
jebakan	jebak an
berlangsungnya	ber langsung nya
diperiksa	di periksa
ekonomis	ekonomis
enumerasinya	enumerasi nya
pelatihan	pen latih an
komputerisasi	komputerisasi
pemberian	pen beri an
berkorban	ber korban
penyebarannya	pen sebar an nya
bohong	bohong
relevan	relevan
aroma	aroma
rohnya	roh nya
minoritas	minoritas
esa	esa
penggandaan	pen ganda an
jarimu	jari mu
didirikannya	di diri kan nya
pelayanan	pen layan an
penanya	pen tanya
didengarnya	di dengar nya
pangkat	pangkat
matanya	mata nya
sabun	sabun
mengira	men kira
kanannya	kanan nya
skeptis	skeptis
impian	impian
didesentralisasikan	di desentralisasi kan
akomodasi	akomodasi
dikonversi	di konversi
kau	kau
kuno	kuno
menyisihkan	men sisih kan
membetulkan	men betul kan
menyengsarakan	men sengsara kan
antarwaktu	antar waktu
lokasinya	lokasi nya
responden	responden
tanamkan	tanam kan
diinginkan	di ingin kan
benua	benua
ditimpa	di timpa
pemetaan	pen peta an
mendadak	mendadak
diakui	di aku i
kolom	kolom
tampung	tampung
menghadapinya	men hadap i nya
lingkar	lingkar
persepsinya	persepsi nya
mengurut	men urut
dimerdekakan	di merdeka kan
antarlembaga	antar lembaga
yakin	yakin
ayu	ayu
mencairkan	men cair kan
menyenangkan	men senang kan
pangkalan	pangkal an
tingkatnya	tingkat nya
adiknya	adik nya
cuaca	cuaca
berkualitas	ber kualitas
kisah	kisah
cita	cita
pemaparan	pen papar an
menangkap	men tangkap
didesain	di desain
saringan	saring an
tuntunan	tuntun an
dinyatakannya	di nyata kan nya
dominannya	dominan nya
menerbangkan	men terbang kan
rekening	rekening
temannya	teman nya
huruf	huruf
perbelanjaan	per belanja an
pita	pita
noninfrastruktur	non infrastruktur
dikategori	di kategori
pencegah	pen cegah
keperluan	ke perlu an
pemasaran	pen pasar an
mengendarai	men kendara i
mentimun	mentimun
mainan	main an
secangkir	se cangkir
mendaratkannya	men darat kan nya
pembuatannya	pen buat an nya
rapuh	rapuh
menekankan	men tekan kan
berekspresi	ber ekspresi
dicerai	di cerai
menggerutu	men gerutu
konstruksi	konstruksi
ismail	ismail
nonmakanan	non makan an
bukti	bukti
penggantinya	pen ganti nya
pasir	pasir
tercabut	ter cabut
buaian	buai an
ketidakpercayaan	ke tidak percaya an
april	april
timbangannya	timbang an nya
baiknya	baik nya
berorang	ber orang
berusia	ber usia
diidentifikasikan	di identifikasi kan
mesir	mesir
uangnya	uang nya
selektifnya	selektif nya
diluncurkan	di luncur kan
etis	etis
akuisisi	akuisisi
nyata	nyata
terpakai	ter pakai
jurnalisme	jurnalisme
bulannya	bulan nya
pelunasan	pen lunas an
dikaburkan	di kabur kan
sehat	sehat
iri	iri
berinovasi	ber inovasi
dikumandangkan	di kumandang kan
serunya	seru nya
pendata	pen data
meratapi	men ratap i
asuhan	asuh an
pemungutan	pen pungut an
tertuju	ter tuju
pengertian	pengertian
pemilahan	pen pilah an
uu	uu
menyusul	men susul
mengefektifkan	men efektif kan
olokan	olok an
memilikinya	men milik i nya
bagusnya	bagus nya
meminjam	men pinjam
mengajari	men ajar i
perolehannya	peroleh an nya
trend	trend
melangsungkan	men langsung kan
punyai	punya i
kompilasi	kompilasi
juru	juru
kejadian	ke jadi an
penyuling	pen suling
menerpanya	men terpa nya
bermilik	ber milik
mengkonsolidasikan	men konsolidasi kan
terkalahkan	terkalahkan
tujuan	tuju an
jurnal	jurnal
perahu	perahu
mengisyaratkan	men isyarat kan
paksaan	paksa an
senada	se nada
persekutuannya	per sekutu an nya
penerbangannya	pen terbang an nya
antardesanya	antar desa nya
dirusak	di rusak
memerintahkannya	men perintah kan nya
pikirannya	pikir an nya
berduri	ber duri
mengoyakkan	men koyak kan
kagumi	kagum i
sampingan	samping an
memvonis	men vonis
keguguran	ke gugur an
pemakai	pen pakai
kritik	kritik
didalam	di dalam
ditjen	ditjen
tahunnya	tahun nya
latarbelakang	latarbelakang
direvisi	di revisi
mencerminkan	men cermin kan
dipelihara	di pelihara
sejam	se jam
pengurus	pen urus
didata	di data
rekaan	reka an
masa	masa
dimaknai	di makna i
menjajaki	men jajak i
memetik	men petik
tolong	tolong
penghalang	pen halang
pengurusnya	pen urus nya
pertobatan	per tobat an
simbolis	simbolis
panggung	panggung
sinar	sinar
diredam	di redam
kreatif	kreatif
konsolidasi	konsolidasi
melewati	men lewat i
kontraktornya	kontraktor nya
keringnya	kering nya
dahaga	dahaga
biarkan	biar kan
medali	medali
timbunan	timbun an
merubah	men rubah
melintasinya	men lintas i nya
beracun	ber racun
mengakses	men akses
berlimpah	ber limpah
beririgasi	ber irigasi
pengejaran	pen kejar an
menggoyahkan	men goyah kan
gratis	gratis
penghuni	pen huni
persoalannya	per soal an nya
melekatnya	men lekat nya
acara	acara
berjenjang	ber jenjang
menyaring	men saring
anunya	anu nya
nafsunya	nafsu nya
dibatalkannya	di batal kan nya
hemat	hemat
interaksi	interaksi
dideskripsikan	di deskripsi kan
memamerkan	men pamer kan
bakar	bakar
bergelut	ber gelut
saran	saran
berlebih	ber lebih
diambil	di ambil
harun	harun
serinci	se rinci
menggelisahkan	men gelisah kan
setapak	se tapak
perusakan	pen rusak an
belahan	belah an
informan	informan
tertahankan	ter tahan kan
dipertahankan	di per tahan kan
ucapan	ucap an
jangkauan	jangkau an
indikator	indikator
pemukiman	pen mukim an
melamar	men lamar
menabrakkannya	men tabrak kan nya
layanan	layan an
reproduksi	reproduksi
pinjaman	pinjam an
dijerumuskan	di jerumus kan
antarpengukuran	antar pen ukur an
menetes	men tetes
terancam	ter ancam
diberikannya	di beri kan nya
penumpangan	pen tumpang an
institusinya	institusi nya
menyuapkannya	men suap kan nya
ajak	ajak
nonfisik	non fisik
interupsi	interupsi
pandangan	pandang an
ia	ia
mimpi	mimpi
terpesona	ter pesona
jutaan	juta an
guru	guru
mengirimkannya	men kirim kan nya
cerai	cerai
kecewa	kecewa
terbalik	ter balik
busuknya	busuk nya
nonusaha	non usaha
potensialnya	potensial nya
pasar	pasar
diserap	di serap
penajaman	pen tajam an
naiknya	naik nya
penebusan	pen tebus an
insiden	insiden
enggan	enggan
dibuatkannya	di buat kan nya
tebangan	tebang an
kristen	kristen
dukung	dukung
aceh	aceh
membikin	men bikin
fajar	fajar
silakan	silakan
mengantarnya	men antar nya
pemungutannya	pen pungut an nya
berlainan	ber lain an
guncangan	guncang an
berunjuk	ber unjuk
ilustrasi	ilustrasi
memprediksikan	men prediksi kan
berserakan	ber serak an
kandas	kandas
dimasukkan	di masuk kan
menyeberanginya	men seberang i nya
terluka	ter luka
komisi	komisi
mengalirkan	men alir kan
tertanam	ter tanam
pelat	pelat
mengidap	men idap
dikembalikannya	di kembali kan nya
diperluas	di per luas
babak	babak
rendahnya	rendah nya
terungkap	ter ungkap
mendaftarkan	men daftar kan
memberitahuku	men beritahu ku
carinya	cari nya
mikroskop	mikroskop
batuan	batu an
terpanjang	ter panjang
relevansi	relevansi
penerbang	pen terbang
menggairahkan	men gairah kan
diam	diam
mendaftarkannya	men daftar kan nya
kepimpinan	ke pimpin an
dibahas	di bahas
klasifikasi	klasifikasi
menyuruhnya	men suruh nya
berdinding	ber dinding
ditempelkan	di tempel kan
pengukur	pen ukur
meloloskan	men lolos kan
merancangkan	men rancang kan
penyeludup	pen seludup
mencocokkannya	men cocok kan nya
haknya	hak nya
dididik	di didik
duga	duga
sepele	sepele
mencercanya	men cerca nya
terurus	ter urus
kesalnya	kesal nya
disodorkan	di sodor kan
dikorbankan	di korban kan
tempat	tempat
sains	sains
akad	akad
rutinnya	rutin nya
pendistribusi	pen distribusi
ditembak	di tembak
menderita	men derita
pencocokan	pen cocok an
ganda	ganda
sepoi	sepoi
pertanggungjawabannya	per tanggungjawab an nya
amati	amati
majikannya	majikan nya
pendanaan	pen dana an
antarprogram	antar program
penayangan	pen tayang an
konstitusional	konstitusional
duri	duri
dijelajahi	di jelajah i
pengadilan	pen adil an
palsu	palsu
nasib	nasib
sekawasan	se kawasan
lerengan	lereng an
muslim	muslim
pengajuan	pen aju an
merapi	men rapi
menjelaskan	men jelas kan
besok	besok
pembuatnya	pen buat nya
mengasihiku	men kasih i ku
khusus	khusus
landai	landa i
menerpa	men terpa
insentif	insentif
membiarnya	men biar nya
buruan	buru an
melayaninya	men layan i nya
persetujuannya	per setuju an nya
tembaga	tembaga
persamaan	per sama an
disebar	di sebar
perumpamaan	per umpama an
terbenam	ter benam
merekatkan	men rekat kan
maksimalnya	maksimal nya
mencatatkan	men catat kan
detik	detik
tunjangannya	tunjang an nya
beregenerasi	ber regenerasi
terdampak	ter dampak
arif	arif
dilahirkan	di lahir kan
mengelompok	men kelompok
genangan	genang an
bertanah	ber tanah
suku	suku
cicilan	cicil an
beruntun	beruntun
macam	macam
penyemprot	pen semprot
menyalahi	men salah i
bunganya	bunga nya
pembawa	pen bawa
jajarannya	jajar an nya
luput	luput
mengakomodasikan	men akomodasi kan
firdaus	firdaus
dianugerahi	di anugerah i
pemberontakan	pen berontak an
seriusnya	serius nya
buruk	buruk
nikah	nikah
lini	lini
mencintai	men cinta i
rekonstruksinya	rekonstruksi nya
persiapan	per siap an
mendekat	men dekat
penggalian	pen gali an
perkuliahan	per kuliah an
berkabut	ber kabut
matinya	mati nya
penyelang	pen selang
hadapannya	hadap an nya
terbentuknya	ter bentuk nya
dibebankan	di beban kan
rasi	ras i
berpulangnya	ber pulang nya
korupsinya	korupsi nya
menumpas	men tumpas
pengkhianatan	pen khianat an
menaiki	men naik i
menamai	men nama i
mengecewakan	men kecewa kan
dinikahkan	di nikah kan
perintis	pen rintis
abad	abad
putri	putri
kembalikan	kembali kan
komunikasi	komunikasi
kameranya	kamera nya
dilangsungkan	di langsung kan
pengamat	pengamat
penyelenggara	pen selenggara
gundul	gundul
jualan	jual an
ditumpuk	di tumpuk
periode	periode
katanya	kata nya
dikhianati	di khianat i
sampah	sampah
badannya	badan nya
balik	balik
mengedit	men edit
integritasnya	integritas nya
implikasi	implikasi
artikel	artikel
ketidaknyamanan	ke tidak nyaman an
pucuk	pucuk
semenarik	se menarik
menyalahgunakan	men salahguna kan
dituturkan	di tutur kan
mengantar	men antar
pemimpin	pen pimpin
pembantu	pen bantu
tambak	tambak
optimal	optimal
keluar	keluar
entri	entri
aktifitasnya	aktifitas nya
menempel	men tempel
bertenaga	ber tenaga
membicarakan	men bicara kan
memanfaatkan	men manfaat kan
dikelompokkan	di kelompok kan
kagum	kagum
batas	batas
mendiskusikannya	men diskusi kan nya
yunus	yunus
santrinya	santri nya
terkenal	ter kenal
almamater	almamater
hikmat	hikmat
seperangkat	se perangkat
ramainya	ramai nya
diikat	di ikat
gugat	gugat
maaf	maaf
berakting	ber akting
nonteknis	nonteknis
dipetakan	di peta kan
pengolahannya	pen olah an nya
kulalui	ku lalu i
kecap	kecap
pisang	pisang
berlatar	ber latar
tingkah	tingkah
perangkap	pen rangkap
memperbarui	men baru i
terfokus	ter fokus
ayahku	ayah ku
bertubuh	ber tubuh
statis	statis
tradisionalnya	tradisional nya
kapal	kapal
anggukan	angguk an
menjawab	men jawab
sejumput	se jumput
muara	muara
pribadinya	pribadi nya
jabar	jabar
pagar	pagar
penataan	pen tata an
tambahannya	tambah an nya
percakapan	per cakap an
mengosongkannya	men kosong kan nya
kapasitas	kapasitas
biola	biola
sanksinya	sanksi nya
bangsa	bangsa
wanita	wanita
mengharmoniskan	men harmonis kan
mengurusi	men urus i
tujuannya	tuju an nya
dipergunakan	di per guna kan
cek	cek
wacana	wacana
didengungkan	di dengung kan
wangi	wangi
berdiri	ber diri
longgarnya	longgar nya
berbukit	ber bukit
mulut	mulut
karibia	karibia
pasangan	pasang an
badan	badan
didiskusikan	di diskusi kan
menuangkan	men tuang kan
tertib	tertib
pergantian	per ganti an
tepatnya	tepat nya
dikapalkan	di kapal kan
dihina	di hina
penggajian	pen gaji an
domba	domba
mengabdi	men abdi
penuntut	pen tuntut
sulam	sulam
tandatangani	tandatangan i
memprihatinkan	men prihatin kan
tenaga	tenaga
muram	muram
kuharap	ku harap
penciuman	pen cium an
menempatkan	men tempat kan
ditulis	di tulis
serap	serap
wajan	wajan
disetujuinya	di setuju i nya
disampaikannya	di sampai kan nya
berkemungkinan	ber kemungkinan
tomat	tomat
pendatang	pen datang
santunan	santun an
diceritakan	di cerita kan
omong	omong
dinginnya	dingin nya
diterimanya	di terima nya
memberinya	men beri nya
automotif	automotif
bekasi	bekas i
pabrik	pabrik
mengetahui	men ketahui
dipatok	di patok
sekrup	sekrup
ditutup	di tutup
beternak	beternak
nikel	nikel
berdaulat	ber daulat
majalah	majalah
disidang	di sidang
diasosiasikan	di asosiasi kan
tenar	tenar
penebal	pen tebal
pemasoknya	pen pasok nya
depresiasi	depresiasi
dibabat	di babat
menyadarkan	men sadar kan
pakan	pakan
senasib	se nasib
diantisipasi	di antisipasi
mengabari	men kabar i
mensahkan	men sah kan
menggoda	men goda
dirujuk	di rujuk
mulutnya	mulut nya
iris	iris
tuanya	tua nya
terkoordinasi	ter koordinasi
seimannya	se iman nya
dicurahkannya	di curah kan nya
mencemarkan	men cemar kan
diadaptasi	di adaptasi
tampak	tampak
produktif	produktif
membolos	men bolos
sekutunya	sekutu nya
pendamping	pen damping
sedekah	sedekah
kupikir	ku pikir
versi	versi
pendendam	pen dendam
membungkamkan	men bungkam kan
meraih	men raih
ikan	ikan
terperangkap	ter pen rangkap
realisasinya	realisasi nya
memeriksa	men periksa
menjunjung	men junjung
restorasi	restorasi
membebankan	men beban kan
diapit	di apit
hasilkan	hasil kan
capaian	capai an
memotret	men potret
merogoh	men rogoh
meninjau	men tinjau
pembunuh	pen bunuh
berimbas	ber imbas
namanya	nama nya
dicetuskan	di cetus kan
lagu	lagu
terdiam	ter diam
pendataan	pen data an
dijejali	di jejal i
penyegaran	pen segar an
memperbudak	men budak
dihargai	di harga i
sesuai	sesuai
unik	unik
demonstran	demonstran
pembukuan	pen buku an
mahasiswanya	mahasiswa nya
huni	huni
skotlandia	skotlandia
berganti	ber ganti
diprediksikan	di prediksi kan
kulit	kulit
menghakimi	men hakim i
duta	duta
membalas	men balas
rakyat	rakyat
benci	benci
pastikan	pasti kan
diperolehnya	di peroleh nya
jawaban	jawab an
merindukan	men rindu kan
afiliasi	afiliasi
proses	proses
pertempuran	per tempur an
pelecehan	pen leceh an
jerman	jerman
truk	truk
nyaris	nyaris
spekulasi	spekulasi
mengesahkan	men sah kan
menyentuhnya	men sentuh nya
terlipat	ter lipat
melingkupi	men lingkup i
dosanya	dosa nya
peran	peran
tanah	tanah
bidikannya	bidik an nya
berupaya	ber upaya
penggodokan	pen godok an
bis	bis
sekolahan	sekolah an
merangkum	men rangkum
kelas	kelas
tanya	tanya
mendesaknya	men desak nya
pembatalan	pen batal an
cacat	cacat
ekstrim	ekstrim
pemborosan	pen boros an
kutempatkan	ku tempat kan
pematang	pen matang
tumbuh	tumbuh
debu	debu
istana	istana
termutakhir	ter mutakhir
transparannya	transparan nya
penghasilannya	pen hasil an nya
sukarelawan	sukarela wan
disertifikasi	di sertifikasi
jaga	jaga
dihalangi	di halang i
diblokir	di blokir
menghalangi	men halang i
ragam	ragam
pengikatan	pen ikat an
membasuh	men basuh
nafsumu	nafsu mu
memuliakan	men mulia kan
web	web
mengklasifikasikan	men klasifikasi kan
menggantung	men gantung
pemerintahan	pen perintah an
mengacuhkan	men acuh kan
pesan	pesan
sepihak	se pihak
triwulanannya	triwulan an nya
menyingkapkan	men singkap kan
menjatuhi	men jatuh i
ditabur	di tabur
konteksnya	konteks nya
berpaling	ber paling
persegi	persegi
impor	impor
urusan	urus an
disucikan	di suci kan
bergereja	ber gereja
ban	ban
kaos	kaos
membentang	men bentang
dipercayai	di percaya i
dorongan	dorong an
sayapnya	sayap nya
musyawarah	musyawarah
berdasar	ber dasar
karier	karier
karir	karir
kudus	kudus
diminum	di minum
meningkat	men tingkat
reaktif	reaktif
gigitannya	gigit an nya
substansinya	substansi nya
diseberangi	di seberang i
kebutuhanku	ke butuh an ku
menyerukan	men seru kan
kuasa	kuasa
seadat	se adat
harapan	harap an
strata	strata
didiagnosis	di diagnosis
retribusi	retribusi
menyembunyikan	men sembunyi kan
penolong	pen tolong
hutang	hutang
pemikiran	pen pikir an
dimengerti	di mengerti
suaranya	suara nya
selebar	se lebar
tari	tari
penghasilan	pen hasil an
penganiayaan	pen aniaya an
antarkepala	antar kepala
kualifikasi	kualifikasi
menyetor	men setor
tuaku	tua aku
berkebun	ber kebun
bertetanggaan	ber tetangga an
diberitakannya	di berita kan nya
persnelingnya	persneling nya
melacak	men lacak
penuntutan	pen tuntut an
menaklukkan	men takluk kan
entrinya	entri nya
melenceng	men lenceng
penjamin	pen jamin
keandalan	ke andal an
terpajang	ter pajang
berinteraksi	ber interaksi
juang	juang
menurunkannya	men turun kan nya
mengunggah	men unggah
bantuan	bantu an
diangkutnya	di angkut nya
gizi	gizi
dibenarkan	di benar kan
kain	kain
membaik	men baik
disaat	di saat
mengelola	men kelola
profesionalnya	profesional nya
sekerja	se kerja
hariannya	hari an nya
cukupi	cukup i
layani	layan i
musuh	musuh
jinak	jinak
serapan	serap an
sabotase	sabotase
memanennya	men panen nya
diterapkan	di terap kan
dibatasi	di batas i
ramai	ramai
berpisah	ber pisah
memanggil	men panggil
kejadianku	ke jadi an ku
fasilitasi	fasilitas i
penggusuran	pen gusur an
penghibur	pen hibur
sebanyak	se banyak
logika	logika
semusim	se musim
tercapainya	ter capai nya
ranting	ranting
mengalah	men kalah
mendampinginya	men damping i nya
mencetak	men cetak
bercirikan	ber ciri kan
meluasnya	men luas nya
reka	reka
sebal	sebal
tamunya	tamu nya
kabur	kabur
mengagumi	men kagum i
realis	realis
sekeping	se keping
sederhanakan	sederhana kan
mirip	mirip
dibangku	di bangku
karakternya	karakteri nya
pusing	pusing
perusahaan	per usaha an
melukainya	men luka i nya
menanami	men tanam i
mendatangkan	men datang kan
liter	liter
dimusyawarahkan	di musyawarah kan
tertutupi	ter tutup i
peroksida	peroksida
rukun	rukun
benarnya	benar nya
ternaknya	ternak nya
komprehensif	komprehensif
wortel	wortel
terdidik	ter didik
terpilihnya	ter pilih nya
berartinya	ber arti nya
suksesnya	sukses nya
demonstrasi	demonstrasi
bersorak	ber sorak
deputi	deputi
truknya	truk nya
mimpinya	mimpi nya
integritas	integritas
membolehkan	men boleh kan
penyerbuan	pen serbu an
berjualan	ber jual an
roti	roti
pantai	pantai
meracuni	men racun i
melontarkan	men lontar kan
ajaranmu	ajar an mu
perencanaan	pen rencana an
menggaji	men gaji
orientasi	orientasi
insya	insya
lobang	lobang
memicu	men picu
simak	simak
mengkonfirmasikan	men konfirmasi kan
ditempati	di tempat i
sucikan	suci kan
umatnya	umat nya
membutuhkannya	men butuh kan nya
penyesuaian	pen sesuai an
tenaganya	tenaga nya
tercanggih	ter canggih
jagung	jagung
kumuhnya	kumuh nya
merampingkan	men ramping kan
bebas	bebas
dihapuskan	di hapus kan
berburu	ber buru
penggemukan	pen gemuk an
otoritasnya	otoritas nya
pakaiannya	pakai an nya
persen	persen
sekelilingnya	se keliling nya
penanggungjawab	pen tanggungjawab
naikkan	naik kan
dituduh	di tuduh
pembeda	pen beda
beralkohol	ber alkohol
pengikat	pen ikat
sesuatu	sesuatu
berdoa	ber doa
terbebas	ter bebas
sekecil	se kecil
serumah	se rumah
relatifnya	relatif nya
meluruskannya	men lurus kan nya
hakekat	hakekat
melambung	men lambung
padi	padi
bertanding	ber tanding
penetrasi	penetrasi
firman	firman
perhotelan	per hotel an
kontribusinya	kontribusi nya
penciumannya	pen cium an nya
sinarnya	sinar nya
terpelihara	ter pelihara
koleksinya	koleksi nya
dihimbau	di himbau
dikemas	di kemas
perpaduan	per padu an
terorganisir	ter organisir
sepengetahuan	se pengetahuan
egois	egois
disuruh	di suruh
riba	riba
berliku	ber liku
robek	robek
pola	pola
aib	aib
memakai	men pakai
mengurusnya	men urus nya
saingan	saing an
memeluk	men peluk
nyawanya	nyawa nya
liburan	libur an
mengajukannya	men aju kan nya
amanat	amanat
kaya	kaya
perabotan	perabot an
nyanyian	nyanyi an
matriks	matriks
referensi	referensi
obyeknya	obyek nya
cina	cina
menyertifikasi	men sertifikasi
gelandangan	gelandang an
terbayang	ter bayang
menakjubkan	men takjub kan
amarahnya	amarah nya
menyelidiki	men selidik i
dijadikan	di jadi kan
gawangnya	gawang nya
diharapkannya	di harap kan nya
perhitungannya	per hitung an nya
pengirim	pen kirim
penanda	pen tanda
dilampirkan	di lampir kan
digandakan	di ganda kan
membongkar	men bongkar
total	total
donasi	donasi
pendapatnya	pen dapat nya
belajar	belajar
dianggapnya	di anggap nya
penginjilan	pen injil an
pasaran	pasar an
berfirman	ber firman
skandalnya	skandal nya
vertikal	vertikal
delima	delima
les	les
dimediasi	di mediasi
pengajuannya	pen aju an nya
selain	se lain
menghalau	men halau
dibubarkannya	di bubar kan nya
korban	korban
dilanjutkannya	di lanjut kan nya
pandangnya	pandang nya
diperkuat	di per kuat
kanan	kanan
taman	taman
kirimu	kiri mu
hati	hati
ditambahkan	di tambah kan
seismik	seismik
vonis	vonis
jeratan	jerat an
simpulkan	simpul kan
disinggung	di singgung
licin	licin
pemberkasan	pen berkas an
ditargetkan	di target kan
pembahas	pen bahas
menggosok	men gosok
diberkati	di berkat i
mendetil	men detil
jenazah	jenazah
penggunaan	pen guna an
dianiaya	di aniaya
suaraku	suara aku
pemburu	pen buru
diungkapkan	di ungkap kan
zat	zat
bayar	bayar
simpulan	simpul an
situs	situs
ironis	ironis
pelanggannya	pen langgan nya
desentralisasi	desentralisasi
turun	turun
menindak	men tindak
bernalar	ber nalar
pelajari	pelajar i
mengalahkan	men kalah kan
persalinannya	per salin an nya
dibangunnya	di bangun nya
diraih	di raih
pariwisata	pariwisata
puskesmas	puskesmas
terbawa	ter bawa
terhisap	ter hisap
pegawainya	pegawai nya
dievaluasi	di evaluasi
perampokan	pen rampok an
dilantik	di lantik
frekuensinya	frekuensi nya
ciptanya	cipta nya
pintas	pintas
banknya	bank nya
barunya	baru nya
isolasi	isolasi
pengikut	pen ikut
kudanya	kuda nya
mengenalnya	men kenal nya
tersebarnya	ter sebar nya
perpisahannya	per pisah an nya
jubahnya	jubah nya
menaatinya	men taat i nya
pelukan	peluk an
antarkomunitas	antar komunitas
miliknya	milik nya
kuliah	kuliah
ketidakberhasilan	ke tidak berhasil an
rakyatnya	rakyat nya
perceraian	per cerai an
finansial	finansial
lewatkan	lewat kan
solidaritas	solidaritas
menginstruksikan	men instruksi kan
pulangnya	pulang nya
aktual	aktual
diatur	di atur
ikut	ikut
ujung	ujung
buruh	buruh
baitul	baitul
pemanah	pen panah
bertumbuh	ber tumbuh
mengaliri	men alir i
mendinginkan	men dingin kan
yakub	yakub
obyek	obyek
lambang	lambang
pendangkalan	pen dangkal an
sabtu	sabtu
menghabiskan	men habis kan
selengkap	se lengkap
teriakku	teriak ku
nelayan	nelayan
membatalkan	men batal kan
mencelakakan	men celaka kan
sekiranya	sekira nya
diketik	di ketik
diperpanjang	di per panjang
pertanggungan	per tanggung an
saing	saing
bermainnya	ber main nya
membatasinya	men batas i nya
halangan	halang an
pelengkap	pen lengkap
pantauan	pantau an
digendong	di gendong
berperang	ber perang
berakhir	ber akhir
sma	sma
kakeknya	kakek nya
ditabrakkan	di tabrak kan
klip	klip
wakil	wakil
terlembagakan	ter lembaga kan
tercemar	ter cemar
magnetis	magnetis
medalinya	medali nya
margasatwa	margasatwa
gencar	gencar
perwakilan	per wakil an
perguliran	per gulir an
berumur	ber umur
memancarkan	men pancar kan
pemantapan	pen mantap an
buruknya	buruk nya
diselesaikan	di selesai kan
berlalu	ber lalu
komisaris	komisaris
diwakilinya	di wakil i nya
menggelitik	men gelitik
bahu	bahu
mengkonsultasikan	men konsultasi kan
dewasanya	dewasa nya
regenerasi	regenerasi
pertambangan	per tambang an
produktifitas	produktifitas
memprakarsai	men prakarsa i
kami	kami
secepat	se cepat
bebuyutan	bebuyutan
terdepan	ter depan
kanker	kanker
penyatuan	pen satu an
ketat	ketat
santri	santri
peralatan	per alat an
berjaga	ber jaga
tinggalnya	tinggal nya
topinya	top i nya
konsentrasi	konsentrasi
kepergianku	ke pergi an ku
katalog	katalog
menyelenggarakannya	men selenggara kan nya
kaku	kaku
tabungan	tabung an
kampusnya	kampus nya
permasyarakatan	per masyarakat an
gandum	gandum
bertentangan	ber tentang an
mainnya	main nya
membobol	men bobol
efisiensinya	efisiensi nya
menusuk	men tusuk
belasan	belas an
memperbesar	men besar
pemangkasan	pen pangkas an
menggigiti	men gigit i
peduli	peduli
dihimpun	di himpun
mengkhianati	men khianat i
diperingan	di per ringan
khawatirkan	khawatir kan
menyeragamkan	men seragam kan
terlampau	ter lampau
melaporkan	men lapor kan
pendamaian	pen damai an
pengajarannya	pen ajar an nya
netral	netral
mengering	men kering
mempersiapkan	men siap kan
rate	rate
mempercayainya	men percaya i nya
terlewatkan	ter lewat kan
menggandeng	men gandeng
dilantunkan	di lantun kan
sadari	sadar i
diredakan	di reda kan
dimonitor	di monitor
disebutkan	di sebut kan
operator	operator
memproteksi	men proteksi
perantaraan	perantara an
ternyata	ter nyata
izin	izin
antarresponden	antar responden
disumbang	di sumbang
ubin	ubin
memberhentikan	men ber henti kan
muatan	muat an
terguncang	ter guncang
romantis	romantis
didefinisikan	di definisi kan
transaksinya	transaksi nya
keseharian	keseharian
setimpal	setimpal
membenahi	men benah i
terinfeksi	ter infeksi
majikan	majikan
pacuan	pacu an
menyinggung	men singgung
dicoret	di coret
lokalnya	lokal nya
singapura	singapura
korelasi	korelasi
merawati	men rawat i
dilacak	di lacak
murah	murah
luangkan	luang kan
intim	intim
pakai	pakai
pengamatannya	pengamat an nya
binasa	binasa
lesu	lesu
penebangan	pen tebang an
penekan	pen tekan
diutus	di utus
mengaduk	men aduk
hakim	hakim
berhadapan	ber hadap an
terang	terang
keju	keju
mencetuskan	men cetus kan
buntu	buntu
kalangan	kalangan
azas	azas
salinannya	salin an nya
lebat	lebat
berteduh	ber teduh
mengeruk	men keruk
pengesahan	pen sah an
brasil	brasil
melanggankan	men langgan kan
unggas	unggas
barisan	baris an
dipermasalahkan	di per masalah kan
membayang	men bayang
memerintah	men perintah
kepemimpinan	kepemimpinan
mengutip	men kutip
dibuktikan	di bukti kan
keikutsertaannya	ke ikutserta an nya
antargereja	antar gereja
mengubahkan	men ubah kan
sisa	sisa
berbatasan	ber batas an
pemberitaannya	pen berita an nya
menyederhanakan	men sederhana kan
luwes	luwes
memenangkan	men menang kan
dugaan	duga an
sinergi	sinergi
angka	angka
pengecualiannya	pengecualian nya
kananmu	kanan mu
kecolongan	kecolongan
tektonik	tektonik
empunya	empunya
hadapanku	hadap an ku
kredibilitas	kredibilitas
antarteman	antar teman
pengunjung	pen kunjung
paksa	paksa
kupas	kupas
mengizinkannya	men izin kan nya
kualitas	kualitas
dikaruniakan	di karunia kan
tambang	tambang
diutamakan	di utama kan
sukar	sukar
meja	meja
merayakan	men raya kan
direkomendasikan	di rekomendasi kan
kerinduan	ke rindu an
berkinerja	ber kinerja
menuntut	men tuntut
modern	modern
jarahan	jarah an
retak	retak
pengkaji	pen kaji
memilah	men pilah
anjuran	anjur an
perjanjian	per janji an
tempatkan	tempat kan
hebat	hebat
beradaptasi	ber adaptasi
menyambutnya	men sambut nya
faktanya	fakta nya
rohani	rohani
praktik	praktik
pemimpinnya	pen pimpin nya
neneknya	nenek nya
menghafalkan	men hafal kan
dipeluk	di peluk
hotel	hotel
tersulut	ter sulut
pelanggaran	pen langgar an
menyelamatkan	men selamat kan
ekspansi	ekspansi
sanjungan	sanjung an
ratifikasi	ratifikasi
hina	hina
kronis	kronis
sindikat	sindikat
milyaran	milyar an
mengkreditnya	men kredit nya
membedakan	men beda kan
menyanggupi	men sanggup i
diingatkan	di ingat kan
dusun	dusun
rawa	rawa
merancang	men rancang
mendekatinya	men dekat i nya
diyakininya	di yakin i nya
terlaksana	ter laksana
sebanding	se banding
primer	primer
mengakhiri	men akhir i
definisi	definisi
tiket	tiket
diambilnya	di ambil nya
bergulir	ber gulir
majelis	majelis
disalib	di salib
efisien	efisien
lesunya	lesu nya
tetap	tetap
menghubungkan	men hubung kan
diteliti	di teliti
semang	semang
oktober	oktober
pencegahan	pen cegah an
pengobatannya	pen obat an nya
terdalam	ter dalam
semangatnya	semangat nya
perbaikan	per baik an
langit	langit
liputan	liput an
penempatan	pen tempat an
ganti	ganti
ditata	di tata
latihannya	latih an nya
memperlengkapi	men lengkap i
bersintesis	ber sintesis
jadikan	jadi kan
pidatonya	pidato nya
tembak	tembak
keterlibatan	ke terlibat an
malaikat	malaikat
kosong	kosong
hari	hari
caranya	cara nya
variasinya	variasi nya
adil	adil
mengharapkan	men harap kan
1970an	1970 an
kambing	kambing
mengkampanyekan	men kampanye kan
berkilau	ber kilau
penyamaran	pen samar an
mengubah	men ubah
formasi	formasi
menghantarkan	men hantar kan
dihilangkan	di hilang kan
aktris	aktris
internal	internal
mendapati	men dapat i
kesempatannya	kesempatan nya
cinta	cinta
berpandangan	ber pandang an
mengenang	men kenang
siang	siang
paus	paus
memfasilitas	men fasilitas
diintegrasikan	di integrasi kan
terpercaya	ter percaya
jangkau	jangkau
rupa	rupa
dipublikasikan	di publikasi kan
gelar	gelar
kukasihi	ku kasih i
diasuransikan	di asuransi kan
memastikan	men pasti kan
diagnosis	diagnosis
berlayar	ber layar
harap	harap
peregangan	pen regang an
tumpangi	tumpang i
kemunduran	ke mundur an
bandara	bandara
hilang	hilang
meragukan	men ragu kan
rabu	rabu
kenal	kenal
barat	barat
pengantin	pengantin
mengomentari	men komentar i
relasinya	relasi nya
sapu	sapu
mulutku	mulut ku
ditepatinya	di tepat i nya
tercepat	ter cepat
teologi	teologi
mengikut	men ikut
motornya	motor nya
terpinggirkan	ter pinggir kan
mendistribusikan	men distribusi kan
teringat	ter ingat
karirnya	karir nya
bicarakan	bicara kan
pengikutnya	pen ikut nya
menyanyikan	men nyanyi kan
liga	liga
diusung	di usung
melapor	men lapor
wisatawan	wisata wan
parameter	parameter
mengotori	men kotor i
mendapatinya	men dapat i nya
secanggih	se canggih
diungsikan	di ungsi kan
sholat	sholat
pembayar	pen bayar
cadangan	cadang an
pemberitahuan	pen beritahu an
melupakannya	men lupa kan nya
merenung	men renung
kemajuan	ke maju an
mengemudikan	men kemudi kan
dialiri	di alir i
penyedia	pen sedia
membantunya	men bantu nya
menjiwai	men jiwa i
cuma	cuma
berhentinya	ber henti nya
terpenjara	ter penjara
terpentingnya	ter penting nya
parahnya	parah nya
diindonesiakan	di indonesia kan
membaiknya	men baik nya
latar	latar
sarana	sarana
penuhi	penuh i
cakupannya	cakup an nya
dewa	dewa
pindah	pindah
meminimalisasi	men minimalisasi
bi	bi
menyuguhkan	men suguh kan
berkawan	ber kawan
jawab	jawab
dipresentasikan	di presentasi kan
tersesat	ter sesat
menghindar	men hindar
keluhan	keluh an
pembersihan	pen bersih an
digerakkan	di gerak kan
takutnya	takut nya
menyiarkannya	men siar kan nya
berbuah	ber buah
merelakan	men rela kan
melewatkan	men lewat kan
mentah	mentah
pekerjaannya	pekerja an nya
perputaran	per putar an
mengirimnya	men kirim nya
membenci	men benci
dasar	dasar
bersembunyi	ber sembunyi
percaya	percaya
dipacu	di pacu
khawatir	khawatir
retribusinya	retribusi nya
seumur	se umur
mempekerjakannya	men pekerja kan nya
efisiensi	efisiensi
pedang	pedang
rw	rw
diadukan	di adu kan
menjaganya	men jaga nya
memahaminya	men paham i nya
diidentifikasi	di identifikasi
dibohongi	di bohong i
kuantitas	kuantitas
grosir	grosir
percayanya	percaya nya
meminum	men minum
solo	solo
dimaksimalkan	di maksimal kan
wabah	wabah
penggelapan	pen gelap an
mensyukuri	men syukuri
pakunya	paku nya
penolakan	pen tolak an
penulis	pen tulis
menyaingi	men saing i
menyangkal	men sangkal
berendam	ber rendam
plastik	plastik
satker	satker
memberitahu	men beritahu
disederhanakan	di sederhana kan
perampingan	pen ramping an
ruangan	ruang an
produksi	produksi
pendidikannya	pen didik an nya
mendaftar	men daftar
terikatnya	ter ikat nya
tunjangan	tunjang an
disita	di sita
kendalanya	kendala nya
menggratiskan	men gratis kan
mengaruniakan	men karunia kan
termotivasi	ter motivasi
pelindungnya	pen lindung nya
dielaborasi	di elaborasi
pertunjukan	per tunjuk an
berpalang	ber palang
tegas	tegas
kompleksnya	kompleks nya
bersihkan	bersih kan
sekurangnya	se kurang nya
simpanan	simpan an
ditekankan	di tekan kan
bersaksi	ber saksi
terelakkan	ter elak kan
sinyal	sinyal
saus	saus
persembahan	per sembah an
kirinya	kiri nya
penerbit	pen terbit
nakal	nakal
dayanya	daya nya
berselang	ber selang
kekasihnya	kekasih nya
antarkegiatan	antar ke giat an
penilik	pen tilik
ingatan	ingat an
tersirat	ter sirat
perhatiannya	per hati an nya
wajib	wajib
kesediaannya	ke senya an nya
rp	rp
lezatnya	lezat nya
nonpemerintah	non pen perintah
pembelanjaan	pen belanja an
membungkam	men bungkam
dituliskan	di tulis kan
inspirasi	inspirasi
tangkapannya	tangkap an nya
pegangannya	pegang an nya
serangan	serang an
mengherankan	men heran kan
ratusan	ratus an
sisinya	sisi nya
menguntungkan	men untung kan
tanganmu	tangan mu
kasih	kasih
ditegaskan	di tegas kan
buyut	buyut
perampok	pen rampok
tentu	tentu
spesial	spesial
pancing	pancing
menjualnya	men jual nya
pestanya	pesta nya
dibelenggu	di belenggu
mempererat	men erat
mutu	mutu
memperhadapkan	men hadap kan
atmosfir	atmosfir
kena	kena
terkuat	ter kuat
disenangi	di senang i
memulihkannya	men pulih kan nya
tangkai	tangkai
mengkhawatirkan	men khawatir kan
reaktor	reaktor
bayangannya	bayang an nya
kebunnya	kebun nya
manfaatnya	manfaat nya
berkuda	ber kuda
imunisasinya	imunisasi nya
dikompilasi	di kompilasi
menghanguskan	men hangus kan
pertanaman	per tanam an
semula	se mula
alur	alur
mei	mei
digolongkan	di golong kan
direalisasikan	di realisasi kan
mengkoordinasikannya	men koordinasi kan nya
menantu	menantu
kamus	kamus
diubah	di ubah
efektivitasnya	efektivitas nya
mengandalkan	men andal kan
suntik	suntik
nuansa	nuansa
berjumlah	ber jumlah
manufaktur	manufaktur
gembalakan	gembala kan
klasik	klasik
tekad	tekad
menyeret	men seret
saksikan	saksi kan
perairan	per air an
merumput	men rumput
membelikan	men beli kan
relokasi	relokasi
topik	topik
hapus	hapus
mampukan	mampu kan
sederhana	sederhana
ironisnya	ironis nya
dibungakan	di bunga kan
bekas	bekas
blok	blok
sedih	sedih
mengajarku	men ajar ku
penanganan	pen tangan an
jahitan	jahit an
gereja	gereja
detail	detail
simbol	simbol
materi	materi
dipraktikkan	di praktik kan
berderit	ber derit
anjingnya	anjing nya
mempertegas	men tegas
departemen	departemen
mengkonfirmasi	men konfirmasi
diterbitkan	di terbit kan
perbaikannya	per baik an nya
asas	asas
dicantumkan	di cantum kan
gas	gas
inisiatif	inisiatif
kalori	kalori
harga	harga
kotak	kotak
pengemudi	pen kemudi
digabung	di gabung
ditugaskan	di tugas kan
kutinggalkan	ku tinggal kan
dilatih	di latih
pengayaan	pen kaya an
ditempel	di tempel
kupenuhi	ku penuh i
angkasa	angkasa
didiagnosa	di diagnosa
antikekerasan	anti ke keras an
terorisme	terorisme
aslinya	asli nya
properti	properti
berkilauan	ber kilau an
pengorganisasian	pen organisasi an
diledakkan	di ledak kan
ide	ide
terusir	ter usir
mengusik	men usik
tentara	tentara
kuduskan	kudus kan
telingamu	telinga mu
mengusahakan	men usaha kan
tipis	tipis
rendahkan	rendah kan
navigasi	navigasi
perdagangannya	per dagang an nya
tebusan	tebus an
derita	derita
menyemprotkan	men semprot kan
pernyataan	per nyata an
cangkir	cangkir
tarik	tarik
lensa	lensa
mengunjunginya	men kunjung i nya
dampaknya	dampak nya
dini	din i
pemerintahnya	pen perintah nya
timnya	tim nya
mesjid	mesjid
persampahan	per sampah an
bergulingan	ber guling an
menikahi	men nikah i
pengusahaan	pen usaha an
pemurah	pen murah
mengarahkanku	men arah kan ku
adanya	ada nya
penjatahan	pen jatah an
bisnis	bisnis
drastis	drastis
mengatakannya	men kata kan nya
hasil	hasil
gusar	gusar
mempersoalkannya	men soal kan nya
bergema	ber gema
ayat	ayat
memanen	men panen
melumpuhkannya	men lumpuh kan nya
membasahi	men basah i
bahasan	bahas an
internasional	internasional
menindaklanjuti	men tindaklanjut i
berterimakasih	ber terimakasih
ambruknya	ambruk nya
diizinkan	di izin kan
permasalahannya	per masalah an nya
mendirikannya	men diri kan nya
dirahasiakan	di rahasia kan
didapatkan	di dapat kan
menyelubungi	men selubung i
memboikotnya	men boikot nya
lamaran	lamar an
penunjukan	pen tunjuk an
mempertanggungjawabkannya	men tanggungjawab kan nya
sendiri	sendiri
kerasnya	keras nya
konkret	konkret
terhambatnya	ter hambat nya
hantu	hantu
ketahanan	ke tahan an
kendaraannya	kendara an nya
pulang	pulang
dimanipulasi	di manipulasi
teroris	teroris
keluarga	keluarga
kecenderungan	kecenderungan
galian	gali an
penyayang	pen sayang
komando	komando
penanggulangan	pen tanggulang an
klub	klub
diatasnya	di atas nya
biolanya	biola nya
pelajar	pelajar
berbekal	ber bekal
kuadratnya	kuadrat nya
mengabaikannya	men abai kan nya
olahragawan	olahraga wan
menyemburkan	men sembur kan
dikucilkan	di kucil kan
memeriksakan	men periksa kan
diuraikan	di urai kan
didelegasikan	di delegasi kan
katak	katak
istilahnya	istilah nya
bulu	bulu
ukuran	ukur an
pedesaan	pedesaan
kolega	kolega
menjadwal	men jadwal
jadwal	jadwal
isak	isak
gadai	gadai
set	set
seniman	seniman
menandatangani	men tandatangan i
tukang	tukang
pengelolanya	pen kelola nya
berdusta	ber dusta
haman	ham an
antarmitra	antar mitra
fotokopi	fotokopi
permainan	per main an
berpulang	ber pulang
memedomani	men pedoman i
persekolahan	per sekolah an
evaluasi	evaluasi
dermaganya	dermaga nya
bentukan	bentuk an
doa	doa
produsen	produsen
merehabilitasi	men rehabilitasi
dongeng	dongeng
rujukan	rujuk an
lumpur	lumpur
ditinggalkannya	di tinggal kan nya
rehabilitasinya	rehabilitasi nya
anggun	anggun
berkabungnya	berkabung nya
diputus	di putus
teori	teori
ditelusuri	di telusuri
bungsu	bungsu
sekretariat	sekretariat
dihentikan	di henti kan
dikhawatirkan	di khawatir kan
permodalan	per modal an
terburuk	ter buruk
beredar	ber edar
piring	piring
pengaruh	pengaruh
perpajakan	per pajak an
asteroid	asteroid
peraturan	per atur an
dicatatkan	di catat kan
lenyap	lenyap
datang	datang
pengembaraan	pen kembara an
ketidakakuratan	ke tidak akurat an
tunggakan	tunggak an
dikontrak	di kontrak
pemukimannya	pen mukim an nya
berkompeten	ber kompeten
perbatasan	per batas an
dijaga	di jaga
menyetujui	men setuju i
bersepeda	ber sepeda
tersisih	ter sisih
muda	muda
pelatih	pen latih
petanya	peta nya
perhubungan	per hubung an
memprioritaskan	men prioritas kan
mengulangnya	men ulang nya
berlokasi	ber lokasi
pundi	pundi
diikutinya	di ikut i nya
diwajibkan	di wajib kan
menyombongkan	men sombong kan
puji	puji
utusannya	utus an nya
kanada	kanada
mengkomunikasikannya	men komunikasi kan nya
ditanggungnya	di tanggung nya
memuncak	men puncak
mencabutnya	men cabut nya
capaiannya	capai an nya
pengusaha	pen usaha
anakku	anak ku
menyingsingkan	men singsing kan
terpikat	ter pikat
mengumandangkan	men kumandang kan
menghiburku	men hibur ku
bernoda	ber noda
penambah	pen tambah
tombol	tombol
berhubung	ber hubung
klorofilnya	klorofil nya
daud	daud
berharap	ber harap
ketidaksepakatan	ke tidak sepakat an
membuatku	men buat ku
membayar	men bayar
ketidakikutsertaan	ke tidak ikutserta an
soda	soda
peraturannya	per atur an nya
pemakaman	pen makam an
produk	produk
terjun	terjun
pembuktian	pen bukti an
bersaudara	ber saudara
penjaminan	pen jamin an
penghubung	pen hubung
pengubah	pen ubah
membina	men bina
hantam	hantam
pemasyarakatan	pen masyarakat an
kabar	kabar
menonton	men tonton
iringan	iring an
konsisten	konsisten
besarannya	besar an nya
warisnya	waris nya
rasial	rasial
kepalamu	kepala mu
dicontoh	di contoh
dimodifikasi	di modifikasi
perwakilannya	per wakil an nya
pemberantasan	pen berantas an
melimpah	men limpah
penyinaran	pen sinar an
pemilikan	pen milik an
dihanguskan	di hangus kan
menyiratkan	men sirat kan
mengevakuasi	men evakuasi
paruhnya	paruh nya
dll	dll
mengabulkan	men kabul kan
tersier	tersier
korupsi	korupsi
ditolong	di tolong
mengaudit	men audit
menyebutkan	men sebut kan
disalin	di salin
dinamis	dinamis
agungnya	agung nya
diwawancara	di wawancara
intensif	intensif
mengutuknya	men kutuk nya
dipertegas	di per tegas
antusiasmenya	antusiasme nya
surut	surut
bintang	bintang
superior	superior
menatap	men tatap
ternak	ternak
mengapit	men apit
konstitusi	konstitusi
mewah	mewah
penutupnya	pen tutup nya
menerus	men terus
rontokan	rontok an
gol	gol
membuahkan	men buah kan
memacunya	men pacu nya
sarang	sarang
dirapatkan	di rapat kan
pengumuman	pen umum an
berotot	ber otot
tiba	tiba
umum	umum
pengkoordinasian	pen koordinasi an
orangtuaku	orangtua aku
tersinggung	ter singgung
perkataanmu	per kata an mu
optimalisasi	optimalisasi
terkoyak	ter koyak
elpiji	elpiji
berjauhan	ber jauh an
mengetahuinya	men ketahui nya
dinegosiasikan	di negosiasi kan
menunduk	men tunduk
pergelangan	per gelang an
malas	malas
dipasang	di pasang
menyuburkan	men subur kan
daur	daur
menyetujuinya	men setuju i nya
sensor	sensor
dilema	dilema
utusan	utus an
ketimun	ketimun
menunjukkannya	men tunjuk kan nya
pengaturan	pen atur an
kelahirannya	ke lahir an nya
pembaru	pen baru
bermusuhan	ber musuh an
mati	mati
harganya	harga nya
bergunanya	ber guna nya
november	november
diinginkannya	di ingin kan nya
dipantau	di pantau
puncak	puncak
melatarbelakanginya	men latarbelakang i nya
perzinaan	per zina an
dikhotbahkan	di khotbah kan
jarak	jarak
cengkeh	cengkeh
memperluas	men luas
piala	piala
migrasi	migrasi
meliput	men liput
sekehendaknya	se kehendak nya
mewajibkan	men wajib kan
mengasuransi	men asuransi
bertunangan	ber tunang an
pengamatan	pengamat an
gerak	gerak
rahasia	rahasia
jelek	jelek
diplomasi	diplomasi
daerahnya	daerah nya
ketidakseragaman	ke tidak seragam an
merekomendasikan	men rekomendasi kan
perbanyakan	per banyak an
salehnya	saleh nya
melarang	men larang
bijih	bijih
peserta	peserta
menjelang	men jelang
krisis	krisis
tahapan	tahap an
beroperasi	ber operasi
anut	anut
penyeragaman	pen seragam an
pahitnya	pahit nya
teguh	teguh
bertenun	ber tenun
cemar	cemar
diformulasikan	di formulasi kan
diperkenankan	di per kenan kan
allahku	allah ku
paginya	pagi nya
penghasil	pen hasil
permen	permen
mengenakan	men kena kan
punglinya	pungli nya
hancur	hancur
mengontrak	men kontrak
paragraf	paragraf
dikuduskan	di kudus kan
menulari	men tular i
pengganggu	pen ganggu
pribadi	pribadi
dipinjam	di pinjam
melahirkan	men lahir kan
menjuarai	men juara i
pengenalan	pen kenal an
memedulikan	men peduli kan
dikutuk	di kutuk
aula	aula
berlantai	ber lantai
dikeluhkan	di keluh kan
bara	bara
perlukan	perlu kan
pangkal	pangkal
melihat	men lihat
keinginannya	ke ingin an nya
asean	asean
disidangkan	di sidang kan
didengar	di dengar
musiman	musim an
ditontonnya	di tonton nya
menghangatkan	men hangat kan
lontarkan	lontar kan
mempertaruhkan	men taruh kan
didominasi	di dominasi
penetapan	pen tetap an
dipilihkan	di pilih kan
diserang	di serang
konflik	konflik
mendisiplinkan	men disiplin kan
diperlukannya	di perlu kan nya
gulung	gulung
penyanyi	pen nyanyi
jabatannya	jabat an nya
disayangkan	di sayang kan
profesional	profesional
menghambakan	men hamba kan
melembaga	men lembaga
mempertajam	men tajam
lurah	lurah
manajemen	manajemen
ibuku	ibu ku
menghilangkan	men hilang kan
transportasi	transportasi
kompetitif	kompetitif
antarpemangku	antar pen pangku
dibatalkan	di batal kan
janda	janda
berhala	berhala
rangka	rangka
mengulas	men ulas
setulusnya	se tulus nya
apartemen	apartemen
pengusung	pen usung
terhampar	ter hampar
turunkan	turun kan
diletakkan	di letak kan
pemenuhannya	pen penuh an nya
gula	gula
pengenaan	pen kena an
semangat	semangat
izinnya	izin nya
teguran	tegur an
hening	hening
tersaji	ter saji
lemah	lemah
baca	baca
beragama	ber agama
banyak	banyak
pertandingan	per tanding an
ajarannya	ajar an nya
mereda	men reda
penularan	pen tular an
mengabdikan	men abdi kan
menghentikan	men henti kan
tersayat	ter sayat
disentuh	di sentuh
sobekan	sobek an
sadar	sadar
ketidaklayakan	ke tidak layak an
tongkatnya	tongkat nya
bicara	bicara
janjinya	janji nya
dililiti	di lilit i
samping	samping
cemas	cemas
hadirat	hadirat
ramalan	ramal an
terkoordinir	ter koordinir
perbuatannya	per buat an nya
diobservasi	di observasi
pizza	pizza
ungkap	ungkap
lutut	lutut
kerah	kerah
antarkeluarga	antar keluarga
lupakan	lupa kan
memisahkan	men pisah kan
kusebut	ku sebut
antarkelompok	antar kelompok
berfikir	ber fikir
rawat	rawat
ungkapkan	ungkap kan
mengadu	men adu
penegak	pen tegak
dipelajarinya	di pelajar i nya
mengusulkan	men usul kan
dideklarasikan	di deklarasi kan
mempertanyakan	men tanya kan
memesan	men pesan
ditindaklanjuti	di tindaklanjut i
berobat	ber obat
angkatan	angkat an
gumpalan	gumpal an
konvensi	konvensi
canada	canada
saji	saji
pembibitan	pen bibit an
terbelakang	ter belakang
menjagamu	men jaga mu
pembentukannya	pen bentuk an nya
juara	juara
sekuler	sekuler
semisal	se misal
sepucuk	se pucuk
managemen	managemen
penyusutan	pen susut an
menghargai	men harga i
lingkungannya	lingkung an nya
dilanda	di landa
permohonan	per mohon an
kedelai	kedelai
omongan	omong an
ditunjukkan	di tunjuk kan
ditandatangani	di tandatangan i
umat	umat
menoleransinya	men toleransi nya
penyelamat	pen selamat
ketidakadilan	ke tidak adil an
pilihnya	pilih nya
realisasi	realisasi
pandang	pandang
tabungannya	tabung an nya
menanyakannya	men tanya kan nya
sabar	sabar
yunani	yunani
puncaknya	puncak nya
ditantang	di tantang
mewarisi	men waris i
keturunanmu	ke turun an mu
menantangnya	men tantang nya
lokal	lokal
bobot	bobot
bos	bos
diparkir	di parkir
terpinggir	ter pinggir
ajakan	ajak an
lurahnya	lurah nya
mengimpor	men impor
penurunannya	pen turun an nya
anggrek	anggrek
merumuskan	men rumus kan
perhutanan	per hutan an
menggigitnya	men gigit nya
dikabulkan	di kabul kan
mengusung	men usung
diseleksi	di seleksi
fasilitatornya	fasilitator nya
mempergunakan	men guna kan
minim	minim
mengucapkannya	men ucap kan nya
tenda	tenda
kiriman	kirim an
edaran	edar an
berternak	ber ternak
canggih	canggih
mengasihimu	men kasih i mu
bersiul	ber siul
pengambilalihan	pen ambilalih an
menimbun	men timbun
ditopang	di topang
menanamkan	men tanam kan
listrik	listrik
lambatnya	lambat nya
gran	gr an
dikemukakan	di kemuka kan
menyebrangi	men sebrang i
menyimpan	men simpan
dinding	dinding
selimut	selimut
melampaui	men lampau i
mengkomunikasikan	men komunikasi kan
kasus	kasus
memperkenalkan	men kenal kan
curian	curi an
bagiannya	bagi an nya
sejenisnya	se jenis nya
menangisinya	men tangis i nya
diselamatkan	di selamat kan
dunia	dunia
penggilingan	pen giling an
bercampur	ber campur
dimuliakan	di mulia kan
efek	efek
memantulkan	men pantul kan
menyuratkan	men surat kan
ditafsirkan	di tafsir kan
warganya	warga nya
kekeliruan	ke keliru an
cerita	cerita
memanipulasi	men manipulasi
terbit	terbit
moral	moral
seseorang	seseorang
merealisasikannya	men realisasi kan nya
dicicil	di cicil
pudar	pudar
berlindung	ber lindung
memperoleh	men peroleh
cobaan	coba an
disesuaikan	di sesuai kan
separah	se parah
atlet	atlet
pemanis	pen manis
meringkas	men ringkas
bercerai	ber cerai
kamarmu	kamar mu
dihiasi	di hias i
kecurigaan	ke curiga an
mekaniknya	mekanik nya
bersenjata	ber senjata
siswanya	siswa nya
digaji	di gaji
menopang	men topang
duka	duka
desain	desain
melelehkan	men leleh kan
operasional	operasional
prioritas	prioritas
ditampung	di tampung
ketidakaktifan	ke tidak aktif an
dikendorkan	di kendor kan
berkedudukan	ber ke duduk an
waduk	waduk
imunisasi	imunisasi
turki	turki
memusnahkan	men musnah kan
dipisah	di pisah
volumenya	volume nya
taktik	taktik
tanahnya	tanah nya
dipersempit	di per sempit
individu	individu
melaporkannya	men lapor kan nya
wiraswasta	wiraswasta
diterbitkannya	di terbit kan nya
tertancap	ter tancap
berbalik	ber balik
menyambung	men sambung
niat	niat
pemberkatan	pen berkat an
terabaikannya	ter abai kan nya
perkawinan	per kawin an
tol	tol
kadaluarsa	kadaluarsa
kotornya	kotor nya
rumput	rumput
ngerinya	ngeri nya
disarankan	di saran kan
komandannya	komandan nya
dibutuhkannya	di butuh kan nya
harta	harta
perda	perda
menyetorkannya	men setor kan nya
kakaknya	kakak nya
menjelaskannya	men jelas kan nya
menceraikan	men cerai kan
berkonsentrasi	ber konsentrasi
diturunkan	di turun kan
diragukan	di ragu kan
harmonis	harmonis
mewarnai	men warna i
legal	legal
persawahan	per sawah an
goncangan	goncang an
memaknai	men makna i
dibantu	di bantu
abstrak	abstrak
berskala	ber skala
cobakan	coba kan
sedunia	se dunia
bersaat	ber saat
distrik	distrik
menyetir	men setir
memelihara	men pelihara
meyakini	men yakin i
kebalikan	ke balik an
diciptakannya	di cipta kan nya
mengorganisasi	men organisasi
ajaib	ajaib
perbendaharaan	per bendahara an
direlokasi	di relokasi
plastiknya	plastik nya
jurus	jurus
aksesnya	akses nya
surgawi	surgawi
konotasi	konotasi
lentur	lentur
diteladani	di teladan i
berbelanja	ber belanja
eternit	eternit
pembicaranya	pen bicara nya
bermerk	ber merk
asuh	asuh
membanjirnya	men banjir nya
nasibnya	nasib nya
tercela	ter cela
mengevaluasi	men evaluasi
diibaratkan	di ibarat kan
aksesibilitas	aksesibilitas
dilewati	di lewat i
menerapkannya	men terap kan nya
ditoleransi	di toleransi
menghindarkan	men hindar kan
dijatuhkan	di jatuh kan
menyukseskan	men sukses kan
menyelami	men selam i
jajaran	jajar an
pelembagaan	pen lembaga an
menakjubkannya	men takjub kan nya
menerapkan	men terap kan
bahasa	bahasa
membakar	men bakar
ketidaksanggupan	ke tidak sanggup an
lanjutannya	lanjut an nya
khasiatnya	khasiat nya
bersalah	ber salah
permanen	permanen
radio	radio
kanwil	kanwil
terakhirnya	ter akhir nya
instan	instan
balap	balap
memproduksinya	men produksi nya
diorganisasi	di organisasi
instansinya	instansi nya
sesuainya	sesuai nya
menyerahkan	men serah kan
pengepungan	pen kepung an
hubungi	hubung i
daunnya	daun nya
artikelnya	artikel nya
singkatnya	singkat nya
digunakannya	di guna kan nya
diolah	di olah
fakir	fakir
paradigma	paradigma
dipatuhi	di patuh i
diserahkannya	di serah kan nya
efeknya	efek nya
seimbang	seimbang
pembobotan	pen bobot an
memerlukan	men perlu kan
mutunya	mutu nya
nyatakan	nyata kan
belokan	belok an
pemerintah	pen perintah
mengurus	men urus
belakang	belakang
permanennya	permanen nya
berasas	ber asas
pemeriksa	pen periksa
perkasa	perkasa
dekade	dekade
iklim	iklim
setianya	setia nya
pemiliknya	pen milik nya
indikasi	indikasi
tertatanya	ter tata nya
diboboli	di bobol i
terhindarkan	ter hindar kan
talenta	talenta
gerutuan	gerutu an
mengefisienkan	men efisien kan
menyebalkan	men sebal kan
tingkatan	tingkat an
dikenalnya	di kenal nya
disangka	di sangka
politis	politis
mengaktifkannya	men aktif kan nya
memeriksanya	men periksa nya
polisi	polisi
tercengang	ter cengang
ketidakmampuan	ke tidak mampu an
memperkokoh	men kokoh
menerimanya	men terima nya
ibu	ibu
kristal	kristal
sesempurna	se sempurna
pedih	pedih
penggaduhan	pen gaduh an
ditumbuk	di tumbuk
pergiliran	per gilir an
bepergian	bepergian
ruangnya	ruang nya
diimbangi	di imbang i
dikelolanya	di kelola nya
olimpiade	olimpiade
relatif	relatif
pembobolan	pen bobol an
mengimunisasi	men imunisasi
dipraktekkan	di praktek kan
mewariskan	men waris kan
kebakaran	ke bakar an
kualifikasinya	kualifikasi nya
memperkaya	men kaya
berkondisi	ber kondisi
gizinya	gizi nya
koordinasi	koordinasi
konsumen	konsumen
mengkonsultasikannya	men konsultasi kan nya
bergoncang	ber goncang
menimba	men timba
menjamur	men jamur
memperpendek	men pendek
filosofi	filosofi
warisan	waris an
hunian	huni an
kartun	kartun
deretan	deret an
tani	tani
gagang	gagang
dilatarbelakangi	di latarbelakang i
kumulatif	kumulatif
meninggalnya	men tinggal nya
kumpulkan	kumpul kan
profesionalismenya	profesionalisme nya
memandunya	men pandu nya
bergantungnya	ber gantung nya
besarnya	besar nya
kehendaki	kehendak i
dipajaki	di pajak i
pengadu	pen adu
sutradara	sutradara
kolaborasi	kolaborasi
memudarkan	men pudar kan
menyampaikannya	men sampai kan nya
kritis	kritis
ditinggikan	di tinggi kan
kiranya	kira nya
dialokasi	di alokasi
penyemprotan	pen semprot an
administrasinya	administrasi nya
dihadapinya	di hadap i nya
terkasih	ter kasih
pimpinan	pimpin an
memenangi	men menang i
butuhkan	butuh kan
pembebasan	pen bebas an
meriah	meriah
model	model
pegolf	pen golf
berkeinginan	ber ke ingin an
bermukim	ber mukim
ditentukan	di tentu kan
terbantu	ter bantu
mengasihinya	men kasih i nya
akademi	akademi
tentunya	tentu nya
memperhitungkan	men hitung kan
salinan	salin an
berambut	ber rambut
praktisnya	praktis nya
termuda	ter muda
arisan	arisan
saluran	salur an
jasad	jasad
erat	erat
mil	mil
diutarakan	di utara kan
melenyapkan	men lenyap kan
pelikan	pelik an
dokternya	dokter nya
rekonstruksi	rekonstruksi
kualitasnya	kualitas nya
terkuno	ter kuno
fleksibel	fleksibel
serangkaian	se rangkaian
proporsi	proporsi
bergelantungan	ber gelantung an
ri	ri
menerangi	men terang i
nya	nya
variasi	variasi
kendalikan	kendali kan
jaya	jaya
memaksanya	men paksa nya
lawatan	lawatan
asi	as i
yayasan	yayasan
penunjukkan	penunjukkan
memandangku	men pandang ku
secepatnya	se cepat nya
kehendak	kehendak
menuntun	men tuntun
membalikkannya	men balik kan nya
badak	badak
memperkosa	men perkosa
adam	adam
danau	danau
nutrisi	nutrisi
lebar	lebar
tepat	tepat
seisi	se isi
mewujudkan	men wujud kan
menumbuhkannya	men tumbuh kan nya
berterima	ber terima
diabaikan	di abai kan
ujungnya	ujung nya
tubuhku	tubuh ku
menikah	men nikah
dilaksanakannya	di laksana kan nya
menindaklanjutinya	men tindaklanjut i nya
tergali	ter gali
dirampungkan	di rampung kan
tipu	tipu
dilempar	di lempar
lomba	lomba
alih	alih
skema	skema
dimekarkan	di mekar kan
telur	telur
penghancuran	pen hancur an
mengendalikan	men kendali kan
minumannya	minum an nya
beranggapan	ber anggap an
rintisan	rintis an
kisaran	kisar an
terlatih	ter latih
permintaannya	per minta an nya
digabungkan	di gabung kan
daratannya	darat an nya
memandangi	men pandang i
pemegang	pen pegang
gayanya	gaya nya
arsip	arsip
diagnosa	diagnosa
pembalasan	pen balas an
video	video
terwakili	ter wakil i
memanjakan	men manja kan
bantal	bantal
mobilitas	mobilitas
hubunganku	hubung an ku
tertampung	ter tampung
sepenting	se penting
tatap	tatap
kucilkan	kucil kan
budak	budak
menyerang	men serang
disejajarkan	di sejajar kan
pemajuan	pen maju an
memperlemah	men lemah
melonjaknya	men lonjak nya
habis	habis
perajin	pen rajin
menyusu	men susu
sesederhana	se sederhana
mengapung	men apung
mengantarkan	men antar kan
pengorbanannya	pen korban an nya
piutang	piutang
kontraktor	kontraktor
tersajikan	ter saji kan
gencarnya	gencar nya
pala	pala
terdistribusi	ter distribusi
sesat	sesat
debiturnya	debitur nya
bilangan	bilang an
gagal	gagal
menolongnya	men tolong nya
penyembahan	pen sembah an
dioperasikan	di operasi kan
ditabungkan	di tabung kan
memberiku	men beri ku
pemandu	pen pandu
menjejali	men jejal i
membimbing	men bimbing
lintas	lintas
awak	awak
otak	otak
tuliskan	tulis kan
terbangun	ter bangun
nonharga	non harga
ditanggung	di tanggung
bayi	bayi
dicap	di cap
diramalkan	di ramal kan
merontokkan	men rontok kan
sabuk	sabuk
diserahi	di serah i
atraksi	atraksi
mengerikan	men ngeri kan
pergaulan	per gaul an
keponakan	keponakan
januari	januari
sempurnanya	sempurna nya
berguna	ber guna
didenda	di denda
diskriminasi	diskriminasi
wilayah	wilayah
paruh	paruh
jijik	jijik
mayat	mayat
tanaman	tanam an
format	format
dioptimalkan	di optimal kan
pengampunan	pen ampun an
material	material
tangerang	tangerang
komentar	komentar
instrumen	instrumen
berbohong	ber bohong
metrologi	metrologi
pembayaran	pen bayar an
pukul	pukul
planet	planet
panel	panel
akademik	akademik
bibir	bibir
tahun	tahun
pencalonan	pen calon an
tata	tata
berkumpul	ber kumpul
etnik	etnik
berkisar	ber kisar
sudut	sudut
ramalannya	ramal an nya
diakuinya	di aku i nya
menjengkelkan	men jengkel kan
ishak	ishak
rapuhnya	rapuh nya
ditusuk	di tusuk
bercermin	ber cermin
didarati	di darat i
menepati	men tepat i
duplikasi	duplikasi
terinformasi	ter informasi
pasca	pasca
berprasangka	ber prasangka
tragis	tragis
kecaman	kecam an
berbenah	ber benah
nonpenerima	non pen terima
bobrok	bobrok
mencicipi	men cicip i
ditebang	di tebang
melambaikan	men lambai kan
membagi	men bagi
perindustrian	per industri an
sosial	sosial
bangku	bangku
pasang	pasang
dibebani	di beban i
terumbu	terumbu
manajer	manajer
mengorganisasikan	men organisasi kan
teraniaya	ter aniaya
pelaksanaan	pen laksana an
tangan	tangan
pembaharuan	pen baharu an
persis	persis
laba	laba
menitip	men titip
pemerasan	pen peras an
penyimpangan	pen simpang an
terukur	ter ukur
penjudi	pen judi
bernapas	ber napas
disalahkan	di salah kan
nafas	nafas
dilukai	di luka i
perangnya	perang nya
didampinginya	di damping i nya
berkelahi	ber kelahi
menggariskan	men garis kan
ketidakcocokan	ke tidak cocok an
pemungut	pen pungut
dividen	dividen
pamannya	paman nya
santunku	santun ku
keluhannya	keluh an nya
pengguna	pen guna
wol	wol
perspektif	perspektif
talentanya	talenta nya
pengaturnya	pen atur nya
berkeliaran	ber ke liar an
hambatannya	hambat an nya
mengetuk	men ketuk
kompensasi	kompensasi
penuturan	pen tutur an
dilimpahkan	di limpah kan
penyelesaian	pen selesai an
anu	anu
amal	amal
menggolkan	men gol kan
pertandingannya	per tanding an nya
pacarku	pacar ku
melatih	men latih
bantahan	bantah an
diperlunak	di per lunak
memajukan	men maju kan
diingatnya	di ingat nya
dihindari	di hindar i
geografisnya	geografis nya
obatan	obat an
menyemangatinya	men semangat i nya
diadakannya	di ada kan nya
memampukan	men mampu kan
kebalikannya	ke balik an nya
berfungsinya	ber fungsi nya
barangsiapa	barangsiapa
membawakan	men bawa kan
tahunannya	tahun an nya
menggalang	men galang
pengiring	pen iring
asetnya	aset nya
dikuasai	di kuasa i
independensi	independensi
penargetannya	pen target an nya
reaksinya	reaksi nya
pernikahannya	per nikah an nya
persekutuan	per sekutu an
lamban	lamban
berpikir	ber pikir
akhirat	akhirat
daftar	daftar
dikurangi	di kurang i
pencantuman	pen cantum an
tukar	tukar
agamanya	agama nya
terjadi	ter jadi
kebutuhannya	ke butuh an nya
pengerasan	pen keras an
mematuhi	men patuh i
peternakannya	peternakan nya
terpaut	ter paut
besar	besar
dipakai	di pakai
kacang	kacang
pembenahan	pen benah an
perdarahan	per darah an
jembatan	jembatan
diemban	di emban
menipisnya	men tipis nya
mengijonkan	men ijon kan
pungli	pungli
debutnya	debut nya
depannya	depan nya
investasinya	investasi nya
tenggang	tenggang
terobsesi	ter obsesi
adaptasi	adaptasi
afrika	afrika
berinvestasi	ber investasi
berkepentingan	ber ke penting an
lelakinya	lelaki nya
sorotan	sorot an
penghapusan	pen hapus an
belanjaan	belanja an
goyang	goyang
memobilisasi	men mobilisasi
penjelajahan	pen jelajah an
disampaikan	di sampai kan
melampirkannya	men lampir kan nya
melukai	men luka i
risiko	risiko
teraman	ter aman
subur	subur
terarah	ter arah
penelitinya	pen teliti nya
menggigitku	men gigit ku
penjala	pen jala
mengelilingi	men keliling i
neraca	neraca
buat	buat
lembar	lembar
mengeluh	men keluh
diremehkan	di remeh kan
zamannya	zaman nya
memasuki	men masuk i
berbulu	ber bulu
kuperintahkan	ku perintah kan
seyakin	se yakin
sumber	sumber
susut	susut
terutama	ter utama
terdapat	ter dapat
tertulis	ter tulis
mendewakan	men dewa kan
sebaik	se baik
dimaksudkannya	di maksud kan nya
diingat	di ingat
pengumpulan	pen kumpul an
dihibur	di hibur
film	film
bising	bising
audio	audio
membuatkan	men buat kan
sistem	sistem
review	review
spesialis	spesialis
ketidakjujuran	ke tidak jujur an
gelanggang	gelanggang
kumuh	kumuh
riil	riil
beradu	ber adu
dikontraknya	di kontrak nya
terkucil	ter kucil
bahasanya	bahasa nya
posyandunya	posyandu nya
disusun	di susun
jengkel	jengkel
terealisasi	ter realisasi
menggantinya	men ganti nya
didera	di dera
bergeser	ber geser
dipulihkan	di pulih kan
peningkatannya	pen tingkat an nya
suaminya	suami nya
diputar	di putar
antarklub	antar klub
merdeka	merdeka
didukungnya	di dukung nya
menanggungnya	men tanggung nya
tali	tali
dirancang	di rancang
suasana	suasana
armada	armada
harfiah	harfiah
penyebutan	pen sebut an
keramik	keramik
dipersembahkan	di per sembah kan
dijadwalkan	di jadwal kan
dimampukan	di mampu kan
menebusnya	men tebus nya
pengasingan	pen asing an
uskup	uskup
remajanya	remaja nya
ayam	ayam
mental	mental
bungkusnya	bungkus nya
jarinya	jari nya
anggapan	anggap an
menggosipkan	men gosip kan
petik	petik
menunggu	men tunggu
memimpikan	men mimpi kan
berkesimpulan	ber ke simpul an
dikonfirmasikan	di konfirmasi kan
pemandangannya	pen pandang an nya
tersingkirnya	ter singkir nya
lapangan	lapang an
dibimbing	di bimbing
bisnisnya	bisnis nya
selamat	selamat
pulih	pulih
seutuhnya	se utuh nya
pemeliharaan	pen pelihara an
mengajar	men ajar
pemutakhiran	pen mutakhir an
girang	girang
pendesentralisasian	pen desentralisasi an
koalisi	koalisi
hormati	hormat i
kaisar	kaisar
penerimaannya	pen terima an nya
memperketat	men ketat
memotong	men potong
peranannya	peran an nya
dipastikan	di pasti kan
berpacaran	ber pacar an
preminya	premi nya
sutera	sutera
judul	judul
aduannya	adu an nya
liat	liat
menantang	men tantang
membalasnya	men balas nya
direhabilitasi	di rehabilitasi
inovasi	inovasi
sebisa	se bisa
diharap	di harap
musim	musim
bacaan	baca an
menginspirasi	men inspirasi
dipuji	di puji
menyapa	men sapa
meneguhkan	men teguh kan
dilindungi	di lindung i
permata	permata
buka	buka
denyut	denyut
perkiraan	per kira an
diikutsertakannya	di ikutserta kan nya
berarti	ber arti
menginginkan	men ingin kan
dikontrakkan	di kontrak kan
memaksimalkan	men maksimal kan
coba	coba
kepindahan	ke pindah an
balau	balau
turnamen	turnamen
daging	daging
pendistribusian	pen distribusi an
beku	beku
demam	demam
pembunuhan	pen bunuh an
santai	santai
kalah	kalah
karya	karya
seteguh	se teguh
mengelabui	men kelabui
ditetapkan	di tetap kan
menukar	men tukar
diperbaruinya	di per baru i nya
diberi	di beri
pemilih	pen pilih
renang	renang
utang	utang
takut	takut
proteksi	proteksi
bergosip	ber gosip
madu	madu
diperbudak	di per budak
kemunculan	ke muncul an
dihadiahi	di hadiah i
menembakkan	men tembak kan
mengingini	men ingin i
masuknya	masuk nya
pisaunya	pisau nya
hak	hak
butuh	butuh
memainkannya	men main kan nya
dikombinasikan	di kombinasi kan
dicacah	di cacah
dilenyapkan	di lenyap kan
penerangan	pen terang an
terdefinisi	ter definisi
membacakan	men baca kan
dirham	dirham
berpengaruh	ber pengaruh
dunianya	dunia nya
diputuskan	di putus kan
menjelekkan	men jelek kan
membuangnya	men buang nya
selesai	selesai
antarhasil	antar hasil
melelahkan	men lelah kan
emosionalnya	emosional nya
berpenghuni	ber pen huni
sukunya	suku nya
dihadapi	di hadap i
menggagalkan	men gagal kan
merepresentasi	men representasi
terkungkung	ter kungkung
pembengkakan	pen bengkak an
melukiskan	men lukis kan
diupah	di upah
tunggal	tunggal
kepercayaannya	ke percaya an nya
pajangan	pajang an
tunjukkan	tunjuk kan
dipermainkan	di per main kan
bermacam	ber macam
stabilitas	stabilitas
diilhamkan	di ilham kan
prestasinya	prestasi nya
tergantung	ter gantung
sektor	sektor
kawanan	kawan an
enaknya	enak nya
semacam	se macam
terkunci	ter kunci
diceraikan	di cerai kan
diterus	di terus
klarifikasi	klarifikasi
laksanakan	laksana kan
kembalinya	kembali nya
konsepnya	konsep nya
tinggalkan	tinggal kan
tahap	tahap
panen	panen
terselami	ter selam i
konsensus	konsensus
menelusuri	men telusuri
pengaduan	pen adu an
pendingin	pen dingin
mengancam	men ancam
persalinan	per salin an
kuil	kuil
bermerek	ber merek
untung	untung
diajukan	di aju kan
kuatnya	kuat nya
lembaran	lembar an
mainanmu	main an mu
konferensi	konferensi
eksperimen	eksperimen
puluhan	puluh an
tekstil	tekstil
kontroversi	kontroversi
terbawah	ter bawah
fungsinya	fungsi nya
penjelasan	pen jelas an
gelap	gelap
mengadministrasikan	men administrasi kan
dirawat	di rawat
pikun	pikun
dilarang	di larang
tropis	tropis
penagih	pen tagih
antarwilayah	antar wilayah
disambut	di sambut
memperpanjang	men panjang
mempersempit	men sempit
menepi	men tepi
auman	aum an
tertangkap	ter tangkap
diurut	di urut
tunggu	tunggu
panggilan	panggil an
pemerintahannya	pen perintah an nya
dilibatkannya	di libat kan nya
menghilangkannya	men hilang kan nya
mutasi	mutasi
mengawasi	men awas i
menipu	men tipu
mengembalikan	men kembali kan
gila	gila
berandil	ber andil
menyangkanya	men sangka nya
berpendapatan	ber pen dapat an
berujung	ber ujung
belenggu	belenggu
indera	indera
meninggikan	men tinggi kan
menciprat	men ciprat
memandang	men pandang
sentuh	sentuh
akut	akut
perkampungan	per kampung an
menggunung	men gunung
dibakukan	di baku kan
personal	personal
langsing	langsing
eksteriornya	eksterior nya
kongres	kongres
usulkan	usul kan
meneliti	men teliti
realitas	realitas
dimuat	di muat
lihat	lihat
ketik	ketik
provinsinya	provinsi nya
memasyarakat	men masyarakat
merefleksikan	men refleksi kan
membawa	men bawa
mengakomodasi	men akomodasi
ambruk	ambruk
punah	punah
memarkir	men parkir
pengecualian	pengecualian
dirumahmu	di rumah mu
muslihat	muslihat
wawancarai	wawancara i
warganegaranya	warganegara nya
mempromosikan	men promosi kan
pendistribusiannya	pen distribusi an nya
menghadirkan	men hadir kan
membereskan	men beres kan
perekam	pen rekam
bersejarah	ber sejarah
utangnya	utang nya
perpindahan	per pindah an
menyeberang	men seberang
menimbang	men timbang
penipu	pen tipu
kerabat	kerabat
mandi	mandi
administrator	administrator
belanjanya	belanja nya
pengurangan	pen kurang an
prihatin	prihatin
selidiki	selidik i
menekuni	men tekun i
menegaskan	men tegas kan
terpencil	terpencil
mengantisipasi	men antisipasi
sikat	sikat
camat	camat
kuburan	kubur an
disiasati	di siasat i
menuduhnya	men tuduh nya
verifikasi	verifikasi
pengapalan	pen kapal an
sentral	sentral
jendela	jendela
peti	peti
sekerjanya	se kerja nya
tehnya	teh nya
prinsip	prinsip
disisihkan	di sisih kan
dipercaya	di percaya
sulit	sulit
menggembalakan	men gembala kan
terik	terik
tertuang	ter tuang
dipersoalkan	di per soal kan
diajukannya	di aju kan nya
mendarat	men darat
dirjen	dirjen
pemakaian	pen pakai an
mereproduksinya	men reproduksi nya
kabupaten	kabupaten
pengadaan	pen ada an
sulaman	sulam an
mengabarkan	men kabar kan
mengasingkan	men asing kan
mencadangkan	men cadang kan
rintangan	rintang an
memegang	men pegang
perbudakan	per budak an
dijelaskan	di jelas kan
menjejak	men jejak
mengurangi	men kurang i
menyembuhkannya	men sembuh kan nya
korup	korup
ongkosnya	ongkos nya
isapan	isap an
poin	poin
mencukupi	men cukup i
semata	se mata
dijangkau	di jangkau
bertuliskan	ber tulis kan
tunggakannya	tunggak an nya
terjatuh	ter jatuh
jawabnya	jawab nya
alternatifnya	alternatif nya
belakangan	belakang an
merebut	men rebut
mereview	men review
disaksikan	di saksi kan
pembekalan	pen bekal an
optimisme	optimisme
tersingkap	ter singkap
menanti	menanti
menyebutnya	men sebut nya
tuannya	tuan nya
merpati	merpati
pengaruhnya	pengaruh nya
persaingannya	per saing an nya
terlantar	terlantar
bereaksi	ber reaksi
kepunyaan	ke punya an
menyiasatinya	men siasat i nya
halamannya	halaman nya
pelan	pelan
mengemukakan	men kemuka kan
maret	maret
bersaing	ber saing
lunas	lunas
olahan	olah an
kontraknya	kontrak nya
sedetik	se detik
tangguh	tangguh
berdatangan	ber datang an
wawancara	wawancara
bertujuan	ber tuju an
berisiko	ber risiko
aktor	aktor
anggotanya	anggota nya
gunakan	guna kan
menghambat	men hambat
layanannya	layan an nya
berhak	ber hak
bermusyawarah	ber musyawarah
capai	capai
tempel	tempel
pendarahan	pen darah an
mendekati	men dekat i
menyelenggarakan	men selenggara kan
penampung	pen tampung
intelektual	intelektual
minimalnya	minimal nya
terpenuhi	men penuh i
antik	antik
bertalian	ber tali an
sorenya	sore nya
biar	biar
menyusui	men susu i
figurnya	figur nya
permulaan	per mula an
devisa	devisa
menghabiskannya	men habis kan nya
persendian	per sendi an
digilir	di gilir
ketidakpahaman	ke tidak paham an
display	display
menyebut	men sebut
eternitnya	eternit nya
proposal	proposal
menugasi	men tugas i
menelan	men telan
tulang	tulang
perencana	pen rencana
galak	galak
beton	beton
sangkakala	sangkakala
martabat	martabat
diusir	di usir
dihadiri	di hadir i
diucapkan	di ucap kan
penjahit	pen jahit
ribut	ribut
peringkat	peringkat
diyakini	di yakin i
pendekatannya	pen dekat an nya
celaka	celaka
kesudahan	ke sudah an
jeruknya	jeruk nya
mahkamah	mahkamah
setujui	setuju i
terbebani	ter beban i
sanksi	sanksi
bapamu	bapa mu
bentuk	bentuk
bersama	ber sama
bernuansa	ber nuansa
negeri	negeri
kuterima	ku terima
salju	salju
tips	tips
krim	krim
mendalami	men dalam i
dipikirnya	di pikir nya
berdalih	ber dalih
menulisnya	men tulis nya
terkonsentrasi	ter konsentrasi
menghubungkannya	men hubung kan nya
polandia	polandia
alamnya	alam nya
anehnya	aneh nya
didengarkan	di dengar kan
pencatat	pen catat
kemungkinan	kemungkinan
dibiaya	di biaya
mencabut	men cabut
penyusunannya	pen susun an nya
yatim	yatim
mendoakannya	men doa kan nya
taksir	taksir
ketidakpastian	ke tidak pasti an
status	status
bersantai	ber santai
tubuhmu	tubuh mu
terpadat	ter padat
tanggap	tanggap
hasrat	hasrat
gagasan	gagas an
angkut	angkut
perkreditan	per kredit an
fisika	fisika
pemaksaan	pen paksa an
menempuhnya	men tempuh nya
arah	arah
paku	paku
kota	kota
menghancurkan	men hancur kan
menumpahkan	men tumpah kan
pikir	pikir
universitas	universitas
meringkaskan	men ringkas kan
halnya	hal nya
depkeu	depkeu
lamanya	lama nya
silahkan	silahkan
tertawa	ter tawa
lengkung	lengkung
rusaknya	rusak nya
maraton	maraton
ilmu	ilmu
menyejukkan	men sejuk kan
berpesta	ber pesta
penggemar	pen gemar
tepung	tepung
dianut	di anut
tenggelam	tenggelam
lahiran	lahir an
mengatur	men atur
usah	usah
bertengkar	ber tengkar
pesannya	pesan nya
kompas	kompas
menampung	men tampung
dagangan	dagang an
maknanya	makna nya
meliputi	men liput i
kerasukan	ke rasuk an
mikrofon	mikrofon
disesatkan	di sesat kan
asisten	asisten
rumahmu	rumah mu
mengamankan	men aman kan
menyokong	men sokong
jabodetabek	jabodetabek
dikoordinir	di koordinir
pembicara	pen bicara
nyawa	nyawa
meyakinkan	men yakin kan
tugas	tugas
dikonsentrasikan	di konsentrasi kan
lazimnya	lazim nya
upah	upah
menanjak	men tanjak
memujikan	men puji kan
memproduksi	men produksi
sawahnya	sawah nya
berbahasa	ber bahasa
bersimpati	ber simpati
anti	anti
mengubur	men kubur
terpilih	ter pilih
berkala	ber kala
membebaskan	men bebas kan
ketidakberanian	ke tidak berani an
hurufnya	huruf nya
banyaknya	banyak nya
praktis	praktis
berkomentar	ber komentar
mengampuni	men ampun i
jatah	jatah
berdinas	ber dinas
menunjang	men tunjang
muhammad	muhammad
perhambaan	per hamba an
difasilitasi	di fasilitas i
penjagaan	pen jaga an
pengenal	pen kenal
mendapat	men dapat
penimbunan	pen timbun an
meninggalkannya	men tinggal kan nya
suspensi	suspensi
bertiup	ber tiup
kluster	kluster
kandidat	kandidat
dikawal	di kawal
dikonsultasikan	di konsultasi kan
beralih	ber alih
pertokoan	per toko an
bubungan	bubung an
layak	layak
membosankan	men bosan kan
berantai	ber rantai
akasia	akasia
ketidakberuntungan	ke tidak beruntung an
tetangga	tetangga
barangnya	barang nya
pandai	pandai
seyogyanya	se yogya nya
norwegia	norwegia
urgensi	urgensi
diadopsi	di adopsi
ditaruh	di taruh
mengganti	men ganti
food	food
penggerak	pen gerak
dinikahinya	di nikah i nya
berasaskan	ber asas kan
kunjungan	kunjung an
dilayani	di layan i
ditangani	di tangan i
pertahanan	per tahan an
dibersihkan	di bersih kan
penghancur	pen hancur
melemparkan	men lempar kan
ditahun	di tahun
suram	suram
kejatuhannya	ke jatuh an nya
omzetnya	omzet nya
menyiramnya	men siram nya
terkumpul	ter kumpul
berpelukan	ber peluk an
personil	personil
berharga	ber harga
syafaat	syafaat
kering	kering
memancingnya	men pancing nya
dagangnya	dagang nya
fasik	fasik
antagonis	antagonis
syaraf	syaraf
meledak	men ledak
serukan	seru kan
kelimpahan	ke limpah an
diluruskan	di lurus kan
aksi	aksi
mendambakan	men damba kan
pasukan	pasukan
sampingnya	samping nya
datangnya	datang nya
sawit	sawit
menuding	men tuding
mengangkatnya	men angkat nya
tuhanku	tuhan ku
berjiwa	ber jiwa
mencintaiku	men cinta i ku
frekuensi	frekuensi
nenek	nenek
bawahannya	bawah an nya
ditembus	di tembus
kelapa	kelapa
mengoper	men koper
digadaikan	di gadai kan
berimplikasi	ber implikasi
transplantasi	transplantasi
menyembuhkan	men sembuh kan
kelola	kelola
terucap	ter ucap
eksploitasi	eksploitasi
terdorong	ter dorong
pendanaannya	pen dana an nya
memberikannya	men beri kan nya
prestasi	prestasi
anggur	anggur
diajarkan	di ajar kan
bebanmu	beban mu
membekukan	men beku kan
melaksanakan	men laksana kan
ciptaan	cipta an
rekaman	rekam an
menolak	men tolak
menguatkannya	men kuat kan nya
peri	pen ri
menyarankan	men saran kan
tebusannya	tebus an nya
terowongan	terowongan
menggarap	men garap
misterius	misterius
kereta	kereta
areal	areal
bermunculan	ber muncul an
tuan	tuan
menguduskan	men kudus kan
analisi	analis i
saldo	saldo
luka	luka
penerbitan	pen terbit an
kotamadya	kotamadya
disabotase	di sabotase
pangeran	pangeran
penerima	pen terima
bersemangat	ber semangat
nampak	nampak
dituntaskan	di tuntas kan
mencapainya	men capai nya
wawasan	wawasan
cintanya	cinta nya
rekornya	rekor nya
nonpertanian	non per tani an
diprakarsai	di prakarsa i
mengutus	men utus
memedihkan	men pedih kan
baru	baru
dicanangkannya	di canang kan nya
melempar	men lempar
penulisan	pen tulis an
pengerukan	pen keruk an
berdetak	ber detak
jamuan	jamu an
bimbingan	bimbing an
abjad	abjad
menyoroti	men sorot i
rela	rela
sisi	sisi
obsesi	obsesi
tungkunya	tungku nya
penderitaannya	pen derita an nya
tandan	tandan
lumpuh	lumpuh
bersangkutan	ber sangkut an
pertikaian	pertikaian
menyalurkan	men salur kan
jantungnya	jantung nya
mempersulit	men sulit
terlindung	ter lindung
antikemiskinan	anti ke miskin an
profesi	profesi
terserah	ter serah
memburu	men buru
dipertimbangkan	di per timbang kan
wc	wc
petunjuk	petunjuk
melemparinya	men lempar i nya
menggembirakan	men gembira kan
bergumul	ber gumul
eropa	eropa
bertatap	ber tatap
membiarkan	men biar kan
sasarannya	sasar an nya
bala	bala
baris	baris
liriknya	lirik nya
menggulingkan	men guling kan
payudara	payudara
pelayanannya	pen layan an nya
penandatangan	pen tandatangan
menggarisbawahi	men garisbawah i
tanda	tanda
kelompok	kelompok
dikupas	di kupas
nonkontrak	non kontrak
korelasinya	korelasi nya
menduduki	men duduk i
pikul	pikul
mengejek	men ejek
signifikan	signifikan
sebulan	se bulan
parfum	parfum
deras	deras
wasitnya	wasit nya
tersulit	ter sulit
ribuan	ribu an
eksklusif	eksklusif
tercemarnya	ter cemar nya
membakarmu	men bakar mu
berbeban	ber beban
tanam	tanam
sini	sini
radikal	radikal
mengulurkan	men ulur kan
diinstruksikan	di instruksi kan
figur	figur
membiayai	men biaya i
mengidentifikasikan	men identifikasi kan
terbangnya	terbang nya
pautnya	paut nya
wahyu	wahyu
capnya	cap nya
terdahsyat	ter dahsyat
digalakkan	di galak kan
sekotak	se kotak
menunda	men tunda
tuntasnya	tuntas nya
setangkai	se tangkai
diatas	di atas
jahe	jahe
berwawasan	ber wawasan
bakan	bak an
alergi	alergi
menata	men tata
keberangkatannya	ke berangkat an nya
hartamu	harta mu
budi	budi
alkitabnya	alkitab nya
perbintangan	per bintang an
menampik	men tampik
bangga	bangga
memerlukannya	men perlu kan nya
diperingatkan	di per ingat kan
memberkatinya	men berkat i nya
dipromosikan	di promosi kan
terompetnya	terompet nya
tertidur	ter tidur
separuhnya	se paruh nya
motivasinya	motivasi nya
ringkasannya	ringkas an nya
pengarahannya	pen arah an nya
mendampingi	men damping i
dikelola	di kelola
bermutu	ber mutu
ketelanjangan	ke telanjang an
bersusah	ber susah
udang	udang
gemuruh	gemuruh
militernya	militer nya
dimasukinya	di masuk i nya
renungan	renung an
ditarik	di tarik
cincin	cincin
tarifnya	tarif nya
arkeologi	arkeologi
perdesaan	per desa an
menyaksikan	men saksi kan
mengobarkan	men kobar kan
ketuanya	ketua nya
posisi	posisi
dipekerjakan	di pekerja kan
santapan	santap an
ambil	ambil
mencukupinya	men cukup i nya
penambangan	pen tambang an
tersesatnya	ter sesat nya
binatang	binatang
pencucian	pen cuci an
terkenang	ter kenang
sambungan	sambung an
pembahasannya	pen bahas an nya
kuabaikan	ku abai kan
perancangan	pen rancang an
keharusan	ke harus an
persahabatan	per sahabat an
melimpahnya	men limpah nya
traktor	traktor
dikecewakan	di kecewa kan
sumatera	sumatera
menghalangimu	men halang i mu
terjepit	ter jepit
diaksesnya	di akses nya
jemaat	jemaat
kiamat	kiamat
dikenai	di kena i
pemberangkatannya	pen berangkat an nya
menjatahkan	men jatah kan
pacu	pacu
perayaan	pen raya an
tokonya	toko nya
penjaja	pen jaja
jam	jam
ampun	ampun
mengekspor	men ekspor
membelenggu	men belenggu
menyerbu	men serbu
memfoto	men foto
siap	siap
kompetisi	kompetisi
melibatkan	men libat kan
waktuku	waktu ku
gilir	gilir
semalam	se malam
penggenapan	pen genap an
dipasok	di pasok
menentu	men tentu
penguasanya	pen kuasa nya
berbatu	ber batu
ganjaran	ganjar an
diumpankan	di umpan kan
rancangan	rancang an
sukses	sukses
menghargainya	men harga i nya
peningkatan	pen tingkat an
berlatih	ber latih
memperbincangkan	men bincang kan
terkendali	ter kendali
umumkan	umum kan
estimasi	estimasi
menangi	menang i
penyerangan	pen serang an
menolong	men tolong
merotasi	men rotasi
berumput	ber rumput
memanggilnya	men panggil nya
musiknya	musik nya
berpuasa	ber puasa
agama	agama
dipotong	di potong
pengangguran	pen anggur an
ayah	ayah
komersialnya	komersial nya
diawali	di awal i
gembala	gembala
kecil	kecil
menyelesaikan	men selesai kan
menopangnya	men topang nya
perpipaan	per pipa an
memberi	men beri
asa	asa
amoral	amoral
menyangga	men sangga
beradik	ber adik
menyentuh	men sentuh
kitabnya	kitab nya
dibedakan	di beda kan
orangtua	orangtua
maksimal	maksimal
ikannya	ikan nya
arena	arena
sejahtera	sejahtera
mengganggunya	men ganggu nya
terpangkas	ter pangkas
mendekatkan	men dekat kan
bergemar	ber gemar
dikasih	di kasih
publikasi	publikasi
diambilkan	di ambil kan
menginterupsi	men interupsi
ketidakstabilan	ke tidak stabil an
menghimbau	men himbau
diajarnya	di ajar nya
biaya	biaya
menanganinya	men tangan i nya
khayalan	khayal an
membiayainya	men biaya i nya
rinci	rinci
peliharaannya	pelihara an nya
berbagi	ber bagi
didistribusikan	di distribusi kan
pelaut	pen laut
getah	getah
bervariasi	ber variasi
subkontraknya	subkontrak nya
penekanan	pen tekan an
diagunkan	di agun kan
bersabda	ber sabda
setuju	setuju
pengaduannya	pen adu an nya
mendominasinya	men dominasi nya
esok	esok
penghakiman	pen hakim an
kategori	kategori
mengikutsertakan	men ikutserta kan
harian	hari an
rambutku	rambut ku
celah	celah
dihakimi	di hakim i
orde	orde
denda	denda
kertas	kertas
pasalnya	pasal nya
menguras	men kuras
angsa	angsa
memindai	men pindai
doaku	doa aku
fotokopinya	fotokopi nya
pesta	pesta
tindak	tindak
tindih	tindih
menentangnya	men tentang nya
memamerkannya	men pamer kan nya
sebaran	sebar an
arogan	arogan
dipahami	di paham i
menundukkan	men tunduk kan
nyamuk	nyamuk
tersalib	ter salib
tercakup	ter cakup
biji	biji
memediasi	men mediasi
bertingkah	ber tingkah
kebobolan	ke bobol an
memperdalam	men dalam
memberikan	men beri kan
pemain	pen main
pandu	pandu
irlandia	irlandia
kalkulasi	kalkulasi
antartingkatan	antar tingkat an
perlengkapannya	per lengkap an nya
dipertanyakan	di per tanya kan
disiram	di siram
bersantap	ber santap
penyerahan	pen serah an
muncul	muncul
menginformasikan	men informasi kan
geografis	geografis
membuang	men buang
pengaksesan	pen akses an
memutakhirkan	men mutakhir kan
tasnya	tas nya
rohaninya	rohani nya
wewenangnya	wewenang nya
sepakat	sepakat
pasta	pasta
diartikan	di arti kan
gaji	gaji
memprotes	men protes
ditawan	di tawan
lapar	lapar
pengetahuan	pengetahuan
kuba	kuba
perlengkapan	per lengkap an
sedekahmu	sedekah mu
putus	putus
turbin	turbin
favorit	favorit
mengartikannya	men arti kan nya
sambutan	sambut an
ketidaksetujuan	ke tidak setuju an
realokasi	realokasi
menggugat	men gugat
menyalahgunakannya	men salahguna kan nya
letih	letih
mengeksploitasi	men eksploitasi
diminati	di minat i
kotorannya	kotor an nya
ditetapkannya	di tetap kan nya
merespon	men respon
sempurna	sempurna
kristus	kristus
tertunda	ter tunda
pengintai	pen intai
dihadapkan	di hadap kan
naik	naik
mengiklankan	men iklan kan
menggenangi	men genang i
keterlibatannya	ke terlibat an nya
kamarnya	kamar nya
merombak	men rombak
bersumpah	ber sumpah
otomatis	otomatis
kerabatnya	kerabat nya
anggota	anggota
tempatnya	tempat nya
kukatakan	ku kata kan
berhitung	ber hitung
memenuhinya	men penuh i nya
diperdagangkan	di per dagang kan
penipuan	pen tipu an
diulang	di ulang
mengakar	men akar
kasihmu	kasih mu
bermuara	ber muara
sejuk	sejuk
mengedarkan	men edar kan
menumpuk	men tumpuk
menampilkan	men tampil kan
kontroversial	kontroversial
monopoli	monopoli
harum	harum
liberalisasi	liberalisasi
cabai	cabai
kondusif	kondusif
konsultasi	konsultasi
telanjang	telanjang
penghematan	pen hemat an
realistis	realistis
rekrut	rekrut
katalis	katalis
mempertanggungjawabkan	men tanggungjawab kan
menangisi	men tangis i
tertua	ter tua
takaran	takar an
doktrin	doktrin
dianalisis	di analisis
revisi	revisi
akuratnya	akurat nya
penunjang	pen tunjang
terekam	ter rekam
disembuhkan	di sembuh kan
telepon	telepon
fosil	fosil
terutang	ter utang
fasilitas	fasilitas
reuni	reuni
pilihannya	pilih an nya
dijajaki	di jajak i
kelanjutannya	ke lanjut an nya
parkir	parkir
sah	sah
diakhiri	di akhir i
dirumuskan	di rumus kan
permasalahan	per masalah an
kimia	kimia
mengemudi	men kemudi
balon	balon
beasiswa	beasiswa
diskualifikasi	diskualifikasi
prinsipnya	prinsip nya
lantang	lantang
kolonial	kolonial
hayati	hayat i
mendebarkan	men debar kan
memberitahukan	men beritahu kan
untungnya	untung nya
melampirkan	men lampir kan
argumentasi	argumentasi
akhirnya	akhir nya
soalnya	soal nya
pelamar	pen lamar
kuat	kuat
mencair	men cair
antarruangan	antar ruang an
mengkoordinir	men koordinir
menyantap	men santap
angkanya	angka nya
pemasarannya	pen pasar an nya
berbaris	ber baris
pendefinisian	pen definisi an
merek	merek
mengkonsumsi	men konsumsi
nyonya	nyonya
identitasnya	identitas nya
sedarah	se darah
terhutang	ter hutang
dibanyak	di banyak
mengumpat	men umpat
habitat	habitat
tertawaan	ter tawa an
congkak	congkak
dikendarainya	di kendara i nya
tertempel	ter tempel
tangga	tangga
tradisi	tradisi
komitmen	komitmen
gugatan	gugat an
aktivitas	aktivitas
tuntutan	tuntut an
pengendalian	pen kendali an
antarpeserta	antar peserta
empuk	empuk
didapatkannya	di dapat kan nya
mengasah	men asah
hulu	hulu
massal	massal
mediasi	mediasi
memagari	men pagar i
mengingkari	men ingkar i
terposisikan	ter posisi kan
mengusulkannya	men usul kan nya
halaman	halaman
menyamakan	men sama kan
antarkuota	antar kuota
kekal	kekal
suplemen	suplemen
ketidaktepatan	ke tidak tepat an
memposisikan	men posisi kan
kerangka	kerangka
sopan	sopan
kisarannya	kisar an nya
menyebarluaskan	men sebarluas kan
bersenjatakan	ber senjata kan
ditentang	di tentang
hadir	hadir
membanting	men banting
membungkus	men bungkus
asumsinya	asumsi nya
politikus	politikus
mencakupi	men cakup i
kepingan	keping an
iurannya	iuran nya
jaminan	jamin an
dicobai	di coba i
dipimpin	di pimpin
rintangannya	rintang an nya
skala	skala
pertimbangan	per timbang an
jambangan	jambang an
meneruskan	men terus kan
dikuatirkan	di kuatir kan
memuaskan	men puas kan
rak	rak
ajarkan	ajar kan
tonton	tonton
ubah	ubah
ketidakmunculan	ke tidak muncul an
kentang	kentang
bergabung	ber gabung
didapati	di dapat i
perujukan	pen rujuk an
mengarungi	men karung i
makna	makna
tender	tender
pasiennya	pasien nya
protes	protes
tepukan	tepuk an
penunggak	pen tunggak
disimpulkannya	di simpul kan nya
melewatinya	men lewat i nya
terbaik	ter baik
layar	layar
berargumentasi	ber argumentasi
bersoal	ber soal
romawi	romawi
kutipan	kutip an
pelajaran	pelajar an
pemuatan	pen muat an
surat	surat
terakomodasinya	ter akomodasi nya
terencana	ter rencana
dipikirkannya	di pikir kan nya
memfokuskan	men fokus kan
pendaftaran	pen daftar an
diprioritaskan	di prioritas kan
hartanya	harta nya
keterampilan	keterampilan
teramati	ter amati
pekerja	pekerja
intensi	intens i
indikatornya	indikator nya
luntur	luntur
beribadah	ber ibadah
ayatnya	ayat nya
melambat	men lambat
pelindung	pen lindung
bongkar	bongkar
dijelang	di jelang
darat	darat
dimilikinya	di milik i nya
mendiversifikasi	men diversifikasi
ciptakan	cipta kan
penghinaan	pen hina an
materinya	materi nya
optimalnya	optimal nya
diistilahkan	di istilah kan
mendiskriminasi	men diskriminasi
menumbuhkan	men tumbuh kan
penuntun	pen tuntun
membela	men bela
dibutuhkan	di butuh kan
berakar	ber akar
jauhnya	jauh nya
cabang	cabang
musium	musium
tambal	tambal
diperbesar	di per besar
putrinya	putri nya
diperkenalkannya	di per kenal kan nya
cipta	cipta
berperingkat	ber peringkat
menantunya	menantu nya
mendapatkannya	men dapat kan nya
jembatannya	jembatan nya
beraninya	berani nya
dipanggang	di panggang
teruskan	terus kan
berminat	ber minat
bermekaran	ber mekar an
pengepakan	pen kepak an
melainkan	men lain kan
tuduh	tuduh
tampaknya	tampak nya
tesisnya	tesis nya
hobi	hobi
menyadarinya	men sadar i nya
lilin	lilin
ketidaktaatan	ke tidak taat an
perawatan	pen rawat an
kehadiran	ke hadir an
menguraikan	men urai kan
taninya	tani nya
pesanan	pesan an
bumi	bumi
penegakan	pen tegak an
galangan	galang an
motif	motif
teknik	teknik
mandiri	mandiri
kotanya	kota nya
akses	akses
seluas	se luas
pertemanan	per teman an
pengalokasiannya	pen alokasi an nya
mengolah	men olah
mengingatnya	men ingat nya
berbobot	ber bobot
lampu	lampu
dikoordinasi	di koordinasi
lantainya	lantai nya
profesor	profesor
terciptanya	ter cipta nya
atletik	atletik
tinggal	tinggal
mengejar	men kejar
menganut	men anut
komersial	komersial
respons	respons
penunggakan	pen tunggak an
berstatus	ber status
muramku	muram ku
mendengarkan	men dengar kan
reputasinya	reputasi nya
rawan	rawan
asramanya	asrama nya
curahan	curah an
semaksimal	se maksimal
pemula	pen mula
peternakan	peternakan
pengintegrasian	pen integrasi an
kinerja	kinerja
penginjilannya	pen injil an nya
membelanjakan	men belanja kan
terima	terima
pengaudit	pen audit
memperlambat	men lambat
rombongan	rombong an
menerima	men terima
perang	perang
merosotnya	merosot nya
eksekutif	eksekutif
pendaftar	pen daftar
konteks	konteks
mendukakan	men duka kan
riset	riset
memiliki	men milik i
dicatat	di catat
ejekan	ejek an
membangun	men bangun
bentrokan	bentrok an
perkaretan	per karet an
bermigrasi	ber migrasi
dihantam	di hantam
ada	ada
dananya	dana nya
tengkorak	tengkorak
tumpangan	tumpang an
bertahun	ber tahun
privat	privat
york	york
menghapusnya	men hapus nya
mempengaruhi	men pengaruh i
kupelajari	ku pelajar i
bus	bus
manfaat	manfaat
menyeleksi	men seleksi
pinggiran	pinggir an
bidangnya	bidang nya
lebih	lebih
bukit	bukit
minatnya	minat nya
transisi	transisi
bensin	bensin
penurunan	pen turun an
lantai	lantai
bertekun	ber tekun
sepenuh	se penuh
emas	emas
menyusuri	men susur i
tonggak	tonggak
membusukkan	men busuk kan
terselenggaranya	ter selenggara nya
racun	racun
berkelimpahan	ber ke limpah an
penonton	pen tonton
mengimplementasikan	men implementasi kan
menunggang	men tunggang
merobohkan	men roboh kan
kafein	kafein
prasarananya	prasarana nya
induknya	induk nya
paham	paham
bloknya	blok nya
tertumpuk	ter tumpuk
pelarangan	pen larang an
bergejolak	ber gejolak
curah	curah
dinikahi	di nikah i
berbelok	ber belok
kejatuhan	ke jatuh an
gurunya	guru nya
anak	anak
perizinan	per izin an
ibadah	ibadah
rahim	rahim
balasannya	balas an nya
memenuhi	men penuh i
santun	santun
progresif	progresif
pengucuran	pen kucur an
kapas	kapas
interpretasi	interpretasi
merekomendasi	men rekomendasi
bandung	bandung
dibuatkan	di buat kan
lalai	lalai
kuadrat	kuadrat
minggunya	minggu nya
asin	asin
sejumlah	se jumlah
memaksakan	men paksa kan
diperparah	di per parah
terkesan	ter kesan
memakainya	men pakai nya
menyelaraskan	men selaras kan
citra	citra
luasnya	luas nya
belanda	belanda
mengusir	men usir
membuktikan	men bukti kan
merawatnya	men rawat nya
dipersentasekan	di persentase kan
terjawab	ter jawab
multinasional	multinasional
pencapaiannya	pen capai an nya
mutakhir	mutakhir
istimewa	istimewa
gubernur	gubernur
letusannya	letus an nya
digarap	di garap
meledakkan	men ledak kan
terbitan	terbit an
pembayarannya	pen bayar an nya
koleksi	koleksi
bruto	bruto
olahraga	olahraga
bercela	ber cela
tertata	ter tata
berkekurangan	ber ke kurang an
disingkat	di singkat
literatur	literatur
tiruan	tiru an
mempercayakan	men percaya kan
sediakan	sedia kan
memukuli	men pukul i
pesawatnya	pesawat nya
ditelan	di telan
penalaran	pen nalar an
pesawat	pesawat
leganya	lega nya
dilunasi	di lunas i
sekunder	sekunder
difoto	di foto
optimistis	optimistis
pengupahan	pen upah an
pesaing	pesaing
tambaknya	tambak nya
tersebut	ter sebut
penyegelan	pen segel an
memperingatkan	men ingat kan
jumat	jumat
terjemahan	terjemah an
usaha	usaha
situsnya	situs nya
bobroknya	bobrok nya
sengketa	sengketa
usang	usang
mengeram	men eram
informasinya	informasi nya
pemotongan	pen potong an
kental	kental
menenun	men tenun
senjatanya	senjata nya
ditunjuk	di tunjuk
akhir	akhir
leluasa	leluasa
menyepelekan	men sepele kan
mempublikasikan	men publikasi kan
banjir	banjir
menggelikan	men geli kan
ditemani	di teman i
usus	usus
pengecer	pen ecer
menginterpretasikan	men interpretasi kan
wasit	wasit
dialokasikan	di alokasi kan
mencuat	men cuat
mendistribusikannya	men distribusi kan nya
dinormalkan	di normal kan
dibenahi	di benah i
airnya	air nya
membelokkan	men belok kan
desember	desember
kebutuhanmu	ke butuh an mu
merata	men rata
mematikan	men mati kan
mengalokasikannya	men alokasi kan nya
mengakumulasi	men akumulasi
terkandung	ter kandung
terserang	ter serang
direndahkan	di rendah kan
dirindukan	di rindu kan
pengering	pen kering
penerimanya	pen terima nya
menyimpang	men simpang
mengemban	men emban
menjabarkan	men jabar kan
logonya	logo nya
sabda	sabda
waris	waris
bodoh	bodoh
intens	intens
lewat	lewat
didekati	di dekat i
rekan	rekan
tanganku	tangan ku
pendapatan	pen dapat an
pergeseran	per geser an
didedikasikan	di dedikasi kan
antikristus	anti kristus
inggris	inggris
persneling	persneling
sungkan	sungkan
kedudukan	ke duduk an
ibunya	ibu nya
personel	personel
setara	setara
laporkan	lapor kan
tobat	tobat
sedangkan	sedang kan
pasal	pasal
iklannya	iklan nya
darurat	darurat
mulanya	mula nya
handuk	handuk
umurku	umur ku
bajakan	bajak an
kerjasama	kerjasama
profil	profil
forensik	forensik
mengeluarkan	men keluar kan
potongan	potong an
modal	modal
meluluskan	men lulus kan
kita	kita
komersil	komersil
pertumbuhan	per tumbuh an
menyepakati	men sepakat i
menuturkan	men tutur kan
antarpemerintahan	antar pen perintah an
anda	anda
tingkatannya	tingkat an nya
siaga	siaga
pengambil	pen ambil
membesar	men besar
protein	protein
tutur	tutur
berkekuatan	ber ke kuat an
stasiun	stasiun
hambatan	hambat an
mataku	mata aku
perangkat	perangkat
meniadakan	men tiada kan
masalahnya	masalah nya
kabarnya	kabar nya
pendayagunaan	pen dayaguna an
direka	di reka
obat	obat
berkarya	ber karya
penderitaan	pen derita an
pernikahan	per nikah an
ludah	ludah
panci	panci
sasaran	sasar an
mengiring	men iring
menghadang	men hadang
angkat	angkat
bawang	bawang
perkataan	per kata an
babakan	babak an
mulianya	mulia nya
tergoda	ter goda
kedengarannya	ke dengar an nya
sepakbola	sepakbola
membebaskannya	men bebas kan nya
ketidakjelasan	ke tidak jelas an
pekerjaanku	pekerja an ku
meneg	meneg
observasi	observasi
akibat	akibat
ketidakterbukaan	ke tidak terbuka an
hubungan	hubung an
bendera	bendera
turunan	turun an
menggugahnya	men gugah nya
menghiasi	men hias i
sesignifikan	se signifikan
terpanggil	ter panggil
digadai	di gadai
perbukitan	per bukit an
menjala	men jala
merumuskannya	men rumus kan nya
natur	natur
bosnya	bos nya
larangan	larang an
substansi	substansi
diantar	di antar
mengimani	men iman i
idenya	ide nya
ketidaksabaran	ke tidak sabar an
tereliminasi	ter eliminasi
menggema	men gema
penyembah	pen sembah
menghindarinya	men hindar i nya
mengkritik	men kritik
bilik	bilik
wibawa	wibawa
jelasnya	jelas nya
jungkir	jungkir
serangga	serangga
berpotensial	ber potensial
jeruk	jeruk
warung	warung
diagendakan	di agenda kan
goyangkan	goyang kan
penagihan	pen tagih an
bulanan	bulan an
tindakannya	tindak an nya
liberal	liberal
strukturnya	struktur nya
memerangi	men perang i
hebatnya	hebat nya
melemah	men lemah
sebaliknya	sebaliknya
petinggi	petinggi
putranya	putra nya
pengajaran	pen ajar an
mengagungkan	men agung kan
heran	heran
saham	saham
terlupakan	ter lupa kan
perkenalan	per kenal an
ditendang	di tendang
nyanyiannya	nyanyi an nya
pemilihnya	pen pilih nya
divalidasi	di validasi
disalurkan	di salur kan
terbesar	ter besar
dirangkum	di rangkum
penggagas	pen gagas
konsistennya	konsisten nya
mendaur	men daur
kelihatannya	ke lihat an nya
raksasa	raksasa
stoknya	stok nya
diatasi	di atas i
menghormati	men hormat i
perorangan	per orang an
pipi	pipi
biskuit	biskuit
dinamakan	di nama kan
gemar	gemar
koordinator	koordinator
dagangannya	dagang an nya
kartunya	kartu nya
koordinasinya	koordinasi nya
pencabutan	pen cabut an
dibayar	di bayar
didasari	di dasar i
pemahamannya	pen paham an nya
menyusun	men susun
ketidaksetaraan	ke tidak setara an
berjumpa	ber jumpa
seikhlasnya	se ikhlas nya
gerai	gerai
kadarnya	kadar nya
penjelajah	pen jelajah
pas	pas
terimakasih	terimakasih
menegarkan	men tegar kan
menyita	men sita
dikunjungi	di kunjung i
pemberitaan	pen berita an
pemutusan	pen putus an
pengorbanan	pen korban an
merujuk	men rujuk
asumsi	asumsi
dipersepsikan	di persepsi kan
lulusan	lulus an
mengindahkan	men indah kan
khotbahnya	khotbah nya
tumbuhnya	tumbuh nya
bakso	bakso
maut	maut
antarprovinsi	antar provinsi
dihasilkan	di hasil kan
mengharuskan	men harus kan
mewakilkan	men wakil kan
perhatian	per hati an
pahlawan	pahlawan
dicakup	di cakup
mengawasinya	men awas i nya
dimenangkan	di menang kan
menyemangati	men semangat i
perlombaan	per lomba an
maksudkan	maksud kan
kaosnya	kaos nya
penundukan	pen tunduk an
rambutnya	rambut nya
merestui	men restu i
kira	kira
produknya	produk nya
berkurang	ber kurang
ketidakpuasan	ke tidak puas an
aparat	aparat
aktifitas	aktifitas
tersedot	ter sedot
konkrit	konkrit
mudahnya	mudah nya
ketidakseriusan	ke tidak serius an
relawan	rela wan
intensifnya	intensif nya
cetak	cetak
minuman	minum an
anggarannya	anggar an nya
tingkat	tingkat
menyesali	men sesal i
ekspresi	ekspresi
mengenai	men kena i
memikirkan	men pikir kan
terhindar	ter hindar
sinkronisasi	sinkronisasi
stempel	stempel
perduli	perduli
ambilkan	ambil kan
terangkum	ter rangkum
dirumahkan	di rumah kan
lkm	lkm
sintesis	sintesis
antusiasme	antusiasme
bersedia	ber sedia
melawan	men lawan
dipilihnya	di pilih nya
berselisih	ber selisih
diijinkan	di ijin kan
membangkitkan	men bangkit kan
batin	batin
ditekuninya	di tekun i nya
berdaya	ber daya
impiannya	impian nya
ubi	ubi
pendahuluan	pendahulu an
prediksi	prediksi
tuhan	tuhan
tertolong	ter tolong
distribusi	distribusi
lagunya	lagu nya
jadinya	jadi nya
pengentasan	pen entas an
kokpit	kokpit
memegangnya	men pegang nya
diverifikasi	di verifikasi
berakhirnya	ber akhir nya
hibah	hibah
menjerit	men jerit
pemuka	pen muka
menghubungi	men hubung i
laporan	lapor an
pelacakan	pen lacak an
kalender	kalender
mengulang	men ulang
mungilnya	mungil nya
penahan	pen tahan
terendah	ter rendah
konvoi	konvoi
distribusinya	distribusi nya
memproyeksikan	men proyeksi kan
akte	akte
menghilangnya	men hilang nya
dukungannya	dukung an nya
bernomor	ber nomor
aturannya	atur an nya
perisai	perisai
pengadministrasiannya	pen administrasi an nya
tersentuh	ter sentuh
penerapannya	pen terap an nya
tidurku	tidur ku
tindihnya	tindih nya
mendorongnya	men dorong nya
memantaunya	men pantau nya
program	program
triwulanan	triwulan an
tabrak	tabrak
bersepakat	ber sepakat
sekolahnya	sekolah nya
nontunai	nontunai
dijatuhi	di jatuh i
deposito	deposito
artistik	artistik
pelayannya	pen layan nya
dilihatnya	di lihat nya
dikompromikan	di kompromi kan
sari	sari
gabungan	gabung an
mendorong	men dorong
pengusulan	pen usul an
merawat	men rawat
absen	absen
dikatakannya	di kata kan nya
bima	bima
sirip	sirip
menyuap	men suap
aktif	aktif
menimpa	men timpa
menimpanya	men timpa nya
pembasmi	pen basmi
terdokumentasi	ter dokumentasi
pencoretan	pen coret an
menggesernya	men geser nya
pesaingnya	pesaing nya
menyambutku	men sambut ku
pangkuannya	pangku an nya
direnovasi	di renovasi
terdapatnya	ter dapat nya
sebutkan	sebut kan
basi	bas i
pemantauannya	pen pantau an nya
menangkal	men tangkal
antisipasi	antisipasi
membayangkan	men bayang kan
pengeboran	pengeboran
efektif	efektif
diwarnai	di warna i
terdiri	ter diri
disempurnakan	di sempurna kan
dengar	dengar
berinisiatif	ber inisiatif
dibacakan	di baca kan
berbisik	ber bisik
ulah	ulah
akibatnya	akibat nya
merealokasikan	men realokasi kan
diklasifikasikan	di klasifikasi kan
ditunda	di tunda
golongan	golong an
dipersiapkan	di per siap kan
bidannya	bidan nya
pertaniannya	per tani an nya
dipicu	di picu
bangkit	bangkit
pengestimasian	pen estimasi an
mengungkap	men ungkap
dinas	dinas
mendengarnya	men dengar nya
terseret	ter seret
tanggung	tanggung
dipegang	di pegang
penyempurnaan	pen sempurna an
bimbang	bimbang
cerdas	cerdas
silam	silam
pendalaman	pen dalam an
senjata	senjata
asosiasi	asosiasi
berkolaborasi	ber kolaborasi
tabah	tabah
dibaharui	di baharu i
kontes	kontes
ditegakkan	di tegak kan
sampan	sampan
terletak	ter letak
kepalanya	kepala nya
mengaksesnya	men akses nya
menegangkan	men tegang kan
mahalnya	mahal nya
masyarakat	masyarakat
disebabkan	di sebab kan
komputer	komputer
nyeri	nyeri
mengaktifkan	men aktif kan
islam	islam
seefisien	se efisien
dibariskan	di baris kan
pelayananku	pen layan an ku
tercipta	ter cipta
mengkompensasi	men kompensasi
perekonomiannya	per ekonomi an nya
disiarkan	di siar kan
getaran	getar an
keping	keping
mengorban	men korban
gerutu	gerutu
lukanya	luka nya
disibukkan	di sibuk kan
tertipu	ter tipu
simpatinya	simpati nya
dilantunkannya	di lantun kan nya
menilik	men tilik
artinya	arti nya
terukir	ter ukir
karun	karun
penjumlahan	pen jumlah an
pengetahuannya	pengetahuan nya
sunyi	sunyi
kebal	kebal
awan	awan
pertanyaannya	per tanya an nya
ukurannya	ukur an nya
praktek	praktek
menyatakannya	men nyata kan nya
klaim	klaim
antarkabupaten	antar kabupaten
tungku	tungku
sihir	sihir
memburuk	men buruk
lawannya	lawan nya
sebotol	se botol
top	top
menandai	men tanda i
berdedikasi	ber dedikasi
penangkapan	pen tangkap an
gigi	gigi
malam	malam
genggam	genggam
mendengarkannya	men dengar kan nya
jaminannya	jamin an nya
seindah	se indah
menyimpannya	men simpan nya
advokat	advokat
tebang	tebang
ketidakbahagiaan	ke tidak bahagia an
konvensional	konvensional
wakilnya	wakil nya
regional	regional
meluruskan	men lurus kan
monitornya	monitor nya
rencana	rencana
benar	benar
selamatkanku	selamat kan ku
tindakan	tindak an
memikulmu	men pikul mu
pemda	pemda
disingkapkan	di singkap kan
diterlantarkan	di terlantar kan
mata	mata
bijak	bijak
api	api
ragi	ragi
teduh	teduh
hinaan	hina an
nonaset	non aset
meter	meter
digenggam	di genggam
terbitnya	terbit nya
tersembunyi	ter sembunyi
integrasi	integrasi
sensasi	sensasi
meminati	men minat i
disahkannya	di sah kan nya
berterus	ber terus
pergunungan	per gunung an
berkompetisi	ber kompetisi
pemainnya	pen main nya
pedesaannya	pedesaan nya
intervensi	intervensi
ajar	ajar
penggantiannya	pen ganti an nya
pemulihan	pen pulih an
berwewenang	ber wewenang
menkeu	menkeu
menyuntikkan	men suntik kan
pengendali	pen kendali
bibirnya	bibir nya
sesak	sesak
mengintensifkan	men intensif kan
digital	digital
pemisah	pen pisah
menonjol	men tonjol
abaikan	abai kan
menggandakan	men ganda kan
serbuan	serbu an
menjahit	men jahit
timbangan	timbang an
memadainya	memadai nya
memajang	men pajang
mengangkat	men angkat
berdampaknya	ber dampak nya
memancing	men pancing
tuanku	tuan ku
persaingan	per saing an
ditujukan	di tuju kan
percobaan	per coba an
distributor	distributor
semesta	semesta
mencobai	men coba i
selasa	selasa
pejuang	pejuang
imajinasi	imajinasi
penafsir	pen tafsir
anemia	anemia
alfabet	alfabet
terkorup	ter korup
tas	tas
gaul	gaul
memerintahkan	men perintah kan
proyek	proyek
nonpertaniannya	non per tani an nya
lazim	lazim
dilupakan	di lupa kan
seksual	seksual
polos	polos
nonpungutan	non pungut an
dipenuhi	di penuh i
dibacanya	di baca nya
antartahun	antar tahun
merisaukan	men risau kan
bergantian	ber ganti an
bocor	bocor
ayahmu	ayah mu
temanku	teman ku
yakini	yakin i
wadah	wadah
militan	militan
ekonom	ekonom
voltase	voltase
motonya	moto nya
naturnya	natur nya
dadaku	dada aku
cangkul	cangkul
bunyinya	bunyi nya
peledak	pen ledak
bergurau	ber gurau
pengelolaan	pen kelola an
ditimbulkannya	di timbul kan nya
pengirimannya	pen kirim an nya
pertukangan	per tukang an
menggolongkan	men golong kan
pejabatnya	pejabat nya
pencakar	pen cakar
berkesan	ber kesan
apresiasinya	apresiasi nya
lebah	lebah
saudara	saudara
nonreguler	non reguler
awal	awal
budimu	budi mu
bodohnya	bodoh nya
direktur	direktur
rangkap	rangkap
selektif	selektif
zaman	zaman
pembantuan	pen bantu an
ditampar	di tampar
aneka	aneka
sayuran	sayur an
penandatanganan	pen tandatangan an
terakhir	ter akhir
diinvestasikan	di investasi kan
karet	karet
pencacah	pen cacah
tni	tn i
melangkah	men langkah
mengosongkan	men kosong kan
beraneka	ber aneka
agen	agen
menjangkiti	men jangkit i
deklarasi	deklarasi
allahnya	allah nya
cuacanya	cuaca nya
diperbolehkan	di per boleh kan
menyibukkan	men sibuk kan
menjalin	men jalin
teknologi	teknologi
dipukul	di pukul
diselamatkannya	di selamat kan nya
cairan	cair an
patuh	patuh
mengacu	men acu
menyelamatkannya	men selamat kan nya
chevy	chevy
sepak	sepak
mengakibatkan	men akibat kan
mengikutinya	men ikut i nya
diminimalkan	di minimal kan
bait	bait
ambivalen	ambivalen
pelataran	pen latar an
tetangganya	tetangga nya
akademis	akademis
pelaksanaannya	pen laksana an nya
gunanya	guna nya
alas	alas
kurungan	kurung an
pelantikannya	pen lantik an nya
bagian	bagi an
diakumulasikannya	di akumulasi kan nya
taburkan	tabur kan
mencermati	men cermat i
dileskan	di les kan
serumit	se rumit
organik	organik
pesertanya	peserta nya
menyantuni	men santun i
sebulir	se bulir
termin	ter min
monumennya	monumen nya
mengoleskan	men oles kan
matahari	matahari
bermakna	ber makna
diberlakukannya	di ber laku kan nya
kutukan	kutuk an
diperdamaikan	di per damai kan
antarnegara	antar negara
ilahi	ilahi
terbukti	ter bukti
paket	paket
memberontak	men berontak
sertifikat	sertifikat
pemekaran	pen mekar an
permukiman	per mukim an
menebarkan	men tebar kan
pinggir	pinggir
pemeringkatan	pen peringkat an
mungil	mungil
mertua	mertua
menghadapi	men hadap i
diperantarai	di perantara i
cengkeraman	cengkeram an
binaan	bina an
sekutu	sekutu
terkemuka	ter kemuka
pekerjaanmu	pekerja an mu
dirampok	di rampok
perantara	perantara
membelah	men belah
berseberangan	ber seberang an
menandaskan	men tandas kan
berhimpitan	ber himpit an
terhentinya	ter henti nya
pengembaliannya	pen kembali an nya
anugerahkan	anugerah kan
kehadirannya	ke hadir an nya
mengajarkannya	men ajar kan nya
mengeliminasi	men eliminasi
pengertiannya	pengertian nya
komedi	komedi
digembalakan	di gembala kan
searah	se arah
cukur	cukur
pengingat	pen ingat
mudanya	muda nya
koloni	koloni
dipegangnya	di pegang nya
perbedaan	per beda an
selisih	selisih
belanjakan	belanja kan
opsi	opsi
contoh	contoh
mencemari	men cemar i
mukjizat	mukjizat
datar	datar
memucat	men pucat
alumninya	alumni nya
masyarakatnya	masyarakat nya
bangun	bangun
mengoreksi	men koreksi
hiasan	hias an
otoritas	otoritas
mengenangnya	men kenang nya
dibangun	di bangun
kapital	kapital
basah	basah
sebijaksana	se bijaksana
terhenti	ter henti
mendetail	men detail
klorofil	klorofil
belakangku	belakang ku
dijembatani	di jembatan i
penarikan	pen tarik an
anjlok	anjlok
popoknya	popok nya
pinggang	pinggang
menyetorkan	men setor kan
menangkapnya	men tangkap nya
awet	awet
cercaan	cerca an
nonkayu	non kayu
tergenang	ter genang
sebangsaku	se bangsa aku
jatuhkan	jatuh kan
komite	komite
mencuri	men curi
seefektif	se efektif
seni	seni
junjunganku	junjung an ku
titipan	titip an
tempuh	tempuh
meratanya	men rata nya
penganggaran	pen anggar an
susukan	susu kan
diasumsikan	di asumsi kan
berkeluarga	ber keluarga
longsor	longsor
dialog	dialog
enumerasi	enumerasi
saksi	saksi
sekantung	se kantung
bapak	bapak
lorong	lorong
antarkomoditas	antar komoditas
diperlihatkan	di per lihat kan
kecilnya	kecil nya
inci	inci
tangisan	tangis an
pertengahan	per tengah an
bungkus	bungkus
legislasi	legislasi
menoleh	men toleh
menamainya	men nama i nya
kandangmu	kandang mu
sukarela	sukarela
sarangnya	sarang nya
dikaji	di kaji
pencairannya	pen cair an nya
murahnya	murah nya
mendalam	men dalam
pertanggungjawaban	per tanggungjawab an
seks	seks
tandai	tanda i
vaksin	vaksin
jadwalku	jadwal ku
mencerna	men cerna
karyanya	karya nya
konseptual	konseptual
berseru	ber seru
survey	survey
memimpin	men pimpin
mencoba	men coba
berbadan	ber badan
berdiskusi	ber diskusi
kadar	kadar
stok	stok
kombinasi	kombinasi
membinasakan	men binasa kan
suksesi	sukses i
berkendara	ber kendara
pembina	pen bina
sedahsyat	se dahsyat
warna	warna
komoditi	komoditi
infeksi	infeksi
kilo	kilo
dikoordinasikan	di koordinasi kan
makanan	makan an
pungut	pungut
menempatkannya	men tempat kan nya
mengintervensi	men intervensi
merayu	men rayu
mengadopsi	men adopsi
memangkas	men pangkas
proyeknya	proyek nya
difokuskan	di fokus kan
alunan	alun an
tambah	tambah
antrian	antri an
astronot	astronot
prospeknya	prospek nya
air	air
minyak	minyak
berada	ber ada
terselip	ter selip
membekaskan	men bekas kan
berpikiran	ber pikir an
ingini	ingin i
triwulan	triwulan
steril	steril
bangsawan	bangsa wan
telinga	telinga
menengok	men tengok
institusional	institusional
mengungkapkannya	men ungkap kan nya
berkerabat	ber kerabat
dicermati	di cermat i
memeliharaku	men pelihara aku
penjelas	pen jelas
tunangan	tunang an
memblok	men blok
menggiring	men giring
sengit	sengit
jiwanya	jiwa nya
memulangkan	men pulang kan
dibina	di bina
utamanya	utama nya
usahanya	usaha nya
sekayu	se kayu
pengrusakan	pen rusak an
menginginkanmu	men ingin kan mu
tersobek	ter sobek
prospek	prospek
bertumpu	ber tumpu
memformatnya	men format nya
sumberdayanya	sumberdaya nya
dikejar	di kejar
senin	senin
ratu	ratu
merayakannya	men raya kan nya
ketidaksuksesan	ke tidak sukses an
terbunuhnya	ter bunuh nya
reksa	reksa
wewenang	wewenang
gelandang	gelandang
inspektur	inspektur
menjadikan	men jadi kan
diserahkan	di serah kan
pemenuhan	pen penuh an
meredam	men redam
seleksi	seleksi
penenun	pen tenun
mendatanginya	men datang i nya
rajanya	raja nya
dingin	dingin
tepuk	tepuk
berhutang	ber hutang
peritel	pen ritel
petinju	pen tinju
cuci	cuci
mengkaji	men kaji
disahkan	di sah kan
diskusi	diskusi
lingkaran	lingkar an
dikepalai	di kepala i
isterinya	isteri nya
menyeringai	men seringai
penerimaan	pen terima an
bulunya	bulu nya
athena	athena
evakuasi	evakuasi
penjualannya	pen jual an nya
vakum	vakum
bakaran	bakar an
pertarungan	per tarung an
diujicobakan	di ujicoba kan
tayangan	tayang an
memberkati	men berkat i
mengendurkan	men kendur kan
digeluti	di gelut i
dinasehati	di nasehat i
ditanyakan	di tanya kan
sedihan	sedih an
memulihkan	men pulih kan
tumpang	tumpang
acak	acak
memainkan	men main kan
memperbolehkan	men boleh kan
kelompoknya	kelompok nya
tebalnya	tebal nya
refleksi	refleksi
mencapai	men capai
disinyalir	di sinyalir
dijualnya	di jual nya
selangit	se langit
bahagiaku	bahagia aku
mencakup	men cakup
terlindungi	ter lindung i
membanggakan	men bangga kan
menerobos	men terobos
label	label
stratanya	strata nya
rutinitas	rutinitas
ragu	ragu
selera	selera
metrik	metrik
dibagi	di bagi
andalkan	andal kan
buruannya	buru an nya
jauh	jauh
lintasan	lintas an
balasan	balas an
kumpulan	kumpul an
pergulatan	per gulat an
pegunungan	pegunungan
perenungan	pen renung an
parsial	parsial
meleleh	men leleh
zona	zona
terlintas	ter lintas
kedengaran	ke dengar an
semak	semak
cucunya	cucu nya
percepatan	per cepat an
nyatanya	nyata nya
mentalitas	mentalitas
miskin	miskin
kritikus	kritikus
album	album
jarang	jarang
kurangi	kurang i
penelitian	pen teliti an
terpenuhinya	men penuh i nya
membukakan	men buka kan
menceritakannya	men cerita kan nya
konsumsinya	konsumsi nya
mengambilnya	men ambil nya
menitipkan	men titip kan
merusak	men rusak
kabinet	kabinet
penopang	pen topang
penambang	pen tambang
smp	smp
pemikir	pen pikir
menetesnya	men tetes nya
misteri	misteri
berpribadi	ber pribadi
penyeleksian	pen seleksi an
menyalahkan	men salah kan
suntikan	suntik an
spontan	spontan
menjawabnya	men jawab nya
membingungkan	men bingung kan
parlemen	parlemen
privasinya	privasi nya
bercacat	ber cacat
brutonya	bruto nya
memasukannya	men pasukan nya
denpasar	denpasar
murka	murka
meluangkan	men luang kan
menggantungkan	men gantung kan
familinya	famili nya
periklanan	per iklan an
memungkinkannya	memungkinkan nya
kafir	kafir
mengukuhkan	men kukuh kan
mengabaikan	men abai kan
turis	turis
penyelundupan	pen selundup an
uluran	ulur an
berkeluh	ber keluh
dikenang	di kenang
klasiknya	klasik nya
lemahnya	lemah nya
satelit	satelit
diikuti	di ikut i
menanggung	men tanggung
mewawancarai	men wawancara i
cerah	cerah
pengunjuk	pen unjuk
diindikasikan	di indikasi kan
kebungkaman	ke bungkam an
surgawinya	surgawi nya
dekat	dekat
sup	sup
bakat	bakat
gugusan	gugus an
pencetakan	pen cetak an
berpendidikan	ber pen didik an
tumbuhan	tumbuh an
diwariskan	di waris kan
bercanda	ber canda
validasi	validasi
sertifikasi	sertifikasi
kriminal	kriminal
ringkas	ringkas
penutup	pen tutup
mendesak	men desak
pertunangan	per tunang an
mentransformasikan	men transformasi kan
mengukur	men ukur
perdanya	perda nya
disingkirkan	di singkir kan
dipercayakan	di percaya kan
didasarkan	di dasar kan
pencarian	pen cari an
diembankan	di emban kan
negarawan	negara wan
mengisahkan	men kisah kan
takuti	takut i
bertempat	ber tempat
mahabintangnya	mahabintang nya
putaran	putar an
bahan	bah an
favoritnya	favorit nya
penggelembungan	pen gelembung an
antarbidang	antar bidang
kokoh	kokoh
dialihkan	di alih kan
menaikan	men tai kan
pembangunannya	pen bangun an nya
jurusan	jurus an
semasa	se masa
memformulasikan	men formulasi kan
teladan	teladan
misalnya	misal nya
melimpahkan	men limpah kan
invasi	invasi
dikembalikan	di kembali kan
hindari	hindar i
keberadaan	keberadaan
terpolusi	ter polusi
wajah	wajah
lobi	lobi
pohon	pohon
kemukakan	kemuka kan
sedihnya	sedih nya
analisis	analisis
sepatunya	sepatu nya
dibiayai	di biaya i
pengalokasian	pen alokasi an
diteladankan	di teladan kan
terganggunya	ter ganggu nya
membaca	men baca
faktor	faktor
mengalirnya	men alir nya
undi	undi
jadwalnya	jadwal nya
rumusan	rumus an
mengkredit	men kredit
lambai	lambai
rekreasi	rekreasi
memaksa	men paksa
saudaranya	saudara nya
suruh	suruh
upacara	upacara
mengajarnya	men ajar nya
lemaknya	lemak nya
gejolak	gejolak
bunyi	bunyi
polusi	polusi
yupiter	yupiter
menaikkan	men naik kan
perhatianku	per hati an ku
etnis	etnis
murid	murid
ampas	ampas
berbahan	ber bah an
hubunganmu	hubung an mu
terpasang	ter pasang
dimotivasi	di motivasi
menyalin	men salin
pembahasan	pen bahas an
dipertanggungjawabkan	di per tanggungjawab kan
berlimpahnya	ber limpah nya
singkat	singkat
lahannya	lahan nya
sikap	sikap
ditanam	di tanam
ditempeli	di tempel i
penggunanya	pen guna nya
terorganisasi	ter organisasi
indahnya	indah nya
bertobat	ber tobat
perkara	perkara
lipatan	lipat an
menangis	men tangis
email	email
sesampainya	se sampai nya
tulisannya	tulis an nya
pangsa	pangsa
menginginkanku	men ingin kan ku
kontribusi	kontribusi
dewan	dewan
mandatnya	mandat nya
apatis	apatis
dilansir	di lansir
menyampaikan	men sampai kan
pahamnya	paham nya
kliennya	klien nya
kuotanya	kuota nya
struktural	struktural
mayoritas	mayoritas
pergi	pergi
pembedahan	pen bedah an
timbul	timbul
melekat	men lekat
pengeras	pen keras
premi	premi
firaun	firaun
menggelegar	men gelegar
membicarakannya	men bicara kan nya
berusaha	ber usaha
terbentang	ter bentang
terperinci	ter pen rinci
seharga	se harga
pembentuk	pen bentuk
benda	benda
fasilitasnya	fasilitas nya
bergirang	ber girang
dia	dia
terperhatikan	ter perhatikan
sengsara	sengsara
gejalanya	gejala nya
mengangsur	men angsur
gelombang	gelombang
menegakkannya	men tegak kan nya
perbuatanmu	per buat an mu
terjaga	ter jaga
panggang	panggang
hamil	hamil
menamakan	men nama kan
catatannya	catat an nya
menghantui	men hantu i
pertentangan	per tentang an
gua	gua
bendahara	bendahara
mengajak	men ajak
ditempatkan	di tempat kan
buang	buang
berfungsi	ber fungsi
reguler	reguler
perkawinannya	per kawin an nya
menghampiri	men hampiri
diperburuk	di per buruk
mengeluhkan	men keluh kan
nasabah	nasabah
mencuci	men cuci
hektar	hektar
logo	logo
petani	petani
dimusnahkan	di musnah kan
dinaikkan	di naik kan
munculnya	muncul nya
berlipat	ber lipat
seterusnya	se terus nya
hormat	hormat
perpustakaan	perpustakaan
menjauhkan	men jauh kan
perempuannya	perempuan nya
akibatkan	akibat kan
disisi	di sisi
dampak	dampak
agunan	agun an
sesaat	se saat
tampilkan	tampil kan
berlabuh	ber labuh
melindungi	men lindung i
buahnya	buah nya
pendelegasian	pen delegasi an
mengingatmu	men ingat mu
cadangannya	cadang an nya
mengunjungi	men kunjung i
menyiangi	men siang i
aparatnya	aparat nya
alat	alat
terperdaya	ter perdaya
perakitan	pen rakit an
singa	singa
skornya	skor nya
diupayakan	di upaya kan
memusyawarahkannya	men musyawarah kan nya
koper	koper
indah	indah
takarannya	takar an nya
enggannya	enggan nya
gawang	gawang
intimidasi	intimidasi
dosennya	dosen nya
dikukuhkan	di kukuh kan
tampungnya	tampung nya
teliti	teliti
dibayangkan	di bayang kan
pembiayaan	pen biaya an
pemeriksaan	pen periksa an
lingkungan	lingkung an
hilangnya	hilang nya
pengantar	pen antar
berkoordinasi	ber koordinasi
bikin	bikin
udara	udara
meteran	meter an
terjal	terjal
dimapankan	di mapan kan
angsurannya	angsur an nya
menggenggam	men genggam
mengurutkan	men urut kan
merenggut	men renggut
tantangannya	tantang an nya
mengimplementasi	men implementasi
antarwarga	antar warga
kesan	kesan
gigitan	gigit an
pancuran	pancur an
berkecukupan	ber ke cukup an
berkumandang	ber kumandang
lapak	lapak
bilang	bilang
penempelan	pen tempel an
matiku	mati ku
dagingku	daging ku
cap	cap
mencukupkan	men cukup kan
diampuni	di ampun i
pendapat	pen dapat
menggelora	men gelora
manis	manis
mengarahkan	men arah kan
diproses	di proses
diresmikan	di resmi kan
perdana	perdana
persoalan	per soal an
delegasi	delegasi
kubu	kubu
resepnya	resep nya
kaumnya	kaum nya
menanyai	men tanya i
generasi	generasi
diimunisasi	di imunisasi
sumur	sumur
jiwa	jiwa
makamnya	makam nya
mengkoordinasi	men koordinasi
rona	rona
bergelar	ber gelar
penambahan	pen tambah an
pendiam	pen diam
lautan	laut an
server	server
pendukungnya	pen dukung nya
menghancurkannya	men hancur kan nya
sebidang	se bidang
halal	halal
lisan	lisan
pekan	pekan
mengerti	mengerti
pengalih	pen alih
bersifat	ber sifat
domestik	domestik
kunjung	kunjung
ayahnya	ayah nya
bervariasinya	ber variasi nya
memuji	men puji
belakangmu	belakang mu
pameran	pamer an
pelelangan	pen lelang an
konser	konser
sekaleng	se kaleng
tekanan	tekan an
dimobilisasi	di mobilisasi
buah	buah
terkecil	ter kecil
mengingatkannya	men ingat kan nya
terbantahkan	ter bantah kan
diberlakukan	di ber laku kan
hamparan	hampar an
semenit	se menit
memilihnya	men pilih nya
mobilnya	mobil nya
konstituen	konstituen
bantu	bantu
memberitahunya	men beritahu nya
bangsanya	bangsa nya
urutan	urut an
bengkok	bengkok
diberitakan	di berita kan
memukul	men pukul
prancis	prancis
dimata	di mata
sampaikan	sampai kan
reporter	reporter
dicukur	di cukur
tradisional	tradisional
jenewa	jenewa
masai	masa i
melipatgandakan	men lipatganda kan
bangkrut	bangkrut
membawahi	men bawah i
pengulangan	pen ulang an
1950an	1950 an
sesamamu	se sama mu
menguasainya	men kuasa i nya
kriteria	kriteria
auditor	auditor
cabangnya	cabang nya
menghiraukan	men hirau kan
mejanya	meja nya
pertunjukannya	per tunjuk an nya
hasratnya	hasrat nya
penerus	pen terus
dikendalikan	di kendali kan
renovasinya	renovasi nya
akunting	akunting
pasien	pasien
berbenturan	ber bentur an
bibinya	bibi nya
dengarkan	dengar kan
terkhusus	ter khusus
berbaring	ber baring
memukau	men pukau
bercahaya	ber cahaya
marjinal	marjinal
berat	berat
tangannya	tangan nya
cangkang	cangkang
istilah	istilah
penggabungan	pen gabung an
dirintis	di rintis
tersendiri	ter sendiri
lengkapnya	lengkap nya
menyepakatinya	men sepakat i nya
dicontohkan	di contoh kan
diakibatkannya	di akibat kan nya
ditelepon	di telepon
lampiran	lampir an
kesempatan	kesempatan
terlewatnya	ter lewat nya
daftarkan	daftar kan
kompetensi	kompetensi
ayub	ayub
rasional	rasional
subjektivitasnya	subjektivitas nya
sorot	sorot
oposisi	oposisi
gejala	gejala
menjulang	men julang
menemani	men teman i
sama	sama
kisahnya	kisah nya
kulkas	kulkas
kurun	kurun
menengah	men tengah
tuntas	tuntas
memantau	men pantau
penindasan	pen tindas an
jangkauannya	jangkau an nya
fasilitator	fasilitator
senior	senior
pabrikan	pabrik an
melangkahkan	men langkah kan
menyingkirkan	men singkir kan
menyedihkan	men sedih kan
telaknya	telak nya
disepakati	di sepakat i
pinjam	pinjam
dipenjarakan	di penjara kan
berlangganan	ber langgan an
gantungan	gantung an
selandia	selandia
pangan	pangan
bell	bell
fluktuasi	fluktuasi
tercermin	ter cermin
deskripsi	deskripsi
bersengketa	ber sengketa
dek	dek
televisi	televisi
meletakkannya	men letak kan nya
akuntabilitas	akuntabilitas
sekelompok	se kelompok
penyejuk	pen sejuk
melantik	men lantik
diusik	di usik
israel	israel
sesali	sesal i
isterimu	isteri mu
didaur	di daur
aduk	aduk
menurunkan	men turun kan
penderita	pen derita
tubuh	tubuh
memadai	memadai
riang	riang
menekan	men tekan
menjauh	men jauh
tanggungjawab	tanggungjawab
pemanfaatnya	pen manfaat nya
pertambahan	per tambah an
jemaatnya	jemaat nya
menyajikan	men saji kan
menyiram	men siram
membencinya	men benci nya
dipinjami	di pinjam i
pekerjanya	pekerja nya
tetapnya	tetap nya
perawatannya	pen rawat an nya
didik	didik
dipikirkan	di pikir kan
diagram	diagram
tercium	ter cium
dasarnya	dasar nya
dianugerahkan	di anugerah kan
perluasan	per luas an
ekor	ekor
mendiskusikan	men diskusi kan
lidahnya	lidah nya
melaluinya	men lalu i nya
dimaksud	di maksud
sumbangan	sumbang an
iuran	iuran
teralihkan	ter alih kan
terbaring	ter baring
dikoreksi	di koreksi
editorialnya	editorial nya
berawal	ber awal
pemilu	pemilu
teologiku	teologi ku
pendirian	pen diri an
bawakan	bawa kan
pembaruannya	pen baru an nya
mencari	men cari
elemen	elemen
arus	arus
menggugah	men gugah
menduplikasi	men duplikasi
terekspresikan	ter ekspresi kan
kalimat	kalimat
berunding	ber runding
berobatnya	ber obat nya
letaknya	letak nya
dilaluinya	di lalu i nya
bersinggungan	ber singgung an
tersegmentasi	ter segmentasi
mencabuti	men cabut i
biografi	biografi
tembakan	tembak an
karung	karung
tertahan	ter tahan
pencanangan	pen canang an
beragam	ber ragam
panglima	panglima
kayuh	kayuh
pembaruan	pen baru an
listriknya	listrik nya
mengendarainya	men kendara i nya
dibuka	di buka
teritorial	teritorial
belah	belah
iseng	iseng
dicerna	di cerna
milik	milik
tim	tim
lekat	lekat
perceraiannya	per cerai an nya
dicanangkan	di canang kan
jenisnya	jenis nya
for	for
membekas	men bekas
rancu	rancu
menuliskan	men tulis kan
maraknya	marak nya
hal	hal
bom	bom
berfluktuasi	ber fluktuasi
manuver	manuver
proteinnya	protein nya
daratan	darat an
penanggung	pen tanggung
memperbaiki	men baik i
ruu	ruu
bertahan	ber tahan
perlintasan	per lintas an
uraian	urai an
penitipan	pen titip an
janji	janji
usul	usul
protokol	protokol
kaum	kaum
fotonya	foto nya
antarvariabel	antar variabel
celana	celana
ditiadakan	di tiada kan
terjaganya	ter jaga nya
terawat	ter rawat
pertolongannya	per tolong an nya
sampahnya	sampah nya
lupa	lupa
pendengarnya	pen dengar nya
bakteri	bakteri
rasio	rasio
bau	bau
berhenti	ber henti
keinginan	ke ingin an
akumulasi	akumulasi
diganti	di ganti
mengembara	men kembara
dikoleksi	di koleksi
memberlakukan	men ber laku kan
daratnya	darat nya
teladannya	teladan nya
diangsur	di angsur
memperlancar	men lancar
mengalokasikan	men alokasi kan
mengajaknya	men ajak nya
menulis	men tulis
perburuhan	per buruh an
diberikan	di beri kan
lingkup	lingkup
terpaksa	ter paksa
lembu	lembu
minimnya	minim nya
arti	arti
sore	sore
pentingnya	penting nya
laporannya	lapor an nya
membuatmu	men buat mu
jemu	jemu
tipe	tipe
niatan	niat an
bakatnya	bakat nya
berambisi	ber ambisi
dataran	datar an
sesamanya	se sama nya
membusuk	men busuk
dilaporkan	di lapor kan
disana	di sana
pencapaian	pen capai an
kapten	kapten
game	game
dipenjara	di penjara
alternatif	alternatif
akbar	akbar
hektare	hektare
memayungi	men payung i
karakteristik	karakteristik
aus	aus
berkebangsaan	ber ke bangsa an
waktunya	waktu nya
pintu	pintu
pembelian	pen beli an
membebani	men beban i
dititipkan	di titip kan
membimbingnya	men bimbing nya
adikku	adik ku
merakit	men rakit
seraya	se raya
mendua	men dua
prasangka	prasangka
wisma	wisma
tujukan	tuju kan
diikutsertakan	di ikutserta kan
administratif	administratif
mendokumentasi	men dokumentasi
dilucuti	di lucut i
mekanismenya	mekanisme nya
perolehan	peroleh an
mengelolanya	men kelola nya
menentukan	men tentu kan
stiker	stiker
baku	baku
resep	resep
mengisolasi	men isolasi
pujian	puji an
penganiaya	pen aniaya
pemusik	pen musik
administratifnya	administratif nya
psikologis	psikologis
pemutar	pen putar
sangkut	sangkut
memasukkannya	men masuk kan nya
dipanggil	di panggil
ngeri	ngeri
utara	utara
membidik	men bidik
ditanggapi	di tanggap i
dieksekusi	di eksekusi
kupercaya	ku percaya
timur	timur
pengumumannya	pen umum an nya
dijahit	di jahit
memperparah	men parah
dinyanyikan	di nyanyi kan
paparan	papar an
kelahiran	ke lahir an
andal	andal
juni	juni
menyamar	men samar
dikeluarkan	di keluar kan
perhitungan	per hitung an
relasi	relasi
tahan	tahan
terbakar	ter bakar
keterampilannya	keterampilan nya
emosi	emosi
repotnya	repot nya
mendiami	men diam i
tempuran	tempur an
gerejanya	gereja nya
pertalian	per tali an
mentari	mentari
perekat	pen rekat
badai	badai
rindukan	rindu kan
mengelompokkannya	men kelompok kan nya
percontohan	per contoh an
seusai	se usai
melangkahi	men langkah i
perjamuan	per jamu an
ketidakpatuhan	ke tidak patuh an
muluk	muluk
berjarak	ber jarak
penggagasnya	pen gagas nya
investigasinya	investigasi nya
mengupayakan	men upaya kan
lereng	lereng
sampannya	sampan nya
memonopoli	men monopoli
menyangka	men sangka
tugasnya	tugas nya
membayarnya	men bayar nya
anonim	anonim
arab	arab
mencurangi	men curang i
antarjenjang	antar jenjang
diusahakannya	di usaha kan nya
memetakan	men peta kan
ditandai	di tanda i
didapat	di dapat
merapikan	men rapi kan
terlayani	ter layan i
pencinta	pen cinta
baki	bak i
pendekatan	pen dekat an
pemberontak	pen berontak
sehebat	se hebat
mengklaim	men klaim
buktinya	bukti nya
persepsi	persepsi
sampul	sampul
akrab	akrab
putuskan	putus kan
tewasnya	tewas nya
perusahaannya	per usaha an nya
medan	medan
pegawai	pegawai
penghambat	pen hambat
mengantri	men antri
luapan	luap an
dijual	di jual
digenapi	di genap i
terbentur	ter bentur
jawabku	jawab ku
pengimplementasian	pen implementasi an
bahagia	bahagia
diimplementasikan	di implementasi kan
penampilan	pen tampil an
memungkinkan	memungkinkan
alamiah	alamiah
disalahgunakan	di salahguna kan
istrinya	istri nya
berpindah	ber pindah
perunggu	perunggu
terpelajar	ter pelajar
aparatur	aparatur
dikunjunginya	di kunjung i nya
disetujui	di setuju i
terkena	ter kena
mendamaikan	men damai kan
hutan	hutan
penanaman	pen tanam an
pendahulunya	pendahulu nya
gembira	gembira
ditayangkan	di tayang kan
diekspor	di ekspor
bercukur	ber cukur
satuan	satu an
mengirim	men kirim
menyapanya	men sapa nya
berpegang	ber pegang
sempitnya	sempit nya
ceritanya	cerita nya
berlomba	ber lomba
jakarta	jakarta
melegakan	men lega kan
rekapitulasinya	rekapitulasi nya
diklasifikasi	di klasifikasi
betul	betul
duniawi	duniawi
tokoh	tokoh
penyiarnya	pen siar nya
jubah	jubah
stakeholder	stakeholder
tikus	tikus
mengairi	men air i
berjanji	ber janji
survei	survei
tuntutannya	tuntut an nya
belalai	belalai
dilelang	di lelang
supir	supir
kondisinya	kondisi nya
menciptakan	men cipta kan
rendah	rendah
berperan	ber peran
diadakan	di ada kan
mikro	mikro
diselidiki	di selidik i
penyisihan	pen sisih an
pelayarannya	pen layar an nya
berpihak	ber pihak
diperhadapkan	di per hadap kan
berbuntut	ber buntut
kerumunan	kerumun an
sebenarnya	se benar nya
visinya	visi nya
ditinggal	di tinggal
bibit	bibit
gigih	gigih
penerjemah	pen terjemah
membunuh	men bunuh
menyusahkan	men susah kan
elektronik	elektronik
putraku	putra aku
gulungan	gulung an
menuntunnya	men tuntun nya
diandalkan	di andal kan
dicarinya	di cari nya
tergusur	ter gusur
bawa	bawa
hidrogen	hidrogen
godaan	goda an
penyiar	pen siar
menganiaya	men aniaya
direnovasinya	di renovasi nya
membohongi	men bohong i
kas	kas
cerminan	cermin an
direktorat	direktorat
menyegarkan	men segar kan
menikahinya	men nikah i nya
mengudara	men udara
agustus	agustus
gajian	gaji an
bertugas	ber tugas
ular	ular
diajar	di ajar
memerankan	men peran kan
membungkuk	men bungkuk
menguatkan	men kuat kan
stres	stres
ditukar	di tukar
petunjuknya	petunjuk nya
membengkak	men bengkak
manusianya	manusia nya
palang	palang
jumlah	jumlah
ceroboh	ceroboh
tragedi	tragedi
tabel	tabel
injil	injil
tertinggi	ter tinggi
peninggalan	pen tinggal an
tersita	ter sita
diketahuinya	di ketahui nya
pungutan	pungut an
irigasi	irigasi
iman	iman
membahasnya	men bahas nya
tajamnya	tajam nya
ibukota	ibukota
disebut	di sebut
sahut	sahut
mengesampingkan	men kesamping kan
partikel	partikel
kostum	kostum
melayani	men layan i
setahap	se tahap
sertifikatnya	sertifikat nya
menggantikannya	men ganti kan nya
pasokan	pasok an
menyamai	men sama i
jambu	jambu
tersadar	ter sadar
bertukar	ber tukar
makanannya	makan an nya
punggung	punggung
mencela	men cela
penggoda	pen goda
lelaki	lelaki
kemarau	kemarau
pencerahan	pen cerah an
dipahaminya	di paham i nya
terasing	ter asing
berproduksi	ber produksi
menggiatkan	men giat kan
rokok	rokok
cadang	cadang
kurs	kurs
terenggut	ter renggut
mempublikasikannya	men publikasi kan nya
merendahkan	men rendah kan
menggemakan	men gema kan
partisipasinya	partisipasi nya
perseroan	perseroan
instalasi	instalasi
kemasan	kemas an
telaah	telaah
menayangkan	men tayang kan
target	target
diketahui	di ketahui
surabaya	surabaya
mengagumkan	men kagum kan
dijajakan	di jaja kan
persentasenya	persentase nya
moskow	moskow
lapang	lapang
syiah	syiah
gubernurnya	gubernur nya
terbaru	ter baru
punggungnya	punggung nya
terbuat	ter buat
pulsa	pulsa
perekonomian	per ekonomi an
peredam	pen redam
menyuruh	men suruh
berlutut	ber lutut
validitas	validitas
dipermuliakan	di per mulia kan
penebus	pen tebus
alarm	alarm
kakak	kakak
serigala	serigala
memperkecil	men kecil
fragmen	fragmen
penghiburan	pen hibur an
pinjamannya	pinjam an nya
balok	balok
tersihir	ter sihir
berlahan	ber lahan
mengikat	men ikat
dihidangkan	di hidang kan
produksinya	produksi nya
terendam	ter rendam
mahabintang	mahabintang
mempersoalkan	men soal kan
terkaya	ter kaya
riilnya	riil nya
ingatannya	ingat an nya
terpuruk	ter puruk
diselenggarakan	di selenggara kan
menggoncangkan	men goncang kan
buta	buta
reformasi	reformasi
studinya	studi nya
skandal	skandal
membalikkan	men balik kan
bawahmu	bawah mu
mencicil	men cicil
peralihan	per alih an
pertimbangannya	per timbang an nya
dokumennya	dokumen nya
belanja	belanja
berpotensi	ber potensi
direncanakan	di rencana kan
analisisnya	analisis nya
identitas	identitas
potensial	potensial
dicirikan	di ciri kan
ekspor	ekspor
bab	bab
jahit	jahit
wasiat	wasiat
coraknya	corak nya
eksportir	eksportir
upayanya	upaya nya
payahmu	payah mu
bersalin	ber salin
memanjatkan	men panjat kan
dijumpainya	di jumpa i nya
bak	bak
masukan	masuk an
bertempur	ber tempur
kirim	kirim
mencacah	men cacah
komunis	komunis
berjasa	ber jasa
sekadar	se kadar
karunnya	karun nya
perdananya	perdana nya
mangsanya	mangsa nya
khotbah	khotbah
pilih	pilih
cahaya	cahaya
distorsi	distorsi
terbelit	ter belit
segan	segan
tatapannya	tatap an nya
gitar	gitar
diperbaharui	di per baharu i
dicocokkan	di cocok kan
seabad	se abad
baju	baju
tersambar	ter sambar
berkeliling	ber keliling
kelasnya	kelas nya
kabel	kabel
wajahnya	wajah nya
berteguh	ber teguh
terwujudnya	ter wujud nya
perhiasan	per hias an
berwujud	ber wujud
disimpulkan	di simpul kan
soal	soal
laparnya	lapar nya
mencerahkan	men cerah kan
bertakhta	ber takhta
luas	luas
berdampak	ber dampak
antarkeyakinan	antar ke yakin an
pernafasan	per nafas an
sisiku	sisi ku
bermuatan	ber muat an
prosedurnya	prosedur nya
dilupakannya	di lupa kan nya
pengukuran	pen ukur an
terparah	ter parah
pembimbingan	pen bimbing an
mengadili	men adil i
penting	penting
tema	tema
dipandu	di pandu
peletakan	pen letak an
menegur	men tegur
dipamerkan	di pamer kan
waktu	waktu
kemarin	kemarin
terlarang	ter larang
usulannya	usul an nya
terjangan	terjang an
penyelidikan	pen selidik an
penugasan	pen tugas an
hungaria	hungaria
penyusunan	pen susun an
darahnya	darah nya
umur	umur
bidan	bidan
dipersalahkan	di per salah kan
penahanan	pen tahan an
menduga	men duga
juri	juri
pembatasan	pen batas an
paduan	padu an
pembentukan	pen bentuk an
rekapitulasi	rekapitulasi
organisasi	organisasi
liar	liar
memilihkan	men pilih kan
diperhitungkan	di per hitung kan
penyuluhan	pen suluh an
dijunjung	di junjung
tersisihkan	ter sisih kan
terpalang	ter palang
jalanya	jala nya
lusinan	lusin an
berkorelasi	ber korelasi
gunting	gunting
penundaan	pen tunda an
purba	purba
bersamaan	ber sama an
surutnya	surut nya
sepatu	sepatu
ilegal	ilegal
dijaminkan	di jamin kan
disamping	di samping
nada	nada
merespons	men respons
ekstra	ekstra
keberadaannya	keberadaan nya
ditunjukan	di tunjuk an
kode	kode
sekeras	se keras
balas	balas
dirobek	di robek
pikiranmu	pikir an mu
pasifik	pasifik
menangkis	men tangkis
konsultan	konsultan
tanggapan	tanggap an
terompet	terompet
fisiknya	fisik nya
pertanian	per tani an
butir	butir
keheranan	ke heran an
pembedaan	pen beda an
sintetis	sintetis
berbahagia	ber bahagia
diwarisi	di waris i
tren	tren
persetujuan	per setuju an
melemparkannya	men lempar kan nya
moneter	moneter
tercetak	ter cetak
kapalnya	kapal nya
jual	jual
urut	urut
salad	salad
menyambut	men sambut
bersandarkan	ber sandar kan
pengajarnya	pen ajar nya
sebagus	se bagus
defensif	defensif
dibutakan	di buta kan
menghamparkan	men hampar kan
masjid	masjid
padang	padang
bermata	ber mata
berniat	ber niat
diberitahukan	di beritahu kan
diuntungkan	di untung kan
rumitnya	rumit nya
pendapatannya	pen dapat an nya
menyalurkannya	men salur kan nya
ucapannya	ucap an nya
narkotika	narkotika
disurvei	di survei
menginjakkan	men injak kan
menganggarkan	men anggar kan
kaleng	kaleng
pendisiplinan	pen disiplin an
dinyatakan	di nyata kan
renangnya	renang nya
warnanya	warna nya
panduan	pandu an
dikonsolidasi	di konsolidasi
hubungannya	hubung an nya
disalibkan	di salib kan
internet	internet
dipisahkan	di pisah kan
dipanen	di panen
pelintasan	pen lintas an
menganjurkan	men anjur kan
kiri	kiri
jumlahnya	jumlah nya
bersentuhan	ber sentuh an
pembukuannya	pen buku an nya
elit	elit
supervisi	supervisi
pelunak	pen lunak
dikalahkan	di kalah kan
mencolok	men colok
lembah	lembah
batinnya	batin nya
menyimak	men simak
tempati	tempat i
ratapan	ratap an
gawat	gawat
disadari	di sadar i
oknum	oknum
anugerah	anugerah
mencipratkan	men ciprat kan
berkebalikan	ber ke balik an
alokasinya	alokasi nya
karyawannya	karya wan nya
judi	judi
meredakan	men reda kan
perwira	perwira
teknisnya	teknis nya
acuan	acu an
handal	handal
menangani	men tangan i
jaksa	jaksa
atap	atap
mempersingkat	men singkat
nonrumah	non rumah
dibawa	di bawa
diawasi	di awas i
penguasaan	pen kuasa an
dinasnya	dinas nya
hibur	hibur
menjadikannya	men jadi kan nya
menyiarkan	men siar kan
menugaskan	men tugas kan
diperbuatnya	di per buat nya
mengenalkan	men kenal kan
tuju	tuju
terkendala	ter kendala
terkutuk	ter kutuk
kampung	kampung
berpacu	ber pacu
kamp	kamp
penganut	pen anut
prosesnya	proses nya
temanmu	teman mu
tampilan	tampil an
ditelaah	di telaah
bertambah	ber tambah
bantuannya	bantu an nya
mengingatkan	men ingat kan
melarat	melarat
angkutan	angkut an
diperlebar	di per lebar
komponennya	komponen nya
sabaran	sabar an
diinterogasi	di interogasi
reputasi	reputasi
terjangkit	ter jangkit
dijahitkan	di jahit kan
memberatkan	men berat kan
didikan	didik an
takluk	takluk
penerbangan	pen terbang an
mahasiswa	mahasiswa
panjang	panjang
baik	baik
bertani	ber tani
debitur	debitur
pria	pria
tertekan	ter tekan
kehendakku	kehendak ku
pembeliannya	pen beli an nya
abdikan	abdi kan
imanmu	iman mu
diliputi	di liput i
tekun	tekun
segar	segar
susunan	susun an
beragamnya	ber ragam nya
dicetak	di cetak
mengenyahkan	men enyah kan
pemilihannya	pen pilih an nya
independensinya	independensi nya
jaman	jam an
terkejut	ter kejut
pelebaran	pen lebar an
mengikutkan	men ikut kan
semapan	se mapan
pengasinan	pen asin an
hangus	hangus
burung	burung
berkomitmen	ber komitmen
pendeta	pendeta
didanai	di dana i
pertaruhan	per taruh an
perintah	perintah
memungut	men pungut
salah	salah
berkompromi	ber kompromi
bersekolah	ber sekolah
ditekel	di tekel
musuhnya	musuh nya
jarangnya	jarang nya
mengamanatkan	men amanat kan
selisihnya	selisih nya
dipelajari	di pelajar i
berakibat	ber akibat
memperkenankan	men kenan kan
mengaplikasikan	men aplikasi kan
kandangnya	kandang nya
audit	audit
terselubung	ter selubung
mengakhirinya	men akhir i nya
opini	opini
merenovasi	men renovasi
negatif	negatif
hadirnya	hadir nya
diperkirakan	di per kira kan
didirikan	di diri kan
dibaca	di baca
mangsa	mangsa
roboh	roboh
statusnya	status nya
sembuh	sembuh
sejawatnya	se jawat nya
pertolongan	per tolong an
tarif	tarif
medis	medis
menabrak	men tabrak
guntingan	gunting an
diharapkan	di harap kan
obatnya	obat nya
benak	benak
mulia	mulia
ketidaksuburan	ke tidak subur an
implementasinya	implementasi nya
antikomunis	anti komunis
berkesusahan	ber ke susah an
prestise	prestise
dikenali	di kenal i
hewan	hewan
telak	telak
curiga	curiga
terkurung	ter kurung
semampu	se mampu
ketidaktersediaan	ke tidak tersedia an
diurutkan	di urut kan
calon	calon
teragung	ter agung
dekan	dek an
nonpersonel	non personel
pengelompokan	pen kelompok an
diwakili	di wakil i
sektarian	sektarian
pemecatan	pen pecat an
dipadati	di padat i
mengutusnya	men utus nya
diterjemahkan	di terjemah kan
diselaraskan	di selaras kan
istri	istri
ditegur	di tegur
teratur	ter atur
proyeksi	proyeksi
sekretaris	sekretaris
antarindustri	antar industri
menyebabkannya	men sebab kan nya
kabarkan	kabar kan
didukung	di dukung
diulangi	di ulang i
dolar	dolar
rahmat	rahmat
lompatan	lompat an
sukarnya	sukar nya
kamboja	kamboja
bapanya	bapa nya
astronom	astronom
bola	bola
parit	parit
berpasir	ber pasir
pembesar	pen besar
timah	timah
mengobati	men obat i
dalih	dalih
pigmen	pigmen
bernyanyi	ber nyanyi
mengalokasi	men alokasi
hapuskan	hapus kan
berkeberatan	ber ke berat an
sanggup	sanggup
perimbangan	per imbang an
terapkan	terap kan
merahasiakan	men rahasia kan
pelanggarannya	pen langgar an nya
hakekatnya	hakekat nya
peluncuran	pen luncur an
mendukung	men dukung
menggabungkan	men gabung kan
senilai	se nilai
rudal	rudal
kantor	kantor
berkulit	ber kulit
tesnya	tes nya
berjuang	ber juang
uang	uang
menerbitkan	men terbit kan
bertumbuhnya	ber tumbuh nya
dicurangi	di curang i
didiknya	didik nya
karyawan	karya wan
memperingati	men ingat i
giliran	gilir an
restrukturisasi	restrukturisasi
penyesalan	pen sesal an
dicuci	di cuci
memperbaikinya	men baik i nya
bapaknya	bapak nya
mengacaukan	men kacau kan
analogi	analog i
simpan	simpan
jemput	jemput
kurikulum	kurikulum
tampil	tampil
antarpemerintah	antar pen perintah
meresponnya	men respon nya
berlumpur	ber lumpur
investor	investor
menggulirkan	men gulir kan
lanjuti	lanjut i
selang	selang
bersiap	ber siap
diproduksi	di produksi
perbendaharaannya	per bendahara an nya
sejauh	se jauh
hancurnya	hancur nya
direformasi	di reformasi
terdahulu	terdahulu
ditinjau	di tinjau
rambut	rambut
berputar	ber putar
rentan	rentan
penggantian	pen ganti an
dibiasakan	di biasa kan
kukenal	ku kenal
bersamaku	ber sama aku
mingguan	minggu an
dipandang	di pandang
melanggar	men langgar
pilihan	pilih an
sesama	se sama
vulkanik	vulkanik
gelang	gelang
tamu	tamu
menikahkan	men nikah kan
harinya	hari nya
menggandakannya	men ganda kan nya
leher	leher
menggendong	men gendong
melawannya	men lawan nya
stadion	stadion
ketidaksiapan	ke tidak siap an
mentransfer	men transfer
berwenang	ber wenang
inisial	inisial
langkanya	langka nya
sawah	sawah
sokongan	sokong an
pers	pers
membelanjakannya	men belanja kan nya
taat	taat
ditempuhnya	di tempuh nya
lawan	lawan
komentarnya	komentar nya
diprotes	di protes
memperlihatkan	men lihat kan
menakutkan	men takut kan
mengajarkan	men ajar kan
angsuran	angsur an
adidaya	adidaya
saraf	saraf
emosional	emosional
kemungkinannya	kemungkinan nya
lokasi	lokasi
penyembuhan	pen sembuh an
dibayarkan	di bayar kan
dikuatkan	di kuat kan
kuatir	kuatir
menjamu	men jamu
ikutan	ikut an
rusak	rusak
disuapi	di suap i
berbau	ber bau
bekerja	bekerja
rambutan	rambut an
memandu	men pandu
mengoleksi	men koleksi
memacu	men pacu
kompromi	kompromi
dijabat	di jabat
ungkapan	ungkap an
mempunyai	men punya i
lantunan	lantun an
persiapannya	per siap an nya
mengetuai	men ketua i
diberatkan	di berat kan
dilingkupi	di lingkup i
wirausaha	wirausaha
biasa	biasa
berawalan	ber awal an
budaya	budaya
pedoman	pedoman
berbasis	ber basis
tatapan	tatap an
wujud	wujud
enak	enak
persediaan	per sedia an
diterbangkan	di terbang kan
dijemput	di jemput
toko	toko
rumah	rumah
keriput	keriput
terbelah	ter belah
tajam	tajam
memindahkan	men pindah kan
bernada	ber nada
waspada	waspada
tergolong	ter golong
hasilnya	hasil nya
pencukur	pen cukur
tongkat	tongkat
peminatnya	pen minat nya
penyiapan	pen siap an
karib	karib
gelora	gelora
adu	adu
dilengkapi	di lengkap i
menggoyang	men goyang
tontonan	tonton an
penyadaran	pen sadar an
timbang	timbang
gosip	gosip
asistennya	asisten nya
memancar	men pancar
disapa	di sapa
tanggungan	tanggung an
menggelar	men gelar
desanya	desa nya
diburu	di buru
bayangkan	bayang kan
penyimpanan	pen simpan an
industri	industri
disangga	di sangga
meringankan	men ringan kan
menyanyi	men nyanyi
tebal	tebal
berpakaian	ber pakai an
kuku	kuku
penganyam	pen anyam
bergulat	ber gulat
putra	putra
diverifikasinya	di verifikasi nya
nun	nun
minta	minta
merekonstruksi	men rekonstruksi
mustahil	mustahil
kurasa	ku rasa
jawabannya	jawab an nya
menteri	menteri
bersandar	ber sandar
pengeluaran	pen keluar an
lipat	lipat
aneh	aneh
manja	manja
mengangkut	men angkut
papan	papan
terbilang	ter bilang
terkuras	ter kuras
pencair	pen cair
berlibur	ber libur
memasukkan	men masuk kan
dikerjasamakan	di kerjasama kan
melobi	men lobi
tempatmu	tempat mu
terpisah	ter pisah
terhambat	ter hambat
menganggap	men anggap
pengangkut	pen angkut
rambutmu	rambut mu
memeliharamu	men pelihara mu
jantung	jantung
peluru	peluru
tuna	tuna
diraihnya	di raih nya
antarkota	antar kota
seiman	se iman
patung	patung
basis	basis
irigasinya	irigasi nya
ucapkan	ucap kan
sekeliling	se keliling
pesanannya	pesan an nya
perjuangan	per juang an
keinginanmu	ke ingin an mu
penabung	pen tabung
ujar	ujar
merebak	men rebak
menganggapnya	men anggap nya
atom	atom
pertengkaran	per tengkar an
berjajar	ber jajar
mini	min i
menganugerahkan	men anugerah kan
terbunuh	ter bunuh
zaitun	zaitun
transformasi	transformasi
ikuti	ikut i
terbayangkan	ter bayang kan
kenangan	kenang an
indikasinya	indikasi nya
sepesawat	se pesawat
ditebus	di tebus
walikota	walikota
berpegangan	ber pegang an
bersasaran	ber sasar an
mengejutkannya	men kejut kan nya
tundukkan	tunduk kan
memukulnya	men pukul nya
merantai	men rantai
aman	aman
bergiliran	ber gilir an
terjangkaunya	ter jangkau nya
perkataannya	per kata an nya
mainkan	main kan
melayu	melayu
dituntut	di tuntut
jati	jati
ditimbulkan	di timbul kan
berhubungan	ber hubung an
perkumpulan	per kumpul an
berkampanye	ber kampanye
ketatnya	ketat nya
dimakannya	di makan nya
bata	bata
bergengsi	ber gengsi
radiasi	radiasi
pendiri	pen diri
terhubungi	ter hubung i
berharganya	ber harga nya
amerika	amerika
diakibatkan	di akibat kan
penyuluh	pen suluh
mitra	mitra
gantung	gantung
diancam	di ancam
perserikatan	per serikat an
dipukuli	di pukul i
dianggap	di anggap
mempercayai	men percaya i
kuman	kuman
meratapinya	men ratap i nya
terkelompok	ter kelompok
pencemaran	pen cemar an
dilumpuhkan	di lumpuh kan
nasional	nasional
percetakan	per cetak an
kartu	kartu
menaruhnya	men taruh nya
selaras	selaras
menghina	men hina
disiplin	disiplin
merampok	men rampok
pengungsian	pen ungsi an
antarpulau	antar pulau
bersedih	ber sedih
tantangan	tantang an
turunnya	turun nya
juruselamatku	juruselamat ku
malapetaka	malapetaka
diajak	di ajak
laut	laut
pemusnahan	pen musnah an
pengungkapan	pen ungkap an
dicuri	di curi
dipetik	di petik
perkotaan	per kota an
mempesona	men pesona
ritel	ritel
pengelolaannya	pen kelola an nya
ditiru	di tiru
berlawanan	ber lawan an
berdebar	ber debar
diminta	di minta
orangtuanya	orangtua nya
motivasi	motivasi
bertransaksi	ber transaksi
meratifikasi	men ratifikasi
bertambahnya	ber tambah nya
mengejarnya	men kejar nya
bergantung	ber gantung
menggerus	men gerus
logis	logis
seporsi	se porsi
piringan	piring an
topi	top i
membenarkan	men benar kan
memecat	men pecat
legenda	legenda
simpang	simpang
mekanis	mekanis
rata	rata
menyadari	men sadar i
negosiasi	negosiasi
paman	paman
mengkompromikan	men kompromi kan
berduka	ber duka
menonjolkan	men tonjol kan
membanjiri	men banjir i
anjloknya	anjlok nya
kelopak	kelopak
mentargetkan	men target kan
dominan	dominan
berlebihan	ber lebih an
mengintegrasikan	men integrasi kan
pahatan	pahat an
langganan	langgan an
perbincangan	per bincang an
ranjang	ranjang
otonomi	otonomi
memutar	men putar
tersimpan	ter simpan
minum	minum
tuanmu	tuan mu
prasarana	prasarana
menginvestasikannya	men investasi kan nya
berkonsultasi	ber konsultasi
coklat	coklat
memikat	men pikat
pedagang	pedagang
potong	potong
dimiliki	di milik i
jenis	jenis
ditransaksikan	di transaksi kan
moto	moto
mengharapkannya	men harap kan nya
kejam	kejam
membacanya	men baca nya
keran	keran
juruselamatnya	juruselamat nya
belakangnya	belakang nya
menyatakan	men nyata kan
dikatakan	di kata kan
perekrutan	pen rekrut an
kasusnya	kasus nya
terbang	terbang
mendapatkan	men dapat kan
jalur	jalur
termahal	ter mahal
merubuhkan	men rubuh kan
variabel	variabel
ditanya	di tanya
purbakala	purbakala
membawanya	men bawa nya
menggagas	men gagas
dikutip	di kutip
pengantarnya	pen antar nya
penjajahan	pen jajah an
pengaturannya	pen atur an nya
menepis	men tepis
ketidaklengkapan	ke tidak lengkap an
penyelesai	pen selesai
dipilah	di pilah
meriamnya	meriam nya
sepeda	sepeda
pohonnya	pohon nya
ambisius	ambisius
encer	encer
ciuman	cium an
bertetangga	ber tetangga
as	as
disimpan	di simpan
kakiku	kaki ku
diktenya	dikte nya
memutuskan	men putus kan
bukunya	buku nya
mengontak	men kontak
menyelam	men selam
diestimasi	di estimasi
dimaksudkan	di maksud kan
februari	februari
bermartabat	ber martabat
gempa	gempa
perikanannya	per ikan an nya
postingan	posting an
menggantikan	men ganti kan
suriah	suriah
menagih	men tagih
meletus	men letus
tuamu	tua mu
bergaul	ber gaul
menghubunginya	men hubung i nya
sensitif	sensitif
buatan	buat an
terbaca	ter baca
catatan	catat an
dokumenter	dokumenter
dakwaan	dakwa an
serendah	se rendah
pembantaian	pen bantai an
budayanya	budaya nya
menghujat	men hujat
memverifikasi	men verifikasi
prakarsa	prakarsa
komplain	komplain
residual	residual
sibuk	sibuk
menyesuaikan	men sesuai kan
penalarannya	pen nalar an nya
tertolak	ter tolak
didialogkan	di dialog kan
optimis	optimis
bermasyarakat	ber masyarakat
berkarat	ber karat
berdialog	ber dialog
sayur	sayur
halus	halus
dihapus	di hapus
marinir	marinir
hadapi	hadap i
merangsang	men rangsang
diwujudkan	di wujud kan
penampungan	pen tampung an
berbisnis	ber bisnis
kuingin	ku ingin
berdasarkan	ber dasar kan
rangkuman	rangkum an
restoran	restoran
indeks	indeks
kandungannya	kandung an nya
persemaian	per semai an
perdagangan	per dagang an
melanggengkannya	men langgeng kan nya
ibarat	ibarat
dihormati	di hormat i
berutang	ber utang
penyangga	pen sangga
mengerahkan	men kerah kan
penyucian	pen suci an
pihaknya	pihak nya
terpecahkan	ter pecah kan
dilemahkan	di lemah kan
terpandai	ter pandai
mewaspadai	men waspada i
mengutuk	men kutuk
haluan	halu an
promosi	promosi
solusi	solusi
talak	talak
menyebabkan	men sebab kan
berkuasa	ber kuasa
urus	urus
tangis	tangis
pelimpahan	pen limpah an
terprogram	ter program
penyederhanaan	pen sederhana an
mesin	mesin
bawah	bawah
menambang	men tambang
menyembah	men sembah
pengoleksi	pen koleksi
membuatnya	men buat nya
perhentian	per henti an
permennya	permen nya
pencacahan	pen cacah an
sajian	saji an
tenteram	tenteram
tulisan	tulis an
mengupas	men kupas
negatifnya	negatif nya
sombong	sombong
statistik	statistik
data	data
takutkan	takut kan
karakter	karakteri
terjual	ter jual
sentimeter	sentimeter
adat	adat
tebus	tebus
dokumen	dokumen
kelihatan	ke lihat an
perbedaannya	per beda an nya
berair	ber air
menghapuskan	men hapus kan
lapaknya	lapak nya
teriak	teriak
pemantauan	pen pantau an
syair	syair
sebutan	sebut an
semburan	sembur an
mengenakannya	men kena kan nya
merelokasikan	men relokasi kan
membedah	men bedah
membuka	men buka
penyumbang	pen sumbang
membidangi	men bidang i
produser	produser
bekerjasama	bekerjasama
berperilaku	ber perilaku
jala	jala
penghulu	pen hulu
latihan	latih an
seberat	se berat
terpadu	ter padu
nasionalnya	nasional nya
mengolahnya	men olah nya
globalisasi	globalisasi
famili	famili
membayangi	men bayang i
penghujat	pen hujat
menyiapkan	men siap kan
diagnosanya	nyagnosa nya
menanggulanginya	men tanggulang i nya
pungutnya	pungut nya
merenungkannya	men renung kan nya
dedikasi	dedikasi
dihafalkan	di hafal kan
meletihkan	men letih kan
pengaman	pen aman
janin	janin
penyelarasan	pen selaras an
kampanye	kampanye
dindingnya	dinding nya
pemanfaat	pen manfaat
separuh	se paruh
pertukaran	per tukar an
menyisakan	men sisa kan
membutakan	men buta kan
antarjenis	antar jenis
penyebarluasan	pen sebarluas an
susun	susun
terinspirasi	ter inspirasi
deregulasi	deregulasi
manipulasi	manipulasi
mampuan	mampu an
fitur	fitur
mendongkrak	men dongkrak
berdurasi	ber durasi
penggenapannya	pen genap an nya
diplomatik	diplomatik
direkapitulasi	di rekapitulasi
datanya	data nya
arahnya	arah nya
perhatikan	perhatikan
kembali	kembali
sendirinya	sendiri nya
dibiarkan	di biar kan
menabur	men tabur
penyalahgunaan	pen salahguna an
permusuhan	per musuh an
pencatatan	pen catat an
berjangka	ber jangka
disoroti	di sorot i
terhilang	ter hilang
imigran	imigran
disekolahkan	di sekolah kan
mual	mual
pengacau	pen kacau
usia	usia
pemantau	pen pantau
berujar	ber ujar
hanyut	hanyut
pergerakan	per gerak an
kala	kala
terhormat	ter hormat
antarguru	antar guru
punya	punya
indonesia	indonesia
berargumen	ber argumen
peredaran	per edar an
bolos	bolos
dikurung	di kurung
informasi	informasi
menggali	men gali
ketidakhadiran	ke tidak hadir an
seenaknya	se enak nya
campak	campak
pemutakhirannya	pen mutakhir an nya
serok	se rok
biologi	biologi
mengasumsikan	men asumsi kan
disebarkan	di sebar kan
mempelajari	men pelajar i
pemilik	pen milik
pengamanan	pen aman an
usulan	usul an
sampelnya	sampel nya
cermat	cermat
diratifikasi	di ratifikasi
selatan	selatan
gemuk	gemuk
memerdekakan	men merdeka kan
dangkal	dangkal
normal	normal
pelanggan	pen langgan
bertanya	ber tanya
dilanjutkan	di lanjut kan
gardu	gardu
pelempar	pen lempar
masehi	masehi
didorong	di dorong
pemeta	pen peta
percayai	percaya i
berawak	ber awak
sayap	sayap
otomotif	otomotif
mendirikan	men diri kan
sistemnya	sistem nya
melayang	men layang
penetapannya	pen tetap an nya
seruan	seru an
dimainkan	di main kan
beranggota	ber anggota
didiami	di diam i
radius	radius
sayangnya	sayang nya
menjejakkan	men jejak kan
lain	lain
melodi	melodi
bajakannya	bajak an nya
mereformasi	men reformasi
ambisi	ambisi
sejarah	sejarah
alkohol	alkohol
implikasinya	implikasi nya
manisnya	manis nya
diperdalam	di per dalam
mengasari	men kasar i
tutup	tutup
otonominya	otonomi nya
diterapkannya	di terap kan nya
persebaran	per sebar an
digantikan	di ganti kan
hambaku	hamba aku
pembacaan	pen baca an
penutupan	pen tutup an
berlangsung	ber langsung
makmur	makmur
bidang	bidang
membuktikannya	men bukti kan nya
memasangnya	men pasang nya
penambak	pen tambak
menyerupai	men serupa i
diamati	di amati
kuatirmu	kuatir mu
menyaksikannya	men saksi kan nya
peninjauan	pen tinjau an
penanganannya	pen tangan an nya
ambulan	ambulan
penyediaan	pen sedia an
berintensitas	ber intensitas
menghemat	men hemat
lambat	lambat
ketanggapan	ke tanggap an
ternama	ter nama
menyumbangkan	men sumbang kan
mencampur	men campur
direstrukturisasi	di restrukturisasi
mengajarinya	men ajar i nya
dukun	dukun
berkelanjutan	ber ke lanjut an
dipindahkan	di pindah kan
bisbol	bisbol
ditagih	di tagih
bajak	bajak
dekatnya	dekat nya
muat	muat
diwarisinya	di waris i nya
tabir	tabir
pikiran	pikir an
didoakan	di doa kan
pujikan	puji kan
terusik	ter usik
meninjunya	men tinju nya
musuhmu	musuh mu
memperburuk	men buruk
penyelenggaraannya	pen selenggara an nya
dihubungi	di hubung i
penyampaian	pen sampai an
menghadiri	men hadir i
berulang	ber ulang
jari	jari
penyataan	pen nyata an
pisau	pisau
persaudaraannya	per saudara an nya
hadapan	hadap an
foto	foto
menyesatkan	men sesat kan
peradilan	per adil an
ukur	ukur
menginvestigasi	men investigasi
tembus	tembus
bermimpi	ber mimpi
dieliminasi	di eliminasi
mengutamakan	men utama kan
pengabdian	pen abdi an
menghasilkan	men hasil kan
kondisi	kondisi
diketuai	di ketua i
likuiditas	likuiditas
pengairan	pen air an
bermula	ber mula
rendahan	rendah an
disediakan	di sedia kan
membatu	men batu
berkarakteristik	ber karakteristik
rute	rute
konsekuensinya	konsekuensi nya
menang	menang
kedipan	kedip an
dilalui	di lalu i
menghitungnya	men hitung nya
mitranya	mitra nya
pengucapan	pen ucap an
koperasinya	koperasi nya
mengambil	men ambil
diangkut	di angkut
bayarkan	bayar kan
menghantam	men hantam
besaran	besar an
menyesal	men sesal
diterangkan	di terang kan
kacau	kacau
bermoral	ber moral
menangnya	menang nya
teridentifikasi	ter identifikasi
tertelak	ter telak
telpon	telpon
tengah	tengah
jarum	jarum
imbangannya	imbang an nya
kayu	kayu
kendali	kendali
representasi	representasi
menurunnya	men turun nya
kawan	kawan
pembatalannya	pen batal an nya
tunduk	tunduk
mengukir	men ukir
bercocok	ber cocok
bertingkat	ber tingkat
posko	posko
berprofesi	ber profesi
disisipkan	di sisip kan
titik	titik
mengumpulkan	men kumpul kan
bermaksud	ber maksud
pembacanya	pen baca nya
nonanggota	non anggota
repot	repot
pembicaraan	pen bicara an
andalan	andal an
konsumsi	konsumsi
menyumbang	men sumbang
berpindahnya	ber pindah nya
mengagendakan	men agenda kan
seminggu	se minggu
konservasi	konservasi
pelita	pelita
seksama	seksama
kuncinya	kunci nya
sosis	sosis
utuh	utuh
kesediaan	ke sedia an
direpotkan	di repot kan
mengucapkan	men ucap kan
dikaruniai	di karunia i
pemodal	pen modal
mendasar	men dasar
pelupa	pen lupa
pekerjaan	pekerja an
dijadikannya	di jadi kan nya
pemisahan	pen pisah an
terguncangkan	ter guncang kan
tumpuan	tumpu an
ditangkap	di tangkap
pengganti	pen ganti
menanggapi	men tanggap i
pelemparan	pen lempar an
ditempuh	di tempuh
tersapu	ter sapu
