unnahbarkeit	unnahbar keit
freiburgerin	freiburg er in
vermögenslos	vermögen los
pacer	pace er
kompetenzlos	kompetenz los
machtsüchtig	machtsucht ig
planung	planen ung
avantgardistin	avantgarde ist in
vordergründig	vordergrund ig
schopflocher	schopfloch er
charakterdarstellerin	charakterdarsteller in
verwässerung	verwässern ung
gesundheitsurlauber	gesundheitsurlaub er
athener	athene er
landshuterin	landshut er in
verletzung	verletzen ung
truppentransporter	truppentransport er
vermittlerin	vermitteln er in
umkreisung	um kreis ung
verherrlichen	ver herr lich
stadtarchivarin	stadtarchivar in
pastoralreferentin	pastoralreferent in
philosophieprofessorin	philosophieprofessor in
radierung	radieren ung
märchenkönigin	märchenkönig in
traktorfahrer	traktorfahren er
zünftig	zunft ig
reykjaviker	reykjavik er
friedensbotschafter	friedensbote schaft er
krankheitsanfälligkeit	krankheitsanfällig keit
rückdatierung	rückdatieren ung
finanzchefin	finanzchef in
bundessozialministerin	bundessozialminister in
überanpassung	überanpassen ung
auswahlspieler	auswahlspiel er
polizeimeisterin	polizeimeister in
heuchlerin	heucheln er in
ratgeberin	ratgeber in
scheidung	scheiden ung
lebenszeitlich	lebenszeit lich
isin	ise in
spionin	spion in
etappensieger	etappensieg er
danziger	danzig er
mordverdächtig	mordverdacht ig
gottgefälligkeit	gottgefällig keit
linienrichterin	linienrichter in
tigerin	tiger in
zivilpolizistin	zivilpolizei ist in
spendenfreudigkeit	spendenfreude ig keit
hecker	heck er
konsumentenschützer	konsumentenschutz er
umverteilung	umverteilen ung
kampfrichterin	kampfrichter in
unhöflichkeit	un hof lich keit
implementierung	implementieren ung
solistin	solist in
thronnachfolger	thronnachfolge er
spendierfreudig	spendierfreude ig
importeurin	importeur in
belagerung	belagern ung
bauchig	bauch ig
landräuber	landraub er
zählung	zählen ung
assistentin	assistent in
schalterbeamtin	schalterbeamte in
ziegenzüchter	ziegenzucht er
offenherzigkeit	offenherzig keit
realisierbarkeit	real isier bar keit
reinigungsunternehmer	reinigungsunternehmen er
pulverförmig	pulverform ig
umtauschbar	um tausch bar
bundesdurchschnittlich	bundesdurchschnitt lich
mecklenburgerin	mecklenburg er in
überbringer	über bring er
entscheidung	entscheiden ung
radiohörer	radiohören er
regeltechniker	regeltechnik er
ableitung	ableiten ung
dustin	dust in
landespolitiker	landespolitik er
verflüchtigung	ver flüchten ig ung
meitinger	meitingen er
schadensersatzpflichtig	schadensersatzpflicht ig
paderbornerin	paderborn er in
segelfliegerin	segelfliegen er in
wühler	wühlen er
heilbronner	heilbronn er
züchtigen	zucht ig
straßenkreuzer	straßenkreuz er
erkennungsdienstlich	erkennungsdienst lich
knauserig	knauser ig
mißbräuchlich	mißbrauch lich
tonig	ton ig
beatmung	beatmen ung
boutiquebesitzerin	boutiquebesitzer in
autoverleiher	autoverleih er
geldbotin	geldbote in
radioempfänger	radioempfang er
werbetechniker	werbetechnik er
starterin	starten er in
brüderlichkeit	brüderlich keit
jetztzeitig	jetztzeit ig
behaglichkeit	behagen lich keit
schüler	schule er
sprachwissenschaftlerin	sprachwissenschaft ler in
kalkig	kalken ig
naturschutzrechtlich	naturschutzrecht lich
mainburger	mainburg er
furchtlos	furcht los
bekanntmachung	bekanntmachen ung
runzelig	runzel ig
übervorteilung	übervorteilen ung
stimmigkeit	stimmen ig keit
polizeilich	polizei lich
polizeireporter	polizeireport er
risikolos	risiko los
menschheitlich	menschheit lich
vertagung	ver tag ung
bobfahrer	bobfahren er
jungseniorin	jungsenior in
planungsreferentin	planungsreferent in
entwicklungspsychologin	entwicklungspsychologe in
neckarsulmer	neckarsulm er
eigenverantwortlichkeit	eigenverantwortlich keit
enthebung	entheben ung
bremerhavener	bremerhaven er
verbürgerlichen	ver bürgen lich
sachgebietsleiterin	sachgebietsleiter in
enteignung	enteignen ung
minchen	min chen
burgstädter	burgstadt er
gastlichkeit	gast lich keit
zerstäuber	zer stäuben er
schorndorfer	schorndorf er
kinderfeindlichkeit	kinderfeindlich keit
kamerunerin	kamerun er in
buchenwäldchen	buchenwald chen
wiederverwertung	wiederverwerten ung
regenburger	regenburg er
gemeinschaftsfähigkeit	gemeinschaftsfähig keit
basisaktivistin	basisaktivist in
durchsichtig	durchsicht ig
atomtechniker	atomtechnik er
gastarbeiter	gastarbeit er
anbindung	anbinden ung
armierung	armieren ung
papierhütchen	papierhut chen
universitätsöffentlichkeit	universitätsöffentlich keit
kriegstreiber	kriegstreiben er
vorbehaltlich	vorbehalten lich
friedensfähigkeit	friedensfähig keit
gründer	gründen er
einstudierung	einstudieren ung
wintertauglichkeit	wintertauglich keit
skiurlauber	skiurlaub er
chemikerin	chemiker in
strafrichterin	strafrichter in
kultursenatorin	kultursenator in
gegenstandslos	gegenstand los
becker	beck er
streifig	streifen ig
testpilotin	testpilot in
auspeitschung	auspeitschen ung
gelegenheitskäufer	gelegenheitskauf er
naturforscherin	naturforscher in
spurenlos	spuren los
heilpädagogin	heilpädagoge in
überreichlich	über reich lich
ausscheidung	ausscheiden ung
minimierung	minimieren ung
schafscherer	schafscheren er
vollendung	vollenden ung
würzburger	würzburg er
sodener	soden er
sprachwissenschaftlich	sprachwissenschaft lich
maserung	masern ung
familienpflegerin	familienpflege er in
weinseligkeit	weinselig keit
slowakin	slowake in
ständestaatlich	ständestaat lich
menschlich	mensch lich
aufforderung	auffordern ung
motivationslos	motivation los
luftwaffenhelferin	luftwaffenhelfer in
bezirksvorsteherin	bezirksvorsteher in
waldlos	wald los
friedberger	friedberg er
uraufführung	uraufführen ung
entzückung	entzücken ung
traumtänzerin	traumtanz er in
jugendpolitikerin	jugendpolitik er in
peinigen	pein ig
brötchen	brot chen
fernhaltung	fernhalten ung
protestantin	protestant in
berliner	berlin er
trinkfreudigkeit	trinkfreudig keit
länglich	lang lich
zergliederung	zergliedern ung
musikliebhaberin	musikliebhaber in
bäcker	backen er
stetig	stet e ig
constantin	constant in
prächtig	pracht ig
uter	ute er
helfer	helfen er
berufskollegin	berufskollege in
fürsorglichkeit	fürsorge lich keit
tanzlehrerin	tanzlehrer in
breitenberger	breitenberg er
studienanfänger	studienanfang er
unbeugsamkeit	unbeugsam keit
diskreditierung	diskreditieren ung
schützerin	schützen er in
zulieferung	zuliefern ung
breitenbrunner	breitenbrunn er
großzügigkeit	großzügig keit
stauber	staub er
raumzeitlich	raumzeit lich
höherwertigkeit	höherwertig keit
friedenskämpfer	friedenskampf er
falschschreibung	falschschreiben ung
akrobatin	akrobat in
kochbuchautorin	kochbuchautor in
klarinettistin	klarinette ist in
greifbar	greifen bar
hausärztlich	hausarzt lich
perlmutter	perlmutt er
rechtswidrigkeit	rechtswidrig keit
trendelburger	trendelburg er
südtirolerin	südtirol er in
beherrscher	beherrschen er
machtteilhaber	machtteilhabe er
pappelwäldchen	pappelwald chen
überfachlich	über fach lich
ernährer	ernähren er
frühaufsteherin	frühaufstehen er in
körbchen	korb chen
säkularisierung	säkulare isier ung
detroiter	detroit er
grundstückseigentümer	grundstückseigentum er
parteisekretärin	parteisekretär in
dauerparker	dauerparken er
guerillakämpfer	guerillakampf er
kleinbäuerlich	kleinbau er lich
schlagersängerin	schlagersänger in
christoper	christop er
gemeinschaftlich	gemeinschaft lich
weggeher	weggehen er
naturwissenschaftlich	naturwissenschaft lich
pointer	pointe er
laborantin	laborant in
hilfsschüler	hilfsschule er
bewölkung	bewölken ung
einträchtigkeit	eintracht ig keit
ausreisepflichtig	ausreisepflicht ig
antragsgegnerin	antragsgegner in
thailänderin	thailand er in
krümelig	krümel ig
zweihunderter	zweihundert er
samtig	samt ig
kauzig	kauz ig
kassenführerin	kassenführer in
klausenburger	klausenburg er
klägerin	klage er in
kranführerin	kranführer in
laborassistentin	laborassistent in
anpassungsfähigkeit	anpassungsfähig keit
idealisierung	ideale isier ung
steinenberger	steinenberg er
abfindung	abfinden ung
romanheldin	romanheld in
drogenpolitiker	drogenpolitik er
anbetung	anbeten ung
mahnung	mahnen ung
mehrheitsaktionärin	mehrheitsaktionär in
gerichtsreporterin	gerichtsreport er in
antreiber	antreiben er
baulichkeit	bau lich keit
straffähigkeit	straffähig keit
tonmeisterin	tonmeister in
münzenberger	münzenberg er
chemnitzerin	chemnitz er in
alkoholabhängigkeit	alkoholabhängig keit
bananenförmig	bananenform ig
eisverkäuferin	eisverkauf er in
jugendläufer	jugendlauf er
nachrangig	nachrang ig
unbeachtlich	un be acht lich
tischtennisspieler	tischtennisspielen er
karolin	karol in
reutlinger	reutlingen er
beziehungsunfähigkeit	beziehungsunfähig keit
jünger	junge er
atomphysikerin	atomphysik er in
kühlung	kühlen ung
österreicherin	österreich er in
werbeleiterin	werbeleiter in
ärmellos	ärmel los
edelfräulein	edelfrau lein
rikschafahrer	rikschafahren er
trickbetrügerin	trickbetrug er in
reparaturfreundlichkeit	reparaturfreundlich keit
straßenmusiker	straßenmusik er
seiler	seil er
touristikunternehmer	touristikunternehmen er
schuldigen	schuld ig
ersetzbar	ersetzen bar
hinderung	hindern ung
luftlos	luft los
verkehrlich	verkehren lich
friedensunfähigkeit	friedensunfähig keit
ballettlehrerin	ballettlehrer in
aufheiterung	aufheitern ung
autofreundlich	autofreund lich
gebräuchlich	gebrauch lich
langwellig	langwelle ig
überzeichnung	überzeichnen ung
barrikadenbauer	barrikadenbau er
obrigkeitlich	obrigkeit lich
straßenfeger	straßenfegen er
beträchtlich	betracht lich
ausstellungsbesucherin	ausstellungsbesuch er in
kelkheimer	kelkheim er
beibringung	beibringen ung
stofflich	stoff lich
literaturwissenschaftlerin	literaturwissenschaft ler in
rechtsdezernentin	rechtsdezernent in
gästespielerin	gästespieler in
erziehungswissenschaftlerin	erziehungswissenschaft ler in
zwischenrufer	zwischenrufen er
zugezogener	zugezogene n er
exzentriker	exzentrik er
notfallpatientin	notfallpatient in
alphastrahler	alphastrahl er
bankkundin	bankkunde in
abgängig	abgang ig
aussparung	aussparen ung
fürstin	fürst in
zuversichtlich	zuversicht lich
bodenturner	bodenturnen er
feldberger	feldberg er
sparwillig	sparwille ig
oppositionspolitikerin	oppositionspolitik er in
melkerin	melken er in
instandsetzung	instandsetzen ung
banditin	bandit in
farbigkeit	farbe ig keit
einer	eine er
ehrung	ehren ung
festlegung	festlegen ung
wachsamkeit	wachsam keit
gebrauchsfähigkeit	gebrauchsfähig keit
sinnsucher	sinnsuche er
übergewichtig	übergewicht ig
klempnerin	klempner in
körperlichkeit	körper lich keit
institutionalisierung	institutionalisieren ung
frevlerin	freveln er in
nörgler	nörgeln er
leverkusenerin	leverkusen er in
litauerin	litauen er in
wiederverheiratung	wiederverheiraten ung
zuschauerin	zuschauen er in
übellaunigkeit	übellaunig keit
widerlegung	widerlegen ung
faltig	falten ig
wettbewerbsgewinner	wettbewerbsgewinn er
rückkehrwillig	rückkehrwille ig
erwerbslos	erwerb los
zweimalig	zweimal ig
bernburger	bernburg er
geldverleiher	geldverleih er
herausforderung	herausfordern ung
medizinsoziologin	medizinsoziologe in
freibadbesucher	freibadbesuch er
feindlich	feinden lich
endlich	ende lich
hinrichtung	hinrichten ung
schuftig	schuft ig
speicherbar	speichern bar
gegenüberstellung	gegenüberstellen ung
marientaler	mariental er
allmächtigkeit	allmacht ig keit
jugendrichterin	jugendrichter in
scheckig	schecke ig
mäßigkeit	mäßig keit
unüberwindbar	un überwinden bar
äthiopierin	äthiopien er in
vereinsrechtlich	vereinsrecht lich
entscheidungsfähigkeit	entscheidungsfähig keit
hörer	hören er
schlesierin	schlesien er in
parlamentssprecherin	parlamentssprecher in
niederösterreicher	niederösterreich er
schneidig	schneiden ig
steiermärker	steiermark er
veranschaulichen	ver anschauen lich
klosterschülerin	klosterschule er in
grenzwächter	grenzwacht er
fahrkartenverkäufer	fahrkartenverkauf er
jordanierin	jordan ien er in
tierpflegerin	tierpflege er in
arier	ari er
konzeptlos	konzept los
buchsbäumchen	buchsbaum chen
puffer	puff er
fernzündung	fernzünden ung
offenburgerin	offenburg er in
bevorteilung	bevorteilen ung
festhalter	festhalten er
anlieger	anliegen er
baumwollpflanzer	baumwollpflanze er
belanglos	belang los
bezieher	beziehen er
reinhaltung	reinhalten ung
selbstverwirklichung	selbstverwirklichen ung
verbindung	verbinden ung
schneckenförmig	schneckenform ig
pietätlos	pietät los
oppositionschefin	oppositionschef in
durchmusterung	durch muster ung
bühnentechniker	bühnentechnik er
sozialpfleger	sozialpflege er
klarsichtig	klarsicht ig
aufhellung	aufhellen ung
aussperrung	aussperren ung
ernstlich	ernst lich
bedrohlich	bedrohen lich
unterhaltungskünstlerin	unterhaltungskunst ler in
fußpfleger	fußpflege er
wiederaufhebung	wiederaufheben ung
weiterblättern	weiterblatt er
fraulichkeit	frau lich keit
unterversorgung	unterversorgen ung
entschuldigung	entschuldigen ung
umweltwissenschaftlerin	umweltwissen schaft ler in
inger	inge er
leichenwäscherin	leichenwäscher in
osnabrücker	osnabrück er
freiverkäuflich	freiverkauf lich
witzigkeit	witzig keit
ausmusterung	aus muster ung
kulturamtsleiterin	kulturamtsleiter in
artgenossin	artgenosse in
nachempfindung	nachempfinden ung
ignorantin	ignorant in
reuig	reue ig
kriegsplaner	kriegsplan er
dämmerung	dämmern ung
naturfreundlich	naturfreund lich
voreilig	vor eilen ig
barmherzigkeit	barmherzig keit
trächtigkeit	trächtig keit
raumfahrtexpertin	raumfahrtexperte in
zweiradfahrer	zweiradfahren er
gleichförmigkeit	gleichförmig keit
kreisläufer	kreislauf er
wissensdurstig	wissensdurst ig
einplanung	einplanen ung
reibung	reiben ung
sever	seven er
wortbrüchig	wortbruch ig
weissagung	weissagen ung
verbannung	ver bann ung
unleserlich	un lese er lich
wohlgefälligkeit	wohlgefallen ig keit
frühzeitig	frühzeit ig
betzenberger	betzenberg er
verräuchern	ver rauchen er
entthronung	entthronen ung
stadträumlich	stadtraum lich
dubliner	dublin er
schmierig	schmieren e ig
textilarbeiterin	textilarbeit er in
spargelstecher	spargelstechen er
befürchtung	befürchten ung
nuklearphysiker	nuklearphysik er
umformung	umformen ung
armbruster	armbrust er
finanzreferentin	finanzreferent in
schulpolitiker	schulpolitik er
rechtsgeschäftlich	rechtsgeschäft lich
grünberger	grünberg er
siegelsberger	siegelsberg er
versündigung	ver sünde ig e ung
optimierung	optimieren ung
wiedererkennbarkeit	wiedererkennen bar keit
taunussteiner	taunusstein er
vorläufig	vorlaufen ig
kreisstädtchen	kreisstadt chen
sportlerin	sport ler in
netzwerkerin	netzwerk er in
gaswirtschaftlich	gaswirtschaft lich
nachberuflich	nach beruf lich
ungarin	ungar in
wetzlarer	wetzlar er
stadtschreiberin	stadtschreiber in
widerrechtlich	wider recht lich
seegängig	seegang ig
bundesligatauglichkeit	bundesligatauglich keit
niedrigkeit	niedrig keit
grabräuber	grabraub er
polarisierung	polar isier ung
zufriedenstellung	zufriedenstellen ung
gewöhnlichkeit	gewöhnen lich keit
bundessprecherin	bundessprecher in
illuminierung	illuminieren ung
kupferstecherin	kupferstecher in
wartung	warten ung
europafreundlich	europafreund lich
sieger	siegen er
abstimmung	abstimmen ung
schwerstarbeiter	schwerstarbeit er
asylbetrüger	asylbetrug er
schutzpatronin	schutzpatron in
sehnsüchtig	sehnsucht ig
personifizierung	personifizieren ung
vorahnung	vorahnen ung
spielhäuschen	spielhaus chen
agenturchefin	agenturchef in
umgestaltung	um gestalt ung
trennbar	trennen bar
wildgruber	wildgrube er
attentäter	attentat er
pastorin	pastor in
einsatzfreudigkeit	einsatzfreude ig keit
aktionskünstlerin	aktionskunst ler in
klimatechniker	klimatechnik er
teheraner	teheran er
eschborner	eschborn er
ausreißerin	ausreißen in
verfolger	verfolgen er
steinigung	steinigen ung
planierung	planie ier ung
anästhesistin	anästhesie ist in
beschäftigungswirksamkeit	beschäftigungswirksam keit
massenschlächter	massenschlacht er
tanneberger	tanneberg er
privatbesitzer	privatbesitz er
amtsträgerin	amtsträger in
fahnenträgerin	fahnenträger in
zeitungsverkäuferin	zeitungsverkauf er in
verwundung	verwunden ung
denkmalwürdigkeit	denkmalwürdig keit
wanderfreudig	wanderfreude ig
abdecker	abdecken er
kappung	kappen ung
melderin	melden er in
haushaltspolitiker	haushaltspolitik er
versperrung	ver sperre ung
diskutierbar	diskutieren bar
heroinsüchtig	heroinsucht ig
holzfäller	holzfällen er
hennlein	henne lein
silbermedaillengewinnerin	silbermedaillengewinner in
wunschkandidatin	wunschkandidat in
umstandslos	umstand los
entstellung	entstellen ung
ladenbesitzerin	ladenbesitzer in
gesetzeskräftig	gesetzeskraft ig
nachfrager	nachfragen er
wiederentstehung	wiederentstehen ung
gemächlich	gemach lich
inhaftierung	inhaftieren ung
landesjustizministerin	landesjustizminister in
pragerin	prag er in
hetzer	hetze er
neandertalerin	neandertaler in
guerillakrieger	guerillakrieg er
stimmrechtlos	stimmrecht los
tierschützer	tierschutz er
überwachungsstaatlich	überwachungsstaat lich
abwertung	abwerten ung
betonung	betonen ung
gretchen	gret chen
einbeinig	einbein ig
übermächtigkeit	übermacht ig keit
unternehmer	unternehmen er
polizeistaatlich	polizeistaat lich
fraktionsgeschäftsführerin	fraktionsgeschäftsführer in
wirtschaftsreformer	wirtschaftsreform er
veräußerlichen	ver äußern lich
gespannfahrer	gespannfahren er
aburteilung	aburteilen ung
wahrsager	wahrsagen er
zermartern	zer marte er
befehlsempfänger	befehlsempfang er
verätzung	verätzen ung
demokratin	demokrat in
speditionsunternehmer	speditionsunternehmen er
abkanzelung	abkanzeln ung
auskunftsfähigkeit	auskunftsfähig keit
aufklärer	aufklären er
tätigkeit	tätig keit
dringlich	dringen lich
plattenaufleger	plattenauflegen er
römerzeitlich	römerzeit lich
spätwinterlich	spätwinter lich
provinzstädtchen	provinzstadt chen
militärgeschichtlich	militärgeschichte lich
kirchenpfleger	kirchenpflege er
anspruchsvoller	anspruchsvollen er
unbehaglich	un behagen lich
kaffeepflücker	kaffeepflücken er
bröckelig	bröckeln ig
pfälzerin	pfalz er in
hallenspieler	hallenspiel er
fransig	fransen ig
vertiefung	vertiefen ung
selbstmörder	selbstmord er
friedenstifter	friedenstiften er
freier	frei e er
vortäuschung	vortäuschen ung
reichenbacher	reichenbach er
mündung	münden ung
unglaubwürdigkeit	un glaubwürdig keit
anwender	anwenden er
stücklein	stück lein
weihnachtseinkäufer	weihnachtseinkauf er
viehhauser	viehhausen er
betrieblich	betrieb lich
prüfung	prüfen ung
tanker	tank er
skifahrerin	skifahren er in
irrig	irre ig
humorlos	humor los
aktualisierung	aktualisieren ung
verinnerlichen	ver inner e lich
diplomingenieurin	diplomingenieur in
erfolgslos	erfolg los
färber	farbe er
bäuchlein	bauch lein
atomfrachter	atomfracht er
rippchen	rippe chen
jugendhilfeplanerin	jugendhilfeplan er in
würzig	würzen ig
veränderbar	verändern bar
dozentin	dozent in
flügellos	flügel los
jugendministerin	jugendminister in
stettiner	stettin er
rahmenlos	rahm los
homburger	homburg er
ausständig	ausstand ig
verschlüsselung	ver schlüssel ung
bandenchefin	bandenchef in
weiter	weit e er
beharrlichkeit	beharren lich keit
westberliner	westberlin er
referentin	referent in
ausschüttung	ausschütten ung
fuchsberger	fuchsberg er
fernmeldetechniker	fernmeldetechnik er
wettbewerbsschützer	wettbewerbsschutz er
mannschaftskollegin	mannschaftskollege in
fertigstellung	fertigstellen ung
friedensarbeiter	friedensarbeit er
postbeamtin	postbeamte in
fleischverkäufer	fleischverkauf er
familienfreundlichkeit	familienfreund lich keit
radiomacherin	radiomachen er in
straßenverkäuferin	straßenverkauf er in
widerspruchlos	widerspruch los
rotbärtig	rotbart ig
grundsatzreferentin	grundsatzreferent in
spargelanbauer	spargelanbau er
verklammerung	ver klammer ung
mutterlos	mutter los
schattig	schatten ig
befestigung	befestigen ung
lachszüchter	lachszucht er
unschicklich	un schick e lich
empfehlung	empfehlen ung
feuerwerker	feuerwerk er
achtbar	achten bar
heiligung	heiligen ung
schattenkönigin	schattenkönig in
überdosierung	überdosieren ung
feierlich	feier lich
organisationschefin	organisationschef in
straffälliger	straffälligen er
überschwemmung	über schwemmen e ung
zuweisung	zuweisen ung
bauchrednerin	bauchreden er in
schlichterin	schlichten er in
hörspielautorin	hörspielautor in
freiherrlich	freiherr lich
rechtzeitigkeit	rechtzeitig keit
kurpfälzer	kurpfalz er
verklärung	verklären ung
wertlos	wert los
verfahrensrechtlich	verfahrensrecht lich
nachkolorierung	nachkolorieren ung
ansteckung	anstecken ung
sommerhäuschen	sommerhaus chen
pfandleiherin	pfandleihe er in
pauschalurlauber	pauschalurlaub er
rechtsverbindlichkeit	rechtsverbindlich keit
brandschützer	brandschutz er
mentalmagier	mentalmagie er
bäckerin	backen er in
altenburger	altenburg er
bochumer	bochum er
standesbeamtin	standesbeamte in
klubkollegin	klubkollege in
schweinchen	schwein chen
minensucher	minensuchen er
viereckig	viereck ig
vogelliebhaberin	vogelliebhaber in
aufpasserin	aufpassen in
ausbürgerung	ausbürgern ung
lichtlein	licht lein
jungfräulichkeit	jungfrau lich keit
vögelchen	vogel chen
heimgärtner	heimgarten er
übersetzerin	übersetzen er in
brandgefährlich	brandgefahr lich
unterspülung	unterspülen ung
nachstellung	nachstellen ung
anrufbar	anrufen bar
monopolisierung	monopol isier ung
grafenberger	grafenberg er
wertvoller	wertvollen er
oberflächig	oberfläche ig
steptänzerin	steptanz er in
pfarrer	pfarre er
risikofreudigkeit	risikofreude ig keit
veräußerlichen	ver äußern lich
familienministerin	familienminister in
schwindlerin	schwindeln er in
engelmacherin	engelmacher in
möbelbauer	möbelbau er
exkommunizierung	exkommunizieren ung
durchleuchtung	durch leuchten e ung
kulturgeschichtlich	kulturgeschichte lich
heimatforscherin	heimatforscher in
verschiebbar	verschieben bar
panikmacher	panikmache er
musiker	musik er
unbefahrbar	un befahren bar
vorgängerin	vorgänger in
zollhäuschen	zollhaus chen
einprägung	einprägen ung
zuziehung	zuziehen ung
stammeskämpfer	stammeskampf er
eicher	eiche er
verfeinerung	ver fein ung
dimensionierung	dimension ier ung
blumenverkäuferin	blumenverkauf er in
kritikfreudigkeit	kritikfreudig keit
verlustig	verlust ig
unendlichkeit	un ende lich keit
motorradfahrerin	motorradfahren er in
hochschuldidaktiker	hochschuldidaktik er
staatsbürgerlich	staatsbürger lich
wünschbarkeit	wünschen bar keit
vielfältig	vielfalt ig
schwanzlos	schwanz los
wasserwirtschaftlich	wasserwirtschaft lich
oberhausener	oberhausen er
nachbarlich	nachbar lich
wiesentaler	wiesental er
kugelig	kugel ig
tennisspielerin	tennisspielen er in
winker	wink er
klavierlehrerin	klavierlehrer in
freitäglich	freitag lich
städterin	stadt er in
schlitzäugig	schlitzauge ig
ferienarbeiter	ferienarbeit er
zeitgeistlich	zeitgeist lich
ausnutzung	ausnutzen ung
emsigkeit	emsig keit
blitzkrieger	blitzkrieg er
befehligen	befehl ig
geistlichkeit	geist lich keit
reisepartnerin	reisepartner in
krisenmanagerin	krisenmanager in
staatsschauspieler	staatsschauspiel er
vertriebsleiterin	vertriebsleiter in
austreibung	austreiben ung
rostbratwürstchen	rostbratwurst chen
beischläferin	beischlaf er in
freudlos	freud los
verkehrsrechtlich	verkehrsrecht lich
krankenpflegehelferin	krankenpflegehelfer in
sicherheitstechniker	sicherheitstechnik er
landessiegerin	landessieg er in
anpassung	anpassen ung
geschichtsstudentin	geschichtsstudent in
stammesgeschichtlich	stammesgeschichte lich
pfändung	pfänden ung
hauptverdächtig	hauptverdacht ig
aufwendung	aufwenden ung
kunstjournalistin	kunstjournalist in
sportmediziner	sportmedizin er
parteigenossin	parteigenosse in
beleidigung	beleidigen ung
idealistin	ideale ist in
selbständigkeit	selbständig keit
achtmalig	achtmal ig
speicherung	speichern ung
vereinsamung	ver einsam ung
entmietung	ent mieten e ung
wahlgewinner	wahlgewinn er
technikkritiker	technikkritik er
datenschützerin	datenschutz er in
unterkühlung	unterkühlen ung
brauchbar	brauchen bar
nordirin	nordire in
schauer	schau er
versenkung	versenken ung
demütigung	demut ig ung
duftig	duften ig
sozialversicherungspflichtig	sozialversicherungspflicht ig
beliebig	belieben ig
ähnlichkeit	ähnlich keit
näpfchen	napf chen
verantwortungsethiker	verantwortungsethik er
juraprofessorin	juraprofessor in
unterbindung	unterbinden ung
peilung	peilen ung
naturräumlich	naturraum lich
volksheldin	volksheld in
japanologin	japanologe in
klassenlos	klass los
alltäglich	alltag lich
evakuierung	evakuieren ung
ausnahmeathletin	ausnahmeathlet in
schiffbrüchig	schiffbruch ig
taunusstädtchen	taunusstadt chen
transportarbeiter	transportarbeit er
nebeneinanderstellung	nebeneinanderstellen ung
stadtplanerin	stadtplan er in
trennbarkeit	trennen bar keit
bloßstellung	bloßstellen ung
ester	este er
badehäuschen	badehaus chen
arbeitssüchtig	arbeitssucht ig
dreibändig	dreiband ig
studienberaterin	studienberater in
schwedin	schwede in
eßsüchtig	eßsucht ig
denkbar	denken bar
einrechnung	einrechnen ung
huldigung	huld ig ung
grenzgängerin	grenzgang er in
winterschläfer	winterschlaf er
kameradschaftlich	kamerad schaft lich
naturgesetzmäßigkeit	naturgesetz mäßig keit
naturschützer	naturschutz er
vorarbeiter	vorarbeiten er
klarträumer	klartraum er
vorstadthäuschen	vorstadthaus chen
rüstigkeit	rüstig keit
schlager	schlagen er
oberbürgermeisterlich	oberbürgermeister lich
pummelig	pummel ig
anordnung	anordnen ung
sportlehrerin	sportlehrer in
hauptorganisatorin	hauptorganisator in
jazzmusiker	jazzmusik er
skiflieger	skifliegen er
gleichzeitig	gleichzeit ig
ursprünglich	ursprung lich
bierseligkeit	bierselig keit
steuerzahler	steuerzahl er
tischnachbarin	tischnachbar in
hessin	hesse in
zahnlos	zahn los
blattmacher	blattmachen er
seelentrösterin	seelentrost er in
festlich	fest e lich
marxistin	marx ist in
landtagsvizepräsidentin	landtagsvizepräsident in
mütterlichkeit	mutter lich keit
chinesin	china ese in
verordnung	verordnen ung
laupheimer	laupheim er
studentenpfarrerin	studentenpfarrer in
verfälschung	verfälschen ung
wirkungsmächtigkeit	wirkungsmacht ig keit
kronberger	kronberg er
habsburger	habsburg er
eistänzer	eistanzen er
diskuswerfer	diskuswerfen er
zitterig	zittern ig
zügigkeit	zügig keit
demoralisierung	demoralisieren ung
kriegsverbrecher	kriegsverbrechen er
fürstbischöflich	fürstbischof lich
rheintaler	rheintal er
rechner	rechnen er
nationalspieler	nationalspiel er
jungregisseurin	jungregisseur in
sprücheklopfer	sprücheklopfen er
tatenlos	tate los
begnadigung	begnadigen ung
abstandhalter	abstandhalten er
lichtgestalter	lichtgestalt er
töchterlich	tochter lich
beanspruchung	be anspruch ung
gesetzlich	gesetz lich
leuchtstäbchen	leuchtstab chen
betriebswirtschaftlichkeit	betriebswirt schaft lich keit
medaillengewinnerin	medaillengewinn er in
hauptgegnerin	hauptgegner in
raver	rave n er
kleidung	kleiden ung
schwammig	schwamm ig
abschöpfung	abschöpfen ung
urnengänger	urnengang er
militärmediziner	militärmedizin er
großformatig	großformat ig
querköpfig	querkopf ig
berufsgerichtlich	berufsgericht lich
managerin	managen er in
analytiker	analytik er
provozierung	provozieren ung
vermesser	vermessen er
eigengesetzlichkeit	eigengesetzlich keit
ruhmsüchtig	ruhmsucht ig
unhandlichkeit	un hand lich keit
birkenwäldchen	birkenwald chen
entsorgung	entsorgen ung
knöpfchen	knopf chen
mitläuferin	mitlaufen er in
kraftfahrzeugmechanikerin	kraftfahrzeugmechaniker in
mercedesfahrerin	mercedesfahrer in
landesligaspieler	landesligaspiel er
muttersprachlich	muttersprache lich
oberschlesier	oberschlesien er
isolierung	isolieren ung
jugendschöffin	jugendschöffe in
haupttäterin	haupttat er in
krebsverdächtig	krebsverdacht ig
schlichtung	schlichten ung
kirchenlehrer	kirchenlehre er
hagener	hagen er
unförmig	unform ig
rauschgiftabhängigkeit	rauschgiftabhängig keit
gegenteilig	gegenteil ig
holzstäbchen	holzstab chen
strandhäuschen	strandhaus chen
schlucker	schlucken er
schlaksig	schlaks ig
vampirin	vampir in
dramatikerin	dramatik er in
propagandistin	propaganda ist in
natürlicher	natürlichen er
flensburgerin	flensburg er in
notärztlich	notarzt lich
haushälterin	haushalten in
vaihinger	vaihingen er
wissenschaftspolitiker	wissenschaftspolitik er
reformfeindlich	reformfeind lich
auflehnung	auflehnen ung
weiternutzung	weiternutzen ung
botanikerin	botanik er in
höflich	hof lich
exzeßtäter	exzeßtat er
fragensteller	fragenstelle er
grundstücksverkäufer	grundstücksverkauf er
sperrig	sperre ig
rattenfänger	rattenfang er
farmarbeiter	farmarbeit er
fokussierung	fokus ier ung
freistellung	freistellen ung
gartenbaulich	gartenbau lich
sandmännchen	sandmann chen
ordentlichkeit	ordentlich keit
veränderungswillig	veränderungswille ig
hollander	holland er
verbraucherfreundlichkeit	verbraucherfreundlich keit
lyrikbändchen	lyrikband chen
ruhelos	ruhe los
verfassungspolitiker	verfassungspolitik er
vergegenständlichung	ver gegenstand lich ung
unanständigkeit	un anständig keit
bannerträgerin	bannerträger in
sanierer	sanieren er
kinokritiker	kinokritik er
firmeninhaberin	firmeninhaber in
unerbittlichkeit	unerbittlich keit
spielsüchtig	spielsucht ig
verkehrspolizeilich	verkehrspolizei lich
roßtaler	roßtal er
bereitwilligkeit	bereitwillig keit
bauphysiker	bauphysik er
erwerbsloser	erwerbslose er
kleinteilig	kleinteil ig
dauermieter	dauermiete er
küchenhelferin	küchenhelfer in
kabarettistin	kabarett ist in
zuträglichkeit	zuträglich keit
maierhöfer	maierhof er
stiefväterlich	stiefvater lich
mieter	mieten er
fortsetzer	fortsetzen er
streifengänger	streifengang er
erpressung	erpressen ung
verantwortungslos	verantworten ung los
küchenchefin	küchenchef in
körperverträglichkeit	körperverträglich keit
zusammenführung	zusammenführen ung
plattenkäufer	plattenkauf er
caritasdirektorin	caritasdirektor in
erfolgloser	erfolglose n er
straßenbauarbeiter	straßenbauarbeit er
ausgleichbar	ausgleichen bar
abschnürung	abschnüren ung
alleinerbin	alleinerbe in
totschlägerin	totschlagen in
leinenlos	leinen los
australier	australien er
wahrhaftigkeit	wahrhafte ig keit
gegengutachter	gegengutachten er
lother	loth er
reiter	reiten er
fahnenflüchtig	fahnenflucht ig
bewerberin	bewerben er in
lokalpolitikerin	lokalpolitik er in
übersiedler	übersiedeln er
freisprechung	freisprechen ung
arbeitsrechtlich	arbeitsrecht lich
erfolgsautorin	erfolgsautor in
sinnig	sinnen ig
verkuppelung	verkuppeln ung
präparierung	präparieren ung
hinterlegung	hinterlegen ung
sistierung	sistieren ung
figürlich	figur lich
naturlyriker	naturlyrik er
postlerin	post ler in
säuerlich	säuern lich
preiswürdigkeit	preiswürdig keit
oberkasseler	oberkassel er
seelsorgerlich	seelsorge er lich
transplantationsmediziner	transplantationsmedizin er
gesundschreibung	gesundschreiben ung
defensivspieler	defensivspiel er
anpassungswillig	anpassungswille ig
unstetigkeit	un stet e ig keit
schulfreundin	schulfreund in
patientin	patient in
taxiunternehmer	taxiunternehmen er
skrupellos	skrupel los
gewinnsüchtig	gewinnsucht ig
umständlich	umstand lich
ansager	ansage er
zehntausender	zehntausend er
stahlunternehmer	stahlunternehmen er
kämpferin	kämpfen er in
schenkung	schenken ung
preisdrücker	preisdruck er
vernünftig	vernunft ig
unergründlichkeit	unergründlich keit
rehabilitierung	rehabilitieren ung
kriegsberichterstatterin	kriegsberichterstatter in
wucherer	wuchern er
norditaliener	norditalien er
verkünder	verkünden er
drachin	drache in
kunsthistorikerin	kunsthistoriker in
zugänglich	zugang lich
irmin	irme in
umrahmung	um rahm ung
geschichtenerzählerin	geschichtenerzählen er in
rundlich	rund lich
gewerkschafterin	gewerkschaft er in
mieterin	mieten er in
ausrichtung	ausrichten ung
spazierstöckchen	spazierstock chen
industriepolitiker	industriepolitik er
retterin	retten er in
ausgrabung	ausgraben ung
fotografin	fotograf in
dienstlich	dienst lich
barockmusiker	barockmusik er
verletzlich	verletzen lich
exponentin	exponent in
pünktlichkeit	pünktlich keit
deponierung	deponie ier ung
bereithaltung	bereithalten ung
bibliotheksbesucher	bibliotheksbesuch er
wiederbesetzung	wiederbesetzen ung
vorentscheidung	vorentscheiden ung
kontaktfähigkeit	kontaktfähig keit
zwischenzeitig	zwischenzeit ig
vermenschlichung	ver mensch lich e ung
psychiatriepatientin	psychiatriepatient in
züchterin	züchten er in
weitläufigkeit	weitläufig keit
küstenstädtchen	küstenstadt chen
blaumacher	blaumachen er
fachpolitiker	fachpolitik er
erotisierung	erotisch isier ung
berghöfer	berghof er
strähnig	strähne ig
betrachterin	betrachten er in
kränkung	kränken ung
unbedenklich	un bedenken lich
ebersberger	ebersberg er
saarbrückerin	saarbrücken er in
umdrehung	umdrehen ung
datierung	datieren ung
baggerfahrer	baggerfahren er
prellung	prellen ung
sparer	spar er
ausreisewilliger	ausreisewillige n er
widerspiegelung	widerspiegeln ung
überheblichkeit	überheben lich keit
zweiradfahrerin	zweiradfahren er in
entbehrung	entbehren ung
marienbader	marienbad er
blaudrucker	blaudruck er
naturgesetzlichkeit	naturgesetz lich keit
trapezkünstlerin	trapezkünstler in
trostpflästerchen	trostpflaster chen
holzbänkchen	holzbank chen
alphornbläser	alphornblasen er
anfeindung	anfeinden ung
bernerin	bern er in
entschuldung	entschulden ung
wischer	wischen er
siebenbürger	siebenbürge n er
holländerin	holland er in
entehrung	ent ehren e ung
motivlos	motiv los
austauschschülerin	austauschschüler in
perleberger	perleberg er
rülpser	rülpsen er
verträglich	vertrag lich
pomadig	pomade ig
lizenznehmerin	lizenznehmer in
bildungsexpertin	bildungsexperte in
beschuldigen	be schuld ig
schlechterstellung	schlechterstellen ung
blocker	block er
physikerin	physik er in
lohnbuchhalterin	lohnbuchhalter in
protestwähler	protestwahl er
galeriebesucher	galeriebesuch er
pitter	pitt er
designerin	design er in
baumlos	baum los
einzelbesucher	einzelbesuch er
verträglichkeit	vertrag lich keit
eßbarkeit	eßbar keit
windrädchen	windrad chen
seehofer	seehof er
vorurteilslos	vorurteil los
erleuchtung	er leuchten e ung
abstumpfung	abstumpfen ung
superministerin	superminister in
aufsteigerin	aufsteigen er in
ironikerin	iron iker in
bereinigung	bereinigen ung
erblindung	er blind ung
bockwürstchen	bockwurst chen
fremdenfeindlich	fremdenfeind lich
staatsvertraglich	staatsvertrag lich
sportsenatorin	sportsenator in
piepser	piepsen er
wasserträgerin	wassertragen er in
ausstattung	ausstatten ung
metallunternehmer	metallunternehmen er
berechnung	berechnen ung
sorger	sorge er
katzenliebhaberin	katzenliebhaber in
markierung	markieren ung
schulsiegerin	schulsieger in
betrachter	betrachten er
apothekerin	apotheke er in
offenburger	offenburg er
sandkörnchen	sandkorn chen
unternehmerin	unternehmen er in
stapelbar	stapeln bar
einzellig	einzelle ig
ungeistig	ungeist ig
großspurigkeit	großspurig keit
jugendbildungsreferentin	jugendbildungsreferent in
strahlenforscherin	strahlenforscher in
rechtsförmlich	rechtsform lich
lieferer	liefern er
beerdigungsunternehmer	beerdigungsunternehmen er
unfallgegnerin	unfallgegner in
tagesschausprecherin	tagesschausprecher in
devisenrechtlich	devisenrecht lich
schwetzinger	schwetzingen er
beleuchtung	beleuchten ung
nachzeichnung	nachzeichnen ung
flugzeugbauer	flugzeugbau er
überlinger	überlingen er
stattlichkeit	statt lich keit
schildern	schild er
umweltministerin	umweltminister in
konstanzer	konstanze er
widmung	widmen ung
eingemeindung	eingemeinden ung
einpflanzung	einpflanzen ung
trickbetrüger	trickbetrug er
kammersängerin	kammersänger in
busfahrerin	busfahren er in
süßlich	süß lich
hochschulexpertin	hochschulexperte in
halbjährlich	halbjahr lich
gräulich	grau lich
verschickung	ver schick ung
programmplaner	programmplan er
fremdsprachlich	fremdsprache lich
dauerurlauber	dauerurlaub er
wirtschaftsverträglich	wirtschaftsvertrag lich
amerikanisierung	amerika anisch isier ung
verfilmung	ver film ung
unterbrechung	unterbrechen ung
notdürftig	notdurft ig
westunternehmer	westunternehmen er
frauenmörder	frauenmord er
diskussionslos	diskussion los
berufsstarter	berufsstart er
gesamtwirtschaftlich	gesamtwirtschaft lich
grüner	grün e er
heimatstädtchen	heimatstadt chen
voreiligkeit	vor eilen ig keit
waffentauglichkeit	waffentauglich keit
kriegsdienstgegnerin	kriegsdienstgegner in
aussetzung	aussetzen ung
flockig	flocken ig
neuengammer	neuengamme er
symbolträchtigkeit	symbolträchtig keit
sehnlich	sehnen lich
rettung	retten ung
harmloser	harmlose er
lüftung	lüften ung
streitsüchtig	streitsucht ig
ausstellungsbesucher	ausstellungsbesuch er
gemeinnützig	gemeinnutz ig
theatermusiker	theatermusik er
astin	ast in
jugendlich	jugend lich
weilbacher	weilbach er
physiklehrerin	physiklehrer in
kundenbetreuerin	kundenbetreuer in
rumpelig	rumpel ig
lobensteiner	lobenstein er
eigenartigkeit	eigenart ig keit
bombenwerfer	bombenwerfen er
argentinier	argentine ien er
obdachlos	obdach los
stolzenberger	stolzenberg er
ermäßigung	ermäßigen ung
beugung	beugen ung
prinzlich	prinz lich
mäuslein	maus lein
spiegelbildlich	spiegelbild lich
altöttinger	altötting er
bauarbeiter	bauarbeit er
gewinnung	gewinnen ung
einberufung	einberufen ung
venezianerin	venezianer in
erpresserin	erpressen in
steuerpolitiker	steuerpolitik er
wiesenburger	wiesenburg er
schweizer	schweiz er
marlin	marle in
großhauser	großhaus er
gewichtung	gewichten ung
bevorzugung	bevorzugen ung
meßtechniker	meßtechnik er
verfassungsrichterin	verfassungsrichter in
einklagbarkeit	einklagen bar keit
brüchigkeit	brüchig keit
darstellerin	darstellen er in
montäglich	montag lich
pfeiferaucher	pfeiferauchen er
kulturpreisträgerin	kulturpreisträger in
ponyreiter	ponyreiten er
universitätsstädtchen	universitätsstadt chen
westenberger	westenberg er
sexualfeindlichkeit	sexualfeindlich keit
bootsbauer	bootsbau er
gönnerin	gönnen in
kirchenreformer	kirchenreform er
arbeitsfähigkeit	arbeitsfähig keit
einsichtigkeit	einsicht ig keit
führerin	führen er in
umerziehung	umerziehen ung
medaillenlos	medaille los
gemeindepfarrerin	gemeindepfarrer in
körperpfleger	körperpflege er
wesenlos	wesen los
jubilarin	jubilar in
kunstgeschichtlich	kunstgeschichte lich
helder	held er
erledigung	erledigen ung
begehung	begehen ung
diesseitigkeit	diesseitig keit
enthaltung	enthalten ung
unbehaglichkeit	un behagen lich keit
bauamtsleiterin	bauamtsleiter in
schönenberger	schönenberg er
hofhaltung	hofhalten ung
zerstreuung	zer streu ung
brunnenhäuschen	brunnenhaus chen
staksig	staksen ig
kemptener	kempten er
samin	same in
atemlos	atem los
meisterschüler	meisterschule er
verunsicherung	ver unsicher ung
bundessiegerin	bundessieg er in
ländlich	lände lich
bauhandwerklich	bauhandwerk lich
schußwaffenbesitzer	schußwaffenbesitz er
gaststättenrechtlich	gaststättenrecht lich
krakauer	krakau er
jämmerlich	jammer lich
maschinistin	mascha ine ist in
allmächtiger	allmacht ig e n er
einig	eine ig
verbilligung	ver billig ung
unerreichbar	un erreichen bar
vergünstigen	ver gunst ig
volksvertreterin	volksvertreter in
nennbar	nennen bar
chaotin	chaot in
schauspieldirektorin	schauspieldirektor in
polizeischüler	polizeischule er
angleichung	angleichen ung
versicherungsnehmerin	versicherungsnehmer in
unzählig	unzahl ig
hauptverursacherin	hauptverursacher in
rheinländerin	rheinland er in
glasgower	glasgow er
hochschulpräsidentin	hochschulpräsident in
straßenarbeiter	straßenarbeit er
mehrheitseigentümerin	mehrheitseigentum er in
großanlagenbauer	großanlagenbau er
programmierbar	programm ier bar
rostocker	rostock er
genshagener	genshagen er
gewichtig	gewichten ig
geographin	geograph in
kristofer	kristof er
bauschig	bauschen ig
altbesitzer	altbesitz er
überwirklich	über wirken lich
verdächtigung	verdacht ig ung
jetziger	jetzig e n er
entbehrlich	entbehren lich
protagonistin	protagonist in
prager	prag er
manipulierung	manipulieren ung
kernphysiker	kernphysik er
verschlechterung	ver schlecht ung
alleingesellschafterin	alleingesellschafter in
undeutlichkeit	un deutlich keit
überbuchung	über buche ung
beschwerlich	be schwer lich
zugrundelegung	zugrundelegen ung
haber	haben er
haftung	haften ung
hilfsbedürftigkeit	hilfsbedürftig keit
motorradfahrer	motorradfahren er
vorwärtsbewegung	vorwärtsbewegen ung
weiterwanderung	weiterwandern ung
verfemung	ver feme ung
durchschaubar	durchschauen bar
seufzer	seufzen er
hartherzig	hartherz ig
grausig	grausen ig
kundenfänger	kundenfang er
versöhnlichkeit	versöhnen lich keit
nahostexpertin	nahostexperte in
zweifarbigkeit	zweifarbig keit
begierig	begier ig
biotechniker	biotechnik er
armin	arm e in
marathonläufer	marathonlaufen er
überlieferung	überliefern ung
seeberger	seebergen er
unterstützerin	unterstützen er in
wirtschaftlich	wirtschaften lich
mausig	mausen ig
harfenspielerin	harfenspiel er in
nager	nagen er
begleichung	begleichen ung
tierfreundin	tierfreund in
linksradikaler	linksradikale n er
bestäubung	bestäuben ung
erwerbung	erwerben ung
überwinder	überwinden er
langläuferin	langlaufen er in
flugzeugattentäter	flugzeugattentat er
zahntechnikerin	zahntechnik er in
schiersteiner	schierstein er
raubkopierer	raubkopieren er
gutwilligkeit	gutwillig keit
geschäftigkeit	geschäftig keit
bauwagenbewohnerin	bauwagenbewohner in
presserechtlich	presserecht lich
nachholung	nachholen ung
bassin	basse in
unauflöslichkeit	unauflöslich keit
stifterin	stiften er in
belastbarkeit	belastbar keit
vorarbeiterin	vorarbeiten er in
nachahmung	nachahmen ung
stückeschreiber	stückeschreiben er
selbstbezüglich	selbstbezug lich
pier	pia er
schattenlos	schatten los
schwenkbar	schwenken bar
menschenrechtlich	menschenrecht lich
wassersucher	wassersuche er
tiermedizinerin	tiermedizin er in
mosbacher	mosbach er
buchbinderin	buchbinden er in
psychologiestudentin	psychologiestudent in
kleeberger	kleeberg er
zahlungskräftig	zahlungskraft ig
stimmbildnerin	stimmbildner in
schädlichkeit	schädlich keit
umweltberaterin	umweltberater in
wildwüchsig	wildwuchs ig
heldenmutig	heldenmut ig
verblendung	verblenden ung
nichtsnutzig	nichtsnutzen ig
raketentechniker	raketentechnik er
rechtfertigung	rechtfertigen ung
wörther	wörth er
warschauer	warschau er
schachspieler	schachspielen er
begünstigung	begünstigen ung
überbaubar	überbauen bar
kirchengeschichtlich	kirchengeschichte lich
übertretung	übertreten ung
engländer	england er
familienforscherin	familienforscher in
formung	formen ung
ozeanier	ozeanien er
großräumigkeit	großraum ig keit
operndirektorin	operndirektor in
profifußballer	profifußball er
glücklos	glück los
schahin	schah in
unflätig	unflat ig
ermächtigung	ermächtigen ung
hauptspieler	hauptspiel er
hoheitlich	hoheit lich
pianistin	pianist in
studiotechniker	studiotechnik er
sozialpolitiker	sozialpolitik er
turner	turnen er
flügelspielerin	flügelspiel er in
drogendealer	drogendeal er
stadtteilbewohnerin	stadtteilbewohner in
heilkräftig	heilkraft ig
hofheimerin	hofheim er in
kapitalkräftig	kapitalkraft ig
sexarbeiter	sexarbeit er
übergebührlich	über gebühren lich
blödsinnig	blödsinn ig
verringerung	ver ring ung
wiederholung	wiederholen ung
schwerstverbrecher	schwerstverbrechen er
briefeschreiber	briefeschreiben er
grasig	grasen ig
katalogisierung	katalog isier ung
außenministerin	außenminister in
einzelstaatlich	einzelstaat lich
zeitplaner	zeitplan er
liebesfähigkeit	liebesfähig keit
wartepflichtig	wartepflicht ig
marketingberaterin	marketingberater in
häßlich	haß lich
verlosung	verlosen ung
schlepper	schleppen er
beitragspflichtig	beitragspflicht ig
papierlos	papier los
schmittlein	schmitt lein
ideengeschichtlich	ideengeschichte lich
schriftlos	schrift los
beurkundung	beurkunden ung
außergewöhnlich	außer gewöhnen lich
medizinaldirektorin	medizinaldirektor in
lästerung	lästern ung
niederberger	niederberg er
chilenin	chilene in
unwirksamkeit	unwirksam keit
empfindlich	empfinden lich
obstanbauer	obstanbau er
hörerin	hören er in
texanerin	texaner in
zielstrebigkeit	zielstrebig keit
führer	führen er
langmütig	langmut ig
verdeutlichung	ver deutlich ung
zufügung	zufügen ung
versteinerung	ver steiner ung
südkoreanerin	südkorea aner in
raucherin	rauchen er in
nachrichtlich	nachricht lich
verwandtschaftlich	verwandte schaft lich
ausschmückung	ausschmücken ung
anfälligkeit	anfallen ig keit
salzkörner	salzkorn er
gemächlichkeit	gemach lich keit
toaster	toast er
mehrheitsfähigkeit	mehrheitsfähig keit
gesamtheitlich	gesamt heit lich
kanalarbeiter	kanalarbeit er
idsteiner	idstein er
kommunikationswissenschaftlich	kommunikationswissenschaft lich
herrenberger	herrenberg er
bündnispartnerin	bündnispartner in
kaiserlich	kaiser lich
untermalung	untermalen ung
fernsprecher	fernsprechen er
regionalpolitiker	regionalpolitik er
gewerkschaftsfunktionärin	gewerkschaftsfunktion är in
kommunalrechtlich	kommunalrecht lich
umweltrechtlich	umweltrecht lich
anlegerschützer	anlegerschutz er
schwerelos	schwer e los
unvollständigkeit	unvollständig keit
gruftig	gruft ig
standespolitiker	standespolitik er
einstrahlung	ein strahl ung
verinnerlichen	ver inner e lich
tännchen	tann chen
investmentbanker	investmentbank er
schlachtenbummlerin	schlachtenbummler in
strandung	stranden ung
verzinsung	ver zins ung
überredung	überreden ung
gesundheitswissenschaftlich	gesundheitswissenschaft lich
partnerschaftlich	partner schaft lich
landestrainerin	landestrainer in
literaturprofessorin	literaturprofessor in
rückläufer	rücklauf er
darmstädter	darmstadt er
ingenieurstudentin	ingenieurstudent in
anstandlos	anstand los
widerlichkeit	widern lich keit
uneigennützig	un eigennutz ig
kundschafterin	kundschaften in
fristlos	frist los
hartnäckigkeit	hartnäckig keit
flatterig	flattern ig
leutseligkeit	leutselig keit
fahnenschwinger	fahnenschwingen er
umweltfreundlichkeit	umweltfreund lich keit
psychoanalytikerin	psychoanalytiker in
kleinkrämer	kleinkram er
filmhochschüler	filmhochschule er
brackig	brack ig
satellitenempfänger	satellitenempfang er
überplanung	überplanen ung
medienunternehmer	medienunternehmen er
tiefsinnig	tiefsinn ig
ostallgäuer	ostallgäu er
zypriotin	zypriote in
geschlechtslos	geschlecht los
hochschulprofessorin	hochschulprofessor in
straftäter	straftat er
erlöserin	erlösen er in
rechtskräftig	rechtskraft ig
investorin	investor in
auswegslos	ausweg los
vergnüglich	vergnügen lich
kaufbar	kaufen bar
flüchtig	flüchten ig
weiterförderung	weiterfördern ung
anziehung	anziehen ung
tabakanbauer	tabakanbau er
zürcherin	zürcher in
zuseher	zusehen er
klößchen	kloß chen
doppelsinnigkeit	doppelsinn ig keit
landwirtschaftspolitiker	landwirtschaftspolitik er
düsseldorfer	düsseldorf er
erzeugerin	erzeugen er in
innerschweizer	innerschweiz er
gewinnerin	gewinnen er in
stadtentwicklungsplaner	stadtentwicklungsplan er
eisenacher	eisenach er
überspannung	überspannen ung
fischerdörfchen	fischerdorf chen
moorig	moor ig
züchtigen	zucht ig
schulforscherin	schulforscher in
herzlich	herz lich
chefredakteurin	chefredakteur in
parteipolitikerin	parteipolitik er in
selbsternennung	selbsternennen ung
sozialmediziner	sozialmedizin er
neckarstädtchen	neckarstadt chen
bastler	basteln er
undurchlässigkeit	un durchlässig keit
sanierungspflichtig	sanierungspflicht ig
kurzatmigkeit	kurzatmig keit
rathäuslich	rathaus lich
kinobetreiberin	kinobetreiber in
gleichschaltung	gleichschalten ung
aufrüttelung	aufrütteln ung
ballettdirektorin	ballettdirektor in
parlamentarierin	parlamentarier in
befeuerung	befeuern ung
verschmutzer	ver schmutz er
frauenfeindlich	frauenfeind lich
arbeitsunfähigkeit	arbeitsunfähig keit
überzeugungstäter	überzeugungstat er
exotin	exot in
trompeter	trompeten er
währung	währen ung
geschmacklich	geschmack lich
gewerkschaftlerin	gewerkschaft ler in
trübung	trüben ung
fotoredakteurin	fotoredakteur in
sexualwissenschaftlich	sexualwissen schaft lich
russin	russe in
optikerin	optik er in
fischfänger	fischfang er
betrachtung	betrachten ung
entertainerin	entertainer in
scherer	schere er
beiordnung	beiordnen ung
sprachkundig	sprachkunde ig
ausfertigung	ausfertigen ung
flensburger	flensburg er
kernig	kernen ig
europafähigkeit	europafähig keit
unempfindlichkeit	un empfinden lich keit
gerichtspräsidentin	gerichtspräsident in
nachbildung	nachbilden ung
rechtsvorgängerin	rechtsvorgänger in
lenkbar	lenken bar
berger	berg er
tablettensüchtig	tablettensucht ig
rückstandslos	rückstand los
niederlegung	niederlegen ung
sonnenberger	sonnenberg er
wasserverbraucher	wasserverbrauch er
unterordnung	unterordnen ung
instrumentalistin	instrument al ist in
unehelich	un ehe lich
diskussionswürdigkeit	diskussionswürdig keit
jagdhornbläser	jagdhornblasen er
gebrechlichkeit	gebrech lich keit
menschheitsgeschichtlich	menschheitsgeschichte lich
verschalung	ver schalen e ung
sorgfältig	sorgfalt ig
einsparung	ein spar ung
degenerierung	degenerieren ung
atombomber	atombombe er
edinburgher	edinburgh er
nachforschung	nach forsch ung
windschlüpfrigkeit	windschlüpfrig keit
turniersiegerin	turniersieg er in
altenpflegehelferin	altenpflegehelfer in
überdurchschnittlich	über durchschnitt lich
eilig	eilen ig
kündigung	kündigen ung
verfassungsgeschichtlich	verfassungsgeschichte lich
wissenschaftsgeschichtlich	wissenschaftsgeschichte lich
thronfolger	thronfolge er
freizeitsportlich	freizeitsport lich
einkaufskörbchen	einkaufskorb chen
schönhauser	schönhausen er
verärgerung	ver ärger ung
gegenständlich	gegenstand lich
regionalplaner	regionalplan er
ostfriesin	ostfriese in
krankenpflegeschülerin	krankenpflegeschule er in
verschleppung	ver schleppe ung
überbeschäftigung	überbeschäftigen ung
wohnungswirtschaftlich	wohnungswirtschaft lich
nationalisierung	nationale isier ung
sünderin	sünde er in
plastiksäckchen	plastiksack chen
rauchbar	rauchen bar
sanitätsdienstlich	sanitätsdienst lich
rostockerin	rostock er in
abdeckung	abdecken ung
dämpfig	dämpfen ig
zeugungsunfähigkeit	zeugungsunfähig keit
eifelstädtchen	eifelstadt chen
häuslichkeit	häuslich keit
volkskommissarin	volkskommissar in
madrider	madrid er
unteilbarkeit	un teilen bar keit
physikstudentin	physikstudent in
schützenkönigin	schützenkönig in
schwertransporter	schwertransport er
koblenzer	koblenz er
sonnig	sonnen ig
vereinbarung	vereinbaren ung
palmer	palme er
ersatzspielerin	ersatzspieler in
widerwillig	widerwille ig
straßenfußballer	straßenfußball er
genußfähigkeit	genußfähig keit
gerüstbauer	gerüstbau er
treuhandchefin	treuhandchef in
hauptrednerin	hauptredner in
umweltexpertin	umweltexperte in
denkmalrechtlich	denkmalrecht lich
denkmalschutzwürdigkeit	denkmalschutzwürdig keit
bestechung	bestechen ung
feuerlöscher	feuerlöschen er
lenchen	lene chen
solinger	solingen er
statthalterin	statthalter in
verwaltungsbeamtin	verwaltungsbeamte in
abflachung	abflachen ung
verknöcherung	ver knochen ung
teamfähigkeit	teamfähig keit
nationalstaatlich	nationalstaat lich
vereinigen	ver eine ig
begrenzung	begrenzen ung
marcin	marc in
diplomsoziologin	diplomsoziologe in
überschwenglichkeit	überschwenglich keit
empfänglich	empfang lich
schönhöfer	schönhof er
taucher	tauchen er
gartenfreundin	gartenfreund in
behördensprecherin	behördensprecher in
perter	perten er
redakteurin	redakteur in
heimberger	heimberg er
aktivurlauber	aktivurlaub er
wetterabhängigkeit	wetterabhängig keit
seehafer	seehafen er
finkenberger	finkenberg er
kommunistin	kommunist in
nachprüfung	nachprüfen ung
denkerin	denker in
auszeichnung	auszeichnen ung
fußballspieler	fußballspielen er
unerfüllbarkeit	un erfüllen bar keit
verhandlungsführerin	verhandlungsführer in
reparaturanfälligkeit	reparaturanfällig keit
wieger	wiegen e er
hintertürchen	hintertür chen
feingeistig	feingeist ig
wendigkeit	wenden ig keit
ascher	asche er
regierung	regieren ung
folger	folgen e er
häuserkämpfer	häuserkampf er
kampffähigkeit	kampffähig keit
reiber	reibe er
kurdin	kurde in
parteiführerin	parteiführer in
sinnfälligkeit	sinnfällig keit
hügelig	hügel ig
seminarteilnehmerin	seminarteilnehmer in
auffälligkeit	auffällig keit
russischlehrerin	russischlehrer in
lesbar	lesen bar
verkrampfung	ver krampf ung
ziehung	ziehen ung
hochbauer	hochbau er
ergreifung	ergreifen ung
nassauer	nassau er
brummer	brummen er
spätsommerlich	spätsommer lich
sympathisantin	sympathisant in
montrealer	montreal er
reservierung	reserve ier ung
stellvertreter	stellvertreten er
lübecker	lübeck er
wurstbrötchen	wurstbrot chen
grauslich	grausen lich
fliegerin	fliegen er in
steurer	steuer er
straßenmusikantin	straßenmusikant in
nachtschränkchen	nachtschrank chen
benennung	benennen ung
christin	chr ist in
kanadier	kanada er
lokführerin	lokführer in
chiffrierung	chiffre ier ung
kleinschreibung	kleinschreiben ung
ruderin	ruder in
turnlehrerin	turnlehrer in
magdeburger	magdeburg er
zweckentfremdung	zweckentfremden ung
reiser	reisen er
pfefferkörner	pfefferkorn er
religionswissenschaftlich	religionswissenschaft lich
teufelsberger	teufelsberg er
artin	arte in
mittelbauer	mittelbau er
diskussionsfreudigkeit	diskussionsfreude ig keit
knotig	knoten ig
haltbar	halten bar
dresdener	dresden er
kulturpolitikerin	kulturpolitik er in
dumpfig	dumpfe ig
rechnerin	rechnen er in
parlamentskollegin	parlamentskollege in
kürzlich	kürzen lich
rasterung	rastern ung
wohnungsbesitzer	wohnungsbesitz er
privatverbraucher	privatverbrauch er
tollwütig	tollwut ig
einwanderung	einwandern ung
archäologin	archäologe in
studiendirektorin	studiendirektor in
straßensozialarbeiter	straßensozialarbeit er
bestechlich	bestechen lich
auslandskorrespondentin	auslandskorrespondent in
werktäglich	werktag lich
erzwingung	erzwingen ung
wohnsitzlos	wohnsitz los
frankensteiner	frankenstein er
reinigung	rein e ig ung
gruppierung	gruppe ier ung
trotteligkeit	trottel ig keit
deutschlandpolitiker	deutschlandpolitik er
möblierung	möblieren ung
milchig	milch ig
muslimin	muslime in
indoktrinierung	indoktrinieren ung
kleingärtner	kleingarten er
einwanderungsministerin	einwanderungsminister in
dialogfähigkeit	dialogfähig keit
einzelkläger	einzelklage er
abordnung	abordnen ung
entwicklungshelferin	entwicklungshelfer in
fachhochschulprofessorin	fachhochschulprofessor in
abfallwirtschaftlich	abfallwirtschaft lich
abscheulichkeit	abscheu lich keit
bremsung	bremsen ung
weiterverpachtung	weiterverpachten ung
rollerfahrerin	rollerfahrer in
schwinger	schwingen er
blutlos	bluten los
computerdesigner	computerdesign er
erdmännchen	erdmann chen
rechtsstaatlichkeit	rechtsstaat lich keit
forderung	fordern ung
diplompsychologin	diplompsychologe in
finanzministerin	finanzminister in
krämer	kramen er
prozeßbeobachterin	prozeßbeobachter in
ordnungsmäßigkeit	ordnen ung mäßig keit
scharfsichtigkeit	scharfsicht ig keit
stromverbraucher	stromverbrauch er
nicaraguanerin	nicaragua aner in
wundertätigkeit	wundertat ig keit
freudigkeit	freude ig keit
vernarbung	ver narbe ung
schlächter	schlachten er
mundartlich	mundart lich
zentrierung	zentrieren ung
eiszeitlich	eiszeit lich
dienstunfähigkeit	dienstunfähig keit
fachschüler	fachschule er
unpassierbar	un passieren bar
manierlich	manier lich
stadtpräsidentin	stadtpräsident in
schöntaler	schöntal er
anzüglichkeit	anzug lich keit
doppelgängerin	doppelgänger in
mathematiklehrerin	mathematiklehrer in
konzertbesucher	konzertbesuch er
übereilig	übereilen ig
verkaufsständer	verkaufsstand er
unzerbrechlich	un zer brechen lich
borbecker	borbeck er
bauarbeiterin	bauarbeit er in
filmautorin	filmautor in
anpreisung	anpreisen ung
torger	torge er
gaukler	gaukeln er
stimmchen	stimme chen
holmer	holm er
ahnung	ahnen ung
heilslehrer	heilslehre er
kehrer	kehre er
rollstuhlfahrerin	rollstuhlfahren er in
prämierung	prämie ier ung
zugführerin	zugführer in
wassertreter	wassertreten er
vaterlandslos	vaterland los
verkäufer	verkaufen er
goldwäscher	goldwaschen er
töpferin	topf er in
mitbestimmungspflichtig	mitbestimmungspflicht ig
bräuer	brauen er
salzig	salzen ig
zauberkünstlerin	zauberkunst ler in
krebsmediziner	krebsmedizin er
einfarbigkeit	einfarbig keit
abwehrspieler	abwehrspiel er
bedenklichkeit	bedenken lich keit
zecher	zechen er
schöpfer	schöpfen er
multiinstrumentalistin	multiinstrumentalist in
pflegebedürftigkeit	pflegebedürftig keit
gerichtsmedizinerin	gerichtsmedizin er in
kosmetiker	kosmetik er
altenpfleger	altenpflege er
elektroingenieurin	elektroingenieur in
blaustichig	blaustich ig
hessenmeisterin	hessenmeister in
stürmerin	stürmen er in
religionspädagogin	religionspädagoge in
bürgerfreundlichkeit	bürgerfreund lich keit
aufführung	aufführen ung
klinger	klingen e er
ausländerfeindlichkeit	ausländerfeind lich keit
diffamierung	diffamieren ung
bühnengestalter	bühnengestalt er
namibierin	namibia er in
anschaffung	anschaffen ung
serber	serbe er
bildhauerin	bildhauen er in
betriebswirtschaftlich	betriebswirt schaft lich
notizbüchlein	notizbuch lein
gegensätzlich	gegensatz lich
unkörperlich	un körper lich
tourismusunternehmer	tourismusunternehmen er
arglos	arg los
bewegungsfähigkeit	bewegungsfähig keit
einspringer	einspringen er
schöngeistig	schöngeist ig
rauchlos	rauchen los
wörtlich	wort lich
träumerin	träumen er in
holzschnitzer	holzschnitzen er
kauffreudig	kauffreude ig
entwaffnung	entwaffnen ung
untertreibung	untertreiben ung
lagerleiterin	lagerleiter in
begünstigen	be gunst ig
abhaltung	abhalten ung
betriebsverfassungsrechtlich	betriebsverfassungsrecht lich
handköfferchen	handkoffer chen
christer	chr ist er
schmuddelig	schmuddel ig
autobahnplaner	autobahnplan er
mündigkeit	mündig keit
kassenprüferin	kassenprüfer in
auslosung	auslosen ung
springer	springen er
klassenkämpferin	klassenkampf er in
kelterung	keltern ung
mariazeller	mariazell er
leuchtenberger	leuchtenberg er
systemkritiker	systemkritik er
breslauerin	breslau er in
verbandsvertreterin	verbandsvertreter in
ortsvorsteherin	ortsvorsteher in
pazifistin	pazifisch ist in
sträußchen	strauß chen
mäulchen	maul chen
ehegattin	ehegatte in
vielseitigkeit	vielseitig keit
walter	walt er
eggenberger	eggenberg er
marketingleiterin	marketingleiter in
villinger	villingen er
radikalreformerin	radikalreform er in
geschenkbändchen	geschenkband chen
personalwirtschaftlich	personalwirtschaft lich
erbauerin	erbauen er in
musiklehrer	musiklehre er
pilsner	pilsen er
geringfügigkeit	geringfügig keit
fließbandarbeiter	fließbandarbeit er
stadtverträglichkeit	stadtverträglich keit
ordnungsamtsleiterin	ordnungsamtsleiter in
väterchen	vater chen
unredlich	un reden lich
mutmaßlich	mutmaßen lich
tapsig	tapsen ig
zerschlagung	zer schlagen ung
ohnmächtig	ohnmacht ig
besitzerin	besitzen er in
querdenker	querdenken er
irrung	irren ung
landesschatzmeisterin	landesschatzmeister in
abweichung	abweichen ung
kaufkräftig	kaufkraft ig
bücherleser	bücherlesen er
nutzbar	nutzen bar
tramper	trampen er
begrifflichkeit	begriff lich keit
weißensteiner	weißenstein er
abrufbar	abrufen bar
vogelmännchen	vogelmann chen
wahlberlinerin	wahlberliner in
panzerung	panzern ung
leibwächterin	leibwächter in
unveränderlich	un verändern lich
altensteiger	altensteig er
verdrahtung	ver draht ung
bandkeramiker	bandkeramik er
korrekter	korrekte n er
unanfechtbar	un anfechten bar
unpersönlichkeit	un persönlich keit
großwallstädter	großwallstadt er
eigennützigkeit	eigennutz ig keit
zudringlichkeit	zudringlich keit
tagesbesucher	tagesbesuch er
regierungskritiker	regierungskritik er
parkplatzsucher	parkplatzsuche er
rieger	riege er
verdünnung	ver dünn ung
überstilisierung	überstilisieren ung
fleischesser	fleischesse er
pflanzlich	pflanzen lich
aufnahmeleiterin	aufnahmeleiter in
sulzbacher	sulzbach er
privatpatientin	privatpatient in
elfenbeintürmchen	elfenbeinturm chen
jugendturnerin	jugendturnen er in
abhärtung	abhärten ung
vervollständigung	ver vollständig ung
bestimmung	bestimmen ung
türker	türke er
stimmungslos	stimmen ung los
durchsuchung	durchsuchen ung
weltlich	welt lich
ersteigung	ersteigen ung
ablichtung	ablichten ung
wirker	wirken er
meerschweinchen	meerschwein chen
umarmung	umarmen ung
aufwendig	aufwenden ig
bundeskanzlerin	bundeskanzler in
glaublich	glauben lich
epiker	epik er
gleichartigkeit	gleichartig keit
spätzchen	spatz chen
fremdenfreundlichkeit	fremdenfreundlich keit
gliederung	gliedern ung
bankdrücker	bankdruck er
geruchlos	geruch los
glashäuschen	glashaus chen
stauung	stauen ung
siegenerin	siegen er in
schlußläuferin	schlußläufer in
gitarrenschüler	gitarrenschule er
gegnerin	gegner in
anbauer	anbauen er
wahlbeamtin	wahlbeamte in
klappbar	klappen bar
einbildung	ein bild ung
demokratieunfähigkeit	demokratieunfähig keit
wolfsburgerin	wolfsburg er in
pfullinger	pfullingen er
mittelständig	mittelstand ig
orchestermusiker	orchestermusik er
kunstradfahrer	kunstradfahren er
verunglimpfung	verunglimpfen ung
innenministerin	innenminister in
trommler	trommeln er
kirchentagspräsidentin	kirchentagspräsident in
erörterung	erörtern ung
hanauer	hanau er
ehrendoktorin	ehrendoktor in
großbanker	großbank er
planerin	planen er in
springerin	springen er in
einarbeitung	einarbeiten ung
widersinnig	widersinn ig
oberin	obere in
selbstmörderin	selbstmord er in
modeschöpferin	modeschöpfer in
anlehnung	anlehnen ung
handballspieler	handballspielen er
belgierin	belgien er in
verzückung	verzücken ung
orgelbauer	orgelbau er
fotokünstlerin	fotokunst ler in
reichenberger	reichenberg er
freiheitskämpferin	freiheitskampf er in
turniergewinner	turniergewinn er
josephin	joseph in
geschichtsträchtigkeit	geschichtsträchtig keit
bauherrin	bauherr in
cheftrainerin	cheftrainer in
verantwortlich	verantworten lich
justizbeamtin	justizbeamte in
aufbahrung	aufbahren ung
firmierung	firm e ier ung
realpolitiker	realpolitik er
gewissenlos	gewissen los
deuter	deuten er
zusammenlegung	zusammenlegen ung
bleisteiner	bleistein er
festsitzung	festsitzen ung
hotelbesitzerin	hotelbesitzer in
lastenträger	lastentragen er
minuszähler	minuszahl er
augsburger	augsburg er
unüberschreitbar	un überschreiten bar
automechanikerin	automechaniker in
tauberbischofsheimerin	tauberbischofsheim er in
aufdringlichkeit	aufdringlich keit
studentensprecherin	studentensprecher in
magerkeit	mager keit
kurierfahrerin	kurierfahrer in
schmerzlichkeit	schmerz lich keit
schauerlich	schau er lich
pantöffelchen	pantoffel chen
verzeichnung	verzeichnen ung
wuchtigkeit	wuchten ig keit
schmalzig	schmalzen ig
klösterlich	kloster lich
librettistin	librettist in
kommunikationswissenschaftlerin	kommunikationswissenschaft ler in
heimbewohnerin	heimbewohner in
nachehelich	nach ehe lich
verlagssprecherin	verlagssprecher in
mehrheitseigentümer	mehrheitseigentum er
glücksschweinchen	glücksschwein chen
bläser	blase er
selbstmitleidig	selbstmitleid ig
versilberung	ver silber ung
dietzer	dietz er
goldberger	goldberg er
trauzeugin	trauzeuge in
staatsfeindlich	staatsfeind lich
urmenschlich	urmensch lich
verehrerin	verehren er in
mönchberger	mönchberg er
gastregisseurin	gastregisseur in
unchristlichkeit	un chr ist lich keit
italienerin	italien er in
grafikdesigner	grafikdesign er
zeller	zell er
sauberhaltung	sauberhalten ung
betrüblich	betrüben lich
verfasserin	verfassen in
angstlos	angst los
südamerikanerin	südamerika aner in
unterstaatssekretärin	unterstaatssekretär in
pilotin	pilot in
dubrovniker	dubrovnik er
würdigung	würdigen ung
saftig	saft ig
sossenheimer	sossenheim er
schalter	schalten er
scheußlichkeit	scheußlich keit
wüstenstürmer	wüstensturm er
vertragsarbeiterin	vertragsarbeiter in
kokain	koka in
erdung	erden ung
abtrennung	abtrennen ung
erkenntlichkeit	erkenntlich keit
sortierung	sortieren ung
hutmacherin	hutmacher in
spreeathener	spreeathen er
anfeuerung	anfeuern ung
friedchen	fried chen
bezirksmeisterin	bezirksmeister in
fernsehsüchtig	fernsehsucht ig
zahnrädchen	zahnrad chen
bündelung	bündeln ung
cannstatter	cannstatt er
begrifflich	begriff lich
donaustädter	donaustadt er
verehelichen	ver ehe lich
rothaarig	rothaar ig
botschafter	botschaft er
daimlerstädter	daimlerstadt er
wirkungsgeschichtlich	wirkungsgeschichte lich
lohndrücker	lohndruck er
bewirtschaftung	be wirtschaft ung
kasteiung	kasteien ung
kassenärztlich	kassenarzt lich
agraringenieurin	agraringenieur in
unhörbarkeit	un hörbar keit
segler	segeln er
kulturanthropologin	kulturanthropologe in
vermeidung	vermeiden ung
oberkellnerin	oberkellner in
abschaffung	abschaffen ung
ablieferung	abliefern ung
bedenklich	bedenken lich
wundergläubig	wunderglaube ig
vollzeitschüler	vollzeitschule er
stufenlos	stufe los
mannschaftsspieler	mannschaftsspiel er
beantwortung	be antwort ung
weizenkörner	weizenkorn er
tannenberger	tannenberg er
ingrimmig	ingrimm ig
aussiedlerin	aussiedeln er in
anhebung	anheben ung
aufmunterung	aufmuntern ung
punktezähler	punktezahl er
färberin	farbe er in
schlüpfer	schlüpfen er
ungeheuerlich	ungeheuer lich
pokerspieler	pokerspiel er
saxophonspieler	saxophonspiel er
brüderlein	bruder lein
steinhofer	steinhof er
anspielung	anspielen ung
vizeministerin	vizeminister in
dienstpflichtig	dienstpflicht ig
maler	malen er
anilin	anil in
finalgegnerin	finalgegner in
drücker	drucken er
vorlesung	vorlesen ung
fernbedienung	fernbedienen ung
menschenräuber	menschenraub er
rückbezüglich	rückbezug lich
wildbader	wildbad er
speisung	speisen ung
meldepflichtig	meldepflicht ig
eingreifer	eingreifen er
lockung	locken ung
geduldig	geduld ig
gänger	gang er
lieblingsspieler	lieblingsspiel er
gleisbauer	gleisbau er
bauernhäuschen	bauernhaus chen
steinbauer	steinbau er
prozentpünktchen	prozentpunkt chen
klientin	klient in
frauenfreundlich	frauenfreund lich
holprigkeit	holprig keit
fährschiffer	fährschiff er
somalierin	somalia er in
starautorin	starautor in
fernsehtechniker	fernsehtechnik er
gleichmütigkeit	gleichmut ig keit
dickhäutig	dickhaut ig
begeisterung	begeistern ung
hausbesetzerin	hausbesetzen er in
aufmerksamkeit	aufmerksam keit
tontechnikerin	tontechnik er in
marienburger	marienburg er
mordlustig	mordlust ig
fagottistin	fagott ist in
schmuckdesigner	schmuckdesign er
baseballspieler	baseballspiel er
bildungswissenschaftlich	bildungswissenschaft lich
umbuchung	um buch ung
nervig	nerven ig
wochentäglich	wochentag lich
sudaner	sudan er
jugendfreundin	jugendfreund in
heizung	heizen ung
kauflustig	kauflust ig
kettenraucher	kettenrauchen er
züchter	züchten er
herausbildung	herausbilden ung
vizebürgermeisterin	vizebürgermeister in
vorsängerin	vorsänger in
schreckenberger	schreckenberg er
eishockeyspieler	eishockeyspiel er
schauspielschülerin	schauspielschule er in
frauenrechtlerin	frauenrecht ler in
tischlein	tisch lein
garantiegeberin	garantiegeber in
gaststättenbesucher	gaststättenbesuch er
roßberger	roßberg er
menschenfreundin	menschenfreund in
riesig	riese ig
fremdenführerin	fremdenführer in
hauptkritiker	hauptkritik er
empfänger	empfang er
rüsselsheimer	rüsselsheim er
belehrbar	belehren bar
raffgierig	raffgier ig
juniorchefin	juniorchef in
vertrauensärztlich	vertrauensarzt lich
pokalsiegerin	pokalsieg er in
gesprächsleiterin	gesprächsleiter in
trinker	trinken er
beauftragung	be auftrag ung
untertunnelung	untertunneln ung
landhäuschen	landhaus chen
farbenprächtig	farbenpracht ig
söhnchen	sohn chen
sandkühler	sandkühle er
leugner	leugnen er
oberstudiendirektorin	oberstudiendirektor in
steuersparer	steuersparen er
menschenfeindlich	menschenfeind lich
weinmacher	weinmachen er
klingenberger	klingenberg er
europameisterin	europameister in
belastungszeugin	belastungszeuge in
vorführer	vorführen er
skifahrer	skifahren er
wohltätigkeit	wohltat ig keit
kürner	küren er
bewerbung	bewerben ung
landesväterlich	landesvater lich
feldmäuschen	feldmaus chen
vertäfelung	vertäfeln ung
untragbarkeit	un tragbar keit
missetäter	missetat er
baudezernentin	baudezernent in
pressereferentin	pressereferent in
superstürmer	supersturm er
tätowierung	tätowieren ung
blättchen	blatt chen
religionslos	religion los
kunstpädagogin	kunstpädagoge in
museumsdirektorin	museumsdirektor in
bestattungsunternehmer	bestattungsunternehmen er
firmensprecherin	firmensprecher in
rekonstruierung	rekonstruieren ung
bezeugung	bezeugen ung
geschlechtsgenossin	geschlechtsgenosse in
nachbearbeitung	nachbearbeiten ung
überehrgeizig	über ehrgeiz ig
vermögensrechtlich	vermögensrecht lich
berufsgenossenschaftlich	berufsgenossenschaft lich
förmlichkeit	förmlich keit
olympionikin	olympionike in
mietrechtlich	mietrecht lich
schwarzafrikanerin	schwarzafrika aner in
unbewohnbar	un bewohnen bar
gemüseanbauer	gemüseanbau er
ausschreibung	ausschreiben ung
schmissigkeit	schmissig keit
koppelung	koppeln ung
diplomlehrerin	diplomlehrer in
ehrlichkeit	ehrlich keit
sprachmächtigkeit	sprachmächtig keit
maschinenschriftlich	maschinenschrift lich
unartig	unart ig
zeichenlehrer	zeichenlehre er
großväterlich	großvater lich
geschneidert	ge schneiden er
passantin	passant in
heppenheimer	heppenheim er
kreisspieler	kreisspiel er
gestalterin	gestalten er in
bekämpfung	bekämpfen ung
erlöser	erlösen er
lutscher	lutschen er
umweltschützer	umweltschutz er
förderungswürdigkeit	förderungswürdig keit
verkehrsexpertin	verkehrsexperte in
urteilsfähigkeit	urteilsfähig keit
splittern	splitt er
hauptanteilseignerin	hauptanteilseigner in
erregung	erregen ung
gutenberger	gutenberg er
grundeigentümerin	grundeigentum er in
rechtswissenschaftlerin	rechtswissenschaft ler in
rechtskräftigkeit	rechtskraft ig keit
bezirkssekretärin	bezirkssekretär in
oppositionslos	opposition los
stauer	stauen er
schlierseer	schliersee er
freigeistig	freigeist ig
backsteinhäuschen	backsteinhaus chen
ballung	ballen ung
filialleiterin	filialleiter in
büßer	büßen er
kapstädter	kapstadt er
obstbauer	obstbau er
diätassistentin	diätassistent in
wohnbar	wohnen bar
wiederbelegung	wiederbelegen ung
schulsenatorin	schulsenator in
strukturlos	struktur los
entzifferung	entziffern ung
stellerin	stellen er in
unterlassung	unterlassen ung
fachreferentin	fachreferent in
engin	eng e in
verheimlichung	ver heimlich ung
betonbauer	betonbau er
rechtshänderin	rechtshänder in
abschreibung	abschreiben ung
griesheimer	griesheim er
blumenberger	blumenberg er
lesbarkeit	lesen bar keit
theaterregisseurin	theaterregisseur in
ergründung	ergründen ung
montierung	montieren ung
ausstellungsdesigner	ausstellungsdesign er
glanzlos	glanz los
gebrauchsgrafiker	gebrauchsgrafik er
entsorgungsplaner	entsorgungsplan er
walzwerker	walzwerk er
mitfinanzierung	mitfinanzieren ung
patentrechtlich	patentrecht lich
erlegung	erlegen ung
abwendbar	abwenden bar
achtziger	achtzig er
ehrenwörtlich	ehrenwort lich
beteiligung	beteiligen ung
bergrechtlich	bergrecht lich
hauptlieferantin	hauptlieferant in
standardisierung	standard isier ung
belehrung	belehren ung
wiederbeschaffung	wiederbeschaffen ung
ätzung	ätzen ung
sichtbarkeit	sichten bar keit
gartenbauschüler	gartenbauschule er
spielverderberin	spielverderber in
versager	versagen er
klötzchen	klotz chen
umfahrung	umfahren ung
übermittler	übermitteln er
dachkämmerchen	dachkammer chen
modellierung	modell ier ung
antragstellerin	antragstelle er in
verbesserung	verbessern ung
enterbung	enterben ung
hannoveranerin	hannover aner in
schieber	schieben er
bluttäter	bluttat er
stückchen	stück chen
robbenfänger	robbenfang er
reiniger	rein e ig er
gipfelstürmerin	gipfelsturm er in
doppelspieler	doppelspiel er
konsumgenossenschaftlich	konsumgenossenschaft lich
überwälzung	überwälzen ung
motorenbauer	motorenbau er
eichelberger	eichelberg er
streiter	streiten er
sandberger	sandberg er
gegenspielerin	gegenspiel er in
wochengewinner	wochengewinn er
leistungssportlich	leistungssport lich
rückgängig	rückgang ig
jugendvertreterin	jugendvertreter in
gründlich	gründen lich
zerstörerin	zerstören er in
presseöffentlichkeit	presseöffentlich keit
hänger	hängen er
ponyreiterin	ponyreiten er in
städtepartnerschaftlich	städtepartner schaft lich
lockenköpfchen	lockenkopf chen
verwirklichen	ver wirken lich
tüchlein	tuch lein
urwüchsigkeit	urwüchsig keit
gegentreffer	gegentreffen er
verbin	verb in
fürstlich	fürst lich
unendlich	un ende lich
erziehungsschwierigkeit	erziehungsschwierig keit
ermordung	ermorden ung
frühstarter	frühstart er
verwilderung	verwildern ung
einspeisung	einspeisen ung
auferweckung	auferwecken ung
juniorenmeisterin	juniorenmeister in
macher	machen er
erholung	erholen ung
bodendenkmalpfleger	bodendenkmalpflege er
stützung	stützen ung
grenzstädtchen	grenzstadt chen
hintersteiner	hinterstein er
mittelstürmerin	mittelstürmer in
erbauer	erbauen er
sanierungsbedürftigkeit	sanierungsbedürftig keit
berufskundlich	berufskunde lich
zoobesucher	zoobesuch er
duisburgerin	duisburg er in
unterredung	unterreden ung
kilometerzähler	kilometerzahl er
goldin	gold in
kleber	kleben er
heiligenhäuschen	heiligenhaus chen
hilfebedürftigkeit	hilfebedürftig keit
fraktionskollegin	fraktionskollege in
wohnungskäufer	wohnungskauf er
starnbergerin	starnberg er in
ausprägung	ausprägen ung
bezugsfertigkeit	bezugsfertig keit
elektrifizierung	elektrifizieren ung
beseitigung	beseitigen ung
regierungspräsidentin	regierungspräsident in
geologin	geologe in
elektroinstallateurin	elektroinstallateur in
belegbar	belegen bar
sportlichkeit	sport lich keit
nichtraucherin	nichtrauchen er in
schönsein	schönsee in
altenpflegerin	altenpflege er in
gemeindeassistentin	gemeindeassistent in
ägypterin	ägypten er in
heldin	held in
laufbahnrechtlich	laufbahnrecht lich
innenpolitiker	innenpolitik er
abwendung	abwenden ung
drehbuchautorin	drehbuchautor in
polin	pol in
mittäterin	mittäter in
erbrechtlich	erbrecht lich
überzieher	überziehen er
zechenhäuschen	zechenhaus chen
gefühlsseligkeit	gefühlsselig keit
siegener	siegen er
bemühung	bemühen ung
fadenspieler	fadenspiel er
tranig	tran ig
bullig	bull ig
notwendigkeit	notwendig keit
hürdenläuferin	hürdenlauf er in
normung	normen ung
unabhängig	un abhängen ig
überzeugungskräftig	überzeugungskraft ig
widerwärtigkeit	widerwärtig keit
unveränderlichkeit	un verändern lich keit
sennerin	sennen in
anhörung	anhören ung
zügelung	zügeln ung
hoheitsrechtlich	hoheitsrecht lich
rasenspieler	rasenspiel er
privatschüler	privatschule er
verdichter	ver dicht er
metallstäbchen	metallstab chen
schriftstellerkollegin	schriftstellerkollege in
genehmigungsfähigkeit	genehmigungsfähig keit
üppigkeit	üppig keit
schläger	schlag er
sympathieträgerin	sympathieträger in
eisverkäufer	eisverkauf er
fischzüchter	fischzucht er
wiedereinstellung	wiedereinstellen ung
zeugung	zeugen ung
verdränger	verdrängen er
vorjahresgewinner	vorjahresgewinn er
profisportlerin	profisport ler in
botaniker	botanik er
bodensteiner	bodenstein er
negierung	negieren ung
bochumerin	bochum er in
gefängnisseelsorger	gefängnisseelsorge er
konzeptionslos	konzeption los
kulturlos	kultur los
senker	senke er
filmjournalistin	filmjournalist in
autodesigner	autodesign er
tränlein	träne lein
bemäntelung	bemänteln ung
zivilgesellschaftlich	zivilgesellschaft lich
konservatorin	konservator in
einsteller	einstellen er
kaperung	kapern ung
hockeyspieler	hockeyspielen er
schwächung	schwächen ung
überschuldung	überschulden ung
erinnerungslos	erinnern ung los
verderberin	ver derb er in
pferdepflegerin	pferdepfleger in
theaterchefin	theaterchef in
rauchig	rauchen ig
kumulierung	kumulieren ung
erheiterung	erheitern ung
bandarbeiter	bandarbeit er
klatschreporterin	klatschreporter in
ehepartnerin	ehepartner in
fürstlichkeit	fürst lich keit
kroneberger	kroneberg er
übersteigerung	übersteigern ung
akklimatisierung	akklimatisieren ung
osteuropäerin	osteuropäer in
kampfgefährtin	kampfgefährte in
betriebsärztlich	betriebsarzt lich
unmündigkeit	un mündig keit
bestimmbar	bestimmen bar
ulmer	ulme er
unvorsichtig	un vorsicht ig
grundgesetzlich	grundgesetz lich
angeblich	angeben lich
fraglich	fragen lich
pläuschchen	plausch chen
trunksüchtig	trunksucht ig
schwänzchen	schwanz chen
handlungsfähigkeit	handlungsfähig keit
mißhandler	mißhandeln er
linchen	lin chen
modelleisenbahner	modelleisenbahn er
aufklärung	aufklären ung
sowjetbürgerin	sowjetbürger in
lektorin	lektor in
dreieckig	dreieck ig
transformierung	transformieren ung
friedenskämpferin	friedenskampf er in
selbstähnlichkeit	selbstähnlich keit
einstufung	einstufen ung
veranstalterin	ver anstalt er in
globetrotterin	globetrotter in
pfählung	pfählen ung
demokratiefeindlichkeit	demokratiefeind lich keit
eroberung	erobern ung
vermehrung	ver mehr ung
annehmbar	annehmen bar
ziellos	ziel los
antragssteller	antragsstelle er
nachsichtigkeit	nachsicht ig keit
prüfungspflichtig	prüfungspflicht ig
fremdsprachenkorrespondentin	fremdsprachenkorrespondent in
betriebsberaterin	betriebsberater in
justin	just in
nachmeldung	nachmelden ung
kränklich	kränken lich
schnittig	schnitte ig
dichter	dichten er
gewaltverbrecher	gewaltverbrechen er
nutzfahrzeugbauer	nutzfahrzeugbau er
erstaunlich	erstaunen lich
zugkräftig	zugkraft ig
südpfälzer	südpfalz er
selbstbetrüger	selbstbetrug er
beachtlich	be acht lich
kransberger	kransberg er
rädchen	rad chen
klavierbauer	klavierbau er
profilierung	profil ier ung
losverkäufer	losverkauf er
pilsener	pilsen er
nachwuchswissenschaftlerin	nachwuchswissenschaftler in
überantwortung	überantworten ung
hainer	hae in er
gewerkschaftsvertreterin	gewerkschaftsvertreter in
ligaspieler	ligaspiel er
gemüseverkäuferin	gemüseverkauf er in
verbildlichung	ver bild lich ung
zeitungsausträgerin	zeitungsaustragen er in
finnin	finne in
einlegung	einlegen ung
geldverteiler	geldverteilen er
verwesung	verwesen ung
wehrpflichtig	wehrpflicht ig
beschädigung	beschädigen ung
macker	macke er
konstatierung	konstatieren ung
nacheiszeitlich	nacheiszeit lich
traulichkeit	trauen lich keit
lackierung	lack ier ung
lebensfeindlich	lebensfeind lich
mitarbeiterin	mitarbeiten er in
formulierung	formulieren ung
gästeführerin	gästeführer in
fünfzehner	fünfzehn er
kerntechniker	kerntechnik er
wertpapierbesitzer	wertpapierbesitz er
vereinheitlichen	ver einheit lich
spitzohrig	spitzohr ig
staffelläufer	staffellauf er
briefwähler	briefwahl er
florstädter	florstadt er
zuneigung	zuneigen ung
sprachfähigkeit	sprachfähig keit
überparteilichkeit	über partei lich keit
farmer	farm er
abbaubar	abbauen bar
fettleibigkeit	fettleibig keit
göteborger	göteborg er
widersacherin	widersacher in
kohlberger	kohlberg er
filmpartnerin	filmpartner in
bundesverfassungsrichterin	bundesverfassungsrichter in
pforzheimerin	pforzheim er in
fachlehrerin	fachlehrer in
arbeiter	arbeiten er
landeshauptstädter	landeshauptstadt er
fortpflanzungsmediziner	fortpflanzungsmedizin er
geringschätzung	geringschätzen ung
hochtechnisierung	hochtechnisch isier ung
empfängerin	empfang er in
hüttenwerker	hüttenwerk er
schächtelchen	schachtel chen
aschaffenburger	aschaffenburg er
taxifahrerin	taxifahren er in
plauderer	plaudern er
unsichtbarkeit	un sichten bar keit
aufspaltung	auf spalt ung
gärtnerin	gärtner in
visapflichtig	visapflicht ig
überschätzung	überschätzen ung
firmenaufkäufer	firmenaufkauf er
formbarkeit	formen bar keit
schulpsychologin	schulpsychologe in
aktivistin	akt iv ist in
phantasielos	phantasie los
zündler	zündeln er
codierung	code ier ung
disziplinarrechtlich	disziplinarrecht lich
libyer	libyen er
seinsgeschichtlich	seinsgeschichte lich
holzschläger	holzschlag er
hauptinitiatorin	hauptinitiator in
eder	ede er
lokalgeschichtlich	lokalgeschichte lich
forscherin	forschen er in
hehler	hehl er
albin	albe in
sozialreformer	sozialreform er
dresdner	dresden er
farbdrucker	farbdruck er
unschicklichkeit	un schick e lich keit
gasteiner	gastein er
gewaltlos	gewalt los
sonderschülerin	sonderschule er in
einspritzung	einspritzen ung
genießbar	genießen bar
fremdenfeindlichkeit	fremdenfeind lich keit
erblasser	erblassen er
wissenschaftlerin	wissenschaft ler in
wiesbadenerin	wiesbaden er in
quantenphysiker	quantenphysik er
geheimhaltungsbedürftigkeit	geheimhaltungsbedürftig keit
absehbar	absehen bar
pariser	paris er
esin	ese in
mehrheitlich	mehrheit lich
überbelegung	über beleg ung
rober	robe er
ortsüblichkeit	ortsüblich keit
schrubber	schrubben er
abbildung	abbilden ung
harmoniesüchtig	harmoniesucht ig
kunstsinnigkeit	kunstsinn ig keit
teilchenphysiker	teilchenphysik er
artikulationsfähigkeit	artikulationsfähig keit
erbärmlichkeit	erbärmlich keit
friedrichsberger	friedrichsberg er
nachbewilligung	nachbewilligen ung
klagbar	klagen bar
gleichgewichtig	gleichgewicht ig
teufelin	teufel in
integrationsfähigkeit	integrationsfähig keit
ernährungswissenschaftlich	ernährungswissenschaft lich
zungenfertigkeit	zungenfertig keit
bärtig	barte ig
unehrlichkeit	unehre lich keit
afghanin	afghane in
landesherrlich	landesherr lich
regungslos	regen ung los
unfallfahrerin	unfallfahrer in
innovationsfreudigkeit	innovationsfreude ig keit
wahlbeobachterin	wahlbeobachter in
kachelofenbauer	kachelofenbau er
kartenhäuschen	kartenhaus chen
demütig	demut ig
verkrüppelung	ver krüppel ung
anwenderin	anwenden er in
vollziehung	vollziehen ung
instinktlos	instinkt los
salamibrötchen	salamibrot chen
männlichkeit	mann lich keit
staatsbürgerin	staatsbürger in
unruhestifterin	unruhestifter in
begründerin	begründen er in
sozialhelferin	sozialhelfer in
lebensreformer	lebensreform er
verweichlichen	ver weich lich
alltäglichkeit	alltag lich keit
registrierung	registrieren ung
architekturgeschichtlich	architekturgeschichte lich
unterstützer	unterstützen er
herrlichkeit	herr lich keit
mittelöstlich	mittelost lich
verkäuferin	verkaufen er in
trübsalbläser	trübsalblasen er
sozialberaterin	sozialberater in
papstwähler	papstwahl er
krebsanfälligkeit	krebsanfällig keit
köstlichkeit	kost lich keit
karmeliter	karmelit er
hochstädter	hochstadt er
trampolinspringer	trampolinspringen er
städtebauer	städtebau er
kaninchenzüchter	kaninchenzucht er
ringelschwänzchen	ringelschwanz chen
tierfreundlich	tierfreund lich
mütterlich	mutter lich
untervermietung	untervermieten ung
steinbrunner	steinbrunnen er
löckchen	locke chen
halbgöttlich	halbgott lich
abschwächung	ab schwach e ung
anforderung	anfordern ung
landesgesetzlich	landesgesetz lich
zitherspieler	zitherspiel er
schiffchen	schiff chen
stundung	stunden ung
weltpolitiker	weltpolitik er
resultatlos	resultat los
energielos	energie los
ehrwürdig	ehrwürde ig
bemerkung	bemerken ung
umgruppierung	umgruppieren ung
ladenbauer	ladenbau er
patentierbar	patente ier bar
widerspruchslos	widerspruch los
armenierin	armenien er in
verwerfung	verwerfen ung
steller	stellen er
gräfin	gräf in
puppenspieler	puppenspielen er
missionarin	missionar in
lothringer	lothringen er
mondsüchtig	mondsucht ig
beschwichtigung	beschwichtigen ung
landschaftsplanerin	landschaftsplan er in
zweizügigkeit	zweizügig keit
kanufahrer	kanufahren er
obstbäumchen	obstbaum chen
genehmigungsrechtlich	genehmigungsrecht lich
erzherzogin	erzherzog in
fernüberwachung	fernüberwachen ung
unumgänglich	un umgang lich
entsorgungspflichtig	entsorgungspflicht ig
nachbarstädtchen	nachbarstadt chen
feldarbeiterin	feldarbeit er in
vorwarnung	vorwarnen ung
unauffindbar	un auffinden bar
drogenkrieger	drogenkrieg er
baugewerblich	baugewerbe lich
manager	managen er
grundrechtlich	grundrecht lich
andächtig	andacht ig
neugieriger	neugierige n er
einholung	einholen ung
abenteurer	abenteuer er
genüßlich	genuß lich
judenfeindlichkeit	judenfeindlich keit
nicolin	nicole in
abmessung	abmessen ung
liedermacherin	liedermacher in
aktienbesitzer	aktienbesitz er
jungsteinzeitlich	jungsteinzeit lich
verlautbarung	verlautbaren ung
schwindsüchtig	schwindsucht ig
größenwahnsinnig	größenwahnsinn ig
kabelwerker	kabelwerk er
eidesstattlich	eidesstatt lich
objektschützer	objektschutz er
beisetzung	beisetzen ung
fremdsprachig	fremdsprache ig
weiterbildung	weiterbilden ung
allgemeingültigkeit	allgemeingültig keit
mitschülerin	mitschüler in
unschlüssigkeit	un schlüssig keit
vorweihnachtlich	vor weihnachten lich
main	mae in
abschirmung	abschirmen ung
verkaufbar	verkaufen bar
schlagzeuger	schlagzeug er
wahnwitzig	wahnwitz ig
vierkämpfer	vierkampf er
perfektionistin	perfektion ist in
überdimensionierung	überdimensionieren ung
bierbrauer	bierbrauen er
museumsmitarbeiterin	museumsmitarbeiter in
feuerung	feuern ung
handhabbar	handhaben bar
korntaler	korntal er
wirtschaftsreferentin	wirtschaftsreferent in
unerläßlichkeit	unerläßlich keit
trassierung	trasse ier ung
bonner	bonne er
lichtpünktchen	lichtpunkt chen
politiklehrerin	politiklehrer in
siedlerhäuschen	siedlerhaus chen
facharbeiter	facharbeit er
randalierer	randale ier er
nebenbuhlerin	nebenbuhler in
veranschaulichung	ver anschauen lich ung
juniorenweltmeisterin	juniorenweltmeister in
wasserverkäufer	wasserverkauf er
ausländerbehördlich	ausländerbehörde lich
rechtsreferentin	rechtsreferent in
bozener	bozen er
uhrtürmchen	uhrturm chen
pilzsucher	pilzsuche er
tanzmusiker	tanzmusik er
schiedsrichterlich	schiedsrichter lich
holzung	holzen ung
herausfordererin	herausforderer in
harzburger	harzburg er
weinstädter	weinstadt er
weiterbenutzung	weiterbenutzen ung
umwälzung	umwälzen ung
eichenwäldchen	eichenwald chen
sinsheimer	sinsheim er
polizeichefin	polizeichef in
gastreferentin	gastreferent in
bremser	bremsen e er
bedienungsfreundlichkeit	bedienungsfreundlich keit
gesinnungsgenossin	gesinnungsgenosse in
beheizung	beheizen ung
enthüllung	enthüllen ung
medienwissenschaftlerin	medienwissenschaft ler in
eigenartig	eigenart ig
anheuerung	anheuern ung
huldigen	huld ig
tschernobyler	tschernobyl er
sachsenhauser	sachsenhausen er
unstimmig	un stimmen ig
lettin	lette in
füller	füllen er
werbegraphiker	werbegraphik er
ortung	orten ung
möglichkeit	möglich keit
unverantwortlich	un verantworten lich
mitternächtlich	mitternacht lich
einsperrung	einsperren ung
erdig	erden ig
gängig	gang ig
kameradschaftlichkeit	kamerad schaft lich keit
fotodesigner	fotodesign er
südwürttemberger	südwürttemberg er
umklammerung	um klammer ung
altstädter	altstadt er
ablehner	ablehnen er
schmierigkeit	schmieren e ig keit
lübeckerin	lübeck er in
filterung	filtern ung
konvertierung	konvertieren ung
befahrbar	befahren bar
kindler	kindl er
umweltverträglichkeit	umweltverträglich keit
protestlos	protest los
gemeindepolitiker	gemeindepolitik er
körperlich	körper lich
einfaltslos	einfalt los
seniorenbetreuerin	seniorenbetreuer in
befürworter	befürworten er
zurückstellung	zurückstellen ung
hautverträglichkeit	hautverträglich keit
übermächtig	übermacht ig
politikmacher	politikmachen er
täfelung	täfeln ung
verleugnung	verleugnen ung
spendung	spenden ung
systemdenker	systemdenken er
empörung	empören ung
widerspenstigkeit	widerspenstig keit
vorsichtig	vorsicht ig
verhandlungsfähigkeit	verhandlungsfähig keit
frauenfreundlichkeit	frauenfreund lich keit
stadtjugendpflegerin	stadtjugendpflege er in
ungesellig	un gesellen ig
eindringlicher	eindringen lich e er
bearbeitung	bearbeiten ung
soner	son er
reifung	reifen ung
herabsetzung	herabsetzen ung
volkspolizistin	volkspolizei ist in
kulturplaner	kulturplan er
bildlos	bild los
raumfahrttechniker	raumfahrttechnik er
abstellung	abstellen ung
alteigentümer	alteigentum er
dortmunderin	dortmund er in
olympiateilnehmerin	olympiateilnehmer in
elektrohandwerker	elektrohandwerk er
sexualberaterin	sexualberater in
magdeburgerin	magdeburg er in
verschonung	verschonen ung
stilberaterin	stilberater in
verminderung	ver minder ung
rauschgiftdealer	rauschgiftdeal er
rächerin	rächen er in
wünschbar	wünschen bar
einfältig	einfalt ig
zeitgeistig	zeitgeist ig
unumgänglichkeit	un umgang lich keit
glitschig	glitschen ig
bilanzierung	bilanz ier ung
einzigartigkeit	einzigartig keit
beliebigkeit	belieben ig keit
ideologin	ideologe in
niederländer	niederlande er
funktionsträgerin	funktionsträger in
heutig	heute ig
freisinnig	freisinn ig
feldspieler	feldspiel er
pieper	piepen er
körperlos	körper los
amateurin	amateur in
ausbildungsleiterin	ausbildungsleiter in
plötzlich	plötze lich
tierhalterin	tierhalter in
weiblich	weib lich
nachwuchsautorin	nachwuchsautor in
skandinavier	skandinavien er
widerspruchsführerin	widerspruchsführer in
detailfreudigkeit	detailfreude ig keit
lindner	linden er
leidenschaftlichkeit	leiden schaft lich keit
nichtraucher	nichtrauchen er
hanger	hang er
ministerialdirektorin	ministerialdirektor in
berufspraktikantin	berufspraktikant in
hausberger	hausberg er
eisenberger	eisenberg er
heusenstammer	heusenstamm er
haitianerin	haiti aner in
agrartechniker	agrartechnik er
gastdozentin	gastdozent in
energiepolitiker	energiepolitik er
nazimörder	nazimord er
voraussetzungslos	voraussetzen ung los
hintergehung	hintergehen ung
kratzer	kratzen er
besetzer	besetzen er
glaubwürdigkeit	glaubwürdig keit
bewahrung	bewahren ung
neutralisierung	neutrale isier ung
deckelung	deckeln ung
lichtempfindlichkeit	lichtempfindlich keit
bierstädter	bierstadt er
taschenbüchlein	taschenbuch lein
begriffsgeschichtlich	begriffsgeschichte lich
hauseigentümer	hauseigentum er
nürtinger	nürtingen er
beitreibung	beitreiben ung
tagebuchschreiber	tagebuchschreiben er
kinderpsychologin	kinderpsychologe in
christofer	christof er
birnenförmig	birnenform ig
grantig	grant ig
umlegung	umlegen ung
gesellschaftswissenschaftlich	gesellschaftswissenschaft lich
massierung	massieren ung
privatrechtlich	privatrecht lich
wiederkäuer	wiederkäuen er
eigentümer	eigentum er
stierkämpfer	stierkampf er
ausländerrechtlich	ausländerrecht lich
prophezeiung	prophezeien ung
fachverkäuferin	fachverkäufer in
zerrung	zerren ung
heimatpfleger	heimatpflege er
humanisierung	humane isier ung
jugendfußballer	jugendfußball er
frauensteiner	frauenstein er
verankerung	verankern ung
leistungsträgerin	leistungsträger in
projektmitarbeiterin	projektmitarbeiter in
autostopper	autostopp er
bioethiker	bioethik er
anhäufung	anhäufen ung
personalsachbearbeiterin	personalsachbearbeiter in
heizungsbauer	heizungsbau er
hauseigentümerin	hauseigentum er in
schuldezernentin	schuldezernent in
pfingsturlauber	pfingsturlaub er
empörer	empören er
denkmalpfleger	denkmalpflege er
schriftführerin	schriftführer in
rückhaltlos	rückhalt los
heilsversprecher	heilsversprechen er
kranzberger	kranzberg er
wirtschaftsjournalistin	wirtschaftsjournal ist in
schlößlein	schloß lein
kassenhäuschen	kassenhaus chen
nachmittagsschläfchen	nachmittagsschlaf chen
tilgung	tilgen ung
glücksspielerin	glücksspiel er in
kurzwellenempfänger	kurzwellenempfang er
saarländerin	saarland er in
wasserlos	wasser los
oberbürgermeisterin	oberbürgermeister in
annullierung	annullieren ung
gebrechlich	gebrech lich
läufer	lauf er
arbeitsschutzrechtlich	arbeitsschutzrecht lich
testamentsvollstreckerin	testamentsvollstrecker in
vizepräsidentin	vizepräsident in
abschreckung	abschrecken ung
mutmacherin	mutmachen er in
handtaschenräuber	handtaschenraub er
torjägerin	torjäger in
filmkritikerin	filmkritik er in
ungleichzeitig	un gleichzeit ig
wiedererstarkung	wiedererstarken ung
entlarvung	entlarven ung
aufnahmefähigkeit	aufnahmefähig keit
poetin	poet in
personalplaner	personalplan er
einzelhändlerin	einzelhändler in
sinnvoller	sinnvollen er
verzweiflungstäter	verzweiflungstat er
urbanisierung	urbane isier ung
praktikantin	praktikant in
kommissionssprecherin	kommissionssprecher in
falkenhagener	falkenhagen er
untergliederung	untergliedern ung
eigensinnig	eigensinn ig
stadtführerin	stadtführer in
männerfreundlich	männerfreund lich
unantastbarkeit	unantastbar keit
jugendhilfeplaner	jugendhilfeplan er
fesselung	fesseln ung
kleinmütigkeit	kleinmut ig keit
kunstwissenschaftlerin	kunstwissenschaft ler in
zugbegleiterin	zugbegleiter in
hausleiterin	hausleiter in
selbstgefällig	selbstgefallen ig
rundfunkjournalistin	rundfunkjournalist in
republikflüchtig	republikflucht ig
dreher	drehen er
verkehrsunternehmer	verkehrsunternehmen er
einzelstarter	einzelstart er
parteifreundin	parteifreund in
mißbrauchbarkeit	mißbrauchen bar keit
versiegelung	ver siegel ung
straftäterin	straftat er in
inhaltlich	inhalt lich
unterlegung	unterlegen ung
baurechtlich	baurecht lich
unverkäuflich	un verkauf lich
schöffin	schöffe in
käsebrötchen	käsebrot chen
regulierung	regulieren ung
häßlichkeit	haß lich keit
regionalisierung	regionale isier ung
lebensnotwendigkeit	lebensnotwendig keit
bürgerschaftspräsidentin	bürgerschaftspräsident in
abmahnung	abmahnen ung
einmütigkeit	einmut ig keit
kaltherzigkeit	kaltherzig keit
adelig	adele ig
ehrgeizig	ehrgeiz ig
abfertigung	abfertigen ung
schaffung	schaffen ung
unhandlich	un hand lich
sieglos	siegen los
feinfühligkeit	feinfühlig keit
nachbörslich	nachbörse lich
wahrung	wahren ung
gesichtslos	gesicht los
mauerbauer	mauerbau er
krallig	krallen ig
beurteilung	beurteilen ung
überlassung	überlassen ung
erbsenzähler	erbsenzählen er
verdaulich	verdauen lich
verdrehung	verdrehen ung
hochsommerlich	hochsommer lich
mönchengladbacher	mönchengladbach er
schnapsbrenner	schnapsbrennen er
filmverleiher	filmverleih er
verkennung	verkennen ung
lottospieler	lottospielen er
treuhänder	treuhand er
reiterin	reiten er in
kompostierung	kompost ier ung
wechsler	wechseln er
veränderlichkeit	verändern lich keit
löwensteiner	löwenstein er
münchener	münchen er
verweslich	verwesen lich
betriebsamkeit	betriebsam keit
einigung	einigen ung
tötung	töten ung
niederlassung	niederlassen ung
literaturstudentin	literaturstudent in
metzgerin	metzger in
vorbehaltlos	vorbehalt los
utopielos	utopie los
wohnungsmieter	wohnungsmiete er
sparkommissarin	sparkommissar in
lateinamerikanerin	lateinamerika aner in
einsatzfreudig	einsatzfreude ig
sehringer	sehring er
erziehungsministerin	erziehungsminister in
pilzförmig	pilzform ig
laxenburger	laxenburg er
nasenbohrer	nasenbohren er
schmähung	schmähen ung
klumpig	klumpen ig
büroarbeiter	büroarbeit er
bezirksbürgermeisterin	bezirksbürgermeister in
kommandantin	kommandant in
allmächtig	allmacht ig
teilbar	teilen bar
datentechniker	datentechnik er
entlohnung	entlohnen ung
gottesauer	gottesaue er
sprachlehrerin	sprachlehre er in
lieblingsmusiker	lieblingsmusik er
nichtarbeiter	nichtarbeit er
wiedergängerin	wiedergänger in
gegenseitigkeit	gegenseite ig keit
demonstrationsteilnehmerin	demonstrationsteilnehmer in
beachtung	be acht ung
filmtechniker	filmtechnik er
nachempfindbar	nachempfinden bar
fahrradfreundlich	fahrradfreund lich
einklagbar	einklagen bar
sindelfinger	sindelfingen er
beweisbar	beweisen bar
elektriker	elektrik er
lügnerin	lügen er in
klosterschüler	klosterschule er
unabdingbarkeit	unabdingbar keit
reformistin	reform ist in
wiesbadener	wiesbaden er
pfarramtlich	pfarramt lich
wirtschaftsprüferin	wirtschaftsprüfer in
blockflötistin	blockflöte ist in
mailänder	mailand er
unerklärbarkeit	un erklären bar keit
auskunftsfreudigkeit	auskunftsfreude ig keit
zwischenfinanzierung	zwischenfinanzieren ung
kreisläuferin	kreislauf er in
regionalgeschichtlich	regionalgeschichte lich
schulanfänger	schulanfang er
einschließung	einschließen ung
wundertätigen	wundertat ig
unmittelbar	un mitteln bar
finanzbuchhalterin	finanzbuchhalter in
waldbaulich	waldbau lich
akademikerin	akademiker in
grimassenschneider	grimassenschneiden er
repräsentantin	repräsentant in
rücksichtslos	rücksicht los
übereignung	übereignen ung
mittelschüler	mittelschule er
behindertenfreundlichkeit	behindertenfreundlich keit
trüppchen	trupp chen
einziehung	einziehen ung
unterschiedslos	unterschied los
erschlaffung	erschlaffen ung
erlahmung	erlahmen ung
immigrantin	immigrant in
christdemokratin	christdemokrat in
untertänigkeit	untertane ig keit
siedlerin	siedler in
gelenkig	gelenk ig
verstümmelung	verstümmeln ung
königssteiner	königsstein er
komiker	komik er
endverbraucher	endverbrauch er
überdachung	über dach ung
sozialministerin	sozialminister in
verteidigungsministerin	verteidigungsminister in
kreuzer	kreuzen er
mitläufer	mitlaufen er
volkstänzer	volkstanzen er
bekehrung	bekehren ung
klangsinnlich	klangsinn lich
überziehung	überziehen ung
bundesgeschäftsführerin	bundesgeschäftsführer in
saunagänger	saunagang er
hauptberuflich	hauptberuf lich
füllung	füllen ung
burgenbauer	burgenbau er
göttlich	gott lich
verstopfung	verstopfen ung
angehörigkeit	angehören ig keit
folker	folke er
kammermusiker	kammermusik er
fahrdienstleiterin	fahrdienstleiter in
rohrleitungsbauer	rohrleitungsbau er
sicherstellung	sicherstellen ung
ungehörigkeit	un ge hörig e keit
nürnberger	nürnberg er
kunstwissenschaftlich	kunstwissenschaft lich
spannungslos	spannen ung los
danzigerin	danzig er in
ängstlichkeit	ängstlich keit
missionierung	mission ier ung
selbsttätigkeit	selbsttätig keit
betriebsseelsorger	betriebsseelsorge er
schläfrigkeit	schlaf rig keit
werbegrafiker	werbegrafik er
chronistin	chronisch ist in
zuleitung	zuleiten ung
absteiger	absteigen er
näher	nähen e er
alkoholikerin	alkohol iker in
titelheldin	titelheld in
breisgauer	breisgau er
beaufsichtigung	be aufsicht ung
verglasung	ver glas ung
klavierbegleiterin	klavierbegleiter in
philosophiestudentin	philosophiestudent in
benzin	benz in
reimlos	reim los
arbeitsvertraglich	arbeitsvertrag lich
gesamtsieger	gesamtsieg er
geheimpolizeilich	geheimpolizei lich
kurzwellig	kurzwelle ig
produktdesigner	produktdesign er
urgewaltig	urgewalt ig
tierärztlich	tierarzt lich
sendung	senden ung
stilgeschichtlich	stilgeschichte lich
anmaßung	anmaßen ung
lissaboner	lissabon er
pianospieler	pianospiel er
verbitterung	ver bitter ung
schürer	schur er
eintauschbar	eintauschen bar
einfamilienhäuschen	einfamilienhaus chen
verbrämung	verbrämen ung
abtretung	abtreten ung
ganzheitlich	ganz heit lich
gründerin	gründen er in
stegbauer	stegbau er
runderneuerung	runderneuern ung
heger	hege er
militärgerichtlich	militärgericht lich
gerichtssprecherin	gerichtssprecher in
projektkoordinatorin	projektkoordinator in
kaffeetrinker	kaffeetrinken er
schulabgängerin	schulabgang er in
wüstenkrieger	wüstenkrieg er
kartenverkäufer	kartenverkauf er
aufrechnung	aufrechnen ung
vorreiterin	vorreiten in
wahlkampfleiterin	wahlkampfleiter in
lautlos	laute los
armeesprecherin	armeesprecher in
sachbearbeiterin	sachbearbeiter in
wehrlos	wehr los
bukarester	bukarest er
fühlung	fühlen ung
brunner	brunnen er
saxophonistin	saxophon ist in
justizsenatorin	justizsenator in
bediener	bedienen er
großunternehmer	großunternehmen er
scheinbar	scheinen bar
straffung	straffen ung
agrarexpertin	agrarexperte in
rockmusiker	rockmusik er
verschlammung	ver schlamm ung
besuchbar	besuchen bar
blumenverkäufer	blumenverkauf er
vollzugstauglichkeit	vollzugstauglich keit
drogenverkäufer	drogenverkauf er
augustin	auguste in
weiblichkeit	weib lich keit
weiterverarbeitung	weiterverarbeiten ung
konsumfreudigkeit	konsumfreude ig keit
konzernchefin	konzernchef in
kartenleger	kartenlegen er
gedanklich	gedanke lich
mater	mate er
unbilligkeit	unbill ig keit
schloßscheuer	schloßscheue er
gerichtsvollzieherin	gerichtsvollzieher in
ausstellungsmacher	ausstellungsmachen er
grausamkeit	grauen sam keit
werksärztlich	werksarzt lich
beschreibung	beschreiben ung
inderin	inder in
nordwestlich	nordwest lich
drahtlos	draht los
weiterveräußerung	weiterveräußern ung
feller	fell er
herrin	herr in
staatsrechtlerin	staatsrecht ler in
salonlöwin	salonlöwe in
numismatiker	numismatik er
befehlsempfängerin	befehlsempfang er in
medienwirksamkeit	medienwirksam keit
schlößchen	schloß chen
teilchen	teil chen
fraulich	frau lich
bühler	buhl er
beinhaltung	beinhalten ung
wesselin	wessel in
vierteljährig	vierteljahr ig
mitwisser	mitwissen er
muffelig	muffel ig
dezimierung	dezimieren ung
schlachtung	schlachten ung
eigenwillig	eigenwille ig
erwerber	erwerben er
garnierung	garn ier ung
messestädter	messestadt er
randecker	randeck er
riesenberger	riesenberg er
anlagebetrüger	anlagebetrug er
fotolaborantin	fotolaborant in
bergwanderung	bergwandern ung
überwachung	überwachen ung
türmchen	turm chen
nachahmerin	nachahmen er in
lösung	lösen ung
araberin	arab er in
suppig	suppe ig
choreographin	choreograph in
überforderung	überfordern ung
klein	klee in
friedlos	friede los
ausleitung	ausleiten ung
sätzchen	satz chen
wohltäter	wohltat er
verdickung	ver dick e ung
großbesitzer	großbesitz er
europafeindlichkeit	europafeindlich keit
senfkörner	senfkorn er
gedankenleser	gedankenlesen er
slowenin	slowene in
bildhauer	bildhauen er
rüsselsheimerin	rüsselsheim er in
türöffner	türöffnen er
kokapflanzer	kokapflanze er
sener	sen er
frühstücksbrötchen	frühstücksbrot chen
ergötzung	ergötzen ung
kirchenvorsteherin	kirchenvorsteher in
amtsärztlich	amtsarzt lich
beglaubigung	beglaubigen ung
jordanier	jordan ien er
beinsteiner	beinstein er
frühgeschichtlich	frühgeschichte lich
zusammengehörig	zusammengehören ig
raumplanerin	raumplan er in
tanzpädagogin	tanzpädagoge in
sozialbürgermeisterin	sozialbürgermeister in
bergsteiger	bergsteigen er
spaltbar	spalten bar
warmherzigkeit	warmherzig keit
verheerung	ver heer ung
ganztagsschüler	ganztagsschule er
bedürftig	bedürften ig
reporterin	report er in
bäuerlich	bauer lich
schauberger	schauberg er
alin	ale in
marbacher	marbach er
sitzungspräsidentin	sitzungspräsident in
rufmörder	rufmord er
gastwirtin	gastwirt in
integrierung	integrieren ung
verbuchung	ver buch ung
entschlackung	entschlacken ung
anfänglich	anfang lich
unmäßigkeit	un mäßig keit
syrerin	syr er in
schillern	schill er
wahrsagung	wahrsagen ung
überreizung	über reiz ung
flüsterer	flüstern er
ausladung	ausladen ung
klavierspielerin	klavierspielen er in
eilfertigkeit	eilfertig keit
lästerer	lästern er
einsitzer	einsitzen er
günzburger	günzburg er
patientenfürsprecherin	patientenfürsprecher in
teilzeitig	teilzeit ig
gesamtarbeiter	gesamtarbeit er
vorstellung	vorstellen ung
einzelkämpferin	einzelkampf er in
rückständig	rückstand ig
einschreibung	einschreiben ung
herablassung	herablassen ung
kärntener	kärnten er
märtyrerin	märtyrer in
ramin	ram in
wertung	werten ung
täterin	tat er in
auslösung	auslösen ung
golfkrieger	golfkrieg er
hauptaktionärin	hauptaktionär in
zeitungsmacher	zeitungsmachen er
teilsanierung	teilsanieren ung
urplötzlich	ur plötze lich
privatbauer	privatbau er
fotoreporterin	fotoreporter in
schlaflos	schlaf los
wackelig	wackeln ig
leichtlebigkeit	leichtlebig keit
kaliningrader	kaliningrad er
hofapotheker	hofapotheke er
kunsthandwerkerin	kunsthandwerk er in
altenheimbewohnerin	altenheimbewohner in
lustigkeit	lustig keit
einsichtig	einsicht ig
degerlocher	degerloch er
schweineleber	schweineleben er
anteilseignerin	anteilseigner in
dürftigkeit	dürftig keit
abschätzig	abschätzen ig
recorder	record er
entführer	entführen er
jurastudentin	jurastudent in
autorin	autor in
diebespärchen	diebespaar chen
staatspräsidentin	staatspräsident in
einschlägig	einschlagen ig
formbar	formen bar
amokläufer	amoklauf er
clubleiterin	clubleiter in
bereisung	bereisen ung
verräter	verraten er
volksschullehrerin	volksschullehrer in
abstoßung	abstoßen ung
kulturhistorikerin	kulturhistorik er in
autobesitzer	autobesitz er
terminplaner	terminplan er
unerklärlich	un erklären lich
theaterwissenschaftlerin	theaterwissenschaft ler in
verhinderung	verhindern ung
teamleiterin	teamleiter in
pfarrerin	pfarre er in
mulattin	mulatte in
lückenlos	lücke los
altmannsteiner	altmannstein er
einvernehmlich	einvernehmen lich
rivalin	rivale in
unterforderung	unterfordern ung
textverständlichkeit	textverständlich keit
bucher	buche er
streikbrecherin	streikbrecher in
disziplinlos	disziplin los
dickfelligkeit	dickfellig keit
kulturkritiker	kulturkritik er
höcker	hocken er
kleinstädter	kleinstadt er
gefällig	gefälle ig
beobachtung	beobachten ung
metrofahrer	metrofahren er
wagemutig	wagemut ig
fremdbestimmung	fremdbestimmen ung
übersichtlichkeit	übersichten lich keit
anbieter	anbieten er
wirtschaftsverbrecher	wirtschaftsverbrechen er
lebenspartnerin	lebenspartner in
fahnder	fahnden er
helmer	helm er
gemeindeblättchen	gemeindeblatt chen
raumplaner	raumplan er
vaterlandsverräterin	vaterlandsverrat er in
niveaulos	niveau los
blumberger	blumberg er
beerdigung	beerdigen ung
erhärtung	erhärten ung
einzelunternehmer	einzelunternehmen er
echterdinger	echterdingen er
eistänzerin	eistanzen er in
tabuierung	tabu ier ung
abrechnung	abrechnen ung
rinner	rinnen e er
bänkchen	bank chen
unternehmung	unternehmen ung
kaltentaler	kaltental er
altenseelsorger	altenseelsorge er
bordellbesucher	bordellbesuch er
weinverkäufer	weinverkauf er
griesgrämig	griesgram ig
verschreibungspflichtig	verschreibungspflicht ig
geisteswissenschaftlerin	geisteswissenschaft ler in
pflanzenzüchter	pflanzenzucht er
gesamtgesellschaftlich	gesamtgesellschaft lich
erwerbstätigkeit	erwerbstätig keit
trägerin	trage er in
vertretung	vertreten ung
hauptabnehmerin	hauptabnehmer in
vererbung	ver erbe ung
süchtigkeit	sucht ig keit
verkündigung	verkündigen ung
sonderbarkeit	sondern bar keit
verweltlichen	ver welt lich
krieger	krieg er
intensivierung	intension iv e ier ung
folgerichtigkeit	folgerichtig keit
jugendpflegerin	jugendpflege er in
nordseefischer	nordseefisch er
augenfälligkeit	augenfällig keit
oberstufenschüler	oberstufenschule er
rührung	rühren ung
überbietung	überbieten ung
seitlich	seite lich
jogger	joggen er
begründungslos	begründen ung los
unwahrhaftigkeit	unwahrhaftig keit
gewalttäter	gewalttat er
hersteller	herstellen er
tröstlich	trost lich
narbig	narbe ig
bettlerin	betteln er in
bieterin	bieten er in
kavaliershäuschen	kavaliershaus chen
vollziehbar	vollziehen bar
kühler	kühlen er
versagung	versagen ung
drogensüchtig	drogensucht ig
künstlich	kunst lich
filterlos	filter los
übernatürlich	übernatur lich
helferin	helfen er in
zuffenhausener	zuffenhausen er
stiernackig	stiernacken ig
gottesdienstbesucherin	gottesdienstbesuch er in
zeitigen	zeit ig
feldspielerin	feldspiel er in
herausarbeitung	herausarbeiten ung
ausplünderung	ausplündern ung
zeichnerin	zeichnen er in
medienpädagogin	medienpädagoge in
lorin	lore in
entwertung	entwerten ung
zwischengeschlechtlich	zwischen geschlecht lich
heidin	heide in
vorhaltung	vorhalten ung
kleidchen	kleid chen
justizministerin	justizminister in
fröhlichkeit	fröhlich keit
irrsinnig	irrsinn ig
landwirtschaftsministerin	landwirtschaftsminister in
lebensschützerin	lebensschutz er in
ausklammerung	ausklammern ung
abführung	abführen ung
hallenberger	hallenberg er
faltbar	falten bar
bildungsfähigkeit	bildungsfähig keit
betrügerin	betrügen in
lohnarbeiterin	lohnarbeit er in
jahreszeitlich	jahreszeit lich
spielertrainerin	spielertrainer in
jugendhilferechtlich	jugendhilferecht lich
zuhörer	zuhören er
großbetrieblich	großbetrieb lich
deckung	decken ung
viktorin	viktor in
töchterlein	tochter lein
splittern	splitt er
universitätsdozentin	universitätsdozent in
morastig	morast ig
stadtgestalter	stadtgestalt er
fügsamkeit	fügen sam keit
spitzfindigkeit	spitzfindig keit
drosselung	drosseln ung
liberalisierung	liberal isier ung
änderbar	ändern bar
naturwissenschaftlerin	naturwissenschaft ler in
rentenrechtlich	rentenrecht lich
republikanerin	republik aner in
besserstellung	besserstellen ung
tänzer	tanz er
gastschülerin	gastschüler in
führerscheinlos	führerschein los
streichhölzchen	streichholz chen
bundesbürgerin	bundesbürger in
beziehung	beziehen ung
kompromißlos	kompromiß los
amtsnachfolger	amtsnachfolge er
fischereirechtlich	fischereirecht lich
schwärmer	schwärmen er
fotojournalistin	fotojournalist in
entscheidungsfreudig	entscheidungsfreude ig
schwermütig	schwermut ig
kleinwalsertaler	kleinwalsertal er
befolgung	befolgen ung
spaltung	spalten ung
verherrlichung	ver herr lich ung
universitätspräsidentin	universitätspräsident in
ratifizierung	ratifizieren ung
entfernung	entfernen ung
schwätzer	schwätzen er
voranmeldung	voranmelden ung
zerteilung	zer teilen ung
lieblingsschülerin	lieblingsschüler in
steuerehrlichkeit	steuerehrlich keit
ausrufer	ausrufen er
lieferantin	lieferant in
überquerung	überqueren ung
iranerin	iran er in
überbewertung	überbewerten ung
nachinszenierung	nachinszenieren ung
ballonfahrer	ballonfahren er
entwarnung	entwarnen ung
geherin	gehen er in
hektiker	hektik er
antiheldin	antiheld in
schwingung	schwingen ung
spielgestalterin	spielgestalter in
abschätzung	abschätzen ung
erlernbarkeit	erlernbar keit
puppenkünstlerin	puppenkünstler in
gesangslehrerin	gesangslehrer in
anschaulich	anschauen lich
christbäumchen	christbaum chen
rotkreuzhelferin	rotkreuzhelfer in
deklarierung	deklarieren ung
bewohnerin	bewohnen er in
durchmesser	durchmessen er
zeitungsleserin	zeitungslesen er in
vereinigung	ver eine ig ung
glückseligkeit	glückselig keit
weltmarktfähigkeit	weltmarktfähig keit
verblödung	ver blöd e ung
mazedonier	mazedonien er
alber	alb er
andalusier	andalusien er
peruanerin	peru aner in
neurotikerin	neurotiker in
direktorin	direktor in
steinkühler	steinkühl e er
tempelhofer	tempelhof er
tegernseer	tegernsee er
serbin	serbe in
seuchenrechtlich	seuchenrecht lich
zulassungspflichtig	zulassungspflicht ig
ressortleiterin	ressortleiter in
umweltpolitikerin	umweltpolitik er in
demokratieverträglichkeit	demokratieverträglich keit
ermittler	ermitteln er
begleitung	begleiten ung
blaudruckerin	blaudruck er in
wassersparer	wassersparen er
extremistin	extrem ist in
sterbenswörtchen	sterbenswort chen
trauung	trauen ung
kleinhaltung	kleinhalten ung
regenerierung	regenerieren ung
sozialversicherungsrechtlich	sozialversicherungsrecht lich
schlammig	schlamm ig
literaturdozentin	literaturdozent in
schäfchen	schaf chen
verweiblichen	ver weib lich
pflichtig	pflichten ig
elsässerin	elsässer in
westbesucher	westbesuch er
geistig	geist ig
anmietung	anmieten ung
vordenkerin	vordenken er in
reformfeindlichkeit	reformfeind lich keit
geschwisterlich	geschwister lich
maiberger	maiberg er
discobesucher	discobesuch er
betrachtbar	betrachten bar
besorgung	besorgen ung
familienrechtlich	familienrecht lich
bosnier	bosnien er
tunesierin	tunesien er in
pantomimin	pantomime in
schwimmbadbesucher	schwimmbadbesuch er
kirchenmusiker	kirchenmusik er
wirtschaftspolitiker	wirtschaftspolitik er
aussendung	aussenden ung
unbrauchbarkeit	un brauchen bar keit
durchschlagskräftig	durchschlagskraft ig
ergänzung	ergänzen ung
bremerin	bremen er in
geburtshilflich	geburtshilfe lich
nehmer	nehmen er
planmäßigkeit	planmäßig keit
kastenförmig	kastenform ig
niederwerfung	niederwerfen ung
krisenanfälligkeit	krisenanfällig keit
mäntelchen	mantel chen
erfurter	erfurt er
hauptgesellschafterin	hauptgesellschafter in
kartenverkäuferin	kartenverkauf er in
unbegreiflich	un begreifen lich
liedlein	lied lein
ökonomin	ökonom in
holzhauser	holzhausen er
spötter	spotten er
innerkirchlich	inner kirche lich
reeder	reede er
regiestudentin	regiestudent in
parteienkritiker	parteienkritik er
standesamtlich	standesamt lich
stigmatisierung	stigmatisieren ung
belästigung	belästigen ung
explosionsgefährlich	explosionsgefahr lich
theaterreformer	theaterreform er
munterkeit	munter keit
ausnüchterung	ausnüchtern ung
gewerkschaftlich	gewerkschaft lich
patin	pate in
stationierung	stationieren ung
spielleiterin	spielleiter in
makellos	makel los
entfaltung	entfalten ung
plattenverkäufer	plattenverkauf er
gewerberechtlich	gewerberecht lich
standesamtsleiterin	standesamtsleiter in
faustkämpfer	faustkampf er
widrigkeit	widrig keit
altenessener	altenessen er
anerkennung	anerkennen ung
wiederverwendung	wiederverwenden ung
verwendungsfähigkeit	verwendungsfähig keit
schweinezüchter	schweinezucht er
gratulantin	gratulant in
millionenbetrüger	millionenbetrug er
türkeiurlauber	türkeiurlaub er
schauspielerin	schauspielen er in
niederhaltung	niederhalten ung
zustimmung	zustimmen ung
inländerin	inländer in
festigen	fest e ig
konjunkturanfälligkeit	konjunkturanfällig keit
tiergärtner	tiergarten er
vereinskollegin	vereinskollege in
kliniker	klinik er
gleichwertigkeit	gleichwertig keit
innerlichkeit	inner e lich keit
humanistin	human ist in
gelockert	ge locke er
torfstecher	torfstechen er
novellierung	novelle ier ung
gründlichkeit	gründen lich keit
arbeiterin	arbeiten er in
pilzesucher	pilzesuche n er
weltmusiker	weltmusik er
ausheilung	aus heil ung
leverkusener	leverkusen er
ingenieurwissenschaftlerin	ingenieurwissenschaft ler in
zahlenmystiker	zahlenmystik er
mobilisierung	mobil isier ung
ungiftig	un giften ig
raubgierig	raubgier ig
sachverständig	sachverstand ig
wirklicher	wirklichen er
verbrennung	verbrennen ung
graphikdesigner	graphikdesign er
einordnung	einordnen ung
faßlich	faß lich
skeptikerin	skeptiker in
unmenschlich	unmensch lich
unabhängigkeit	un abhängen ig keit
feindlichkeit	feinden lich keit
zuschauer	zuschauen er
diplomvolkswirtin	diplomvolkswirt in
hirschauer	hirschau er
gärung	gären ung
jungpolitikerin	jungpolitiker in
volksmusiker	volksmusik er
spaziergängerin	spaziergang er in
bieter	bieten er
vielstimmigkeit	vielstimmig keit
freidemokratin	freidemokrat in
beistellung	beistellen ung
nacktbader	nacktbaden er
eckerlein	eck er lein
nationalheldin	nationalheld in
undankbarkeit	un danken bar keit
rochlitzer	rochlitz er
menner	menne er
arbeitsmediziner	arbeitsmedizin er
grundstücksbesitzer	grundstücksbesitz er
weihnachtlich	weihnachten lich
abschweifung	abschweifen ung
lateinschüler	lateinschule er
beendung	beenden ung
erinnerung	erinnern ung
musikgeschichtlich	musikgeschichte lich
klassenkämpfer	klassenkampf er
dickköpfig	dickkopf ig
reisefreudig	reisefreude ig
absender	absenden er
benutzung	benutzen ung
verteufelung	ver teufel ung
buchautorin	buchautor in
fahrlässigkeit	fahrlässig keit
überschlägig	überschlagen ig
abbruchunternehmer	abbruchunternehmen er
verteuerung	ver teuer ung
unduldsamkeit	un dulden sam keit
spitzenpolitiker	spitzenpolitik er
verblutung	ver blut ung
rollkunstläuferin	rollkunstlaufen er in
drogistin	drogist in
schmucklos	schmuck los
marathonläuferin	marathonlaufen er in
knollig	knolle ig
türkenfeindlichkeit	türkenfeindlich keit
finder	finden er
tanin	tan in
individualisierung	individualisieren ung
sachpolitiker	sachpolitik er
modemacherin	modemacher in
deutschfeindlichkeit	deutschfeindlich keit
unbestimmbar	un bestimmen bar
bremer	bremen er
zahlbar	zahlen bar
militärsprecherin	militärsprecher in
ostkirchlich	ostkirche lich
teetrinker	teetrinken er
aufbauspieler	aufbauspiel er
aussätzig	aussatz ig
beengung	beengen ung
handelbar	handeln bar
stichwortgeberin	stichwortgeber in
wasserrechtlich	wasserrecht lich
überspitzung	über spitz e ung
arbeitsgerichtlich	arbeitsgericht lich
lauffreudig	lauffreude ig
verbildlichen	ver bild lich
asylrechtlich	asylrecht lich
kirchenbauer	kirchenbau er
abreibung	abreiben ung
tierquäler	tierqual er
schulin	schule in
kutscher	kutsche er
holztäfelchen	holztafel chen
sichtbarlich	sichten bar lich
übersichtlich	übersichten lich
zustimmungspflichtig	zustimmungspflicht ig
banknachbarin	banknachbar in
verzweigung	ver zweig ung
fledermausschützer	fledermausschutz er
schäferin	schaf er in
jugendpfleger	jugendpflege er
stimmungsmacher	stimmungsmache er
partnerin	partner in
karin	kar in
austragung	austragen ung
liquidierung	liquide ier ung
mathematiker	mathematik er
tagung	tagen ung
friedrichshainer	friedrichshain er
sichtbar	sichten bar
nutznießerin	nutznießer in
zinsnehmer	zinsnehmen er
herrlich	herr lich
christlichkeit	chr ist lich keit
tätlichkeit	tätlich keit
bauchtänzerin	bauchtanzen er in
machtlos	macht los
montagearbeiter	montagearbeit er
erbitterung	er bitter ung
ungleichmäßigkeit	un gleichmaß ig keit
mystikerin	mystik er in
solospieler	solospiel er
teilzeitarbeiter	teilzeitarbeit er
briefträgerin	briefträger in
maschinenbauingenieurin	maschinenbauingenieur in
chorsängerin	chorsänger in
nachbarbauer	nachbarbau er
lackiererin	lack ier er in
eisig	eisen ig
bestsellerautorin	bestsellerautor in
recklinghausener	recklinghausen er
persönchen	person chen
grundschullehrerin	grundschullehrer in
untersucher	untersuchen er
unstimmigkeit	un stimmen ig keit
hauser	hausen er
familienpolitiker	familienpolitik er
verstädterung	verstädtern ung
gülser	gülsen er
überweisung	über weise ung
hünfelder	hünfeld er
bißchen	biß chen
leiharbeiter	leiharbeit er
mehlig	mehl ig
bühnenschauspielerin	bühnenschauspieler in
landesstatistiker	landesstatistik er
ruderer	rudern er
seligenstädter	seligenstadt er
erreichbarkeit	erreichen bar keit
lieferung	liefern ung
kreisförmig	kreisform ig
entwendung	entwenden ung
bremserin	bremsen e er in
kommissarin	kommissar in
waffenträger	waffentragen er
eigenbetrieblich	eigenbetrieb lich
bedeutsamkeit	bedeuten sam keit
celestin	celeste in
charlottenburgerin	charlottenburg er in
jugendsekretärin	jugendsekretär in
hospitantin	hospitant in
verkehrsplaner	verkehrsplan er
wirtschaftswunderlich	wirtschaftswunder lich
theaterspieler	theaterspielen er
wellenförmig	wellenform ig
unbeständigkeit	un beständig keit
oberhauser	oberhausen er
schönleber	schönleben er
handwerklich	handwerk lich
schmählich	schmähen lich
urheberrechtlich	urheberrecht lich
liebespärchen	liebespaar chen
wohltäterin	wohltat er in
elektromaschinenbauer	elektromaschinenbau er
gasverbraucher	gasverbrauch er
zuerkennung	zuerkennen ung
beförderung	befördern ung
lossprechung	lossprechen ung
ritter	ritt er
weltmeisterin	weltmeister in
wohnungsunternehmer	wohnungsunternehmen er
bernauer	bernau er
dezernentin	dezernent in
straßenläufer	straßenlauf er
nachzüchtung	nachzüchten ung
florentiner	florentine er
entschleierung	entschleiern ung
behördenleiterin	behördenleiter in
publizistin	publizist in
übergriffig	übergriff ig
bankräuberin	bankraub er in
tierschutzrechtlich	tierschutzrecht lich
käfertaler	käfertal er
hauslehrerin	hauslehrer in
alpträumer	alptraum er
podiumsteilnehmerin	podiumsteilnehmer in
kugelstoßer	kugelstoßen er
vorstandssprecherin	vorstandssprecher in
ölarbeiter	ölarbeit er
vollwertig	vollwert ig
pärchen	paaren chen
stromsparer	stromsparen er
abspaltung	abspalten ung
plünderer	plündern er
messechefin	messechef in
politikprofessorin	politikprofessor in
symptomlos	symptom los
stadtgärtner	stadtgarten er
vorjahressiegerin	vorjahressieg er in
rückhaltslos	rückhalt los
entsiegelung	entsiegeln ung
kriegslustig	kriegslust ig
klärung	klären ung
polterig	poltern ig
umweglos	umweg los
charakterisierung	charakter isier ung
wurzellos	wurzel los
abholung	abholen ung
kassenzahnärztlich	kassenzahnarzt lich
benutzerin	benutzen er in
protektorin	protektor in
amateurfunker	amateurfunk er
gebirgig	gebirge ig
bautechniker	bautechnik er
lebenskünstlerin	lebenskunst ler in
professionalisierung	professional isier ung
versicherungsunternehmer	versicherungsunternehmen er
kriminalisierung	kriminal isier ung
pfiffigkeit	pfiff ig keit
rekonvaleszentin	rekonvaleszent in
kindergärtnerin	kindergarten er in
anmerkung	anmerken ung
potsdamerin	potsdam er in
lokalchefin	lokalchef in
besiegelung	besiegeln ung
leunaer	leuna er
rabensteiner	rabenstein er
marter	marte er
reihenhäuschen	reihenhaus chen
leserlich	lese er lich
ludwigshafener	ludwigshafen er
leiterin	leiten er in
eitelkeit	eitel keit
kompromißunfähigkeit	kompromißunfähig keit
floßfahrer	floßfahren er
weinbautechniker	weinbautechnik er
hilker	hilke er
unüberschaubar	un überschauen bar
ungenießbarkeit	un genießen bar keit
stundenmäßig	stundenmaß ig
giftmörderin	giftmord er in
kreisjugendpfleger	kreisjugendpflege er
königsmörder	königsmord er
einzelspielerin	einzelspiel er in
anspruchslos	anspruch los
profillos	profil los
raffung	raffen ung
tricktechniker	tricktechnik er
eichhörnchen	eichhorn chen
schärfung	schärfen ung
neurologin	neurologe in
waffenkäufer	waffenkauf er
bordellchefin	bordellchef in
aktivensprecherin	aktivensprecher in
sozialpolitikerin	sozialpolitik er in
zwergin	zwerg in
farbberaterin	farbberater in
marktfähigkeit	marktfähig keit
südlich	süd lich
algerierin	algerien er in
genügsamkeit	genügen sam keit
beter	beten er
selbstverwaltung	selbstverwalten ung
zäunchen	zaun chen
sindelfingerin	sindelfingen er in
zimmervermieterin	zimmervermieter in
wärterin	warten er in
religionswissenschaftlerin	religionswissenschaft ler in
multimediakünstlerin	multimediakünstler in
schläfern	schlaf er
strickerin	stricken er in
formalisierung	formale isier ung
staatsbanker	staatsbank er
spanierin	spanien er in
locker	locke er
anführerin	anführen er in
belieferung	beliefern ung
kulturarbeiterin	kulturarbeit er in
entwirrbar	entwirren bar
stellenlos	stellen e los
herder	herd er
handelsministerin	handelsminister in
zweitkandidatin	zweitkandidat in
säuerlichkeit	säuern lich keit
umleitung	umleiten ung
rachedurstig	rachedurst ig
brückenbauer	brückenbauen er
reiterlich	reiten er lich
rechtspolitiker	rechtspolitik er
undenkbar	un denken bar
dornig	dorn ig
rabenecker	rabeneck er
denkwürdigkeit	denkwürdig keit
stromlinienförmig	stromlinienform ig
geräumigkeit	ge raume keit
schaltbar	schalten bar
blumensträußchen	blumenstrauß chen
bürokratisierung	bürokrat isch ie isier ung
absendung	absenden ung
sprüchlein	spruch lein
sozialneider	sozialneid er
heimarbeiter	heimarbeit er
bewegungslos	bewegen ung los
erstarkung	erstarken ung
vergeltung	vergelten ung
auftraggeberin	auftraggeber in
freilassung	freilassen ung
differenzierung	differenz ier ung
henkellos	henkel los
agrarwirtschaftlich	agrarwirtschaft lich
gasthörerin	gasthörer in
schichtarbeiterin	schichtarbeit er in
starter	starten er
mündchen	mund chen
wundertäter	wundertat er
tateinheitlich	tateinheit lich
rechtlich	recht lich
freudig	freude ig
neuerlich	neuere lich
fachbereichsleiterin	fachbereichsleiter in
stahlbauer	stahlbau er
gefängniswärterin	gefängniswärter in
kommentatorin	kommentator in
zerrüttung	zerrütten ung
immobilienbesitzer	immobilienbesitz er
wildschützer	wildschütz er
taucherin	tauchen er in
ansagerin	ansage er in
heber	hebe er
entwurzelung	entwurzeln ung
einwendung	einwenden ung
tankstellenräuber	tankstellenraub er
getränkeverkäufer	getränkeverkauf er
verbildlichen	ver bild lich
sportwissenschaftlerin	sportwissenschaft ler in
konfliktlos	konflikt los
reizbarkeit	reizen bar keit
überwindung	überwinden ung
fechterin	fechten er in
auslegung	auslegen ung
aster	ast er
hammerwerfer	hammerwerfen er
barleber	barleben er
schuldirektorin	schuldirektor in
chemotechnikerin	chemotechniker in
besichtigung	besichtigen ung
gewaltsamkeit	gewalt sam keit
dentistin	dentist in
gastfreundlich	gastfreund lich
überlebensnotwendigkeit	über lebensnotwendig keit
schmutzig	schmutz ig
protzig	protz ig
nachdrücklichkeit	nachdruck lich keit
vermarktbar	ver markt bar
mergentheimer	mergentheim er
kontoinhaberin	kontoinhaber in
unerschöpflichkeit	unerschöpflich keit
zähflüssigkeit	zähflüssig keit
maximin	maxime in
erfolgstrainerin	erfolgstrainer in
führungslos	führung los
berufschüler	berufschule er
supermächtig	supermacht ig
gründerzeitlich	gründerzeit lich
bergung	bergen ung
urgemütlich	ur gemüt lich
liliputanerin	liliput aner in
oberhofer	oberhof er
aller	allen er
hauptkonkurrentin	hauptkonkurrent in
vollbesetzung	vollbesetzen ung
lustfeindlichkeit	lustfeindlich keit
rudersberger	rudersberg er
weiterverfolgung	weiterverfolgen ung
zulassung	zulassen ung
aussöhnung	aussöhnen ung
mehrstimmigkeit	mehrstimmig keit
günstig	gunst ig
träumer	träumen er
deutschlehrerin	deutschlehrer in
finalsieger	finalsieg er
lehnenlos	lehne los
ausrottung	ausrotten ung
stillung	stillen ung
erlin	erle in
interviewer	interviewen er
prostituiertenmörder	prostituiertenmord er
ausmalung	ausmalen ung
verzettelung	verzetteln ung
libanesin	libanese in
nußlocher	nußloch er
zollbeamtin	zollbeamte in
rüstungswirtschaftlich	rüstungswirtschaft lich
jagdpächter	jagdpachten er
planbar	planen bar
legierung	legieren ung
vordringlich	vordringen lich
parapsychologin	parapsychologe in
kreuzigen	kreuz ig
hervorhebung	hervorheben ung
protokollführerin	protokollführer in
bekömmlichkeit	bekömmlich keit
petersberger	petersberg er
vorgeschichtlich	vorgeschichte lich
lösbar	lösen bar
beschneidung	beschneiden ung
nebelig	nebeln el ig
abbestellung	abbestellen ung
meldung	melden ung
fachberaterin	fachberater in
würfelchen	würfel chen
saarländer	saarland er
bärtchen	bart chen
ausübung	ausüben ung
waschung	waschen ung
verschmutzung	ver schmutz ung
endlichkeit	ende lich keit
saisonsieger	saisonsieg er
bischöflich	bischof lich
vogelfänger	vogelfang er
reservistin	reserve ist in
öffentlichkeitswirksamkeit	öffentlichkeitswirksam keit
vergesellschaftung	ver gesellschaft ung
uneinig	un eine ig
turniersieger	turniersieg er
nervlich	nerv lich
entrichtung	entrichten ung
spangenberger	spangenberg er
kurzhaarig	kurzhaar ig
temposünder	temposünde er
aussagefähigkeit	aussagefähig keit
rachsüchtig	rachsucht ig
fahrigkeit	fahr ig keit
nordamerikanerin	nordamerika aner in
berlinerin	berlin er in
marin	mare in
ebenmäßigkeit	ebenmaß ig keit
bildlich	bild lich
rechtsstaatlich	rechtsstaat lich
luftschiffer	luftschiff er
stadtratskandidatin	stadtratskandidat in
miladin	milad in
materielos	materie los
verhandlungswillig	verhandlungswille ig
parteienvertreterin	parteienvertreter in
täfelchen	tafel chen
kokainsüchtig	kokainsucht ig
wirtschaftsministerin	wirtschaftsminister in
auswaschung	aus waschen ung
bauzeichnerin	bauzeichner in
umschichtig	umschichten ig
fahruntüchtigkeit	fahruntüchtig keit
inspektorin	inspektor in
bildstöckchen	bildstock chen
versklavung	ver sklave ung
einbindung	einbinden ung
steinzeitlich	steinzeit lich
eintragung	eintragen ung
unempfindlich	un empfinden lich
mentorin	mentor in
schleimig	schleimen ig
geldbesitzer	geldbesitz er
entstehung	entstehen ung
schramberger	schramberg er
tobsüchtig	tobsucht ig
albumin	album in
türchen	tür chen
heraufsetzung	heraufsetzen ung
einwerbung	einwerben ung
umstrukturierung	umstrukturieren ung
trostberger	trostberg er
fraglos	fragen e los
ebenmäßig	ebenmaß ig
unnennbar	un nennen bar
drachenflieger	drachenfliegen er
lebensabschnittspartnerin	lebensabschnittspartner in
starringer	starring er
pfarrvikarin	pfarrvikar in
oberschüler	oberschule er
kanzlerberaterin	kanzlerberater in
bebilderung	bebildern ung
wolkig	wolke ig
späterer	späteren er
fahndung	fahnden ung
karrieristin	karriere ist in
schnellfahrer	schnellfahren er
anrufung	anrufen ung
spaßig	spaß ig
violinistin	viola ine ist in
mittelmäßigkeit	mittelmaß ig keit
erweiterung	erweitern ung
zeitdiagnostiker	zeitdiagnostik er
abwegig	abweg ig
pessimistin	pessimist in
behaarung	behaaren ung
schläfer	schläfe er
verlockung	verlocken ung
erneuerung	erneuern ung
vizechefin	vizechef in
theaterpädagogin	theaterpädagoge in
untauglich	un taugen lich
internationalisierung	internationale isier ung
geruhsamkeit	geruhen sam keit
schmalzbrötchen	schmalzbrot chen
ermahnung	ermahnen ung
weinig	wein ig
friedensaktivistin	friedensaktivist in
bestrebung	bestreben ung
verknüpfung	verknüpfen ung
gruppenleiterin	gruppenleiter in
herabwürdigung	herabwürdigen ung
wiedererteilung	wiedererteilen ung
vertreter	vertreten er
kunsthändlerin	kunsthändler in
absentierung	absentieren ung
bundestagsvizepräsidentin	bundestagsvizepräsident in
protestlerin	protest ler in
drucker	drucken er
klangsinnlichkeit	klangsinn lich keit
pennerin	pennen in
bottroper	bottrop er
pausenlos	pause los
unkameradschaftlich	un kamerad schaft lich
generalüberholung	generalüberholen ung
vorzüglich	vorzug lich
römer	rom er
verkaufsleiterin	verkaufsleiter in
wildecker	wildeck er
querflötistin	querflöte ist in
verpuppung	ver puppe ung
nützlichkeit	nützen lich keit
fahrrädchen	fahrrad chen
abhebung	abheben ung
karrieresüchtig	karrieresucht ig
barfüßig	barfuß ig
museumsführerin	museumsführer in
startläuferin	startläufer in
handbüchlein	handbuch lein
wiedereinweihung	wiedereinweihen ung
kriegswirtschaftlich	kriegswirtschaft lich
blockierung	block ier ung
täter	tat er
höchstrichterlich	höchstrichter lich
genossenschaftlich	genossen schaft lich
esslinger	esslingen er
beweglich	bewegen lich
ansässigkeit	ansässig keit
schälchen	schal chen
kinderschützer	kinderschutz er
arbeitsvermittlerin	arbeitsvermittler in
jugendspieler	jugendspiel er
akkordarbeiterin	akkordarbeit er in
landeswahlleiterin	landeswahlleiter in
korndörfer	korndorf er
einschränkung	einschränken ung
undurchschaubar	un durchschauen bar
wiedererkennung	wiedererkennen ung
personalrechtlich	personalrecht lich
erdenklich	erdenken lich
staatsschauspielerin	staatsschauspiel er in
nachdichtung	nach dicht ung
schönberger	schönberg er
dschungelkämpfer	dschungelkampf er
asylbewerberin	asylbewerber in
friedensforscherin	friedensforscher in
neubauer	neubauen er
allzuständigkeit	allzuständig keit
jugendforscherin	jugendforscher in
faulenzer	faulenzen er
wonneberger	wonneberg er
kapellmeisterin	kapellmeister in
verantwortlichkeit	verantworten lich keit
interessenvertreterin	interessenvertreter in
enthüller	enthüllen er
aufbauspielerin	aufbauspiel er in
flußschiffer	flußschiff er
hilfeempfängerin	hilfeempfänger in
pferdekutscher	pferdekutsche er
chorführerin	chorführer in
försterin	förster in
rockmusikerin	rockmusik er in
terrain	terra in
zögerlich	zögern lich
rednerin	redner in
aussteuerung	aussteuern ung
gesetzlichkeit	gesetz lich keit
spielführerin	spielführer in
rechtslehrer	rechtslehre er
programmatiker	programmatik er
arbeitsschützer	arbeitsschutz er
wehleidig	wehleid ig
übertragung	übertragen ung
verfassungsrechtlichkeit	verfassungsrecht lich keit
unternehmensrechtlich	unternehmensrecht lich
geldzähler	geldzählen er
völkerrechtlich	völkerrecht lich
wankelmütigkeit	wankelmut ig keit
verwandter	verwandte er
brünstig	brunst ig
blumenzüchter	blumenzucht er
sprachauffälligkeit	sprachauffällig keit
rückversicherer	rückversichern er
lückenbüßerin	lückenbüßer in
unsinnigkeit	unsinn ig keit
einzelsieger	einzelsieg er
rainer	rain er
ökopolitiker	ökopolitik er
erklärbar	erklären bar
ausrichterin	ausrichten er in
krebspatientin	krebspatient in
freudenstädter	freudenstadt er
filmbesucher	filmbesuch er
vierteilung	vierteilen ung
garantin	garant in
lebensfähigkeit	lebensfähig keit
lautsprachlich	lautsprache lich
eindämmung	eindämmen ung
indonesier	indonesien er
geschichtenerzähler	geschichtenerzählen er
reformfreudig	reformfreude ig
mannschaftssieger	mannschaftssieg er
zuverlässigkeit	zuverlässig keit
mehrheitsgesellschafterin	mehrheitsgesellschaft er in
vermieterin	vermieten er in
begriffslos	begriff los
nachgiebigkeit	nachgiebig keit
fernsehlos	fernsehen los
perin	pere in
uniformierung	uniforme ier ung
gesundheitsverträglichkeit	gesundheitsverträglich keit
schmuggler	schmuggeln er
steiger	steige er
radiojournalistin	radiojournalist in
grimmigkeit	grimm e ig keit
glaubenskrieger	glaubenskrieg er
bilderfeindlichkeit	bilderfeindlich keit
lustmörder	lustmord er
lehrmeisterlich	lehrmeister lich
vergiftung	ver gift ung
denkmalpflegerin	denkmalpflege er in
wirtschafterin	wirtschaften er in
lohnabhängigkeit	lohnabhängig keit
berufung	berufen ung
beherrscherin	beherrschen er in
alltagstauglichkeit	alltagstauglich keit
hohensteiner	hohenstein er
kaltenberger	kaltenberg er
hinterlassung	hinterlassen ung
demokratisierung	demokrat isch isier ung
wagenbauer	wagenbau er
vollziehbarkeit	vollziehen bar keit
petersburger	petersburg er
neidlos	neiden los
grundeigentümer	grundeigentum er
stufig	stufe ig
fernöstlich	fernost lich
parteikollegin	parteikollege in
kindlichkeit	kind lich keit
zugehörigkeit	zugehören ig keit
tierpfleger	tierpflege er
vorherbestimmung	vorherbestimmen ung
moorburger	moorburg er
eingewöhnung	eingewöhnen ung
chefbuchhalterin	chefbuchhalter in
natürlichkeit	natürlich keit
sozialrichterin	sozialrichter in
aufgeklärter	aufgeklärte n er
schirmherrin	schirmherr in
schnauzbärtig	schnauzbart ig
restlos	rest los
medienwissenschaftlich	medienwissenschaft lich
überschaubar	überschauen bar
liederlichkeit	liederlich keit
behördenchefin	behördenchef in
verkleinerung	ver klein ung
dachauer	dachau er
europaparlamentarierin	europaparlamentarier in
entsagung	entsagen ung
kindlich	kind lich
mittelfeldspieler	mittelfeldspiel er
kreditfähigkeit	kreditfähig keit
saatkörner	saatkorn er
diplomökonomin	diplomökonom in
rundfunkrechtlich	rundfunkrecht lich
berieselung	berieseln ung
entlausung	entlausen ung
kurzlebigkeit	kurzlebig keit
gesundheitsschädlichkeit	gesundheitsschädlich keit
meißner	meißen er
bausparer	bausparen er
umweltschädlichkeit	umweltschädlich keit
selbstgestaltung	selbstgestalten ung
traufetter	traufe ette er
niederträchtigkeit	niedertracht ig keit
falter	falten er
hundebesitzerin	hundebesitzer in
firmin	firm e in
bundesgesetzlich	bundesgesetz lich
häufung	häufen ung
unbelehrbar	un belehren bar
persönlichkeit	persönlich keit
hilfsarbeiter	hilfsarbeit er
schreiberin	schreiben er in
bürogehilfin	bürogehilfe in
kleinstaatlichkeit	kleinstaat lich keit
gastspielerin	gastspiel er in
einschaltung	einschalten ung
fälscher	fälschen er
stapler	stapeln er
handballer	handballen er
behindertensportlerin	behindertensport ler in
verstärker	ver stark e er
entweihung	entweihen ung
unternehmungslustig	unternehmungslust ig
friedlich	frieden lich
beschämung	beschämen ung
irrsinniger	irrsinn ig e n er
pressesprecherin	pressesprecher in
jährlich	jähren lich
wissenschaftstheoretikerin	wissenschaftstheoretiker in
räumlich	räumen lich
bundesrichterin	bundesrichter in
umweltverantwortlichkeit	umweltverantwortlich keit
wehmütig	wehmut ig
vollzugsbeamtin	vollzugsbeamte in
knobler	knobeln er
maastrichter	maastricht er
peinigen	pein ig
darstellbar	darstellen bar
sambier	sambia er
punktsieger	punktsieg er
vermeidbar	vermeiden bar
wiedereröffnung	wiedereröffnen ung
umhüllung	umhüllen ung
rauschenberger	rauschenberg er
statistiker	statistik er
zauberin	zauber in
bewältigung	bewältigen ung
teamarbeiter	teamarbeit er
staatlichkeit	staat lich keit
benutzbar	benutzen bar
architekturkritikerin	architekturkritik er in
beibehaltung	beibehalten ung
revolutionierung	revolution ier ung
leichtathletin	leichtathlet in
täschchen	tasche chen
austauschbarkeit	austauschen bar keit
soldatenseelsorger	soldatenseelsorge er
beratungslehrerin	beratungslehrer in
angriffslustig	angriffslust ig
erholungsbedürftigkeit	erholungsbedürftig keit
postbotin	postbote in
verschweigung	verschweigen ung
anhänglich	anhang lich
betäubung	betäuben ung
wonnig	wonne ig
josefin	josef in
oberkonservatorin	oberkonservator in
diskussionsteilnehmerin	diskussionsteilnehmer in
erstickung	ersticken ung
erschleichung	erschleichen ung
sportpolitikerin	sportpolitik er in
fernsehredakteurin	fernsehredakteur in
gütersloher	gütersloh er
verschiebung	verschieben ung
kraushaarig	kraushaar ig
zivilrechtlich	zivilrecht lich
sonderung	sondern ung
liedsängerin	liedsänger in
hochschullehrer	hochschullehre er
lieblich	lieben lich
überzählig	überzahl ig
esser	essen er
verrenkung	ver renke ung
schwulenfeindlichkeit	schwulenfeindlich keit
sozialchristlich	sozialchrist lich
vermittelbar	vermitteln bar
unterbringung	unterbringen ung
kunsthandwerklich	kunsthandwerk lich
sachlich	sache lich
zeitanteilig	zeitanteil ig
neckartaler	neckartal er
bedeckung	bedecken ung
nymphenburger	nymphenburg er
solotänzerin	solotanz er in
gemeindepastorin	gemeindepastor in
wahlkämpferin	wahlkampf er in
leipzigerin	leipzig er in
nachmittäglich	nachmittag lich
biophysikerin	biophysik er in
vermutlich	vermuten lich
plausibler	plausible er
bindungslos	bindung los
unfertigkeit	un fertig keit
hoffnungsvoller	hoffnungsvollen er
abtötung	abtöten ung
fotokopierer	fotokopieren er
knetbar	kneten bar
denkmalspfleger	denkmalspflege er
exzentrikerin	exzentrik er in
verwöhnung	verwöhnen ung
lenkung	lenken ung
konkurrentin	konkurrent in
pillenschlucker	pillenschlucken er
thronerbin	thronerbe in
minderheitenfeindlichkeit	minderheitenfeindlich keit
tauglich	taugen lich
sozialverantwortlichkeit	sozialverantwortlich keit
politikunfähigkeit	politikunfähig keit
stecher	stechen er
werfer	werfen er
wächter	wächte er
kompositionslehrer	kompositionslehre er
firmengründerin	firmengründer in
ausräumung	ausräumen ung
viehräuber	viehraub er
fein	fee in
umständlichkeit	umstand lich keit
passivraucher	passivrauchen er
bereichsleiterin	bereichsleiter in
kanzlerkandidatin	kanzlerkandidat in
einlassung	einlassen ung
modedesigner	modedesign er
sozialexpertin	sozialexperte in
offenbacherin	offenbach er in
schlampig	schlampen ig
bläserin	blase er in
befreier	befreien er
männlich	mann lich
zusammenstellung	zusammenstellen ung
fahnenschwenker	fahnenschwenken er
urheberin	urheber in
soziologiestudentin	soziologiestudent in
arglistig	arglist ig
unrichtig	un richten ig
schwarzbauer	schwarzbau er
risikofreudig	risikofreude ig
merklich	merken lich
figurenspieler	figurenspiel er
enttäuschung	enttäuschen ung
mandatslos	mandat los
verursacher	ver ursache er
deutschlandkorrespondentin	deutschlandkorrespondent in
unentbehrlich	un entbehren lich
teepflückerin	teepflücker in
radolfzeller	radolfzell er
wegrationalisierung	wegrationalisieren ung
standrechtlich	standrecht lich
tilsiter	tilsit er
nikotinabhängigkeit	nikotinabhängig keit
volkssprachlich	volkssprache lich
landesjugendpfarrerin	landesjugendpfarrer in
kölnerin	köln er in
enttarnung	enttarnen ung
schulmeisterlich	schulmeister lich
stammkundin	stammkunde in
vorführung	vorführen ung
ehrensenatorin	ehrensenator in
kunstkritikerin	kunstkritik er in
konditionierung	kondition ier ung
nachreifung	nach reif ung
brechter	brecht er
sprachlos	sprache los
medizinerin	medizin er in
kocher	kochen er
vorrichtung	vorrichten ung
vertonung	ver ton ung
bildungsdezernentin	bildungsdezernent in
sterilisierung	steril e isier ung
würstchenverkäuferin	würstchenverkäufer in
novemberlich	november lich
inselurlauber	inselurlaub er
wirklich	wirken lich
reiselustig	reiselust ig
mediziner	medizin er
stecker	stecken er
solotrompeter	solotrompete er
orientalistin	orientale isch ist in
hitzebeständigkeit	hitzebeständig keit
gerichtsgutachter	gerichtsgutachten er
urlauber	urlaube er
wäscherin	waschen er in
harlemer	harlem er
schönbrunner	schönbrunn er
gleichgeschlechtlicher	gleichgeschlechtlich e n er
verteidigungsplaner	verteidigungsplan er
sozialstaatlichkeit	sozialstaat lich keit
bergungsarbeiter	bergungsarbeit er
sozialarbeiter	sozialarbeit er
grundsätzlich	grundsatz lich
berufsanfängerin	berufsanfänger in
verschränkung	verschränken ung
geschwätzigkeit	schwatz sfx ig keit
fremdarbeiter	fremdarbeit er
wirtschaftspraktiker	wirtschaftspraktik er
einbrecher	einbrechen er
stallgefährtin	stallgefährte in
gesellschaftsfähigkeit	gesellschaftsfähig keit
hüpfer	hüpfen er
regenlos	regen los
weintrinker	weintrinken er
verbrüderung	ver bruder ung
lästerlich	laster lich
schaffnerin	schaffen er in
merkbar	merken bar
prämiierung	prämiieren ung
handwerksmeisterin	handwerksmeister in
ausweislos	ausweisen los
waldhauser	waldhausen er
geschichtswissenschaftlich	geschichtswissen schaft lich
erträglich	ertrag lich
staatsministerin	staatsminister in
ungewöhnlichkeit	un gewöhnen lich keit
taner	tan er
vorprüfung	vorprüfen ung
briefsteller	briefstelle er
schräubchen	schrauben e chen
feiertäglich	feiertag lich
zappelig	zappeln ig
schwunglos	schwung los
leckermäulchen	leckermaul chen
neuartigkeit	neuartig keit
zoodirektorin	zoodirektor in
abschleppung	ab schleppe ung
vogelhäuschen	vogelhaus chen
festsetzung	festsetzen ung
stimulierung	stimulieren ung
kelkheimerin	kelkheim er in
lautlich	lauten lich
unausführbar	un ausführen bar
modellbauer	modellbau er
genehmigungspflichtig	genehmigungspflicht ig
verelendung	ver elend ung
unerträglich	un ertrag lich
züricherin	zürich er in
gemeinsamkeit	gemeinsam keit
einstimmung	einstimmen ung
finanzierbar	finanz ier bar
bewerber	bewerben er
kinogänger	kinogang er
meisterschülerin	meisterschule er in
lörracher	lörrach er
amtsnachfolgerin	amtsnachfolge er in
unerheblich	un erheben lich
sprengtechniker	sprengtechnik er
mitleidlos	mitleiden los
tarifpolitiker	tarifpolitik er
ecker	eck er
unbenutzbar	un benutzen bar
schuldenmacher	schuldenmachen er
hockeyspielerin	hockeyspielen er in
ruhigstellung	ruhigstellen ung
maskenbildnerin	maskenbildner in
wirkung	wirken ung
lechtaler	lechtal er
armbändchen	armband chen
ebenbürtigkeit	ebenbürtig keit
zusammenschaltung	zusammenschalten ung
unwohnlich	un wohnen lich
weiterfinanzierung	weiterfinanzieren ung
unzweckmäßigkeit	un zweck mäßig keit
isenburger	isenburg er
steinbecker	steinbeck er
ausschöpfung	ausschöpfen ung
anwenderfreundlichkeit	anwenderfreundlich keit
europaschüler	europaschule er
tagessiegerin	tagessieg er in
konturenlos	kontur los
lebenstüchtigkeit	lebenstüchtig keit
computertechniker	computertechnik er
übergangspräsidentin	übergangspräsident in
unsportlich	un sport lich
hingebung	hingeben ung
militärseelsorger	militärseelsorge er
bauplaner	bauplan er
fortschreibung	fortschreiben ung
bereicherung	bereichern ung
zwangsarbeiter	zwangsarbeit er
verwehung	ver weh ung
beschwerdeführerin	beschwerdeführer in
langläufer	langlaufen er
ressortchefin	ressortchef in
nahkämpfer	nahkampf er
amtsinhaberin	amtsinhaber in
treter	treten er
argentinierin	argentine ien er in
stilisierung	stilisieren ung
sexarbeiterin	sexarbeit er in
ladenburger	ladenburg er
landesministerin	landesminister in
gräßlichkeit	gräßlich keit
expremierministerin	expremierminister in
bildermacher	bildermachen er
peiniger	pein ig er
blutdürstig	blutdurst ig
kampftänzer	kampftanz er
baumschützer	baumschutz er
schlittenfahrer	schlittenfahren er
installierung	installieren ung
tanzlustig	tanzlust ig
schulplaner	schulplan er
bedenkenlos	bedenken los
stadtplaner	stadtplan er
interpreter	interpret er
trübseligkeit	trübselig keit
rechtlichkeit	recht lich keit
beendigung	beendigen ung
bundestagspräsidentin	bundestagspräsident in
anhänger	anhängen er
versteigern	ver steige er
dankbar	danken bar
dänin	däne in
lichtlos	licht e los
pfadfinderin	pfadfinder in
gemeinwesenarbeiter	gemeinwesenarbeit er
langweiligkeit	langweilen ig keit
landstädtchen	landstadt chen
brennbar	brennen bar
dichterin	dichten er in
denunziantin	denunziant in
privatschülerin	privatschule er in
entgleisung	entgleisen ung
mittler	mitteln er
wirtschaftsmächtig	wirtschaftsmacht ig
schiffbarkeit	schiffen bar keit
opernliebhaberin	opernliebhaber in
nachbesserung	nachbessern ung
trockner	trocknen er
außenstellenleiterin	außenstellenleiter in
feldforscherin	feldforscher in
autoteiler	autoteilen er
gitarristin	gitarre ist in
auflockerung	auflockern ung
tellerwäscher	tellerwaschen er
textilunternehmer	textilunternehmen er
glückstädter	glückstadt er
winterberger	winterberg er
verzierung	verzieren ung
beherbergung	beherbergen ung
schraffierung	schraffieren ung
bürgerrechtlich	bürgerrecht lich
polizeisprecherin	polizeisprecher in
entscheidbar	entscheiden bar
jugendärztlich	jugendarzt lich
redseligkeit	redselig keit
domstädter	domstadt er
katzenartig	katzenart ig
prahler	prahlen er
garmischer	garmisch er
wirkungsmächtig	wirkungsmacht ig
erzählerin	erzählen er in
jenaer	jena er
hochachtung	hochachten ung
hamsterer	hamstern er
regierungsfähigkeit	regierungsfähig keit
kuchenbäcker	kuchenbacken er
farbspritzer	farbspritze er
botschafterin	botschaft er in
brecher	brechen er
generalkoordinatorin	generalkoordinator in
beflaggung	beflaggen ung
strafgerichtlich	strafgericht lich
bergsteigerin	bergsteigen er in
großmütterlich	großmutter lich
häutchen	haute chen
bröcker	brock er
steinhagener	steinhagen er
beschützer	beschützen er
wahrnehmbar	wahrnehmen bar
pfandleiher	pfandleihe er
ortskundiger	ortskundige n er
knackig	knacken ig
tibeterin	tibet er in
holzner	holzen er
polizeianwärterin	polizeianwärter in
innerparteilich	inner partei lich
änderungsschneiderin	änderungsschneider in
erwerblos	erwerb los
sparsamkeit	sparen sam keit
angriffsspieler	angriffsspiel er
steinewerfer	steinewerfen er
entrümpelung	entrümpeln ung
unwirklichkeit	un wirken lich keit
bühnenbauer	bühnenbau er
golffahrerin	golffahrer in
musikerzieherin	musikerzieher in
friedensarbeiterin	friedensarbeit er in
mischung	mischen ung
benutzbarkeit	benutzen bar keit
mitstreiterin	mitstreiten in
rechtfertiger	rechtfertigen er
bedürftigkeit	bedürften ig keit
veranstalter	ver anstalt er
ellenberger	ellenberg er
untertariflich	unter tarif lich
lesefreudig	lesefreude ig
zugfahrer	zugfahren er
vermessung	vermessen ung
ehrenbürger	ehrenburg er
mitbegründerin	mitbegründer in
bildungspolitikerin	bildungspolitik er in
besserwisser	besserwissen er
kunstfreundin	kunstfreund in
gleichnamigkeit	gleichnamig keit
architekturstudentin	architekturstudent in
tributpflichtig	tributpflicht ig
priesterlich	priester lich
nachweislich	nachweisen lich
einkäuferin	einkaufen er in
unterlaufung	unterlaufen ung
peinigerin	pein ig er in
gesetzgeberin	gesetzgeber in
quarter	quarte er
gesprächsteilnehmerin	gesprächsteilnehmer in
verderber	ver derb er
auffindbar	auffinden bar
grauhaarig	grauhaar ig
verkleidung	verkleiden ung
kurzurlauber	kurzurlaub er
vorsteherin	vorstehen in
predigerin	predigen er in
wollenberger	wollenberg er
biedersteiner	biederstein er
giftmörder	giftmord er
staffelsieger	staffelsieg er
nationalstürmerin	nationalstürmer in
schwergewichtig	schwergewichten ig
litauer	litauen er
ausstellung	ausstellen ung
überläufer	überlaufen er
stumpfsinnig	stumpfsinn ig
zivilschützer	zivilschutz er
religionskritiker	religionskritik er
wiederaufführung	wiederaufführen ung
ausstellungsmacherin	ausstellungsmachen er in
bratschistin	bratsche ist in
schlampigkeit	schlampen ig keit
verbiegung	ver biege ung
dechiffrierung	dechiffrieren ung
necker	neck er
umsichtigkeit	umsicht ig keit
jenaerin	jena er in
videokünstlerin	videokunst ler in
linkshänderin	linkshänder in
regierungslos	regieren ung los
stemmer	stemmen er
klarstellung	klarstellen ung
nichtchristlich	nichtchrist lich
stopper	stoppen er
unterbeschäftigung	unterbeschäftigen ung
friedlichkeit	frieden lich keit
ionenaustauscher	ionenaustausch er
eigenmächtig	eigenmacht ig
nachsichtig	nachsicht ig
anmeldepflichtig	anmeldepflicht ig
aktienkäufer	aktienkauf er
gemeindesekretärin	gemeindesekretär in
brandenburgerin	brandenburg er in
abspielbar	ab spielen el bar
rohstofflich	rohstoff lich
leistungsfeindlichkeit	leistungsfeindlich keit
errettung	erretten ung
zivildienstpflichtig	zivildienstpflicht ig
busunternehmer	busunternehmen er
parteitaktiker	parteitaktik er
steinberger	steinberg er
großmütig	großmut ig
fußgängerin	fußgänger in
vanillig	vanille ig
auswahlspielerin	auswahlspiel er in
gesellschaftskritiker	gesellschaftskritik er
sorgsamkeit	sorgsam keit
seriensiegerin	seriensieger in
zehnkämpfer	zehnkampf er
quebecer	quebec er
gemüsehändlerin	gemüsehändler in
berufsschüler	berufsschule er
textautorin	textautor in
verbindlich	verbinden lich
geheimnislos	geheim nis los
geistigkeit	geist ig keit
schwätzchen	schwatz chen
wissenschaftlichkeit	wissenschaft lich keit
japanerin	japan er in
ringkämpfer	ringkampf er
fettnäpfchen	fettnapf chen
heizbar	heizen bar
strahlenschützer	strahlenschutz er
staubsauger	staubsaugen er
prüfbar	prüfen bar
bergstädtchen	bergstadt chen
vergleichbarkeit	ver gleich bar keit
mobilisierungsfähigkeit	mobilisierungsfähig keit
michelstädter	michelstadt er
musikschullehrerin	musikschullehrer in
pelzer	pelz er
trittbrettfahrerin	trittbrettfahren er in
vernehmlich	vernehmen lich
unterbrecher	unterbrechen er
kassierin	kassier in
präzisierung	präzis e ier ung
moderatorin	moderator in
kantig	kanten ig
nachforderung	nachfordern ung
freigebigkeit	freigeben ig keit
kostengünstiger	kostengünstige er
ausstellungsleiterin	ausstellungsleiter in
seeburger	seeburg er
selbstorganisierung	selbstorganisieren ung
seelsorgerin	seelsorge er in
regelung	regeln ung
sportjournalistin	sportjournalist in
bezirksleiterin	bezirksleiter in
vermessungstechniker	vermessungstechnik er
puppenbauer	puppenbau er
heftigkeit	heftig keit
chefanklägerin	chefankläger in
vorstandskollegin	vorstandskollege in
erwerbbar	erwerben bar
nachahmer	nachahmen er
intensivmediziner	intensivmedizin er
hansestädter	hansestadt er
fehldeutung	fehldeuten ung
titelgewinner	titelgewinn er
musikschulleiterin	musikschulleiter in
avantgardemusiker	avantgardemusik er
landespfleger	landespflege er
vergewaltiger	ver gewaltige er
aufrichtung	aufrichten ung
ungastlich	un gast lich
amsterdamerin	amsterdam er in
zusätzlich	zusatz lich
serienheldin	serienheld in
eigentumsrechtlich	eigentumsrecht lich
beunruhigung	beunruhigen ung
bezirkspolitiker	bezirkspolitik er
apotheker	apotheke er
sexualforscherin	sexualforscher in
oberligaspieler	oberligaspiel er
dahergelaufener	dahergelaufene er
artikelschreiber	artikelschreiben er
finanzpolitiker	finanzpolitik er
stahlhelmer	stahlhelm er
verbandsdirektorin	verbandsdirektor in
entdecker	entdecken er
personalberaterin	personalberater in
haarlos	haar los
filmemacher	filmemachen er
alper	alp er
einschnürung	einschnüren ung
vollzugshelferin	vollzugshelfer in
wiederauffindung	wiederauffinden ung
jahresdurchschnittlich	jahresdurchschnitt lich
unwürdigkeit	un würdig keit
unkündbarkeit	un kündbar keit
energiewirtschaftlich	energiewirtschaft lich
teerung	teeren ung
kronzeugin	kronzeuge in
schreinern	schrein er
versicherungsrechtlich	versicherungsrecht lich
komplettierung	komplette ier ung
holzhacker	holzhacken er
eröffnung	eröffnen ung
geschmeidig	geschmeide ig
rauscher	rausch er
koalitionspartnerin	koalitionspartner in
patrizier	patrizia er
vorrätig	vorrat ig
unordentlichkeit	un ordentlich keit
posträuber	postraub er
bundessieger	bundessieg er
karlsruherin	karlsruhe er in
schößchen	schoß chen
beraubung	be raub ung
minigolfer	minigolf er
frauenberger	frauenberg er
nestchen	nest chen
übersäuerung	übersäuern ung
auschwitzer	auschwitz er
segmentierung	segment ier ung
absichtlichkeit	absicht lich keit
hausmusiker	hausmusik er
hinzufügung	hinzufügen ung
westeuropäerin	westeuropäer in
verwaltungstechniker	verwaltungstechnik er
bomber	bomben er
kläger	klage er
verabredung	verabreden ung
godesberger	godesberg er
parteiamtlich	parteiamt lich
umbesetzung	umbesetzen ung
rodlerin	rod ler in
europapokalsieger	europapokalsieg er
zirkusbesucher	zirkusbesuch er
jämmerlichkeit	jammer lich keit
restlich	rest lich
tandemfahrer	tandemfahren er
kampfkräftig	kampfkraft ig
bürgerrechtskämpfer	bürgerrechtskampf er
hauswirtschaftlich	hauswirt schaft lich
traurigkeit	traurig keit
telefonistin	telefon isch ist in
badeurlauber	badeurlaub er
finanzbeamtin	finanzbeamte in
bedürfnislos	bedürfen nis los
eintägig	eintag ig
zusammenhanglos	zusammenhang los
panzerfahrer	panzerfahren er
kriegstreiberin	kriegstreiben er in
bremerhavenerin	bremerhaven er in
müßiggänger	müßiggang er
wettbewerblich	wettbewerb lich
notlandung	notlanden ung
düngung	düngen ung
vortänzerin	vortanzen in
verkühlung	ver kühl e ung
halsstarrigkeit	halsstarrig keit
medienrechtlich	medienrecht lich
militärtransporter	militärtransport er
aussichtlos	aussicht los
verneigung	ver neige ung
zuteilung	zuteilen ung
restaurantbesucher	restaurantbesuch er
weiterbildner	weiterbilden er
hochwürdig	hochwürden ig
entkrampfung	entkrampfen ung
einheitlich	einheit lich
massenmörderin	massenmorden er in
untermischung	untermischen ung
mitteltaler	mitteltal er
luxemburgerin	luxemburg er in
geldtransporter	geldtransport er
restaurierung	restaurieren ung
regung	regen ung
kolonialstädtchen	kolonialstadt chen
zuschüttung	zuschütten ung
prophetin	prophet in
allgemeinverständlichkeit	allgemeinverständlich keit
opiatabhängigkeit	opiatabhängig keit
ausfüllung	ausfüllen ung
verharmlosung	ver harmlos ung
reproduktionsmediziner	reproduktionsmedizin er
hoffähigkeit	hoffähig keit
geschäftstüchtigkeit	geschäftstüchtig keit
bewährung	bewähren ung
elendig	elend ig
einfügung	einfügen ung
hafenstädtchen	hafenstadt chen
neuhofer	neuhof er
steinhauser	steinhausen er
lebensspenderin	lebensspender in
hemdsärmelig	hemdsärmel ig
umwidmung	umwidmen ung
pieter	piet er
wattig	watte ig
fellbacher	fellbach er
helfensteiner	helfenstein er
zusammenrottung	zusammenrotten ung
verschüttung	ver schütte ung
vernichtung	ver nichte ung
nachzahlung	nachzahlen ung
genußsüchtig	genußsucht ig
abstrafung	ab strafen e ung
waldarbeiterin	waldarbeit er in
umweltschutztechniker	umweltschutztechnik er
mandatsträgerin	mandatsträger in
sehnig	sehnen ig
überlebensfähigkeit	über lebensfähig keit
kaffeesatzleser	kaffeesatzlesen er
numerierung	numerieren ung
untätigkeit	untat ig keit
begründer	begründen er
schattierung	schattieren ung
geschmacklos	geschmack los
kirchenkritiker	kirchenkritik er
ausspielung	ausspielen ung
badestädter	badestadt er
jobsucher	jobsuche er
überblendung	über blenden e ung
nichtigkeit	nichtig keit
neuseeländerin	neuseeland er in
großeinkäufer	großeinkauf er
eritreerin	eritreer in
reaktorbauer	reaktorbau er
ausländerfeindlich	ausländerfeind lich
untätig	untat ig
pfiffig	pfiff ig
flughafensprecherin	flughafensprecher in
vergnügung	vergnügen ung
feststellung	feststellen ung
rheinpfälzer	rheinpfalz er
ökologischer	ökologischen er
zollrechtlich	zollrecht lich
erreichung	erreichen ung
frontkämpfer	frontkampf er
überfällig	überfall ig
allgemeinmediziner	allgemeinmedizin er
dorfschullehrerin	dorfschullehrer in
schifferstädter	schifferstadt er
tunnelarbeiter	tunnelarbeit er
überlegung	überlegen ung
rentenexpertin	rentenexperte in
gentechniker	gentechnik er
marketingchefin	marketingchef in
ungenießbar	un genießen bar
skatspieler	skatspielen er
einsatzplaner	einsatzplan er
umbildung	umbilden ung
mehrstündig	mehrstunde ig
osnabrückerin	osnabrück er in
hingerichteter	hingerichtet e n er
stollberger	stollberg er
neustifter	neustift er
grünlich	grün e lich
wahlbetrüger	wahlbetrug er
theologieprofessorin	theologieprofessor in
hochspannung	hochspannen ung
kopenhagener	kopenhagen er
schimpflich	schimpf lich
hanauerin	hanau er in
nützlich	nützen lich
verzinslich	ver zins lich
echolos	echo los
bittstellerin	bittsteller in
irakerin	irak er in
franzensbader	franzensbad er
vollstrecker	vollstrecken er
umsteuerung	umsteuern ung
etablierung	etablieren ung
slalomfahrer	slalomfahren er
domstädterin	domstadt er in
wegführung	wegführen ung
schreier	schreien er
berufsfähigkeit	berufsfähig keit
spendierfreudigkeit	spendierfreude ig keit
derbysieger	derbysieg er
verräuchern	ver rauchen er
kontoristin	kontor ist in
verhandlungsleiterin	verhandlungsleiter in
albaner	alban er
autofahrerin	autofahren er in
torontoer	toronto er
rechtsberaterin	rechtsberater in
klinker	klinke er
frühzeitlich	frühzeit lich
wachschützer	wachschutz er
unabsichtlich	un absicht lich
wiederbegründung	wiederbegründen ung
umweltsünderin	umweltsünde er in
hauptdarstellerin	hauptdarsteller in
waldarbeiter	waldarbeit er
anstrengung	an streng e ung
rechtsmäßigkeit	recht mäßig keit
versorgungsrechtlich	versorgungsrecht lich
regierungspolitiker	regierungspolitik er
perserin	perser in
büroleiterin	büroleiter in
geschichtslehrerin	geschichtslehrer in
unterschiedlos	unterschied los
matschig	matschen ig
erwägung	erwägen ung
winkelig	winkel ig
erwerbsunfähigkeit	erwerbsunfähig keit
wäscher	waschen er
großherzigkeit	großherzig keit
passauer	passau er
rektorin	rektor in
autoverkäufer	autoverkauf er
völkerrechtlerin	völkerrecht ler in
aussichtslos	aussicht los
geheimdienstlich	geheimdienst lich
pförtnerin	pförtner in
regionalligaspieler	regionalligaspiel er
greisin	greis e in
fünfmalig	fünfmal ig
freihaltung	freihalten ung
wahrnehmung	wahrnehmen ung
verknappung	ver knapp ung
strafmündigkeit	strafmündig keit
senatskollegin	senatskollege in
hüter	hüten er
tamilin	tamile in
farbenfreudig	farbenfreude ig
volksschauspieler	volksschauspiel er
zusammengehörigkeit	zusammengehören ig keit
eliteschüler	eliteschule er
neunburger	neunburg er
verpflegung	verpflegen ung
fensterlos	fenster los
schriftlichkeit	schrift lich keit
athletin	athlet in
habgierig	habgier ig
waffenverkäufer	waffenverkauf er
unterminierung	unterminieren ung
unachtsamkeit	un achten sam keit
eilbedürftigkeit	eilbedürftig keit
südbadener	südbaden er
offenbarer	offenbaren er
spitzenspielerin	spitzenspiel er in
ausländer	ausland er
weichensteller	weichenstelle er
steigung	steigen ung
stararchitektin	stararchitekt in
heiner	heinen er
waldspaziergänger	waldspaziergang er
abberufung	abberufen ung
bauchredner	bauchreden er
gehirnlos	gehirn los
rötlich	röten lich
sterblich	sterben lich
anhalter	anhalten er
streicher	streichen er
gaswäscher	gaswäsche er
blattlos	blatt los
schwerin	schwer e in
abidin	abid in
meuchelmörder	meuchelmord er
junker	junk er
sexualpädagogin	sexualpädagoge in
profitsüchtig	profitsucht ig
lagerfähigkeit	lagerfähig keit
langweilig	langweilen ig
göttinger	göttingen er
transferierung	transfer ier ung
parteireformer	parteireform er
kurvig	kurven ig
töpfer	topf er
bettler	betteln er
musiklehrerin	musiklehre er in
nachmessung	nachmessen ung
strafrechtlich	strafrecht lich
ureinwohnerin	ureinwohner in
ellipsenförmig	ellipsenform ig
landshuter	landshut er
ausbeuter	ausbeuten er
rancher	ranch er
zweitgutachter	zweitgutachten er
ringer	ringen er
bepflanzung	bepflanzen ung
reiseunfähigkeit	reiseunfähig keit
schwimmfähigkeit	schwimmfähig keit
südafrikanerin	südafrika aner in
nachdenker	nachdenken er
gleichberechtigung	gleichberechtigen ung
grundstückskäufer	grundstückskauf er
schweinsäuglein	schweinsaugen lein
geschwisterpärchen	geschwisterpaar chen
tabakraucher	tabakrauchen er
kommunikationsunfähigkeit	kommunikationsunfähig keit
dreifaltigkeit	dreifaltig keit
preßburger	preßburg er
domin	dom in
zwischenkirchlich	zwischen kirche lich
schneelos	schnee los
kenner	kennen er
weiterbeschäftigung	weiterbeschäftigen ung
straßenverkehrsrechtlich	straßenverkehrsrecht lich
jungforscherin	jungforscher in
ankurbelung	ankurbeln ung
versinnlichen	ver sinn lich
verbesserer	verbessern er
unsinnlich	un sinn lich
gewerblich	gewerbe lich
drehbar	drehen bar
salonfähigkeit	salonfähig keit
lebenslänglicher	lebenslang e lich e n er
demütigen	demut ig
technikerin	technik er in
hildesheimer	hildesheim er
großstädter	großstadt er
weißrussin	weißrusse in
industriegesellschaftlich	industriegesellschaft lich
gewerkschaftssekretärin	gewerkschaftssekretär in
ortenburger	ortenburg er
annaberger	annaberg er
ratlos	rate los
entscheidungsträgerin	entscheidungsträger in
wasserbaulich	wasserbau lich
lehrgangsleiterin	lehrgangsleiter in
literaturgeschichtlich	literaturgeschichte lich
sprachheillehrerin	sprachheillehrer in
innsbrucker	innsbruck er
trennung	trennen ung
stimmenfänger	stimmenfang er
vermischung	vermischen ung
wehrbauer	wehrbau er
durchsetzungsfähigkeit	durchsetzungsfähig keit
hausbewohnerin	hausbewohner in
mannheimerin	mannheim er in
neugierig	neugier ig
liebchen	lieb e chen
kindsmörder	kindsmord er
weiner	weinen er
abfassung	abfassen ung
ludwigsburgerin	ludwigsburg er in
schorndorferin	schorndorf er in
vollstreckbarkeit	vollstreckbar keit
schmalzlockig	schmalzlocken ig
hörfunkchefin	hörfunkchef in
kölner	köln er
führerhäuschen	führerhaus chen
illustrierung	illustre ier ung
isländer	island er
schaller	schallen er
abschleppunternehmer	abschleppunternehmen er
kartellamtlich	kartellamt lich
barbier	barbie er
markenlos	mark los
industriearbeiterin	industriearbeit er in
taschendiebin	taschendieb in
blicklos	blicken los
hauptmieterin	hauptmieter in
verkehrsteilnehmerin	verkehrsteilnehmer in
realitätstüchtigkeit	realitätstüchtig keit
tagessieger	tagessieg er
werbegrafikerin	werbegrafik er in
exekutivdirektorin	exekutivdirektor in
walfänger	walfang er
aberwitzigkeit	aberwitz ig keit
rückenschwimmer	rückenschwimmen er
abgänger	abgang er
ehebrecherin	ehebrecher in
millionenerbin	millionenerbe in
wirtschaftsstraftäter	wirtschaftsstraftat er
mutwillig	mutwille ig
stifter	stiften er
paarläufer	paarlaufen er
großbäuerlich	großbau er lich
rechtsinhaberin	rechtsinhaber in
weiterleitung	weiterleiten ung
armseligkeit	armselig keit
parteiarbeiter	parteiarbeit er
tagungsteilnehmerin	tagungsteilnehmer in
verkäuflichkeit	verkauf lich keit
historikerin	historik er in
kellnerin	kellner in
punktlos	punkt los
logistiker	logistik er
sinologin	sinologe in
gegenseitig	gegenseite ig
zornig	zorn ig
innerchristlich	inner chr ist lich
rückschrittlich	rückschritt lich
springreiter	springreiten er
malerin	malen er in
sorglich	sorge lich
waldschlößchen	waldschloß chen
rezipientin	rezipient in
schnüffler	schnüffeln er
koreanerin	korea aner in
wirtschaftswissenschaftlerin	wirtschaftswissen schaft ler in
schwarzarbeiterin	schwarzarbeiten in
manipulierbar	manipulieren bar
kioskverkäuferin	kioskverkauf er in
sultanin	sultan in
warnung	warnen ung
hirtin	hirt in
nachvollziehbarkeit	nachvollziehen bar keit
lehramtsstudentin	lehramtsstudent in
pastellfarbig	pastellfarbe ig
gemeingefährlichkeit	gemeingefährlich keit
vermeidlich	vermeiden lich
trösterin	trost er in
falkenberger	falkenberg er
landsberger	landsberg er
bierverkäufer	bierverkauf er
aufgliederung	aufgliedern ung
grillwürstchen	grillwurst chen
karlsteiner	karlstein er
sexualisierung	sex ual isier ung
wildwasserfahrer	wildwasserfahren er
torfig	torf ig
verarbeitung	verarbeiten ung
dolmetscherin	dolmetschen er in
fühlbar	fühlen bar
bevormundung	bevormunden ung
fischesser	fischesse er
ausbildung	ausbilden ung
handarbeiterin	handarbeiten in
wißbegierig	wißbegier ig
leiter	leiten er
verbraucherberaterin	verbraucherberater in
entsorgungsunternehmer	entsorgungsunternehmen er
sühnung	sühnen ung
hirschberger	hirschberg er
gerin	ger in
angrenzer	angrenzen er
verfolgerin	verfolgen er in
lehrstuhlinhaberin	lehrstuhlinhaber in
zugänglichkeit	zugang lich keit
millionärin	million är in
interventionsfähigkeit	interventionsfähig keit
einmündung	einmünden ung
strukturierung	struktur ier ung
theaterkritiker	theaterkritik er
kontrabassistin	kontrabassist in
kühltransporter	kühltransport er
bildjournalistin	bildjournalist in
zigarettenverkäufer	zigarettenverkauf er
terminierung	term in ier ung
biberacherin	biberach er in
bergführerin	bergführer in
atomrechtlich	atomrecht lich
undurchsichtigkeit	un durchsicht ig keit
länderkundlich	länderkunde lich
nachwuchsspielerin	nachwuchsspieler in
bietigheimer	bietigheim er
lenker	lenken er
fahrtüchtigkeit	fahrtüchtig keit
usbekin	usbeke in
eierwerfer	eierwerfen er
uller	ulle er
umänderung	umändern ung
naturschiefer	naturschiefe er
lederstückchen	lederstück chen
grundschülerin	grundschüler in
kontaktfreudigkeit	kontaktfreudig keit
umstimmung	umstimmen ung
kaltblütig	kaltblut ig
überlebenskünstlerin	überlebenskunst ler in
unabsetzbar	un absetzen bar
veterinärmediziner	veterinärmedizin er
tuncer	tunc er
auskofferung	auskoffern ung
streifenpolizistin	streifenpolizist in
torhäuschen	torhaus chen
harzig	harzen ig
daumenlutscher	daumenlutschen er
plasmaphysiker	plasmaphysik er
schloßbesucher	schloßbesuch er
schulreformer	schulreform er
untergewichtig	untergewicht ig
nachbestellung	nachbestellen ung
bernadin	bernad in
kajakfahrer	kajakfahren er
landeskirchlich	landeskirche lich
redlich	reden lich
klassenfeindlich	klassenfeind lich
kultusministerin	kultusminister in
verhandlungspartnerin	verhandlungspartner in
literaturwissenschaftlich	literaturwissenschaft lich
eigentätigkeit	eigentätig keit
reinier	reina er
geistesarbeiter	geistesarbeit er
erziehbar	erziehen bar
verdichtung	ver dicht ung
versteigerung	ver steige er ung
journalistenschüler	journalistenschule er
projektmanagerin	projektmanager in
verschlingung	ver schlinge ung
teeverkäufer	teeverkauf er
abschlägig	abschlagen ig
überformung	über form ung
umfunktionierung	umfunktionieren ung
spartenleiterin	spartenleiter in
skizzierung	skizze ier ung
verdinglichung	ver ding lich ung
lehrmeisterin	lehrmeister in
achtung	achten ung
vertretbar	vertreten bar
blutdruckmesser	blutdruckmessen er
teamchefin	teamchef in
rostig	rost ig
bürgermeisterin	bürgermeister in
körnchen	korn chen
christain	christa in
absetzung	absetzen ung
fallschirmspringerin	fallschirmspringen er in
lernbar	lernen bar
theologiestudentin	theologiestudent in
frühsommerlich	frühsommer lich
süffig	suff ig
männerlos	mann los
neapolitanerin	neapolitaner in
verkehrsgutachter	verkehrsgutachten er
kameruner	kamerun er
vermieter	vermieten er
vierteljährlich	vierteljahr lich
schülervertreterin	schülervertreter in
eindeckung	eindecken ung
kanadierin	kanada er in
berufsschülerin	berufsschule er in
mietvertraglich	mietvertrag lich
romin	rom in
schlüsselchen	schlüssel chen
pendler	pendeln er
freizügigkeit	freizügig keit
gesetzmäßigkeit	gesetz mäßig keit
sanierung	sanieren ung
löcherig	löchern ig
spanier	spanien er
verweichlichung	ver weich lich ung
initiatorin	initiator in
senkung	senken ung
sinnlich	sinn lich
gasförmig	gasform ig
unzweideutigkeit	unzweideutig keit
verschwörerin	verschwören in
sonderlich	sondern lich
hauptverbrecher	hauptverbrechen er
stammtischpolitiker	stammtischpolitik er
diabetikerin	diabetiker in
heimaturlauber	heimaturlaub er
rennfahrerin	rennfahrer in
listig	list ig
hinfällig	hinfallen ig
einbecker	einbeck er
achter	achten er
archivleiterin	archivleiter in
korrektorin	korrektor in
anmutig	anmuten ig
religionslehrer	religionslehre er
absperrung	absperren ung
sandig	sand ig
verinnerlichung	ver inner e lich ung
verweltlichen	ver welt lich
schartig	scharte ig
deichbauer	deichbau er
krippenbauer	krippenbau er
holsteiner	holstein er
innenarchitektin	innenarchitekt in
fälschlich	falsch lich
ausgliederung	ausgliedern ung
messebauer	messebau er
jugendleiterin	jugendleiter in
seelenlos	seele los
kunstsammlerin	kunstsammler in
vergötterung	ver gott ung
parteiunabhängigkeit	parteiunabhängig keit
priorin	prior in
plasmaspender	plasmaspende er
beimischung	beimischen ung
gleichmäßig	gleichmaß ig
monarchin	monarch in
wuppertaler	wuppertal er
syrer	syr er
antonin	anton in
gesellschaftsreformer	gesellschaftsreform er
einlösung	einlösen ung
mißgünstig	mißgunst ig
masochistin	masochist in
abfallrechtlich	abfallrecht lich
japaner	japan er
überbesetzung	überbesetzen ung
abkapselung	abkapseln ung
mitbürgerin	mitbürger in
haftfähigkeit	haftfähig keit
leichtfertigkeit	leichtfertig keit
nationalspielerin	nationalspiel er in
vergänglichkeit	vergänglich keit
farmerin	farm er in
tiertransporter	tiertransport er
entwicklungsplaner	entwicklungsplan er
vereisung	vereisen ung
wiederaufstellung	wiederaufstellen ung
zueignung	zueignen ung
moskauer	moskau er
maximierung	maxime ier ung
kringelig	kringel ig
sklavenarbeiter	sklavenarbeit er
pflichtwidrigkeit	pflichtwidrig keit
diagnostiker	diagnostik er
frostig	frost ig
tannenbäumchen	tannenbaum chen
orientierungsläufer	orientierungslauf er
kapitalistin	kapital ist in
werbung	werben ung
offiziersschüler	offiziersschule er
friedrichshafener	friedrichshafen er
abspeckung	abspecken ung
ausforschung	ausforschen ung
staatsverbrecher	staatsverbrechen er
allgemeinverbindlichkeit	allgemeinverbindlich keit
übereilung	übereilen ung
schwesterlich	schwester lich
überarbeitung	überarbeiten ung
lebensabschnittsgefährtin	lebensabschnittsgefährte in
widerstandskämpfer	widerstandskampf er
calin	cal in
graphikerin	graphik er in
einstimmigkeit	einstimmen ig keit
sicherheitsexpertin	sicherheitsexperte in
vernehmbar	vernehmen bar
nationaltorhüterin	nationaltorhüter in
berührungslos	berühren ung los
umrechnung	umrechnen ung
ziegenbärtchen	ziegenbart chen
vorsichtigkeit	vorsicht ig keit
fortzahlung	fortzahlen ung
zwischenschaltung	zwischenschalten ung
pfälzer	pfalz er
kulturarbeiter	kulturarbeit er
rechtsexpertin	rechtsexperte in
verweichlichen	ver weich lich
referatsleiterin	referatsleiter in
kulturfeindlichkeit	kulturfeindlich keit
unübersichtlich	un übersichten lich
sonderpädagogin	sonderpädagoge in
kontrastierung	kontrast ier ung
streitberger	streitberg er
befindlichkeit	befinden lich keit
bahntechniker	bahntechnik er
gartenhäuschen	gartenhaus chen
kaufbeurener	kaufbeuren er
lebendigkeit	leben e ig keit
nacherfassung	nacherfassen ung
versöhnung	versöhnen ung
baumpfleger	baumpflege er
steuerbetrüger	steuerbetrug er
kurpfuscherin	kurpfuscher in
leistungsschwimmerin	leistungsschwimmer in
handballerin	handballen er in
sprachlehrer	sprachlehre er
neuanfänger	neuanfangen er
meinung	meinen ung
überspezialisierung	überspezialisieren ung
verpackung	verpacken ung
privatärztlich	privatarzt lich
kaufsüchtig	kaufsucht ig
kleintransporter	kleintransport er
houstoner	houston er
querulantin	querulant in
verstellung	verstellen ung
verhaltensforscherin	verhaltensforscher in
städtebaulich	städtebau lich
vertauschung	vertauschen ung
vielfältigkeit	vielfalt ig keit
baumpflanzer	baumpflanzen er
profilierungssüchtig	profilierungssucht ig
hürdensprinter	hürdensprint er
ergebnislos	ergebnis los
verwarnung	verwarnen ung
schwärzlich	schwärzen lich
verkaufsfähigkeit	verkaufsfähig keit
beifügung	beifügen ung
mondlos	mond los
gegenständlichkeit	gegenstand lich keit
ankläger	anklagen er
landwirtin	landwirt in
ausbrecherin	ausbrechen er in
seligkeit	selig keit
dienstrechtlich	dienstrecht lich
zuwendung	zuwenden ung
zeitgenossin	zeitgenosse in
unterbesetzung	unterbesetzen ung
stellvertreterin	stellvertreten er in
schulfachlich	schulfach lich
überkreuzung	überkreuzen ung
angstmacher	angstmachen er
werbeblättchen	werbeblatt chen
offensivspieler	offensivspiel er
verschärfung	ver scharf e ung
landesvorstandssprecherin	landesvorstandssprecher in
pinneberger	pinneberg er
schwarzhaarig	schwarzhaar ig
epileptikerin	epileptiker in
sein	see in
lufttransporter	lufttransport er
nachträglich	nachtrag lich
wohnungsinhaberin	wohnungsinhaber in
aussagekräftig	aussagekraft ig
schlänglein	schlange lein
massenwirksamkeit	massenwirksam keit
unzuverlässigkeit	unzuverlässig keit
kremer	krem er
seifer	seife er
autokäufer	autokauf er
anklägerin	anklagen er in
friedenscamper	friedenscamp er
virtuosin	virtuose in
stetigkeit	stet e ig keit
gewerkschaftsfeindlichkeit	gewerkschaftsfeindlich keit
fernsehunternehmer	fernsehunternehmen er
verbraucherin	verbrauchen er in
gießener	gießen er
briefeschreiberin	briefeschreiben er in
verbüßung	verbüßen ung
blutspender	blutspende er
gelehrsamkeit	gelehrsam keit
kammerpräsidentin	kammerpräsident in
schutzwürdigkeit	schutzwürdig keit
sonderschüler	sonderschule er
kaffeeanbauer	kaffeeanbau er
vierteilig	vierteil ig
bienenfleißig	bienenfleiß ig
schatzsucher	schatzsuche er
unterrichtlich	unterrichten lich
gutmütigkeit	gutmütig keit
possierlichkeit	possierlich keit
nachlieferung	nachliefern ung
entwicklungsministerin	entwicklungsminister in
angriffsfähigkeit	angriffsfähig keit
herbeiführung	herbeiführen ung
aushöhlung	aushöhlen ung
schulpflichtig	schulpflicht ig
rudererin	rudern er in
besinnungslos	besinnen ung los
sanierungsfähigkeit	sanierungsfähig keit
südthüringer	südthüringen er
tagelöhner	tagelohn er
verlagslektorin	verlagslektor in
obermeisterin	obermeister in
wiederernennung	wiederernennen ung
vokalartistin	vokalartist in
lebenslänglich	lebenslang e lich
wiederaufarbeitung	wiederaufarbeiten ung
erner	erne er
staubig	stauben ig
blockspieler	blockspiel er
steigerung	steigern ung
wachhäuschen	wachhaus chen
politikfähigkeit	politikfähig keit
verladung	verladen ung
klohäuschen	klohaus chen
landung	landen ung
einhebung	einheben ung
überbezirklich	über bezirk lich
neuwagenkäufer	neuwagenkauf er
realschullehrerin	realschullehrer in
röttger	röttgen er
birminghamer	birmingham er
jugendsozialarbeiter	jugendsozialarbeit er
eisschnelläufer	eisschnellaufen er
kurstädter	kurstadt er
otter	otte er
ordnungsbehördlich	ordnungsbehörde lich
pensionierung	pension ier ung
widerstandsunfähigkeit	widerstandsunfähig keit
rechtspfleger	rechtspflege er
bedeutung	bedeuten ung
ruhmlos	ruhm los
menschenwürdig	menschenwürde ig
mißverständlichkeit	mißverständlich keit
laienschauspielerin	laienschauspieler in
knaster	knast er
gestaltlos	gestalten los
aufwärterin	aufwarten er in
dotierung	dotieren ung
überfürsorglich	überfürsorge lich
sektkühler	sektkühle er
leidensgefährtin	leidensgefährte in
feuilletonredakteurin	feuilletonredakteur in
lärmig	lärmen ig
unzugänglichkeit	un zugang lich keit
beiziehung	beiziehen ung
sanitäterin	sanitäter in
erzählung	erzählen ung
mißdeutung	mißdeuten ung
hohenheimer	hohenheim er
beherrschung	beherrschen ung
harfenspieler	harfenspiel er
väterlichkeit	vater lich keit
gelenkigkeit	gelenk ig keit
ulmerin	ulme er in
torwärter	torwart er
verkehrszähler	verkehrszahl er
ostjerusalemer	ostjerusalem er
kulturkämpfer	kulturkampf er
ermattung	ermatten ung
helsinkier	helsinki er
entpersönlichung	entpersönlichen ung
intrigantin	intrigant in
unzuständigkeit	unzuständig keit
siemensstädter	siemensstadt er
kursgewinner	kursgewinn er
rheinhauser	rheinhausen er
zairer	zaire er
spitzenkämpfer	spitzenkampf er
pächterin	pachten in
wortspieler	wortspiel er
gattin	gatte in
studentenführerin	studentenführer in
grenzgänger	grenzgang er
vorspannung	vorspannen ung
veruntreuung	ver untreu e ung
politologin	politologe in
großberliner	großberlin er
volleyballspielerin	volleyballspielen er in
sonderbotschafterin	sonderbotschafter in
rollschuhfahrer	rollschuhfahren er
taiwanesin	taiwan ese in
gewerkschaftsaktivistin	gewerkschaftsaktivist in
operationsfähigkeit	operationsfähig keit
landarbeiter	landarbeit er
schulversager	schulversagen er
steuerflüchtig	steuerflucht ig
überstimmung	über stimme ung
antragsteller	antragstelle er
kaffeepflanzer	kaffeepflanze er
erfreulich	erfreuen lich
dresdnerin	dresden er in
pressevertreterin	pressevertreter in
nivellierung	nivellieren ung
ungebührlich	ungebühr lich
schriftstellerin	schriftstelle er in
aufbereitung	aufbereiten ung
feinmechanikerin	feinmechanik er in
bezirksamtsleiterin	bezirksamtsleiter in
bauingenieurin	bauingenieur in
augenblicklich	augenblick lich
übersendung	übersenden ung
investitionsfreudigkeit	investitionsfreude ig keit
münchner	münchen er
lindauer	lindau er
fehlernährung	fehlernähren ung
rezitatorin	rezitator in
nachrichtenchefin	nachrichtenchef in
tester	test er
spießbürgerlichkeit	spießbürger lich keit
breslauer	breslau er
stimmlos	stimme los
bangkoker	bangkok er
tischlerin	tischler in
blähung	blähen ung
stadionbesucher	stadionbesuch er
landesumweltministerin	landesumweltminister in
ratspräsidentin	ratspräsident in
bootsfahrer	bootsfahren er
spüler	spülen er
modernisierungswillig	modernisierungswille ig
berghauser	berghaus er
oberflächlich	oberfläche lich
einweihung	einweihen ung
spenderin	spenden er in
metin	mete in
massenmörder	massenmorden er
theatermacher	theatermachen er
fernsehtauglichkeit	fernsehtauglich keit
schulleiterin	schulleiter in
straußberger	straußberg er
seelenfänger	seelenfang er
rechtsanwaltsgehilfin	rechtsanwaltsgehilfe in
südtiroler	südtirol er
strafbar	strafen bar
geräuschlos	geräusch los
austauschpartnerin	austauschpartner in
inszenierung	inszenieren ung
metallarbeiter	metallarbeit er
pferdchen	pferd chen
abgängerin	abgang er in
drogenbesitzer	drogenbesitz er
verleitung	verleiten ung
eingängigkeit	eingängig keit
wasserspringer	wasserspringen er
bibelforscherin	bibelforscher in
kipper	kippen er
anteilig	anteilen ig
medizinprofessorin	medizinprofessor in
besoldung	besolden ung
überwinterung	über winter ung
gemeinschaftsrechtlich	gemeinschaftsrecht lich
vorzeichnung	vorzeichnen ung
konjunkturabhängigkeit	konjunkturabhängig keit
ausschweifung	aus schweif ung
miststreuer	miststreue er
voraussichtlich	voraussicht lich
tropenmediziner	tropenmedizin er
wechselseitigkeit	wechselseitig keit
setzerin	setzer in
wissenschaftsministerin	wissenschaftsminister in
wettbetrüger	wettbetrug er
umschreibung	umschreiben ung
parteispender	parteispende er
parkbesucher	parkbesuch er
visualisierung	visual isier ung
menschenfeindlichkeit	menschenfeind lich keit
leuchtkräftig	leuchtkraft ig
hochschulreformer	hochschulreform er
dornberger	dornberg er
monarchistin	monarch isch ist in
anhalterin	anhalten er in
gründung	gründen ung
borstig	borste ig
hausmeisterin	hausmeister in
stotterer	stottern er
bundeseinheitlich	bundeseinheit lich
auffrischung	auffrischen ung
erstarrung	erstarren ung
undurchführbar	un durchführen bar
schlafwandlerin	schlafwandler in
lebensgefährtin	lebensgefährte in
bader	baden er
schwergewichtsboxer	schwergewichtsboxen er
tragödin	tragöde in
räuchermännchen	räuchermann chen
verpflanzung	ver pflanzen e ung
unfähigkeit	un fähig keit
kampfeslustig	kampfeslust ig
zeitungsausträger	zeitungsaustragen er
schäfer	schaf er
unvermeidlich	un vermeiden lich
jüngerin	jüngere in
gutachterin	gutachten er in
amsterdamer	amsterdam er
auseinandersetzung	auseinandersetzen ung
kettung	ketten ung
schnürchen	schnur chen
subventionierung	subvention ier ung
museumswärterin	museumswärter in
weindörfchen	weindorf chen
kutschenfahrer	kutschenfahren er
steuerabzugsfähigkeit	steuerabzugsfähig keit
masselos	masse los
gastarbeiterin	gastarbeit er in
arbeitsamtsdirektorin	arbeitsamtsdirektor in
ordnungsrechtlich	ordnungsrecht lich
mädchenmörder	mädchenmord er
verlader	verladen er
nebenklägerin	nebenklage er in
haustechniker	haustechnik er
verwalter	verwalten er
sozialwissenschaftlerin	sozialwissenschaft ler in
ideengeberin	ideengeber in
heilbronnerin	heilbronn er in
verwaltungsrichterin	verwaltungsrichter in
slalomläufer	slalomlauf er
umweltmediziner	umweltmedizin er
zündung	zünden ung
generalintendantin	generalintendant in
schaumschläger	schaumschlagen er
güler	gül er
gleichgewichtigkeit	gleichgewicht ig keit
verachtung	verachten ung
pflanzenschützer	pflanzenschutz er
telefonanrufer	telefonanrufen er
miniaturisierung	miniatur isier ung
brieflich	brief lich
ortsansässigkeit	ortsansässig keit
karriereplaner	karriereplan er
sportwissenschaftlich	sportwissenschaft lich
steinecker	steineck er
baugeschichtlich	baugeschichte lich
saftigkeit	saft ig keit
verläßlich	verlaß lich
klangmagier	klangmagie er
wahlfähigkeit	wahlfähig keit
volleyballspieler	volleyballspielen er
unappetitlich	un appetit lich
nachdichter	nach dicht er
kugelfischer	kugelfisch er
weinsberger	weinsberg er
theaterautorin	theaterautor in
kulturwissenschaftlich	kulturwissenschaft lich
stelleninhaberin	stelleninhaber in
sportärztlich	sportarzt lich
luftigkeit	luftig keit
wahlverliererin	wahlverlierer in
verpflichtung	ver pflicht ung
kulturbotschafter	kulturbotschaft er
atheistin	atheist in
lobbyistin	lobby ist in
erneuerungsfähigkeit	erneuerungsfähig keit
energieberaterin	energieberater in
insassin	insasse in
alterung	altern ung
plötzlichkeit	plötze lich keit
lichtdesigner	lichtdesign er
verabreichung	verabreichen ung
organspender	organspenden er
vorbildlichkeit	vorbilden lich keit
meersburger	meersburg er
weltgesellschaftlich	weltgesellschaft lich
wärmetauscher	wärmetausch er
bewohnbar	bewohnen bar
wanderarbeiter	wanderarbeit er
unpünktlichkeit	un pünktlich keit
arretierung	arretieren ung
weiterbewilligung	weiterbewilligen ung
finanzberaterin	finanzberater in
ballettänzerin	ballettänzer in
modifizierung	modifizieren ung
spielfähigkeit	spielfähig keit
gewöhnung	gewöhnen ung
zündhölzchen	zündholz chen
tragiker	tragik er
katzenberger	katzenberg er
lebendig	leben e ig
begründung	begründen ung
kunstglaser	kunstglas er
erzbischöflich	erzbischof lich
henner	henn er
romanschriftstellerin	romanschriftsteller in
bienenzüchter	bienenzucht er
kurdenpolitiker	kurdenpolitik er
staatschützer	staatschutz er
umgangssprachlich	umgangssprache lich
rottweiler	rottweil er
schnellsprecher	schnellsprechen er
archivpfleger	archivpflege er
holländer	holland er
ringerin	ringen er in
oberlippenbärtchen	oberlippenbart chen
vertreiber	vertreiben er
gesamtsiegerin	gesamtsieg er in
lindenbäumchen	lindenbaum chen
kastenlos	kaste los
sportfischer	sportfischen er
ortschronistin	ortschronist in
krankmacher	krankmachen er
planungsrechtlich	planungsrecht lich
primärärztlich	primärarzt lich
lärmschützer	lärmschutz er
sicherung	sichern ung
zugig	zug ig
öltanker	öltank er
schöpfung	schöpfen ung
nürnbergerin	nürnberg er in
bohrer	bohren er
gesprächsfähigkeit	gesprächsfähig keit
quantifizierung	quantifizieren ung
nobelpreisträgerin	nobelpreisträger in
pickelig	pickel ig
frühmittelalterlich	frühmittelalter lich
verästelung	verästeln ung
yorkerin	york er in
skilehrerin	skilehrer in
goldfarbig	goldfarbe ig
anhängerin	anhängen er in
wuppertalerin	wuppertal er in
bringer	bring er
weiterzahlung	weiterzahlen ung
kärglichkeit	kärglich keit
sprichwörtlich	sprichwort lich
essenerin	essen er in
salzburgerin	salzburg er in
böhler	bohle er
mehrheitsgesellschafter	mehrheitsgesellschaft er
kandidatin	kandidat in
neuberger	neuberg er
augenzeugin	augenzeuge in
regensburger	regensburg er
klassenlehrerin	klassenlehrer in
australierin	australien er in
klotzig	klotzen ig
großmeisterin	großmeister in
umfangreicher	umfangreiche er
tierfänger	tierfang er
termin	term in
vermietung	vermieten ung
gewohnheitsrechtlich	gewohnheitsrecht lich
pointenlos	pointe los
gottähnlichkeit	gottähnlich keit
unwandelbar	un wandeln bar
flieger	fliegen er
ordnung	ordnen ung
vollzieher	vollziehen er
verbraucherschützer	verbraucherschutz er
zulässig	zulassen ig
radiomacher	radiomachen er
treppchen	treppe chen
rückgratlos	rückgrat los
reformerin	reform er in
festigung	fest e ig ung
aussiedelung	aussiedeln ung
vergeudung	vergeuden ung
kinderfreundlich	kinderfreund lich
religionsschüler	religionsschule er
verhältnismäßigkeit	verhältnis mäßig keit
regionalligaspielerin	regionalligaspiel er in
sozialfürsorgerin	sozialfürsorge er in
fleischer	fleisch er
heizlüfter	heizluft er
realpolitikerin	realpolitik er in
flötenspieler	flötenspiel er
berücksichtigung	berücksichtigen ung
erdarbeiter	erdarbeit er
jungfräulich	jungfrau lich
meßdienerin	meßdiener in
achteckig	achteck ig
zottelig	zottel ig
bibelleser	bibellesen er
machtpolitikerin	machtpolitik er in
bewaffnung	bewaffnen ung
friedensnobelpreisträgerin	friedensnobelpreisträger in
naturverträglichkeit	naturverträglich keit
olefin	olef in
verkehrsfähigkeit	verkehrsfähig keit
sender	senden er
seidig	seide ig
serienmörder	serienmord er
spitzenläuferin	spitzenläufer in
wendig	wenden ig
tanzfreudig	tanzfreude ig
wolfsburger	wolfsburg er
reproduktionsfähigkeit	reproduktionsfähig keit
flughafengesellschafter	flughafengesellschaft er
vereitelung	ver eitel ung
seherin	sehen er in
schürzchen	schurz chen
energieministerin	energieminister in
schornsteinfeger	schornsteinfegen er
umpflanzung	umpflanzen ung
überraschung	über rasch ung
lyriker	lyrik er
marktmeisterin	marktmeister in
wochenendbesucher	wochenendbesuch er
überfremdung	über fremd ung
unerfreulich	un erfreuen lich
stufung	stufen ung
entbindung	ent binde ung
abedin	abed in
bevölkerung	bevölkern ung
entflechtung	entflechten ung
fachgutachter	fachgutachten er
longin	longe in
fernsehzuschauerin	fernsehzuschauer in
aussonderung	aussondern ung
unkontrollierbar	un kontrolle ier bar
familienähnlichkeit	familienähnlich keit
ruppigkeit	ruppig keit
ungültigkeit	un gültig keit
fremdfinanzierung	fremdfinanzieren ung
befürworterin	befürworten er in
umlagerung	umlagern ung
saumseligkeit	saumselig keit
einsamkeit	einsam keit
deutschstämmigkeit	deutschstämmig keit
partisanenkämpfer	partisanenkampf er
schutzbedürftigkeit	schutzbedürftig keit
freundlichkeit	freund lich keit
schwellenlos	schwelle los
heidelbergerin	heidelberg er in
befremdung	befremden ung
kurzsichtig	kurzsicht ig
oberbauer	oberbau er
gemeinwirtschaftlich	gemeinwirtschaft lich
abfahrtsläufer	abfahrtslauf er
leistungslos	leistung los
unterzeichnerin	unterzeichnen er in
leugnung	leugnen ung
lebensfreundlich	lebensfreund lich
antwortlos	antwort los
schulamtsdirektorin	schulamtsdirektor in
filmkünstlerin	filmkunst ler in
einsteigerin	einsteigen er in
vernachlässigen	ver nachlassen ig
empfindung	empfinden ung
schreibtischarbeiter	schreibtischarbeit er
textlos	text los
unparteilichkeit	un partei lich keit
schlagbar	schlagen bar
kümmeltürkin	kümmeltürke in
veredelung	ver edel ung
dickbauchig	dickbauch ig
sozialdemokratin	sozialdemokrat in
orientierungslos	orient ier ung los
reinigen	rein e ig
seniorin	seniore in
siegburger	siegburg er
bearbeiter	bearbeiten er
unfehlbarkeit	un fehlbar keit
einzelsiegerin	einzelsieg er in
mannigfaltigkeit	mannigfaltig keit
zuhörerin	zuhören er in
landesdenkmalpfleger	landesdenkmalpflege er
bundestrainerin	bundestrainer in
betriebswirtschaftsstudentin	betriebswirtschaftsstudent in
zwickauer	zwickau er
wüstenstädtchen	wüstenstadt chen
westschweizer	westschweiz er
mayer	may er
finanzierung	finanz ier ung
talentsucher	talentsuche er
teigig	teig ig
bedingungslos	bedingen ung los
wohnungslos	wohnen ung los
putzig	putzen ig
bolivianerin	bolivianer in
landsmannschaftlich	landsmann schaft lich
volkswirtschaftlich	volkswirt schaft lich
unterdurchschnittlich	unter durchschnitt lich
verwertung	verwerten ung
selbstverwalter	selbstverwalten er
nichtschuldig	nichtschuld ig
nellinger	nellingen er
verhätschelung	verhätscheln ung
tänzerin	tanz er in
abendlich	abend lich
projektierung	projekt ier ung
schmalenberger	schmalenberg er
privatspender	privatspende er
nachdenklich	nachdenken lich
vereinskameradin	vereinskamerad in
kunstfeindlichkeit	kunstfeindlich keit
teamgefährtin	teamgefährte in
anreger	anregen er
gesprächspartnerin	gesprächspartner in
kartellrechtlich	kartellrecht lich
baudirektorin	baudirektor in
berghofer	berghof er
todesbotin	todesbote in
genferin	genf er in
verdunkelung	ver dunkel ung
liedersängerin	liedersänger in
ungünstig	ungunst ig
landesplaner	landesplan er
baronin	baron in
vollsperrung	vollsperren ung
erzeugung	erzeugen ung
kampfesmutig	kampfesmut ig
ungeschlechtlich	un geschlecht lich
verfügung	verfügen ung
studienanfängerin	studienanfang er in
vergrößerung	vergrößern ung
erneuerer	erneuern er
rechtswirksamkeit	rechtswirksam keit
heimatlich	heimat lich
abriegelung	abriegeln ung
verkörperung	ver körper ung
bielefelderin	bielefelder in
umsatzsteuerpflichtig	umsatzsteuerpflicht ig
barbesucher	barbesuch er
erlösung	erlösen ung
michelin	michel in
drachenbauer	drachenbauen er
pädagogikstudentin	pädagogikstudent in
ungefährlich	ungefähr e lich
folgerung	folgern ung
berufsständig	berufsstand ig
ausländerin	ausland er in
ingenieurswissenschaftlich	ingenieurswissenschaft lich
gastsängerin	gastsänger in
hausverwalterin	hausverwalter in
steinbrecher	steinbrech er
lagerarbeiter	lagerarbeit er
abkürzung	abkürzen ung
packung	packen ung
einschärfung	einschärfen ung
rächer	rächen er
treffer	treff er
abzahlung	abzahlen ung
bahnfahrer	bahnfahren er
aufhängung	aufhängen ung
einzelfallhelferin	einzelfallhelfer in
grämlich	grämen lich
trainerin	train er in
sozialforscherin	sozialforscher in
sportpädagogin	sportpädagoge in
abdin	abd in
aushilfskellnerin	aushilfskellner in
wiedereinsetzung	wiedereinsetzen ung
slawin	slawe in
vollbelegung	vollbelegen ung
beier	bea er
bundesgenossin	bundesgenosse in
vereinslos	verein los
schiefer	schief e er
bockig	bocken ig
wohnungsmieterin	wohnungsmiete er in
eintönigkeit	eintönig keit
befremdlich	befremden lich
protokollchefin	protokollchef in
freiin	frei e in
rechtsmedizinerin	rechtsmedizin er in
heldenmütig	heldenmut ig
unternehmerfreundlich	unternehmerfreund lich
designer	design er
tutorin	tutor in
erfüllungsgehilfin	erfüllungsgehilfe in
lichttechniker	lichttechnik er
namensvetterin	namensvetter in
verständlichkeit	verstand lich keit
postgewerkschafter	postgewerkschaft er
unaussprechbar	un aussprechen bar
kriminalpsychologin	kriminalpsychologe in
babysitter	babysitte er
rheinberger	rheinberg er
siebenmalig	siebenmal ig
politisierung	politisch isier ung
verrichtung	verrichten ung
fortpflanzungsfähigkeit	fortpflanzungsfähig keit
arbeitslos	arbeit los
bangladescher	bangladesch er
schuldlos	schuld los
wahlsieger	wahlsieg er
unverbindlichkeit	un verbinden lich keit
verleumdung	verleumden ung
kleinlichkeit	klein lich keit
domberger	domberg er
jugendfreundlich	jugendfreund lich
berechtigung	berechtigen ung
freizeitgärtner	freizeitgarten er
exportfähigkeit	exportfähig keit
haschischraucher	haschischrauchen er
musikerin	musik er in
vertraulichkeit	vertrauen lich keit
schuldrechtlich	schuldrecht lich
zweistaatlichkeit	zweistaatlich keit
stadtverordnetenvorsteherin	stadtverordnetenvorsteher in
romantiker	romantik er
kennzeichnung	kennzeichnen ung
bettnachbarin	bettnachbar in
medienarbeiter	medienarbeit er
abonnentin	abonnent in
anrufer	anrufen er
asylpolitiker	asylpolitik er
erdinger	erding er
fleißig	fleiß ig
marsberger	marsberg er
abwerbung	abwerben ung
köhler	kohl er
bewohner	bewohnen er
dividendenfähigkeit	dividendenfähig keit
bürgermeisterlich	bürgermeister lich
interessentin	interessent in
oppositionspolitiker	oppositionspolitik er
koalitionsfähigkeit	koalitionsfähig keit
mißachtung	mißachten ung
futterhäuschen	futterhaus chen
osttiroler	osttirol er
bayernspieler	bayernspiel er
emotionslos	emotion los
straßburger	straßburg er
gerichtsmediziner	gerichtsmedizin er
unwichtigkeit	unwichtig keit
brotkörbchen	brotkorb chen
sperrung	sperren ung
überdeutlichkeit	über deutlich keit
steuerrechtlich	steuerrecht lich
museumschefin	museumschef in
kindesmörder	kindesmord er
justizpolitiker	justizpolitik er
anfängerin	anfangen er in
vorgeblich	vorgeben lich
glaslos	glas los
verwaltungsdirektorin	verwaltungsdirektor in
kerstin	kerst in
anschmiegsamkeit	anschmiegen sam keit
internierung	intern e ier ung
unholdin	unholde in
machtgierig	machtgier ig
viertausender	viertausend er
krabbenbrötchen	krabbenbrot chen
kanzlerin	kanzler in
einkäufer	einkaufen er
heimatgeschichtlich	heimatgeschichte lich
halbschattig	halbschatten ig
meinungsforscherin	meinungsforscher in
kriegsgegnerin	kriegsgegner in
textilarbeiter	textilarbeit er
eigentümlichkeit	eigentum lich keit
moldauer	moldau er
kiesunternehmer	kiesunternehmen er
albanerin	alban er in
zwischenmenschlichkeit	zwischenmenschlich keit
stadtbesucher	stadtbesuch er
faschistin	faschist in
augustiner	auguste ine er
vorbehaltslos	vorbehalt los
rüger	rüge er
zeremonienmeisterin	zeremonienmeister in
weinerlich	weinen er lich
innigkeit	innig keit
hochspringer	hochspringen er
taxifahrer	taxifahren er
beteuerung	beteuern ung
entsorgungslager	entsorgungslage er
kostümverleiher	kostümverleih er
finderin	finden er in
amtschefin	amtschef in
unumkehrbar	un umkehren bar
fahrfähigkeit	fahrfähig keit
spastikerin	spastiker in
einreihung	einreihen ung
olympiasieger	olympiasieg er
zwiespältigkeit	zwiespalt ig keit
seelsorger	seelsorge er
schwieberdinger	schwieberdingen er
verdächtig	verdacht ig
sozialpsychologin	sozialpsychologe in
sportministerin	sportminister in
zehrung	zehren ung
schwermetaller	schwermetall er
machtpolitiker	machtpolitik er
amateurboxer	amateurboxen er
weberin	web er in
bauunternehmerin	bauunternehmen er in
englischlehrerin	englischlehrer in
schiebung	schieben ung
affenartig	affenart ig
schuldnerin	schuldner in
lageristin	lager ist in
kostbarkeit	kostbar keit
herausgeberin	herausgeben er in
straßenverkäufer	straßenverkauf er
friedensverträglich	friedensvertrag lich
parteisprecherin	parteisprecher in
hundeführerin	hundeführer in
verfassungsgerichtlich	verfassungsgericht lich
wichtigkeit	wicht ig keit
aneignung	aneignen ung
kombattantin	kombattant in
menschenschlächter	menschenschlachten er
wählbarkeit	wählen bar keit
einführung	einführen ung
vereinsfreundlich	vereinsfreund lich
verallgemeinerbar	ver allgemein bar
akkreditierung	akkreditieren ung
überdüngung	überdüngen ung
androhung	androhen ung
schrankenlos	schranke los
hinterhältigkeit	hinterhalten ig keit
verdampfung	ver dampf ung
kartin	karte in
ökogärtner	ökogarten er
ausfahrer	ausfahren er
spitzensportlerin	spitzensport ler in
verkehrsgünstig	verkehrsgunst ig
winterurlauber	winterurlaub er
geheimhaltung	geheimhalten ung
erlassung	erlassen ung
verschönerung	ver schön ung
schulärztlich	schularzt lich
magersüchtig	magersucht ig
geistesgegenwärtig	geistesgegenwart ig
ausstaffierung	ausstaffieren ung
verstauchung	verstauchen ung
ehrfurchtslos	ehrfurcht los
verstärkung	ver stark e ung
langenerin	lange n er in
gesellschaftlich	gesellschaft lich
beschlagnahmung	beschlagnahmen ung
feministin	feminist in
speerwerfer	speerwerfen er
weltpolizeilich	weltpolizei lich
unwirtschaftlich	un wirtschaften lich
chefideologin	chefideologe in
ausschließlich	aus schließen e lich
freyberger	freyberg er
weiterreichung	weiterreichen ung
oberassistentin	oberassistent in
jugendarbeiter	jugendarbeit er
nordöstlich	nordost lich
appetitlich	appetit lich
biowissenschaftlich	biowissenschaft lich
bauwirtschaftlich	bauwirtschaft lich
unsittlichkeit	unsitte lich keit
landwirtschaftsexpertin	landwirtschaftsexperte in
krampfig	krampf ig
beschaulich	beschauen lich
widersprüchlich	widerspruch lich
kampfgenossin	kampfgenosse in
fruchtbarkeit	fruchten bar keit
verschließbar	ver schließen e bar
konstrukteurin	konstrukteur in
zurichtung	zurichten ung
lehrgangsteilnehmerin	lehrgangsteilnehmer in
pflichtverteidigerin	pflichtverteidiger in
beharrung	beharren ung
sozialsenatorin	sozialsenator in
entwickler	entwickeln er
führungstreffer	führungstreffen er
liverpooler	liverpool er
organisierung	organisieren ung
bewährungshelferin	bewährungshelfer in
kampflustig	kampflust ig
elin	ele in
aidin	aide in
einlieferer	einliefern er
selbstfinanzierung	selbstfinanzieren ung
kaltblüter	kaltblut er
gefühlsduselig	gefühlsdusel ig
spritzer	spritzen er
langzeiturlauber	langzeiturlaub er
nachbarrechtlich	nachbarrecht lich
holztürmchen	holzturm chen
peinigung	pein ig ung
anthropologin	anthropologe in
spiegelung	spiegeln ung
jurysprecherin	jurysprecher in
übergangslos	übergang los
unzurechnungsfähigkeit	unzurechnungsfähig keit
merkwürdigkeit	merkwürde ig keit
knurrig	knurren ig
schuhputzer	schuhputz er
vertraglich	vertragen lich
klavierschüler	klavierschule er
tatsächlichkeit	tatsächlich keit
atomphysiker	atomphysik er
flugblattverteiler	flugblattverteilen er
päpstlich	papst lich
verallgemeinerung	ver allgemein ung
geigerin	geigen er in
vertragslos	vertrag los
saarburger	saarburg er
thronfolgerin	thronfolge er in
zentralörtlich	zentralort lich
fürsterzbischöflich	fürsterzbischof lich
sexsüchtig	sexsucht ig
anschuldigung	anschuldigen ung
diskussionsleiterin	diskussionsleiter in
diplomsportlehrerin	diplomsportlehrer in
kreisstädter	kreisstadt er
schiffsbauer	schiffsbau er
wahlleiterin	wahlleiter in
verständigkeit	verständig keit
vermännlichen	ver mann lich
stadtpolitiker	stadtpolitik er
rappelig	rappel ig
forschung	forschen ung
krimileser	krimilesen er
außenspielerin	außenspieler in
altbauer	altbau er
vereinnahmung	vereinnahmen ung
unhöflich	un hof lich
besteuerung	be steuer ung
übernächtig	übernachten ig
sportwetter	sportwetten er
washingtoner	washington er
wipper	wippe er
doppelsinnig	doppelsinn ig
nationalistin	nationale ist in
radrennfahrerin	radrennfahrer in
verquickung	ver quick ung
relativierung	relative ier ung
mitbestimmung	mitbestimmen ung
panzerbauer	panzerbau er
heuchler	heucheln er
internatsschüler	internatsschule er
zwischenlandung	zwischenlanden ung
schwimmer	schwimmen er
verwitterung	verwittern ung
mittelamerikanerin	mittelamerika aner in
bewirkung	bewirken ung
schreiber	schreiben er
schluchzer	schluchzen er
wiederentdeckung	wiederentdecken ung
ernährungsberaterin	ernährungsberater in
unschuldig	unschuld ig
fahrbar	fahren bar
ertüchtigung	ertüchtigen ung
wurmig	wurmen ig
verständlich	verstand lich
ostschweizer	ostschweiz er
behebung	beheben ung
konzertpianistin	konzertpianist in
unentwirrbar	un entwirren bar
asylsucher	asylsuche er
verächter	verachten er
chemielaborantin	chemielaborant in
vermittler	vermitteln er
genforscherin	genforscher in
übermalung	über mal ung
mitfahrerin	mitfahren er in
rädelsführerin	rädelsführer in
bewußtlos	bewußte los
hauptbelastungszeugin	hauptbelastungszeuge in
könner	können er
facharbeiterin	facharbeit er in
dauerrivalin	dauerrivale in
einwechselung	einwechseln ung
freigebig	freigeben ig
demilitarisierung	demilitarisieren ung
leiblichkeit	leib lich keit
pädagogikprofessorin	pädagogikprofessor in
elternlos	eltern los
literaturagentin	literaturagent in
arbeitsmedizinerin	arbeitsmedizin er in
überprüfung	überprüfen ung
nebelwerfer	nebelwerfen er
stromlos	strom los
farblich	farbe lich
ausweglos	ausweg los
atomexpertin	atomexperte in
buchbinder	buchbinden er
bissigkeit	bissen ig keit
makedonier	makedonien er
bildungsreformer	bildungsreform er
schloßbesitzerin	schloßbesitzer in
problemslos	problem los
funktionslos	funktion los
landschaftspfleger	landschaftspflege er
notschlachtung	notschlachten ung
strafbarkeit	strafen bar keit
beweispflichtig	beweispflicht ig
unbeirrbarkeit	unbeirrbar keit
unwirtlichkeit	unwirtlich keit
schneeberger	schneeberg er
aufhetzung	aufhetzen ung
heilbrunner	heilbrunnen er
morgig	morgen ig
risikopatientin	risikopatient in
westpolitiker	westpolitik er
flaumig	flaum ig
rosenkreuzer	rosenkreuz er
bewegungsfreudig	bewegungsfreude ig
einzeller	einzelle er
fremdenpolizeilich	fremdenpolizei lich
einfühlung	einfühlen ung
garstigkeit	garstig keit
lächerlichkeit	lächerlich keit
universalerbin	universalerbe in
werbetexter	werbetext er
allgäuer	allgäu er
filmgeschichtlich	filmgeschichte lich
hain	hae in
merkwürdiger	merkwürde ig e er
denkmöglichkeit	denkmöglich keit
kirchenpatronin	kirchenpatron in
nachwuchsschauspielerin	nachwuchsschauspieler in
werner	wern er
arin	ar in
görlitzer	görlitz er
energetiker	energetik er
offenlegung	offenlegen ung
araber	arab er
sparpolitiker	sparpolitik er
unsauberkeit	un sauber keit
gleichmacher	gleichmachen er
autobahnbauer	autobahnbau er
sangesfreudig	sangesfreude ig
verwaltungsleiterin	verwaltungsleiter in
filmheldin	filmheld in
karriereberaterin	karriereberater in
lein	lee in
großbetrüger	großbetrug er
hochberger	hochberg er
instrumentenbauer	instrumentenbau er
musikwissenschaftlich	musikwissenschaft lich
rottenberger	rottenberg er
läuterung	läutern ung
maiskörner	maiskorn er
gewalttätig	gewalttat ig
eidlich	eid lich
straßenräuber	straßenraub er
bücherschreiber	bücherschreiben er
wohlanständigkeit	wohlanständig keit
winkelbauer	winkelbau er
miesmacher	miesmachen er
wellenchefin	wellenchef in
nichtarbeitslos	nichtarbeit los
kläglichkeit	kläglich keit
beschuldigen	be schuld ig
staatskommissarin	staatskommissar in
schullehrerin	schullehrer in
weltbürgerlich	weltbürger lich
seltsamkeit	seltsam keit
hochadelig	hochadel ig
dämpfung	dämpfen ung
amerikanistin	amerika anisch ist in
formatierung	format ier ung
nacherzählung	nacherzählen ung
entsendung	entsenden ung
bezichtigung	bezichtigen ung
wählbar	wählen bar
verräterin	verraten er in
regenerationsfähigkeit	regenerationsfähig keit
doktorandin	doktorand in
unkenrufer	unkenrufen er
ehrfürchtig	ehrfurcht ig
duldung	dulden ung
miefig	miefen ig
überbeanspruchung	überbeanspruchen ung
übeltäterin	übeltat er in
selbstbestimmung	selbstbestimmen ung
widerstandlos	widerstand los
zersetzung	zer setzen ung
geschäftsleiterin	geschäftsleiter in
senatsplaner	senatsplan er
vorrednerin	vorredner in
dalmatiner	dalmatien er
händlerin	händler in
forstarbeiter	forstarbeit er
heilerziehungspfleger	heilerziehungspflege er
fiatfahrerin	fiatfahrer in
tempelchen	tempel chen
ostpreußin	ostpreuße in
verzehrbar	verzehren bar
schändlichkeit	schänden lich keit
reaktivierung	reaktion iv ier ung
tabulos	tabu los
jazzmusikerin	jazzmusik er in
bewertung	bewerten ung
pharmakologin	pharmakologe in
faltung	falten ung
nuklearmediziner	nuklearmedizin er
stadtstreicherin	stadtstreicher in
bundesstaatlich	bundesstaat lich
dynamisierung	dynamisch isier ung
großfürstin	großfürst in
waldschützer	waldschutz er
bronzezeitlich	bronzezeit lich
pappschächtelchen	pappschachtel chen
industriegeschichtlich	industriegeschichte lich
ewin	ewe in
bescheinigung	bescheinigen ung
keyboardspieler	keyboardspiel er
besprechung	besprechen ung
hundehalterin	hundehalter in
europakritiker	europakritik er
exhibitionistin	exhibition ist in
schattenspieler	schattenspiel er
baumgartner	baumgarten er
kartoffelkönigin	kartoffelkönig in
verminung	verminen ung
gattungsgeschichtlich	gattungsgeschichte lich
sektenchefin	sektenchef in
tiefbauer	tiefbau er
schwarzbrenner	schwarzbrennen er
unternehmensgründerin	unternehmensgründer in
ballettchefin	ballettchef in
bruchsaler	bruchsal er
starreporterin	starreporter in
fluchthelferin	fluchthelfer in
materialwissenschaftlich	materialwissenschaft lich
verständnisinnigkeit	verständnisinnig keit
rechtspolitikerin	rechtspolitik er in
severin	seven er in
volkswirtin	volkswirt in
staatlich	staat lich
annchen	ann chen
kunstmalerin	kunstmaler in
verbreiterung	ver breit ung
schwülstigkeit	schwulst ig keit
astrophysiker	astrophysik er
unzulässig	un zulassen ig
wertstellung	wertstellen ung
humanmediziner	humanmedizin er
wettenberger	wettenberg er
bauhauptgewerblich	bauhauptgewerbe lich
gewinner	gewinnen er
vertragsbrüchig	vertragsbruch ig
angehörig	angehören ig
heilerziehungspflegerin	heilerziehungspflege er in
übersteiger	übersteigen er
werber	werben er
rheinländer	rheinland er
wanderlustig	wanderlust ig
kostensenker	kostensenken er
mißmutig	mißmut ig
kernlos	kern los
innerlich	inner e lich
sylvain	sylva in
gelnhausener	gelnhausen er
bogenförmig	bogenform ig
seelsorglich	seelsorge lich
adreßbüchlein	adreßbuch lein
jugendspielerin	jugendspiel er in
vorladung	vorladen ung
doppelung	doppeln ung
musikschüler	musikschule er
wiedervereinigung	wiedervereinigen ung
sozialtechniker	sozialtechnik er
zeitkritiker	zeitkritik er
gnadenlos	gnade los
ausdruckslos	ausdruck los
faltenröckchen	faltenrock chen
gewerbemieter	gewerbemiete er
korbacher	korbach er
betreuer	betreuen er
angreifbar	angreifen bar
schwammigkeit	schwamm ig keit
abrüstungswillig	abrüstungswille ig
enkelin	enkel in
satanspriesterin	satanspriester in
münchenerin	münchen er in
maurer	mauer er
sozialverträglich	sozialvertrag lich
aufrührer	aufrühren er
folgsamkeit	folgen sam keit
aufteilung	aufteilen ung
turnerin	turnen er in
gehilfin	gehilfe in
benützer	benutzen er
witterung	wittern ung
dogger	dogge er
brüsseler	brüssel er
erntearbeiter	erntearbeit er
engstirnigkeit	engstirnig keit
verdächtigen	verdacht ig
terrassierung	terrasse ier ung
dorfpolitiker	dorfpolitik er
kaufwillig	kaufwille ig
rührigkeit	rühren ig keit
pflüger	pflug er
ausnahmespielerin	ausnahmespieler in
völkermörder	völkermorden er
übergesetzlich	über gesetz lich
hühnchen	huhn chen
naturrechtlich	naturrecht lich
steigerungsfähigkeit	steigerungsfähig keit
erlangung	erlangen ung
tarnung	tarnen ung
leidensgenossin	leidensgenosse in
hofheimer	hofheim er
wienerin	wien er in
väterlich	vater lich
einberufbar	einberufen bar
wiederaufrichtung	wiederaufrichten ung
pappenheimer	pappenheim er
computerunternehmer	computerunternehmen er
vollblüter	vollblut er
hündchen	hund chen
integrierbar	integrieren bar
beklemmung	beklemmen ung
verdeckung	ver deck ung
vorstellbar	vorstellen bar
bildungsbürgerlich	bildungsbürger lich
privatbesucher	privatbesuch er
unehrlich	unehre lich
forster	forst er
filzig	filzen ig
regierungsunfähigkeit	regierungsunfähig keit
krüppelig	krüppel ig
didaktiker	didaktik er
umweltpolitiker	umweltpolitik er
skilangläufer	skilanglauf er
berichterstatter	berichterstatten er
geschäftsführerin	geschäftsführer in
wirtschaftsfeindlichkeit	wirtschaftsfeindlich keit
menschenähnlichkeit	menschenähnlich keit
weisheitslehrer	weisheitslehren er
verfassungsfeindlich	verfassungsfeind lich
vergebung	vergeben ung
vernebelung	ver nebeln el ung
beschlußfähigkeit	beschlußfähig keit
unschädlichkeit	un schädlich keit
tröpfchen	tropf chen
unlösbarkeit	un lösen bar keit
bombenattentäter	bombenattentat er
erschütterung	erschüttern ung
boxer	boxen er
unentschuldbar	un entschulden bar
berchtesgadener	berchtesgaden er
spreizung	spreizen ung
fürther	fürth er
kreditwürdigkeit	kreditwürdig keit
maskierung	maske ier ung
papiermacher	papiermache er
vordenker	vordenken er
rassegeflügelzüchter	rassegeflügelzucht er
kulturredakteurin	kulturredakteur in
hauer	haue er
motorradbauer	motorradbau er
gefährlichkeit	gefährlich keit
witzlos	witz los
volksläufer	volkslauf er
ernährung	ernähren ung
hinterhältig	hinterhalten ig
schmerzunempfindlichkeit	schmerzunempfindlich keit
kirchlichkeit	kirche lich keit
regierungsunabhängigkeit	regierungsunabhängig keit
dokumentarfilmer	dokumentarfilm er
versicherer	versichern er
teilprivatisierung	teilprivatisieren ung
regellos	regeln el los
wochenendlich	wochenende lich
reitsportlich	reitsport lich
beiruter	beirut er
fraktionschefin	fraktionschef in
auskunftspflichtig	auskunftspflicht ig
lebensmittelrechtlich	lebensmittelrecht lich
gültigkeit	gültig keit
gefährdung	gefährden ung
reisebegleiterin	reisebegleiter in
baßspieler	baßspiel er
heilbar	heilen bar
galeristin	galerie ist in
abnabelung	abnabeln ung
brutalisierung	brutale isier ung
gladbacher	gladbach er
festlichkeit	fest e lich keit
kulturbürgermeisterin	kulturbürgermeister in
haushaltung	haushalten ung
suspendierung	suspendieren ung
verteilerin	verteilen er in
mystiker	mystik er
gebrauchsgraphiker	gebrauchsgraphik er
ausstellerin	ausstellen er in
klavierspieler	klavierspielen er
wasserschlößchen	wasserschloß chen
schmarotzer	schmarotzen er
überraschungssieger	überraschungssieg er
seminaristin	seminar ist in
sauberkeit	sauber keit
erreger	erregen er
herzogin	herzog in
sprachschüler	sprachschule er
irrläufer	irrlauf er
verschmelzung	ver schmelz ung
rechtsgutachter	rechtsgutachten er
theaterwissenschaftlich	theaterwissenschaft lich
krankenpflegerin	krankenpflege er in
wilmersdorfer	wilmersdorf er
profanierung	profane ier ung
vormundschaftsgerichtlich	vormundschaftsgericht lich
unterfinanzierung	unter finanz ier ung
kantorin	kantor in
bauordnungsrechtlich	bauordnungsrecht lich
senkrechtstarterin	senkrechtstart er in
königsmacherin	königsmacher in
trompeterin	trompeten er in
motivgeschichtlich	motivgeschichte lich
rheinauer	rheinaue er
trinkerin	trinken er in
züricher	zürich er
kleinbesitzer	kleinbesitz er
supertechniker	supertechnik er
krönung	krönen ung
kampfunfähigkeit	kampfunfähig keit
orgelspieler	orgelspielen er
schrecklich	schreck lich
stimmrechtslos	stimmrecht los
privatisierung	private isier ung
erwähnung	erwähnen ung
vietnamkrieger	vietnamkrieg er
zentralstaatlich	zentralstaat lich
hexenmeisterin	hexenmeister in
senatsvertreterin	senatsvertreter in
baskin	baske in
waldshuter	waldshut er
wasserläufer	wasserlauf er
kosmetikerin	kosmetik er in
einladung	einladen ung
streberin	streben er in
verkohlung	ver kohle ung
wanderer	wandern er
industriedesigner	industriedesign er
rathaussprecherin	rathaussprecher in
goldsucher	goldsuche er
schulsozialarbeiter	schulsozialarbeit er
naturalisierung	naturalie isier ung
sonderbar	sondern bar
stoppelbärtig	stoppelbart ig
todeskandidatin	todeskandidat in
humanwissenschaftlich	humanwissenschaft lich
skater	skat er
britin	brite in
finanzdezernentin	finanzdezernent in
strohhütchen	strohhut chen
degenfechterin	degenfechten er in
weitergeltung	weitergelten ung
übersättigung	übersättigen ung
lebensfreudig	lebensfreude ig
aussiedler	aussiedeln er
benachteiligung	benachteiligen ung
lähmung	lähmen ung
verbandspräsidentin	verbandspräsident in
einzelgänger	einzelgang er
koller	koll er
handelspolitiker	handelspolitik er
kaffeeverkäufer	kaffeeverkauf er
ungeheuerlichkeit	ungeheuer lich keit
bestürzung	bestürzen ung
grasberger	grasberg er
üblichkeit	üblich keit
stadtbewohnerin	stadtbewohner in
verwahrung	verwahren ung
jungarbeiterin	jungarbeiter in
umsiedelung	umsiedeln ung
absolvierung	absolvieren ung
begreiflich	begreifen lich
ausbaubar	ausbauen bar
arbeitsgesellschaftlich	arbeitsgesellschaft lich
landtagskollegin	landtagskollege in
vergleichbar	ver gleich bar
streetworkerin	streetworker in
pfleger	pflegen er
preislich	preis lich
pseudowissenschaftlich	pseudowissenschaft lich
wildberger	wildberg er
reagenzgläschen	reagenzglas chen
überbetrieblich	über betrieb lich
bitterlich	bitter lich
todessehnsüchtig	todessehnsucht ig
finanzwissenschaftlich	finanzwissenschaft lich
bundesbanker	bundesbank er
vorstandssekretärin	vorstandssekretär in
drehbuchschreiberin	drehbuchschreiben er in
spieler	spielen el er
erweckung	erwecken ung
gesundheitsstaatssekretärin	gesundheitsstaatssekretär in
verweisung	verweisen ung
fußballer	fußballen er
möbeldesigner	möbeldesign er
mehrkämpfer	mehrkampf er
schaumig	schaum ig
durchführbar	durchführen bar
hüterin	hüten er in
knebelung	knebeln ung
nebenklägervertreterin	nebenklägervertreter in
bänkelsänger	bänkelsang er
trommlerin	trommeln er in
pilgerin	pilger in
zirkusartistin	zirkusartist in
wassertrinker	wassertrinken er
altehrwürdigkeit	altehrwürdig keit
steuerberaterin	steuerberater in
tischtennisspielerin	tischtennisspielen er in
umstellung	umstellen ung
schreibung	schreiben ung
informationsministerin	informationsminister in
chinin	che in in
vollzähligkeit	vollzählig keit
sizilianerin	sizilianer in
anarchistin	anarchisch ist in
verfehlung	ver fehl ung
aufwiegelung	aufwiegeln ung
sozialrechtlich	sozialrecht lich
erwärmung	erwärmen ung
erwiderung	erwidern ung
zimperlichkeit	zimperlich keit
zertrümmerung	zer trümmer ung
profispielerin	profispieler in
reformfreundlich	reformfreund lich
jahressieger	jahressieg er
kinounternehmer	kinounternehmen er
unverantwortlichkeit	un verantworten lich keit
königsbauer	königsbau er
belegung	belegen ung
eiförmig	eiform ig
wandlungsfähigkeit	wandlungsfähig keit
wälzer	wälzen er
konstantin	konstante in
oboistin	oboe ist in
außerdienstlich	außer dienst lich
namenloser	namenlos er
nachwirkung	nachwirken ung
nuancierung	nuance ier ung
direktkandidatin	direktkandidat in
elbestädter	elbestadt er
hüttenstädter	hüttenstadt er
moder	mod er
arbeitssenatorin	arbeitssenator in
finanzsenatorin	finanzsenator in
nordhessin	nordhesse in
praktikerin	praktik er in
regenwaldschützer	regenwaldschutz er
flüssigkeit	flüssig keit
spielerin	spielen el er in
selbstdenker	selbstdenken er
tatzeugin	tatzeuge in
nachvollziehbar	nachvollziehen bar
norweger	norwegen er
vermarktung	ver markt ung
falkensteiner	falkenstein er
wirksamkeit	wirksam keit
fahrig	fahr ig
anmeldung	anmelden ung
wiederauferstehung	wiederauferstehen ung
transporter	transport er
befreiung	befreien ung
porzellanmalerin	porzellanmaler in
quedlinburger	quedlinburg er
eigensüchtig	eigensucht ig
tiefbauarbeiter	tiefbauarbeit er
feuerleger	feuerlegen er
vernetzung	ver netz ung
vierkantig	vierkant ig
doktorin	doktor in
schönfärber	schönfärben er
unterscheidbar	unterscheiden bar
geschirrspüler	geschirrspülen er
verrückung	verrücken ung
überwölbung	überwölben ung
liebenswürdigkeit	liebenswürdig keit
wunschdenker	wunschdenken er
achtundsechziger	achtundsechzig er
mitmenschlich	mitmensch lich
urkundlich	urkunde lich
überfliegerin	über fliege er in
kongreßteilnehmerin	kongreßteilnehmer in
abnehmerin	abnehmen er in
äsung	äsen ung
nachwuchsregisseurin	nachwuchsregisseur in
versteifung	ver steif ung
ägypter	ägypten er
befähigung	befähigen ung
strahlung	strahlen ung
verschlimmerung	ver schlimm ung
haushaltsexpertin	haushaltsexperte in
abgründig	abgrund ig
drehung	drehen ung
müßig	muß ig
schmugglerin	schmuggeln er in
tangotänzer	tangotanzen er
flößer	floß er
schwerverbrecher	schwerverbrechen er
kneipenbesucher	kneipenbesuch er
ballettmeisterin	ballettmeister in
theologin	theologe in
nachrichtenredakteurin	nachrichtenredakteur in
vergeistigung	ver geist ig ung
außenwirtschaftlich	außenwirtschaft lich
flöckchen	flock chen
ansprechpartnerin	ansprechpartner in
heftchen	heft chen
familienunternehmer	familienunternehmen er
regierungsvertreterin	regierungsvertreter in
konzertmeisterin	konzertmeister in
schwenker	schwenk er
geringachtung	geringachten ung
schafzüchter	schafzucht er
frühjährlich	frühjahr lich
franziskanerin	franziska aner in
sozialhilfebedürftigkeit	sozialhilfebedürftig keit
glattstellung	glattstellen ung
versumpfung	ver sumpf ung
beischläfer	beischlaf er
überbauung	überbauen ung
privateigentümer	privateigentum er
kaltstellung	kaltstellen ung
zieher	ziehen er
unheimlichkeit	un heimlich keit
beschäftigungslos	beschäftigen ung los
untrennbar	un trennen bar
hochverräter	hochverrat er
spießig	spießen ig
stallarbeiter	stallarbeit er
erkrankung	erkranken ung
zerkleinerung	zer klein ung
rathauspolitiker	rathauspolitik er
demobilisierung	demobilisieren ung
erwerbswirtschaftlich	erwerbswirtschaft lich
leichtsinnig	leichtsinn ig
altmeisterlich	altmeister lich
neunecker	neuneck er
sommersprossig	sommersprosse ig
austräger	austragen er
rationalisierung	rationale isier ung
pragmatikerin	pragmatik er in
weltenbummlerin	weltenbummler in
berberin	berber in
chancenlos	chance los
abwehrspezialistin	abwehrspezialist in
betätigung	betätigen ung
geller	gellen er
jurorin	juror in
baulich	bau lich
alleinschuldig	alleinschuld ig
dietzenbacher	dietzenbach er
polizeipraktiker	polizeipraktik er
rechtstaatlich	rechtstaat lich
ehrwürdigkeit	ehrwürde ig keit
dortmunder	dortmund er
erschaffung	erschaffen ung
kartenspieler	kartenspielen er
bundesjustizministerin	bundesjustizminister in
weinberghäuschen	weinberghaus chen
sowjetbotschafter	sowjetbotschaft er
terroristin	terror ist in
wirtschaftsgeschichtlich	wirtschaftsgeschichte lich
dämmung	dämmen ung
titelverteidigerin	titelverteidiger in
krankmeldung	krankmelden ung
welzheimer	welzheim er
christlich	chr ist lich
kostümbildnerin	kostümbildner in
sündigen	sünde ig
vegetationslos	vegetation los
naturgesetzlich	naturgesetz lich
unterbezahlung	unterbezahlen ung
kunstlos	kunst los
stadtgeschichtlich	stadtgeschichte lich
überprüfer	überprüfen er
bewässerung	bewässern ung
verflüchtigen	ver flüchten ig
sozialverträglichkeit	sozialvertrag lich keit
waldecker	waldecke er
tatverdächtig	tatverdacht ig
zuständigkeit	zuständig keit
aufhebung	aufheben ung
wiedergewinnung	wiedergewinnen ung
schiller	schill er
geltungssüchtig	geltungssucht ig
ravensburger	ravensburg er
verklebung	ver klebe ung
sonderschulpädagogin	sonderschulpädagoge in
heiligsprechung	heiligsprechen ung
blasmusiker	blasmusik er
anrüchigkeit	anrüchig keit
köpper	kopp er
verfassungsfeindlichkeit	verfassungsfeind lich keit
berufslos	beruf los
londonerin	london er in
sprengung	sprengen ung
verkantung	verkanten ung
wiederverwendbar	wiederverwenden bar
binnenwirtschaftlich	binnenwirtschaft lich
bevölkerungspolitiker	bevölkerungspolitik er
unbestechlichkeit	un bestechen lich keit
umweltreferentin	umweltreferent in
schwerbehinderung	schwerbehindern ung
krankengymnastin	krankengymnast in
pferdezüchter	pferdezucht er
dringlichkeit	dringen lich keit
umsetzung	umsetzen ung
verständigung	ver ständig ung
unabwendbar	un abwenden bar
angreifer	angreifen er
sudanesin	sudanese in
antiquitätenhändlerin	antiquitätenhändler in
neubürgerlich	neuburg er lich
abschürfung	abschürfen ung
schleifung	schleifen ung
busfahrer	busfahren er
ritterlich	ritt er lich
petermännchen	petermann chen
stromverkäufer	stromverkauf er
flugmediziner	flugmedizin er
teilstaatlich	teilstaat lich
kunstradfahrerin	kunstradfahren er in
baströckchen	bastrock chen
kasseler	kassel er
druckerin	drucken er in
kontrolleurin	kontrolleur in
ärmlichkeit	ärmlich keit
industrialisierung	industrialisieren ung
vertrauenswürdigkeit	vertrauenswürdig keit
unverdächtig	un verdacht ig
versorgung	versorgen ung
geldgeberin	geldgeber in
gänzlich	ganz e lich
zerstörer	zerstören er
bezahlung	bezahlen ung
fernschüler	fernschule er
filmemacherin	filmemachen er in
hochschätzung	hochschätzen ung
taxierung	taxieren ung
videospieler	videospiel er
surrealistin	surreal ist in
wählerin	wählen er in
mitteilung	mitteilen ung
stimmlich	stimmen lich
herstellung	herstellen ung
betreuerin	betreuen er in
hauswirtin	hauswirt in
spitzig	spitzen ig
oberbürgermeisterkandidatin	oberbürgermeisterkandidat in
albanier	albanien er
genossenschaftlerin	genossen schaft ler in
eichenberger	eichenberg er
klopfer	klopfen er
höflichkeit	hof lich keit
hamburgerin	hamburg er in
weitung	weiten ung
feinsinnig	feinsinn ig
mexikanerin	mexikaner in
streitbar	streiten bar
mittelfeldspielerin	mittelfeldspiel er in
vergegenwärtigung	ver gegenwart ig ung
vergeblich	vergeben lich
erzähler	erzählen er
nachlässigkeit	nachlassen ig keit
zukünftig	zukunft ig
abfällig	abfällen ig
graphiker	graphik er
organisatorin	organisator in
unterwanderung	unterwandern ung
klassifizierung	klassifizieren ung
beschäftigungspflichtig	beschäftigungspflicht ig
quittierung	quitt ier ung
sensationsreporterin	sensationsreporter in
honorierung	honorieren ung
meineidig	meineid ig
hellhörigkeit	hellhörig keit
fahrradfahrerin	fahrradfahren er in
produktionsarbeiter	produktionsarbeit er
unterteilbar	unterteilen bar
stimmung	stimmen ung
angster	angst er
shanghaier	shanghai er
gießenerin	gießen er in
kurzsichtigkeit	kurzsicht ig keit
saboteurin	saboteur in
komplikationslos	komplikation los
zellennachbarin	zellennachbar in
stickerin	sticken er in
hemmungslos	hemmung los
amtsvorgängerin	amtsvorgänger in
mieterschützer	mieterschutz er
unnatürlichkeit	un natürlich keit
meckerer	meckern er
bezahlbar	bezahlen bar
auszahlung	auszahlen ung
trainingsfleißig	trainingsfleiß ig
beziehungslos	beziehen ung los
überängstlichkeit	über ängstlich keit
volksfeindlichkeit	volksfeind lich keit
kräftigung	kräftigen ung
handlich	hand lich
fackelläufer	fackellauf er
universitätsabsolventin	universitätsabsolvent in
vorchristlich	vor chr ist lich
keulenschwinger	keulenschwingen er
inniglich	innig lich
justierung	justieren ung
schmierer	schmieren er
textildesignerin	textildesign er in
stopfer	stopfen er
vornehmlich	vornehm lich
hamelner	hameln er
tiefschläfer	tiefschlaf er
holzhäuschen	holzhaus chen
zwielichtig	zwielicht ig
cafer	cafe er
unhaltbar	un halten bar
jugendringer	jugendringen er
unbeträchtlich	un betracht lich
kleinfischer	kleinfisch er
ersatzbewerberin	ersatzbewerber in
sozialistin	soziale ist in
kurfürstlich	kurfürst lich
bildungspolitiker	bildungspolitik er
schwämmchen	schwamm chen
zuckerrübenanbauer	zuckerrübenanbau er
untersuchungsrichterin	untersuchungsrichter in
identitätslos	identität los
radler	radeln er
sägewerker	sägewerk er
teilbarkeit	teilen bar keit
steptänzer	steptanz er
innerbetrieblich	inner betrieb lich
weißenberger	weißenberg er
redaktionsleiterin	redaktionsleiter in
samenspender	samenspende er
sexualreformer	sexualreform er
heimkehrer	heimkehren er
biomechaniker	biomechanik er
siegerin	siegen er in
barrikadenkämpfer	barrikadenkampf er
funkerin	funken er in
hopper	hoppe er
empfindungslos	empfinden ung los
heilsberger	heilsberg er
abschiebung	abschieben ung
beilegung	beilegen ung
erfahrung	erfahren ung
hüllenlos	hüllen los
zwischennutzung	zwischennutzen ung
firmenchefin	firmenchef in
denkmalschutzrechtlich	denkmalschutzrecht lich
auswertung	auswerten ung
tropfenförmig	tropfenform ig
zahnarzthelferin	zahnarzthelfer in
wertbeständigkeit	wertbeständig keit
rechtsförmig	rechtsform ig
korruptionsanfälligkeit	korruptionsanfällig keit
entschädigungslos	entschädigen ung los
celler	celle er
überzahlung	über zahl ung
homburgerin	homburg er in
sinnesfreudig	sinnesfreude ig
geldeintreiber	geldeintreiben er
commerzbanker	commerzbank er
linkshändigkeit	linkshändig keit
kokainabhängigkeit	kokainabhängig keit
krustig	kruste ig
ehrenberger	ehrenberg er
landesdirektorin	landesdirektor in
schulgeschichtlich	schulgeschichte lich
ostthüringer	ostthüringen er
illustratorin	illustrator in
versetzung	versetzen ung
autofahrer	autofahren er
bernhardiner	bernhardine er
chistopher	chistoph er
robber	robbe er
kniefällig	kniefall ig
frauensenatorin	frauensenator in
marktforscherin	marktforscher in
bläulich	blau e lich
alleingänger	alleingang er
einmischung	einmischen ung
bundesministerin	bundesminister in
überschreitung	überschreiten ung
mörderin	morden er in
rentenversicherungspflichtig	rentenversicherungspflicht ig
ewigkeit	ewig keit
menschenrechtsaktivistin	menschenrechtsaktivist in
gruppenbetreuerin	gruppenbetreuer in
zollamtlich	zollamt lich
aufregung	aufregen ung
küster	küste er
theorielos	theorie los
unzulänglichkeit	unzulänglich keit
erfahrungswissenschaftlich	erfahrungswissen schaft lich
jugendseelsorger	jugendseelsorge er
bestätigung	bestätigen ung
organspenderin	organspenden er in
löber	lob er
pragmatiker	pragmatik er
verschiffung	ver schiff ung
tabakbauer	tabakbau er
empfangbar	empfangen bar
nachfüllung	nachfüllen ung
abbildbar	abbilden bar
handelsvertreterin	handelsvertreter in
zurückberufung	zurückberufen ung
hermannstädter	hermannstadt er
berufsrechtlich	berufsrecht lich
ablösung	ablösen ung
kubanerin	kuba aner in
unteilbar	un teilen bar
pädagogin	pädagoge in
wähler	wählen er
zwischenlagerung	zwischenlagern ung
entkräftung	entkräften ung
zeugungsfähigkeit	zeugungsfähig keit
hauptamtlich	hauptamt lich
überträgerin	übertragen er in
strandbesucher	strandbesuch er
landesrechtlich	landesrecht lich
kunstgewerblich	kunstgewerbe lich
unzeitig	unzeit ig
verslein	vers lein
übermüdung	über müde ung
frankenhauser	frankenhausen er
verschreibung	verschreiben ung
vertragsrechtlich	vertragsrecht lich
ausschließung	aus schließen e ung
lichtfleckchen	lichtfleck chen
unparteilich	un partei lich
inhaltslos	inhalt los
praktikumslehrerin	praktikumslehrer in
automatenspieler	automatenspielen er
wiedereroberung	wiedererobern ung
großgrundbesitzer	großgrundbesitz er
provinzblättchen	provinzblatt chen
vererblich	ver erbe lich
täuber	taube er
nachfühlbar	nach fühlen bar
fehlleitung	fehlleiten ung
hörfunker	hörfunk er
yener	yen er
gottsucher	gottsuche er
damenschneiderin	damenschneider in
zuspitzung	zuspitzen ung
partnerschüler	partnerschule er
tessiner	tessin er
federlos	feder los
arbeitskollegin	arbeitskollege in
volkskundlich	volkskunde lich
eingebung	eingeben ung
hirnlos	hirn los
brandmarkung	brandmarken ung
umgehung	umgehen ung
grundpfandrechtlich	grundpfandrecht lich
hochschuldozentin	hochschuldozent in
kurier	kuri er
heimsuchung	heimsuchen ung
türkin	türke in
reinrassigkeit	reinrassig keit
versicherung	versichern ung
stichhaltigkeit	stichhaltig keit
trotzig	trotzen ig
unmerklich	un merken lich
hauptschülerin	hauptschule er in
langhaarig	langhaar ig
sozialhilfeempfängerin	sozialhilfeempfänger in
bildgewaltig	bildgewalt ig
nachwuchsathletin	nachwuchsathlet in
nichtwählerin	nichtwählen er in
entwaldung	ent wald ung
kraftwerksbauer	kraftwerksbau er
posthalterin	posthalter in
abstammung	abstammen ung
kulturchefin	kulturchef in
rüdesheimer	rüdesheim er
fortwirkung	fortwirken ung
jodler	jodeln er
verpfändung	verpfänden ung
zwillingspärchen	zwillingspaar chen
jazzsängerin	jazzsänger in
schornsteinfegerin	schornsteinfegen er in
ortsgeschichtlich	ortsgeschichte lich
heilssucher	heilssuche er
frachter	fracht er
stelzenläufer	stelzenlaufen er
tolpatschig	tolpatsch ig
marmeladenbrötchen	marmeladenbrot chen
wiedererrichtung	wiedererrichten ung
untersetzung	untersetzen ung
willkürlich	willkür lich
karmelitin	karmelit in
gesundheitsministerin	gesundheitsminister in
kunstkritiker	kunstkritik er
nachfolgekandidatin	nachfolgekandidat in
kriminalkommissarin	kriminalkommissar in
säer	säen er
leerung	leeren ung
peinlichkeit	peinlich keit
eigenstaatlichkeit	eigenstaatlich keit
aspirantin	aspirant in
wassertröpflein	wassertropfen lein
rückseitig	rückseite ig
machttechniker	machttechnik er
rentnerpärchen	rentnerpaar chen
lichtdurchlässigkeit	lichtdurchlässig keit
vorbereitung	vorbereiten ung
aufstellung	aufstellen ung
bonnerin	bonne er in
dreckig	dreck ig
songschreiber	songschreiben er
rotschwänzchen	rotschwanz chen
sechsmalig	sechsmal ig
volljährigkeit	volljährig keit
erker	erke er
einübung	einüben ung
schildern	schild er
hasseler	hassel er
michelin	michele in
nachfahrin	nachfahr in
bedrohung	bedrohen ung
lumpig	lumpen ig
juniorpartnerin	juniorpartner in
mägdlein	magd lein
leiner	leine er
sprecherin	sprecher in
schwergängigkeit	schwergängig keit
kemper	kemp er
rechenschaftspflichtig	rechenschaftspflicht ig
optimistin	optimist in
fixierung	fix ier ung
tanzpartnerin	tanzpartner in
nachfolger	nachfolgen er
kreuzung	kreuzen ung
dreiköpfig	dreikopf ig
bruchlos	bruch los
maschinenarbeiterin	maschinenarbeit er in
rechtsprofessorin	rechtsprofessor in
bräunlich	bräunen lich
befrachtung	befrachten ung
balltreter	balltreten er
überführung	überführen ung
violinspieler	violinspiel er
vorauszahlung	vorauszahlen ung
verlagerung	verlagern ung
eiberger	eiberg er
kriminaldirektorin	kriminaldirektor in
rekordnationalspielerin	rekordnationalspieler in
sachlichkeit	sache lich keit
reinberger	reinberg er
plappermäulchen	plappermaul chen
kreismeisterin	kreismeister in
schwerbeschädigung	schwerbeschädigen ung
studienassessorin	studienassessor in
königsberger	königsberg er
singapurer	singapur er
ausschaltung	ausschalten ung
sammlerin	sammler in
abstufung	abstufen ung
hochstilisierung	hochstilisieren ung
schätzchen	schatz chen
unverständlich	unverstand lich
stammfreier	stammfreie er
nonkonformistin	nonkonformist in
schoßhündchen	schoßhund chen
scharrer	scharre er
großfarmer	großfarm er
kirchenrechtlich	kirchenrecht lich
abschaltung	abschalten ung
fadenscheinig	fadenschein ig
zeitungskäufer	zeitungskauf er
krachig	krachen ig
mittelstreckenläuferin	mittelstreckenläufer in
überstaatlich	überstaat lich
tontechniker	tontechnik er
bewacher	bewachen er
kleiderlos	kleid los
hauptgewinner	hauptgewinn er
naturnotwendigkeit	naturnotwendig keit
selbstgefälligkeit	selbstgefallen ig keit
aufwallung	aufwallen ung
gegenwärtigkeit	gegenwart ig keit
unehelichkeit	un ehe lich keit
ersatzkandidatin	ersatzkandidat in
alteigentümerin	alteigentum er in
überladung	überladen ung
sechstägig	sechstag ig
abgrenzung	abgrenzen ung
langjährig	langjahr ig
bundesgrenzschützer	bundesgrenzschutz er
altenpflegeschüler	altenpflegeschule er
reiseleiterin	reiseleiter in
wattenscheider	wattenscheid er
vermutung	vermuten ung
diskussionsfähigkeit	diskussionsfähig keit
medizinethiker	medizinethik er
vegetarierin	vegetarier in
unwirklich	un wirken lich
bewilligung	bewilligen ung
ablagerung	ablagern ung
prüfer	prüfen er
weiterführung	weiterführen ung
versprechung	versprechen ung
verkehrspolitiker	verkehrspolitik er
aktienrechtlich	aktienrecht lich
querdenkerin	querdenken er in
aachener	aachen er
maier	maia er
streitlustig	streitlust ig
rekordsieger	rekordsieg er
energiesparer	energiesparen er
steckbrieflich	steckbrief lich
beantragung	be antrag ung
besserung	bessern ung
ausdrücklich	ausdrücken lich
botmäßigkeit	botmäßig keit
zirndorfer	zirndorf er
deutlichkeit	deutlich keit
einzelbetrieblich	einzelbetrieb lich
schürfer	schürfen er
umschulung	umschulen ung
steher	stehen er
arbeitsberaterin	arbeitsberater in
eichung	eichen ung
verhaftung	ver haft ung
dörflich	dorf lich
ungelenkigkeit	un gelenk ig keit
entflammbarkeit	entflammbar keit
mitarbeiter	mitarbeiten er
lieferfähigkeit	lieferfähig keit
konzessionslos	konzession los
altin	alt in
genießer	genießen er
kuwaiter	kuwait er
langsamfahrer	langsamfahren er
unterhaltung	unterhalten ung
amtstierärztlich	amtstierarzt lich
kinderpfleger	kinderpflege er
biologielehrerin	biologielehrer in
europatauglichkeit	europatauglich keit
kaper	kap er
forstwirtschaftlich	forstwirt schaft lich
melancholikerin	melancholiker in
zweifler	zweifeln er
seehauser	seehausen er
kleinhändlerin	kleinhändler in
straflos	strafen los
absplitterung	ab splitten ung
gebührlich	gebühren lich
hausbesetzer	hausbesetzen er
heiratsvermittlerin	heiratsvermittler in
stöckchen	stock chen
informatiker	informatik er
kunstverständig	kunstverstand ig
familiengesellschafter	familiengesellschaft er
landwirtschaftlich	landwirt schaft lich
bombenleger	bombenlegen er
laienspieler	laienspiel er
skandinavierin	skandinavien er in
abmagerung	abmagern ung
zurücksetzung	zurücksetzen ung
muttermörder	muttermord er
alleinerziehung	alleinerziehen ung
reederin	reede er in
naturgeschichtlich	naturgeschichte lich
rücksichtlos	rücksicht los
dreimalig	dreimal ig
toursieger	toursieg er
messebesucher	messebesuch er
wirtschaftsplaner	wirtschaftsplan er
keller	kelle er
beifahrerin	beifahrer in
umweltdezernentin	umweltdezernent in
hochstaplerin	hochstapeln er in
netzwerker	netzwerk er
konsequenzlos	konsequenz los
nachzieher	nachziehen er
verantwortung	verantworten ung
lehrer	lehren er
portugiesin	portugiese in
gewichtslos	gewicht los
ahrensburger	ahrensburg er
waldbesitzer	waldbesitz er
teilnehmer	teilnehmen er
straßenplaner	straßenplan er
verkaufsmanagerin	verkaufsmanager in
übertragbar	übertragen bar
unterjochung	unterjochen ung
stärkung	stärken ung
teilnehmerin	teilnehmen er in
seetüchtigkeit	seetüchtig keit
notwendiger	notwendigen er
kammerschauspielerin	kammerschauspieler in
absenderin	absenden er in
tokioer	tokio er
spärlichkeit	spärlich keit
liebeslyriker	liebeslyrik er
sibirier	sibirien er
korbflechterin	korbflechten er in
restaurantbesitzerin	restaurantbesitzer in
textlich	texten lich
vollstreckerin	vollstrecken er in
brandung	branden ung
motivierung	motivieren ung
realisierung	real isier ung
eisläuferin	eislaufen in
erfurterin	erfurt er in
dilettantin	dilettant in
heilkundig	heilkunde ig
rechtsnachfolger	rechtsnachfolge er
testkäufer	testkauf er
teepflanzer	teepflanze er
anfechtung	anfechten ung
bildungsreferentin	bildungsreferent in
freigängerin	freigang er in
wertberichtigung	wertberichtigen ung
priesterin	priester in
bayerin	bayer in
färbung	färben ung
zigeunerin	zigeuner in
regelmäßigkeit	regelmäßig keit
alphabetisierung	alphabet isch isier ung
elektrotechniker	elektrotechnik er
heidenheimer	heidenheim er
landesverräter	landesverrat er
meierhofer	meierhof er
häutung	häuten ung
fürsorgerin	fürsorge er in
gegenwartsdramatiker	gegenwartsdramatik er
stempelung	stempeln ung
bestrahlung	be strahl ung
elektrikerin	elektrik er in
einschüchterung	einschüchtern ung
losung	losen ung
kirchhofer	kirchhof er
entgegnung	entgegnen ung
personenschützer	personenschutz er
neubrandenburgerin	neubrandenburg er in
mathematikerin	mathematik er in
jugendarbeiterin	jugendarbeit er in
gesamtkirchlich	gesamtkirche lich
wahrnehmbarkeit	wahrnehmen bar keit
werkzeugmaschinenbauer	werkzeugmaschinenbau er
physikprofessorin	physikprofessor in
wahlkämpfer	wahlkampf er
besiedelung	besiedeln ung
säuberung	säubern ung
kleingeistig	kleingeist ig
vorsitzer	vorsitzen er
vertragspartnerin	vertragspartner in
auslassung	auslassen ung
schwänzer	schwänzen er
leichtgläubigkeit	leichtgläubig keit
umzäunung	umzäunen ung
denkmalsschützer	denkmalsschutz er
begleiterin	begleiten er in
böblinger	böblingen er
beschleunigung	beschleunigen ung
warmblüter	warmblut er
kaiserzeitlich	kaiserzeit lich
rokokoschlößchen	rokokoschloß chen
auflösung	auflösen ung
gestaltungsfähigkeit	gestaltungsfähig keit
deckmäntelchen	deckmantel chen
sonntagsspaziergänger	sonntagsspaziergang er
oldenburgerin	oldenburg er in
privatunternehmer	privatunternehmen er
passagierin	passagier in
einzelgesellschafter	einzelgesellschaft er
anzeigenblättchen	anzeigenblatt chen
wohnungsnachbarin	wohnungsnachbar in
brechung	brechen ung
nachbarin	nachbar in
kammergerichtspräsidentin	kammergerichtspräsident in
medienreferentin	medienreferent in
kuwaiterin	kuwait er in
fachgruppenleiterin	fachgruppenleiter in
eigenständigkeit	eigenständig keit
gebieterin	gebieten er in
schädigung	schädigen ung
entschließung	entschließen ung
fernsehmoderatorin	fernsehmoderator in
unterhaltsamkeit	unterhalt sam keit
langstreckenläuferin	langstreckenlauf er in
generaldirektorin	generaldirektor in
adelberger	adelberg er
viehzüchter	viehzucht er
landespolitikerin	landespolitik er in
wehrfähigkeit	wehrfähig keit
freipressung	freipressen ung
belichtung	be licht ung
radfahrer	radfahren er
tauberbischofsheimer	tauberbischofsheim er
diskussionsfreudig	diskussionsfreude ig
liebkosung	liebkosen ung
kirchenpolitiker	kirchenpolitik er
überhörbar	überhören bar
zurückhaltung	zurückhalten ung
läuferin	lauf er in
verschanzung	ver schanze ung
sportdezernentin	sportdezernent in
dienststellenleiterin	dienststellenleiter in
lausig	lausen ig
allgegenwärtigkeit	allgegenwart ig keit
statistin	statisch ist in
bombardierung	bombardieren ung
aufheller	aufhellen er
herrscherin	herrschen er in
berlinbesucher	berlinbesuch er
kioskbesitzerin	kioskbesitzer in
ablenkung	ablenken ung
fleckig	flecken ig
säuferin	saufen er in
durchschnittlich	durchschnitt lich
flügelspieler	flügelspiel er
veranlagung	veranlagen ung
abtreibung	abtreiben ung
freistaatlich	freistaat lich
olympier	olympia er
hochschulmeisterin	hochschulmeister in
rechtstaatlichkeit	rechtstaat lich keit
fahrradfreundlichkeit	fahrradfreund lich keit
zurückzahlung	zurückzahlen ung
nichtöffentlichkeit	nichtöffentlich keit
einsetzung	einsetzen ung
waiblinger	waiblingen er
verbeugung	verbeugen ung
amtsrichterin	amtsrichter in
turnierspieler	turnierspiel er
mitarbeitervertreterin	mitarbeitervertreter in
seiltänzerin	seiltanzen in
entlastungszeugin	entlastungszeuge in
automobilwerker	automobilwerk er
kalkulierbar	kalkulieren bar
halböffentlichkeit	halböffentlich keit
unbeweglichkeit	un bewegen lich keit
bulgarin	bulgare in
kronenberger	kronenberg er
abdankung	abdanken ung
ulkig	ulken ig
sortierer	sortieren er
tauglichkeit	taugen lich keit
großherzogin	großherzog in
neukundin	neukunde in
ausgleichung	ausgleichen ung
sozialethiker	sozialethik er
bundespolitiker	bundespolitik er
unwandelbarkeit	un wandeln bar keit
kalifornier	kalifornien er
spürbar	spüren bar
hauptstädter	hauptstadt er
übelkeit	übel keit
mehrung	mehren ung
konstanzerin	konstanze er in
würzburgerin	würzburg er in
beanstandung	be anstand ung
nordkoreanerin	nordkorea aner in
kunstkäufer	kunstkauf er
beschimpfung	be schimpf ung
laiendarstellerin	laiendarsteller in
wouter	wout er
heimarbeiterin	heimarbeit er in
strapazierfähigkeit	strapazierfähig keit
käsig	käsen ig
anlandung	anlanden ung
bändigung	bändigen ung
herrichtung	herrichten ung
entsetzlich	entsetzen lich
neuwertig	neuwert ig
schächter	schacht er
unschlagbar	un schlagen bar
entgeltlich	entgelt lich
akkordeonspielerin	akkordeonspiel er in
anreicherung	anreichern ung
harmonisierung	harmonisch isier ung
frauenministerin	frauenminister in
zweikämpfer	zweikampf er
chikagoer	chikago er
studienkollegin	studienkollege in
aberwitzig	aberwitz ig
berichtspflichtig	berichtspflicht ig
käuferin	kaufen er in
ausblendung	ausblenden ung
fensterputzer	fensterputzen er
beleidiger	beleidigen er
chemiestudentin	chemiestudent in
schwimmerin	schwimmen er in
nominierung	nominieren ung
rucksäckchen	rucksack chen
kreuzberger	kreuzberg er
