maritally	marital ly
formative	formation ive
falsification	falsify ation
randiness	randy ness
dumbness	dumb ness
lord	lord
sewing	sewing
humidify	humid ify
cloth	cloth
tragedian	tragedy an
polio	polio
villa	villa
sunken	sunken
calculus	calculus
slogan	slogan
obese	obese
swipe	swipe
trial	try al
pulverization	pulverize ation
faithfully	faithful ly
vaccination	vaccinate ion
shopper	shop er
parentage	parent age
phone	phone
maw	maw
whittler	whittle er
webbed	webbed
botanize	botany ize
glide	glide
reformatory	reformation ory
difficult	difficult
allopathical	allopathy ical
regularly	regular ly
loath	loath
recording	recording
awry	awry
powdery	powder y
reserve	reserve
conference	confer ence
sales	sales
angelically	angelical ly
chipmunk	chipmunk
jellaba	jellaba
caper	caper
animal	animal
fetid	fetid
smooth	smooth
burp	burp
baptize	baptism ize
projectile	projectile
creakily	creaky ly
delimit	de limit
delimitate	de limit ate
drifter	drift er
usurpation	usurp ation
chopper	chop er
inventiveness	inventive ness
lyrically	lyrical ly
like	like
gentian	gentian
retailer	retail er
dispensation	dispense ation
flying	flying
personation	personate ion
affront	affront
gallantry	gallant ry
intimately	intimate ly
qualitatively	qualitative ly
glimmerings	glimmering s
busby	busby
fluorescence	fluorescent ence
lie	lie
unbelief	un belief
schedule	schedule
brush	brush
presumptively	presumptive ly
cleanly	clean ly
mope	mope
heraldry	herald ry
trapper	trap er
invigilation	invigilate ion
ruins	ruins
tops	tops
desirous	desire ous
traditionalism	traditional ism
haft	haft
nutritiously	nutritious ly
malevolence	malevolent ence
nines	nines
onerously	onerous ly
leggy	leg y
steel	steel
humanity	human ity
maraschino	maraschino
blasted	blasted
harbourer	harbour er
underwrite	under write
hitchhiker	hitchhike er
inopportunely	inopportune ly
babel	babel
entrant	enter ant
educated	educated
porous	pore ous
garage	garage
facilitation	facilitate ion
rein	rein
beatification	beatify ation
disgruntled	disgruntled
most	most
inconsiderable	in considerable
outfit	outfit
concert	concert
unfriendly	un friendly
specimen	specimen
hermaphroditic	hermaphrodite ic
structural	structure al
nudge	nudge
correlative	correlative
measliness	measly ness
scoundrelly	scoundrel y
onside	onside
rattle	rattle
emigrant	emigrate ant
games	games
materialistic	materialist ic
villainies	villainy s
debark	de bark
balm	balm
strophe	strophe
seigneur	seigneur
inactively	inactive ly
drinking	drinking
piousness	pious ness
laudability	laudable ity
idle	idle
cliched	cliche ed
agnosticism	agnostic ism
homosexuality	homosexual ity
shifty	shift y
compilation	compile ation
adjectivally	adjectival ly
jettison	jettison
protocol	protocol
chaff	chaff
tightness	tight ness
caste	caste
woad	woad
peck	peck
climactic	climax ic
gesticulation	gesticulate ion
caliph	caliph
footballer	football er
squirrel	squirrel
clockwise	clock wise
yacht	yacht
heave	heave
murderous	murder ous
concubinage	concubine age
space	space
incomparable	in comparable
billsticker	bill stick er
exiguously	exiguous ly
hypocritically	hypocritical ly
filtration	filtrate ion
pauperization	pauperize ation
inanimately	inanimate ly
deliberation	deliberate ion
auburn	auburn
wrongly	wrong ly
seventeenth	seventeen th
vengefully	vengeful ly
bumper	bump er
bald	bald
outboard	out board
hereunder	here under
anarchical	anarchy ical
efficaciously	efficacious ly
retool	re tool
lance	lance
flimsily	flimsy ly
interminably	interminable ly
elevenses	eleven s es
flick	flick
misspelling	misspelling
fructification	fructify ation
balloon	balloon
filminess	filmy ness
swelter	swelter
phrase	phrase
servery	serve ery
lexically	lexical ly
wife	wife
refulgence	refulgent ence
restiveness	restive ness
crisp	crisp
weekly	week ly
alpinism	alpine ism
button	button
blench	blench
wintery	winter y
code	code
scrapings	scraping s
mechanistically	mechanistic ally
anticlockwise	anticlockwise
backer	back er
increasingly	increase ing ly
voluptuary	voluptuous ary
saddler	saddle er
lock	lock
probate	probate
enervate	e nerve ate
penniless	penny less
speechlessness	speechless ness
emir	emir
arachnid	arachnid
statistics	statistics
impotently	impotent ly
loudly	loud ly
wariness	wary ness
filtrate	filter ate
entrap	en trap
negotiator	negotiate or
precipitously	precipitous ly
perm	perm
pinko	pinko
gunge	gunge
nag	nag
concentrate	concentrate
flabbiness	flabby ness
frivolously	frivolous ly
restlessness	restless ness
manumission	manumit ion
specked	speck ed
unabashed	un abashed
teak	teak
rectifier	rectify er
soccer	soccer
drat	drat
pierce	pierce
wig	wig
aspersion	asperse ion
licence	license
disabuse	dis abuse
shady	shade y
huff	huff
rimless	rim less
kepi	kepi
experimental	experiment al
contrariwise	contrary wise
purgation	purge ation
gambler	gamble er
residuary	residue ary
visitor	visit or
neatly	neat ly
nullity	null ity
collapse	collapse
aubergine	aubergine
light	light
detergent	detergent
unconsciousness	unconscious ness
infirmity	infirm ity
killer	kill er
sporting	sporting
noon	noon
crazily	crazy ly
extempore	extempore
terminably	terminable ly
starling	starling
dauntless	daunt less
coincidentally	coincidental ly
receipts	receipts
blearily	bleary ly
amuck	amuck
kelvin	Kelvin
gibbet	gibbet
monotonously	monotonous ly
singly	single ly
brutalization	brutalize ation
unbeknownst	unbeknownst
delusion	delude ion
hank	hank
stretch	stretch
pickaback	pickaback
manometrical	manometer ical
teal	teal
daemonic	daemon ic
ghyll	ghyll
coif	coif
nattily	natty ly
communicably	communicable ly
outspokenly	outspoken ly
blockage	block age
bloodlessness	bloodless ness
need	need
irreconcilably	irreconcilable ly
tuft	tuft
cuneiform	cuneiform
reversely	reverse ly
citrus	citrus
admirable	admire able
fastening	fastening
committed	committed
rigidly	rigid ly
adroitness	adroit ness
ablative	ablative
mispronounce	mis pronounce
impecuniously	impecunious ly
fondant	fondant
exertion	exert ion
irrecoverably	irrecoverable ly
steal	steal
dislocate	dis locate
convert	convert
privileged	privilege ed
solidification	solidify ation
trochaic	trochaic
adieu	adieu
beriberi	beriberi
acquaintanceship	acquaintance ship
reification	reify ation
confessor	confess or
drear	drear
loyalty	loyal ty
needless	need less
encyclical	en cyclical
sprigged	sprig ed
appropriately	appropriate ly
ripely	ripe ly
runner	run er
visualize	visual ize
cuirass	cuirass
bespangled	be spangle ed
canna	canna
cuss	cuss
finickity	finicky ity
reservedly	reserved ly
extraction	extract ion
nurse	nurse
vermilion	vermilion
misbehave	mis behave
disfigure	dis figure
beneficence	beneficent ence
yielding	yielding
nip	nip
dearness	dear ness
mulishness	mulish ness
popper	pop er
disparagingly	disparaging ly
domestication	domesticate ion
sadist	sadism ist
spindle	spindle
retentiveness	retentive ness
team	team
psalmody	psalm y
earthen	earth en
sanctimoniously	sanctimonious ly
spastic	spastic
muscled	muscle ed
statesman	state s man
tributary	tributary
mistiness	misty ness
governing	governing
amaryllis	amaryllis
trait	trait
expropriator	expropriate or
entertaining	entertaining
undischarged	un discharged
monitor	monitor
miscellaneousness	miscellaneous ness
dejection	deject ion
horse	horse
boost	boost
verbena	verbena
exactingly	exacting ly
yawl	yawl
soft	soft
shapely	shape ly
queerness	queer ness
argue	argue
blow	blow
equator	equate or
socialite	social ite
herbage	herb age
chaser	chase er
fanfare	fanfare
preservation	preserve ation
wigwam	wigwam
obey	obey
laxative	laxation ive
arrester	arrest er
worst	worst
prepay	pre pay
ostrich	ostrich
gang	gang
qualify	quality ify
sudden	sudden
plague	plague
prompt	prompt
fluky	fluke y
speak	speak
fiercely	fierce ly
town	town
beggarly	beggar ly
emotive	emotion ive
pitiably	pitiable ly
camping	camping
gutsy	guts y
shamefully	shameful ly
beta	beta
exemption	exempt ion
excuse	excuse
nebulousness	nebulous ness
heavily	heavy ly
cos	cos
stoker	stoke er
bruise	bruise
sallow	sallow
disadvantageous	disadvantage ous
dare	dare
maundy	maundy
shouting	shouting
laity	lay ity
which	which
physicist	physics ist
gainful	gain ful
goliath	Goliath
fresco	fresco
plunk	plunk
ethnographically	ethnographic ally
corral	corral
pulpit	pulpit
mouldy	mould y
acidify	acid ify
happy	hap y
grumpily	grumpy ly
happen	happen
cashmere	cashmere
metaphysical	metaphysics al
grasp	grasp
eviscerate	e viscera ate
deposit	deposit
disorderly	disorder ly
trauma	trauma
thin	thin
idiot	idiot
astutely	astute ly
raftsman	raft s man
fierce	fierce
assassination	assassinate ion
vassal	vassal
meaningless	meaning less
indecorously	indecorous ly
large	large
sever	sever
seethe	seethe
impeachable	impeach able
pertinacity	pertinacious ity
kind	kind
unholy	un holy
inappropriate	in appropriate
trillionth	trillion th
monogamous	monogamy ous
aphid	aphid
encyclopedically	encyclopedic ally
chic	chic
sweeping	sweeping
influx	in flux
cockeyed	cock eye ed
algorithmic	algorithm ic
writhe	writhe
effusive	effusion ive
violently	violent ly
spacing	spacing
kidder	kid er
header	head er
flirtatious	flirtation ous
opaquely	opaque ly
visitant	visit ant
perjurer	perjure er
hesitantly	hesitant ly
shitty	shit y
inflated	inflated
remodel	re model
haunting	haunting
elephantine	elephant ine
spindly	spindle y
inverse	inverse
rubric	rubric
broadly	broad ly
murphy	murphy
idealist	idealism ist
breech	breech
trace	trace
mayoral	mayor al
incredulous	in credulous
lethargically	lethargic ally
conditioned	conditioned
criminologist	criminology ist
plastering	plaster ing
road	road
armlet	arm let
flounce	flounce
severely	severe ly
furiousness	furious ness
retroactively	retroactive ly
twentieth	twentieth
rockiness	rocky ness
transmutable	transmute able
jovially	jovial ly
nor	nor
frequently	frequent ly
substratum	sub stratum
pyorrhoea	pyorrhoea
squareness	square ness
antiseptic	antiseptic
commons	common s
peddling	peddling
magnanimously	magnanimous ly
laughing	laughing
discerning	discerning
vertically	vertical ly
biographically	biographical ly
pontificate	pontiff ate
lascar	lascar
playfulness	playful ness
evaporation	evaporate ion
sleeplessness	sleepless ness
protector	protect or
saurian	saurian
girdle	girdle
tannery	tan ery
soothe	soothe
eve	eve
hang	hang
vagina	vagina
discourse	dis course
canvass	canvass
shagginess	shaggy ness
lettering	lettering
harrow	harrow
currishly	currish ly
shaking	shaking
newsy	news y
repressed	repressed
viciously	vicious ly
gen	gen
accumulative	accumulation ive
pigheaded	pig head ed
humanities	humanity s
muddy	muddy
mute	mute
herculean	Hercules an
objector	object or
holloa	holloa
undeserved	un deserved
wobble	wobble
calla	calla
unconsidered	un considered
bazooka	bazooka
individualism	individual ism
emollient	emollient
invulnerably	invulnerable ly
presence	present ence
beholder	behold er
skating	skating
squatter	squat er
dangerous	danger ous
hazard	hazard
griminess	grimy ness
sprinkling	sprinkling
affectionately	affectionate ly
scalar	scalar
jerk	jerk
upheaval	up heave al
serve	serve
gory	gore y
sphere	sphere
singer	sing er
wantonly	wanton ly
ballast	ballast
incompatibility	incompatible ity
bats	bats
resentfully	resentful ly
piously	pious ly
impatiently	impatient ly
acrimonious	acrimony ous
vomit	vomit
human	human
bleacher	bleach er
fascination	fascinate ion
sturgeon	sturgeon
crazed	crazed
heterosexual	heterosexual
pain	pain
unclad	un clad
sigh	sigh
testate	testate
matchlessly	matchless ly
icing	icing
coster	costermonger
grizzled	grizzled
debt	debt
ossification	ossify ation
hoydenish	hoyden ish
gamma	gamma
completely	complete ly
demolition	demolish ion
havoc	havoc
soporifically	soporific ally
unprecedentedly	unprecedented ly
priory	prior ory
iambic	iamb ic
warmth	warm th
diffusion	diffuse ion
disruptively	disruptive ly
tearlessly	tearless ly
protectionism	protection ism
circulation	circulate ion
walker	walk er
borstal	borstal
cognomen	cognomen
muted	muted
cam	cam
heaviness	heavy ness
tattle	tattle
nimbleness	nimble ness
relative	relative
incommunicable	in communicable
aeration	aerate ion
inexpensive	in expensive
kitschy	kitsch y
dick	dick
record	record
marketing	marketing
bell	bell
outhouse	out house
likeness	like ness
hedgehopper	hedgehop er
energetically	energetic ally
turn	turn
vaccine	vaccine
idleness	idle ness
inchoative	inchoate ive
whale	whale
archly	arch ly
ordination	ordain ation
confectionery	confection ery
post	post
clownishness	clownish ness
dimness	dim ness
normal	norm al
fixate	fix ate
prefigure	pre figure
adventuresome	adventure some
soloist	solo ist
age	age
misjudge	mis judge
unruliness	unruly ness
bothersome	bother some
surprisingly	surprising ly
wherein	where in
hollowly	hollow ly
overarm	overarm
selection	select ion
careless	care less
officiousness	officious ness
peaty	peat y
dudgeon	dudgeon
radioactivity	radioactive ity
fidgets	fidget s
coincidental	coincidence al
glumness	glum ness
jobless	jobless
fractiously	fractious ly
attentiveness	attentive ness
asbestos	asbestos
catalogue	catalogue
rutting	rut ing
lag	lag
activate	active ate
dodger	dodge er
governess	governor ess
disinclined	disinclined
lithograph	lithograph
puniness	puny ness
salesman	sale s man
numismatist	numismatic ist
seasonal	season al
sicken	sick en
curtness	curt ness
gilding	gilding
horsemanship	horseman ship
barricade	barricade
caviller	cavil er
creosote	creosote
unfeigned	un feigned
dish	dish
roaring	roaring
liking	liking
drunkenness	drunken ness
preoccupy	pre occupy
alertness	alert ness
shoe	shoe
nutritive	nutrition ive
geometrical	geometry ical
prerequisite	pre requisite
can	can
depressingly	depressing ly
autumn	autumn
undue	un due
bulgy	bulge y
hint	hint
trawl	trawl
refuse	refuse
illiterately	illiterate ly
derivative	derivation ive
prophetically	prophetic ally
integration	integrate ion
fortieth	fortieth
rigorously	rigorous ly
casuistry	casuist ry
piteousness	piteous ness
dashing	dashing
roach	roach
patchily	patchy ly
furze	furze
salad	salad
decently	decent ly
disagreeably	disagreeable ly
pebbly	pebble y
weeds	weeds
maidenhood	maiden hood
intelligence	intelligent ence
trend	trend
scandalize	scandal ize
driving	driving
terminally	terminal ly
unclaimed	un claimed
upper	upper
unleash	un leash
duplicator	duplicate or
reach	reach
incompetently	incompetent ly
optional	option al
hermetically	hermetic ally
burthen	burthen
abettor	abet or
reliquary	relic ary
diuretic	diuretic
gelding	gelding
inundation	inundate ion
ferociousness	ferocious ness
elaborate	elaborate
dedication	dedicate ion
realize	real ize
wispy	wisp y
gnu	gnu
astute	astute
low	low
simulation	simulate ion
turban	turban
scissor	scissors
easily	easy ly
saliva	saliva
sweep	sweep
multitudinousness	multitudinous ness
heretically	heretical ly
unalterably	un alterable ly
horrify	horror ify
moppet	moppet
slowness	slow ness
drift	drift
checker	check er
confidentiality	confidential ity
sandiness	sandy ness
survey	survey
recoverable	recover able
developmentally	developmental ly
unfairly	unfair ly
eaves	eaves
persecution	persecute ion
materialist	materialism ist
sizing	size ing
tacitly	tacit ly
pupation	pupate ion
coastguardsman	coastguard s man
distressful	distress ful
bygone	bygone
vacancy	vacant ancy
travelling	travelling
blackberrying	blackberry ing
stylist	style ist
overdrive	over drive
sheen	sheen
variable	vary able
identically	identical ly
candelabra	candelabra
groin	groin
harvester	harvest er
indemnification	indemnify ation
pantheist	pantheism ist
scarab	scarab
shelf	shelf
jesuitical	Jesuit ical
mote	mote
splotchy	splotch y
befog	be fog
radioactively	radioactive ly
entrench	en trench
externalize	external ize
snips	snips
insatiably	insatiable ly
undoing	undoing
almond	almond
centennial	centennial
retire	retire
penurious	penury ous
efface	efface
grounding	grounding
accumulator	accumulate or
dread	dread
droppings	dropping s
petition	petition
dissolutely	dissolute ly
threesome	three some
create	create
holystone	holystone
mantilla	mantilla
papadum	papadum
manatee	manatee
dynamite	dynamic ite
inexplicably	inexplicable ly
subconscious	sub conscious
typify	type ify
whaler	whale er
component	component
elimination	eliminate ion
patriarchal	patriarch al
inadequacy	inadequate cy
tickle	tickle
superfine	super fine
planner	plan er
nebulosity	nebulous ity
swagger	swagger
unearthly	un earthly
inch	inch
palpation	palpate ion
disquiet	disquiet
composedly	composed ly
silliness	silly ness
spatially	spatial ly
elementary	element ary
rubberize	rubber ize
counterfeit	counterfeit
woollen	wool en
sensuality	sensual ity
annexation	annex ation
adversely	adverse ly
pharisee	pharisee
venturer	venture er
shag	shag
impassiveness	impassive ness
saltiness	salty ness
sonant	sonant
manometrically	manometrical ly
wood	wood
boisterously	boisterous ly
undistinguished	un distinguished
abuse	abuse
secrecy	secret cy
tattered	tatter ed
mention	mention
concertedly	concerted ly
principles	principles
emulsify	emulsion ify
cinnamon	cinnamon
abstainer	abstain er
practice	practise
magnet	magnet
jimmy	jimmy
bombastic	bombast ic
shrine	shrine
spray	spray
citron	citron
acclaim	acclaim
prosper	prosper
hieroglyphics	hieroglyphic s
teachable	teach able
radial	radius al
elevated	elevated
compulsion	compel ion
kip	kip
predictability	predictable ity
vestigially	vestigial ly
muckraker	muckrake er
conveyer	convey er
pommel	pommel
mastic	mastic
fiesta	fiesta
abysmally	abysmal ly
republican	republic an
choicely	choice ly
thinness	thin ness
jaundiced	jaundiced
overstrung	over strung
unlikely	un likely
waken	wake en
ape	ape
opulently	opulent ly
prophetess	prophet ess
razzle	razzle
raglan	raglan
rubber	rubber
haphazardly	haphazard ly
demagogue	demagogue
metallurgical	metallurgy ical
gent	gent
compression	compress ion
turgidity	turgid ity
memorialize	memorial ize
stoep	stoep
shaggily	shaggy ly
boastfully	boastful ly
naturalist	naturalism ist
malignant	malign ant
palatinate	palatine ate
equip	equip
powered	power ed
grouse	grouse
bill	bill
foursome	four some
outsmart	out smart
eraser	erase er
spurt	spurt
inquisitorial	inquisitor ial
crematory	cremation ory
bough	bough
telling	telling
hazardousness	hazardous ness
goddam	goddam
astrakhan	astrakhan
dungaree	dungaree
unparalleled	un paralleled
dumpiness	dumpy ness
heedfulness	heedful ness
canasta	canasta
doubt	doubt
battleship	battle ship
squalidly	squalid ly
fourth	fourth
perceptively	perceptive ly
appointee	appoint ee
cutter	cut er
reverberation	reverberate ion
dope	dope
private	private
acreage	acre age
thorniness	thorny ness
misdeal	mis deal
zee	zee
myth	myth
fresher	fresh er
birth	bear th
periods	periods
industrialize	industrial ize
hibernation	hibernate ion
mover	move er
slum	slum
frighteningly	frightening ly
objectivity	objective ity
hectare	hectare
redress	re dress
adamantine	adamant ine
politician	politics ian
gibingly	gibing ly
quarterly	quarterly
competitor	compete or
parasitic	parasite ic
delinquent	delinquent
pending	pending
plagiarize	plagiarism ize
newsiness	newsy ness
insole	in sole
starry	star y
independently	independent ly
shininess	shiny ness
snuffles	snuffles
mismanage	mis manage
love	love
accidentally	accidental ly
spicily	spicy ly
synchronization	synchronize ation
conditional	condition al
militarism	military ism
darkness	dark ness
retail	retail
pacifier	pacify er
indelicacy	indelicate cy
warder	ward er
distiller	distil er
leap	leap
diametrically	diametrical ly
healing	healing
bask	bask
goalie	goal ie
refloat	re float
plaintively	plaintive ly
torturer	torture er
unspeakable	un speakable
girlish	girl ish
outer	out er
bey	bey
technicality	technical ity
renegade	renegade
disingenuousness	disingenuous ness
exhibitionistic	exhibitionist ic
regularization	regularize ation
gloat	gloat
staggerer	stagger er
years	years
wriggle	wriggle
particularize	particular ize
distinction	distinct ion
neglectfulness	neglectful ness
sottish	sot ish
insupportable	in supportable
active	action ive
lovers	love er s
healthful	health ful
graphically	graphic ally
roughcast	roughcast
stringently	stringent ly
disbeliever	disbelieve er
institutionalize	institutional ize
feat	feat
realm	realm
sib	sib
toad	toad
hooker	hook er
miscast	mis cast
weevil	weevil
truss	truss
loan	loan
demagogy	demagogue y
professionalism	professional ism
crew	crew
license	license
childhood	child hood
serviceably	serviceable ly
reveller	revel er
adeptly	adept ly
expertness	expert ness
glare	glare
abilities	abilities
tarragon	tarragon
rateability	rateable ity
grot	grot
factually	factual ly
ally	ally
algorithm	algorithm
slackness	slack ness
moderations	moderation s
cuffs	handcuffs
veterinarian	veterinary an
plough	plough
frog	frog
screwball	screwball
recovery	recover ery
nurture	nurture
causation	cause ation
wag	wag
rosin	rosin
preserve	preserve
counteraction	counteract ion
coltishly	coltish ly
unanimity	unanimous ity
conviction	convict ion
sabra	sabra
operational	operation al
lobbyist	lobby ist
brusqueness	brusque ness
otiose	otiose
treasurer	treasury er
eruditely	erudite ly
modernist	modernism ist
crotch	crotch
acrimoniously	acrimonious ly
tope	tope
fore	fore
vein	vein
fishing	fishing
inconsolable	in console able
bit	bit
cargo	cargo
chest	chest
appointed	appointed
ruggedly	rugged ly
supple	supple
array	array
mastermind	mastermind
char	char
grievousness	grievous ness
holland	holland
wanly	wan ly
humane	humane
recuperation	recuperate ion
overly	over ly
curliness	curly ness
waspish	wasp ish
pod	pod
golf	golf
pivot	pivot
hot	hot
strive	strive
tubing	tubing
propitiously	propitious ly
perfunctoriness	perfunctory ness
infectious	infection ous
influential	influence ial
shipping	shipping
basketry	basket ry
underarm	under arm
mongoose	mongoose
xenophobic	xenophobia ic
diligently	diligent ly
preach	preach
war	war
reincarnate	reincarnate
uncork	un cork
adoration	adore ation
coolant	cool ant
utilizable	utilize able
patchouli	patchouli
cautiousness	cautious ness
grand	grand
tec	detective
unemployable	un employable
satin	satin
bacchanalian	bacchanal ian
saw	saw
serenely	serene ly
etiolation	etiolate ion
lowness	low ness
smith	smith
tally	tally
plainswoman	plain s woman
stowage	stow age
octavo	octavo
crackle	crackle
limited	limited
immobility	immobile ity
outport	out port
nearsighted	near sight ed
tasselled	tassel ed
diversity	diverse ity
drizzly	drizzle y
milkiness	milky ness
journalistic	journalist ic
sawyer	saw er
ooze	ooze
aptness	apt ness
benevolently	benevolent ly
information	inform ation
amply	ample ly
roadless	road less
fated	fate ed
failing	failing
symbolism	symbol ism
anecdotal	anecdote al
standoffishness	standoffish ness
fiendishly	fiendish ly
sacrifice	sacrifice
untutored	un tutored
skint	skint
ravenously	ravenous ly
rainless	rain less
incisive	incision ive
heal	heal
shrive	shrive
narration	narrate ion
unbar	un bar
slattern	slattern
rehabilitation	rehabilitate ion
principally	principal ly
intumescence	intumescent ence
end	end
marzipan	marzipan
growth	grow th
boohoo	boohoo
conduciveness	conducive ness
toothy	tooth y
mocha	mocha
redness	Red ness
mistrust	mistrust
indent	in dent
acquisitively	acquisitive ly
rally	rally
judge	judge
mortgagee	mortgage ee
wolfsbane	wolf s bane
legitimatize	legitimate ize
inertness	inert ness
ruminative	rumination ive
acceptable	accept able
decay	decay
cervical	cervix al
dactylic	dactyl ic
chalky	chalk y
toneless	tone less
lovely	lovely
fond	fond
secondly	second ly
rapt	rapt
miner	mine er
decline	decline
extensively	extensive ly
slavey	slave y
rejig	re jig
uppity	up ity
springlike	spring like
repair	repair
chippy	chip y
surmise	surmise
inn	inn
canoeist	canoe ist
cadger	cadge er
jewelled	jewel ed
unstop	un stop
quitter	quit er
flakiness	flaky ness
elector	elect or
painter	paint er
rocket	rocket
bump	bump
streaky	streak y
accusing	accusing
genre	genre
day	day
mummify	mummy ify
sacredness	sacred ness
protein	protein
boorish	boor ish
iota	iota
dissension	dissent ion
faithless	faith less
bream	bream
dynastic	dynasty ic
possessively	possessive ly
underline	under line
overtake	over take
scorer	score er
colloquially	colloquial ly
inestimably	inestimable ly
hennaed	henna ed
magnetism	magnet ism
middling	middle ing
rumoured	rumoured
debunker	debunk er
timorousness	timorous ness
liberally	liberal ly
chilly	chill y
buggery	bugger ery
diadem	diadem
frumpish	frump ish
undemonstrative	un demonstrative
premature	pre mature
grotesqueness	grotesque ness
lapel	lapel
orders	orders
tench	tench
felicitous	felicity ous
satirical	satire ical
leash	leash
unusually	unusual ly
offices	offices
applied	applied
floridly	florid ly
stranded	stranded
debatable	debate able
location	locate ion
falsify	false ify
upset	upset
reefer	reef er
hyphenation	hyphenate ion
participial	participle ial
biodegradable	bio degrade able
aggregate	aggregate
unfailingly	unfailing ly
thence	thence
inaugural	in augur al
rigger	rig er
sis	sister
gunner	gun er
abhorrence	abhorrent ence
progression	progress ion
substantive	substance ive
squid	squid
cookie	cook ie
wearable	wear able
precedence	precedent ence
thinking	thinking
looks	looks
burial	bury al
freeholder	freehold er
revitalization	revitalize ation
bract	bract
intentness	intent ness
shoplifting	shoplifting
inspectorate	inspector ate
solitarily	solitary ly
chilblained	chilblain ed
tattiness	tatty ness
circumferential	circumference ial
modally	modal ly
crag	crag
decamp	de camp
meagre	meagre
prude	prude
admirer	admire er
conversation	converse ation
multitudinously	multitudinous ly
barbed	barb ed
mouth	mouth
mood	mood
worth	worth
salmon	salmon
rare	rare
indecently	indecent ly
poplar	poplar
boob	boob
treasonably	treasonable ly
near	near
quick	quick
metallurgist	metallurgy ist
limitlessly	limitless ly
accessibility	accessible ity
blushingly	blushing ly
pule	pule
leasehold	leasehold
gastronomic	gastronomy ic
unspeakably	unspeakable ly
indivisible	in divisible
unlawfully	unlawful ly
reviser	revise er
pallet	pallet
fieriness	fiery ness
risky	risk y
achieve	achieve
boner	bone er
grave	grave
downheartedly	downhearted ly
ingeniously	ingenious ly
stead	stead
alchemist	alchemy ist
purr	purr
constitutive	constitution ive
germ	germ
genitally	genital ly
coppery	copper y
gummy	gum y
fatefully	fateful ly
peripatetically	peripatetic ally
intellect	intellect
swoop	swoop
hooter	hoot er
mapping	mapping
squeamishness	squeamish ness
nipper	nip er
saxifrage	saxifrage
permanence	permanent ence
mildly	mild ly
indeterminable	in determinable
bestowal	bestow al
sinew	sinew
militarization	militarize ation
psychologically	psychological ly
curatorship	curator ship
involved	involved
typographical	typography ical
itemize	item ize
undeniably	undeniable ly
total	total
blankly	blank ly
trump	trump
embattled	em battle ed
kink	kink
diabolically	diabolical ly
reprint	reprint
corps	corps
listenable	listen able
tucker	tuck er
somnolently	somnolent ly
delicacy	delicate cy
reticulated	reticulated
sightliness	sightly ness
carver	carve er
knacker	knack er
limbless	limb less
passing	passing
tersely	terse ly
pert	pert
crisscross	crisscross
tee	tee
ermine	ermine
stalemate	stalemate
smoulder	smoulder
player	play er
timothy	timothy
chimerically	chimerical ly
demonstrative	demonstration ive
indivisibility	indivisible ity
disconcert	dis concert
wakeful	wake ful
initiate	initiate
sahib	sahib
concuss	concuss
demagoguery	demagogue ery
obscenely	obscene ly
review	re view
brief	brief
fearsome	fear some
uncouple	un couple
centrifugal	centrifuge al
slushy	slush y
indifference	indifferent ence
exorbitantly	exorbitant ly
gibbon	gibbon
mam	mam
coke	coke
blonde	blonde
sporty	sport y
socialization	socialize ation
whereupon	whereupon
moisten	moist en
massage	massage
fowler	fowl er
rejuvenation	rejuvenate ion
exemplary	example ary
curmudgeon	curmudgeon
leotard	leotard
undercurrent	under current
defiantly	defiant ly
coarsen	coarse en
brigandage	brigand age
acoustic	acoustic
crossbreed	crossbreed
suavely	suave ly
gruellingly	gruelling ly
cowling	cowling
slothfully	slothful ly
insubstantial	in substantial
cannily	canny ly
permissibly	permissible ly
precision	precise ion
silently	silent ly
prohibitory	prohibition ory
unrestrained	un restrained
crackling	crackling
vibrantly	vibrant ly
illogically	illogical ly
gnaw	gnaw
murky	murk y
surplus	surplus
turning	turning
verge	verge
cock	cock
summat	summat
troublesome	trouble some
pedestal	pedestal
phoney	phoney
queerly	queer ly
shipbuilding	ship building
thereunder	there under
diagnostic	diagnosis ic
cense	incense
muster	muster
nudist	nudist
apple	apple
pomposity	pompous ity
machine	machine
transmigration	transmigrate ion
giggle	giggle
prejudicial	prejudice ial
nauseousness	nauseous ness
trashy	trash y
recuperative	recuperation ive
nadir	nadir
faddish	fad ish
indirectness	indirect ness
misconceive	mis conceive
analogize	analogy ize
theologian	theology an
froth	froth
intermediate	intermediate
debut	debut
embolden	em bold en
certifiable	certify able
triteness	trite ness
humanitarian	humanitarian
dismast	dis mast
sealer	seal er
partnership	partner ship
possessed	possessed
foal	foal
bloodthirstiness	bloodthirsty ness
supporter	support er
curtain	curtain
mound	mound
intransigence	intransigent ence
fugue	fugue
fitful	fit ful
regions	regions
quarantine	quarantine
unsullied	un sullied
nebulous	nebula ous
snowiness	snowy ness
collocation	collocate ion
joke	joke
trivially	trivial ly
shutter	shut er
ponder	ponder
presumptive	presumption ive
housing	housing
grouchiness	grouchy ness
recurve	re curve
woodcutter	woodcut er
cow	cow
idolatrous	idolatry ous
expedient	expedient
lisp	lisp
fortnightly	fortnightly
adventure	adventure
bolero	bolero
alternately	alternate ly
conjunctive	conjunction ive
observable	observe able
prehistorically	prehistorical ly
piggishness	piggish ness
junta	junta
special	special
groceries	groceries
garrotte	garrotte
roofless	roof less
serpent	serpent
vilification	vilify ation
missy	miss y
contraceptive	contraceptive
prepack	pre pack
herb	herb
dibber	dib er
debauch	debauch
yellowish	yellow ish
checkers	checkers
bunkered	bunker ed
prohibitive	prohibition ive
old	old
covetous	covet ous
pecuniarily	pecuniary ly
depressive	depression ive
gored	gore ed
reactively	reactive ly
triad	triad
swine	swine
trusting	trusting
tulip	tulip
calculably	calculable ly
zoological	zoology ical
driver	drive er
snout	snout
chum	chum
swede	swede
rightful	right ful
devalue	de value
ever	ever
sightly	sight ly
wonderfully	wonderful ly
swain	swain
hysterics	hysteric s
latticed	lattice ed
retell	re tell
piebald	piebald
potentiality	potential ity
lovable	love able
incurable	in curable
ambulant	amble ant
garble	garble
grater	grate er
retract	retract
predetermination	predetermine ation
covertly	covert ly
guileful	guile ful
circuit	circuit
haulier	haul ier
frames	frames
comfort	comfort
answer	answer
aphrodisiac	aphrodisiac
his	his
inbred	inbred
potheen	potheen
freewheel	free wheel
appointments	appointments
spanner	span er
uselessness	useless ness
register	register
tranquil	tranquil
default	de fault
inexcusably	inexcusable ly
ventricle	ventricle
sneering	sneering
ethos	ethos
lyrics	lyrics
diner	dine er
indiscreetly	indiscreet ly
damning	damning
serially	serial ly
inebriation	inebriate ion
normal	normal
person	person
puerperal	puerperium al
overpay	over pay
manure	manure
scallop	scallop
scrupulousness	scrupulous ness
glossary	gloss ary
foretaste	fore taste
armoury	armour y
aerodynamically	aerodynamic ally
flee	flee
trilaterally	trilateral ly
drubbing	drubbing
gala	gala
vivisectionist	vivisection ist
aeronautical	aeronaut ical
mesa	mesa
pearly	pearl y
billet	billet
peculiar	peculiar
continent	continent
fiscally	fiscal ly
purely	pure ly
fly	fly
mattress	mattress
congressional	congress al
hoarsely	hoarse ly
recommend	re commend
hearty	heart y
pippin	pippin
oxygenize	oxygen ize
indistinctness	indistinct ness
penetratively	penetrative ly
fumigate	fume ate
add	add
repairer	repair er
fieldsman	field s man
unnatural	un natural
voluble	voluble
regionally	regional ly
deplane	de plane
fiftieth	fiftieth
bag	bag
largeish	large ish
hypothetical	hypothesis ical
incommodiously	incommodious ly
coax	coax
nonintervention	non intervention
monumentally	monumental ly
terpsichorean	Terpsichore an
chiffon	chiffon
blur	blur
tired	tired
abominably	abominable ly
anthropophagous	anthropophagy ous
perfidiousness	perfidious ness
festoon	festoon
foreword	fore word
boding	boding
nearness	near ness
tuneful	tune ful
alley	alley
competence	competent ence
demagnetize	de magnet ize
pug	pug
lime	lime
sapper	sap er
cud	cud
envenom	en venom
demystification	demystify ation
incommensurate	in commensurate
chop	chop
inapplicable	in applicable
resourcefulness	resourceful ness
coup	coup
thermionics	thermionic s
few	few
interlard	inter lard
inaudible	in audible
kola	kola
jumble	jumble
quean	quean
rhizome	rhizome
honesty	honest y
pushing	pushing
stays	stays
unwittingly	unwitting ly
rehabilitate	re habilitate
moot	moot
shipbuilder	ship builder
anaesthetist	anaesthesia ist
toady	toady
skill	skill
chide	chide
underground	underground
rattler	rattle er
bohemian	Bohemia an
nab	nab
necessitous	necessity ous
repression	repress ion
pastry	pastry
humus	humus
disgrace	disgrace
capitalize	capital ize
striated	striated
daemon	daemon
marram	marram
precincts	precincts
overalls	overalls
poised	poised
husky	husk y
disjointedness	disjointed ness
telegraphic	telegraph ic
brawn	brawn
ruby	ruby
premonition	pre monition
bring	bring
incurability	incurable ity
overall	overall
mimosa	mimosa
piglet	pig let
turner	turn er
wagon	wagon
whereby	whereby
collaborationist	collaborationist
copy	copy
leftward	leftward
distinctiveness	distinctive ness
anchor	anchor
suppressiveness	suppressive ness
deaden	dead en
tailor	tailor
immobilization	immobilize ation
weight	weight
portrait	portrait
rewire	re wire
harlotry	harlot ry
disgust	disgust
pleasantness	pleasant ness
vandal	vandal
troy	troy
recalcitrancy	recalcitrant ancy
cachet	cachet
brass	brass
centre	centre
telegraphy	telegraph y
tussle	tussle
misdemean	mis demean
mighty	mighty
serviette	serviette
fidget	fidget
surgically	surgical ly
insensibility	insensible ity
kindling	kindling
infinitesimal	infinite al
attempt	attempt
modestly	modest ly
indignity	in dignity
harrier	harry er
magenta	magenta
breathtakingly	breathtaking ly
obliteration	obliterate ion
generality	general ity
affluence	affluent ence
inward	inward
inbuilt	in built
cavalierly	cavalier ly
yearning	yearning
hornless	horn less
personalities	personalities
candidacy	candidate cy
voodooism	voodoo ism
clippie	clip ie
attire	attire
pliancy	pliant ancy
fuggy	fug y
sweetly	sweet ly
grudge	grudge
attraction	attract ion
executioner	execution er
sponsor	sponsor
faddishly	faddish ly
provision	provide ion
mothproof	mothproof
guile	guile
poisoner	poison er
carburet	carburet
stock	stock
bane	bane
revolting	revolting
audit	audit
crusader	crusade er
polypous	polyp ous
frump	frump
lend	lend
zircon	zircon
taper	taper
concernedly	concerned ly
infamous	infamy ous
torpidness	torpid ness
rushy	rush y
homogeneously	homogeneous ly
urbanely	urbane ly
funk	funk
newscaster	newscast er
fissionable	fission able
strings	strings
sequencing	sequence ing
tights	tight s
consonant	consonant
articulately	articulate ly
dowel	dowel
sago	sago
homesickness	homesick ness
necessaries	necessary s
condescension	condescend ion
itchiness	itchy ness
molasses	molasses
softy	soft y
cattish	cat ish
indignantly	indignant ly
knead	knead
prurience	prurient ence
princess	prince ess
laicize	laic ize
hemp	hemp
solid	solid
swamp	swamp
officiate	office ate
tinselly	tinsel y
variableness	variable ness
cold	cold
chivalrously	chivalrous ly
chick	chick
week	week
naturalistically	naturalistic ally
whiskers	whiskers
wattle	wattle
cupping	cupping
ode	ode
lament	lament
wish	wish
knowingly	knowing ly
spearhead	spearhead
picnicker	picnic er
phonetics	phonetic s
demographer	demography er
sulphate	sulphur ate
narcissistically	narcissistic ally
measurable	measure able
shah	shah
confiscatory	confiscation ory
sultrily	sultry ly
cylindrically	cylindrical ly
cod	cod
tracer	trace er
ballista	ballista
tram	tram
wobbly	wobble y
wooded	wood ed
monstrously	monstrous ly
supremacist	supremacy ist
workable	work able
bemuse	be muse
imperialist	imperialist
downhearted	down heart ed
choice	choice
divination	divine ation
saintlike	saint like
bottleful	bottle ful
improperly	improper ly
skateboard	skateboard
insecure	in secure
wraith	wraith
victual	victual
nonwhite	non white
nasalize	nasal ize
wallop	wallop
commensurably	commensurable ly
blandly	bland ly
masquerade	masquerade
lamely	lame ly
note	note
graduation	graduate ion
sneer	sneer
clog	clog
head	head
cornered	cornered
machinate	machine ate
explanation	explain ation
mizzen	mizzen
bloodthirstily	bloodthirsty ly
greaser	grease er
trainee	train ee
fourteenth	fourteenth
coincidence	coincident ence
unnecessarily	unnecessary ly
oceanographer	oceanography er
bad	bad
involuntarily	involuntary ly
dispenser	dispense er
guarantee	guarantee
bustle	bustle
interphone	inter phone
design	design
cogently	cogent ly
stout	stout
oiler	oil er
expedition	expedite ion
oat	oat
owlish	owl ish
gild	gild
militaristic	militarist ic
masturbatory	masturbation ory
clippers	clippers
corker	cork er
clearly	clear ly
outstay	out stay
forgiving	forgiving
abbe	abbe
testily	testy ly
chorus	chorus
raptly	rapt ly
filthily	filthy ly
germination	germinate ion
glad	glad
glittering	glittering
beatifically	beatific ally
praetorian	praetor ian
scraps	scraps
conversationalist	conversational ist
cohesively	cohesive ly
decencies	decencies
anodyne	anodyne
panic	panic
loosen	loose en
calumniate	calumny ate
gorgon	gorgon
sadness	sad ness
wrinkle	wrinkle
radiantly	radiant ly
frothy	froth y
fiat	fiat
belted	belted
incline	incline
unvarnished	un varnished
dough	dough
nymph	nymph
oppressiveness	oppressive ness
fetishist	fetishism ist
deepness	deep ness
partitively	partitive ly
hauntingly	haunting ly
frowsty	frowst y
illusionist	illusion ist
habitat	habitat
admonishing	admonishing
likely	likely
bootless	boot less
productiveness	productive ness
draggled	draggled
chief	chief
cravenness	craven ness
gambol	gambol
those	those
motherhood	mother hood
contestable	contest able
gavel	gavel
reciprocation	reciprocate ion
incorporate	in corporate
submissiveness	submissive ness
boodle	boodle
polder	polder
iconoclastic	iconoclast ic
metal	metal
elfish	elf ish
lusty	lust y
bravery	brave ery
kinetics	kinetic s
palais	palais
repentant	repent ant
bloodily	bloody ly
wizardry	wizard ry
promulgator	promulgate or
complacence	complacent ence
memoirs	memoirs
concordant	concord ant
methyl	methyl
brilliantly	brilliant ly
nervelessly	nerveless ly
uncertainly	uncertain ly
stagnantly	stagnant ly
dissoluble	dis soluble
each	each
genus	genus
siesta	siesta
disreputably	disreputable ly
trivialize	trivial ize
deflation	deflate ion
perpetually	perpetual ly
destructive	destruction ive
defendant	defend ant
scree	scree
illumination	illuminate ion
cheer	cheer
poulterer	poultry er
intrusive	intrusion ive
volitional	volition al
irreverence	irreverent ence
unpretentiously	unpretentious ly
detour	de tour
placket	placket
bull	bull
jumper	jump er
intractable	in tractable
depravation	deprave ation
missing	missing
bean	bean
creativity	creative ity
laurelled	laurel ed
stoke	stoke
tritely	trite ly
provisionally	provisional ly
shallows	shallow s
vicariousness	vicarious ness
professional	profession al
dangerously	dangerous ly
logicality	logical ity
actuate	act ate
beggarliness	beggarly ness
allowably	allowable ly
focal	focus al
entangle	en tangle
hold	hold
divan	divan
protuberant	protuberate ant
niggardliness	niggardly ness
effeminately	effeminate ly
glean	glean
stole	stole
commune	commune
coquettishly	coquettish ly
cosignatory	cosignatory
gayness	gay ness
doctrinaire	doctrinaire
singularize	singular ize
miaou	miaou
dizzily	dizzy ly
crescendo	crescendo
phlegm	phlegm
ghoulishness	ghoulish ness
substitute	substitute
carnally	carnal ly
extensiveness	extensive ness
antecedence	antecedent ence
entreaty	entreat y
kingmaker	king make er
feudatory	feudatory
bigamous	bigamy ous
treasonous	treason ous
delightful	delight ful
righteousness	righteous ness
legendary	legend ary
fertilizer	fertilize er
anarchistically	anarchistic ally
pugilistic	pugilist ic
complement	complement
widgeon	widgeon
principal	principal
fortnightly	fortnight ly
titillation	titillate ion
renunciation	renounce ation
ireful	ire ful
scenery	scene ery
enrol	en roll
inestimable	in estimable
ammo	ammunition
outweigh	out weigh
ought	ought
fibrous	fibre ous
moaner	moan er
feminist	feminism ist
chesty	chest y
done	done
maximal	maximum al
politicalize	political ize
raucously	raucous ly
spice	spice
reward	reward
spam	spam
ghoul	ghoul
lint	lint
contumeliously	contumelious ly
quiff	quiff
outlay	outlay
skyjacker	skyjack er
mural	mural
washing	washing
amorality	amoral ity
pupa	pupa
snifter	snifter
fossilization	fossilize ation
pertinence	pertinent ence
causatively	causative ly
cot	cot
jerkin	jerkin
profitlessly	profitless ly
separation	separate ion
lineage	line age
predominantly	predominant ly
gecko	gecko
sorcerer	sorcery er
elision	elide ion
hunch	hunch
demagogic	demagogy ic
continuity	continuous ity
mockery	mock ery
patty	patty
bonnet	bonnet
shear	shear
rhomb	rhombus
proconsulate	proconsul ate
sleet	sleet
conjunctive	conjunctive
shrapnel	shrapnel
carol	carol
acidic	acid ic
classy	class y
palliation	palliate ion
wiry	wire y
trackless	track less
waverer	waver er
piquancy	piquant ancy
condescending	condescending
importunately	importunate ly
weaver	weave er
uneducated	un educated
running	running
live	live
penetratingly	penetrating ly
undercut	under cut
monopolistically	monopolistic ally
blankness	blank ness
smoocher	smooch er
nautically	nautical ly
conciliatory	conciliation ory
faithlessly	faithless ly
subway	sub way
inbreeding	inbreeding
distributional	distribution al
tanning	tanning
condom	condom
internalization	internalize ation
manhood	man hood
saurian	Sauria an
agonized	agonized
energize	energy ize
pacifist	pacifism ist
insane	in sane
despair	despair
tattooist	tattoo ist
macadamize	macadam ize
olden	old en
squeeze	squeeze
cussed	cussed
thrum	thrum
twofaced	two face ed
plunderer	plunder er
uninformed	un informed
melodic	melody ic
foreskin	fore skin
frazzle	frazzle
slap	slap
lecherousness	lecherous ness
forehead	fore head
foible	foible
timidness	timid ness
boar	boar
cybernetics	cybernetic s
sensuousness	sensuous ness
compline	compline
ineffectively	ineffective ly
stamen	stamen
nosher	nosh er
bestride	be stride
alliteratively	alliterative ly
suspension	suspend ion
premise	premise
torpidity	torpid ity
domain	domain
professorially	professorial ly
sapphire	sapphire
conga	conga
smoke	smoke
million	million
vary	vary
assegai	assegai
intermission	intermit ion
thermostatic	thermostat ic
fastness	fast ness
miscall	mis call
gibe	gibe
misguide	mis guide
clumsily	clumsy ly
round	round
ethnologically	ethnological ly
mistrust	mis trust
operationally	operational ly
instinctive	instinct ive
mandolin	mandolin
unrelenting	un relenting
cheekily	cheeky ly
cosmetician	cosmetic ian
cleanser	cleanse er
tintinnabulation	tintinnabulum ation
improbably	improbable ly
familiarly	familiar ly
larboard	larboard
impracticality	impractical ity
locality	local ity
weeping	weeping
forelock	fore lock
nicety	nice ty
validly	valid ly
octave	octave
gripping	gripping
palmetto	palmetto
persuasive	persuasion ive
irregular	irregular
woollens	woollen s
boo	boo
crotchety	crotchet y
uninterruptedly	uninterrupted ly
figuratively	figurative ly
foreplay	fore play
never	never
racist	racist
nosiness	nosy ness
knightly	knight ly
lyceum	lyceum
mitigation	mitigate ion
bewitch	be witch
hurtfully	hurtful ly
bitty	bit y
snobbish	snob ish
inviolability	inviolable ity
spareness	spare ness
photostat	Photostat
ritualistically	ritualistic ally
parodist	parody ist
trendy	trendy
lidless	lid less
soulless	soul less
invaluable	in valuable
bypass	bypass
influentially	influential ly
without	with out
unflappable	un flap able
sheepish	sheep ish
mason	mason
strange	strange
assail	assail
providently	provident ly
visually	visual ly
interrogative	interrogation ive
blissful	bliss ful
barley	barley
eurhythmy	eurhythmy
quietness	quiet ness
lazy	laze y
treason	treason
unclean	un clean
efficacity	efficacious ity
viva	viva
omnipresence	omnipresent ence
disagreeableness	disagreeable ness
inequality	in equality
nosy	nose y
catcall	catcall
inexcusable	in excusable
previously	previous ly
incongruity	incongruous ity
technological	technology ical
interpose	inter pose
snooze	snooze
morphemic	morpheme ic
whine	whine
brawniness	brawny ness
meekly	meek ly
denominate	de nominate
vex	vex
indispensably	indispensable ly
unlike	unlike
illuminations	illuminations
wedded	wedded
shy	shy
correlate	correlate
brandy	brandy
coffers	coffers
fat	fat
saltness	salt ness
crowd	crowd
sombre	sombre
defalcation	defalcate ion
whereat	whereat
congruously	congruous ly
tiring	tiring
scrupulous	scruple ous
adulterate	adultery ate
deuced	deuce ed
ormolu	ormolu
bucolically	bucolic ally
resolve	resolve
feeder	feed er
racily	racy ly
perspicaciously	perspicacious ly
overload	overload
reissue	re issue
filmable	film able
rotundity	rotund ity
shrinkage	shrink age
exceedingly	exceeding ly
topper	top er
genealogical	genealogy ical
demonic	demon ic
generative	generation ive
foredoom	fore doom
readdress	re address
page	page
ethics	ethics
inmate	in mate
stapler	staple er
stillness	still ness
squeezer	squeeze er
partita	partita
ploy	ploy
miscarry	mis carry
euphonious	euphony ous
would	would
classify	class ify
rooms	rooms
ethically	ethical ly
dissemination	disseminate ion
bread	bread
why	why
recompense	recompense
lakh	lakh
gage	gage
irateness	irate ness
motive	motive
stick	stick
prodigality	prodigal ity
transitively	transitive ly
constancy	constant ancy
weak	weak
teacher	teach er
poncy	ponce y
sordidly	sordid ly
twiggy	twig y
antithetically	antithetical ly
epoch	epoch
mirth	mirth
backwardness	backward ness
abusively	abusive ly
limpidly	limpid ly
seamless	seam less
remould	remould
slacken	slack en
nebula	nebula
sedate	sedate
canalization	canalize ation
grandiloquence	grandiloquent ence
nightly	nightly
epidemic	epidemic
limitable	limit able
shepherdess	shepherd ess
unutterably	unutterable ly
scrounge	scrounge
knout	knout
keeper	keep er
glimmer	glimmer
constipated	constipated
saute	saute
gropingly	grope ing ly
peony	peony
nothingness	nothing ness
horridness	horrid ness
clutches	clutches
nervousness	nervous ness
earthling	earth ling
cohesiveness	cohesive ness
offensively	offensive ly
aegis	aegis
northeaster	northeast er
suspenders	suspenders
warmness	warm ness
intestate	in testate
batter	bat er
venerable	venerate able
deletion	delete ion
sting	sting
limy	lime y
scald	scald
substantival	substantive al
ashamed	a shame ed
disappointedly	disappointed ly
emblematically	emblematic ally
obligingly	obliging ly
racketeering	racketeering
hollow	hollow
pedantic	pedant ic
incursion	incur ion
completeness	complete ness
awfully	awful ly
archaeological	archaeology ical
deeply	deep ly
moulder	mould er
tastefully	tasteful ly
ephemerally	ephemeral ly
piffling	piffling
insanitary	in sanitary
paving	paving
unnaturally	unnatural ly
customary	custom ary
spuriousness	spurious ness
amp	amp
jester	jest er
adequately	adequate ly
filtrate	filtrate
buoyant	buoy ant
unhappy	un happy
faintly	faint ly
overweeningly	overweening ly
simplification	simplify ation
immense	immense
narky	nark y
surrey	surrey
brisk	brisk
beguilingly	beguiling ly
perfectionist	perfection ist
sonority	sonorous ity
shit	shit
son	son
slenderness	slender ness
paternally	paternal ly
fuck	fuck
socialize	social ize
coupon	coupon
inanimate	in animate
loftily	lofty ly
pestilential	pestilence ial
rate	rate
poker	poke er
shilling	shilling
disfrock	dis frock
walrus	walrus
voluptuously	voluptuous ly
felucca	felucca
fixedly	fixed ly
underplay	under play
homelessness	homeless ness
hotelier	hotel ier
constructiveness	constructive ness
screamingly	scream ing ly
chain	chain
rousing	rousing
flush	flush
externalization	externalize ation
pox	pox
vesicle	vesicle
bethel	bethel
paddock	paddock
solubility	soluble ity
tacit	tacit
prosaic	prose ic
virulently	virulent ly
common	common
levant	levant
engineer	engineer
unlock	un lock
knot	knot
elusory	elusion ory
chastely	chaste ly
median	median
halberdier	halberd ier
priggish	prig ish
polemically	polemical ly
boom	boom
mahjong	mahjong
wealthy	wealth y
hark	hark
supplementary	supplement ary
thinkable	think able
refrigeration	refrigerate ion
determined	determined
prefix	prefix
county	count y
tactless	tact less
obviously	obvious ly
frizzle	frizzle
buffet	buffet
toast	toast
alumna	alumna
bobbin	bobbin
stanchly	stanch ly
incandescence	incandescent ence
burn	burn
glamorization	glamorize ation
console	console
slim	slim
sue	sue
scour	scour
opportunism	opportune ism
preventively	preventive ly
dispirit	dis spirit
peasant	peasant
clean	clean
holidaymaker	holiday make er
priest	priest
stumpy	stump y
reputation	repute ation
clink	clink
disafforest	dis afforest
ensanguined	ensanguined
country	country
cellarage	cellar age
deem	deem
sedately	sedate ly
howdah	howdah
elation	elate ion
blandness	bland ness
subcutaneous	sub cutaneous
woody	wood y
grass	grass
determinative	determination ive
affirmation	affirm ation
amputee	amputate ee
lesser	lesser
smoker	smoke er
occupier	occupy er
photo	photograph
paralytic	paralytic
viscosity	viscous ity
pasturage	pasture age
jobless	job less
tit	tit
many	many
paint	paint
west	west
hesitation	hesitate ion
rationalize	rational ize
representation	represent ation
fortunate	fortune ate
renovator	renovate or
chantry	chant ry
mastiff	mastiff
stunningly	stunning ly
circa	circa
drivel	drivel
provisional	provision al
rose	rose
musty	must y
bludgeon	bludgeon
vote	vote
dacoit	dacoit
racy	race y
loam	loam
addict	addict
attar	attar
abrasion	abrade ion
tomb	tomb
perhaps	per hap s
vicariously	vicarious ly
mutiny	mutiny
podginess	podgy ness
interdenominational	inter denominational
damages	damages
tearfully	tearful ly
slickly	slick ly
pudendum	pudendum
hieroglyphic	hieroglyph ic
sorrowful	sorrow ful
stopper	stop er
epitomize	epitome ize
studio	studio
replenish	re plenish
jag	jag
intolerantly	intolerant ly
plasma	plasma
submersion	submerse ion
devastation	devastate ion
expediently	expedient ly
anglicize	anglicism ize
pear	pear
ineradicable	in eradicable
secretarial	secretary al
further	further
compartmental	compartment al
niffy	niff y
introductory	introduction ory
squeaky	squeak y
remorselessly	remorseless ly
communications	communications
restrictive	restriction ive
enigmatical	enigma ical
sixteenth	sixteen th
feudatory	feudal ory
tare	tare
commissary	commit ary
fair	fair
unaware	un aware
composed	composed
groat	groat
pamphlet	pamphlet
liver	live er
wand	wand
asexually	asexual ly
determination	determine ation
stifle	stifle
fleece	fleece
temperamentally	temperamental ly
overmuch	overmuch
desecration	desecrate ion
wane	wane
laurel	laurel
leopardess	leopard ess
grid	grid
teens	teens
bait	bait
gaudily	gaudy ly
retort	retort
deficiently	deficient ly
hypochondriac	hypochondriac
legibility	legible ity
relatively	relative ly
psychiatrist	psychiatry ist
maiden	maiden
lid	lid
adorable	adore able
bogus	bogus
presto	presto
meantime	meantime
silicone	silicone
hybridize	hybrid ize
atypically	atypical ly
stetson	stetson
address	address
ravel	ravel
cairn	cairn
distantly	distant ly
roue	roue
dependability	dependable ity
forcefully	forceful ly
essential	essence ial
apocalyptically	apocalyptic ally
dissimilarity	dissimilar ity
solicitous	solicit ous
mechanistic	mechanism ic
invertebrate	in vertebrate
stated	stated
antipodean	antipodes an
dispossess	dis possess
march	march
wastage	waste age
tarantelle	tarantelle
hairless	hair less
moderation	moderate ion
rationality	rational ity
rage	rage
yachtswoman	yacht s woman
thankfully	thankful ly
sophisticated	sophisticated
typesetter	typeset er
yucca	yucca
hither	hither
yodel	yodel
canter	canter
inappropriateness	inappropriate ness
goodbye	goodbye
melee	melee
liveried	livery ed
sportsman	sport s man
cyclically	cyclical ly
pardonable	pardon able
futuristic	futurist ic
predestine	pre destine
jihad	jihad
eighty	eighty
seamy	seam y
leaseholder	leasehold er
conservatively	conservative ly
camphorate	camphor ate
inactivity	inactive ity
oversell	over sell
clairvoyant	clairvoyant
wifelike	wife like
immensity	immense ity
scramble	scramble
entertainingly	entertaining ly
belay	belay
sluggish	slug ish
counterclockwise	counterclockwise
openheartedly	openhearted ly
obstructive	obstruction ive
insubordinate	in subordinate
grief	grieve
unobtrusiveness	unobtrusive ness
incompressible	in compressible
commutable	commute able
sleigh	sleigh
windy	wind y
inscription	inscribe ion
unequalness	unequal ness
underweight	under weight
whippy	whip y
sound	sound
utmost	out most
illicitly	illicit ly
disdainful	disdain ful
triplet	triple let
stonily	stony ly
hit	hit
branch	branch
feebleness	feeble ness
appraisal	appraise al
spoil	spoil
jugful	jug ful
confide	confide
docility	docile ity
flute	flute
burg	burg
incomprehension	in comprehension
fatal	fate al
sparrow	sparrow
footage	foot age
gorse	gorse
chauvinist	chauvinist
win	win
compile	compile
indiscipline	in discipline
bazaar	bazaar
slithery	slither y
singular	singular
misadventure	mis adventure
your	your
desalinize	de saline ize
psychokinetically	psychokinetic ally
activation	activate ion
poodle	poodle
lenience	lenient ence
complainer	complain er
vaingloriously	vainglorious ly
dhoti	dhoti
palliasse	palliasse
whereabouts	where about s
fag	fag
singleness	single ness
redaction	redact ion
ingrown	in grown
jealously	jealous ly
indifferent	in different
darts	darts
fleet	fleet
disinfect	dis infect
static	state ic
bittiness	bitty ness
wrongful	wrong ful
erectness	erect ness
buggered	buggered
slither	slither
tumultuous	tumult ous
pagan	pagan
fumigation	fumigate ion
pinnace	pinnace
faultless	fault less
suede	suede
canonical	canon ical
quirk	quirk
casuistic	casuist ic
unguarded	un guarded
touched	touched
singe	singe
answerably	answerable ly
mendaciously	mendacious ly
ringer	ring er
daintiness	dainty ness
conk	conk
evergreen	evergreen
acceptably	acceptable ly
impish	imp ish
blessing	blessing
retrieval	retrieve al
extroversion	extrovert ion
meteor	meteor
appealingly	appealing ly
dunce	dunce
cater	cater
forewoman	fore woman
consecutively	consecutive ly
audibly	audible ly
solipsistic	solipsist ic
appearances	appearances
notional	notion al
disarm	dis arm
biretta	biretta
spectacle	spectacle
certainly	certain ly
confiscation	confiscate ion
undesirably	undesirable ly
safe	safe
naturalness	natural ness
nutcracker	nut crack er
facileness	facile ness
outbrave	out brave
teetotaller	teetotal er
sync	synchronization
purchasable	purchase able
parlous	parlous
snap	snap
brinksmanship	brink s man ship
catapult	catapult
stridence	strident ence
bestir	be stir
pyramid	pyramid
basely	base ly
poetic	poet ic
pricey	price y
lave	lave
parsley	parsley
ticker	tick er
anonymous	anonym ous
benumbed	be numb ed
vector	vector
white	white
sarcastic	sarcasm ic
rover	rove er
threaten	threat en
squirt	squirt
shudder	shudder
aeronautic	aeronaut ic
mulct	mulct
cackle	cackle
effectiveness	effective ness
incomparably	incomparable ly
tailless	tail less
yeomanry	yeoman ry
creek	creek
concatenation	concatenate ion
smell	smell
timelessly	timeless ly
astrological	astrology ical
calm	calm
aspirant	aspire ant
rawly	raw ly
opulence	opulent ence
loathing	loathing
uprising	up rise ing
discipline	discipline
pokiness	poky ness
underclothing	under clothing
nonviolently	nonviolent ly
instigator	instigate or
grating	grating
scarify	scar ify
portly	port ly
memento	memento
trusteeship	trustee ship
reinstate	re instate
subatomic	sub atomic
percussive	percussion ive
formlessness	formless ness
intensely	intense ly
execrably	execrable ly
tomboyish	tomboy ish
dissenting	dissenting
incapacitate	incapacity ate
tiller	till er
armed	armed
jumpiness	jumpy ness
broadmindedly	broadminded ly
maxi	maximum
legalism	legal ism
intent	intent
riskiness	risky ness
capillarity	capillary ity
carryout	carryout
feeble	feeble
speechless	speech less
scruffy	scruff y
loudspeaker	loud speak er
exhilarating	exhilarating
dew	dew
hoarder	hoard er
speciousness	specious ness
creation	create ion
ragged	rag ed
anemone	anemone
snail	snail
psychiatric	psychiatry ic
cancel	cancel
recurrently	recurrent ly
sensitivity	sensitive ity
disconnected	disconnected
seminarist	seminary ist
stigmatize	stigma ize
drain	drain
rowdy	rowdy
constant	constant
petrologist	petrology ist
coupe	coupe
ness	ness
wielder	wield er
crispness	crisp ness
misbehaved	misbehaved
minority	minor ity
bashfulness	bashful ness
mist	mist
welder	weld er
bathe	bath
taxability	taxable ity
canon	canon
renowned	renown ed
knickers	knickerbockers
smut	smut
relative	relation ive
harp	harp
piddling	piddling
electricly	electric ly
insignificant	in significant
rustic	rustic
nylon	nylon
scrimp	scrimp
certified	certified
burst	burst
peon	peon
luck	luck
skirmisher	skirmish er
facilities	facilities
chalkiness	chalky ness
religiously	religious ly
embarrassing	embarrassing
coloured	colour ed
sultanate	sultan ate
claret	claret
buzz	buzz
disguise	disguise
wring	wring
deterrent	deterrent
respond	respond
appellant	appeal ant
engaging	engaging
spiritualization	spiritualize ation
nearly	near ly
equipped	equipped
telegrapher	telegraph er
disbud	dis bud
uncommonly	uncommon ly
equivocation	equivocate ion
exemplify	example ify
capriciously	capricious ly
freehanded	free hand ed
undress	un dress
elated	elated
unavoidable	un avoidable
misunderstanding	misunderstanding
fluoridization	fluoridize ation
serial	serial
leaf	leaf
nonassertive	non assertive
sadism	Sade ism
arsonist	arson ist
solvent	solvent
scintilla	scintilla
featherweight	featherweight
sweaty	sweat y
lucent	lucent
encase	en case
divergently	divergent ly
metro	Metro
consolidate	con solid ate
breakage	break age
echelon	echelon
oft	oft
eff	eff
including	including
faggot	faggot
clarty	clarts y
photograph	photograph
cautiously	cautious ly
toxicologist	toxicology ist
careerist	career ist
genetically	genetic ally
crabby	crab y
darning	darning
amplification	amplify ation
separable	separate able
inarticulateness	inarticulate ness
weekend	weekend
unfortunate	un fortunate
misbegotten	mis begotten
overstep	over step
brad	brad
oversubscribed	over subscribed
decimal	decimal
pruriently	prurient ly
seemingly	seeming ly
perspicuously	perspicuous ly
honeycomb	honeycomb
inalienable	in alienable
myopic	myopia ic
rethink	re think
guru	guru
autumnal	autumn al
panties	pants y s
incarnation	incarnate ion
progress	progress
masonic	masonic
undersexed	under sex ed
aesthetical	aesthete ical
grown	grown
corrosion	corrode ion
adaptability	adaptable ity
distrust	distrust
contradiction	contradict ion
sedge	sedge
unbind	un bind
flaccidity	flaccid ity
graceless	grace less
dynamic	dynamic
deception	deceive ion
inattentively	inattentive ly
coldness	cold ness
libidinousness	libidinous ness
altruistic	altruist ic
chauvinistically	chauvinistic ally
braggadocio	braggadocio
metricate	metric ate
swear	swear
premier	premier
pharisaical	pharisee ical
learner	learn er
codswallop	codswallop
incestuous	incest ous
commonness	common ness
barbaric	barbarian ic
fort	fort
degeneratively	degenerative ly
fingerprint	fingerprint
cheap	cheap
cloddish	clod ish
ginger	ginger
overtime	over time
anomalously	anomalous ly
chuck	chuck
mastodon	mastodon
tenantry	tenant ry
spiel	spiel
mall	mall
lorn	lorn
irrelevancy	irrelevant ancy
thievery	thief ery
displeasing	displeasing
bulldozer	bulldoze er
sloppy	slop y
maliciously	malicious ly
posturing	posturing
aquatically	aquatic ally
locomotive	locomotive
flutter	flutter
reproductive	re productive
swot	swot
forward	forward
substantive	substantive
lurid	lurid
tousle	tousle
unfounded	un founded
unwind	un wind
forgiveness	forgive ness
plunder	plunder
cook	cook
pontificals	pontifical s
suffering	suffering
appropriateness	appropriate ness
inhumanity	inhuman ity
crassness	crass ness
annuitant	annuity ant
trill	trill
friability	friable ity
ceramics	ceramic s
drawing	drawing
milch	milch
maidenlike	maiden like
malign	malign
discredit	dis credit
inhuman	in human
craze	craze
ninetieth	ninety th
discernibly	discernible ly
soused	soused
commandant	command ant
trucking	truck ing
mindful	mind ful
scorching	scorching
synchronize	synchronous ize
weep	weep
tolerable	tolerate able
breathily	breathy ly
false	false
earful	ear ful
elementarily	elementary ly
inspirational	inspiration al
narcissus	narcissus
equatorial	equator ial
height	height
indeed	in deed
pouch	pouch
simple	simple
inadmissibly	inadmissible ly
transplant	transplant
delirious	delirium ous
dashingly	dashing ly
ancient	ancient
nonproliferation	non proliferation
kebab	kebab
conductivity	conductive ity
straiten	strait en
lifeless	life less
cash	cash
wonted	wont ed
shunter	shunt er
languid	languid
signal	signal
bolt	bolt
elongate	e long ate
breather	breathe er
egoistically	egoistical ly
indescribable	in describable
cellist	cello ist
interpreter	interpret er
conductress	conductor ess
toilet	toilet
coley	coley
defame	de fame
asp	asp
parabolically	parabolical ly
tutu	tutu
squab	squab
unseemliness	unseemly ness
shaker	shake er
tempestuousness	tempestuous ness
argon	argon
precipitousness	precipitous ness
disregard	disregard
epicurean	epicure an
subtlety	subtle ty
dogmatically	dogmatic ally
northeast	northeast
manufacture	manufacture
hurdle	hurdle
impact	impact
bland	bland
penitently	penitent ly
salaciousness	salacious ness
testatrix	testatrix
shore	shore
elaborateness	elaborate ness
admirably	admirable ly
rankness	rank ness
metaphor	metaphor
supplicant	supplicate ant
overlong	overlong
badness	bad ness
boisterousness	boisterous ness
tab	tab
overlap	over lap
quackery	quack ery
tipsily	tipsy ly
ventilator	ventilate or
margin	margin
inconspicuous	in conspicuous
twitch	twitch
obsessive	obsession ive
irretrievably	irretrievable ly
horsewhip	horsewhip
suggestive	suggestion ive
catarrh	catarrh
damask	damask
jeweller	jewel er
probability	probable ity
senses	senses
cursed	cursed
monarchical	monarch ical
correspondingly	corresponding ly
japonica	japonica
artistry	artist ry
disused	disuse ed
cluck	cluck
trustfulness	trustful ness
sentimentality	sentimental ity
pencil	pencil
curability	curable ity
ably	able ly
pliers	ply er s
tracked	track ed
cerebrally	cerebral ly
revenue	revenue
commonage	common age
price	price
helpfulness	helpful ness
specialize	special ize
detour	detour
placidity	placid ity
algebraically	algebraic ally
above	above
electoral	elector al
selector	select or
tyrannical	tyrant ical
baby	baby
decarbonize	de carbonize
slickness	slick ness
flapper	flap er
specifically	specific ally
wretchedly	wretched ly
pollen	pollen
bass	bass
eroticism	erotic ism
approval	approve al
vindictiveness	vindictive ness
capacity	capacious ity
intelligibility	intelligible ity
silkiness	silky ness
tidily	tidy ly
heartiness	hearty ness
charismatic	charisma ic
incredibly	incredible ly
aforesaid	aforesaid
terminate	terminate
bequest	be quest
fucker	fuck er
shake	shake
satrap	satrap
proof	proof
quizzically	quizzical ly
wiriness	wiry ness
secessionist	secession ist
bisexually	bisexual ly
tenet	tenet
ineffably	ineffable ly
conservationist	conservation ist
quire	quire
scarcity	scarce ity
diagonal	diagonal
torridity	torrid ity
sage	sage
canyon	canyon
pizzicato	pizzicato
expatriate	expatriate
hard	hard
mummer	mum er
degeneracy	degenerate cy
schist	schism ist
recommendation	recommend ation
gelatin	gelatin
impulsiveness	impulsive ness
undivided	un divided
prone	prone
knobbly	knob ly
account	account
raft	raft
loudmouthed	loudmouth ed
muckle	muckle
broil	broil
gabble	gabble
voluptuousness	voluptuous ness
corny	corn y
enmesh	en mesh
stubby	stub y
tannic	tannin ic
fraught	fraught
prudence	prudent ence
jingle	jingle
guillotine	guillotine
bury	bury
pyrites	pyrites
courtly	court ly
sloppiness	sloppy ness
village	village
excusably	excusable ly
affirmative	affirmative
outback	outback
boiler	boil er
shits	shits
tediously	tedious ly
frothily	frothy ly
sonorously	sonorous ly
chi	chi
continental	continent al
beneficially	beneficial ly
rummy	rummy
loopy	loop y
theatrical	theatre ical
tolerantly	tolerant ly
dredge	dredge
hierarchically	hierarchical ly
pipe	pipe
uninterested	un interested
liturgically	liturgical ly
tarnish	tarnish
thoughtfulness	thoughtful ness
irrepressibly	irrepressible ly
pockmarked	pockmark ed
boxing	boxing
related	related
sequestered	sequestered
wan	wan
sacramental	sacrament al
lukewarmness	lukewarm ness
standoffish	stand off ish
casting	casting
solicitousness	solicitous ness
imprudence	imprudent ence
syllabize	syllable ize
intercommunication	intercommunicate ion
unfurnished	un furnished
swathe	swath
fetching	fetching
puce	puce
penalty	penal ty
falls	falls
infinity	infinite y
dinkum	dinkum
tanner	tan er
jubilation	jubilate ion
fortifiable	fortify able
pumpkin	pumpkin
item	item
dryad	dryad
adhesive	adhesive
jaundice	jaundice
pram	perambulator
feminist	feminist
overriding	overriding
agate	agate
loquaciousness	loquacious ness
expectantly	expectant ly
middy	midshipman y
nastiness	nasty ness
democratize	democrat ize
how	how
valetudinarian	valetudinarian
forsaken	forsaken
prink	prink
millionth	millionth
cards	cards
wrongheaded	wrong head ed
pivotal	pivot al
tractability	tractable ity
inauguration	inaugurate ion
collision	collide ion
stinginess	stingy ness
terrifically	terrific ally
rig	rig
culottes	culotte s
innocently	innocent ly
stratagem	stratagem
prenatal	pre natal
brick	brick
lioness	lion ess
intellectually	intellectual ly
remount	remount
busker	busk er
cubic	cube ic
priestess	priest ess
impress	impress
dizzy	dizzy
rhythmical	rhythm ical
backing	backing
reverently	reverent ly
biff	biff
assorted	assorted
laxative	laxative
defrayal	defray al
cruet	cruet
seventy	seventy
chemical	chemical
worriedly	worried ly
refractory	refract ory
alone	alone
mousy	mouse y
stylistic	stylist ic
mulch	mulch
prescriptivist	prescriptivism ist
angst	angst
commemoration	commemorate ion
authority	author ity
noncommittal	non commit al
tactics	tactics
surefootedness	surefooted ness
questioner	question er
nastily	nasty ly
racist	racism ist
realistic	realist ic
small	small
fraternally	fraternal ly
wrench	wrench
fancifully	fanciful ly
cryptographically	cryptographic ally
insuperably	insuperable ly
benignantly	benignant ly
verdancy	verdant ancy
apprehensively	apprehensive ly
mushy	mush y
believer	believe er
barracks	barracks
surprisedly	surprised ly
increase	increase
guiltless	guilt less
astigmatic	astigmatism ic
quickly	quick ly
prolapse	prolapse
armorial	armoury al
nationwide	nationwide
ironically	ironic ally
prediction	predict ion
industrialist	industrialism ist
mysterious	mystery ous
harlot	harlot
caricaturist	caricature ist
semen	semen
dear	dear
inorganically	inorganic ally
symmetric	symmetry ic
brainy	brain y
acceptation	accept ation
beam	beam
lack	lack
lifelike	life like
ascendant	ascend ant
womanhood	woman hood
idiotic	idiot ic
tyrannous	tyrant ous
cleaner	clean er
renewal	renew al
badger	badger
misanthropist	misanthrope ist
vitalization	vitalize ation
picket	picket
recite	re cite
miffed	miffed
hello	hello
stun	stun
additive	addition ive
upholstery	upholster ery
sickish	sick ish
midwifery	midwife ery
huntress	hunter ess
terminus	terminus
menace	menace
invigilator	invigilate or
joylessly	joyless ly
toby	toby
neglectful	neglect ful
monotonous	monotony ous
perverseness	perverse ness
ideal	ideal
psychiatrically	psychiatric ally
rustication	rusticate ion
argumentatively	argumentative ly
motionlessly	motionless ly
cordial	cordial
gamesman	game s man
integument	in tegument
gloomily	gloomy ly
gall	gall
file	file
stimulation	stimulate ion
disloyalty	disloyal ty
mortification	mortify ation
slating	slating
let	let
porker	pork er
sublieutenant	sub lieutenant
cerise	cerise
raccoon	raccoon
seductively	seductive ly
demobilization	demobilize ation
inlay	inlay
postal	post al
chevron	chevron
unctuously	unctuous ly
speculative	speculation ive
sacrificial	sacrifice ial
wordiness	wordy ness
glossy	gloss y
interim	interim
heartlessly	heartless ly
distressing	distressing
mahatma	mahatma
grab	grab
emeritus	emeritus
contrast	contrast
restrictively	restrictive ly
charming	charming
alveolar	alveolar
remilitarization	remilitarize ation
thus	thus
going	going
obliviously	oblivious ly
disembowel	dis em bowel
domiciliary	domicile ary
reiteration	reiterate ion
interchange	inter change
rustless	rust less
subjection	subject ion
will	will
ontologically	ontological ly
emptiness	empty ness
squash	squash
utilitarian	utilitarian
process	process
numb	numb
freemasonry	Freemason ry
alcoholism	alcohol ism
lough	lough
whereto	whereto
whelp	whelp
shale	shale
modernist	modernist
overstuffed	over stuffed
unarmed	un armed
incorrect	in correct
stubbornly	stubborn ly
heathenish	heathen ish
donkey	donkey
personage	person age
loop	loop
coercion	coerce ion
convoy	convoy
achievable	achieve able
indecipherably	indecipherable ly
unfaltering	un faltering
griper	gripe er
immediacy	immediate cy
recorder	record er
clerical	cleric al
buoyancy	buoyant ancy
cosy	cosy
separability	separable ity
crossover	cross over
timely	time ly
introverted	introvert ed
monkey	monkey
variably	variable ly
apache	apache
sufficiently	sufficient ly
wardress	warder ess
clandestinely	clandestine ly
soldierlike	soldier like
greasily	greasy ly
textured	texture ed
sparks	sparks
unwed	un wed
limp	limp
quango	quango
tontine	Tonti ine
unreasonable	un reasonable
northwester	northwest er
beggar	beggar
flirt	flirt
undeceive	un deceive
literalness	literal ness
nobble	nobble
ambitiously	ambitious ly
topgallant	topgallant
woodpecker	wood peck er
omission	omit ion
domineering	domineering
submerged	submerged
catastrophe	catastrophe
offhand	offhand
categorize	category ize
nonviolent	non violent
clam	clam
demonstratively	demonstrative ly
rocks	rocks
found	found
colicky	colic y
sure	sure
uncomfortably	uncomfortable ly
think	think
wait	wait
track	track
seduction	seduce ion
bedaub	be daub
delightfully	delightful ly
dig	dig
slaughterer	slaughter er
callow	callow
insidiously	insidious ly
indisposition	in disposition
editorially	editorial ly
screwy	screw y
skywards	skyward s
snare	snare
loaded	loaded
brewery	brew ery
constitution	constitute ion
lamprey	lamprey
behead	be head
shriek	shriek
seventy	seven ty
sensation	sense ation
unaccountably	unaccountable ly
without	without
cedar	cedar
glow	glow
shame	shame
plumbing	plumbing
existential	existence ial
rapturously	rapturous ly
rigmarole	rigmarole
anon	anon
dissent	dissent
numerical	number ical
incandescently	incandescent ly
gospel	gospel
gainings	gaining s
pettishly	pettish ly
baggy	bag y
philanthropically	philanthropic ally
dreaminess	dreamy ness
originality	original ity
bleachers	bleachers
mannered	manner ed
spoiler	spoil er
parlance	parlance
snooper	snoop er
beseechingly	beseeching ly
ranger	range er
nainsook	nainsook
disendow	dis endow
depressing	depressing
nonsmoker	non smoker
discretion	discrete ion
codification	codify ation
doubly	double ly
malmsey	malmsey
sheepishness	sheepish ness
refine	re fine
hollowness	hollow ness
era	era
exaggeration	exaggerate ion
buoyantly	buoyant ly
masterless	master less
conceitedly	conceited ly
fish	fish
praiseworthily	praiseworthy ly
intermingle	inter mingle
resplendence	resplendent ence
isolationist	isolationism ist
thoughtlessness	thoughtless ness
insularism	insular ism
spider	spider
menthol	menthol
drench	drench
marcher	march er
unapproachable	un approachable
misdeal	misdeal
con	con
chicle	chicle
eats	eat s
momma	momma
inculcation	inculcate ion
braze	braze
fives	fives
eclectically	eclectic ally
come	come
primly	prim ly
respectfully	respectful ly
mousiness	mousy ness
skew	skew
boots	boots
snidely	snide ly
joyously	joyous ly
prophylactically	prophylactic ally
cracker	crack er
creditable	credit able
inactivate	inactive ate
hearth	hearth
pettiness	petty ness
diffidently	diffident ly
subtenant	sub tenant
crawler	crawl er
tranny	transistor y
stalk	stalk
blacklist	blacklist
efficacious	efficacy ous
gaminess	gamy ness
exchangeable	exchange able
artistically	artistic ally
invasion	invade ion
sceneshifter	scenery shift er
tunnel	tunnel
taxable	tax able
pushover	push over
mooch	mooch
jazzily	jazzy ly
lovelorn	lovelorn
yoke	yoke
avail	avail
leech	leech
magical	magic al
actinic	actinism ic
counterattack	counterattack
meaninglessness	meaningless ness
wright	wright
lateness	late ness
appalling	appalling
unearth	un earth
lewdly	lewd ly
galumph	galumph
insert	insert
adulterant	adulterate ant
wrest	wrest
potentate	potent ate
desultorily	desultory ly
clinical	clinic al
theosophical	theosophy ical
copse	copse
inter	inter
oddly	odd ly
draconian	Draco ian
lip	lip
terminal	terminus al
cream	cream
republicanism	republican ism
fortuitously	fortuitous ly
distress	distress
pointsman	point s man
emotionless	emotion less
salivation	salivate ion
rum	rum
dash	dash
ashen	ash en
punishable	punish able
garrulity	garrulous ity
barm	barm
bifocals	bifocal s
pragmatically	pragmatic ally
relaxing	relaxing
potter	pot er
lounge	lounge
deceitfulness	deceitful ness
royalty	royal ty
expenses	expenses
discrepancy	discrepant ancy
sub	sub
sadistic	sadist ic
protestingly	protesting ly
loathsomeness	loathsome ness
seducer	seduce er
morello	morello
disappointingly	disappointing ly
subpoena	subpoena
dyspeptic	dyspeptic
japan	japan
authorization	authorize ation
oratorically	oratorical ly
tube	tube
declaim	de claim
impresario	impresario
sac	sac
intelligibly	intelligible ly
pom	pom
swallowtailed	swallow tail ed
breathless	breath less
quietly	quiet ly
rhomboidal	rhomboid al
satyric	satyr ic
bilingual	bilingual
perspicuity	perspicuous ity
habitation	habit ation
facing	facing
incorrectly	incorrect ly
chub	chub
reef	reef
relevantly	relevant ly
plantation	plant ation
rehash	re hash
rallentando	rallentando
gloweringly	glower ing ly
softly	soft ly
modernism	modern ism
ghastliness	ghastly ness
joviality	jovial ity
fluorine	fluor ine
sybarite	Sybaris ite
vertebral	vertebra al
persuasion	persuade ion
variant	variant
remedial	remedy al
clarify	clear ify
narcotic	narcotic
gluttony	glutton y
unknowing	un knowing
entranced	entranced
temperamental	temperament al
wonder	wonder
thank	thank
distributor	distribute or
frigidness	frigid ness
marguerite	marguerite
boundary	bound ary
squiggly	squiggle y
utmost	utmost
paranoid	paranoid
mesmerize	mesmerism ize
idealize	ideal ize
scourge	scourge
reposeful	repose ful
snobbishness	snobbish ness
rubbery	rubber y
furlough	furlough
indecipherability	indecipherable ity
dejectedly	dejected ly
trigger	trigger
disrobe	dis robe
crap	crap
codling	codling
neutralization	neutralize ation
pursuit	pursuit
sardine	sardine
sinless	sin less
potholer	pothole er
aerobatics	aerobatic s
virgin	virgin
sparsely	sparse ly
discharge	discharge
lancers	lancers
flour	flour
scrap	scrap
final	final
infinitely	infinite ly
metabolize	metabolism ize
leprechaun	leprechaun
decompression	decompress ion
plosive	plosive
beloved	beloved
scrimshaw	scrimshaw
drearily	dreary ly
unmask	un mask
wherein	wherein
question	question
unbuckle	un buckle
diplomat	diplomat
inharmoniousness	inharmonious ness
homoeopathically	homoeopathic ally
proportions	proportions
spoon	spoon
prosaically	prosaic ally
number	number
investigator	investigate or
persecutor	persecute or
nonstop	nonstop
soaker	soak er
snobbishly	snobbish ly
domestically	domestic ally
hugely	huge ly
lesser	less er
obligation	oblige ation
clinically	clinical ly
gigantically	gigantic ally
fate	fate
zebra	zebra
stanza	stanza
disobligingly	disobliging ly
aft	aft
neither	neither
congestion	congest ion
procrastination	procrastinate ion
nervy	nerve y
booking	booking
guts	guts
electrocution	electrocute ion
expectation	expect ation
papyrus	papyrus
teller	tell er
gazelle	gazelle
auditory	audition ory
tod	tod
depravity	deprave ity
bribe	bribe
objurgation	objurgate ion
colourful	colour ful
proclamation	proclaim ation
honour	honour
diametrical	diameter ical
militaristically	militaristic ally
widowed	widow ed
pageant	pageant
paperhanger	paper hang er
adenoidally	adenoidal ly
dinginess	dingy ness
atheistical	atheist ical
reincarnation	reincarnate ion
roomy	room y
woman	woman
horizontally	horizontal ly
teem	teem
scatterbrained	scatter brain ed
superstitiously	superstitious ly
wandering	wandering
democratically	democratic ally
soulfulness	soulful ness
peregrination	peregrinate ion
curiosity	curious ity
uptown	uptown
ambassadorial	ambassador ial
platypus	platypus
inflatable	inflate able
butt	butt
rotten	rot en
throughout	throughout
tattler	tattle er
inconsequentiality	inconsequential ity
weightlessness	weightless ness
psychotic	psychotic
zoning	zoning
inexorably	inexorable ly
rival	rival
physiologist	physiology ist
functionalist	functionalist
consensus	consensus
downer	down er
shrewd	shrewd
microscopically	microscopic ally
harmlessly	harmless ly
overt	overt
envious	envy ous
corrective	correction ive
virginity	virgin ity
work	work
rodent	rodent
quaintly	quaint ly
gad	gad
marijuana	marijuana
buttery	butt ery
within	with in
hairiness	hairy ness
involuntariness	involuntary ness
bicycle	bicycle
lard	lard
notary	note ary
reconstitute	re constitute
consolidation	consolidate ion
scurry	scurry
clip	clip
superman	super man
peek	peek
spell	spell
attractiveness	attractive ness
paramour	paramour
fag	faggot
corporal	corporal
servo	servo
dishonourable	dishonour able
solemnly	solemn ly
rib	rib
ketchup	ketchup
predeterminer	pre determiner
concerned	concerned
dinosaur	dinosaur
wager	wage er
ellipse	ellipse
hear	hear
balcony	balcony
undertake	under take
leastwise	least wise
suitor	suit or
torrential	torrent ial
finitely	finite ly
bucketful	bucket ful
fay	fay
boggle	boggle
eagerly	eager ly
denunciation	denounce ation
abundantly	abundant ly
abdominal	abdomen al
bigotry	bigot ry
colonization	colonize ation
anna	anna
solicitously	solicitous ly
untangle	un tangle
bawdily	bawdy ly
malleability	malleable ity
indicator	indicate or
vale	vale
troth	troth
irrationality	irrational ity
lark	lark
deprecation	deprecate ion
inquirer	inquire er
thievishly	thievish ly
alternator	alternate or
briskness	brisk ness
reporter	report er
euphoric	euphoria ic
steed	steed
burnous	burnous
secularizer	secularize er
oblong	oblong
terpsichorean	terpsichorean
allegorically	allegorical ly
scolding	scolding
equivocally	equivocal ly
snootily	snooty ly
separator	separate or
peril	peril
plainly	plain ly
toffee	toffee
cunnilinctus	cunnilinctus
instructress	instructor ess
joylessness	joyless ness
pantingly	pant ing ly
adhesive	adhesion ive
organ	organ
ambivalently	ambivalent ly
impassive	im passion ive
persevering	persevering
tenuously	tenuous ly
catsup	catsup
bronchitic	bronchia ic
afloat	afloat
squabble	squabble
anthrax	anthrax
relish	relish
gruesomely	gruesome ly
accession	accede ion
bonesetter	bone set er
drown	drown
reed	reed
underbid	under bid
flier	fly er
paynim	paynim
disagreeable	disagree able
robustness	robust ness
kiss	kiss
underfed	under fed
asthmatic	asthma ic
thousandfold	thousandfold
endearingly	endearing ly
caucus	caucus
purport	purport
doge	doge
greenishness	greenish ness
lure	lure
evil	evil
mutably	mutable ly
laudatory	laud ory
substantiate	substance ate
emphatically	emphatic ally
awkwardness	awkward ness
proven	proven
centrally	central ly
drum	drum
guardianship	guardian ship
vindication	vindicate ion
latitudinarian	latitudinarian
harelipped	hare lip ed
side	side
sensibility	sensible ity
blighter	blight er
castle	castle
exclusiveness	exclusive ness
cabaret	cabaret
dodderingly	doddering ly
bruising	bruising
constrictor	constrict or
avocet	avocet
skein	skein
boomerang	boomerang
nope	nope
philistinism	philistine ism
solicitor	solicit or
psychosomatically	psychosomatic ally
cudgel	cudgel
hobnob	hobnob
lawfulness	lawful ness
variegation	variegate ion
remarkably	remarkable ly
elucidatory	elucidation ory
pasteurize	Pasteur ize
brilliantine	brilliant ine
hijacker	hijack er
takings	taking s
invincibly	invincible ly
diet	diet
graspingly	grasping ly
city	city
zenith	zenith
unevenly	un even ly
dewiness	dewy ness
rudimentary	rudiment ary
instantaneousness	instantaneous ness
mockingly	mocking ly
opprobriously	opprobrious ly
nil	nil
instrumentation	instrument ation
eye	eye
curio	curio
ordain	ordain
browse	browse
straightness	straight ness
forlornly	forlorn ly
broadcaster	broadcast er
declarable	declare able
reformer	reform er
educator	educate or
mechanize	mechanic ize
acceptability	acceptable ity
uppish	up ish
slumbrous	slumber ous
colourlessly	colourless ly
imposingly	imposing ly
law	law
comically	comic ally
identification	identify ation
lump	lump
convolute	convolute
jail	jail
parts	parts
indissoluble	in dissoluble
stammering	stammering
deceiver	deceive er
exploded	exploded
pertinently	pertinent ly
dross	dross
droplet	drop let
rehear	re hear
partial	part ial
karate	karate
chivy	chivy
tango	tango
fink	fink
speciously	specious ly
pricily	pricey ly
diverting	diverting
porpoise	porpoise
charger	charge er
disorganize	dis organize
contrarily	contrary ly
temptation	tempt ation
stainless	stain less
nonverbally	nonverbal ly
offing	off ing
strainer	strain er
commendatory	commendation ory
pitcher	pitch er
rightist	right ist
largely	large ly
hundredth	hundredth
perkiness	perky ness
automatically	automatic ally
extemporize	extempore ize
trustworthiness	trustworthy ness
toxic	toxin ic
bereft	bereft
sable	sable
virologist	virology ist
deucedly	deuced ly
spelt	spelt
blond	blond
kirsch	kirsch
pellucidly	pellucid ly
observatory	observation ory
embezzler	embezzle er
cola	cola
attainable	attain able
buffoonery	buffoon ery
tribune	tribune
neutralizer	neutralize er
legatee	legate ee
cornice	cornice
domination	dominate ion
chronicle	chronicle
theatre	theatre
praise	praise
vaccinate	vaccine ate
test	test
proofreader	proofread er
aspidistra	aspidistra
hog	hog
batch	batch
dictate	dictate
stow	stow
claw	claw
euphemistically	euphemistic ally
terracotta	terracotta
backbencher	backbench er
wash	wash
vague	vague
anchoress	anchorite ess
tamarisk	tamarisk
tastelessly	tasteless ly
wetly	wet ly
obstructiveness	obstructive ness
accrete	accrete
chord	chord
snug	snug
inclusively	inclusive ly
leave	leave
placenta	placenta
seventeenth	seventeenth
famed	fame ed
reforest	re forest
skinny	skin y
site	site
workmanship	workman ship
neat	neat
lightship	light ship
antibiotically	antibiotic ally
semaphore	semaphore
precognition	pre cognition
inmost	in most
cellar	cellar
tangle	tangle
move	move
heartlessness	heartless ness
bankruptcy	bankrupt cy
indulgence	indulgent ence
coat	coat
ace	ace
dissimilar	dis similar
classic	classic
pressurization	pressurize ation
groan	groan
challenger	challenge er
quarrelsome	quarrel some
candied	candied
joyfulness	joyful ness
stewardess	steward ess
pituitary	pituitary
unprejudiced	un prejudiced
documentary	document ary
jolly	jolly
poisonously	poisonous ly
despotically	despotic ally
unknown	un known
bowler	bowl er
stinker	stink er
abjection	abject ion
tempest	tempest
demon	demon
entrenched	entrenched
communicable	communicate able
starchy	starch y
release	release
pestle	pestle
unhinge	un hinge
pastor	pastor
shoal	shoal
donjon	donjon
humanistic	humanist ic
proximately	proximate ly
rights	rights
cheque	cheque
comb	comb
beget	be get
ceremoniously	ceremonious ly
sinkable	sink able
key	key
scurrility	scurrilous ity
creditor	credit or
banefully	baneful ly
admiring	admiring
sword	sword
pally	pall y
washable	wash able
superannuation	superannuate ion
interchangeably	interchangeable ly
lustiness	lusty ness
silly	silly
riveter	rivet er
cynically	cynical ly
integrated	integrated
stomachful	stomach ful
communion	commune ion
orchestrate	orchestra ate
dynamically	dynamic ally
tusk	tusk
statics	static s
quince	quince
inexactness	inexact ness
heckler	heckle er
unquestionably	unquestionable ly
compo	composition
sociologically	sociological ly
bug	bug
sticker	stick er
speediness	speedy ness
blameless	blame less
petitioner	petition er
dent	dent
coy	coy
recount	re count
hoaxer	hoax er
conditional	conditional
grimace	grimace
divergence	divergent ence
dishy	dish y
stupefaction	stupefy ion
earthy	earth y
confirmation	confirm ation
helplessly	helpless ly
presuming	presuming
satanically	satanic ally
maggoty	maggot y
lathery	lather y
rubberneck	rubberneck
bestiality	bestial ity
translation	translate ion
personable	person able
jubilant	jubilate ant
bubble	bubble
irately	irate ly
flinty	flint y
faulty	fault y
hogshead	hog s head
powerful	power ful
valueless	value less
overbid	overbid
megrim	megrim
chubbiness	chubby ness
harmoniously	harmonious ly
nightmarishness	nightmarish ness
neurologist	neurology ist
colloquial	colloquy al
peculiarity	peculiar ity
bombastically	bombastic ally
merciless	mercy less
savvy	savvy
penalize	penal ize
catchy	catch y
encompass	en compass
frigidity	frigid ity
wench	wench
disaffect	dis affect
leafage	leaf age
mining	mining
outcaste	out caste
intactness	intact ness
corruption	corrupt ion
incineration	incinerate ion
blindness	blind ness
talcum	talcum
unsex	un sex
immovably	immovable ly
celibacy	celibate cy
print	print
unconventional	un conventional
shallowness	shallow ness
accommodations	accommodations
gynaecologist	gynaecology ist
pandemic	pandemic
conspiratorial	conspirator ial
content	content
accommodatingly	accommodating ly
tracery	trace ery
shivery	shiver y
bitumen	bitumen
musket	musket
lightness	light ness
gesture	gesture
lather	lather
wrestle	wrestle
sleeve	sleeve
confidentially	confidential ly
certain	certain
freehand	freehand
staginess	stagy ness
sincerely	sincere ly
philanthropical	philanthropy ical
sunny	sun y
captivity	captive ity
jujitsu	jujitsu
roominess	roomy ness
ground	ground
politics	politic s
miserliness	miserly ness
stare	stare
pastrami	pastrami
vibration	vibrate ion
disyllabic	disyllable ic
mother	mother
winnings	winning s
friar	friar
window	window
raceme	raceme
nefariousness	nefarious ness
frightened	frightened
musketry	musket ry
numerically	numerical ly
episcopalian	episcopalian
howling	howling
hospitably	hospitable ly
wrinkly	wrinkle y
ducat	ducat
hydraulics	hydraulic s
sextette	sextette
disgraceful	disgrace ful
higher	higher
organism	organ ism
satanic	Satan ic
modesty	modest y
soundly	sound ly
miserly	miser ly
prefab	prefabrication
rerun	rerun
declaratory	declaration ory
mew	mew
rondo	rondo
ship	ship
composite	composite
journalism	journal ism
ghetto	ghetto
advisable	advise able
nett	nett
prickly	prickle y
auk	auk
inadvertently	inadvertent ly
jasmine	jasmine
successive	succession ive
hale	hale
insult	insult
forthrightness	forthright ness
frankfurter	Frankfurt er
stutteringly	stuttering ly
cannibal	cannibal
jumpily	jumpy ly
disjunction	dis junction
dexterously	dexterous ly
stubborn	stubborn
batiste	batiste
despicably	despicable ly
forge	forge
terrific	terrify ic
configuration	con figure ation
togetherness	together ness
warship	war ship
barring	barring
constructional	construction al
exhibit	exhibit
grimness	grim ness
kismet	kismet
licentiousness	licentious ness
cricket	cricket
musical	music al
paras	paratroops
effeteness	effete ness
peninsula	peninsula
explicitly	explicit ly
brake	brake
somehow	some how
incongruousness	incongruous ness
sash	sash
complainant	complain ant
underclothes	under clothes
scanty	scant y
rung	rung
must	must
cloudiness	cloudy ness
ethyl	ethyl
piteously	piteous ly
simper	simper
bathos	bathos
acclimatization	acclimatize ation
respectability	respectable ity
propagator	propagate or
inconceivable	in conceivable
ignition	ignite ion
declamatory	declamation ory
undated	un dated
heir	heir
lacrosse	lacrosse
underfloor	under floor
schooling	schooling
thane	thane
suppliant	suppliant
crucially	crucial ly
parer	pare er
surprising	surprising
informality	informal ity
quartering	quartering
makings	making s
vulnerability	vulnerable ity
shine	shine
early	early
lipid	lipid
musicianship	musician ship
transaction	transact ion
swordsmanship	swordsman ship
telegraphist	telegraph ist
harmattan	harmattan
entail	entail
atrocity	atrocious ity
sublimate	sublime ate
quarry	quarry
lunge	lunge
sluggishly	sluggish ly
undertaking	undertaking
tentativeness	tentative ness
egg	egg
mess	mess
vivacity	vivacious ity
kibosh	kibosh
pick	pick
sail	sail
jawbreaker	jaw break er
equably	equable ly
passionate	passion ate
generosity	generous ity
tedious	tedium ous
limit	limit
dispiritedly	dispirited ly
temperately	temperate ly
laughingly	laughing ly
feel	feel
prohibition	prohibit ion
concertina	concertina
hellishly	hellish ly
plentifully	plentiful ly
degenerate	degenerate
festal	feast al
totally	total ly
chill	chill
arduously	arduous ly
eccentricity	eccentric ity
sea	sea
accost	accost
lectern	lectern
truism	true ism
refutation	refute ation
wain	wain
purge	purge
owl	owl
brisket	brisket
ruinous	ruin ous
generalize	general ize
jungle	jungle
flaccid	flaccid
festivity	festive ity
perfidious	perfidy ous
ungrudging	un grudging
burglarize	burglar ize
mobile	mobile
camper	camp er
uncharitable	un charitable
fragility	fragile ity
liege	liege
listless	list less
solace	solace
experimentation	experiment ation
steps	steps
inextricably	inextricable ly
hoe	hoe
ready	ready
purgatory	purgation ory
capsule	capsule
sluggishness	sluggish ness
stocks	stocks
offence	offend ence
fashionable	fashion able
corruptly	corrupt ly
interchange	interchange
unkindly	unkind ly
resonator	resonate or
thousandth	thousandth
bisexuality	bisexual ity
dumbly	dumb ly
cad	cad
thickness	thick ness
coiffured	coiffure ed
fluidity	fluid ity
directorate	director ate
undomesticated	un domesticated
timeless	time less
thousand	thousand
lexical	lexicon al
teg	teg
disputable	dispute able
pale	pale
flatten	flat en
boastful	boast ful
premaritally	premarital ly
algebra	algebra
say	say
prudential	prudence ial
scruple	scruple
ream	ream
slobber	slobber
carnivorous	carnivore ous
perfumier	perfume ier
roneo	Roneo
discreetly	discreet ly
afoot	afoot
axle	axle
cleverness	clever ness
hazily	hazy ly
ulterior	ulterior
slinger	sling er
discontent	discontent
languorous	languor ous
oceanic	ocean ic
jewellery	jewel ery
elfishly	elfish ly
orchestral	orchestra al
prefix	pre fix
entresol	entresol
buff	buff
continuation	continue ation
pryingly	prying ly
jaggy	jag y
manned	manned
godlessness	godless ness
axiomatically	axiomatic ally
unlike	un like
complacently	complacent ly
suffragan	suffragan
telephotographic	telephotography ic
quibble	quibble
sphinx	sphinx
generally	general ly
yang	yang
nationalist	nationalist
professedly	professed ly
futurity	future ity
mishit	mishit
egoistical	egoist ical
shallowly	shallow ly
photographic	photograph ic
bureau	bureau
teeth	teeth
rustproof	rustproof
natural	natural
worrisome	worry some
mayoress	mayor ess
criminal	crime al
incoherence	incoherent ence
sureness	sure ness
crocodile	crocodile
incongruously	incongruous ly
reliably	reliable ly
bareheaded	bare head ed
ballooning	balloon ing
measured	measured
docker	dock er
dejected	dejected
event	event
knobby	knob y
dust	dust
casino	casino
yaw	yaw
deacon	deacon
kinky	kink y
curve	curve
raspingly	rasping ly
etymologist	etymology ist
assess	assess
literately	literate ly
respect	respect
evidence	evident ence
confidence	confident ence
receptionist	reception ist
bistro	bistro
costliness	costly ness
noiseless	noise less
trope	trope
unwarranted	un warranted
cartographer	cartography er
demonetize	de monetize
revitalize	re vitalize
parboil	parboil
arithmetician	arithmetic ian
criminal	criminal
membrane	membrane
vole	vole
vulgarization	vulgarize ation
rapist	rape ist
scrip	scrip
amusing	amusing
goodnight	goodnight
motherliness	motherly ness
dementedly	demented ly
hubbub	hubbub
unhealthy	un healthy
infatuate	in fatuous ate
frown	frown
deserter	desert er
namely	name ly
registration	register ation
betwixt	betwixt
agoraphobic	agoraphobic
seek	seek
shiftlessness	shiftless ness
dart	dart
dowse	dowse
dumper	dump er
rhymed	rhymed
pipes	bagpipes
cork	cork
pretence	pretend ence
crumple	crumple
terms	terms
lathi	lathi
exhibitionism	exhibition ism
libido	libido
dislike	dislike
jocose	jocose
dot	dot
golden	gold en
murderer	murder er
also	also
trustfully	trustful ly
travels	travels
rhythmically	rhythmical ly
pacifism	pacific ism
ovarian	ovary an
outmatch	out match
thanklessness	thankless ness
progressive	progress ive
straight	straight
moisturize	moisture ize
motions	motions
fez	fez
days	days
quern	quern
tunefulness	tuneful ness
sulks	sulk s
floss	floss
sands	sands
toupee	toupee
refraction	refract ion
cancerous	cancer ous
melodramatic	melodrama ic
unaccustomed	un accustomed
whiner	whine er
asexuality	asexual ity
amorousness	amorous ness
overtones	overtones
validate	valid ate
erection	erect ion
enjoyably	enjoyable ly
pinched	pinched
emotionally	emotional ly
charm	charm
psychoanalytical	psychoanalysis ical
distrust	dis trust
outdate	out date
appro	approval
indistinguishably	indistinguishable ly
manioc	manioc
sepulchral	sepulchre al
indexer	index er
cataract	cataract
stars	stars
gammon	gammon
township	town ship
insincere	in sincere
overhand	over hand
funniness	funny ness
spiral	spiral
beat	beat
ticking	tick ing
colonist	colony ist
ratter	rat er
spook	spook
variously	various ly
wizard	wizard
crusade	crusade
excitability	excitable ity
cheerful	cheer ful
ironclad	ironclad
squealer	squeal er
dumdum	dumdum
porterage	porter age
patrimonial	patrimony al
three	three
motor	motor
fifth	fifth
strikingly	striking ly
bright	bright
deleteriously	deleterious ly
lemon	lemon
yardage	yard age
viciousness	vicious ness
thickening	thickening
crushing	crushing
misgovern	mis govern
outlay	out lay
phantasmic	phantasm ic
sisterhood	sister hood
beauteously	beauteous ly
whys	why s
distributively	distributive ly
purebred	purebred
valid	valid
secretly	secret ly
singable	sing able
trippingly	tripping ly
mislay	mis lay
doctrinal	doctrine al
plumpness	plump ness
chrome	chrome
remould	re mould
allowable	allow able
fumbler	fumble er
staging	staging
wall	wall
stoneless	stone less
ayah	ayah
glue	glue
base	base
appellant	appellant
choppiness	choppy ness
surface	surface
professor	profess or
unadvisedly	unadvised ly
vindictively	vindictive ly
buckle	buckle
once	once
stuffing	stuffing
jaws	jaws
agriculturalist	agricultural ist
doc	doctor
wimple	wimple
jejunely	jejune ly
wheezy	wheeze y
inconsequential	in consequential
taker	take er
nineteenth	nineteen th
purposely	purpose ly
disturbed	disturbed
salt	salt
commendation	commend ation
hostel	hostel
medico	medico
superciliousness	supercilious ness
johnny	johnny
bitingly	biting ly
albumen	albumen
devastatingly	devastating ly
freely	free ly
mystically	mystical ly
longitudinal	longitude al
traditionalist	traditionalism ist
snappish	snap ish
mineralogist	mineralogy ist
drowsiness	drowsy ness
chock	chock
insularity	insular ity
abbot	abbot
shower	shower
believably	believable ly
eventually	eventual ly
whin	whin
tawdriness	tawdry ness
hiking	hiking
fountain	fountain
lateral	lateral
creativeness	creative ness
mosque	mosque
fixed	fixed
echo	echo
rote	rote
jeep	jeep
sericultural	sericulture al
noddle	noddle
refutable	refute able
turbulently	turbulent ly
ineluctably	ineluctable ly
barter	barter
cuirassier	cuirass ier
atrophy	atrophy
outwardly	outward ly
gamely	game ly
rapid	rapid
impersonator	impersonate or
angelical	angel ical
unceremonious	un ceremonious
parr	parr
induction	induct ion
equation	equate ion
laze	laze
costumier	costume ier
dull	dull
topographical	topography ical
hair	hair
hula	hula
shut	shut
indiscernible	in discernible
maize	maize
wedge	wedge
dismember	dis member
captain	captain
eightieth	eighty th
ambivalence	ambivalent ence
mutton	mutton
landau	landau
topically	topical ly
individual	individual
warble	warble
humdrum	humdrum
versify	verse ify
simoon	simoon
oven	oven
ulna	ulna
circumcision	circumcise ion
campaign	campaign
sporadically	sporadic ally
furiously	furious ly
bounciness	bouncy ness
paleographically	paleographic ally
blotch	blotch
fluently	fluent ly
foolhardiness	foolhardy ness
sapiently	sapient ly
shop	shop
ramble	ramble
carefulness	careful ness
scandalmongering	scandalmonger ing
comfrey	comfrey
sneaking	sneaking
invader	invade er
contentiously	contentious ly
plaice	plaice
moil	moil
vengeful	venge ful
complicated	complicated
yak	yak
regretful	regret ful
bate	bate
goof	goof
riveting	riveting
interrelationship	interrelation ship
gratifying	gratifying
perceptiveness	perceptive ness
gambling	gambling
sophist	sophism ist
ignominiously	ignominious ly
mellowness	mellow ness
strategically	strategic ally
fantastical	fantasy ical
tearing	tearing
incidence	incident ence
dolefully	doleful ly
egotism	ego ism
administration	administer ation
expressionism	expression ism
belt	belt
rerun	re run
arrest	arrest
sexagenarian	sexagenary ian
vituperation	vituperate ion
roasting	roasting
changeability	changeable ity
strangle	strangle
torridly	torrid ly
manoeuvrer	manoeuvre er
fifteenth	fifteenth
preview	pre view
quickness	quick ness
misinform	mis inform
challenge	challenge
flannels	flannels
extemporization	extemporize ation
clerk	clerk
selfishness	selfish ness
personification	personify ation
crosscheck	crosscheck
leucotomize	leucotomy ize
informant	inform ant
clarinet	clarinet
projectionist	projection ist
replay	replay
shorts	short s
coir	coir
chickenhearted	chicken heart ed
unrelentingly	unrelenting ly
pompously	pompous ly
profitably	profitable ly
unbearably	unbearable ly
scamper	scamp er
misguidedly	misguided ly
thug	thug
heterosexually	heterosexual ly
flitch	flitch
eldest	eldest
egoist	egoism ist
hack	hack
thrillingly	thrilling ly
exultant	exult ant
eft	eft
laurels	laurels
dipper	dip er
mourn	mourn
theft	theft
overcrop	over crop
vent	vent
medlar	medlar
rumble	rumble
swill	swill
provocative	provocation ive
phizog	phizog
eternity	eternal ity
unsparingly	unsparing ly
womanliness	womanly ness
directly	directly
dory	dory
gloom	gloom
sequel	sequel
starve	starve
childish	child ish
adaptation	adapt ation
luckiness	lucky ness
impressionable	impression able
booziness	boozy ness
priggishly	priggish ly
supernova	super nova
underlie	under lie
whey	whey
louringly	louring ly
tip	tip
speleological	speleology ical
toothsome	tooth some
paunch	paunch
lankness	lank ness
succubus	succubus
turbot	turbot
despicable	despise able
pluck	pluck
probing	probing
weather	weather
laughably	laughable ly
anopheles	anopheles
fledge	fledge
fundamentalist	fundamentalism ist
offertory	offer ory
thorn	thorn
proposer	propose er
horseshit	horseshit
angling	angling
whirr	whirr
meanderingly	meandering ly
sled	sled
incommensurable	in commensurable
flies	flies
steeple	steeple
indestructibility	indestructible ity
skateboarder	skateboard er
cage	cage
freighter	freight er
dishearten	dis hearten
revisionist	revisionism ist
practised	practised
gorgeousness	gorgeous ness
mortise	mortise
recruit	recruit
trainable	train able
trumpeter	trumpet er
drunk	drunk
salvage	salvage
interact	inter act
chancellery	chancellor ery
detestably	detestable ly
operatic	opera ic
mountaineer	mountaineer
acid	acid
orderly	order ly
pecker	peck er
scrappy	scrap y
swag	swag
teeter	teeter
stringy	string y
gaily	gay ly
crooner	croon er
shingly	shingle y
flannel	flannel
ablutions	ablutions
rejoinder	rejoin er
suzerainty	suzerain ty
anonymity	anonymous ity
waver	wave er
miscue	miscue
ladyship	lady ship
manhattan	manhattan
national	national
jangle	jangle
disapprove	dis approve
sumac	sumac
starveling	starve ling
befitting	befitting
blusterer	bluster er
boil	boil
significant	signify ant
rascal	rascal
storm	storm
marbles	marbles
adjectival	adjective al
ninety	nine ty
wigged	wig ed
connotative	connotation ive
frugality	frugal ity
mutability	mutable ity
dress	dress
sociability	sociable ity
rick	rick
intercommunicate	inter communicate
incomprehensibility	incomprehensible ity
beneficently	beneficent ly
noiselessness	noiseless ness
knockers	knockers
whop	whop
unschooled	un schooled
debtor	debt or
multiple	multiple
primal	prime al
drawl	drawl
dramatic	drama ic
slob	slob
unbridled	un bridled
wadding	wadding
rape	rape
tigerish	tiger ish
disprove	dis prove
merchandise	merchandise
puss	puss
forging	forging
maudlin	maudlin
absently	absent ly
hornet	hornet
donnishly	donnish ly
bilateralism	bilateral ism
thick	thick
misinterpretation	misinterpret ation
greenish	green ish
chummy	chum y
seasoning	seasoning
fornication	fornicate ion
esoterically	esoteric ally
renascence	renascent ence
gulp	gulp
motorcyclist	motorcycle ist
uncomfortable	un comfortable
expensively	expensive ly
characterization	characterize ation
tradesman	trade s man
examiner	examine er
decongestant	de congest ant
predicatively	predicative ly
sharply	sharp ly
masculinity	masculine ity
char	charwoman
distally	distal ly
redistribute	re distribute
outline	out line
irreproachably	irreproachable ly
aspirin	aspirin
beginner	begin er
nerves	nerves
riffle	riffle
walking	walking
bridge	bridge
wetness	wet ness
conkers	conkers
prepared	prepared
separate	separate
intermix	inter mix
malignancy	malignant ancy
stakes	stakes
sadistically	sadistic ally
pekoe	pekoe
gloatingly	gloat ing ly
greasy	grease y
infernally	infernal ly
ascendancy	ascendant ancy
collie	collie
numismatics	numismatic s
meddlesome	meddle some
cheapness	cheap ness
complainingly	complain ing ly
revoltingly	revolting ly
quoit	quoit
official	office ial
wine	wine
offset	offset
conjunction	conjoin ion
hexagonal	hexagon al
modern	modern
puffed	puffed
gaucho	gaucho
screening	screening
discipleship	disciple ship
centralize	central ize
aphasic	aphasia ic
prattle	prattle
muscatel	muscatel
sassy	sass y
health	heal th
incorrigible	in corrigible
smelliness	smelly ness
papery	paper y
catalpa	catalpa
muslin	muslin
tireless	tire less
nightmarishly	nightmarish ly
carpet	carpet
disallow	dis allow
tumescence	tumescent ence
tropics	tropics
inconspicuously	inconspicuous ly
spaciously	spacious ly
efflorescence	efflorescent ence
eighth	eight th
reduplicate	re duplicate
noninterference	non interference
untenable	un tenable
fraternize	fraternal ize
suggestion	suggest ion
moistness	moist ness
bohemian	bohemian
third	third
free	free
prostrate	prostrate
fennel	fennel
gate	gate
disincline	dis incline
swinger	swing er
sloe	sloe
discursively	discursive ly
rewards	rewards
exogamous	exogamy ous
delay	delay
loamy	loam y
amorphously	amorphous ly
principal	principle al
hereabouts	here about s
maidenly	maiden ly
elfishness	elfish ness
everlastingly	everlasting ly
facer	face er
gladly	glad ly
perplexity	perplex ity
leathery	leather y
paunchy	paunch y
articulated	articulated
client	client
quarters	quarters
inconsistent	in consistent
copeck	copeck
cumin	cumin
prize	prize
rouse	rouse
insipidity	insipid ity
cough	cough
bugger	bugger
shocker	shock er
insure	in sure
heftily	hefty ly
deadliness	deadly ness
flasher	flash er
kwacha	kwacha
scantiness	scanty ness
bairn	bairn
capital	capital
bracing	bracing
saint	saint
grudging	grudging
sifter	sift er
cumulatively	cumulative ly
regroup	re group
hotly	hot ly
acidulous	acidulate ous
stretcher	stretch er
deathly	deathly
overdraft	over draft
subcontinent	sub continent
uncover	un cover
tenderness	tender ness
literally	literal ly
elements	elements
grumbling	grumbling
credulousness	credulous ness
covert	covert
coequal	coequal
tardily	tardy ly
pang	pang
bundle	bundle
jocund	jocund
pitilessly	pitiless ly
ringlet	ring let
mods	moderations
sentimentalize	sentimental ize
parch	parch
generously	generous ly
wetting	wetting
frond	frond
ignite	ignite
tall	tall
guard	guard
evacuation	evacuate ion
strumpet	strumpet
convenience	convenient ence
nourish	nourish
automatic	automaton ic
reunite	re unite
enshrine	en shrine
frankly	frank ly
flawless	flaw less
encounter	encounter
engrossingly	engrossing ly
ail	ail
fullness	full ness
tweeter	tweet er
anthropomorphic	anthropomorphism ic
untiringly	untiring ly
redo	re do
unseasoned	un seasoned
eastward	eastward
recharge	re charge
crutch	crutch
curl	curl
designate	designate
trachea	trachea
ruination	ruin ation
girlie	girl ie
limn	limn
boundlessly	boundless ly
slanderer	slander er
unquestioned	un questioned
jockey	jockey
creeps	creeps
leeringly	leering ly
boundlessness	boundless ness
collective	collection ive
desecrate	de consecrate
allusive	allusion ive
halibut	halibut
feed	feed
popularly	popular ly
forebode	fore bode
nonconformity	non conformity
voyeuristically	voyeuristic ally
intro	introduction
plumb	plumb
falsies	false ie s
inevitability	inevitable ity
peremptorily	peremptory ly
trifle	trifle
hurricane	hurricane
insatiate	in satiate
ion	ion
maths	mathematics
orient	orient
conservatory	conservation ory
unpretentiousness	unpretentious ness
manometric	manometer ic
derequisition	de requisition
bellicose	bellicose
downtown	downtown
punchiness	punchy ness
cleanliness	cleanly ness
tepidity	tepid ity
outwork	out work
slavishly	slavish ly
eulogistic	eulogist ic
illume	illume
dictatorial	dictator ial
cease	cease
unbroken	un broken
giver	give er
exhalation	exhale ation
foolhardy	fool hard y
detention	detain ion
villeinage	villein age
paladin	paladin
infraction	infract ion
hurdler	hurdle er
trilingually	trilingual ly
llama	llama
broaden	broad en
much	much
bullheadedly	bullheaded ly
creakiness	creaky ness
thorny	thorn y
tamale	tamale
kitchen	kitchen
merge	merge
fitfully	fitful ly
shuck	shuck
rug	rug
bridle	bridle
mush	mush
muzzily	muzzy ly
waffle	waffle
fattiness	fatty ness
systematically	systematic ally
bayonet	bayonet
peaky	peak y
finding	finding
advert	advertisement
mummification	mummify ation
unfamiliar	un familiar
motley	motley
lovingly	loving ly
hobnailed	hobnail ed
flirtatiously	flirtatious ly
tumult	tumult
reportage	report age
tight	tight
sensationalist	sensationalism ist
tonic	tonic
compliant	comply ant
hasp	hasp
unplayable	un playable
showy	show y
dues	dues
wingless	wing less
cupola	cupola
alternatively	alternative ly
recriminatory	recrimination ory
comfy	comfortable y
equestrian	equestrian
chaperon	chaperon
anything	anything
brotherliness	brotherly ness
crypt	crypt
pinkish	pink ish
rollicking	rollicking
section	section
juice	juice
foreordain	fore ordain
lordliness	lordly ness
orison	orison
peacemaker	peace make er
sonny	son y
doer	do er
executive	executive
plate	plate
eventfulness	eventful ness
thievishness	thievish ness
heavyhearted	heavy heart ed
rouble	rouble
unmistakable	un mistakable
dislike	dis like
aphasic	aphasic
chlorination	chlorinate ion
respectable	respect able
defenceless	defence less
recollection	recollect ion
crib	crib
dumps	dumps
gerrymander	gerrymander
silence	silent ence
overflow	overflow
ritualistic	ritualist ic
luckless	luck less
gargoyle	gargoyle
leftist	leftist
splinter	splinter
success	success
manic	mania ic
discredit	discredit
adenoidal	adenoids al
clerihew	clerihew
vertebrate	vertebra ate
jig	jig
couth	couth
complaining	complaining
mayday	mayday
tangential	tangent ial
dozily	dozy ly
bud	bud
gorgeous	gorge ous
scene	scene
weirdness	weird ness
unutterable	un utterable
jingo	jingo
shell	shell
bewildering	bewildering
secularist	secularism ist
waxy	wax y
stripe	stripe
dissatisfy	dis satisfy
grape	grape
grumble	grumble
cattiness	catty ness
afore	afore
strapless	strap less
chug	chug
palace	palace
daunt	daunt
pedigree	pedigree
pupate	pupa ate
surrealist	surrealism ist
snowball	snowball
berry	berry
executive	execution ive
derby	derby
cosily	cosy ly
tunneller	tunnel er
realness	real ness
construe	construe
napkin	napkin
shadowboxing	shadowboxing
accord	accord
mod	mod
polysyllabic	polysyllable ic
solidus	solidus
disreputable	disrepute able
bisexual	bisexual
winning	winning
yield	yield
sloshed	sloshed
depiction	depict ion
hopeless	hope less
elliptically	elliptical ly
rejection	reject ion
remission	remit ion
alphabetical	alphabet ical
staggers	staggers
changeably	changeable ly
oligarch	oligarch
twelve	twelve
staunch	staunch
mundanely	mundane ly
usurp	usurp
watt	watt
miserable	misery able
vetch	vetch
whenever	whenever
deductive	deduction ive
transcendentally	transcendental ly
unconcerned	un concerned
tobacconist	tobacco ist
chieftainship	chieftain ship
discountenance	dis countenance
refill	refill
paternalistically	paternalistic ally
foreigner	foreign er
explanatory	explanation ory
bounds	bounds
unperson	un person
economically	economic ally
snappishly	snappish ly
questioningly	questioning ly
hireling	hire ling
logging	logging
sunbather	sunbathe er
unfortunate	unfortunate
doddery	dodder y
containerize	container ize
peace	peace
wrapping	wrapping
exceptional	exception al
blotter	blot er
jailer	jail er
tiara	tiara
pound	pound
cussedly	cussed ly
booster	boost er
mackintosh	mackintosh
eat	eat
usuriously	usurious ly
clan	clan
gullibly	gullible ly
ruminatively	ruminative ly
belligerence	belligerent ence
scoff	scoff
girlishness	girlish ness
holder	hold er
cumbersome	cumber some
rapacity	rapacious ity
seminar	seminar
syllabication	syllabicate ion
philologically	philological ly
photography	photograph y
indoor	in door
dismounted	dismounted
spunky	spunk y
economist	economy ist
cracksman	crack s man
spume	spume
cable	cable
deodorize	de odour ize
smilax	smilax
devotions	devotions
witching	witch ing
controversial	controversy al
ballistics	ballistic s
plankton	plankton
slimly	slim ly
disdainfully	disdainful ly
palaver	palaver
convener	convene er
rift	rift
jump	jump
zenithal	zenith al
formulaic	formula ic
permeation	permeate ion
reprehensibly	reprehensible ly
disconcertingly	disconcerting ly
knee	knee
moulding	moulding
bruiser	bruise er
dazedly	daze ed ly
restricted	restricted
stateside	stateside
roll	roll
cheat	cheat
lob	lob
mentally	mental ly
fatherhood	father hood
inequity	in equity
comfortless	comfort less
vaporization	vaporize ation
mangle	mangle
imminence	imminent ence
aspen	aspen
overnight	over night
sharpshooter	sharp shoot er
incision	incise ion
mongol	mongol
palatially	palatial ly
weakly	weak ly
fordable	ford able
gob	gob
church	church
draught	draught
vividly	vivid ly
fervently	fervent ly
cardigan	cardigan
tame	tame
endurable	endure able
knoll	knoll
injurious	injury ous
crore	crore
cotton	cotton
savoy	savoy
umpire	umpire
four	four
endlessly	endless ly
spring	spring
conclave	conclave
catch	catch
infrequently	infrequent ly
salient	salient
renascent	re nascent
outre	outre
adventurer	adventure er
roguishly	roguish ly
utter	utter
puritan	puritan
nervous	nerve ous
onus	onus
dumpling	dump ling
soberly	sober ly
vertebra	vertebra
streamlined	streamlined
costing	costing
myrmidon	Myrmidon
immediately	immediately
scold	scold
desegregation	desegregate ion
mince	mince
heroine	hero ine
carat	carat
tenaciously	tenacious ly
chancy	chance y
rusticity	rustic ity
nocturnally	nocturnal ly
band	band
motto	motto
resuscitation	resuscitate ion
monotheistic	monotheism ic
outlaw	out law
joyfully	joyful ly
ringside	ringside
alluring	alluring
empurpled	em purple ed
accidental	accident al
creole	creole
misfire	misfire
devilish	devilish
betrothed	betrothed
laconism	laconic ism
teat	teat
sulphuretted	sulphuretted
ambitious	ambition ous
dynamo	dynamo
casuistical	casuist ical
doubtless	doubt less
distension	distend ion
duet	duet
sojourn	sojourn
inattentiveness	inattentive ness
secure	secure
canonize	canon ize
fearfully	fearful ly
deplorable	deplore able
spectral	spectre al
unblushing	un blushing
yen	yen
freebooter	free boot er
symbolic	symbol ic
marten	marten
malarial	malaria al
dovetail	dovetail
mousse	mousse
panga	panga
morbidity	morbid ity
roman	Rome an
undersign	under sign
brew	brew
gallon	gallon
downwind	downwind
exploitation	exploit ation
computer	compute er
shuffler	shuffle er
reprovingly	reproving ly
yew	yew
quadrilateral	quadrilateral
stash	stash
calcine	calcium ine
metamorphic	meta morph ic
prorogation	prorogue ation
wreathe	wreath
foot	foot
evanescence	evanescent ence
diabetic	diabetes ic
tuck	tuck
confirmed	confirmed
tickler	tickle er
spikenard	spikenard
idylic	idyll ic
alumnus	alumnus
silence	silence
fairish	fair ish
league	league
geographically	geographical ly
naval	navy al
spidery	spider y
closely	close ly
trepan	trepan
parachute	parachute
screed	screed
conviviality	convivial ity
amplify	ample ify
sottishly	sottish ly
repentantly	repentant ly
spore	spore
repentant	repentant
impeller	impel er
pomp	pomp
railroad	railroad
flavour	flavour
this	this
formally	formal ly
strangeness	strange ness
inexpiably	inexpiable ly
bunk	bunk
armful	arm ful
magnificently	magnificent ly
cahoots	cahoots
puncher	punch er
hideously	hideous ly
lynx	lynx
directive	direction ive
moodily	moody ly
temper	temper
fable	fable
thesaurus	thesaurus
replaceable	replace able
disharmonious	disharmony ous
remind	re mind
introvert	introvert
kimono	kimono
effusion	effuse ion
mutter	mutter
contusion	contuse ion
barely	bare ly
snarl	snarl
divisiveness	divisive ness
usurer	usury er
louvred	louvre ed
showily	showy ly
lusciously	luscious ly
commemorative	commemoration ive
credulity	credulous ity
palliative	palliative
phut	phut
devil	devil
spectacled	spectacle ed
flue	flue
beardless	beard less
bolster	bolster
impracticably	impracticable ly
rendering	rendering
pitiful	pity ful
styrene	styrene
reproach	reproach
bloomers	bloomer s
potent	potent
youthfulness	youthful ness
captivate	captive ate
wrongfully	wrongful ly
royally	royal ly
crying	crying
bloater	bloat er
blouse	blouse
temperateness	temperate ness
stroll	stroll
totter	totter
benighted	be night ed
printer	print er
finalist	final ist
nullify	null ify
bun	bun
flatness	flat ness
bottle	bottle
wallaby	wallaby
raisin	raisin
defeatism	defeat ism
showing	showing
midway	midway
leguminous	legume ous
evidence	evidence
rest	rest
precipitately	precipitate ly
humanist	humanist
whorled	whorl ed
badly	bad ly
herbal	herb al
tufted	tuft ed
floor	floor
divot	divot
wallow	wallow
prey	prey
shank	shank
clarinettist	clarinet ist
dative	dative
lush	lush
praline	praline
alimentary	aliment ary
hope	hope
politely	polite ly
ribaldry	ribald ry
vicissitude	vicissitude
soap	soap
elaboration	elaborate ion
goer	go er
forenoon	fore noon
allopathic	allopathy ic
wrought	wrought
doll	doll
sensory	sense ory
daily	day ly
blender	blend er
moo	moo
combustion	combust ion
greed	greed
gusher	gush er
pocket	pocket
circularize	circular ize
dangle	dangle
disgorge	dis gorge
cheapen	cheap en
formalist	formalist
langur	langur
instruction	instruct ion
improvidently	improvident ly
dishful	dish ful
altruist	altruism ist
disable	dis able
reckoning	reckoning
personalization	personalize ation
boys	boys
ransom	ransom
hornlike	horn like
return	return
slatted	slat ed
windcheater	wind cheat er
principled	principle ed
arena	arena
elevator	elevate or
conceivable	conceive able
sketcher	sketch er
inboard	in board
verruca	verruca
precedented	precedent ed
clerically	clerical ly
unscripted	un scripted
popery	pope ery
mizzle	mizzle
cretinous	cretin ous
schnorkel	schnorkel
constitutionalize	constitutional ize
crudely	crude ly
alkali	alkali
conceivably	conceivable ly
disastrously	disastrous ly
driveller	drivel er
sociologist	sociology ist
western	western
whopper	whop er
woolliness	woolly ness
tallow	tallow
insensate	in sense ate
incontinent	in continent
obligatory	obligation ory
chemically	chemical ly
blabber	blab er
nous	nous
tensely	tense ly
hush	hush
splodge	splodge
authoress	author ess
definable	define able
cryptographic	cryptography ic
mad	mad
jittery	jitters y
aesthetically	aesthetic ally
goal	goal
rub	rub
unbecomingly	unbecoming ly
uselessly	useless ly
rood	rood
runnel	runnel
hypo	hypo
finable	fine able
sectarianism	sectarian ism
doltish	dolt ish
affray	affray
lavender	lavender
effectives	effective s
untowardness	untoward ness
sprinkle	sprinkle
slighting	slighting
restively	restive ly
acorn	acorn
stanch	stanch
worker	work er
pertinaciously	pertinacious ly
ichneumon	ichneumon
demarcation	demarcate ion
drab	drab
abrasively	abrasive ly
carry	carry
prohibitionist	prohibition ist
becalmed	be calm ed
otherwise	other wise
nativity	native ity
reproachful	reproach ful
pasty	pasty
enkindle	en kindle
hearken	hark en
pronounceable	pronounce able
innocence	innocent ence
aggravate	ag grave ate
gingerly	ginger ly
preparation	prepare ation
inexpressibly	inexpressible ly
broccoli	broccoli
pissed	pissed
lath	lath
utopian	utopia an
helm	helm
gland	gland
vitamin	vitamin
justness	just ness
magus	magus
abstruseness	abstruse ness
slippy	slip y
geisha	geisha
illustriously	illustrious ly
wise	wise
thrill	thrill
inflexibly	inflexible ly
inaptness	inapt ness
shimmer	shimmer
beer	beer
practician	practise ian
brassy	brass y
polygamist	polygamy ist
hartebeest	hartebeest
collusion	collude ion
unquestioning	un questioning
bleat	bleat
sideslip	sideslip
tungsten	tungsten
chin	chin
convulsion	convulse ion
haze	haze
musically	musical ly
races	races
anachronistically	anachronistic ally
trendiness	trendy ness
exiguousness	exiguous ness
strategic	strategy ic
scroll	scroll
swimming	swimming
morphological	morphology ical
methodologically	methodological ly
mammal	mammal
succeed	succeed
peg	peg
croon	croon
tepee	tepee
relentless	relent less
realistically	realistic ally
quintessentially	quintessential ly
supinely	supine ly
bracelets	bracelets
racism	race ism
copulative	copulative
brand	brand
miller	mill er
ghee	ghee
twirler	twirl er
tuner	tune er
dolorous	dolour ous
footle	footle
unman	un man
officiously	officious ly
innately	innate ly
hormone	hormone
imperfection	imperfect ion
lengthy	length y
poetry	poet ry
ethnographic	ethnography ic
pacifically	pacific ally
pulp	pulp
schema	schema
sextuplet	sextuplet
minim	minim
commercialism	commercial ism
evaluate	e value ate
unbecoming	un becoming
alliance	ally ance
groundlessly	groundless ly
affected	affected
revise	revise
disorder	dis order
incrementally	incremental ly
wound	wound
demob	demob
aseptically	aseptic ally
roomer	room er
disoblige	dis oblige
wordless	word less
ladder	ladder
sartorially	sartorial ly
safecracker	safe crack er
remarkable	remark able
sombreness	sombre ness
tactful	tact ful
kurus	kurus
lechery	lecher ery
coatee	coat ee
polygamous	polygamy ous
isolationism	isolation ism
shawl	shawl
helmet	helmet
fold	fold
wold	wold
squander	squander
faultily	faulty ly
idiotically	idiotic ally
unprincipled	un principled
consulate	consul ate
incontestable	in contestable
pregnancy	pregnant ancy
inedibly	inedible ly
step	step
subnormal	subnormal
honorific	honorific
eccentric	eccentric
zealousness	zealous ness
leakiness	leaky ness
affix	affix
nick	nick
contraindicated	contraindicated
deification	deify ation
caravanning	caravanning
enable	en able
seconds	second s
meanie	mean ie
subnormal	sub normal
conversational	conversation al
tuberculous	tubercle ous
contented	contented
pardon	pardon
eight	eight
adamant	adamant
tension	tense ion
tenon	tenon
curative	curative
stew	stew
psychedelic	psychedelic
reputably	reputable ly
elusiveness	elusive ness
disproportion	dis proportion
conic	cone ic
coign	coign
eligibly	eligible ly
joinery	join ery
regretfulness	regretful ness
mistrustfully	mistrustful ly
goddess	god ess
healthiness	healthy ness
apostate	apostasy ate
swat	swat
smacker	smack er
illustrative	illustration ive
occasionally	occasional ly
accommodation	accommodate ion
chump	chump
struggle	struggle
thermal	therm al
captiously	captious ly
telephone	telephone
convivially	convivial ly
mileage	mile age
insensitively	insensitive ly
fruitlessness	fruitless ness
tinker	tinker
amiably	amiable ly
oafishness	oafish ness
indigence	indigent ence
aid	aid
companionable	companion able
oval	oval
ultimo	ultimo
contender	contend er
null	null
decimalize	decimal ize
reinforce	re enforce
realtor	realty or
neap	neap
biped	biped
voluntary	volunteer ary
halo	halo
coloured	coloured
cower	cower
slog	slog
mildness	mild ness
unease	un ease
encircle	en circle
grower	grow er
mare	mare
calibration	calibrate ion
imbecile	imbecile
bridal	bride al
rag	rag
hymen	hymen
conformation	conform ation
mercilessly	merciless ly
comparable	compare able
ponderables	ponderable s
forbearing	forbearing
briar	briar
ownership	owner ship
dose	dose
remilitarize	re militarize
overdose	over dose
majestical	majesty ical
owner	own er
woodenly	wooden ly
apoplectic	apoplexy ic
inferior	inferior
folklorist	folklore ist
cinch	cinch
daily	daily
obsolescence	obsolescent ence
rumbling	rumbling
instructor	instruct or
hospitalize	hospital ize
horned	horn ed
mannerism	manner ism
greeting	greeting
roamer	roam er
peep	peep
utterable	utter able
preachify	preach ify
please	please
marshal	marshal
significative	signification ive
tributary	tribute ary
gossip	gossip
preparedness	prepared ness
profoundly	profound ly
melon	melon
sequin	sequin
toughie	tough ie
eighteen	eighteen
custodial	custody al
remake	re make
impetuosity	impetuous ity
fleshy	flesh y
barouche	barouche
sabre	sabre
unsexed	unsexed
woof	woof
morphine	morphia ine
ale	ale
pursue	pursue
religious	religious
den	den
gratis	gratis
standoffishly	standoffish ly
cragged	crag ed
thread	thread
comeliness	comely ness
flail	flail
slips	slips
snicker	snicker
inside	inside
authoritarianism	authoritarian ism
acrobatic	acrobat ic
phallic	phallus ic
prognosticator	prognosticate or
unlawful	un lawful
manful	man ful
lands	lands
flesh	flesh
bougainvillaea	bougainvillaea
knitting	knitting
prescribed	prescribed
pretended	pretended
expressionist	expressionism ist
tiresomely	tiresome ly
tranquilly	tranquil ly
chambers	chambers
keeps	keep s
brown	brown
impulse	impulse
amazing	amazing
underhung	under hung
ditto	ditto
lengthen	length en
creel	creel
insulator	insulate or
better	better
advances	advances
upmost	upmost
forehand	fore hand
foresight	fore sight
gods	gods
bop	bebop
anthropoid	anthropoid
sip	sip
hideousness	hideous ness
pointer	point er
dewy	dew y
dearest	dearest
nark	nark
dismally	dismal ly
compressibility	compressible ity
impassioned	impassioned
snuffle	snuffle
venomously	venomous ly
analytical	analysis ical
nosedive	nosedive
prettily	pretty ly
feebleminded	feeble mind ed
refugee	refuge ee
aristocratically	aristocratic ally
formlessly	formless ly
copyholder	copyhold er
archetypal	archetype al
archaism	archaic ism
plump	plump
aunt	aunt
carcass	carcass
hockey	hockey
spirit	spirit
roup	roup
trusty	trusty
demonstration	demonstrate ion
unionize	union ize
dalmatian	Dalmatia an
chirpiness	chirpy ness
tobacco	tobacco
eyelet	eye let
revengeful	revenge ful
attitudinize	attitude ize
charmer	charm er
schizophrenically	schizophrenic ally
caster	cast er
vivaciously	vivacious ly
sprawl	sprawl
whiff	whiff
counterfeiter	counterfeit er
osteopathy	osteopath y
disputation	dispute ation
intercession	intercede ion
myopically	myopic ally
ice	ice
blooming	bloom ing
aperient	aperient
canvas	canvas
vie	vie
fuller	full er
dabs	dab s
heck	heck
quarterly	quarter ly
guilefully	guileful ly
palatable	palate able
marriage	marry age
commissioner	commission er
unalienable	un alienable
sedulously	sedulous ly
insultingly	insulting ly
sentinel	sentinel
summarily	summary ly
repairable	repair able
buzzer	buzz er
experiment	experiment
treacherous	treachery ous
seductive	seduction ive
immutability	immutable ity
fussiness	fussy ness
perennially	perennial ly
fairness	fair ness
her	her
industriously	industrious ly
ownerless	owner less
reconsideration	reconsider ation
protraction	protract ion
recentness	recent ness
checkmate	checkmate
fancily	fancy ly
canteen	canteen
myrrh	myrrh
libellous	libel ous
introversion	introvert ion
westerner	western er
shaky	shake y
illiteracy	illiterate cy
bastinado	bastinado
uniqueness	unique ness
notarize	notary ize
anteater	ant eater
offstage	offstage
resentful	resent ful
fundamentally	fundamental ly
effects	effects
relay	re lay
lyric	lyric
chestnut	chestnut
reforestation	reforest ation
clannishness	clannish ness
autobiographical	autobiography ical
commodiously	commodious ly
retired	retired
complicatedness	complicated ness
paints	paints
teleologist	teleology ist
attributive	attribute ive
nosh	nosh
retouch	re touch
interaction	interact ion
metaphorically	metaphorical ly
insurmountable	in surmountable
chatter	chat er
hymnal	hymn al
filmy	film y
incubation	incubate ion
complexity	complex ity
reasonableness	reasonable ness
dobbin	dobbin
seamer	seam er
trafficker	traffic er
urbanization	urbanize ation
hose	hose
invite	invitation
depilatory	depilatory
harmoniousness	harmonious ness
signification	signify ation
toy	toy
enormous	enormity ous
rubbish	rubbish
transcendentalist	transcendentalism ist
nirvana	nirvana
gudgeon	gudgeon
pusher	push er
passable	pass able
purl	purl
radio	radio
decadent	decadent
meliorism	meliorate ism
standing	standing
graphics	graphic s
longish	long ish
brae	brae
surefootedly	surefooted ly
freakishly	freakish ly
deceptively	deceptive ly
bloke	bloke
frilly	frill y
repossession	repossess ion
roguish	rogue ish
confined	confined
causality	causal ity
provincially	provincial ly
moderator	moderate or
beetling	beetling
noisy	noise y
crustily	crusty ly
inflamed	inflamed
childishly	childish ly
uneconomical	un economical
responsiveness	responsive ness
overhear	over hear
tilth	till th
today	today
popadum	popadum
aimlessly	aimless ly
smithy	smith y
outplay	out play
pious	pious
retriever	retrieve er
inviolable	in violable
journalistically	journalistic ally
ambassadress	ambassador ess
dugong	dugong
indefiniteness	indefinite ness
arquebus	arquebus
seedily	seedy ly
hyperbolical	hyperbola ical
corporately	corporate ly
foolishly	foolish ly
spavin	spavin
rhetorical	rhetoric al
adorn	adorn
rhythmic	rhythm ic
sinner	sin er
feasibility	feasible ity
daydream	daydream
hassle	hassle
ism	ism
sincere	sincere
inorganic	in organic
ribbon	ribbon
corrosively	corrosive ly
recess	recess
bungler	bungle er
penuriously	penurious ly
philosophic	philosophy ic
presentably	presentable ly
dresser	dress er
lunch	lunch
oak	oak
cyclostyle	cyclostyle
obstructionist	obstructionism ist
intact	intact
incomplete	in complete
inscrutably	inscrutable ly
noticeable	notice able
drove	drove
beguiling	beguiling
correctness	correct ness
directness	direct ness
narcissist	narcissism ist
beginning	beginning
elevation	elevate ion
glut	glut
overawe	over awe
canton	canton
beefy	beef y
meaningfully	meaningful ly
imperturbably	imperturbable ly
fetishist	fetishist
insulation	insulate ion
invitingly	inviting ly
splits	splits
prestressed	pre stressed
minutely	minute ly
place	place
plenteousness	plenteous ness
jocosely	jocose ly
train	train
campaigner	campaign er
disintegrate	dis integrate
assassinate	assassin ate
immodestly	immodest ly
negative	negative
assuage	assuage
impulsively	impulsive ly
boned	boned
booby	boob y
junkie	junk ie
subdivision	subdivide ion
obstructionism	obstruction ism
ineligibility	ineligible ity
forecast	fore cast
advanced	advanced
experience	experience
incorrigibility	incorrigible ity
freewheeling	freewheeling
whites	white s
amortization	amortize ation
aesthetics	aesthetic s
punk	punk
procreation	procreate ion
ditch	ditch
savage	savage
counterplot	counterplot
sin	sin
suet	suet
courageously	courageous ly
hum	hum
understudy	understudy
dowsing	dowsing
rearrange	re arrange
rarity	rare ity
mellow	mellow
hurray	hurray
drily	dry ly
contumelious	contumely ous
parasitical	parasite ical
decompress	de compress
expo	exposition
assay	assay
smuggler	smuggle er
orphan	orphan
onwards	onward s
overcast	over cast
john	john
prosperity	prosperous ity
incompetence	incompetent ence
ungratefully	ungrateful ly
reminiscences	reminiscences
introspective	introspection ive
dacoity	dacoit y
conch	conch
congruently	congruent ly
glutton	glutton
winch	winch
kudos	kudos
marshy	marsh y
compartmentalize	compartmental ize
statuary	statue ary
tack	tack
innumerable	in numerable
chiffonier	chiffon ier
distribution	distribute ion
casing	casing
malcontent	malcontent
saunterer	saunter er
spotless	spot less
type	type
incarnate	incarnate
suitableness	suitable ness
extension	extend ion
unremittingly	unremitting ly
about	about
disavowal	disavow al
crispy	crisp y
direfully	direful ly
matriarchal	matriarch al
receivable	receive able
none	none
offhanded	offhand ed
least	least
litterateur	litterateur
heterodoxy	heterodox y
integrate	integer ate
studiously	studious ly
redundantly	redundant ly
dour	dour
tenderly	tender ly
incarceration	incarcerate ion
sublime	sublime
powerfully	powerful ly
extract	extract
forefoot	fore foot
subordination	subordinate ion
palmy	palm y
enviable	envy able
caboose	caboose
chow	chow
stork	stork
vaulting	vaulting
hoyden	hoyden
intensify	intense ify
prestidigitator	prestidigitation or
greens	greens
speeding	speeding
crimson	crimson
unanswered	un answered
galleon	galleon
dispassionately	dispassionate ly
present	present
thievish	thief ish
personalty	personal ty
doggone	doggone
underworld	under world
churchgoer	church go er
presents	present s
workableness	workable ness
clout	clout
soil	soil
reparations	reparations
bongo	bongo
genitals	genital s
mocking	mocking
groggily	groggy ly
mythologist	mythology ist
institutional	institution al
biscuit	biscuit
chipping	chip ing
nameless	name less
romper	romp er
misanthropy	misanthrope y
acidulated	acidulated
causal	cause al
cunt	cunt
torrent	torrent
overbear	over bear
federalist	Federalist
unpleasant	un pleasant
bursary	bursar y
mitre	mitre
ornamentation	ornament ation
burden	burden
veined	vein ed
technician	technique ian
helping	helping
amputation	amputate ion
fabrication	fabricate ion
alcohol	alcohol
crash	crash
nonaligned	non aligned
pompous	pomp ous
irremediably	irremediable ly
observingly	observing ly
sleepiness	sleepy ness
palmistry	palmist ry
aggregation	aggregate ion
propellant	propellant
splice	splice
freckled	freckle ed
protectively	protective ly
numeral	numeral
topaz	topaz
surely	sure ly
militarist	militarism ist
carriage	carry age
pus	pus
freethinker	free thinker
geographer	geography er
proprietor	propriety or
emphysema	emphysema
pitilessness	pitiless ness
endless	end less
grovel	grovel
bast	bast
expectant	expect ant
salutation	salute ation
fibre	fibre
shipment	ship ment
chairmanship	chairman ship
bilabial	bilabial
probe	probe
coastwise	coastwise
factor	factor
mortality	mortal ity
jay	jay
itchy	itch y
theological	theology ical
downhill	downhill
buffer	buffer
swindle	swindle
preciosity	precious ity
stoolie	stool ie
transversely	transverse ly
muddiness	muddy ness
sheldrake	sheldrake
witticism	witty ism
outbalance	out balance
root	root
occasional	occasion al
sophisticate	sophisticate
nonsensical	nonsense ical
porcelain	porcelain
foulness	foul ness
downstream	downstream
straggler	straggle er
relic	relic
emphatic	emphasis ic
softener	soften er
successively	successive ly
swingeing	swingeing
unattached	un attached
superficially	superficial ly
flightless	flight less
thirstily	thirsty ly
vermifuge	vermifuge
inaccuracy	inaccurate cy
beach	beach
urinate	urine ate
manna	manna
neighbourliness	neighbourly ness
sensor	sense or
elegiacal	elegy al
reliability	reliable ity
sphincter	sphincter
tastefulness	tasteful ness
extraneously	extraneous ly
delve	delve
box	box
moth	moth
navigable	navigate able
beery	beer y
provider	provide er
brothel	brothel
excruciatingly	excruciating ly
wanker	wank er
lay	lay
untimely	un timely
double	double
derogation	derogate ion
forgetfulness	forgetful ness
mighty	might y
atheist	atheism ist
ornamentally	ornamental ly
thankfulness	thankful ness
overprint	overprint
punily	puny ly
mandragora	mandragora
undock	un dock
psychotically	psychotic ally
adolescent	adolescent
description	describe ion
thrall	thrall
declaration	declare ation
contingently	contingent ly
grotto	grotto
journalist	journalism ist
rotary	rotary
antiquated	antiquated
clank	clank
blather	blather
unhappily	unhappy ly
willingly	willing ly
shocking	shocking
strolling	strolling
enforceable	enforce able
infra	infra
frumpy	frump y
briskly	brisk ly
calendar	calendar
pastel	pastel
ibex	ibex
fewness	few ness
ancestral	ancestor al
solver	solve er
stammeringly	stammering ly
secretiveness	secretive ness
missus	missus
uninhibitedly	uninhibited ly
undernourish	under nourish
vulgarity	vulgar ity
marvellous	marvel ous
negotiation	negotiate ion
mirthfully	mirthful ly
glowing	glowing
tubful	tub ful
shun	shun
unthinkable	un thinkable
confectioner	confection er
kinship	kin ship
cheerless	cheer less
disassociate	dis associate
fret	fret
eradicable	eradicate able
upholder	uphold er
fibula	fibula
demoralize	de moral ize
squashiness	squashy ness
amaze	amaze
inconstant	in constant
besiege	be siege
chiropractor	chiropractic or
laboriousness	laborious ness
novitiate	novice ate
swoon	swoon
indulgently	indulgent ly
griddle	griddle
pitifully	pitiful ly
sighting	sighting
gavotte	gavotte
brim	brim
grieve	grieve
desperado	desperado
pin	pin
possibly	possible ly
explorative	exploration ive
bifurcate	bifurcate
palsy	palsy
strip	strip
parry	parry
ivy	ivy
frill	frill
excitedly	excited ly
piper	pipe er
regnant	reign ant
provably	provable ly
inhabitable	inhabit able
phalarope	phalarope
bonus	bonus
reinsure	re insure
lilt	lilt
preliterate	pre literate
bedeck	be deck
relive	re live
italic	italic
cohesive	cohesion ive
parity	par ity
writings	writings
admission	admit ion
pig	pig
formalism	formal ism
prepossessing	prepossessing
illegality	illegal ity
discompose	dis compose
adviser	advise er
haven	haven
striking	striking
thirdly	third ly
chronicler	chronicle er
toots	toots
delicately	delicate ly
pawkiness	pawky ness
martini	martini
curdle	curdle
selectively	selective ly
concomitantly	concomitant ly
freeload	free load
emotion	emote ion
aquaplane	aquaplane
wrist	wrist
theosophist	theosophy ist
draughts	draughts
mascot	mascot
chinless	chin less
puff	puff
deceit	deceit
resinate	resin ate
infatuated	infatuated
assessor	assess or
goofy	goof y
cove	cove
damp	damp
confusedly	confused ly
millinery	milliner ery
elaborately	elaborate ly
weediness	weedy ness
sulphonamide	sulphonamide
peevishly	peevish ly
uncompromisingly	uncompromising ly
steady	steady
arbitrariness	arbitrary ness
hop	hop
venison	venison
mahout	mahout
pottage	pot age
iniquitous	iniquity ous
priggishness	priggish ness
medication	medicate ion
unkind	un kind
plurality	plural ity
teeming	teeming
hoist	hoist
paroxysm	paroxysm
cruise	cruise
fluster	fluster
slalom	slalom
dreamlessly	dreamless ly
eminently	eminent ly
reason	reason
seventieth	seventy th
second	second
shack	shack
safeguard	safeguard
indefinably	indefinable ly
appear	appear
poky	poke y
yachtsman	yacht s man
shopping	shopping
prenatally	prenatal ly
staff	staff
futurism	future ism
rearward	rearward
index	index
churlishness	churlish ness
mourner	mourn er
undermine	under mine
roughshod	roughshod
delouse	de louse
cousinly	cousin ly
residual	residue al
masturbation	masturbate ion
quagga	quagga
cynicism	cynic ism
fact	fact
incapability	incapable ity
narrative	narration ive
council	council
fermentation	ferment ation
forte	forte
merchant	merchant
pilchard	pilchard
either	either
sociably	sociable ly
fin	fin
specs	spectacles
cinema	cinema
doleful	dole ful
mutuality	mutual ity
ungenerous	un generous
feline	feline
swinishly	swinish ly
scummy	scum y
amalgamation	amalgamate ion
viably	viable ly
fevered	fever ed
primula	primula
paramount	paramount
sweater	sweat er
dynast	dynast
spry	spry
amicably	amicable ly
scandalous	scandal ous
heedfully	heedful ly
disunion	dis union
audition	audit ion
fecundity	fecund ity
nineteenth	nineteenth
venomed	venom ed
younger	younger
vestry	vest ry
nitric	nitre ic
handiness	handy ness
weirdly	weird ly
agelessness	ageless ness
thanklessly	thankless ly
researcher	research er
raggedness	ragged ness
toiler	toil er
perniciousness	pernicious ness
magnification	magnify ation
tripper	trip er
calligrapher	calligraphy er
staidness	staid ness
stodgy	stodge y
semolina	semolina
ordered	ordered
redistribution	redistribute ion
snipe	snipe
mnemonic	mnemonic
scamper	scamper
buhl	buhl
nugget	nugget
pathological	pathology ical
geographical	geography ical
fleetingly	fleeting ly
spare	spare
bearded	beard ed
brace	brace
wholesaler	wholesale er
peacefully	peaceful ly
swallower	swallow er
clubbable	club able
bindery	bind ery
asthmatically	asthmatic ally
qualification	qualify ation
considered	considered
fierily	fiery ly
predetermine	pre determine
galloping	galloping
composer	compose er
dome	dome
pricking	pricking
synthesizer	synthesize er
mettlesome	mettle some
draughtsman	draught s man
schizophrenic	schizophrenia ic
soundness	sound ness
incessant	in cease ant
profligate	profligate
proverbial	proverb ial
savoury	savour y
antibiotic	antibiotic
drummer	drum er
reportedly	report ed ly
fluffy	fluff y
olive	olive
catatonic	catatonia ic
tremble	tremble
extrication	extricate ion
notification	notify ation
catastrophic	catastrophe ic
adoptive	adoption ive
reborn	re born
grippingly	gripping ly
rescuer	rescue er
unaffected	un affected
southeaster	southeast er
outstrip	out strip
fleshings	flesh ing s
vixenish	vixen ish
shaving	shaving
megalithic	megalith ic
unsaid	un said
friskiness	frisky ness
originator	originate or
navel	navel
compassionately	compassionate ly
fictitiously	fictitious ly
pyre	pyre
ineffectually	ineffectual ly
minute	minute
boldfaced	bold face ed
modishly	modish ly
sightless	sight less
mascara	mascara
entomb	en tomb
staunchness	staunch ness
shovelful	shovel ful
jackdaw	jackdaw
fourthly	fourth ly
superintend	super intend
quiet	quiet
archetypical	archetype ical
languorously	languorous ly
creative	creation ive
bisection	bisect ion
telegraphically	telegraphic ally
tenuity	tenuous ity
duenna	duenna
outrange	out range
despot	despot
symbolically	symbolic ally
imperative	imperative
saga	saga
usher	usher
satisfactorily	satisfactory ly
feast	feast
uncertain	un certain
widely	wide ly
phobic	phobic
daub	daub
dribble	dribble
capture	capture
proportionate	proportion ate
pennon	pennon
requiem	requiem
carillon	carillon
vault	vault
screw	screw
strop	strop
reel	reel
alpinist	alpinism ist
foolishness	foolish ness
pusillanimously	pusillanimous ly
forest	forest
shall	shall
elusive	elusion ive
therapeutical	therapy ical
cliche	cliche
meagreness	meagre ness
duel	duel
sleuth	sleuth
laugh	laugh
ague	ague
reword	re word
optative	optative
geophysical	geophysics al
ignominious	ignominy ous
solicitation	solicit ation
shaddock	shaddock
environmental	environment al
sympathies	sympathies
compatibly	compatible ly
plutocratic	plutocrat ic
inflammatory	inflammation ory
inlay	in lay
she	she
permissiveness	permissive ness
nut	nut
blacken	black en
serenade	serenade
reign	reign
blithesome	blithe some
nose	nose
shooting	shooting
shutter	shutter
insolvent	in solvent
guilelessly	guileless ly
readiness	ready ness
alike	a like
glorification	glorify ation
plastics	plastic s
misquotation	misquote ation
delineation	delineate ion
reeducate	re educate
gentleness	gentle ness
alexic	alexia ic
evocative	evocation ive
suppression	suppress ion
painless	pain less
umbrella	umbrella
carelessly	careless ly
pet	pet
precise	precise
muckraking	muckraking
wildly	wild ly
overtures	overtures
fraudulence	fraudulent ence
reviler	revile er
blessedly	blessed ly
monogamously	monogamous ly
aurally	aural ly
regulator	regulate or
science	science
rehearing	rehearing
tempo	tempo
episodic	episode ic
phagocyte	phagocyte
stammer	stammer
legislatively	legislative ly
prevarication	prevaricate ion
relatedness	related ness
earl	earl
method	method
unloosen	un loosen
packed	packed
mollusc	mollusc
preoccupied	preoccupied
genie	genie
provincial	provincial
phosphoric	phosphorus ic
superior	superior
indefeasible	in defeasible
detective	detection ive
twerp	twerp
blockade	blockade
lessee	lease ee
chichi	chichi
embroidery	embroider ery
backbiter	backbite er
sperm	sperm
watchfulness	watchful ness
deserving	deserving
guinea	guinea
theistically	theistical ly
zebu	zebu
floater	float er
naturalism	natural ism
bloated	bloated
mayoralty	mayoral ty
conception	conceive ion
assemblage	assemble age
unserviceable	un serviceable
estimation	estimate ion
secularize	secular ize
borzoi	borzoi
whole	whole
pardoner	pardon er
immobilize	immobile ize
bet	bet
stylistically	stylistic ally
smoothness	smooth ness
school	school
confederate	confederate
lewdness	lewd ness
modelling	modelling
wheat	wheat
bather	bathe er
alienate	alien ate
undershirt	under shirt
acting	acting
methylate	methyl ate
groove	groove
participant	participate ant
dishorn	dis horn
tutorial	tutorial
edgily	edgy ly
expressionless	expression less
tocsin	tocsin
diddle	diddle
ferocious	ferocity ous
cicada	cicada
misuse	misuse
mammy	mam y
rancidity	rancid ity
vilify	vile ify
pliable	ply able
tootle	tootle
cabin	cabin
slick	slick
willingness	willing ness
ninth	ninth
elasticity	elastic ity
calf	calf
misdeed	mis deed
excision	excise ion
sidetrack	sidetrack
squall	squall
compacted	compact ed
absence	absent ence
relativistic	relativity ic
vigorous	vigour ous
scaffold	scaffold
victoria	Victoria
benzol	benzol
marketability	marketable ity
percentage	percent age
fleck	fleck
nightmarish	nightmare ish
facings	facings
scholarship	scholar ship
understudy	under study
central	centre al
subjectivity	subjective ity
frequent	frequent
interracially	interracial ly
supercargo	super cargo
gait	gait
ratch	ratchet
chukka	chukka
payable	pay able
humorously	humorous ly
fifty	five ty
injustice	in justice
primness	prim ness
infection	infect ion
pilfer	pilfer
expeditious	expedition ous
polyglot	polyglot
venous	vein ous
eventuality	eventual ity
spectacularly	spectacular ly
format	format
balaclava	balaclava
horrors	horrors
diploma	diploma
source	source
rawness	raw ness
tastily	tasty ly
discus	discus
balconied	balcony ed
assumption	assume ion
volunteer	volunteer
sow	sow
commercially	commercial ly
barrelled	barrelled
portraitist	portrait ist
syllogistic	syllogism ic
faithlessness	faithless ness
indwell	in dwell
subconsciousness	subconscious ness
paring	paring
agronomist	agronomy ist
touching	touching
solely	sole ly
planking	planking
extermination	exterminate ion
tonality	tonal ity
woefully	woeful ly
disarray	dis array
indestructibly	indestructible ly
conversion	convert ion
strategist	strategy ist
next	next
rock	rock
sorrow	sorrow
pillar	pillar
retake	re take
snort	snort
cataclysmic	cataclysm ic
alga	alga
restriction	restrict ion
brownie	brown ie
decolonize	de colonize
squiggle	squiggle
worrying	worrying
bagful	bag ful
allegorical	allegory ical
blase	blase
ink	ink
sternwheeler	stern wheel er
academic	academy ic
research	research
fencer	fence er
fresh	fresh
harness	harness
felony	felon y
slightingly	slighting ly
perry	perry
exportable	export able
skittles	skittles
slay	slay
beautiful	beauty ful
doctor	doctor
recitative	recitation ive
liable	liable
ounce	ounce
cleanse	cleanse
ashes	ashes
contrary	contrary
cauterize	cautery ize
slouching	slouching
ordinand	ordinand
doggedness	dogged ness
gingko	gingko
knob	knob
enwrap	en wrap
tenthly	tenth ly
encamp	en camp
numinousness	numinous ness
enplane	en plane
fatness	fat ness
apocalyptic	apocalypse ic
sneerer	sneer er
booklet	book let
compensatory	compensation ory
deflection	deflect ion
giant	giant
extremity	extreme ity
uneconomic	un economic
openness	open ness
frolic	frolic
lira	lira
shelter	shelter
hip	hip
barebacked	bareback ed
strait	strait
denote	de note
scandalously	scandalous ly
maxim	maxim
bookishly	bookish ly
fall	fall
irresponsibly	irresponsible ly
aureola	aureola
quadruplicate	quadruplicate
speakable	speak able
penitential	penitence ial
murkily	murky ly
plasterer	plaster er
overlong	over long
pearliness	pearly ness
camphor	camphor
outwit	out wit
horribly	horrible ly
seditious	sedition ous
vitrify	vitric ify
kedgeree	kedgeree
crusted	crust ed
quit	quit
verdict	verdict
quest	quest
tittle	tittle
ungainliness	ungainly ness
maddening	maddening
self	self
fictionalization	fictionalize ation
channel	channel
lawless	law less
gingerly	gingerly
preciously	precious ly
morass	morass
orange	orange
rasp	rasp
collected	collected
augur	augur
phonics	phonic s
rhododendron	rhododendron
roadworthiness	roadworthy ness
inbound	in bound
repoint	re point
cubism	cube ism
overall	over all
removal	remove al
burdensome	burden some
sampan	sampan
recognizable	recognize able
sometime	sometime
bellyful	belly ful
rotter	rot er
posit	posit
dunk	dunk
philatelist	philately ist
crux	crux
specialization	specialize ation
sublimation	sublimate ion
predominant	predominate ant
unsyllabic	un syllabic
grotesquely	grotesque ly
cayenne	cayenne
gregariousness	gregarious ness
arse	arse
unscrupulous	un scrupulous
respite	respite
overhang	overhang
connective	connective
subordinate	subordinate
vain	vain
saline	salt ine
jollity	jolly ity
landwards	landward s
paraplegic	paraplegia ic
preservable	preserve able
masterful	master ful
symmetrical	symmetry ical
receptiveness	receptive ness
underpay	under pay
asphyxiate	asphyxia ate
dramatist	drama ist
shortsighted	short sight ed
travesty	travesty
switch	switch
mercurially	mercurial ly
lukewarmly	lukewarm ly
bucked	bucked
romanticize	romantic ize
brevity	brief ity
syndicalism	syndical ism
desensitize	de sensitize
rationally	rational ly
metronome	metronome
clanger	clang er
frightening	frightening
totality	total ity
flask	flask
suppose	suppose
fewer	few er
rebellion	rebel ion
eponymous	eponym ous
ejaculation	ejaculate ion
immediateness	immediate ness
wreck	wreck
mine	mine
consolable	console able
fractiousness	fractious ness
insured	insured
verbal	verbal
crone	crone
gaggle	gaggle
briefing	briefing
dehorn	de horn
fosse	fosse
squib	squib
bascule	bascule
tariff	tariff
kapok	kapok
fudge	fudge
glutinous	gluten ous
swollen	swollen
promiscuously	promiscuous ly
snappily	snappy ly
bismuth	bismuth
transcendently	transcendent ly
hanky	handkerchief y
stodge	stodge
disproportionately	disproportionate ly
deduction	deduce ion
pay	pay
velar	velar
corm	corm
lobe	lobe
conjunct	conjunct
highbrow	highbrow
defroster	defrost er
wonderful	wonder ful
hymn	hymn
empress	emperor ess
give	give
facility	facile ity
archdeaconry	archdeacon ry
ulster	ulster
newmarket	Newmarket
formless	form less
replace	re place
suborbital	sub orbital
illumine	illumine
seneschal	seneschal
race	race
rhapsody	rhapsody
liana	liana
unstring	un string
prissiness	prissy ness
impermanence	impermanent ence
expensive	expense ive
provisory	proviso ory
amorphous	a morph ous
lucratively	lucrative ly
evaluation	evaluate ion
openheartedness	openhearted ness
zippy	zip y
speech	speech
statehood	state hood
cogitation	cogitate ion
stupidity	stupid ity
compendiously	compendious ly
chauvinist	chauvinism ist
demonstrably	demonstrable ly
grin	grin
sofa	sofa
instructional	instruction al
rationalistic	rationalist ic
expertly	expert ly
climb	climb
casque	casque
waddle	waddle
horrific	horrify ic
windless	wind less
mindlessly	mindless ly
ravings	raving s
nomination	nominate ion
enticingly	enticing ly
forestall	fore stall
consequentially	consequential ly
flagrancy	flagrant ancy
cutlass	cutlass
vivaciousness	vivacious ness
mugger	mug er
providential	providence ial
uneventfulness	uneventful ness
bulbous	bulb ous
trestle	trestle
pace	pace
inessential	inessential
ageing	ageing
gallant	gallant
reaper	reap er
hustler	hustle er
hyphen	hyphen
sateen	sateen
beech	beech
deformation	deform ation
miserably	miserable ly
radically	radical ly
dethrone	de throne
internationalize	international ize
decimalization	decimalize ation
idealization	idealize ation
supra	supra
cerebrate	cerebrum ate
lordly	lord ly
filbert	filbert
pidgin	pidgin
courageous	courage ous
caterwaul	caterwaul
teaspoonful	teaspoon ful
lubricator	lubricate or
untinged	un tinged
spurn	spurn
mansions	mansions
satiric	satire ic
enzyme	enzyme
instrumental	instrument al
distillation	distil ation
plating	plating
hide	hide
twitterer	twitter er
sleek	sleek
rationalist	rationalism ist
oast	oast
mains	mains
vexation	vex ation
tearaway	tearaway
strength	strong th
doggy	dog y
unimpeachably	unimpeachable ly
jurisprudence	jurisprudent ence
arrack	arrack
inimitably	inimitable ly
fib	fib
harper	harp er
unfaithfully	unfaithful ly
fain	fain
inequitably	inequitable ly
parole	parole
barbarously	barbarous ly
arrogantly	arrogant ly
genially	genial ly
deadly	deadly
satisfying	satisfying
prime	prime
scattiness	scatty ness
stomp	stomp
electromagnetic	electromagnet ic
punt	punt
enlightened	enlightened
shark	shark
idem	idem
controller	control er
punishing	punishing
dalesman	dale s man
phaeton	phaeton
pedicle	pedicle
repute	repute
rompers	rompers
tackle	tackle
advantageously	advantageous ly
contraceptive	contraception ive
condenser	condense er
bard	bard
robust	robust
macadam	macadam
pleasurably	pleasurable ly
asthma	asthma
bonds	bonds
optician	optics ian
deodorant	deodorize ant
movable	movable
prebendary	prebend ary
latex	latex
quadrophonic	quadrophony ic
triumphal	triumph al
career	career
recce	recce
mallow	mallow
extremities	extremities
keynote	keynote
golly	golliwog y
qualifications	qualifications
recitation	recite ation
warden	warden
shred	shred
pauperism	pauper ism
profanely	profane ly
surrogate	surrogate
downstairs	downstairs
rehouse	re house
sulphuric	sulphur ic
eared	ear ed
creed	creed
pupal	pupa al
vanity	vain ity
dowdily	dowdy ly
suppressor	suppress or
admittedly	admit ed ly
motorist	motor ist
levodopa	levodopa
sermon	sermon
desalination	desalinate ion
devitalize	de vitalize
reft	bereft
thine	thine
confines	confine s
succinctness	succinct ness
exasperatedly	exasperated ly
bobs	bob s
professed	professed
objective	objective
jaw	jaw
clique	clique
fusil	fusil
rat	rat
internee	intern ee
tattoo	tattoo
exhaustion	exhaust ion
dip	dip
trail	trail
mysteriously	mysterious ly
someplace	some place
unwritten	un written
molecule	molecule
impecuniousness	impecunious ness
dreaded	dreaded
clamour	clamour
correlative	correlation ive
cockle	cockle
dinar	dinar
then	then
ibid	ibid
dacha	dacha
oboe	oboe
essential	essential
dashed	dashed
pulpy	pulp y
vat	vat
muggins	muggins
gauzy	gauze y
boot	boot
inflammation	inflame ation
blimp	blimp
rustiness	rusty ness
muchness	much ness
mantle	mantle
lea	lea
evaporate	e vapour ate
outnumber	out number
detrain	de train
transfusion	transfuse ion
bookable	book able
necklet	neck let
carbuncle	carbuncle
delineate	de line ate
rickets	rickets
taunting	taunting
implication	imply ation
concession	concede ion
simile	simile
alternative	alternative
readability	readable ity
indelicately	indelicate ly
tranquillity	tranquil ity
spinach	spinach
boaster	boast er
philanderer	philander er
economic	economy ic
brutishly	brutish ly
capitalism	capital ism
darling	darling
candidly	candid ly
pardner	pardner
anode	anode
bibliographer	bibliography er
salvation	salvage ation
calibrate	calibre ate
tinter	tint er
towelling	towelling
rakish	rake ish
pope	pope
professorial	professor ial
coxswain	coxswain
adaptable	adapt able
internationalist	internationalism ist
unroll	un roll
aspiration	aspire ation
drag	drag
preponderantly	preponderant ly
umber	umber
lazily	lazy ly
preschool	pre school
smuggling	smuggling
anus	anus
messuage	messuage
licensee	license ee
stair	stair
butch	butch
ebullience	ebullient ence
loaf	loaf
shrift	shrift
such	such
imitator	imitate or
epileptic	epilepsy ic
uncoloured	un coloured
oust	oust
coco	coco
psychically	psychical ly
jingoism	jingo ism
haunch	haunch
chap	chap
busk	busk
thoroughness	thorough ness
remover	remove er
nth	n th
sorter	sort er
lychee	lychee
quantitatively	quantitative ly
lawyer	law er
numerate	number ate
fillet	fillet
beaut	beaut
plaintiff	plaintive
winsomeness	winsome ness
aitch	aitch
comer	come er
deviant	deviant
mimic	mimic
graft	graft
perspiration	perspire ation
repellent	repellent
engulf	en gulf
theirs	their s
dye	dye
aide	aide
sloppily	sloppy ly
stud	stud
choosy	choose y
freedom	free dom
musician	music ian
calve	calf
morsel	morsel
reticulation	reticulate ion
gravity	grave ity
extremely	extreme ly
lividly	livid ly
befit	be fit
jive	jive
syntactically	syntactic ally
well	well
unofficially	unofficial ly
ugliness	ugly ness
alternate	alternate
tan	tan
thou	thou
operation	operate ion
needs	needs
dramatize	drama ize
alien	alien
exceptionable	exception able
notability	notable ity
coldly	cold ly
neurotic	neurotic
ballad	ballad
undertaker	undertake er
empty	empty
stinking	stinking
reformative	reformation ive
goner	gone er
intentionally	intentional ly
wrestler	wrestle er
horny	horn y
raid	raid
rich	rich
grasping	grasping
allied	allied
putt	putt
twelfth	twelve th
boneheaded	bone head ed
offhandedness	offhanded ness
sung	sung
tragical	tragedy ical
epic	epic
canker	canker
roneo	roneo
sneeze	sneeze
meeting	meeting
overgrown	over grown
precociously	precocious ly
cistern	cistern
fogginess	foggy ness
agitated	agitated
gird	gird
unfailing	un failing
thinker	think er
civilly	civil ly
awkwardly	awkward ly
prosodic	prosody ic
compensation	compensate ion
carnival	carnival
odds	odd s
ambit	ambit
contrapuntally	contrapuntal ly
dueller	duel er
progesterone	progesterone
gluttonously	gluttonous ly
puree	puree
dram	dram
tyrannically	tyrannical ly
gaunt	gaunt
fuchsia	fuchsia
cymbalist	cymbal ist
primordially	primordial ly
maladroitness	maladroit ness
kaleidoscopic	kaleidoscope ic
healer	heal er
corrective	corrective
pax	pax
centaur	centaur
defencelessly	defenceless ly
riverside	riverside
luff	luff
govern	govern
past	past
guano	guano
accessory	access ory
stoned	stoned
astride	astride
thankless	thank less
homey	home y
priming	priming
morally	moral ly
torque	torque
contagiously	contagious ly
roost	roost
misstate	mis state
saturation	saturate ion
humbug	humbug
billposter	bill post er
liveliness	lively ness
forepart	fore part
angostura	angostura
uncivil	un civil
protection	protect ion
toucan	toucan
angularity	angular ity
accentuate	accent ate
talent	talent
baptismal	baptism al
willow	willow
stucco	stucco
pounding	pounding
embosomed	em bosom ed
flagellation	flagellate ion
scab	scab
letter	letter
armada	armada
shunt	shunt
weigh	weigh
gritty	grit y
formalist	formalism ist
medically	medical ly
competitiveness	competitive ness
articulateness	articulate ness
duckling	duck ling
exclamation	exclaim ation
adoringly	adoring ly
fetter	fetter
raver	rave er
tidy	tidy
vestal	Vesta al
ranker	rank er
denominator	denominate or
approbation	approbate ion
privilege	privilege
shakiness	shaky ness
till	till
resolvable	resolve able
trenchantly	trenchant ly
bumptiousness	bumptious ness
harass	harass
molar	molar
curtly	curt ly
vociferousness	vociferous ness
ranee	ranee
crop	crop
wheaten	wheat en
reproduce	re produce
digression	digress ion
kersey	kersey
tropically	tropical ly
wakefulness	wakeful ness
chauffeur	chauffeur
infertility	infertile ity
combat	combat
bine	bine
deepen	deep en
cleave	cleave
therein	there in
distemper	dis temper
avert	avert
tortoise	tortoise
citation	cite ation
chirpy	chirp y
pessimistically	pessimistic ally
betrayer	betray er
palatial	palace ial
cajole	cajole
milk	milk
mimetic	mimesis ic
slangily	slangy ly
copper	copper
stingo	stingo
twin	twin
philosopher	philosophy er
certificate	certify ate
knotty	knot y
quoin	quoin
smallness	small ness
canary	canary
sculptor	sculpt or
hotfoot	hotfoot
gleefully	gleeful ly
tonal	tone al
emphasize	emphasis ize
