nontarif	non tarif
sekrup	sekrup
kelahiran	ke lahir an
diakomodasikan	di akomodasi kan
indikasinya	indikasi nya
andalkan	andal kan
sebutkan	sebut kan
termahal	ter mahal
amerika	amerika
nonusaha	non usaha
permainan	per main an
contohnya	contoh nya
tugasku	tugas ku
pengambil	pen ambil
ciptakan	cipta kan
dihapus	di hapus
pusing	pusing
agen	agen
interupsi	interupsi
diatas	di atas
menghabiskannya	men habis kan nya
dipercaya	di percaya
tabah	tabah
diusik	di usik
curah	curah
dijahitkan	di jahit kan
dunia	dunia
ekspresi	ekspresi
panen	panen
mengoper	men koper
jutaan	juta an
ketidaksetiaan	ke tidak setia an
perdana	perdana
membuatku	men buat ku
realitasnya	realitas nya
mengartikannya	men arti kan nya
dukanya	duka nya
jemaatnya	jemaat nya
gereja	gereja
sebaiknya	se baik nya
situasi	situasi
independent	independent
tindakan	tindak an
patah	patah
iman	iman
ibukota	ibukota
dianugerahkan	di anugerah kan
menggantungkan	men gantung kan
mengatakannya	men kata kan nya
membantunya	men bantu nya
ketidakaktifan	ke tidak aktif an
jagung	jagung
memperbaiki	men baik i
dusta	dusta
pagi	pagi
dilantik	di lantik
menempatkan	men tempat kan
pilihan	pilih an
politik	politik
terelakkan	ter elak kan
abstrak	abstrak
benturan	bentur an
puja	puja
kompleksnya	kompleks nya
nonpungutan	non pungut an
dosanya	dosa nya
atom	atom
reputasinya	reputasi nya
menyimpannya	men simpan nya
batasan	batas an
dihasilkan	di hasil kan
kontrak	kontrak
meningkat	men tingkat
diwarnai	di warna i
menyerap	men serap
adiknya	adik nya
menyenangkan	men senang kan
memunculkan	men muncul kan
kehendak	kehendak
diistilahkan	di istilah kan
mataku	mata aku
penggundulan	pen gundul an
membentuk	men bentuk
perancangan	pen rancang an
terorganisasi	ter organisasi
kutuju	ku tuju
kandungan	kandung an
penggaduhan	pen gaduh an
perbaikan	per baik an
menunggangi	men tunggang i
mendirikannya	men diri kan nya
menjabat	men jabat
semangat	semangat
dilanjutkan	di lanjut kan
klub	klub
digabungkan	di gabung kan
menaati	men taat i
mempengaruhi	men pengaruh i
lobi	lobi
diwawancara	di wawancara
menganggur	men anggur
cucu	cucu
salahnya	salah nya
pembongkaran	pen bongkar an
terpecahkan	ter pecah kan
kukenal	ku kenal
melonjak	men lonjak
mengusulkan	men usul kan
tanamnya	tanam nya
menyengsarakan	men sengsara kan
memahami	men paham i
cadangannya	cadang an nya
kemas	kemas
limpahan	limpah an
york	york
kriteria	kriteria
menapaki	men tapak i
menyepakati	men sepakat i
debiturnya	debitur nya
terbayang	ter bayang
momen	momen
seadat	se adat
pinjamannya	pinjam an nya
aduannya	adu an nya
antarjenis	antar jenis
letak	letak
reporter	reporter
terbitan	terbit an
kemunculannya	ke muncul an nya
penggarap	pen garap
siklus	siklus
persatuan	per satu an
saksama	saksama
kuterima	ku terima
petang	petang
dibangun	di bangun
tersalib	ter salib
antikekerasan	anti ke keras an
dibawa	di bawa
longsor	longsor
penderitaan	pen derita an
berpatokan	ber patok an
menduga	men duga
bicaranya	bicara nya
waktu	waktu
mewujudkannya	men wujud kan nya
kumpul	kumpul
tabir	tabir
banknya	bank nya
ditanggungnya	di tanggung nya
mengintensifkan	men intensif kan
memanjatkan	men panjat kan
tahunan	tahun an
dikte	dikte
bekerjasama	bekerjasama
keriput	keriput
dikelilingi	di keliling i
martabat	martabat
fleksibel	fleksibel
pangkal	pangkal
serahkan	serah kan
dominasi	dominasi
wajah	wajah
teknisnya	teknis nya
benaknya	benak nya
seteguh	se teguh
berpulangnya	ber pulang nya
sepatu	sepatu
almamater	almamater
berdalih	ber dalih
pribadinya	pribadi nya
kredibel	kredibel
melanjutkannya	men lanjut kan nya
diakhiri	di akhir i
kubu	kubu
identitasnya	identitas nya
bertetangga	ber tetangga
hartamu	harta mu
menebarkan	men tebar kan
diperkirakan	di per kira kan
perwujudan	per wujud an
presentase	presentase
dicatatkan	di catat kan
november	november
berintensitas	ber intensitas
bergabung	ber gabung
mengembalikannya	men kembali kan nya
moskow	moskow
meratap	men ratap
malaikat	malaikat
pemanah	pen panah
hadiah	hadiah
pencukur	pen cukur
terpanjang	ter panjang
jumat	jumat
debutnya	debut nya
jauh	jauh
membangkitkan	men bangkit kan
pengadministrasian	pen administrasi an
absennya	absen nya
medis	medis
ibaratnya	ibarat nya
didukung	di dukung
memikirkan	men pikir kan
menangisi	men tangis i
pencalonan	pen calon an
anehnya	aneh nya
melewatinya	men lewat i nya
pengarahannya	pen arah an nya
ajarannya	ajar an nya
seksama	seksama
mencangkul	men cangkul
desain	desain
pembiusan	pen bius an
mengganggunya	men ganggu nya
diprotes	di protes
landai	landa i
pekerjaanku	pekerja an ku
menurunkan	men turun kan
janda	janda
keterampilan	keterampilan
berkumpul	ber kumpul
rendahan	rendah an
tua	tua
pisang	pisang
dilampiri	di lampir i
memenangkan	men menang kan
opini	opini
roh	roh
batang	batang
kumuh	kumuh
mengakhiri	men akhir i
keturunanmu	ke turun an mu
kelahirannya	ke lahir an nya
kitabnya	kitab nya
memadainya	memadai nya
balok	balok
pembaruannya	pen baru an nya
mayoritas	mayoritas
lucu	lucu
dikategori	di kategori
prediksi	prediksi
berangin	ber angin
antarkota	antar kota
suspensi	suspensi
dongeng	dongeng
ditabung	di tabung
pendekatan	pen dekat an
jangkauannya	jangkau an nya
volume	volume
diterbangkan	di terbang kan
sumberdayanya	sumberdaya nya
menghiburku	men hibur ku
pemilihnya	pen pilih nya
penggabungan	pen gabung an
tertundanya	ter tunda nya
bertempat	ber tempat
lenyap	lenyap
asuransi	asuransi
bersembunyi	ber sembunyi
menikahinya	men nikah i nya
karib	karib
ketahui	ketahui
mengancam	men ancam
keperluan	ke perlu an
pemimpinnya	pen pimpin nya
toko	toko
pertanggungjawaban	per tanggungjawab an
kutempatkan	ku tempat kan
disiram	di siram
menyetor	men setor
fitnah	fitnah
pengepungan	pen kepung an
sobekan	sobek an
cahaya	cahaya
terhitung	ter hitung
memperketat	men ketat
pengajuannya	pen aju an nya
sikat	sikat
kenalannya	kenal an nya
menakjubkannya	men takjub kan nya
punyai	punya i
prajurit	prajurit
penasihat	penasihat
mertuanya	mertua nya
tetapkan	tetap kan
disurvei	di survei
smp	smp
pengasuhan	pen asuh an
tidurku	tidur ku
pengimplementasian	pen implementasi an
antarruangan	antar ruang an
menganyam	men anyam
pemusnahan	pen musnah an
lentur	lentur
dukung	dukung
pergumulannya	per gumul an nya
pengingat	pen ingat
wol	wol
kios	kios
gadai	gadai
memberlakukan	men ber laku kan
struktur	struktur
pembukuan	pen buku an
militan	militan
menanganinya	men tangan i nya
persentasenya	persentase nya
berlalu	ber lalu
membersihkan	men bersih kan
mengintegrasikan	men integrasi kan
dipersatukan	di per satu kan
diadopsi	di adopsi
berpotensi	ber potensi
meneruskan	men terus kan
masalahnya	masalah nya
sekiranya	sekira nya
intensifnya	intensif nya
bertumpuk	ber tumpuk
nyata	nyata
penjelajah	pen jelajah
mencadangkan	men cadang kan
musikal	musikal
senjata	senjata
merajalela	men rajalela
berbasis	ber basis
mempelajarinya	men pelajar i nya
menjamurnya	men jamur nya
wilayahnya	wilayah nya
menantikan	menanti kan
lingkaran	lingkar an
memakai	men pakai
mendetail	men detail
kemasan	kemas an
mengamati	men amati
mencocokkannya	men cocok kan nya
miskin	miskin
suntik	suntik
akal	akal
handal	handal
skotlandia	skotlandia
menyuguhkan	men suguh kan
berkesimpulan	ber ke simpul an
merayu	men rayu
mendukakan	men duka kan
adik	adik
individu	individu
amatir	amatir
mengajukannya	men aju kan nya
berimbas	ber imbas
verifikasi	verifikasi
ginjal	ginjal
anggarannya	anggar an nya
halangan	halang an
jangka	jangka
modalnya	modal nya
berdaulat	ber daulat
lautnya	laut nya
pengaksesan	pen akses an
ditontonnya	di tonton nya
meneruskannya	men terus kan nya
menempelkan	men tempel kan
bersangkutan	ber sangkut an
gajian	gaji an
pelembagaan	pen lembaga an
hotel	hotel
sosialnya	sosial nya
direpotkan	di repot kan
dominannya	dominan nya
memerlukannya	men perlu kan nya
disisipkan	di sisip kan
memperlambat	men lambat
membentang	men bentang
suasana	suasana
kesediaannya	ke senya an nya
berdana	ber dana
menyangka	men sangka
mendistribusikannya	men distribusi kan nya
dihilangkan	di hilang kan
pendiam	pen diam
peninjauan	pen tinjau an
prosesi	proses i
tangkap	tangkap
efeknya	efek nya
menanjak	men tanjak
investigasi	investigasi
diimunisasi	di imunisasi
penabung	pen tabung
burung	burung
pembeliannya	pen beli an nya
bercanda	ber canda
diungkapkan	di ungkap kan
kunjungi	kunjung i
rupa	rupa
menyemprotkan	men semprot kan
bersaksi	ber saksi
memahaminya	men paham i nya
selamat	selamat
juruselamat	juruselamat
diteliti	di teliti
eksternal	eksternal
dugaan	duga an
antarhasil	antar hasil
menyegarkan	men segar kan
tikar	tikar
optimisme	optimisme
termasuk	ter masuk
penuturan	pen tutur an
memimpikan	men mimpi kan
sekutunya	sekutu nya
mengingatnya	men ingat nya
tekankan	tekan kan
obat	obat
laptop	laptop
tinggalnya	tinggal nya
lantang	lantang
lengkapnya	lengkap nya
menyetir	men setir
mengherankan	men heran kan
selebar	se lebar
sepakbola	sepakbola
reksa	reksa
menemaninya	men teman i nya
antar	antar
keturunannya	ke turun an nya
puncak	puncak
menggoyang	men goyang
diterlantarkan	di terlantar kan
tafsiran	tafsir an
dipilihkan	di pilih kan
disekolahkan	di sekolah kan
mencerminkan	men cermin kan
ungkapan	ungkap an
bapanya	bapa nya
berjumlah	ber jumlah
dukunnya	dukun nya
gengsi	gengsi
sebaik	se baik
spesial	spesial
perombakan	pen rombak an
asuh	asuh
utara	utara
sedihan	sedih an
memadai	memadai
dipersulit	di per sulit
berbahagia	ber bahagia
kumuhnya	kumuh nya
sekaleng	se kaleng
berukuran	ber ukur an
angkut	angkut
pengacau	pen kacau
tingkah	tingkah
kadar	kadar
kategori	kategori
kampanye	kampanye
retribusinya	retribusi nya
telepon	telepon
dituju	di tuju
pengendalian	pen kendali an
tesnya	tes nya
cerdik	cerdik
menuduh	men tuduh
dibiayai	di biaya i
pertempuran	per tempur an
dataran	datar an
penjara	penjara
terbilang	ter bilang
bijih	bijih
mengambilkanku	men ambil kan ku
terguncangkan	ter guncang kan
dipadukan	di padu kan
ajukan	aju kan
diperbuat	di per buat
meredakan	men reda kan
bidang	bidang
terendam	ter rendam
menghiraukan	men hirau kan
iris	iris
sabotase	sabotase
penentuan	pen tentu an
pertanyaannya	per tanya an nya
diundur	di undur
dikeraskan	di keras kan
dewasanya	dewasa nya
terdiam	ter diam
gadis	gadis
hampa	hampa
hancurnya	hancur nya
menyusunnya	men susun nya
berkonotasi	ber konotasi
dikontrakkan	di kontrak kan
emosional	emosional
pembakaran	pen bakar an
buruan	buru an
kepalaku	kepala aku
menjelekkan	men jelek kan
udaranya	udara nya
bercacat	ber cacat
mengaduk	men aduk
menolongnya	men tolong nya
pembagian	pen bagi an
senilai	se nilai
realis	realis
revolusi	revolusi
menggunakan	men guna kan
ditunjang	di tunjang
volumenya	volume nya
secepat	se cepat
menengok	men tengok
didambakannya	di damba kan nya
terbentur	ter bentur
terhisap	ter hisap
diraih	di raih
pengumuman	pen umum an
produktifitas	produktifitas
zaitun	zaitun
detektif	detektif
pendisiplinan	pen disiplin an
fotokopi	fotokopi
kuatir	kuatir
pencatatan	pen catat an
menanggapinya	men tanggap i nya
menyerupai	men serupa i
mendamaikan	men damai kan
otoriter	otoriter
aman	aman
hebat	hebat
dimasukinya	di masuk i nya
pai	pai
september	september
optimal	optimal
senang	senang
berlawanan	ber lawan an
asumsinya	asumsi nya
menahan	men tahan
prasarana	prasarana
perolehannya	peroleh an nya
penafsir	pen tafsir
peserta	peserta
menimbulkan	men timbul kan
selusin	se lusin
menyebabkan	men sebab kan
hunian	huni an
susun	susun
berhutang	ber hutang
diberikan	di beri kan
menyuap	men suap
vaksin	vaksin
mengira	men kira
akar	akar
enggannya	enggan nya
ringkasan	ringkas an
arisan	arisan
respons	respons
kliring	kliring
pemahamannya	pen paham an nya
menerjemahkan	men terjemah kan
percobaan	per coba an
sayap	sayap
penalti	penalti
orientasi	orientasi
pengaturan	pen atur an
ditolak	di tolak
menimba	men timba
meyakini	men yakin i
tangkai	tangkai
terbunuh	ter bunuh
kedengarannya	ke dengar an nya
terbentang	ter bentang
sabun	sabun
benci	benci
samudera	samudera
menirukan	men tiru kan
mengasihinya	men kasih i nya
anjurkan	anjur kan
diseberangi	di seberang i
dikoordinasikan	di koordinasi kan
bermakna	ber makna
menuntaskan	men tuntas kan
sebangsamu	se bangsa mu
penyaluran	pen salur an
kuadrat	kuadrat
badak	badak
gerai	gerai
tersingkirnya	ter singkir nya
komandan	komandan
imbas	imbas
dihakimi	di hakim i
institusi	institusi
diawasi	di awas i
sudut	sudut
diadukan	di adu kan
mengefektifkan	men efektif kan
tersisa	ter sisa
bodoh	bodoh
kebutuhanmu	ke butuh an mu
henti	henti
devisa	devisa
mengurai	men urai
menggantinya	men ganti nya
menindak	men tindak
bersama	ber sama
didekatnya	di dekat nya
meratanya	men rata nya
warganegaranya	warganegara nya
diampuni	di ampun i
rasuli	rasul i
ditunjukan	di tunjuk an
empunya	empunya
memerbaiki	men perbaiki
terkenal	ter kenal
menutupi	men tutup i
menyerahkan	men serah kan
terbukti	ter bukti
mengambilkan	men ambil kan
berpihak	ber pihak
menyamakan	men sama kan
mulutku	mulut ku
taruhan	taruh an
berbau	ber bau
diselesaikan	di selesai kan
teriknya	terik nya
ditanyakan	di tanya kan
dikapalkan	di kapal kan
penjelasan	pen jelas an
bangku	bangku
dewasa	dewasa
memperingati	men ingat i
jangkau	jangkau
suaminya	suami nya
budayanya	budaya nya
beraturan	ber atur an
ditawan	di tawan
rona	rona
penderitaannya	pen derita an nya
diberlakukannya	di ber laku kan nya
dihormatinya	di hormat i nya
diaplikasikan	di aplikasi kan
umurku	umur ku
afiliasi	afiliasi
makam	makam
konsumsinya	konsumsi nya
gugusan	gugus an
terpengaruh	ter pengaruh
diusahakannya	di usaha kan nya
temanku	teman ku
ambivalensi	ambivalensi
umpan	umpan
dirangkum	di rangkum
berlahan	ber lahan
penagihannya	pen tagih an nya
pemanfaatan	pen manfaat an
depanmu	depan mu
memonitor	men monitor
bantuan	bantu an
kreditnya	kredit nya
menyerang	men serang
melenceng	men lenceng
anggun	anggun
diselamatkan	di selamat kan
dipengaruhi	di pengaruh i
ketidaksiapan	ke tidak siap an
mencontohkan	men contoh kan
arus	arus
sepele	sepele
mangsanya	mangsa nya
pendam	pendam
berperang	ber perang
sisiku	sisi ku
berpagar	ber pagar
tanggapan	tanggap an
menyeringai	men seringai
dimusyawarahkan	di musyawarah kan
penelitinya	pen teliti nya
murni	murni
memesan	men pesan
berkurangnya	ber kurang nya
konstitusional	konstitusional
penyelenggara	pen selenggara
menyisihkan	men sisih kan
menitip	men titip
berbuah	ber buah
menghindar	men hindar
menular	men tular
kota	kota
mengasihiku	men kasih i ku
tangkapan	tangkap an
menyayangkan	men sayang kan
hangat	hangat
iklim	iklim
dibicarakan	di bicara kan
mengesankan	men kesan kan
tersungkur	ter sungkur
tergenang	ter genang
berotoritas	ber otoritas
sepatunya	sepatu nya
penargetan	pen target an
menyerbu	men serbu
pemalsuan	pen palsu an
sentuhan	sentuh an
diajarkan	di ajar kan
jakarta	jakarta
kirinya	kiri nya
diakui	di aku i
penggelapan	pen gelap an
carinya	cari nya
personel	personel
sholat	sholat
tersentak	ter sentak
menghapusnya	men hapus nya
diselaraskan	di selaras kan
mendapati	men dapat i
tangganya	tangga nya
seleksi	seleksi
penyebutan	pen sebut an
melamar	men lamar
surutnya	surut nya
bibirnya	bibir nya
dikhawatirkan	di khawatir kan
menyetorkannya	men setor kan nya
tunggakannya	tunggak an nya
karun	karun
dilindungi	di lindung i
berkelompok	ber kelompok
terlaksana	ter laksana
kejadianku	ke jadi an ku
lusinan	lusin an
penganiaya	pen aniaya
madunya	madu nya
penjatahan	pen jatah an
terakomodasi	ter akomodasi
imannya	iman nya
berurutan	ber urut an
penasehat	pen nasehat
dibutuhkannya	di butuh kan nya
pemerintahnya	pen perintah nya
bobrok	bobrok
tertatanya	ter tata nya
perkebunan	per kebun an
diperdakan	di perda kan
jiwamu	jiwa mu
melampirkannya	men lampir kan nya
semampu	se mampu
sekretaris	sekretaris
teladanku	teladan ku
selain	se lain
navigasi	navigasi
diversifikasi	diversifikasi
populasinya	populasi nya
dirusak	di rusak
menumpas	men tumpas
khususnya	khusus nya
kuadratnya	kuadrat nya
diawali	di awal i
merombak	men rombak
pilot	pilot
tercium	ter cium
diperkuat	di per kuat
menyadari	men sadar i
mendengar	men dengar
menumpahkan	men tumpah kan
anut	anut
uskup	uskup
soda	soda
topik	topik
pelintasan	pen lintas an
menggalang	men galang
kebutuhanku	ke butuh an ku
tajuk	tajuk
panglima	panglima
renungkan	renung kan
puasa	puasa
demobilisasi	demobilisasi
sangka	sangka
perizinan	per izin an
istimewa	istimewa
terikatnya	ter ikat nya
ventilasi	ventilasi
bertumbuhnya	ber tumbuh nya
mengacuhkan	men acuh kan
komprehensif	komprehensif
persimpangan	per simpang an
jawaban	jawab an
kaidah	kaidah
memberitakan	men berita kan
gerejanya	gereja nya
memeliharamu	men pelihara mu
dituduh	di tuduh
binatang	binatang
menyanggupi	men sanggup i
penjelajahan	pen jelajah an
penyempurnaan	pen sempurna an
bijak	bijak
antarsekolah	antar sekolah
mencatat	men catat
penghambat	pen hambat
beraksi	ber aksi
logis	logis
pemandangan	pen pandang an
daftarnya	daftar nya
mendasar	men dasar
pasangan	pasang an
pemberontak	pen berontak
kuajarkan	ku ajar kan
buat	buat
misinya	misi nya
pegolf	pen golf
beragam	ber ragam
berteriak	ber teriak
membelanjakannya	men belanja kan nya
penghulu	pen hulu
bercahaya	ber cahaya
dicarikan	di cari kan
melambat	men lambat
terbantu	ter bantu
mengguncang	men guncang
jengkel	jengkel
bingung	bingung
penggunaan	pen guna an
terkoyak	ter koyak
panennya	panen nya
fungsinya	fungsi nya
meraup	men raup
menyeimbangkan	men seimbang kan
ditanya	di tanya
mahabintangnya	mahabintang nya
perangkat	perangkat
dilaksanakannya	di laksana kan nya
renovasinya	renovasi nya
tersandung	ter sandung
direstrukturisasi	di restrukturisasi
pemutakhirannya	pen mutakhir an nya
kirim	kirim
tergantung	ter gantung
penyemprotan	pen semprot an
diproduksi	di produksi
swalayan	swalayan
parsial	parsial
intim	intim
konvensi	konvensi
diserahkan	di serah kan
mengurangi	men kurang i
muliakan	mulia kan
fasilitasi	fasilitas i
dipenjara	di penjara
segan	segan
dibangunkan	di bangun kan
dijaga	di jaga
terkini	terkini
mengasari	men kasar i
titipan	titip an
kendala	kendala
hubungi	hubung i
membacanya	men baca nya
web	web
timbang	timbang
dadaku	dada aku
proteksi	proteksi
min	min
hotelnya	hotel nya
melompat	men lompat
penuntun	pen tuntun
menanyakannya	men tanya kan nya
memulangkan	men pulang kan
reaksinya	reaksi nya
alokasinya	alokasi nya
umatnya	umat nya
pengurusnya	pen urus nya
bersamaku	ber sama aku
sma	sma
tercemarnya	ter cemar nya
penguasa	pen kuasa
prosedurnya	prosedur nya
menghentikan	men henti kan
rekonstruksinya	rekonstruksi nya
dihantam	di hantam
memikulmu	men pikul mu
pendanaannya	pen dana an nya
mempunyai	men punya i
percayakan	percaya kan
memancing	men pancing
sekutu	sekutu
berlebihan	ber lebih an
memekakkan	men pekak kan
ayub	ayub
dikomunikasikan	di komunikasi kan
dijelaskan	di jelas kan
dirumuskan	di rumus kan
memisahkannya	men pisah kan nya
periode	periode
menukar	men tukar
menyuratkan	men surat kan
pelat	pelat
situs	situs
penyuapan	pen suap an
kuba	kuba
menanggapi	men tanggap i
berangsur	ber angsur
merespon	men respon
penyerang	pen serang
akurasinya	akurasi nya
separah	se parah
mengetahuinya	men ketahui nya
diperanakkan	di per anak kan
berlindung	ber lindung
rezim	rezim
departemennya	departemen nya
alumninya	alumni nya
memperkuat	men kuat
daftar	daftar
menginginkanmu	men ingin kan mu
menjaminkan	men jamin kan
sedunia	se dunia
mantap	mantap
sempitnya	sempit nya
menanyakan	men tanya kan
mengoptimalkan	men optimal kan
karunia	karunia
berakibat	ber akibat
menyangkal	men sangkal
memproses	men proses
peneguhan	pen teguh an
terserap	ter serap
diungkap	di ungkap
bertindak	ber tindak
pemerasan	pen peras an
kemajuan	ke maju an
pemutar	pen putar
ilegal	ilegal
implementasi	implementasi
mampukan	mampu kan
cercaan	cerca an
kesudahan	ke sudah an
mitra	mitra
pekerjaan	pekerja an
kolaborasi	kolaborasi
penyesalan	pen sesal an
nonperbankan	non per bank an
menatapnya	men tatap nya
gembira	gembira
tawanan	tawan an
diwarisinya	di waris i nya
hutang	hutang
hutan	hutan
berkabut	ber kabut
kecaman	kecam an
perdanya	perda nya
setoran	setor an
seefektif	se efektif
bajak	bajak
pertunjukannya	per tunjuk an nya
percetakan	per cetak an
juri	juri
menginjakkan	men injak kan
acak	acak
pemanfaatannya	pen manfaat an nya
dicabut	di cabut
visi	visi
nasibnya	nasib nya
koperasinya	koperasi nya
berderit	ber derit
dipulau	di pulau
tertindas	ter tindas
berjenjang	ber jenjang
persediaan	per sedia an
mempercepat	men cepat
pembenahan	pen benah an
berpulang	ber pulang
beban	beban
pinang	pinang
dinegosiasikan	di negosiasi kan
disederhanakan	di sederhana kan
pemuka	pen muka
menyelam	men selam
mengucapkannya	men ucap kan nya
menghanguskan	men hangus kan
edaran	edar an
laut	laut
karakter	karakteri
motif	motif
tingginya	tinggi nya
menyembuhkannya	men sembuh kan nya
menyentuh	men sentuh
nikel	nikel
balistik	balistik
memasok	men pasok
beranggota	ber anggota
kakek	kakek
tunggu	tunggu
seseorang	seseorang
ditopang	di topang
mungil	mungil
mengapit	men apit
kiri	kiri
mempersembahkan	men sembah kan
heran	heran
harapkan	harap kan
menduplikasi	men duplikasi
bernalar	ber nalar
mukamu	muka kamu
tewas	tewas
merenungkannya	men renung kan nya
penargetannya	pen target an nya
komisi	komisi
mencemari	men cemar i
dikecewakan	di kecewa kan
arab	arab
jeda	jeda
menguap	men uap
bidan	bidan
agenda	agenda
nonkayu	non kayu
mengapung	men apung
tahan	tahan
disebar	di sebar
kebohongan	ke bohong an
pengusung	pen usung
berendam	ber rendam
membantu	men bantu
beredar	ber edar
gelapnya	gelap nya
bergoncang	ber goncang
membagi	men bagi
dituangkan	di tuang kan
inisiatif	inisiatif
berpendidikan	ber pen didik an
pengekspor	pen ekspor
melayani	men layan i
disetujuinya	di setuju i nya
kabar	kabar
ngerinya	ngeri nya
melantik	men lantik
menjamu	men jamu
sah	sah
diloloskan	di lolos kan
mendayagunakan	men dayaguna kan
terbesar	ter besar
antrinya	antri nya
nonpersonel	non personel
putraku	putra aku
tasnya	tas nya
merasuk	men rasuk
pancaran	pancar an
memakainya	men pakai nya
didiami	di diam i
suaranya	suara nya
jantan	jantan
mengikrarkan	men ikrar kan
pelelangan	pen lelang an
terhebat	ter hebat
berkekuatan	ber ke kuat an
kaya	kaya
terompetnya	terompet nya
balasannya	balas an nya
kamarnya	kamar nya
optimis	optimis
getaran	getar an
disumbang	di sumbang
terdahsyat	ter dahsyat
statusnya	status nya
nonpemerintah	non pen perintah
dipersembahkan	di per sembah kan
hasrat	hasrat
diperhitungkan	di per hitung kan
diinstruksikan	di instruksi kan
terkubur	ter kubur
bersengketa	ber sengketa
diklasifikasi	di klasifikasi
kepingan	keping an
pengampunan	pen ampun an
menanami	men tanam i
pertimbangannya	per timbang an nya
berternak	ber ternak
dikaji	di kaji
mendiskusikannya	men diskusi kan nya
pemberiannya	pen beri an nya
kamar	kamar
peminjam	pen pinjam
juli	juli
kamarmu	kamar mu
menampik	men tampik
membodohi	men bodoh i
tetapnya	tetap nya
dikenai	di kena i
azas	azas
jati	jati
pendirian	pen diri an
belikan	beli kan
direkrutnya	di rekrut nya
perdagangan	per dagang an
terkoordinir	ter koordinir
malam	malam
materi	materi
jembatannya	jembatan nya
lembaran	lembar an
putus	putus
antikristus	anti kristus
dibabat	di babat
mei	mei
penyiar	pen siar
restrukturisasi	restrukturisasi
sukacitanya	sukacita nya
konseptual	konseptual
islami	islam i
binaan	bina an
penggenapannya	pen genap an nya
debu	debu
berbicara	ber bicara
pencurian	pen curi an
rabu	rabu
mendampinginya	men damping i nya
mencipratkan	men ciprat kan
capaian	capai an
menyesatkan	men sesat kan
dibangkitkan	di bangkit kan
menanggap	men tanggap
dermaga	dermaga
mengejek	men ejek
asa	asa
gantung	gantung
penyuling	pen suling
ditahan	di tahan
mengajarnya	men ajar nya
hindari	hindar i
rinci	rinci
penutupnya	pen tutup nya
beratnya	berat nya
mengelilingi	men keliling i
jantung	jantung
tertuju	ter tuju
pengecualian	pengecualian
taksi	taksi
dibelenggu	di belenggu
kuotanya	kuota nya
ditabrak	di tabrak
dikeluarkan	di keluar kan
menawan	men tawan
menggapai	men gapai
alkitab	alkitab
dinikahkan	di nikah kan
pertanggungjawabannya	per tanggungjawab an nya
federasi	federasi
berdekatan	ber dekat an
ham	ham
komputer	komputer
bakat	bakat
mengorganisasi	men organisasi
pembekuan	pen beku an
tunjangannya	tunjang an nya
memperbaikinya	men baik i nya
keinginanmu	ke ingin an mu
dijelajahi	di jelajah i
pelatih	pen latih
mengindahkan	men indah kan
berada	ber ada
pengeruk	pen keruk
manipulasi	manipulasi
nonkontrak	non kontrak
dikuduskan	di kudus kan
mengizinkannya	men izin kan nya
kuduskan	kudus kan
kairo	kairo
mengijinkan	men ijin kan
cukurnya	cukur nya
memastikan	men pasti kan
kompensasi	kompensasi
aksi	aksi
menamainya	men nama i nya
harinya	hari nya
pengintegrasian	pen integrasi an
triwulan	triwulan
penolongku	pen tolong ku
melahirkan	men lahir kan
sekayu	se kayu
suara	suara
menguat	men kuat
pigmen	pigmen
polanya	pola nya
lontong	lontong
terkhusus	ter khusus
mengelompokkan	men kelompok kan
pembawa	pen bawa
perajin	pen rajin
partai	partai
pembebasan	pen bebas an
pembobolan	pen bobol an
bertiup	ber tiup
bersandar	ber sandar
menabur	men tabur
telaah	telaah
perpipaan	per pipa an
memproyeksikan	men proyeksi kan
merontokkan	men rontok kan
melonjaknya	men lonjak nya
persembunyiannya	per sembunyi an nya
berakar	ber akar
ditoleransi	di toleransi
persis	persis
tebusan	tebus an
sesak	sesak
menilik	men tilik
mendefinisikan	men definisi kan
tayangan	tayang an
artikelnya	artikel nya
dekade	dekade
tangki	tangki
merdeka	merdeka
dilaksanakan	di laksana kan
pulih	pulih
berkampanye	ber kampanye
disusun	di susun
dirawat	di rawat
nopember	nopember
dihentikan	di henti kan
dipikirnya	di pikir nya
merealokasikan	men realokasi kan
menganugerahkan	men anugerah kan
jatuh	jatuh
pemuridan	pen murid an
investasinya	investasi nya
angkanya	angka nya
merindukan	men rindu kan
klasik	klasik
lebar	lebar
telingamu	telinga mu
menggumamkan	men gumam kan
internet	internet
untung	untung
fokusnya	fokus nya
dilempar	di lempar
ismail	ismail
disibukkan	di sibuk kan
natal	natal
dituturkan	di tutur kan
bergelantungan	ber gelantung an
memerintahkan	men perintah kan
menjejakkan	men jejak kan
penutupan	pen tutup an
menyimpang	men simpang
perintah	perintah
penyesuaian	pen sesuai an
kulkas	kulkas
mencukupi	men cukup i
mudahnya	mudah nya
melobi	men lobi
restoran	restoran
konservasi	konservasi
bermanfaat	ber manfaat
terenggut	ter renggut
terbitkan	terbit kan
pertarungan	per tarung an
perpaduan	per padu an
masanya	masa nya
mengontrakkan	men kontrak kan
penanggung	pen tanggung
politikus	politikus
berasas	ber asas
menjaganya	men jaga nya
semut	semut
lambat	lambat
intens	intens
terowongan	terowongan
nasib	nasib
berdasar	ber dasar
hasratnya	hasrat nya
pelaksananya	pen laksana nya
sebisa	se bisa
menghalangimu	men halang i mu
mengutusnya	men utus nya
dikembalikannya	di kembali kan nya
tersayat	ter sayat
berbagi	ber bagi
elemen	elemen
persalinan	per salin an
direktur	direktur
menggerebek	men gerebek
ditahun	di tahun
menguburkan	men kubur kan
mengikisnya	men kikis nya
sebulan	se bulan
bawah	bawah
terarah	ter arah
diiringi	di iring i
penyataan	pen nyata an
hatinya	hati nya
didanai	di dana i
depan	depan
rangkap	rangkap
salah	salah
pengkaji	pen kaji
goncangan	goncang an
sendirian	sendiri an
sisanya	sisa nya
pembacaan	pen baca an
diikuti	di ikut i
tetesan	tetes an
bangsa	bangsa
berbiaya	ber biaya
penyalur	pen salur
bumi	bumi
beragi	ber ragi
tertolak	ter tolak
barunya	baru nya
ramping	ramping
peranakan	per anak an
bumbu	bumbu
produksinya	produksi nya
ketidakpastian	ke tidak pasti an
komersil	komersil
takuti	takut i
panduan	pandu an
mengkonfirmasi	men konfirmasi
mengabaikannya	men abai kan nya
penggerak	pen gerak
klasiknya	klasik nya
tinjauan	tinjau an
terobsesi	ter obsesi
ragukan	ragu kan
posko	posko
pengusulan	pen usul an
capnya	cap nya
isak	isak
sejahtera	sejahtera
serakah	serakah
pertalian	per tali an
keguguran	ke gugur an
menyeret	men seret
saraf	saraf
terdiri	ter diri
bertumpu	ber tumpu
genetik	genetik
membuahkan	men buah kan
bersalah	ber salah
satker	satker
dikatakannya	di kata kan nya
sokongan	sokong an
pucuk	pucuk
mandi	mandi
keluarkan	keluar kan
keraskan	keras kan
peritel	pen ritel
ditutup	di tutup
astronot	astronot
simpulan	simpul an
demokrasi	demokrasi
negarawan	negara wan
baterai	baterai
persetujuan	per setuju an
penghargaan	pen harga an
materinya	materi nya
nasabahnya	nasabah nya
berlomba	ber lomba
resah	resah
perlengkapannya	per lengkap an nya
pegawainya	pegawai nya
benar	benar
melukai	men luka i
lazim	lazim
disertifikasi	di sertifikasi
perawat	pen rawat
diberikannya	di beri kan nya
rumput	rumput
mikrofon	mikrofon
diperebutkan	di per rebut kan
menggembala	men gembala
dokumen	dokumen
menggunting	men gunting
ditekankan	di tekan kan
ditandatangani	di tandatangan i
merebut	men rebut
serap	serap
kuku	kuku
hiasan	hias an
medalinya	medali nya
ampuh	ampuh
angin	angin
mentimun	mentimun
didengarkan	di dengar kan
diderita	di derita
perahunya	perahu nya
dilumpuhkan	di lumpuh kan
pencanangan	pen canang an
pendesentralisasian	pen desentralisasi an
dekat	dekat
pertikaian	pertikaian
terkagum	ter kagum
mencobanya	men coba nya
diledakkan	di ledak kan
otoritasnya	otoritas nya
taiwan	tai wan
mengirimkannya	men kirim kan nya
memukau	men pukau
tampak	tampak
dekan	dek an
lambannya	lamban nya
peminatnya	pen minat nya
dimaknai	di makna i
arkeologi	arkeologi
melukainya	men luka i nya
diacuhkan	di acuh kan
mengadukan	men adu kan
dipicu	di picu
ajaib	ajaib
depkes	depkes
pemilihannya	pen pilih an nya
cermat	cermat
menteri	menteri
tepung	tepung
bidangnya	bidang nya
dibawanya	di bawa nya
tersapu	ter sapu
mengulangnya	men ulang nya
diidentifikasikan	di identifikasi kan
sesignifikan	se signifikan
misi	misi
bergantungnya	ber gantung nya
kurasa	ku rasa
dikonfirmasi	di konfirmasi
simpan	simpan
potongan	potong an
mengadili	men adil i
hapuskan	hapus kan
muram	muram
sebijaksana	se bijaksana
dikhotbahkan	di khotbah kan
sekuler	sekuler
renangnya	renang nya
berkompromi	ber kompromi
gajinya	gaji nya
lompatan	lompat an
kejatuhannya	ke jatuh an nya
landas	landas
orangtuaku	orangtua aku
bersamanya	ber sama nya
praktik	praktik
menakutkan	men takut kan
sawit	sawit
paman	paman
manfaat	manfaat
merepresentasi	men representasi
menggembalakan	men gembala kan
bebasnya	bebas nya
tersajikan	ter saji kan
baki	bak i
berkenan	ber kenan
diasuransikan	di asuransi kan
resminya	resmi nya
sekurangnya	se kurang nya
jurnalnya	jurnal nya
mulut	mulut
takjub	takjub
pengobatannya	pen obat an nya
usul	usul
situasinya	situasi nya
intensitas	intensitas
suriah	suriah
menyeluruh	menyeluruh
berbisik	ber bisik
mengunci	men kunci
aktivitasnya	aktivitas nya
menyedot	men sedot
beracun	ber racun
benak	benak
tercengang	ter cengang
antarteman	antar teman
oknum	oknum
pemeliharaan	pen pelihara an
penggelembungan	pen gelembung an
menegarkan	men tegar kan
penjajahan	pen jajah an
akumulasi	akumulasi
iringan	iring an
identik	identik
penyusutan	pen susut an
sentuh	sentuh
jariku	jari ku
penagih	pen tagih
selebihnya	se lebih nya
tulus	tulus
latihannya	latih an nya
menghiburnya	men hibur nya
penahan	pen tahan
penggalian	pen gali an
berambisi	ber ambisi
melayu	melayu
antarkuota	antar kuota
kanan	kanan
memalsukan	men palsu kan
otomotif	otomotif
sepengetahuan	se pengetahuan
ringkas	ringkas
progresif	progresif
haknya	hak nya
segmen	segmen
kasihnya	kasih nya
ishak	ishak
pemeriksaan	pen periksa an
sehebat	se hebat
penghilangan	pen hilang an
laki	laki
didapat	di dapat
ditanamkan	di tanam kan
mendistribusikan	men distribusi kan
jenis	jenis
memukul	men pukul
terpikirkan	ter pikir kan
ceritanya	cerita nya
digulirkan	di gulir kan
distributor	distributor
dilembagakan	di lembaga kan
panah	panah
kupercaya	ku percaya
pengairan	pen air an
dilukis	di lukis
tersulit	ter sulit
kehadirannya	ke hadir an nya
gua	gua
diselamatkannya	di selamat kan nya
penekan	pen tekan
terpenuhi	men penuh i
ditulisnya	di tulis nya
pengalih	pen alih
meratifikasi	men ratifikasi
pengembara	pen kembara
tani	tani
pencairan	pen cair an
mengabaikan	men abai kan
menghabiskan	men habis kan
mengintai	men intai
menghantarkan	men hantar kan
sekeliling	se keliling
balap	balap
bendahara	bendahara
dipasang	di pasang
diperlihatkan	di per lihat kan
dihalangi	di halang i
dilibatkannya	di libat kan nya
seiring	seiring
dendam	dendam
melintasi	men lintas i
bola	bola
betina	betina
matang	matang
dikorbankan	di korban kan
koalisi	koalisi
penyaliban	pen salib an
duta	duta
hati	hati
raga	raga
komunitas	komunitas
kesenjangan	kesenjangan
sedahsyat	se dahsyat
semacam	se macam
mempekerjakan	men pekerja kan
basis	basis
dimakannya	di makan nya
roboh	roboh
liar	liar
fasilitator	fasilitator
timbulnya	timbul nya
ibuku	ibu ku
berkurang	ber kurang
tersendat	tersendat
membelakangi	men belakang i
sejarah	sejarah
penjualannya	pen jual an nya
liburan	libur an
sesaat	se saat
rontokan	rontok an
sesuatu	sesuatu
instansinya	instansi nya
terberat	ter berat
menetapkan	men tetap kan
pengelompokan	pen kelompok an
pembayaran	pen bayar an
apartemen	apartemen
damai	damai
mencocokkan	men cocok kan
terakhir	ter akhir
jawabku	jawab ku
menyusui	men susu i
peningkatannya	pen tingkat an nya
menerapkan	men terap kan
pencerahan	pen cerah an
kentang	kentang
memprediksikan	men prediksi kan
kelanjutan	ke lanjut an
menyingkir	men singkir
mimpinya	mimpi nya
diragukan	di ragu kan
kampanyenya	kampanye nya
proteinnya	protein nya
dipikat	di pikat
muara	muara
hayatnya	hayat nya
perawatannya	pen rawat an nya
pengeringan	pen kering an
wasit	wasit
sisa	sisa
umumnya	umum nya
tepukan	tepuk an
antarmasyarakat	antar masyarakat
disiapkan	di siap kan
sebut	sebut
perburuan	per buru an
pendorong	pen dorong
menjamin	men jamin
terselubung	ter selubung
membidangi	men bidang i
duduk	duduk
terjaminnya	ter jamin nya
dilandasi	di landas i
sebulir	se bulir
pembatasan	pen batas an
membunuh	men bunuh
penebangan	pen tebang an
bergilir	ber gilir
direkonstruksi	di rekonstruksi
pelajarannya	pelajar an nya
membakarmu	men bakar mu
bantuannya	bantu an nya
brutonya	bruto nya
poster	poster
penunjukkan	penunjukkan
dimuat	di muat
bermerk	ber merk
memilihkan	men pilih kan
menumpang	men tumpang
perencanaannya	pen rencana an nya
konkrit	konkrit
tuanya	tua nya
dibebaskan	di bebas kan
gencarnya	gencar nya
target	target
awalnya	awal nya
pendelegasian	pen delegasi an
mengantri	men antri
terdalam	ter dalam
enumerasinya	enumerasi nya
mula	mula
atap	atap
memasukan	men pasukan
muat	muat
kerinduannya	ke rindu an nya
vonis	vonis
berkenalan	ber kenal an
insinyur	insinyur
disarankan	di saran kan
junjunganku	junjung an ku
diperlunak	di per lunak
pakunya	paku nya
pemutakhiran	pen mutakhir an
merambah	men rambah
dikoreksi	di koreksi
memberitahunya	men beritahu nya
penyiangan	pen siang an
terakhirnya	ter akhir nya
mengering	men kering
kantornya	kantor nya
membatasinya	men batas i nya
memayungi	men payung i
berorang	ber orang
mendulang	men dulang
apresiasi	apresiasi
jerman	jerman
laporan	lapor an
pemenuhan	pen penuh an
terkucil	ter kucil
transportasi	transportasi
bertani	ber tani
lembab	lembab
pemusik	pen musik
ditampilkan	di tampil kan
pengikut	pen ikut
dipetakan	di peta kan
dibutuhkan	di butuh kan
menegur	men tegur
setuju	setuju
bangun	bangun
perjudian	per judi an
merayakannya	men raya kan nya
hariannya	hari an nya
tertular	ter tular
mewajibkan	men wajib kan
ketidakcocokan	ke tidak cocok an
terkena	ter kena
antarbadan	antar badan
kawin	kawin
penjala	pen jala
tokonya	toko nya
menyingkirkan	men singkir kan
balau	balau
mengingatkannya	men ingat kan nya
penampung	pen tampung
harapan	harap an
beraneka	ber aneka
perancang	pen rancang
memanggang	men panggang
tumpuan	tumpu an
usus	usus
sepupu	sepupu
bertekuk	ber tekuk
pendaftaran	pen daftar an
massal	massal
penyusun	pen susun
mengembalikan	men kembali kan
lunas	lunas
menceraikan	men cerai kan
antargenerasi	antar generasi
kuartal	kuartal
saji	saji
patung	patung
disodorkan	di sodor kan
pedih	pedih
dilukai	di luka i
dibaharui	di baharu i
pengasih	pen kasih
mewawancarai	men wawancara i
tim	tim
menegaskan	men tegas kan
menanyai	men tanya i
berunjuk	ber unjuk
pengerukan	pen keruk an
tertuang	ter tuang
dimintakan	di minta kan
teriakku	teriak ku
terjalinnya	ter jalin nya
sampah	sampah
pertambangan	per tambang an
kepemimpinannya	kepemimpinan nya
pengunduran	pen undur an
pertandingan	per tanding an
yatim	yatim
reaktif	reaktif
terlukiskan	ter lukis kan
konsultasi	konsultasi
ditanggung	di tanggung
tanya	tanya
memfotokopi	men fotokopi
cemar	cemar
diberlakukan	di ber laku kan
ternaknya	ternak nya
memberdayakan	men ber daya kan
menghilangnya	men hilang nya
institusional	institusional
condong	condong
mencoba	men coba
mencetuskan	men cetus kan
mendatangi	men datang i
ancaman	ancam an
pelayarannya	pen layar an nya
suku	suku
buku	buku
subjektivitasnya	subjektivitas nya
medisnya	medis nya
mogok	mogok
laporkan	lapor kan
disidangkan	di sidang kan
hartanya	harta nya
dicerai	di cerai
pelayan	pen layan
membimbingnya	men bimbing nya
didedikasikan	di dedikasi kan
bertanya	ber tanya
dicerminkan	di cermin kan
bubar	bubar
membahas	men bahas
membenahi	men benah i
sampan	sampan
tipu	tipu
gelas	gelas
klien	klien
ragam	ragam
perbukitan	per bukit an
dipandu	di pandu
tonton	tonton
menjala	men jala
disisi	di sisi
pendidikannya	pen didik an nya
membuktikannya	men bukti kan nya
berkonsentrasi	ber konsentrasi
api	api
pintas	pintas
mengubahkan	men ubah kan
memasang	men pasang
bodohnya	bodoh nya
komplain	komplain
keramik	keramik
berbelanja	ber belanja
penghuninya	pen huni nya
buruknya	buruk nya
peredaran	per edar an
kilang	kilang
berurusan	ber urus an
jubahnya	jubah nya
dipinjamkan	di pinjam kan
patokan	patok an
ekor	ekor
perbankan	per bank an
duga	duga
tersempit	ter sempit
cd	cd
mengenalinya	men kenal i nya
pengulangan	pen ulang an
ditetapkan	di tetap kan
detak	detak
penataan	pen tata an
pemeluk	pen peluk
cerminkan	cermin kan
retribusi	retribusi
mendakwa	men dakwa
dusunnya	dusun nya
mengatur	men atur
penyampaiannya	pen sampai an nya
perenang	pen renang
melatarbelakangi	men latarbelakang i
bergerak	ber gerak
ditentukan	di tentu kan
menjatuhi	men jatuh i
melintas	men lintas
total	total
ajang	ajang
antardepartemen	antar departemen
gaya	gaya
terhalang	ter halang
kontak	kontak
disadarkan	di sadar kan
sehari	se hari
kontes	kontes
efisiensi	efisiensi
disyukuri	di syukuri
surgawi	surgawi
perkawinannya	per kawin an nya
menuntutnya	men tuntut nya
terpuruk	ter puruk
biografi	biografi
tersembunyi	ter sembunyi
miliki	milik i
menyetorkan	men setor kan
bergulir	ber gulir
perenungannya	pen renung an nya
sebotol	se botol
menumpasnya	men tumpas nya
ganjil	ganjil
barisan	baris an
meracuni	men racun i
bulan	bulan
disisihkan	di sisih kan
kepala	kepala
gerakan	gerak an
berdosa	ber dosa
kuharap	ku harap
dibayangkan	di bayang kan
kalah	kalah
superior	superior
etis	etis
terpisahkan	ter pisah kan
profesionalismenya	profesionalisme nya
ketat	ketat
menyaksikannya	men saksi kan nya
perceraiannya	per cerai an nya
terpanggil	ter panggil
tiketnya	tiket nya
pengalengan	pen kaleng an
diluputkan	di luput kan
merealokasi	men realokasi
konsistennya	konsisten nya
garapan	garap an
rudal	rudal
satkernya	satker nya
komputerisasi	komputerisasi
dibakar	di bakar
perkataanku	per kata an ku
kecurigaan	ke curiga an
panahnya	panah nya
beliau	beliau
operasionalnya	operasional nya
mengantarkan	men antar kan
membina	men bina
mengeluarkan	men keluar kan
hantu	hantu
halal	halal
provinsinya	provinsi nya
banyaknya	banyak nya
seniman	seniman
alot	alot
tekun	tekun
geografi	geografi
sederajat	se derajat
inspektur	inspektur
efisiennya	efisien nya
layani	layan i
organisasinya	organisasi nya
bekas	bekas
mengakomodasi	men akomodasi
biskuit	biskuit
tarifnya	tarif nya
merekrut	men rekrut
air	air
sinkronisasi	sinkronisasi
membidik	men bidik
artistik	artistik
percayai	percaya i
peringkat	peringkat
terpikat	ter pikat
pengelolaannya	pen kelola an nya
merampok	men rampok
penginjilannya	pen injil an nya
tercabut	ter cabut
referensi	referensi
duri	duri
memfasilitasi	men fasilitas i
mengakibatkan	men akibat kan
penyelidikan	pen selidik an
bocor	bocor
nonmakanan	non makan an
permintaan	per minta an
dilahirkan	di lahir kan
terkendala	ter kendala
pungutnya	pungut nya
dijemput	di jemput
terjadi	ter jadi
memanah	men panah
tergoda	ter goda
memagari	men pagar i
dipinjami	di pinjam i
didokumentasikan	di dokumentasi kan
ketahanan	ke tahan an
gitar	gitar
selisih	selisih
ciptaan	cipta an
sini	sini
memetakan	men peta kan
dititipkannya	di titip kan nya
bibit	bibit
menandaskan	men tandas kan
menebus	men tebus
menanggulangi	men tanggulang i
hitung	hitung
berhentinya	ber henti nya
memainkannya	men main kan nya
makhluk	makhluk
didesentralisasikan	di desentralisasi kan
stakeholder	stakeholder
menjajaki	men jajak i
perpisahan	per pisah an
perkataanmu	per kata an mu
diluluskan	di lulus kan
sekunder	sekunder
lanjutannya	lanjut an nya
mendanai	men dana i
menakar	men takar
suruh	suruh
tahanan	tahan an
diukir	di ukir
tentunya	tentu nya
pemenang	pen menang
kunjungan	kunjung an
kagum	kagum
seyakin	se yakin
debitur	debitur
terlayani	ter layan i
merawat	men rawat
sejawatnya	se jawat nya
menyambut	men sambut
teladannya	teladan nya
keju	keju
pembaruan	pen baru an
minim	minim
tegas	tegas
pesanannya	pesan an nya
memandangnya	men pandang nya
pencairannya	pen cair an nya
bekasi	bekas i
menolong	men tolong
dianalisis	di analisis
tumbuhan	tumbuh an
pertanian	per tani an
menyusut	men susut
tempuran	tempur an
koordinasinya	koordinasi nya
membelenggu	men belenggu
proyeksi	proyeksi
lurah	lurah
cangkang	cangkang
statis	statis
merendahkan	men rendah kan
lolos	lolos
pulang	pulang
mengelak	men elak
baris	baris
penyalurannya	pen salur an nya
dikenali	di kenal i
diajar	di ajar
intensif	intensif
pelemparan	pen lempar an
diatasi	di atas i
kerah	kerah
muhammad	muhammad
terburuk	ter buruk
pembukaan	pen buka an
mati	mati
kartun	kartun
mengangkatnya	men angkat nya
terdampak	ter dampak
kontribusi	kontribusi
menerimanya	men terima nya
turbin	turbin
jurnalisme	jurnalisme
grup	grup
ukurannya	ukur an nya
canggung	canggung
transaksinya	transaksi nya
wakilnya	wakil nya
ayat	ayat
mengeluarkannya	men keluar kan nya
rumitnya	rumit nya
ditarik	di tarik
pemborosan	pen boros an
dimuntahkan	di muntah kan
tenaganya	tenaga nya
sedih	sedih
merintangi	men rintang i
petugas	petugas
berupaya	ber upaya
pemisahan	pen pisah an
dibengkokkan	di bengkok kan
film	film
pelaksanaan	pen laksana an
membolehkan	men boleh kan
sempit	sempit
sepoi	sepoi
berlumpur	ber lumpur
mengajarinya	men ajar i nya
dijatuhkan	di jatuh kan
nyanyiannya	nyanyi an nya
berencana	ber rencana
buah	buah
pulangnya	pulang nya
bagikan	bagi kan
berkunjung	ber kunjung
kerabat	kerabat
tercurah	ter curah
sesat	sesat
digarap	di garap
pizza	pizza
rasul	rasul
ubin	ubin
rumahan	rumah an
mahasiswa	mahasiswa
gali	gali
diwakilkan	di wakil kan
menyebalkan	men sebal kan
punggungnya	punggung nya
tembusan	tembus an
berkarat	ber karat
mendukungnya	men dukung nya
bernada	ber nada
paragraf	paragraf
durhaka	durhaka
nafas	nafas
unggas	unggas
berjuang	ber juang
diambang	di ambang
manusianya	manusia nya
menko	menko
curiga	curiga
terpadu	ter padu
dikupas	di kupas
menembakkan	men tembak kan
terulang	ter ulang
perwira	perwira
skornya	skor nya
contoh	contoh
padang	padang
projek	projek
memerintah	men perintah
esensi	esens i
melupakanku	men lupa kan ku
gelang	gelang
memindahkan	men pindah kan
bertengger	bertengger
permasalahan	per masalah an
mengirimnya	men kirim nya
terbelenggu	ter belenggu
ditambahkan	di tambah kan
perceraian	per cerai an
bertanggung	ber tanggung
prakarsa	prakarsa
memandang	men pandang
diteladankan	di teladan kan
kontribusinya	kontribusi nya
sabtu	sabtu
gawangnya	gawang nya
menewaskan	men tewas kan
kritik	kritik
menempel	men tempel
angkatan	angkat an
kandangnya	kandang nya
cuaca	cuaca
jam	jam
tercapai	ter capai
akses	akses
bermunculan	ber muncul an
dunianya	dunia nya
melingkupi	men lingkup i
menghindari	men hindar i
pegunungan	pegunungan
terurus	ter urus
dialokasikan	di alokasi kan
limbah	limbah
fakta	fakta
memperhadapkan	men hadap kan
kompromi	kompromi
penglihatan	penglihatan
ketidakjelasan	ke tidak jelas an
tumpang	tumpang
disiapkannya	di siap kan nya
gigitannya	gigit an nya
muslim	muslim
diwarisi	di waris i
seluas	se luas
kertasnya	kertas nya
dipinjam	di pinjam
gawat	gawat
terjamin	ter jamin
terseleksi	ter seleksi
setahap	se tahap
bercerai	ber cerai
mengandung	men kandung
deras	deras
maknanya	makna nya
pemungutannya	pen pungut an nya
pesona	pesona
pasang	pasang
pelajaran	pelajar an
merubuhkan	men rubuh kan
positif	positif
cipta	cipta
pemberkatan	pen berkat an
dihancurkan	di hancur kan
kecilnya	kecil nya
menghakimi	men hakim i
mengamanatkan	men amanat kan
arang	arang
manja	manja
ungkap	ungkap
transparannya	transparan nya
bertanggungjawab	ber tanggungjawab
relokasi	relokasi
mengurutkan	men urut kan
berulang	ber ulang
dimusnahkan	di musnah kan
kuil	kuil
dilucuti	di lucut i
setingkat	se tingkat
melambung	men lambung
menjanjikan	men janji kan
hawa	hawa
membawanya	men bawa nya
menyatu	men satu
terakumulasi	ter akumulasi
penjagaan	pen jaga an
membangkitkanku	men bangkit kan ku
tundukkan	tunduk kan
diambil	di ambil
keheranan	ke heran an
bawa	bawa
didiknya	didik nya
pengaruh	pengaruh
pengemudi	pen kemudi
kejadian	ke jadi an
dipasarkan	di pasar kan
mengakar	men akar
penjumlahan	pen jumlah an
dianggarkan	di anggar kan
kecolongan	kecolongan
tanggungjawab	tanggungjawab
diberitahu	di beritahu
diasosiasikan	di asosiasi kan
nota	nota
istana	istana
dikonfirmasikan	di konfirmasi kan
wajahnya	wajah nya
ditjen	ditjen
merelakan	men rela kan
chevy	chevy
terstruktur	ter struktur
membujuknya	men bujuk nya
larangan	larang an
rotasi	rotasi
ditanyai	di tanya i
menggerakkan	men gerak kan
berterus	ber terus
diairi	di air i
mandatnya	mandat nya
diusir	di usir
diperdagangkan	di per dagang kan
terperinci	ter pen rinci
diuruskan	di urus kan
dimasukkannya	di masuk kan nya
eropa	eropa
dialog	dialog
letusan	letus an
antarpasangan	antar pasang an
hancur	hancur
embun	embun
desember	desember
menimbun	men timbun
hadapannya	hadap an nya
dikurung	di kurung
ekspansi	ekspansi
sistem	sistem
menggoda	men goda
pemangku	pen pangku
bergegas	ber gegas
integrasi	integrasi
longgarnya	longgar nya
kelompok	kelompok
didera	di dera
iklan	iklan
dipulihkan	di pulih kan
meningkatkan	men tingkat kan
dinas	dinas
menyimpulkan	men simpul kan
antipesawat	anti pesawat
ketidakpatuhan	ke tidak patuh an
dididik	di didik
sumberdaya	sumberdaya
ditambah	di tambah
mewarnai	men warna i
pisau	pisau
berwujud	ber wujud
dikasihi	di kasih i
berjauhan	ber jauh an
merakit	men rakit
ditimpa	di timpa
dilema	dilema
persaingannya	per saing an nya
istri	istri
dibagi	di bagi
baca	baca
pembahasan	pen bahas an
dibolehkan	di boleh kan
mengunyah	men kunyah
keinginan	ke ingin an
bungkusnya	bungkus nya
kecap	kecap
membenarkan	men benar kan
kesal	kesal
berkompetisi	ber kompetisi
pastikan	pasti kan
menginginkanku	men ingin kan ku
dipublikasikan	di publikasi kan
ukiran	ukir an
konsorsium	konsorsium
diberi	di beri
terlempar	ter lempar
bapamu	bapa mu
diduga	di duga
pemalsu	pen palsu
ekstra	ekstra
distorsi	distorsi
dibagikan	di bagi kan
fotonya	foto nya
triwulanan	triwulan an
pemerintah	pen perintah
direnovasinya	di renovasi nya
kunyah	kunyah
menangkal	men tangkal
relasi	relasi
terisolasi	ter isolasi
serangga	serangga
terakreditasi	ter akreditasi
terangkum	ter rangkum
memperkaya	men kaya
tali	tali
birokrasi	birokrasi
patroli	patroli
menopangnya	men topang nya
mesra	mesra
membungkam	men bungkam
terdidik	ter didik
menyedihkannya	men sedih kan nya
klorofil	klorofil
hibur	hibur
disangkal	di sangkal
alamat	alamat
kemarau	kemarau
tubuh	tubuh
goyangkan	goyang kan
wasitnya	wasit nya
teroris	teroris
dimarahi	di marah i
putra	putra
implikasinya	implikasi nya
berkolaborasi	ber kolaborasi
penginjilan	pen injil an
meragukan	men ragu kan
favorit	favorit
bara	bara
dibungakan	di bunga kan
dikenang	di kenang
kering	kering
mesjid	mesjid
belanjanya	belanja nya
pelanggar	pen langgar
gurunya	guru nya
lehernya	leher nya
putuskan	putus kan
mengejar	men kejar
cantik	cantik
memfasilitas	men fasilitas
pola	pola
mencetak	men cetak
mengarah	men arah
mengabulkan	men kabul kan
merintis	men rintis
tergali	ter gali
terdekat	ter dekat
permasyarakatan	per masyarakat an
wasiat	wasiat
pesan	pesan
efektifnya	efektif nya
bell	bell
perbantahan	per bantah an
lereng	lereng
bruto	bruto
ketidaknyamanan	ke tidak nyaman an
etnik	etnik
potensialnya	potensial nya
pembacanya	pen baca nya
akuisisi	akuisisi
peminjamannya	pen pinjam an nya
catatan	catat an
tanyakan	tanya kan
nampaknya	nampak nya
mempertahankan	men tahan kan
andal	andal
akta	akta
niat	niat
tempati	tempat i
selaras	selaras
berarti	ber arti
penguburan	pen kubur an
dianggap	di anggap
food	food
berargumen	ber argumen
peternakan	peternakan
terbuat	ter buat
diterbitkan	di terbit kan
metode	metode
penguasanya	pen kuasa nya
dipisah	di pisah
mobilisasi	mobilisasi
disingkirkan	di singkir kan
pikirannya	pikir an nya
sumur	sumur
investigasinya	investigasi nya
dilupakan	di lupa kan
manajemen	manajemen
misalnya	misal nya
pemilik	pen milik
persen	persen
lontar	lontar
naiknya	naik nya
menjunjung	men junjung
diunduh	di unduh
hipotesis	hipotesis
khas	khas
antarinstansi	antar instansi
memusyawarahkannya	men musyawarah kan nya
ditusuk	di tusuk
gempa	gempa
pencatat	pen catat
balik	balik
pembantaian	pen bantai an
cengkeh	cengkeh
ajuan	aju an
membagikan	men bagi kan
melenyapkan	men lenyap kan
rahmat	rahmat
rancangan	rancang an
melawan	men lawan
penangkap	pen tangkap
rumusan	rumus an
aumannya	aum an nya
konservatif	konservatif
obligasi	obligasi
berakhir	ber akhir
memperoleh	men peroleh
bergeser	ber geser
tersedot	ter sedot
bentuk	bentuk
menyokong	men sokong
uang	uang
mengupas	men kupas
mengingat	men ingat
lagu	lagu
terserak	ter serak
penyerahan	pen serah an
mandiri	mandiri
terbiasa	ter biasa
bergemuruh	ber gemuruh
menahun	men tahun
menganan	men kanan
menginduk	men induk
minumannya	minum an nya
singapura	singapura
minimnya	minim nya
kualifikasi	kualifikasi
hapus	hapus
mengingatkan	men ingat kan
altar	altar
meringankan	men ringan kan
pekerjaanmu	pekerja an mu
dicerna	di cerna
menuntunnya	men tuntun nya
merelokasikan	men relokasi kan
pahamnya	paham nya
pengadministrasiannya	pen administrasi an nya
konvoi	konvoi
rupanya	rupa nya
dirampok	di rampok
memancingnya	men pancing nya
lamanya	lama nya
terperdaya	ter perdaya
manisnya	manis nya
diredakan	di reda kan
berkala	ber kala
mencekik	men cekik
setianya	setia nya
tergantikan	ter ganti kan
menyita	men sita
transaksi	transaksi
misterius	misterius
tukang	tukang
keberadaannya	keberadaan nya
kebutuhannya	ke butuh an nya
mendesak	men desak
moyang	moyang
gunakan	guna kan
kurs	kurs
polandia	polandia
kuperintahkan	ku perintah kan
saudara	saudara
terlembagakan	ter lembaga kan
merata	men rata
mendaratkan	men darat kan
menjual	men jual
impian	impian
penggagas	pen gagas
perkumpulan	per kumpul an
produktivitasnya	produktivitas nya
rincian	rinci an
diakumulasikannya	di akumulasi kan nya
sanksinya	sanksi nya
basi	bas i
antarkeluarga	antar keluarga
penyidikan	pen sidik an
melaksanakan	men laksana kan
menempuhnya	men tempuh nya
set	set
bersorak	ber sorak
pengubah	pen ubah
semasa	se masa
unta	unta
ras	ras
berfokus	ber fokus
menentangnya	men tentang nya
for	for
bukti	bukti
dibebankan	di beban kan
pembuatannya	pen buat an nya
menyebarluaskan	men sebarluas kan
dicari	di cari
menetes	men tetes
perbudakan	per budak an
menopang	men topang
robek	robek
girangnya	girang nya
favoritnya	favorit nya
diserap	di serap
mempercayai	men percaya i
mewarisi	men waris i
tuhanku	tuhan ku
aceh	aceh
dimapankan	di mapan kan
dihadiri	di hadir i
amati	amati
internal	internal
diobservasi	di observasi
ngengat	ngengat
disampaikannya	di sampai kan nya
penguasaan	pen kuasa an
besarannya	besar an nya
pergeseran	per geser an
memanipulasi	men manipulasi
keterlibatan	ke terlibat an
terkurung	ter kurung
puji	puji
daging	daging
gilirannya	gilir an nya
agustus	agustus
berkelahi	ber kelahi
persiapannya	per siap an nya
kabel	kabel
peralatan	per alat an
ditinjau	di tinjau
menyukseskan	men sukses kan
ciri	ciri
mengajaknya	men ajak nya
karyawannya	karya wan nya
permasalahannya	per masalah an nya
diikutsertakan	di ikutserta kan
terpopuler	ter populer
belakang	belakang
mempergunakan	men guna kan
sampaikan	sampai kan
jatuhkan	jatuh kan
konsepnya	konsep nya
ketidakpuasannya	ke tidak puas an nya
jebol	jebol
merek	merek
melebihkan	men lebih kan
kaleng	kaleng
dicantumkan	di cantum kan
dipikirkan	di pikir kan
sesuainya	sesuai nya
sejauh	se jauh
sumbernya	sumber nya
koneksi	koneksi
dituakan	di tua kan
kepercayaannya	ke percaya an nya
kutempuh	ku tempuh
mengkampanyekan	men kampanye kan
kongres	kongres
fasilitasnya	fasilitas nya
serendah	se rendah
diuntungkan	di untung kan
transparan	transparan
pinjam	pinjam
muslimah	muslimah
lemaknya	lemak nya
belanda	belanda
dicegat	di cegat
disahkannya	di sah kan nya
menyetujuinya	men setuju i nya
memaksanya	men paksa nya
menyuapkannya	men suap kan nya
duka	duka
lunturnya	luntur nya
saljumu	salju mu
jurang	jurang
mendominasi	men dominasi
dinaikkan	di naik kan
dikejar	di kejar
sinergi	sinergi
instrumen	instrumen
ukur	ukur
sejenisnya	se jenis nya
mengevaluasi	men evaluasi
menjalar	men jalar
mengenang	men kenang
diperoleh	di peroleh
zakat	zakat
ketidaksuksesan	ke tidak sukses an
pengusahaan	pen usaha an
berfirman	ber firman
membungkus	men bungkus
berujar	ber ujar
mengimplementasi	men implementasi
tersingkat	ter singkat
obyek	obyek
induknya	induk nya
modul	modul
berprasangka	ber prasangka
perhitungannya	per hitung an nya
diurutkan	di urut kan
merumuskannya	men rumus kan nya
publikasi	publikasi
gelora	gelora
standarisasi	standarisasi
forensik	forensik
menonton	men tonton
pengunjuk	pen unjuk
dikurangi	di kurang i
kusampaikan	ku sampai kan
setapak	se tapak
kepindahan	ke pindah an
penegak	pen tegak
memperkatakan	men kata kan
perlindungan	per lindung an
meminjam	men pinjam
cadang	cadang
bima	bima
antarindustri	antar industri
terkepung	ter kepung
transformasi	transformasi
deposito	deposito
terpakai	ter pakai
buka	buka
militer	militer
unjuk	unjuk
logam	logam
terkasih	ter kasih
pembuat	pen buat
aktris	aktris
apik	apik
nyawaku	nyawa aku
penerimaan	pen terima an
memuaskan	men puas kan
perolehan	peroleh an
menyusul	men susul
urutan	urut an
dibentuk	di bentuk
menyeberangi	men seberang i
peningkatan	pen tingkat an
pemberitahuannya	pen beritahu an nya
bertarung	ber tarung
jamak	jamak
anggap	anggap
menggolkan	men gol kan
diwakilinya	di wakil i nya
berat	berat
menyoroti	men sorot i
menyebutnya	men sebut nya
tertampung	ter tampung
berbenah	ber benah
intensi	intens i
dikendalikan	di kendali kan
orangtuanya	orangtua nya
merebak	men rebak
susut	susut
dagingnya	daging nya
dipaksa	di paksa
gemuruh	gemuruh
dasawarsa	dasawarsa
terpajang	ter pajang
sekeluarga	se keluarga
antarklub	antar klub
upayanya	upaya nya
menciprat	men ciprat
indonesia	indonesia
dimobilisasi	di mobilisasi
buaian	buai an
pindahan	pindah an
pemenuhannya	pen penuh an nya
mutunya	mutu nya
budaknya	budak nya
perpindahan	per pindah an
hanyut	hanyut
dinikahi	di nikah i
fasilitas	fasilitas
gemuk	gemuk
sebidang	se bidang
bersifat	ber sifat
penundaan	pen tunda an
hebatnya	hebat nya
berekspresi	ber ekspresi
mendengarkannya	men dengar kan nya
handuk	handuk
tragis	tragis
berorganisasi	ber organisasi
kombinasi	kombinasi
terbaring	ter baring
mainanmu	main an mu
diperbolehkan	di per boleh kan
terusir	ter usir
selidiki	selidik i
menyedihkan	men sedih kan
mengadakan	men ada kan
angsurannya	angsur an nya
muda	muda
merancang	men rancang
penipuan	pen tipu an
pujian	puji an
sumber	sumber
berhak	ber hak
mengadministrasikan	men administrasi kan
proposal	proposal
putri	putri
dahaga	dahaga
bercela	ber cela
diadakannya	di ada kan nya
menggoncangkan	men goncang kan
menjabarkan	men jabar kan
dicukur	di cukur
menyusahkan	men susah kan
prosedural	prosedural
menemani	men teman i
inisiatifnya	inisiatif nya
mengolah	men olah
jelek	jelek
membengkak	men bengkak
pulau	pulau
terkelompok	ter kelompok
dihubungkan	di hubung kan
ditunda	di tunda
menjelaskannya	men jelas kan nya
khawatirkan	khawatir kan
intimidasi	intimidasi
mengejeknya	men ejek nya
diparkir	di parkir
diplomatik	diplomatik
memelihara	men pelihara
tembus	tembus
melelahkan	men lelah kan
praktiknya	praktik nya
ritel	ritel
pemodal	pen modal
pencair	pen cair
sapi	sapi
alamnya	alam nya
tolongku	tolong ku
permen	permen
domba	domba
seusai	se usai
dibuatkannya	di buat kan nya
sejumlah	se jumlah
kotanya	kota nya
cintanya	cinta nya
pengadilan	pen adil an
kuburan	kubur an
capai	capai
tangkapannya	tangkap an nya
dihadiahi	di hadiah i
persekutuan	per sekutu an
terindah	ter indah
bergunung	ber gunung
selisihnya	selisih nya
operasinya	operasi nya
tampung	tampung
motor	motor
mentah	mentah
pendekatannya	pen dekat an nya
terganggunya	ter ganggu nya
abjad	abjad
diskriminasi	diskriminasi
pers	pers
berpegang	ber pegang
menerapkannya	men terap kan nya
ulasan	ulas an
server	server
berdiskusi	ber diskusi
susulan	susul an
berdedikasi	ber dedikasi
renang	renang
merotasi	men rotasi
awet	awet
menit	menit
gerutu	gerutu
kelapanya	kelapa nya
coklat	coklat
dagingku	daging ku
komersial	komersial
rangkuman	rangkum an
bertenun	ber tenun
sutradara	sutradara
berwawasan	ber wawasan
jaya	jaya
pasokan	pasok an
menjuarai	men juara i
imbangannya	imbang an nya
kerasnya	keras nya
cerita	cerita
menanam	men tanam
berujung	ber ujung
mampuan	mampu an
mengikat	men ikat
dengarkan	dengar kan
lumpur	lumpur
belajar	belajar
komunikasi	komunikasi
menyingkap	men singkap
ketidakpuasan	ke tidak puas an
isteri	isteri
stempel	stempel
membatu	men batu
kelola	kelola
serbuan	serbu an
perwakilannya	per wakil an nya
demokratis	demokratis
meliputi	men liput i
ditinggalkannya	di tinggal kan nya
tesisnya	tesis nya
mandinya	mandi nya
rehabilitasinya	rehabilitasi nya
mengucapkan	men ucap kan
diperhadapkan	di per hadap kan
seruan	seru an
menggandakannya	men ganda kan nya
sarananya	sarana nya
dikenal	di kenal
wewenangnya	wewenang nya
menurun	men turun
balita	balita
panenan	panen an
tercapainya	ter capai nya
munculnya	muncul nya
membolos	men bolos
biologi	biologi
kisarannya	kisar an nya
kondisi	kondisi
merenggut	men renggut
tetes	tetes
berkontribusi	ber kontribusi
terhimpun	ter himpun
bacaan	baca an
menganggukkan	men angguk kan
ajaibnya	ajaib nya
penyuluhan	pen suluh an
sederhanakan	sederhana kan
direspon	di respon
menyesali	men sesal i
pemikir	pen pikir
tertata	ter tata
mengkoordinir	men koordinir
diterimanya	di terima nya
jejak	jejak
harap	harap
dijunjung	di junjung
memindai	men pindai
berorientasi	ber orientasi
mengingatmu	men ingat mu
muslihat	muslihat
menghubungkannya	men hubung kan nya
belasan	belas an
dilemahkan	di lemah kan
ibarat	ibarat
puas	puas
dimainkan	di main kan
menghapuskan	men hapus kan
piala	piala
bapaknya	bapak nya
enak	enak
mudanya	muda nya
konsekuensi	konsekuensi
pendampingan	pen damping an
mengelolanya	men kelola nya
sajian	saji an
berkecukupan	ber ke cukup an
harun	harun
sahabat	sahabat
antarkomunitas	antar komunitas
cair	cair
mengontrak	men kontrak
mengitariku	men kitar i ku
likuiditas	likuiditas
didiagnosis	di diagnosis
terpisah	ter pisah
familinya	famili nya
kesalnya	kesal nya
menyangga	men sangga
kristen	kristen
terik	terik
menayangkan	men tayang kan
nonsaham	non saham
koloni	koloni
mereproduksinya	men reproduksi nya
teraman	ter aman
kencang	kencang
arena	arena
gembalaku	gembala aku
perawatan	pen rawat an
menginvestasikan	men investasi kan
layaknya	layak nya
iblis	iblis
mengadunya	men adu nya
diberatkan	di berat kan
merumput	men rumput
gumpalan	gumpal an
berpisah	ber pisah
bertakhta	ber takhta
cakupannya	cakup an nya
memprakarsai	men prakarsa i
memotivasi	men motivasi
jabatannya	jabat an nya
mematikan	men mati kan
tabungannya	tabung an nya
mawarnya	mawar nya
simpang	simpang
terberatnya	ter berat nya
mengungkap	men ungkap
bertepuk	ber tepuk
kandang	kandang
merayakan	men raya kan
berinteraksi	ber interaksi
mengkhawatirkan	men khawatir kan
ditiru	di tiru
ditakuti	di takut i
membangun	men bangun
menggariskan	men garis kan
penggugat	pen gugat
badai	badai
diseleksi	di seleksi
lambatnya	lambat nya
curahan	curah an
menjadi	men jadi
serikat	serikat
yayasan	yayasan
politiknya	politik nya
pertolongan	per tolong an
rahim	rahim
aturan	atur an
gembalakan	gembala kan
tercatat	ter catat
bawakan	bawa kan
pungutan	pungut an
menggabungkan	men gabung kan
perpajakan	per pajak an
berbunyi	ber bunyi
pembekalan	pen bekal an
utangnya	utang nya
menyinergikan	men sinergi kan
persepsinya	persepsi nya
protokol	protokol
diceritakan	di cerita kan
menganut	men anut
dibantu	di bantu
merapat	men rapat
pikirkan	pikir kan
realitas	realitas
tinju	tinju
langkahnya	langkah nya
tektonik	tektonik
ketatnya	ketat nya
turunnya	turun nya
diperingatkan	di per ingat kan
fasik	fasik
menginspirasi	men inspirasi
mengelabui	men kelabui
biayanya	biaya nya
berbakat	ber bakat
tersimpan	ter simpan
mengusulkannya	men usul kan nya
pengamatannya	pengamat an nya
membicarakannya	men bicara kan nya
ikatan	ikat an
mengeram	men eram
membusukkan	men busuk kan
cacat	cacat
antarpengurus	antar pen urus
diupayakan	di upaya kan
peluru	peluru
kacau	kacau
terakomodasinya	ter akomodasi nya
prestise	prestise
jamu	jamu
antik	antik
diciptakannya	di cipta kan nya
lokalnya	lokal nya
mendetil	men detil
berpengaruh	ber pengaruh
pacuan	pacu an
darussalam	darussalam
posyandu	posyandu
angka	angka
menyangkut	men sangkut
dikenalnya	di kenal nya
bermain	ber main
iklannya	iklan nya
budimu	budi mu
terkuras	ter kuras
cerai	cerai
kami	kami
menggulirkan	men gulir kan
mengeruk	men keruk
memotong	men potong
pasca	pasca
enumerasi	enumerasi
bajakannya	bajak an nya
ketidakberanian	ke tidak berani an
demam	demam
tempatkan	tempat kan
melambaikan	men lambai kan
menggantikan	men ganti kan
isapan	isap an
membutuhkan	men butuh kan
tipis	tipis
menyemburkan	men sembur kan
kaisar	kaisar
antartempat	antar tempat
sadar	sadar
terkonsolidasi	ter konsolidasi
dihargai	di harga i
dipercayakan	di percaya kan
berpesta	ber pesta
memperbarui	men baru i
drastis	drastis
diukur	di ukur
memenangi	men menang i
berkarier	ber karier
menyiarkan	men siar kan
dimiliki	di milik i
menghilangkannya	men hilang kan nya
memuja	men puja
nutrisinya	nutrisi nya
terbayangkan	ter bayang kan
dagangnya	dagang nya
memvonis	men vonis
wujud	wujud
punglinya	pungli nya
didominasi	di dominasi
menyemangati	men semangat i
dipilihnya	di pilih nya
terhambat	ter hambat
rintisan	rintis an
mobil	mobil
1970an	1970 an
berselang	ber selang
alunan	alun an
terasing	ter asing
mengarahkannya	men arah kan nya
pembebanan	pen beban an
dikumandangkan	di kumandang kan
bi	bi
bertukar	ber tukar
fotokopinya	fotokopi nya
lambang	lambang
tubuhmu	tubuh mu
pribadi	pribadi
dipungut	di pungut
menghafalkan	men hafal kan
bagiannya	bagi an nya
mengiring	men iring
mengiklankan	men iklan kan
menulis	men tulis
diikat	di ikat
ilmiah	ilmiah
diumumkan	di umum kan
disinggung	di singgung
melanda	men landa
memilikinya	men milik i nya
proporsinya	proporsi nya
terbuang	ter buang
mengomentari	men komentar i
mencairkan	men cair kan
sopan	sopan
menghadang	men hadang
resmi	resmi
berargumentasi	ber argumentasi
menyiangi	men siang i
rekaan	reka an
menyebarnya	men sebar nya
mengutip	men kutip
milyaran	milyar an
berbuntut	ber buntut
terjaga	ter jaga
minum	minum
elektronik	elektronik
petik	petik
ditembuskan	di tembus kan
tersadar	ter sadar
salib	salib
merajut	men rajut
antardaerah	antar daerah
melatih	men latih
berpakaian	ber pakai an
seindah	se indah
tengah	tengah
sensitif	sensitif
asumsi	asumsi
mengungsi	men ungsi
ranting	ranting
ketidakmampuan	ke tidak mampu an
lidah	lidah
menderita	men derita
disuapi	di suap i
memperingatkan	men ingat kan
menganiaya	men aniaya
penghancuran	pen hancur an
disemayamkan	di semayam kan
rata	rata
bersoal	ber soal
laparnya	lapar nya
daud	daud
ditekuni	di tekun i
timbal	timbal
merestui	men restu i
mencakupi	men cakup i
mendermakan	men derma kan
ketidaktaatan	ke tidak taat an
menggosipkan	men gosip kan
andil	andil
minimal	minimal
perjanjian	per janji an
dihasilkannya	di hasil kan nya
cemerlang	cemerlang
klinik	klinik
advokat	advokat
variasinya	variasi nya
menggugat	men gugat
menorehkan	men toreh kan
skemanya	skema nya
warisnya	waris nya
mulanya	mula nya
mini	min i
dimutakhirkan	di mutakhir kan
pasifik	pasifik
takhta	takhta
pencakar	pen cakar
cukupi	cukup i
licik	licik
disempurnakan	di sempurna kan
mempertegas	men tegas
didengar	di dengar
bervariasinya	ber variasi nya
persahabatan	per sahabat an
terorisme	terorisme
terprogram	ter program
meluruskannya	men lurus kan nya
tolong	tolong
dimilikinya	di milik i nya
mengaruniakan	men karunia kan
penggilingan	pen giling an
imunisasi	imunisasi
hadirnya	hadir nya
unggul	unggul
pemberdayaannya	pemberdayaan nya
lantai	lantai
terkemuka	ter kemuka
sepak	sepak
haman	ham an
berlainan	ber lain an
bakso	bakso
difungsikan	di fungsi kan
ilahinya	ilahi nya
menyumbang	men sumbang
antartingkat	antar tingkat
menyemangatinya	men semangat i nya
sarangnya	sarang nya
besok	besok
botani	botani
diutarakan	di utara kan
menggenapi	men genap i
mempelajari	men pelajar i
perkara	perkara
sepucuk	se pucuk
penunggakan	pen tunggak an
diangsur	di angsur
besoknya	besok nya
perbaikannya	per baik an nya
bergulat	ber gulat
butuh	butuh
berpendapat	ber pen dapat
gejala	gejala
secangkir	se cangkir
disangga	di sangga
sengketa	sengketa
dijanjikan	di janji kan
mengisahkan	men kisah kan
menyalin	men salin
eksportir	eksportir
tanamannya	tanam an nya
laporannya	lapor an nya
dimasukkan	di masuk kan
makanannya	makan an nya
terbang	terbang
jadinya	jadi nya
dagangannya	dagang an nya
voltase	voltase
rambutmu	rambut mu
darahnya	darah nya
mengunjunginya	men kunjung i nya
udang	udang
entitas	entitas
tembok	tembok
menyerah	men serah
santapan	santap an
posyandunya	posyandu nya
menambahkan	men tambah kan
kredit	kredit
pencemaran	pen cemar an
memeriksakan	men periksa kan
memajukan	men maju kan
dihimbau	di himbau
sumatra	sumatra
konvensional	konvensional
kutinggalkan	ku tinggal kan
mentalitas	mentalitas
alumni	alumni
tabung	tabung
jenazah	jenazah
pelajari	pelajar i
perayaan	pen raya an
artian	arti an
sesali	sesal i
agamanya	agama nya
berkuda	ber kuda
mengairi	men air i
letusannya	letus an nya
pelukan	peluk an
merancangkan	men rancang kan
borongan	borong an
beradu	ber adu
antrian	antri an
sayuran	sayur an
direka	di reka
mengadu	men adu
pbb	pbb
disinyalir	di sinyalir
terdukung	ter dukung
diusulkan	di usul kan
menjaga	men jaga
pemula	pen mula
mengoleksi	men koleksi
akibatkan	akibat kan
bos	bos
canada	canada
pilihannya	pilih an nya
hidrogen	hidrogen
digaji	di gaji
penyerahannya	pen serah an nya
berhikmat	ber hikmat
belenggu	belenggu
kontraknya	kontrak nya
goyang	goyang
solo	solo
pemikirannya	pen pikir an nya
berskala	ber skala
sekerja	se kerja
mengaudit	men audit
pelunak	pen lunak
parameter	parameter
hantam	hantam
pasaran	pasar an
menenangkan	men tenang kan
tepian	tepi an
penelitian	pen teliti an
diprakarsai	di prakarsa i
normal	normal
sangkaan	sangka an
anjlok	anjlok
koreksi	koreksi
absen	absen
mendambakan	men damba kan
seintensif	se intensif
tema	tema
bertanding	ber tanding
baitul	baitul
kotornya	kotor nya
tertumpuk	ter tumpuk
dikonsultasikan	di konsultasi kan
banjir	banjir
rapat	rapat
pertemanan	per teman an
antisipasi	antisipasi
kebungkaman	ke bungkam an
gejalanya	gejala nya
isolasi	isolasi
penelaahan	pen telaah an
kiosnya	kios nya
penambah	pen tambah
mengambil	men ambil
pelapor	pen lapor
orde	orde
suami	suami
kakaknya	kakak nya
dijangkau	di jangkau
menggali	men gali
lestari	lestari
sinyal	sinyal
pertanyaan	per tanya an
menunda	men tunda
pentingnya	penting nya
mencampuri	men campur i
rekreasi	rekreasi
sekawasan	se kawasan
penjualan	pen jual an
terdapat	ter dapat
kotorannya	kotor an nya
enaknya	enak nya
dinyatakannya	di nyata kan nya
kuliah	kuliah
terabaikan	ter abai kan
ketidakseragaman	ke tidak seragam an
deklarasi	deklarasi
kokoh	kokoh
sukunya	suku nya
meresahkan	men resah kan
pembangunannya	pen bangun an nya
digadaikan	di gadai kan
diabaikannya	di abai kan nya
mencuri	men curi
pemogokan	pen mogok an
renggang	renggang
akui	aku i
etnis	etnis
ditepati	di tepat i
persemaian	per semai an
polusi	polusi
cetakan	cetak an
mengabdi	men abdi
nyaris	nyaris
sepakat	sepakat
mengklarifikasi	men klarifikasi
pemeringkatan	pen peringkat an
dilantunkannya	di lantun kan nya
meninggalkan	men tinggal kan
antardesa	antar desa
melalaikan	men lalai kan
usang	usang
rendahkan	rendah kan
mengungkapkannya	men ungkap kan nya
iuran	iuran
masukan	masuk an
disaat	di saat
kemukakan	kemuka kan
mendekatinya	men dekat i nya
sebatang	se batang
putranya	putra nya
bergelar	ber gelar
menanggungnya	men tanggung nya
perut	perut
dipastikan	di pasti kan
sekerjanya	se kerja nya
pautnya	paut nya
disepelekan	di sepele kan
menyelubungi	men selubung i
kebangunan	ke bangun an
tersita	ter sita
mental	mental
bobot	bobot
pemesanan	pen pesan an
pencapaian	pen capai an
barangnya	barang nya
mendiktekan	men dikte kan
tampilkan	tampil kan
rasionya	rasio nya
bersinggungan	ber singgung an
penimbunan	pen timbun an
ironis	ironis
terintegrasi	ter integrasi
musuhnya	musuh nya
kiamat	kiamat
perkenalan	per kenal an
kelelawar	kelelawar
sesi	sesi
dipilah	di pilah
memperjuangkan	men juang kan
memfoto	men foto
rekor	rekor
payahmu	payah mu
penempelan	pen tempel an
mencolok	men colok
semenit	se menit
memeriksa	men periksa
menghilang	men hilang
menunjuk	men tunjuk
daratan	darat an
pemecatan	pen pecat an
komplikasi	komplikasi
terpukau	ter pukau
menghamparkan	men hampar kan
dikaruniakan	di karunia kan
lingkar	lingkar
dipertanggungjawabkan	di per tanggungjawab kan
merangkak	men rangkak
bersantap	ber santap
menyuburkan	men subur kan
berawal	ber awal
akuntabilitasnya	akuntabilitas nya
keluhan	keluh an
pengorbanan	pen korban an
penerjemahan	pen terjemah an
dimediasi	di mediasi
memperlancar	men lancar
mencukur	men cukur
berliku	ber liku
diurai	di urai
persegi	persegi
mencanangkan	men canang kan
penghinaan	pen hina an
mendekatkan	men dekat kan
penyucian	pen suci an
maksimum	maksimum
kotamadya	kotamadya
pemungut	pen pungut
penipu	pen tipu
bersepakat	ber sepakat
pendahuluan	pendahulu an
berlutut	ber lutut
pemasok	pen pasok
gusar	gusar
hafalan	hafal an
ditujukan	di tuju kan
perabot	perabot
menelan	men telan
pengurusan	pen urus an
pemelihara	pen pelihara
duplikasi	duplikasi
bertingkat	ber tingkat
penari	pen tari
kimiawi	kimiawi
perumpamaannya	per umpama an nya
bahas	bahas
kandangmu	kandang mu
mempersempit	men sempit
sup	sup
hakim	hakim
dibangunnya	di bangun nya
buruk	buruk
terucap	ter ucap
menghambat	men hambat
sidik	sidik
amarah	amarah
timah	timah
disuntik	di suntik
pengecer	pen ecer
gubernur	gubernur
aksesnya	akses nya
akrab	akrab
lelah	lelah
perempuannya	perempuan nya
hitungan	hitung an
penyelesaian	pen selesai an
pemberian	pen beri an
melebihi	men lebih i
perspektif	perspektif
rute	rute
istilah	istilah
permulaan	per mula an
masjid	masjid
ditekan	di tekan
musyawarah	musyawarah
menjualnya	men jual nya
disetorkan	di setor kan
perampingan	pen ramping an
pelindungnya	pen lindung nya
daratnya	darat nya
mengidentifikasikan	men identifikasi kan
surabaya	surabaya
antusias	antusias
gratis	gratis
diupah	di upah
teman	teman
berkewajiban	ber ke wajib an
pemilahan	pen pilah an
syaraf	syaraf
kabul	kabul
berfluktuasi	ber fluktuasi
sensasi	sensasi
memadamkan	men madam kan
cacing	cacing
dikombinasikan	di kombinasi kan
pengurutan	pen urut an
mengaburkan	men kabur kan
bisnis	bisnis
senasib	se nasib
tertua	ter tua
penumpukan	pen tumpuk an
antarbidang	antar bidang
sayapnya	sayap nya
tangan	tangan
pengasinan	pen asin an
tebus	tebus
selesai	selesai
berdomisili	ber domisili
bersahabat	ber sahabat
hasil	hasil
perampok	pen rampok
menceritakan	men cerita kan
diperkenan	di per kenan
berkemungkinan	ber kemungkinan
jahe	jahe
diblokir	di blokir
malapetaka	malapetaka
ramah	ramah
pendataan	pen data an
pertanaman	per tanam an
jauhnya	jauh nya
proyek	proyek
diarahkan	di arah kan
tahapan	tahap an
lembaga	lembaga
peniru	pen tiru
terperangkap	ter pen rangkap
identitas	identitas
dikirimkan	di kirim kan
sebangsaku	se bangsa aku
membelokkan	men belok kan
pertambahan	per tambah an
tanganmu	tangan mu
dilengkapi	di lengkap i
transisi	transisi
ruh	ruh
memberikannya	men beri kan nya
terbitnya	terbit nya
diputuskan	di putus kan
beradaptasi	ber adaptasi
mengalokasikan	men alokasi kan
mengklasifikasi	men klasifikasi
pandang	pandang
komersialnya	komersial nya
menguasainya	men kuasa i nya
dihuni	di huni
jarak	jarak
fisika	fisika
persaingan	per saing an
pemantau	pen pantau
antarpemerintahan	antar pen perintah an
menghafal	men hafal
terjalin	ter jalin
jamuan	jamu an
penumpangan	pen tumpang an
pencantuman	pen cantum an
diluruskan	di lurus kan
arahan	arah an
turis	turis
lokasi	lokasi
asi	as i
dikendarainya	di kendara i nya
badannya	badan nya
menerangkan	men terang kan
membuangnya	men buang nya
kedelai	kedelai
berkondisi	ber kondisi
memegangnya	men pegang nya
mengimplementasikan	men implementasi kan
bedanya	beda nya
dikemas	di kemas
pasukan	pasukan
berpemerintahan	ber pen perintah an
steril	steril
penebus	pen tebus
ditebus	di tebus
berhubung	ber hubung
diverifikasi	di verifikasi
cinta	cinta
mm	mm
maraknya	marak nya
denyut	denyut
karet	karet
terlontar	ter lontar
meninggikan	men tinggi kan
rintangan	rintang an
dipelajari	di pelajar i
kamis	kamis
diulangi	di ulang i
diintegrasikan	di integrasi kan
deretan	deret an
menguduskan	men kudus kan
bersejarah	ber sejarah
pendamaian	pen damai an
menyebabkannya	men sebab kan nya
esa	esa
pakan	pakan
terhindarkan	ter hindar kan
manfaatnya	manfaat nya
menjangkau	men jangkau
gangguan	ganggu an
terhubungi	ter hubung i
disamakan	di sama kan
penyangga	pen sangga
netral	netral
klaim	klaim
didapatnya	di dapat nya
bahasan	bahas an
apresiasinya	apresiasi nya
sarana	sarana
antarkepala	antar kepala
usulannya	usul an nya
popoknya	popok nya
membalikkan	men balik kan
amal	amal
menyapu	men sapu
tertekan	ter tekan
bayi	bayi
membuatmu	men buat mu
batas	batas
pengejaran	pen kejar an
percakapan	per cakap an
mungilnya	mungil nya
memutuskan	men putus kan
direkomendasikan	di rekomendasi kan
kebunnya	kebun nya
memujikan	men puji kan
seimannya	se iman nya
terpendam	ter pendam
mengenyahkan	men enyah kan
memarkir	men parkir
perkelahian	per kelahi an
penggoda	pen goda
saya	saya
persalinannya	per salin an nya
mengampuni	men ampun i
rindukan	rindu kan
bersekutu	ber sekutu
reguler	reguler
mengabarkan	men kabar kan
akbar	akbar
pengumpul	pen kumpul
gerilyawan	gerilya wan
ditempuhnya	di tempuh nya
dihadirkan	di hadir kan
nondepartemen	non departemen
diplomasi	diplomasi
bus	bus
komitenya	komite nya
prancis	prancis
penghiburan	pen hibur an
tonggak	tonggak
diperbarui	di per baru i
sampingnya	samping nya
seimbang	seimbang
berkorban	ber korban
pertolongannya	per tolong an nya
termutakhir	ter mutakhir
budi	budi
leher	leher
huni	huni
tolak	tolak
musiknya	musik nya
kompetisi	kompetisi
praktisnya	praktis nya
penyegaran	pen segar an
berganti	ber ganti
subkontrak	subkontrak
dihadapi	di hadap i
infrastrukturnya	infrastruktur nya
mengkhususkan	men khusus kan
nenek	nenek
setahun	se tahun
mengadopsi	men adopsi
diutus	di utus
ujungnya	ujung nya
sejumput	se jumput
dipacu	di pacu
perdata	perdata
lawatan	lawatan
antarpemerintah	antar pen perintah
kaku	kaku
maret	maret
mengagumi	men kagum i
perhambaan	per hamba an
terlihat	ter lihat
menatap	men tatap
kapas	kapas
penyortiran	pen sortir an
bisbol	bisbol
langsing	langsing
imigrasi	imigrasi
khasiatnya	khasiat nya
penciuman	pen cium an
berasaskan	ber asas kan
kualifikasinya	kualifikasi nya
sebenarnya	se benar nya
tertimpa	ter timpa
kriminal	kriminal
buyut	buyut
teguh	teguh
giliran	gilir an
praktek	praktek
penumpang	pen tumpang
firaun	firaun
pelebaran	pen lebar an
mengkoordinasikannya	men koordinasi kan nya
grosir	grosir
kukasihi	ku kasih i
bloknya	blok nya
diinformasikan	di informasi kan
dibutakan	di buta kan
lamban	lamban
tengkorak	tengkorak
bentukan	bentuk an
peregangan	pen regang an
ayatnya	ayat nya
bungsu	bungsu
pencoretan	pen coret an
mengecam	men kecam
prospek	prospek
urusanku	urus an ku
monopoli	monopoli
lintasan	lintas an
berperkara	ber perkara
berminat	ber minat
berteknologi	ber teknologi
menguatkan	men kuat kan
bertentangan	ber tentang an
dibuatnya	di buat nya
solusinya	solusi nya
tehnya	teh nya
pendata	pen data
penyegelan	pen segel an
pala	pala
efisien	efisien
dikompilasi	di kompilasi
teruskan	terus kan
mencegah	men cegah
lemahnya	lemah nya
punya	punya
memuat	men muat
berserah	ber serah
memfotonya	men foto nya
persaudaraannya	per saudara an nya
gugus	gugus
pesaing	pesaing
berkreasi	ber kreasi
mempekerjakannya	men pekerja kan nya
sampul	sampul
bahagia	bahagia
kehadiran	ke hadir an
diselidiki	di selidik i
tembakau	tembakau
antarwilayah	antar wilayah
dililiti	di lilit i
karirnya	karir nya
dimotivasi	di motivasi
meyakinkan	men yakin kan
diliputi	di liput i
dimata	di mata
membombardir	men bombardir
sifatnya	sifat nya
pembalasan	pen balas an
dipatok	di patok
berlangganan	ber langgan an
perserikatan	per serikat an
perkreditan	per kredit an
percepatan	per cepat an
didalamnya	di dalam nya
ucapan	ucap an
berlangsung	ber langsung
diolesi	di oles i
anaknya	anak nya
delima	delima
konversi	konversi
ditimbang	di timbang
memodernisasi	men modernisasi
sangkut	sangkut
tabrak	tabrak
penambang	pen tambang
terdapatnya	ter dapat nya
utusan	utus an
gelanggang	gelanggang
kecenderungan	kecenderungan
peta	peta
fitur	fitur
dipaksakan	di paksa kan
kejadiannya	ke jadi an nya
dipadati	di padat i
mengedarkan	men edar kan
menggantung	men gantung
diinterogasi	di interogasi
model	model
mabuk	mabuk
kostum	kostum
regulasi	regulasi
sepenting	se penting
mengajar	men ajar
aliran	alir an
tuju	tuju
rangka	rangka
ketidakikutsertaan	ke tidak ikutserta an
membencinya	men benci nya
dirobohkan	di roboh kan
teragung	ter agung
direalisasikan	di realisasi kan
membiayainya	men biaya i nya
dikukuhkan	di kukuh kan
berbuat	ber buat
pengetatan	pen ketat an
diperkenankan	di per kenan kan
marak	marak
diperbesar	di per besar
rasi	ras i
goncangkan	goncang kan
bersentuhan	ber sentuh an
penuaan	pen tua an
beton	beton
melaporkannya	men lapor kan nya
usia	usia
terhutang	ter hutang
puskesmasnya	puskesmas nya
cangkul	cangkul
pantai	pantai
membelikan	men beli kan
jenderal	jenderal
kupenuhi	ku penuh i
inggris	inggris
lekat	lekat
menyesuaikan	men sesuai kan
mengumandangkan	men kumandang kan
memanggil	men panggil
korea	korea
hal	hal
generasi	generasi
teh	teh
diformulasikan	di formulasi kan
alam	alam
menitipkan	men titip kan
pelindung	pen lindung
dibelanjakan	di belanja kan
terjembatani	ter jembatan i
konkret	konkret
menyusutnya	men susut nya
liputan	liput an
kimia	kimia
mengintimidasi	men intimidasi
teknis	teknis
terlipat	ter lipat
perahu	perahu
penghematan	pen hemat an
dipunyai	di punya i
pendahulu	pendahulu
mentargetkan	men target kan
tuturnya	tutur nya
diingatnya	di ingat nya
giat	giat
hina	hina
pintu	pintu
menguasai	men kuasa i
pelantikannya	pen lantik an nya
dipraktikkan	di praktik kan
tongkat	tongkat
pt	pt
konsumsi	konsumsi
menyejukkan	men sejuk kan
programnya	program nya
potret	potret
kendaraannya	kendara an nya
dimengerti	di mengerti
tutur	tutur
tamunya	tamu nya
menampung	men tampung
pengerasan	pen keras an
rajaku	raja aku
pengucuran	pen kucur an
menggagalkan	men gagal kan
membanggakan	men bangga kan
menakjubkan	men takjub kan
dikaruniai	di karunia i
alur	alur
nonreguler	non reguler
dibariskan	di baris kan
himbauan	himbau an
bbm	bbm
mulianya	mulia nya
pesaingnya	pesaing nya
antarrumah	antar rumah
dipimpin	di pimpin
tampilan	tampil an
dicermati	di cermat i
privasi	privasi
bermalam	ber malam
timnya	tim nya
berinovasi	ber inovasi
sangkakala	sangkakala
dihapuskan	di hapus kan
rupiah	rupiah
berkata	ber kata
pencabutan	pen cabut an
perkiraan	per kira an
kisaran	kisar an
dilekatkan	di lekat kan
terselami	ter selam i
terdahulu	terdahulu
penilik	pen tilik
layanan	layan an
difasilitasi	di fasilitas i
jepang	jepang
berlimpah	ber limpah
memblok	men blok
penempatan	pen tempat an
dipelajarinya	di pelajar i nya
allahmu	allah mu
pengamanan	pen aman an
ambruknya	ambruk nya
seumpama	se umpama
penjelas	pen jelas
pelayannya	pen layan nya
muncul	muncul
mengetuai	men ketua i
sendirinya	sendiri nya
didesain	di desain
tercepat	ter cepat
disipliner	disipliner
perantaraan	perantara an
diterangkan	di terang kan
merobohkan	men roboh kan
deskripsi	deskripsi
mendapatkannya	men dapat kan nya
seyogyanya	se yogya nya
pelibatan	pen libat an
motivasinya	motivasi nya
memutar	men putar
bantu	bantu
dampingannya	damping an nya
anjuran	anjur an
topeng	topeng
keluh	keluh
terputus	ter putus
daunnya	daun nya
puding	puding
longgar	longgar
pandai	pandai
dusun	dusun
jasanya	jasa nya
sedetik	se detik
pencarian	pen cari an
menurunnya	men turun nya
bawahmu	bawah mu
asalan	asal an
bermartabat	ber martabat
menggelapkan	men gelap kan
asalnya	asal nya
teralihkan	ter alih kan
ketidakharmonisan	ke tidak harmonis an
sahabatku	sahabat ku
bahasanya	bahasa nya
mentri	mentri
kameranya	kamera nya
dimungkinkan	dimungkinkan
mengejutkan	men kejut kan
sedekah	sedekah
rambut	rambut
efektif	efektif
relevansi	relevansi
wawancara	wawancara
bercampur	ber campur
goreng	goreng
pengantarnya	pen antar nya
prinsipnya	prinsip nya
anyaman	anyam an
mencari	men cari
absah	absah
penyadaran	pen sadar an
kaosnya	kaos nya
menghapus	men hapus
menyimaknya	men simak nya
juni	juni
pempublikasian	pen publikasi an
sensor	sensor
obatan	obat an
tentu	tentu
kelihatan	ke lihat an
hamil	hamil
membikin	men bikin
bermutu	ber mutu
islam	islam
penerbangannya	pen terbang an nya
korban	korban
sukar	sukar
dideskripsikan	di deskripsi kan
berjajar	ber jajar
kelihatannya	ke lihat an nya
natur	natur
diharap	di harap
perenungan	pen renung an
kasar	kasar
pendapatnya	pen dapat nya
kucingnya	kucing nya
membereskan	men beres kan
formatnya	format nya
luapan	luap an
mengusung	men usung
tersendiri	ter sendiri
mendapatkan	men dapat kan
situ	situ
tergusur	ter gusur
terkendali	ter kendali
terperhatikan	ter perhatikan
perda	perda
memberinya	men beri nya
presentasi	presentasi
primer	primer
kunci	kunci
diberitakannya	di berita kan nya
harganya	harga nya
menyebar	men sebar
terpenting	ter penting
asisten	asisten
cocok	cocok
disuruh	di suruh
komoditas	komoditas
marah	marah
warnanya	warna nya
memikirkannya	men pikir kan nya
organik	organik
nakal	nakal
simpanan	simpan an
dia	dia
dampak	dampak
rantai	rantai
mengukir	men ukir
menghemat	men hemat
permintaannya	per minta an nya
bebuyutan	bebuyutan
hargai	harga i
pengungsian	pen ungsi an
pipa	pipa
sinar	sinar
rambutnya	rambut nya
tercela	ter cela
menyebrangi	men sebrang i
berinvestasi	ber investasi
penghalau	pen halau
rutinnya	rutin nya
menginginkannya	men ingin kan nya
aroma	aroma
persampahan	per sampah an
kutipan	kutip an
memeliharaku	men pelihara aku
mencatatkan	men catat kan
terhibur	ter hibur
pemikiran	pen pikir an
menahannya	men tahan nya
perekonomian	per ekonomi an
pengepakan	pen kepak an
sasarannya	sasar an nya
dirumahmu	di rumah mu
lalai	lalai
berguna	ber guna
pemilu	pemilu
lahir	lahir
diadakan	di ada kan
berniat	ber niat
menyimak	men simak
pelabuh	pen labuh
lawannya	lawan nya
pembangkit	pen bangkit
didiagnosa	di diagnosa
mengidentifikasi	men identifikasi
belanjaan	belanja an
mengkombinasikan	men kombinasi kan
oktober	oktober
menelepon	men telepon
aniaya	aniaya
pembaru	pen baru
doanya	doa nya
doktrin	doktrin
kupelajari	ku pelajar i
pertumbuhannya	per tumbuh an nya
diam	diam
menengah	men tengah
mencintai	men cinta i
perempuan	perempuan
tandan	tandan
representasi	representasi
pinggir	pinggir
bidannya	bidan nya
terlarut	ter larut
asian	asian
disayangkan	di sayang kan
mengarahkanku	men arah kan ku
penganiayaan	pen aniaya an
mengasihimu	men kasih i mu
pembagi	pen bagi
sepesawat	se pesawat
borong	borong
hewan	hewan
melayaninya	men layan i nya
makna	makna
layak	layak
didenda	di denda
mengakumulasi	men akumulasi
berbaring	ber baring
kayu	kayu
meteran	meter an
nonpertaniannya	non per tani an nya
donasi	donasi
biologis	biologis
memantaunya	men pantau nya
ditransaksikan	di transaksi kan
mengirim	men kirim
indera	indera
jarang	jarang
ditaruhnya	di taruh nya
diorganisasi	di organisasi
aula	aula
kontroversi	kontroversi
membahasnya	men bahas nya
tanah	tanah
gosip	gosip
investor	investor
suksesnya	sukses nya
hilangnya	hilang nya
diagendakan	di agenda kan
menjahit	men jahit
karakternya	karakteri nya
sama	sama
mekaniknya	mekanik nya
mengkonsultasikannya	men konsultasi kan nya
ditargetkan	di target kan
militernya	militer nya
rumahnya	rumah nya
mengusahakan	men usaha kan
hinaan	hina an
kuat	kuat
dilimpahkan	di limpah kan
membayarkan	men bayar kan
rohnya	roh nya
pedesaannya	pedesaan nya
menginginkan	men ingin kan
asalkan	asal kan
disiplin	disiplin
menikahkan	men nikah kan
girang	girang
tunangan	tunang an
merubah	men rubah
mencicipi	men cicip i
ditolong	di tolong
produksi	produksi
bertobat	ber tobat
neraca	neraca
bidikan	bidik an
penyehatan	pen sehat an
dikelompokkan	di kelompok kan
membacakan	men baca kan
menindaklanjuti	men tindaklanjut i
nama	nama
kuabaikan	ku abai kan
inginkan	ingin kan
melunasi	men lunas i
dinamis	dinamis
relevannya	relevan nya
pernapasan	per napas an
pemilikan	pen milik an
golongan	golong an
demonstran	demonstran
menimpanya	men timpa nya
persekutuannya	per sekutu an nya
rw	rw
inspirasi	inspirasi
turki	turki
isterimu	isteri mu
simpulkan	simpul kan
partisipasi	partisipasi
tiang	tiang
melewatkan	men lewat kan
melimpahi	men limpah i
serunya	seru nya
dijualnya	di jual nya
makannya	makan nya
dicurahkannya	di curah kan nya
kapnya	kap nya
sedekahmu	sedekah mu
menua	men tua
gas	gas
diminum	di minum
makanan	makan an
kokpit	kokpit
kambing	kambing
berpawai	ber pawai
tuamu	tua mu
peranan	peran an
wabah	wabah
tenang	tenang
mengerahkan	men kerah kan
terjun	terjun
menuntun	men tuntun
hak	hak
pajaknya	pajak nya
yusuf	yusuf
selengkap	se lengkap
diharapkannya	di harap kan nya
penulisannya	pen tulis an nya
disajikan	di saji kan
ceritakan	cerita kan
mil	mil
saham	saham
belah	belah
menanggulanginya	men tanggulang i nya
diemban	di emban
membakar	men bakar
biolanya	biola nya
kosmetik	kosmetik
analis	analis
beasiswa	beasiswa
semenarik	se menarik
radikal	radikal
diciumnya	di cium nya
berusaha	ber usaha
pelikan	pelik an
menghitung	men hitung
terhalangi	ter halang i
kuhadapi	ku hadap i
mengobati	men obat i
menyusun	men susun
obsesi	obsesi
membesarkan	men besar kan
satelit	satelit
membosankan	men bosan kan
dilingkupi	di lingkup i
berbisnis	ber bisnis
anjloknya	anjlok nya
terdalamnya	ter dalam nya
diaksesnya	di akses nya
sekolahnya	sekolah nya
antartahun	antar tahun
ditaklukkan	di takluk kan
melapor	men lapor
absensi	absensi
neneknya	nenek nya
perkataannya	per kata an nya
tunggangan	tunggang an
asean	asean
terganggu	ter ganggu
berkilau	ber kilau
berpengetahuan	ber pengetahuan
akte	akte
bersih	bersih
dadanya	dada nya
perlawanan	per lawan an
antarprovinsi	antar provinsi
pemberkasan	pen berkas an
berpuasa	ber puasa
pematang	pen matang
liciknya	licik nya
terungkapkan	ter ungkap kan
berfungsinya	ber fungsi nya
peraturannya	per atur an nya
yahudi	yahudi
polos	polos
dokter	dokter
penyampaian	pen sampai an
rekaman	rekam an
digital	digital
diagnosa	diagnosa
balas	balas
lampiran	lampir an
hasilnya	hasil nya
menghubungi	men hubung i
pengangkat	pen angkat
melupakan	men lupa kan
mendasarkan	men dasar kan
telpon	telpon
kaki	kaki
kupikir	ku pikir
dicarinya	di cari nya
penciumannya	pen cium an nya
perundingan	pen runding an
pendapatannya	pen dapat an nya
terlatih	ter latih
luntur	luntur
pergelangan	per gelang an
mendapatinya	men dapat i nya
cap	cap
berkulit	ber kulit
ketanggapan	ke tanggap an
ditinggal	di tinggal
diagunkan	di agun kan
diperintahkan	di perintah kan
dibuktikan	di bukti kan
murah	murah
sengit	sengit
terpuruknya	ter puruk nya
dikhawatirkannya	di khawatir kan nya
insentif	insentif
dicirikan	di ciri kan
reka	reka
terukir	ter ukir
bersepeda	ber sepeda
mencermati	men cermat i
koperasi	koperasi
penggugah	pen gugah
merangsang	men rangsang
jawab	jawab
pendengarnya	pen dengar nya
motivasi	motivasi
jaminannya	jamin an nya
ditukar	di tukar
pungut	pungut
meletusnya	men letus nya
tercetak	ter cetak
berkendara	ber kendara
max	max
persetujuannya	per setuju an nya
serangkaian	se rangkaian
ditempati	di tempat i
penulisan	pen tulis an
beruntun	beruntun
saleh	saleh
diumpankan	di umpan kan
cengkehnya	cengkeh nya
luangkan	luang kan
kronis	kronis
antarlembaga	antar lembaga
mengatasinya	men atas i nya
tersingkap	ter singkap
curian	curi an
menyibukkan	men sibuk kan
memaksakan	men paksa kan
mengubah	men ubah
kuatnya	kuat nya
balon	balon
belakangmu	belakang mu
stadion	stadion
bunganya	bunga nya
dimaksimalkan	di maksimal kan
mengkompromikan	men kompromi kan
dewa	dewa
minta	minta
pemakai	pen pakai
diamanatkan	di amanat kan
usahakan	usaha kan
kamus	kamus
substansi	substansi
interaksi	interaksi
dibukanya	di buka nya
berbelok	ber belok
mencabut	men cabut
dibuatkan	di buat kan
mengimunisasi	men imunisasi
pejuang	pejuang
wilayah	wilayah
sepihak	se pihak
digenggam	di genggam
dihina	di hina
bersabda	ber sabda
dimanipulasi	di manipulasi
rekrut	rekrut
menjamur	men jamur
penggembalaan	pen gembala an
penuh	penuh
penggaris	pen garis
konsumen	konsumen
meledak	men ledak
bertanda	ber tanda
bidikannya	bidik an nya
berbincang	ber bincang
mikroskop	mikroskop
talak	talak
mantan	mantan
statistik	statistik
pengorbanannya	pen korban an nya
mekar	mekar
pembenci	pen benci
berharganya	ber harga nya
aksara	aksara
rumahmu	rumah mu
topinya	top i nya
terparah	ter parah
nyanyian	nyanyi an
mengoreksi	men koreksi
pengaduannya	pen adu an nya
hadapan	hadap an
terpancar	ter pancar
penyamaran	pen samar an
mengklaim	men klaim
pelajar	pelajar
ditelepon	di telepon
tuduhan	tuduh an
tips	tips
berwilayah	ber wilayah
tindakannya	tindak an nya
ketidaktransparanan	ke tidak transparan an
berdampingan	ber damping an
kereta	kereta
dirumahkan	di rumah kan
memperkenalkan	men kenal kan
farmasi	farmasi
diyakininya	di yakin i nya
sebal	sebal
menagih	men tagih
berumput	ber rumput
perangkap	pen rangkap
pangkuannya	pangku an nya
membuat	men buat
terletak	ter letak
ejekan	ejek an
sempurnanya	sempurna nya
bantahan	bantah an
lapang	lapang
pilih	pilih
bersenjatakan	ber senjata kan
kucilkan	kucil kan
menangisinya	men tangis i nya
denda	denda
terencana	ter rencana
bergiat	ber giat
jemaat	jemaat
wibawa	wibawa
dimakamkan	di makam kan
diikutinya	di ikut i nya
penebal	pen tebal
merambat	men rambat
dibohongi	di bohong i
berkeluh	ber keluh
bersukacita	ber sukacita
denpasar	denpasar
bakatnya	bakat nya
memburuknya	men buruk nya
kejutan	kejut an
telinga	telinga
terpahat	ter pahat
jasad	jasad
metrik	metrik
risikonya	risiko nya
pakaiannya	pakai an nya
firmanku	firman ku
menyuntikkan	men suntik kan
tembaga	tembaga
optimalisasi	optimalisasi
bertolak	ber tolak
berpenumpang	ber pen tumpang
penghentian	pen henti an
muatan	muat an
dagangan	dagang an
kawasan	kawasan
berkeinginan	ber ke ingin an
mengemuka	men kemuka
dirancang	di rancang
urgensi	urgensi
realistis	realistis
mengandalkan	men andal kan
tambah	tambah
penghujat	pen hujat
kalender	kalender
memenuhinya	men penuh i nya
mempublikasikannya	men publikasi kan nya
ide	ide
bea	bea
penakluk	pen takluk
susah	susah
postingan	posting an
spesifik	spesifik
dihibur	di hibur
perekam	pen rekam
beririgasi	ber irigasi
agroindustri	agroindustri
seenaknya	se enak nya
buatan	buat an
diwawancarai	di wawancara i
memveto	men veto
meringkaskan	men ringkas kan
serapan	serap an
disebutnya	di sebut nya
efektivitas	efektivitas
pelestarian	pen lestari an
raih	raih
ala	ala
tepi	tepi
strukturnya	struktur nya
alokasi	alokasi
pengawas	pen awas
skenario	skenario
penerbangan	pen terbang an
pengungsi	pen ungsi
mereview	men review
pengajar	pen ajar
berlantai	ber lantai
as	as
berkebalikan	ber ke balik an
memuncak	men puncak
pertandingannya	per tanding an nya
diubahkan	di ubah kan
mengharmoniskan	men harmonis kan
potong	potong
sepatah	se patah
pria	pria
mengikatnya	men ikat nya
memperkarakan	men perkara kan
dipenuhi	di penuh i
tercipta	ter cipta
diharuskan	di harus kan
pidatonya	pidato nya
menyumbangkan	men sumbang kan
pertukangan	per tukang an
terkuat	ter kuat
anak	anak
pemerintahan	pen perintah an
arahnya	arah nya
perdarahan	per darah an
spesialis	spesialis
merepresentasikan	men representasi kan
bakaran	bakar an
lini	lini
tuntas	tuntas
dikoleksi	di koleksi
harta	harta
spanyol	spanyol
rekening	rekening
deputi	deputi
display	display
tunjukkan	tunjuk kan
ketidakefisienan	ke tidak efisien an
penganggur	pen anggur
tata	tata
lihat	lihat
omzet	omzet
memperlihatkan	men lihat kan
berkerabat	ber kerabat
dicalonkan	di calon kan
perunggu	perunggu
mandat	mandat
senin	senin
aspirasi	aspirasi
dianugerahi	di anugerah i
mengalokasi	men alokasi
membanting	men banting
terwujudnya	ter wujud nya
mendarat	men darat
membungkuk	men bungkuk
sebagus	se bagus
menonjol	men tonjol
menyapanya	men sapa nya
penelitiannya	pen teliti an nya
tempuhnya	tempuh nya
tampil	tampil
kandungmu	kandung mu
tersobek	ter sobek
diberitahukan	di beritahu kan
disebarkan	di sebar kan
prospeknya	prospek nya
rekannya	rekan nya
mendeskripsikan	men deskripsi kan
akomodasi	akomodasi
mengasuransi	men asuransi
perabotan	perabot an
penjaminan	pen jamin an
kepalanya	kepala nya
nasabah	nasabah
menghambakan	men hamba kan
percontohan	per contoh an
menyinergikannya	men sinergi kan nya
diciptakan	di cipta kan
aneh	aneh
terdepan	ter depan
berteman	ber teman
memberiku	men beri ku
kasi	kas i
benua	benua
racun	racun
terkutuk	ter kutuk
mengeluhkan	men keluh kan
tipe	tipe
pencapaiannya	pen capai an nya
ganti	ganti
diujicobakan	di ujicoba kan
koleksinya	koleksi nya
berhitung	ber hitung
patuh	patuh
penerbitan	pen terbit an
bertingkah	ber tingkah
campuran	campur an
membayangi	men bayang i
penjamuran	pen jamur an
akademis	akademis
melupakannya	men lupa kan nya
frekuensinya	frekuensi nya
perbuatanmu	per buat an mu
titik	titik
nyamuk	nyamuk
dindingnya	dinding nya
bersintesis	ber sintesis
khawatir	khawatir
pemukiman	pen mukim an
diteruskan	di terus kan
pelacakan	pen lacak an
definisi	definisi
mengajari	men ajar i
penanda	pen tanda
unggulannya	unggul an nya
digadai	di gadai
federal	federal
berlanjutnya	ber lanjut nya
strata	strata
ditempuh	di tempuh
geografis	geografis
seismik	seismik
arsitektur	arsitektur
ditampung	di tampung
sejuk	sejuk
abdikan	abdi kan
argumentasi	argumentasi
kejatuhan	ke jatuh an
penyetoran	pen setor an
rohani	rohani
pemda	pemda
melanggar	men langgar
menerjemahkannya	men terjemah kan nya
pesertanya	peserta nya
penarikan	pen tarik an
kupas	kupas
kendali	kendali
mapan	mapan
imam	imam
keandalan	ke andal an
salinannya	salin an nya
memprediksi	men prediksi
menuliskan	men tulis kan
pengenalan	pen kenal an
terekspresikan	ter ekspresi kan
bertekad	ber tekad
bergembira	ber gembira
menangis	men tangis
kepunyaan	ke punya an
zamannya	zaman nya
relevan	relevan
mencalonkan	men calon kan
berpacu	ber pacu
berasumsi	ber asumsi
sirip	sirip
menambang	men tambang
pindah	pindah
sadari	sadar i
menginstruksikan	men instruksi kan
setimpal	setimpal
barat	barat
dijumpai	di jumpa i
capaiannya	capai an nya
resepnya	resep nya
melebur	men lebur
bunyi	bunyi
kira	kira
disalib	di salib
kebobolan	ke bobol an
cakap	cakap
dilelang	di lelang
tersier	tersier
sukarelawan	sukarela wan
jiwanya	jiwa nya
pertanggungan	per tanggung an
jabatan	jabat an
lingkup	lingkup
mengusik	men usik
jiwaku	jiwa aku
berperilaku	ber perilaku
gedung	gedung
kunjungannya	kunjung an nya
menginterpretasikannya	men interpretasi kan nya
awal	awal
penanganan	pen tangan an
sinerginya	sinergi nya
bersedia	ber sedia
tuduh	tuduh
minoritas	minoritas
pengalihan	pen alih an
fakultas	fakultas
penggemukan	pen gemuk an
antikomunis	anti komunis
populasi	populasi
mengakhirinya	men akhir i nya
unik	unik
prosedur	prosedur
dieksekusi	di eksekusi
inovatif	inovatif
pelabuhannya	pen labuh an nya
akurasi	akurasi
periang	pen riang
aparatnya	aparat nya
penerangan	pen terang an
persneling	persneling
menipisnya	men tipis nya
mengambilnya	men ambil nya
terpasang	ter pasang
menyepelekan	men sepele kan
asosiasi	asosiasi
lumpuh	lumpuh
jurus	jurus
didalam	di dalam
menjangkiti	men jangkit i
penanaman	pen tanam an
mengemukakan	men kemuka kan
ditelanjangi	di telanjang i
diatasnya	di atas nya
strategis	strategis
diagram	diagram
menugasi	men tugas i
mengagendakan	men agenda kan
ramainya	ramai nya
resiko	resiko
mendiskusikan	men diskusi kan
pahatan	pahat an
bapa	bapa
pegangan	pegang an
kembali	kembali
komitmennya	komitmen nya
empuk	empuk
karyanya	karya nya
terhenti	ter henti
sukacita	sukacita
bungkus	bungkus
mengukuhkan	men kukuh kan
dipermasalahkan	di per masalah kan
abu	abu
inisial	inisial
berimplikasi	ber implikasi
wawasannya	wawasan nya
secanggih	se canggih
bicarakan	bicara kan
mencirikan	men ciri kan
berlumur	ber lumur
terpana	terpana
mereduksi	men reduksi
pujikan	puji kan
memaksimalkan	men maksimal kan
bersumpah	ber sumpah
halus	halus
disucikan	di suci kan
dijembatani	di jembatan i
nyaman	nyaman
penyelesai	pen selesai
keharusan	ke harus an
kejam	kejam
ditugaskan	di tugas kan
santrinya	santri nya
berdamai	ber damai
investasi	investasi
jelasnya	jelas nya
mengacaukan	men kacau kan
pembedaan	pen beda an
meredam	men redam
pedihnya	pedih nya
luasan	luas an
lanjut	lanjut
teduh	teduh
abad	abad
diinginkan	di ingin kan
penghalang	pen halang
dibanyak	di banyak
pengiring	pen iring
milik	milik
deregulasi	deregulasi
ajaranmu	ajar an mu
putrinya	putri nya
united	united
terbunuhnya	ter bunuh nya
mendefinisikannya	men definisi kan nya
sukacitamu	sukacita mu
diucapkan	di ucap kan
meringkas	men ringkas
biasa	biasa
memberantas	men berantas
segel	segel
diharapkan	di harap kan
diperpanjang	di per panjang
terdengar	ter dengar
mengkomunikasikannya	men komunikasi kan nya
penerimanya	pen terima nya
mengalir	men alir
ditampar	di tampar
wc	wc
radio	radio
otonomi	otonomi
pengendali	pen kendali
injil	injil
sibuk	sibuk
ribut	ribut
karier	karier
kampung	kampung
seisi	se isi
dibawahinya	di bawah i nya
bertemakan	ber tema kan
penyebaran	pen sebar an
pariwisata	pariwisata
perzinaan	per zina an
berlatar	ber latar
rujukan	rujuk an
terendah	ter rendah
dipegangnya	di pegang nya
terpetakan	ter peta kan
pangsa	pangsa
memaknai	men makna i
memberatkan	men berat kan
dipaparkan	di papar kan
profesionalisme	profesionalisme
tuanku	tuan ku
repotnya	repot nya
tenun	tenun
gayanya	gaya nya
tetap	tetap
lamaran	lamar an
bak	bak
berproduksi	ber produksi
tamu	tamu
berjubahkan	ber jubah kan
berair	ber air
pengaturnya	pen atur nya
memprotes	men protes
mengingini	men ingin i
besarnya	besar nya
informan	informan
kusebut	ku sebut
lutut	lutut
obatnya	obat nya
modern	modern
terjual	ter jual
dipatuhi	di patuh i
membuang	men buang
depkeu	depkeu
keberangkatannya	ke berangkat an nya
parit	parit
menafsirkan	men tafsir kan
disalahkan	di salah kan
gelar	gelar
yupiter	yupiter
sukarela	sukarela
petisi	petisi
otak	otak
sederhana	sederhana
televisi	televisi
dini	din i
penghubung	pen hubung
merusak	men rusak
tajam	tajam
pandu	pandu
pertunjukan	per tunjuk an
menyandarkan	men sandar kan
walikota	walikota
diseimbangkan	di seimbang kan
memberhentikan	men ber henti kan
organisasi	organisasi
ingat	ingat
ketidakpedulian	ke tidak peduli an
bantal	bantal
dioptimalkan	di optimal kan
dilabuhkan	di labuh kan
mendelegasikan	men delegasi kan
disidang	di sidang
mengganggu	men ganggu
terorganisir	ter organisir
terpentingnya	ter penting nya
penjudi	pen judi
penyediaan	pen sedia an
larut	larut
perjamuan	per jamu an
gundul	gundul
automotif	automotif
bernoda	ber noda
perbuatan	per buat an
berpandangan	ber pandang an
tertancap	ter tancap
didengungkan	di dengung kan
noninfrastruktur	non infrastruktur
meninggalnya	men tinggal nya
prevalensi	prevalensi
dekatnya	dekat nya
disaksikan	di saksi kan
izin	izin
telanjang	telanjang
bawang	bawang
mengalihkan	men alih kan
premi	premi
gaul	gaul
permennya	permen nya
meregangkan	men regang kan
alias	alias
fosil	fosil
les	les
stiker	stiker
dikehendaki	di kehendak i
berbunga	ber bunga
direndahkan	di rendah kan
kawannya	kawan nya
produser	produser
fajar	fajar
mensahkan	men sah kan
digendong	di gendong
kuatkan	kuat kan
sahabatnya	sahabat nya
menyerahkannya	men serah kan nya
setangkai	se tangkai
usulkan	usul kan
penciptaan	pen cipta an
pengemis	pen kemis
menyucikan	men suci kan
independensinya	independensi nya
lulusan	lulus an
bubungan	bubung an
dekonsentrasi	dekonsentrasi
nada	nada
loncatan	loncat an
peka	peka
supervisi	supervisi
persekolahan	per sekolah an
memangkas	men pangkas
menyuarakan	men suara kan
membicarakan	men bicara kan
warisan	waris an
mencuci	men cuci
privat	privat
memaksa	men paksa
sukses	sukses
membohongi	men bohong i
membenci	men benci
pembunuh	pen bunuh
penghakiman	pen hakim an
legislasi	legislasi
pengeboran	pengeboran
menduduki	men duduk i
melanjutkan	men lanjut kan
layanannya	layan an nya
memperparah	men parah
digolongkan	di golong kan
lampu	lampu
pembidiknya	pen bidik nya
keluhannya	keluh an nya
kala	kala
mencondongkan	men condong kan
memedulikan	men peduli kan
melandasi	men landas i
susukan	susu kan
lembut	lembut
seiman	se iman
kenal	kenal
risiko	risiko
menggeser	men geser
dibersihkan	di bersih kan
membebaskan	men bebas kan
minimum	minimum
divalidasi	di validasi
mengharapkan	men harap kan
asas	asas
mencium	men cium
takaran	takar an
pengidentifikasian	pen identifikasi an
nasional	nasional
meletakkan	men letak kan
industri	industri
studi	studi
memukulnya	men pukul nya
saudaranya	saudara nya
menyelenggarakannya	men selenggara kan nya
terbawah	ter bawah
dilacak	di lacak
berpaling	ber paling
talentanya	talenta nya
wakili	wakil i
akuntabilitas	akuntabilitas
pengurusannya	pen urus an nya
didiskusikan	di diskusi kan
dibekali	di bekal i
perang	perang
komentar	komentar
pembinaan	pen bina an
gran	gr an
karya	karya
waris	waris
terluas	ter luas
mengganti	men ganti
tercoreng	ter coreng
darahku	darah ku
dilupakannya	di lupa kan nya
pendapat	pen dapat
pengering	pen kering
subur	subur
penyelamatan	pen selamat an
program	program
terutang	ter utang
ditekel	di tekel
kukira	ku kira
diikutsertakannya	di ikutserta kan nya
dilewati	di lewat i
terlupakan	ter lupa kan
pekerjaannya	pekerja an nya
konsentrasi	konsentrasi
cerah	cerah
menjalin	men jalin
permukiman	per mukim an
oposisi	oposisi
peran	peran
menyaksikan	men saksi kan
peroleh	peroleh
penderita	pen derita
posisi	posisi
mengangsur	men angsur
peliharaannya	pelihara an nya
pemandu	pen pandu
berharap	ber harap
ibunya	ibu nya
tandatangani	tandatangan i
bimbang	bimbang
bermusyawarah	ber musyawarah
komoditasnya	komoditas nya
kecewa	kecewa
membutakan	men buta kan
hiburan	hibur an
lisan	lisan
diangkut	di angkut
tembakan	tembak an
mempublikasikan	men publikasi kan
sapu	sapu
menghadapi	men hadap i
frekuensi	frekuensi
pengirimannya	pen kirim an nya
bercermin	ber cermin
mengisyaratkan	men isyarat kan
pasarnya	pasar nya
pendistribusiannya	pen distribusi an nya
urus	urus
pembina	pen bina
terbebani	ter beban i
diilhamkan	di ilham kan
melaksanakannya	men laksana kan nya
cuma	cuma
administratifnya	administratif nya
menggugah	men gugah
sulitnya	sulit nya
pendiri	pen diri
gelandangan	gelandang an
cobaan	coba an
mengantarnya	men antar nya
berkeadilan	ber ke adil an
terbelit	ter belit
bobroknya	bobrok nya
kode	kode
dampaknya	dampak nya
menyanyi	men nyanyi
dipalsukan	di palsu kan
diantisipasi	di antisipasi
selepas	se lepas
kiranya	kira nya
luput	luput
perhatianku	per hati an ku
dipanggang	di panggang
didaur	di daur
dijadikan	di jadi kan
retak	retak
nonanggota	non anggota
kehendakku	kehendak ku
letih	letih
menyambutnya	men sambut nya
diasingkan	di asing kan
nonkonsumsi	non konsumsi
digalakkan	di galak kan
nonharga	non harga
penengah	pen tengah
metodologi	metodologi
hormat	hormat
menyangkanya	men sangka nya
menang	menang
dukun	dukun
provinsi	provinsi
tantangannya	tantang an nya
mengajarkan	men ajar kan
diterapkan	di terap kan
nelayan	nelayan
penyelamat	pen selamat
pencacahan	pen cacah an
berdiri	ber diri
penyeleksian	pen seleksi an
mengukur	men ukur
membiarnya	men biar nya
memudahkan	men mudah kan
suram	suram
suntikan	suntik an
pembeli	pen beli
ajaran	ajar an
ayam	ayam
terbenam	ter benam
menjejali	men jejal i
musuh	musuh
ulang	ulang
kabarkan	kabar kan
kemunculan	ke muncul an
seumur	se umur
bencana	bencana
berseru	ber seru
buruannya	buru an nya
fasih	fasih
alas	alas
kontraktor	kontraktor
trendi	trend i
cicilan	cicil an
mencapai	men capai
absolut	absolut
pengarah	pen arah
menyatakannya	men nyata kan nya
kabarnya	kabar nya
peminat	pen minat
ladang	ladang
melunasinya	men lunas i nya
prestasi	prestasi
bergosip	ber gosip
ketidakterbukaan	ke tidak terbuka an
daur	daur
maksimal	maksimal
perkampungan	per kampung an
validitas	validitas
perkaretan	per karet an
memuliakan	men mulia kan
jadwal	jadwal
berbaris	ber baris
dikeringkan	di kering kan
ban	ban
ikat	ikat
membuatnya	men buat nya
menyelesaikannya	men selesai kan nya
regenerasi	regenerasi
memburuk	men buruk
anunya	anu nya
penangkapan	pen tangkap an
upah	upah
pemberantasan	pen berantas an
menggunung	men gunung
penalarannya	pen nalar an nya
mengasumsikan	men asumsi kan
kelamin	kelamin
busana	busana
kalung	kalung
dihitung	di hitung
perkantoran	per kantor an
seadanya	se ada nya
permohonan	per mohon an
menuding	men tuding
adidaya	adidaya
didapatkan	di dapat kan
serukan	seru kan
ketidaksuburan	ke tidak subur an
ampun	ampun
kekasih	kekasih
klip	klip
diindonesiakan	di indonesia kan
memasukkan	men masuk kan
mengekspor	men ekspor
tungku	tungku
terkorup	ter korup
musuhmu	musuh mu
serigala	serigala
menjatahkan	men jatah kan
mempertanyakan	men tanya kan
apatis	apatis
jaksa	jaksa
ketidakpahaman	ke tidak paham an
nutrisi	nutrisi
mengontak	men kontak
geografisnya	geografis nya
meremajakannya	men remaja kan nya
ajalnya	ajal nya
ditindaklanjuti	di tindaklanjut i
pelan	pelan
bedah	bedah
penyatuan	pen satu an
menuntut	men tuntut
penerapannya	pen terap an nya
syair	syair
selangit	se langit
maksimalnya	maksimal nya
menggema	men gema
ditumpuk	di tumpuk
barang	barang
jalinan	jalin an
pelanggannya	pen langgan nya
sunyi	sunyi
perbanyakan	per banyak an
uraian	urai an
terwujud	ter wujud
nonaset	non aset
dikekang	di kekang
belalai	belalai
cadangan	cadang an
naturnya	natur nya
bangkit	bangkit
diambilkan	di ambil kan
dipanggil	di panggil
penetapannya	pen tetap an nya
paham	paham
penunjang	pen tunjang
membatalkan	men batal kan
pengangguran	pen anggur an
adu	adu
dielaborasi	di elaborasi
diperparah	di per parah
beradik	ber adik
pengajarannya	pen ajar an nya
remaja	remaja
diminta	di minta
bangunannya	bangun an nya
pemberitaannya	pen berita an nya
digariskan	di garis kan
sejalan	se jalan
ketidaklengkapan	ke tidak lengkap an
pesatnya	pesat nya
diperlukan	di perlu kan
coraknya	corak nya
didasari	di dasar i
terapkan	terap kan
bijaksana	bijaksana
menghentikannya	men henti kan nya
mengkreditnya	men kredit nya
merusakkannya	men rusak kan nya
ketidakselarasan	ke tidak selaras an
bayangannya	bayang an nya
memproduksi	men produksi
terpelihara	ter pelihara
jujur	jujur
mengemban	men emban
flint	flint
kelasnya	kelas nya
pendukungnya	pen dukung nya
biji	biji
bandung	bandung
meluas	men luas
ilmu	ilmu
kapal	kapal
penanganannya	pen tangan an nya
memaafkan	men maaf kan
penerus	pen terus
diakses	di akses
ditendang	di tendang
berkendaraan	ber kendara an
bergulingan	ber guling an
mengendalikan	men kendali kan
penakut	pen takut
unggulan	unggul an
pembuktian	pen bukti an
tubuhnya	tubuh nya
menyaingi	men saing i
dibayar	di bayar
menceburkan	men cebur kan
lontarkan	lontar kan
tambang	tambang
pembajakan	pen bajak an
membalikkannya	men balik kan nya
hakekatnya	hakekat nya
membayangkan	men bayang kan
perhiasan	per hias an
romawi	romawi
melihatnya	men lihat nya
armada	armada
matanya	mata nya
mendongkrak	men dongkrak
disabotase	di sabotase
menggemparkan	men gempar kan
koordinator	koordinator
bosnya	bos nya
kampusnya	kampus nya
realisasi	realisasi
memikulnya	men pikul nya
didikan	didik an
pengikatan	pen ikat an
berbentuk	ber bentuk
melangkah	men langkah
penganut	pen anut
susahnya	susah nya
prestasinya	prestasi nya
inovasi	inovasi
terkunci	ter kunci
dibatalkan	di batal kan
mengudara	men udara
pendistribusian	pen distribusi an
melempar	men lempar
menyinggung	men singgung
mencermatinya	men cermat i nya
citranya	citra nya
sebutan	sebut an
permulaannya	per mula an nya
argumen	argumen
diimplementasikan	di implementasi kan
fokus	fokus
firdaus	firdaus
antusiasmenya	antusiasme nya
merosot	merosot
diklaim	di klaim
ilahi	ilahi
cairan	cair an
menggadaikan	men gadai kan
keterampilannya	keterampilan nya
seksi	seks i
menyatukan	men satu kan
kubur	kubur
bersusah	ber susah
mengutuknya	men kutuk nya
bersalju	ber salju
stratanya	strata nya
baiknya	baik nya
dilalui	di lalu i
mendisiplinkan	men disiplin kan
rawat	rawat
terompet	terompet
berserakan	ber serak an
tabrakan	tabrak an
seni	seni
dilemparkan	di lempar kan
persidangan	per sidang an
diboboli	di bobol i
antarjenjang	antar jenjang
diubah	di ubah
menjembatani	men jembatan i
perisai	perisai
terserah	ter serah
goyah	goyah
pesanan	pesan an
perobohan	pen roboh an
menentu	men tentu
integritasnya	integritas nya
stagnan	stagnan
dibina	di bina
digilir	di gilir
menerpanya	men terpa nya
penyanyi	pen nyanyi
berbekal	ber bekal
menempati	men tempat i
berhubungan	ber hubung an
penagihan	pen tagih an
kafir	kafir
didirikan	di diri kan
menindaklanjutinya	men tindaklanjut i nya
campur	campur
mengarungi	men karung i
infeksi	infeksi
bersiul	ber siul
menaklukkan	men takluk kan
purbakala	purbakala
susunan	susun an
mengungkapkan	men ungkap kan
menunjukkan	men tunjuk kan
dinginnya	dingin nya
domestik	domestik
meneladani	men teladan i
damaskus	damaskus
ambang	ambang
kiriman	kirim an
setir	setir
meleleh	men leleh
merawati	men rawat i
serinci	se rinci
pakar	pakar
bahan	bah an
protein	protein
tulisannya	tulis an nya
menggemakan	men gema kan
lokal	lokal
menjatuhkan	men jatuh kan
ketidakakuratan	ke tidak akurat an
memonopoli	men monopoli
dijajaki	di jajak i
mutlak	mutlak
wawasan	wawasan
migrasi	migrasi
terutama	ter utama
terlebih	ter lebih
pakaian	pakai an
pembicara	pen bicara
mekanisme	mekanisme
vulkanik	vulkanik
ikutan	ikut an
mencarikan	men cari kan
dimekarkan	di mekar kan
ikan	ikan
perbintangan	per bintang an
berjumpa	ber jumpa
searah	se arah
tanam	tanam
pelaporan	pen lapor an
beralih	ber alih
tembak	tembak
injeksikan	injeksi kan
dipelihara	di pelihara
satuan	satu an
katalis	katalis
kayuh	kayuh
marinir	marinir
memperdamaikan	men damai kan
ajakan	ajak an
nuraninya	nurani nya
menaiki	men naik i
mencurangi	men curang i
versi	versi
murahnya	murah nya
properti	properti
mainnya	main nya
pengentasan	pen entas an
pengertian	pengertian
pembimbing	pen bimbing
doa	doa
pemanfaatnya	pen manfaat nya
pesawatnya	pesawat nya
pangkat	pangkat
profil	profil
skandalnya	skandal nya
mendesaknya	men desak nya
terima	terima
menikahi	men nikah i
menginformasikan	men informasi kan
tertabrak	ter tabrak
baku	baku
diabaikan	di abai kan
menundukkan	men tunduk kan
tombol	tombol
mewaspadai	men waspada i
eksperimen	eksperimen
pemburu	pen buru
persembahan	per sembah an
terpajangnya	ter pajang nya
bilik	bilik
diperantarai	di perantara i
dijelang	di jelang
penggembala	pen gembala
lebih	lebih
truk	truk
pemurah	pen murah
bertalian	ber tali an
tempatnya	tempat nya
meminimalisasi	men minimalisasi
diperdamaikan	di per damai kan
dasar	dasar
mempertaruhkan	men taruh kan
mendasari	men dasar i
divonis	di vonis
dirindukan	di rindu kan
merapi	men rapi
tertutup	ter tutup
prasarananya	prasarana nya
penyisihan	pen sisih an
menerobos	men terobos
anugerah	anugerah
mengenakannya	men kena kan nya
pengelola	pen kelola
pelik	pelik
memobilisasi	men mobilisasi
nampak	nampak
dikaburkan	di kabur kan
meletihkan	men letih kan
kumulatif	kumulatif
purba	purba
kananmu	kanan mu
dibuka	di buka
dapatkan	dapat kan
majelis	majelis
instan	instan
lahannya	lahan nya
ganjaran	ganjar an
mendatangkan	men datang kan
ditangkap	di tangkap
pemilih	pen pilih
mengabdikan	men abdi kan
kaget	kaget
hamba	hamba
pesannya	pesan nya
pembukuannya	pen buku an nya
jiwa	jiwa
sebatas	se batas
menghimpun	men himpun
ambulan	ambulan
jalanya	jala nya
membimbing	men bimbing
penghasil	pen hasil
napas	napas
uu	uu
langganan	langgan an
berprinsip	ber prinsip
sewajarnya	se wajar nya
unsur	unsur
perseroan	perseroan
bermusuhan	ber musuh an
berpenampilan	ber pen tampil an
bermurah	ber murah
kajian	kaji an
penjangkauan	pen jangkau an
dimintai	di minta i
tentaranya	tentara nya
bibir	bibir
mengatasi	men atas i
penjaja	pen jaja
proyeknya	proyek nya
perumahan	pen rumah an
jabodetabek	jabodetabek
pendeta	pendeta
menembak	men tembak
pekan	pekan
mengenal	men kenal
tungkunya	tungku nya
sumbangannya	sumbang an nya
penerapan	pen terap an
bajakan	bajak an
salju	salju
berbahasa	ber bahasa
rekornya	rekor nya
lintas	lintas
diijinkan	di ijin kan
dicakup	di cakup
menugaskan	men tugas kan
terpenuhinya	men penuh i nya
gandum	gandum
distribusi	distribusi
manufaktur	manufaktur
memerangi	men perang i
bagusnya	bagus nya
dominan	dominan
menkeu	menkeu
ubah	ubah
diajukannya	di aju kan nya
terdistribusi	ter distribusi
berpindah	ber pindah
dialihkan	di alih kan
tatapan	tatap an
dipercayai	di percaya i
multinasional	multinasional
menggagas	men gagas
antri	antri
menjauhkan	men jauh kan
diproses	di proses
menunjang	men tunjang
rakyatnya	rakyat nya
mengucap	men ucap
sebagian	sebagian
sangsi	sangsi
plastik	plastik
gabus	gabus
penegakan	pen tegak an
periklanan	per iklan an
batu	batu
instansi	instansi
menyentuhnya	men sentuh nya
bertransaksi	ber transaksi
potensial	potensial
memikul	men pikul
asing	asing
yakub	yakub
kontraktornya	kontraktor nya
pundak	pundak
ciuman	cium an
memproduksinya	men produksi nya
pundi	pundi
tertempel	ter tempel
selembar	se lembar
dibahas	di bahas
digodok	di godok
kupon	kupon
bersandarkan	ber sandar kan
mengklasifikasikan	men klasifikasi kan
krisis	krisis
implementasinya	implementasi nya
terancam	ter ancam
selang	selang
pelanggan	pen langgan
nyawanya	nyawa nya
taksiran	taksir an
perantara	perantara
membawa	men bawa
independen	independen
menanti	menanti
pemanis	pen manis
direktorat	direktorat
mencobai	men coba i
bertahan	ber tahan
indahnya	indah nya
aktif	aktif
pelarangan	pen larang an
panggang	panggang
dll	dll
beroperasinya	ber operasi nya
pengestimasian	pen estimasi an
terumbu	terumbu
pacarku	pacar ku
merampas	men rampas
tarik	tarik
menyembah	men sembah
didik	didik
pembicaranya	pen bicara nya
ambil	ambil
jari	jari
bebas	bebas
swedia	swedia
diibaratkan	di ibarat kan
figurnya	figur nya
diembankan	di emban kan
arteri	arteri
integritas	integritas
diketuai	di ketua i
kepalamu	kepala mu
dipukuli	di pukul i
asin	asin
membedakan	men beda kan
antagonis	antagonis
diketik	di ketik
meneg	meneg
sisi	sisi
nafsunya	nafsu nya
binasa	binasa
pameran	pamer an
perorangan	per orang an
dibayarkan	di bayar kan
pemekaran	pen mekar an
disentuh	di sentuh
perluasan	per luas an
mengeksploitasi	men eksploitasi
menjauh	men jauh
genggam	genggam
terpercaya	ter percaya
menamai	men nama i
dikompensasikan	di kompensasi kan
rendahnya	rendah nya
sayur	sayur
rajanya	raja nya
dikutip	di kutip
sektarian	sektarian
ditulisi	di tulis i
kuman	kuman
konfirmasi	konfirmasi
bersekolah	ber sekolah
membungkamkan	men bungkam kan
bergema	ber gema
diketahui	di ketahui
israel	israel
cerminan	cermin an
eksklusif	eksklusif
membeberkan	men beber kan
bajaknya	bajak nya
dewan	dewan
brasil	brasil
memformulasikan	men formulasi kan
responsnya	respons nya
bom	bom
menunggang	men tunggang
pergi	pergi
penjamin	pen jamin
sektor	sektor
institusinya	institusi nya
perampokan	pen rampok an
palsu	palsu
melekat	men lekat
dilibatkan	di libat kan
berkeliaran	ber ke liar an
keliling	keliling
pasir	pasir
persendian	per sendi an
bahagiaku	bahagia aku
dikonsentrasikan	di konsentrasi kan
tersisih	ter sisih
keringnya	kering nya
diprovokasi	di provokasi
menerbangkan	men terbang kan
mengelompok	men kelompok
merealisasikannya	men realisasi kan nya
bungkusan	bungkus an
membutuhkannya	men butuh kan nya
memerankan	men peran kan
menghubungkan	men hubung kan
ketik	ketik
menyediakan	men sedia kan
pengiriman	pen kirim an
menginvestigasi	men investigasi
baju	baju
mengenangnya	men kenang nya
kendalikan	kendali kan
jualbeli	jualbeli
didatangi	di datang i
rekan	rekan
sore	sore
memedihkan	men pedih kan
sucikan	suci kan
menyelidiki	men selidik i
permanen	permanen
penandatangan	pen tandatangan
terbelah	ter belah
meloloskan	men lolos kan
kondusif	kondusif
menyambung	men sambung
dicurahkan	di curah kan
paginya	pagi nya
hibah	hibah
tangguh	tangguh
penyeludupan	pen seludup an
menggarisbawahi	men garisbawah i
silam	silam
mengkoordinasi	men koordinasi
aneka	aneka
hatiku	hati ku
pencegahan	pen cegah an
pohonnya	pohon nya
gejolak	gejolak
konsekuensinya	konsekuensi nya
ri	ri
dilatihnya	di latih nya
yakini	yakin i
disediakan	di sedia kan
berdasarkan	ber dasar kan
menyalurkan	men salur kan
jumlah	jumlah
menyanyikan	men nyanyi kan
ikutannya	ikut an nya
meninggalkannya	men tinggal kan nya
perjuangan	per juang an
perselisihan	per selisih an
dijatuhi	di jatuh i
mengubur	men kubur
mengakomodasikan	men akomodasi kan
sedarah	se darah
dipertimbangkan	di per timbang kan
judul	judul
positifnya	positif nya
diekspor	di ekspor
diambilnya	di ambil nya
maksud	maksud
bulanannya	bulan an nya
berdarah	ber darah
petualangan	petualangan
menyederhanakan	men sederhana kan
kedipan	kedip an
senjatanya	senjata nya
bayangan	bayang an
panti	panti
dorongan	dorong an
pertenunan	per tenun an
tersebarnya	ter sebar nya
mengarsipkan	men arsip kan
sulam	sulam
terhampar	ter hampar
umat	umat
digenapi	di genap i
diwujudkan	di wujud kan
menghangatkan	men hangat kan
otoritas	otoritas
pemahaman	pen paham an
stempelnya	stempel nya
diapit	di apit
buntu	buntu
distribusinya	distribusi nya
kriterianya	kriteria nya
penonton	pen tonton
ngomongnya	ngomong nya
kenaikan	ke naik an
tiba	tiba
membebani	men beban i
mahasiswanya	mahasiswa nya
direkrut	di rekrut
kafein	kafein
bayangkan	bayang kan
jeratan	jerat an
jalur	jalur
sungkan	sungkan
terjauh	ter jauh
disangka	di sangka
keluarga	keluarga
memperhitungkan	men hitung kan
mengintervensi	men intervensi
tuan	tuan
dibesarkan	di besar kan
mengurusnya	men urus nya
mempertajam	men tajam
mata	mata
pekerja	pekerja
lingkungannya	lingkung an nya
ditabrakkan	di tabrak kan
berkekurangan	ber ke kurang an
tegar	tegar
bernegara	ber negara
solusi	solusi
seekor	se ekor
darurat	darurat
penyelenggaraan	pen selenggara an
menyeragamkan	men seragam kan
tindak	tindak
melegakan	men lega kan
ringkasannya	ringkas an nya
memegang	men pegang
kreatif	kreatif
dicatat	di catat
mengesampingkan	men kesamping kan
omongnya	omong nya
penebusan	pen tebus an
kotor	kotor
bersertifikat	ber sertifikat
bahtera	bahtera
timur	timur
langit	langit
dikritik	di kritik
singa	singa
ketidakadilan	ke tidak adil an
berhadapan	ber hadap an
lemah	lemah
pemukimannya	pen mukim an nya
tambahan	tambah an
berkesan	ber kesan
terurai	ter urai
jaga	jaga
pembelajaran	pen belajar an
membocorkan	men bocor kan
kecil	kecil
rapi	rapi
tradisional	tradisional
kontrakan	kontrak an
berkomunikasi	ber komunikasi
simbolis	simbolis
tempo	tempo
kudanya	kuda nya
kaca	kaca
terhubung	ter hubung
matriks	matriks
selai	sela i
berdurasi	ber durasi
mengumpulkan	men kumpul kan
dicengkeram	di cengkeram
wewenang	wewenang
menyesal	men sesal
basah	basah
bahasa	bahasa
liberalisasi	liberalisasi
merespons	men respons
dicicil	di cicil
gulung	gulung
dianutnya	di anut nya
ditularkan	di tular kan
kliping	kliping
warganya	warga nya
membawakan	men bawa kan
perbendaharaannya	per bendahara an nya
merenovasi	men renovasi
bersinar	ber sinar
terpangkas	ter pangkas
aktivis	aktivis
transmisi	transmisi
ketidaklayakan	ke tidak layak an
durian	duri an
dijaminkan	di jamin kan
kluster	kluster
arah	arah
melecehkan	men leceh kan
berkhotbah	ber khotbah
bersenjata	ber senjata
matahari	matahari
lewatkan	lewat kan
foto	foto
tebangan	tebang an
terduga	ter duga
ditabur	di tabur
daun	daun
lapaknya	lapak nya
penghitungan	pen hitung an
memperebutkan	men rebut kan
bikin	bikin
disenangi	di senang i
paus	paus
sabuk	sabuk
diperolehnya	di peroleh nya
ketidakpekaan	ke tidak peka an
mendirikan	men diri kan
bawahannya	bawah an nya
turun	turun
dinikahinya	di nikah i nya
kunjung	kunjung
terealisasikan	ter realisasi kan
getah	getah
dicetuskan	di cetus kan
kabut	kabut
upahnya	upah nya
berwibawa	ber wibawa
proses	proses
dipersentasekan	di persentase kan
aktor	aktor
spekulasi	spekulasi
percekcokan	per cekcok an
badan	badan
buahnya	buah nya
terhormat	ter hormat
takarannya	takar an nya
entrinya	entri nya
memberkati	men berkat i
beranggapan	ber anggap an
ditelan	di telan
lanjutan	lanjut an
kuingat	ku ingat
bergemar	ber gemar
komunitasnya	komunitas nya
kedengaran	ke dengar an
tertidur	ter tidur
dicobai	di coba i
khayalan	khayal an
menyulitkan	men sulit kan
menyembuhkan	men sembuh kan
belajarnya	belajar nya
penampilannya	pen tampil an nya
dikepalai	di kepala i
pendamping	pen damping
beternak	beternak
nuklir	nuklir
mengunggah	men unggah
terbaca	ter baca
gitarnya	gitar nya
sutera	sutera
evakuasi	evakuasi
dipersiapkan	di per siap kan
negatifnya	negatif nya
terjatuh	ter jatuh
penjaga	pen jaga
ditempeli	di tempel i
ayahmu	ayah mu
dibangku	di bangku
dividen	dividen
luang	luang
tuna	tuna
poin	poin
berkeberatan	ber ke berat an
induk	induk
korelasi	korelasi
mengeringkan	men kering kan
pegang	pegang
menggelar	men gelar
pertimbangan	per timbang an
bakti	bakti
permohonannya	per mohon an nya
hasilkan	hasil kan
sebanyak	se banyak
nominasi	nominasi
menyikat	men sikat
pelaut	pen laut
mengecil	men kecil
mencercanya	men cerca nya
pegawai	pegawai
menyadarinya	men sadar i nya
mengentaskan	men entas kan
bertepatan	ber tepat an
nonperdagangan	non per dagang an
kerumunan	kerumun an
bilangan	bilang an
teratur	ter atur
memberitahu	men beritahu
mengingkari	men ingkar i
analisis	analisis
katalog	katalog
undi	undi
menyingsingkan	men singsing kan
rumit	rumit
bergereja	ber gereja
pengesahan	pen sah an
berkorelasi	ber korelasi
dikelola	di kelola
insiden	insiden
cangkir	cangkir
administrasi	administrasi
menjejak	men jejak
dijadikannya	di jadi kan nya
keruh	keruh
semata	se mata
kesan	kesan
berkesempatan	ber kesempatan
tarif	tarif
disiasati	di siasat i
surgawinya	surgawi nya
status	status
berburu	ber buru
kamboja	kamboja
perhitungan	per hitung an
meneguhkan	men teguh kan
saing	saing
batinnya	batin nya
kerangka	kerangka
pengkhianatan	pen khianat an
pengeluaran	pen keluar an
makmur	makmur
pembayar	pen bayar
memberitahuku	men beritahu ku
haus	haus
membuka	men buka
anjing	anjing
antarstatus	antar status
kalanya	kala nya
berlangsungnya	ber langsung nya
disalin	di salin
tertawaan	ter tawa an
anonim	anonim
fragmen	fragmen
anggota	anggota
timbangan	timbang an
pencuri	pen curi
ditegaskan	di tegas kan
dititipi	di titip i
berlayar	ber layar
dihidangkan	di hidang kan
halaman	halaman
purnama	purnama
teori	teori
impiannya	impian nya
tugas	tugas
murka	murka
memperkenankan	men kenan kan
memberkatinya	men berkat i nya
menghilangkan	men hilang kan
salinan	salin an
menyasar	men sasar
area	area
menabung	men tabung
cemburu	cemburu
firman	firman
meninjau	men tinjau
memperpanjang	men panjang
keluarganya	keluarga nya
setujui	setuju i
tumpangi	tumpang i
terperosok	terperosok
berdinas	ber dinas
lama	lama
meluluskan	men lulus kan
menanamkan	men tanam kan
ulah	ulah
perakitan	pen rakit an
amanat	amanat
berjarak	ber jarak
pewawancara	pen wawancara
dipantau	di pantau
belokan	belok an
diktenya	dikte nya
pertaruhan	per taruh an
canggih	canggih
kabur	kabur
disebabkan	di sebab kan
sanggup	sanggup
menggandeng	men gandeng
berseberangan	ber seberang an
terpola	ter pola
manis	manis
ditanami	di tanam i
rinciannya	rinci an nya
harumnya	harum nya
minumnya	minum nya
bobotnya	bobot nya
mendokumentasi	men dokumentasi
umum	umum
pengayaan	pen kaya an
gumuli	gumul i
bayaran	bayar an
memilih	men pilih
terpintar	ter pintar
dinyanyikan	di nyanyi kan
semalam	se malam
dihapuskannya	di hapus kan nya
paduan	padu an
menghindarinya	men hindar i nya
melimpahkan	men limpah kan
misteri	misteri
pil	pil
ruangnya	ruang nya
terealisasi	ter realisasi
memperdalam	men dalam
audio	audio
terluka	ter luka
semak	semak
mulia	mulia
harga	harga
merinci	men rinci
menyapa	men sapa
payudara	payudara
pembasmi	pen basmi
sepeda	sepeda
mengagumkan	men kagum kan
penyajian	pen saji an
mengkredit	men kredit
eternit	eternit
pegangannya	pegang an nya
terselenggaranya	ter selenggara nya
negeri	negeri
pergumulan	per gumul an
disembelih	di sembelih
palang	palang
dihadapkan	di hadap kan
gugup	gugup
mukjizat	mukjizat
ekspor	ekspor
relatif	relatif
penggantian	pen ganti an
alat	alat
diantar	di antar
faktor	faktor
meledakkan	men ledak kan
olimpiade	olimpiade
penuntasan	pen tuntas an
mencacah	men cacah
mengulurkan	men ulur kan
pukulan	pukul an
nyonya	nyonya
dijual	di jual
diamati	di amati
periksa	periksa
akurat	akurat
terekam	ter rekam
suplemen	suplemen
diaudit	di audit
menyingkapkan	men singkap kan
bernaung	ber naung
tukar	tukar
penggalangan	pen galang an
menaruhnya	men taruh nya
terwakili	ter wakil i
kandungannya	kandung an nya
dipersoalkan	di per soal kan
mengunjungi	men kunjung i
dipegang	di pegang
tangga	tangga
berakhirnya	ber akhir nya
berbenturan	ber bentur an
biola	biola
tabungan	tabung an
kabupaten	kabupaten
merevisi	men revisi
mahkamah	mahkamah
ruangan	ruang an
merekonstruksi	men rekonstruksi
efek	efek
hambatannya	hambat an nya
rodanya	roda nya
paruh	paruh
melaluinya	men lalu i nya
melibatkan	men libat kan
sesuatunya	sesuatu nya
sel	sel
kadarnya	kadar nya
dibalik	di balik
dukungannya	dukung an nya
dipotong	di potong
adegan	adegan
penegasan	pen tegas an
budak	budak
bersamaan	ber sama an
invasi	invasi
sesamanya	se sama nya
selesainya	selesai nya
berharga	ber harga
jenjang	jenjang
substansinya	substansi nya
membongkar	men bongkar
antariksa	antariksa
persepsi	persepsi
dicoret	di coret
pencocokan	pen cocok an
terabaikannya	ter abai kan nya
menjawab	men jawab
tinggalkan	tinggal kan
rutinitas	rutinitas
memasarkannya	men pasar kan nya
bersaing	ber saing
pamannya	paman nya
pencipta	pen cipta
operasi	operasi
pabrikan	pabrik an
rela	rela
diluncurkan	di luncur kan
wanita	wanita
kritikus	kritikus
dimodifikasi	di modifikasi
efektivitasnya	efektivitas nya
rekomendasi	rekomendasi
kokpitnya	kokpit nya
galian	gali an
gunting	gunting
mutu	mutu
piranti	piranti
santunku	santun ku
bermuara	ber muara
rasial	rasial
informasinya	informasi nya
sintesis	sintesis
sesederhana	se sederhana
eksekusinya	eksekusi nya
diterjemahkan	di terjemah kan
pengetikan	pen ketik an
penerjemah	pen terjemah
pengasapan	pen asap an
dikabulkan	di kabul kan
simak	simak
melainkan	men lain kan
direnovasi	di renovasi
ibadah	ibadah
angkat	angkat
menoleransinya	men toleransi nya
berkomentar	ber komentar
penuntutan	pen tuntut an
artikel	artikel
diperkenalkannya	di per kenal kan nya
bertuliskan	ber tulis kan
diakibatkan	di akibat kan
meresponnya	men respon nya
gembiranya	gembira nya
berimbangnya	ber imbang nya
menyarankan	men saran kan
didelegasikan	di delegasi kan
napasnya	napas nya
diinginkannya	di ingin kan nya
sesuai	sesuai
memetik	men petik
penerima	pen terima
membekaskan	men bekas kan
berandil	ber andil
waktunya	waktu nya
ongkosnya	ongkos nya
jahit	jahit
rambutku	rambut ku
berimbang	ber imbang
menolak	men tolak
berfikir	ber fikir
dihindarinya	di hindar i nya
rak	rak
ambivalen	ambivalen
bayarkan	bayar kan
berobat	ber obat
ketidakadaan	ke tidak ada an
sumatera	sumatera
dikuatirkan	di kuatir kan
membesar	men besar
tersiar	ter siar
aus	aus
cakupan	cakup an
prakteknya	praktek nya
pengelolaan	pen kelola an
mengisolasi	men isolasi
kutukan	kutuk an
riang	riang
pengangsuran	pen angsur an
terkaya	ter kaya
supir	supir
april	april
ambisi	ambisi
pasiennya	pasien nya
cepat	cepat
diusahakan	di usaha kan
komunis	komunis
bulanan	bulan an
melihat	men lihat
salad	salad
dibuat	di buat
santri	santri
mempesona	men pesona
dianggapnya	di anggap nya
penjaminnya	pen jamin nya
menonjolkan	men tonjol kan
pendamai	pen damai
ketua	ketua
tumbuh	tumbuh
arif	arif
sempurna	sempurna
menekuni	men tekun i
perpisahannya	per pisah an nya
respon	respon
beroperasi	ber operasi
memperbincangkan	men bincang kan
partikel	partikel
terhentinya	ter henti nya
lengkap	lengkap
artis	artis
jalar	jalar
dipertahankan	di per tahan kan
sesempurna	se sempurna
memacunya	men pacu nya
profesional	profesional
memperdulikan	men perduli kan
disebutkan	di sebut kan
lidahnya	lidah nya
suratnya	surat nya
mengindikasikan	men indikasi kan
penampungan	pen tampung an
operator	operator
penahanan	pen tahan an
diingatkan	di ingat kan
fleksibilitas	fleksibilitas
menggairahkan	men gairah kan
ditempat	di tempat
melipat	men lipat
presiden	presiden
rintangannya	rintang an nya
menyampaikan	men sampai kan
waduk	waduk
ampas	ampas
perhatiannya	per hati an nya
dirujuk	di rujuk
ceroboh	ceroboh
dipajang	di pajang
komoditi	komoditi
pernafasan	per nafas an
kawan	kawan
memukuli	men pukul i
penentu	pen tentu
tercantum	ter cantum
jadwalku	jadwal ku
warga	warga
dikucilkan	di kucil kan
menunggak	men tunggak
dilaluinya	di lalu i nya
berhimpitan	ber himpit an
merehabilitasi	men rehabilitasi
personelnya	personel nya
menghargainya	men harga i nya
muramku	muram ku
memprakirakan	men prakira kan
beragamnya	ber ragam nya
kedudukannya	ke duduk an nya
pendistribusi	pen distribusi
membekas	men bekas
rate	rate
berpasir	ber pasir
afrika	afrika
renovasi	renovasi
uluran	ulur an
ayahku	ayah ku
diskualifikasi	diskualifikasi
mobilitas	mobilitas
penggantinya	pen ganti nya
bersalin	ber salin
anu	anu
menuduhnya	men tuduh nya
subjektivitas	subjektivitas
pencari	pen cari
bir	bir
menganalisis	men analisis
pahitnya	pahit nya
aktifitasnya	aktifitas nya
antarorangtua	antar orangtua
menikah	men nikah
pengantar	pen antar
lapar	lapar
mengorganisasikan	men organisasi kan
pikiran	pikir an
keeratan	ke erat an
juru	juru
dicapai	di capai
penjahitan	pen jahit an
variasi	variasi
persoalan	per soal an
disampaikan	di sampai kan
menimpa	men timpa
dikontraknya	di kontrak nya
menggerus	men gerus
terlindung	ter lindung
terinspirasi	ter inspirasi
rencana	rencana
pihak	pihak
besi	besi
penghasilannya	pen hasil an nya
restorasi	restorasi
peternakannya	peternakan nya
lengkung	lengkung
mengetuk	men ketuk
rukun	rukun
untungnya	untung nya
memikat	men pikat
sengsara	sengsara
fakir	fakir
ketidaksetujuan	ke tidak setuju an
lelakinya	lelaki nya
sasaran	sasar an
pengenal	pen kenal
ditimbulkannya	di timbul kan nya
bermuatan	ber muat an
bermilik	ber milik
bereaksi	ber reaksi
allah	allah
takutnya	takut nya
komitmen	komitmen
pertunangan	per tunang an
memprihatinkan	men prihatin kan
gugatan	gugat an
takutkan	takut kan
diberitakan	di berita kan
prinsip	prinsip
detik	detik
pemerannya	pen peran nya
lapak	lapak
relaksasi	relaksasi
kemunduran	ke mundur an
lesunya	lesu nya
sombong	sombong
ketetapan	ke tetap an
disejajarkan	di sejajar kan
mendiversifikasi	men diversifikasi
penyedia	pen sedia
berkenaan	ber kena an
berdaya	ber daya
pudar	pudar
olokan	olok an
memulihkan	men pulih kan
terampuh	ter ampuh
pemuatan	pen muat an
pengkoordinasian	pen koordinasi an
tingkatnya	tingkat nya
gugur	gugur
membedah	men bedah
persebaran	per sebar an
terlantar	terlantar
daratannya	darat an nya
pembuangan	pen buang an
isu	isu
menancapkan	men tancap kan
ujung	ujung
penggunaannya	pen guna an nya
roda	roda
pergolakan	per golak an
kuasa	kuasa
menghujat	men hujat
dimanfaatkan	di manfaat kan
anti	anti
berkabung	berkabung
pilihnya	pilih nya
melumpuhkan	men lumpuh kan
penambangan	pen tambang an
observasi	observasi
pemain	pen main
rendah	rendah
mulutnya	mulut nya
pengirim	pen kirim
turunannya	turun an nya
pendaratan	pen darat an
menyalahgunakannya	men salahguna kan nya
dokternya	dokter nya
derajat	derajat
mendebarkan	men debar kan
berkesusahan	ber ke susah an
menumpuk	men tumpuk
melambangkan	men lambang kan
mendaftarkannya	men daftar kan nya
areal	areal
tobat	tobat
laba	laba
dicanangkannya	di canang kan nya
karibia	karibia
mengkonsolidasikan	men konsolidasi kan
teliti	teliti
keterlibatannya	ke terlibat an nya
santunan	santun an
arti	arti
bakar	bakar
tanganku	tangan ku
ditegur	di tegur
hamparan	hampar an
antarkomoditas	antar komoditas
mundur	mundur
jawabnya	jawab nya
hormati	hormat i
laksana	laksana
urbanisasi	urbanisasi
hikmatnya	hikmat nya
kas	kas
mengkoordinasikan	men koordinasi kan
bersesuaian	ber sesuai an
terkungkung	ter kungkung
filosofi	filosofi
dipertanyakan	di per tanya kan
gelombang	gelombang
dipermainkan	di per main kan
dipetik	di petik
logonya	logo nya
pendayagunaan	pen dayaguna an
batal	batal
jual	jual
irigasinya	irigasi nya
pemiliknya	pen milik nya
bina	bina
diutamakan	di utama kan
berbeda	ber beda
percayanya	percaya nya
pengucapan	pen ucap an
menyikapi	men sikap i
mitranya	mitra nya
berpenghasilan	ber pen hasil an
saksi	saksi
dicoba	di coba
omzetnya	omzet nya
komplek	komplek
jeruknya	jeruk nya
pergunungan	per gunung an
memimpin	men pimpin
tambaknya	tambak nya
kolom	kolom
pertobatan	per tobat an
mengalokasikannya	men alokasi kan nya
segi	segi
layang	layang
ketidakseriusan	ke tidak serius an
menyembunyikan	men sembunyi kan
melemahnya	men lemah nya
pisaunya	pisau nya
reuni	reuni
serius	serius
aplikasi	aplikasi
diperiksa	di periksa
kembalikan	kembali kan
dokumenter	dokumenter
kental	kental
mengidap	men idap
penganyam	pen anyam
paradigma	paradigma
es	es
teraniaya	ter aniaya
menipis	men tipis
logo	logo
bernegosiasi	ber negosiasi
tertinggi	ter tinggi
sana	sana
pelayananku	pen layan an ku
rumor	rumor
indikatornya	indikator nya
jenisnya	jenis nya
ditunjukkan	di tunjuk kan
setia	setia
penembakan	pen tembak an
menyempurnakan	men sempurna kan
auman	aum an
membobol	men bobol
terjangkaunya	ter jangkau nya
kurungan	kurung an
melalui	men lalu i
dicontohkan	di contoh kan
perguruan	per guru an
jatahnya	jatah nya
termiskin	ter miskin
petani	petani
formasi	formasi
mengundurkan	men undur kan
peti	peti
pergulatan	per gulat an
gugat	gugat
diingat	di ingat
pengaruhnya	pengaruh nya
terpolusi	ter polusi
gurun	gurun
paku	paku
membebankan	men beban kan
telaknya	telak nya
ikuti	ikut i
serumit	se rumit
mengasingkan	men asing kan
bertatap	ber tatap
berkompeten	ber kompeten
listriknya	listrik nya
rancu	rancu
janggal	janggal
ditinggalkan	di tinggal kan
dangkal	dangkal
menjagamu	men jaga mu
menggosokkan	men gosok kan
teknologi	teknologi
menerkam	men terkam
mengajukan	men aju kan
karir	karir
galak	galak
sipil	sipil
polisi	polisi
merekomendasi	men rekomendasi
modal	modal
bisikan	bisik an
amarahnya	amarah nya
alamiah	alamiah
babakan	babak an
pernikahannya	per nikah an nya
pelacur	pen lacur
pemasarannya	pen pasar an nya
ketidaksepakatan	ke tidak sepakat an
memancar	men pancar
pesta	pesta
departemen	departemen
pengasingan	pen asing an
seminggu	se minggu
angsa	angsa
ubi	ubi
menjelaskan	men jelas kan
dicontoh	di contoh
preminya	premi nya
kalkun	kalkun
didapati	di dapat i
pengunjung	pen kunjung
sesama	se sama
mayat	mayat
pengusaha	pen usaha
dirampungkan	di rampung kan
terkecil	ter kecil
berlipat	ber lipat
berkat	berkat
kerasukan	ke rasuk an
menggembirakan	men gembira kan
mencerahkan	men cerah kan
anugerahkan	anugerah kan
menyimpan	men simpan
nafsumu	nafsu mu
berduka	ber duka
dihormati	di hormat i
pengoleksi	pen koleksi
aktual	aktual
dideritanya	di derita nya
leganya	lega nya
penyempitan	pen sempit an
peledak	pen ledak
penting	penting
hubungannya	hubung an nya
menganjurkan	men anjur kan
menusuk	men tusuk
jabar	jabar
korelasinya	korelasi nya
lain	lain
tepuk	tepuk
kerjasama	kerjasama
pemantauannya	pen pantau an nya
paksaan	paksa an
memilah	men pilah
cari	cari
gelandang	gelandang
dimampukan	di mampu kan
harian	hari an
dikendorkan	di kendor kan
mengotori	men kotor i
asam	asam
kejar	kejar
mendatanginya	men datang i nya
semudah	se mudah
lindung	lindung
bertugas	ber tugas
penanggungjawab	pen tanggungjawab
aduan	adu an
panel	panel
dikuburkan	di kubur kan
mengatakan	men kata kan
diperburuk	di per buruk
mengucilkan	men kucil kan
tuanmu	tuan mu
diperlebar	di per lebar
terbawa	ter bawa
pendosa	pen dosa
memperkosa	men perkosa
seks	seks
kipas	kipas
menyetujui	men setuju i
identifikasi	identifikasi
teriak	teriak
jadwalnya	jadwal nya
blok	blok
sekolahan	sekolah an
bermitra	ber mitra
membalasnya	men balas nya
bicara	bicara
utusannya	utus an nya
ijon	ijon
nafsu	nafsu
aset	aset
dirahasiakan	di rahasia kan
dicanangkan	di canang kan
anggukan	angguk an
mengulangi	men ulang i
kebangkitan	ke bangkit an
pelayanannya	pen layan an nya
perburuhan	per buruh an
tersebut	ter sebut
tumbuhnya	tumbuh nya
kurangi	kurang i
paksa	paksa
mengasihi	men kasih i
disalurkan	di salur kan
terdorong	ter dorong
tamak	tamak
antusiasme	antusiasme
jarahan	jarah an
tersirat	ter sirat
silakan	silakan
kalori	kalori
lurahnya	lurah nya
detail	detail
evaluasinya	evaluasi nya
ditaburkan	di tabur kan
mengurus	men urus
kawal	kawal
guntingan	gunting an
melimpahnya	men limpah nya
genangan	genang an
ujar	ujar
jenewa	jenewa
peredam	pen redam
memecat	men pecat
penundukan	pen tunduk an
berlimpahnya	ber limpah nya
mengeraskan	men keras kan
antarpengadilan	antar pen adil an
rasio	rasio
meramalkan	men ramal kan
tanda	tanda
kelanjutannya	ke lanjut an nya
lega	lega
salehnya	saleh nya
cermin	cermin
menangnya	menang nya
pedang	pedang
membaca	men baca
naik	naik
hayati	hayat i
kanada	kanada
anemia	anemia
tikus	tikus
melarat	melarat
disiarkan	di siar kan
klorofilnya	klorofil nya
bertanam	ber tanam
gubernurnya	gubernur nya
serangan	serang an
bentrokan	bentrok an
penugasan	pen tugas an
terbelakang	ter belakang
balasan	balas an
persoalannya	per soal an nya
ketidaksesuaian	ke tidak sesuai an
pengorganisasian	pen organisasi an
diprediksi	di prediksi
dikunjungi	di kunjung i
memerdekakan	men merdeka kan
perkataan	per kata an
menyuruh	men suruh
penggajian	pen gaji an
partisipasinya	partisipasi nya
mendaratkannya	men darat kan nya
memasukannya	men pasukan nya
asap	asap
persiapan	per siap an
berbatu	ber batu
khusus	khusus
teramati	ter amati
memedomani	men pedoman i
sidang	sidang
rekapitulasi	rekapitulasi
eksekutif	eksekutif
berawak	ber awak
alkohol	alkohol
mengelompokkannya	men kelompok kan nya
takluk	takluk
berfungsi	ber fungsi
mendistribusi	men distribusi
mencarinya	men cari nya
hadapanku	hadap an ku
pidato	pidato
spontan	spontan
dek	dek
artinya	arti nya
taati	taat i
mendaur	men daur
memudarkan	men pudar kan
bab	bab
wartawan	wartawan
makamnya	makam nya
mengokohkan	men kokoh kan
diskon	diskon
indikasi	indikasi
dramatis	dramatis
memusnahkan	men musnah kan
penyelaras	pen selaras
slogan	slogan
jurnal	jurnal
persawahan	per sawah an
kedatangan	ke datang an
memodifikasi	men modifikasi
terimakasih	terimakasih
terdistribusikan	ter distribusi kan
susu	susu
ditunjuk	di tunjuk
merefleksikan	men refleksi kan
merogoh	men rogoh
menggandakan	men ganda kan
asuhan	asuh an
genggaman	genggam an
direncanakan	di rencana kan
rohaninya	rohani nya
diperberat	di per berat
monitor	monitor
meluap	men luap
wacana	wacana
bubur	bubur
mengukurkan	men ukur kan
sampahnya	sampah nya
menyantuni	men santun i
hektar	hektar
penunggak	pen tunggak
pasal	pasal
penyiapan	pen siap an
penggantiannya	pen ganti an nya
akad	akad
menguraikan	men urai kan
kendalinya	kendali nya
diwajibkan	di wajib kan
berpraktik	ber praktik
luasnya	luas nya
memposisikan	men posisi kan
dermawan	derma wan
mengikut	men ikut
bakteri	bakteri
kasih	kasih
memberontak	men berontak
fondasi	fondasi
stres	stres
selimut	selimut
barangsiapa	barangsiapa
omong	omong
persamaan	per sama an
penjahit	pen jahit
monumen	monumen
lokali	lokal i
penetrasi	penetrasi
menyalurkannya	men salur kan nya
waktuku	waktu ku
tersinggung	ter singgung
profesor	profesor
nomor	nomor
wisata	wisata
hatimu	hati mu
juruselamatku	juruselamat ku
berenang	ber renang
khazanah	khazanah
gelisah	gelisah
antartingkatan	antar tingkat an
semacamnya	se macam nya
penertiban	pen tertib an
langgengnya	langgeng nya
penggorengan	pen goreng an
berhenti	ber henti
berduri	ber duri
menggelitik	men gelitik
pemboman	pen bom an
peroksida	peroksida
menghayati	men hayat i
tempatmu	tempat mu
mencukupinya	men cukup i nya
demo	demo
berdenyut	ber denyut
keberadaan	keberadaan
bertanah	ber tanah
buruh	buruh
selayaknya	se layak nya
kehendaki	kehendak i
anggapan	anggap an
wisma	wisma
dikerjasamakan	di kerjasama kan
diestimasi	di estimasi
terangmu	terang mu
jubah	jubah
jebakan	jebak an
informasi	informasi
peraga	pen raga
disetor	di setor
sarapan	sarapan
dihabiskan	di habis kan
menebang	men tebang
pengurus	pen urus
naskah	naskah
tepatnya	tepat nya
elpiji	elpiji
anggrek	anggrek
gampang	gampang
tni	tn i
bata	bata
pita	pita
warna	warna
terpandai	ter pandai
majalah	majalah
penitipan	pen titip an
melampirkan	men lampir kan
1950an	1950 an
upahan	upah an
penerimaannya	pen terima an nya
kalangan	kalangan
teluk	teluk
membagikannya	men bagi kan nya
pengikutnya	pen ikut nya
antarvariabel	antar variabel
dibebani	di beban i
krim	krim
pabrik	pabrik
pemetikan	pen petik an
berpribadi	ber pribadi
kasihi	kasih i
gunanya	guna nya
bala	bala
diverifikasinya	di verifikasi nya
seefisien	se efisien
mengkonsumsi	men konsumsi
mengikuti	men ikut i
realokasi	realokasi
pemantapan	pen mantap an
kusut	kusut
tuntutan	tuntut an
dipraktekkan	di praktek kan
tahap	tahap
ciptanya	cipta nya
daerah	daerah
bercerita	ber cerita
ironisnya	ironis nya
pertengahan	per tengah an
sawahnya	sawah nya
skeptis	skeptis
panjang	panjang
abaikan	abai kan
kapten	kapten
berdinding	ber dinding
aspek	aspek
penolakan	pen tolak an
bermekaran	ber mekar an
pemanjaan	pen manja an
terlampau	ter lampau
bulu	bulu
tontonan	tonton an
terkalahkan	terkalahkan
hadir	hadir
tersaji	ter saji
penyebarluasan	pen sebarluas an
sebangsanya	se bangsa nya
terjerat	ter jerat
dihimpun	di himpun
kegemaran	ke gemar an
belakangku	belakang ku
allahnya	allah nya
berkisar	ber kisar
jaraknya	jarak nya
guncangan	guncang an
menentang	men tentang
menoleh	men toleh
diajak	di ajak
bersihkan	bersih kan
menimbang	men timbang
pasif	pasif
dosa	dosa
sosis	sosis
beragama	ber agama
konteksnya	konteks nya
mikro	mikro
melembaga	men lembaga
ulangan	ulang an
konstituen	konstituen
belgia	belgia
anggur	anggur
perekrutan	pen rekrut an
kalimat	kalimat
disambut	di sambut
depannya	depan nya
memungutnya	men pungut nya
rawan	rawan
terbakar	ter bakar
cemas	cemas
bahkan	bah kan
gol	gol
seabad	se abad
gagang	gagang
didiktekan	di dikte kan
mendengarnya	men dengar nya
agresif	agresif
dikonsolidasi	di konsolidasi
registrasi	registrasi
menyiramnya	men siram nya
adikku	adik ku
nontunai	nontunai
disadari	di sadar i
menyayangi	men sayang i
diletakkan	di letak kan
perkotaan	per kota an
radiasi	radiasi
top	top
memasyarakat	men masyarakat
memanen	men panen
galeri	galeri
traktornya	traktor nya
orbit	orbit
memandunya	men pandu nya
dijabarkan	di jabar kan
menjurus	men jurus
stabil	stabil
dipecat	di pecat
memantau	men pantau
menggaji	men gaji
miliknya	milik nya
bertambahnya	ber tambah nya
berkuasa	ber kuasa
doktor	doktor
langka	langka
pembiayaannya	pen biaya an nya
membasahi	men basah i
desa	desa
mewakilkan	men wakil kan
tersihir	ter sihir
membahu	men bahu
merealisasikan	men realisasi kan
bermainnya	ber main nya
disamping	di samping
rekonsiliasi	rekonsiliasi
ratifikasi	ratifikasi
mudah	mudah
ngeri	ngeri
tafsirannya	tafsir an nya
mencintaiku	men cinta i ku
tunduk	tunduk
resep	resep
menyiasati	men siasat i
medali	medali
menghadap	men hadap
digantikan	di ganti kan
pengembaliannya	pen kembali an nya
sekadarnya	se kadar nya
mengupayakan	men upaya kan
penyimpangan	pen simpang an
memverifikasi	men verifikasi
terheran	ter heran
perindustrian	per industri an
komedi	komedi
mengizinkan	men izin kan
niatan	niat an
mengajarkannya	men ajar kan nya
sembunyikan	sembunyi kan
penyejuk	pen sejuk
koordinasi	koordinasi
bergirang	ber girang
membetulkan	men betul kan
terpesona	ter pesona
bintang	bintang
sabet	sabet
waspada	waspada
geluti	gelut i
guru	guru
berkabungnya	berkabung nya
hilangkan	hilang kan
berasal	ber asal
membalas	men balas
diramalkan	di ramal kan
berpelukan	ber peluk an
ui	ui
kebalikan	ke balik an
neraka	neraka
biarkan	biar kan
antarpulau	antar pulau
ratusan	ratus an
dituntaskan	di tuntas kan
dijabat	di jabat
terpilihnya	ter pilih nya
lahiran	lahir an
mengasuh	men asuh
survey	survey
menantang	men tantang
berbasiskan	ber basis kan
mengeluh	men keluh
karyawan	karya wan
kantor	kantor
majikan	majikan
pengukuran	pen ukur an
unggun	unggun
mendesentralisasikannya	men desentralisasi kan nya
pembunuhan	pen bunuh an
dananya	dana nya
pacu	pacu
indikator	indikator
perikanan	per ikan an
harum	harum
bulat	bulat
saran	saran
rokok	rokok
mewujudkan	men wujud kan
dimandatkan	di mandat kan
selandia	selandia
akhirnya	akhir nya
melemparkan	men lempar kan
verifikasinya	verifikasi nya
sirkuit	sirkuit
pertobatannya	per tobat an nya
memanennya	men panen nya
separuhnya	se paruh nya
kolam	kolam
olahannya	olah an nya
tertunda	ter tunda
siswanya	siswa nya
dikawal	di kawal
dipanen	di panen
diseret	di seret
ingatan	ingat an
digigit	di gigit
digeluti	di gelut i
vakum	vakum
memampukan	men mampu kan
katanya	kata nya
dimotori	di motor i
mengutamakan	men utama kan
tes	tes
kurikulum	kurikulum
tragedi	tragedi
diyakini	di yakin i
ditepatinya	di tepat i nya
ikhlas	ikhlas
menjengkelkan	men jengkel kan
kuncinya	kunci nya
jatah	jatah
reaktor	reaktor
siap	siap
pencobaan	pen coba an
terdaftar	ter daftar
baik	baik
menjawabnya	men jawab nya
instalasi	instalasi
memeluk	men peluk
menginjeksi	men injeksi
ditagih	di tagih
tangannya	tangan nya
berpegangan	ber pegang an
berserikat	ber serikat
tuntunan	tuntun an
kebagian	ke bagi an
ketidakefektifan	ke tidak efektif an
pelabuhan	pen labuh an
pemberangkatannya	pen berangkat an nya
ketidakstabilan	ke tidak stabil an
menjajakan	men jaja kan
menggenggam	men genggam
pendukung	pen dukung
tenar	tenar
temanmu	teman mu
pemungutan	pen pungut an
terikat	ter ikat
menegosiasikan	men negosiasi kan
berkarya	ber karya
diputar	di putar
mempersoalkan	men soal kan
1990an	1990 an
penetapan	pen tetap an
pemimpin	pen pimpin
diraihnya	di raih nya
penyeludup	pen seludup
sekelilingnya	se keliling nya
minatnya	minat nya
dijumpainya	di jumpa i nya
taktik	taktik
penyambutan	pen sambut an
camat	camat
tantangan	tantang an
mengalirnya	men alir nya
diteladani	di teladan i
menyuruhnya	men suruh nya
hidung	hidung
berambut	ber rambut
menyebarkan	men sebar kan
karbon	karbon
dimaksudkannya	di maksud kan nya
surga	surga
menyembur	men sembur
ditanam	di tanam
astronom	astronom
tindih	tindih
membendung	men bendung
penggunanya	pen guna nya
dikhianati	di khianat i
dibilang	di bilang
menolaknya	men tolak nya
disepakati	di sepakat i
luka	luka
dilanjutkannya	di lanjut kan nya
pertengkaran	per tengkar an
peranannya	peran an nya
kakeknya	kakek nya
lembah	lembah
permodalan	per modal an
sikapnya	sikap nya
penentuannya	pen tentu an nya
menjulang	men julang
sahnya	sah nya
penyusunan	pen susun an
disegarkan	di segar kan
pewahyuan	pen wahyu an
pedagang	pedagang
semula	se mula
mengaksesnya	men akses nya
cuacanya	cuaca nya
mingguan	minggu an
terinformasi	ter informasi
melawannya	men lawan nya
corak	corak
mendiskriminasi	men diskriminasi
perhutanan	per hutan an
menghimbau	men himbau
kufirmankan	ku firman kan
bebanmu	beban mu
betul	betul
dihubungi	di hubung i
diidentifikasi	di identifikasi
zona	zona
beribadah	ber ibadah
sentral	sentral
madu	madu
kepergianku	ke pergi an ku
populer	populer
mendatang	men datang
alfabet	alfabet
dipasok	di pasok
termuda	ter muda
menghimpunkan	men himpun kan
dihadapinya	di hadap i nya
meninjunya	men tinju nya
menerjang	men terjang
menjerat	men jerat
mempersatukan	men satu kan
penyerangan	pen serang an
sd	sd
kakak	kakak
petunjuknya	petunjuk nya
sewaktu	se waktu
disebarluaskan	di sebarluas kan
jumpa	jumpa
secepatnya	se cepat nya
melanggengkannya	men langgeng kan nya
bolos	bolos
separuh	se paruh
pengrusakan	pen rusak an
mensyukuri	men syukuri
terjal	terjal
stok	stok
berteduh	ber teduh
didefinisikan	di definisi kan
juara	juara
selesaikan	selesai kan
penyebarannya	pen sebar an nya
pengumpulan	pen kumpul an
berlebih	ber lebih
mengkonsultasikan	men konsultasi kan
liberal	liberal
datar	datar
ungkapkan	ungkap kan
antarwarga	antar warga
pipi	pipi
diembannya	di emban nya
mendidik	men didik
didirikannya	di diri kan nya
diadaptasi	di adaptasi
aksesibilitas	aksesibilitas
penulis	pen tulis
meluncur	men luncur
mencerna	men cerna
penggagasnya	pen gagas nya
parfum	parfum
pengamat	pengamat
menabrakkannya	men tabrak kan nya
gerak	gerak
distrik	distrik
pemaksaan	pen paksa an
saldo	saldo
kelas	kelas
dikemukakan	di kemuka kan
tergolong	ter golong
teridentifikasi	ter identifikasi
mimpi	mimpi
bertempur	ber tempur
fluktuasi	fluktuasi
ketidakjujuran	ke tidak jujur an
diagnostik	diagnostik
latar	latar
berlandaskan	ber landas kan
hobi	hobi
tersentuh	ter sentuh
cabai	cabai
berwewenang	ber wewenang
galangan	galang an
naungan	naung an
pra	pra
mengenakan	men kena kan
sejawat	se jawat
perbendaharaan	per bendahara an
habitat	habitat
seru	seru
pengolahannya	pen olah an nya
akunting	akunting
mapannya	mapan nya
berkomitmen	ber komitmen
perusahaannya	per usaha an nya
membingungkan	men bingung kan
manajer	manajer
orang	orang
congkak	congkak
melelehkan	men leleh kan
kaumnya	kaum nya
mengagungkan	men agung kan
defisit	defisit
ditumbuk	di tumbuk
mempersulit	men sulit
cara	cara
kabinet	kabinet
permukaan	per muka an
laju	laju
memungkinkan	memungkinkan
alatnya	alat nya
berlokasi	ber lokasi
ratap	ratap
menyaring	men saring
sukacitaku	sukacita aku
mendengarkan	men dengar kan
penghapusan	pen hapus an
remajanya	remaja nya
selektif	selektif
lawan	lawan
tumpangan	tumpang an
butuhkan	butuh kan
perkasa	perkasa
diminati	di minat i
ragu	ragu
diusung	di usung
diakuinya	di aku i nya
sebaliknya	sebaliknya
karakteristik	karakteristik
serang	serang
menegangkan	men tegang kan
sulit	sulit
utamanya	utama nya
perumpamaan	per umpama an
menyeberang	men seberang
melatarbelakanginya	men latarbelakang i nya
lukisan	lukis an
sertifikasi	sertifikasi
melestarikan	men lestari kan
membuatkan	men buat kan
meratapi	men ratap i
berpenghuni	ber pen huni
diperlukannya	di perlu kan nya
peninjau	pen tinjau
perdamaian	per damai an
sanjungan	sanjung an
targetnya	target nya
pengajarnya	pen ajar nya
dilatarbelakangi	di latarbelakang i
saudaramu	saudara mu
menjanda	men janda
alkitabnya	alkitab nya
perkoperasian	per koperasi an
sampel	sampel
norma	norma
seakurat	se akurat
pengelolanya	pen kelola nya
janin	janin
memamerkan	men pamer kan
jumlahnya	jumlah nya
kamp	kamp
digunakannya	di guna kan nya
menabrak	men tabrak
terpaut	ter paut
menjadwal	men jadwal
berpendapatan	ber pen dapat an
melatihnya	men latih nya
dikompromikan	di kompromi kan
konseling	konseling
perbedaannya	per beda an nya
dicetak	di cetak
mengejarnya	men kejar nya
berbalik	ber balik
lembu	lembu
berita	berita
sibuknya	sibuk nya
sekolah	sekolah
memperkecil	men kecil
ingini	ingin i
memancarkan	men pancar kan
kanwil	kanwil
semaksimal	se maksimal
menyelamatkannya	men selamat kan nya
memburu	men buru
datanya	data nya
globalisasi	globalisasi
produknya	produk nya
pencegah	pen cegah
talenta	talenta
iri	iri
anakku	anak ku
bertahun	ber tahun
mendorong	men dorong
rapuh	rapuh
mamalia	mamalia
menghormati	men hormat i
soalnya	soal nya
literatur	literatur
usah	usah
pengecualiannya	pengecualian nya
direkapitulasi	di rekapitulasi
subjek	subjek
peraturan	per atur an
kesediaan	ke sedia an
balai	bala i
eternitnya	eternit nya
imunisasinya	imunisasi nya
penjembatanan	pen jembatan an
musim	musim
yunani	yunani
arsip	arsip
cita	cita
asli	asli
rusak	rusak
bernomor	ber nomor
bergizi	ber gizi
membaik	men baik
berkualitas	ber kualitas
terpandang	ter pandang
mengungguli	men unggul i
rutinitasnya	rutinitas nya
kamu	kamu
kelapa	kelapa
telak	telak
saudaraku	saudara aku
bertenaga	ber tenaga
kelimpahan	ke limpah an
menginterupsi	men interupsi
kontroversial	kontroversial
pencucian	pen cuci an
penguatan	pen kuat an
pembatas	pen batas
panggilan	panggil an
organ	organ
tanaman	tanam an
pencinta	pen cinta
leluasa	leluasa
bank	bank
pepohonan	pepohonan
insya	insya
merelokasi	men relokasi
filipina	filipina
dipersalahkan	di per salah kan
prasangka	prasangka
kapital	kapital
cabangnya	cabang nya
meletus	men letus
bekerja	bekerja
mengutarakan	men utara kan
ayahnya	ayah nya
mencela	men cela
bising	bising
sambutan	sambut an
kakiku	kaki ku
memperbesar	men besar
menggenangi	men genang i
coba	coba
dikuatkan	di kuat kan
berkoordinasi	ber koordinasi
wadah	wadah
moral	moral
terlewatnya	ter lewat nya
penghormatan	pen hormat an
porsi	porsi
terlintas	ter lintas
bertekun	ber tekun
eceran	ecer an
rekapitulasinya	rekapitulasi nya
tujukan	tuju kan
diagnosanya	nyagnosa nya
pajangan	pajang an
sihir	sihir
lantunan	lantun an
menekan	men tekan
utuh	utuh
evolusi	evolusi
bawaan	bawa an
dikalahkan	di kalah kan
tulangku	tulang ku
melintasinya	men lintas i nya
dilantunkan	di lantun kan
menceritakannya	men cerita kan nya
mencapainya	men capai nya
jarangnya	jarang nya
bergantian	ber ganti an
tempat	tempat
memberitahukan	men beritahu kan
menandakan	men tanda kan
evaluasi	evaluasi
menyerukan	men seru kan
lupa	lupa
timbangannya	timbang an nya
berkeluarga	ber keluarga
perhatian	per hati an
gulungan	gulung an
haluan	halu an
ambilkan	ambil kan
menyalahi	men salah i
meminjamkan	men pinjam kan
pagar	pagar
kinerja	kinerja
acuh	acuh
dilansir	di lansir
berkantor	ber kantor
terungkap	ter ungkap
tekad	tekad
diserahi	di serah i
triwulanannya	triwulan an nya
anggaran	anggar an
relevansinya	relevansi nya
memperindah	men indah
pendaftar	pen daftar
amandemen	amandemen
sahut	sahut
membuktikan	men bukti kan
magnetis	magnetis
turunkan	turun kan
melemah	men lemah
ahlinya	ahli nya
tersisihkan	ter sisih kan
tuannya	tuan nya
bulannya	bulan nya
memfokuskan	men fokus kan
berisiko	ber risiko
kadaluarsa	kadaluarsa
gizi	gizi
pelecehan	pen leceh an
pergantian	per ganti an
mengamatinya	men amati nya
memperpendek	men pendek
besar	besar
pengganti	pen ganti
pernyataan	per nyata an
gabungan	gabung an
gamblang	gamblang
dianiaya	di aniaya
berunding	ber runding
perbaiki	perbaiki
membawahi	men bawah i
stasiun	stasiun
gigi	gigi
karung	karung
terpinggir	ter pinggir
panggung	panggung
didarati	di darat i
manusia	manusia
kualitasnya	kualitas nya
teguran	tegur an
tuaku	tua aku
menaruh	men taruh
mendaftar	men daftar
antarkelompok	antar kelompok
teralih	ter alih
lemparan	lempar an
bapak	bapak
kalkulasi	kalkulasi
penyalahgunaan	pen salahguna an
pelayanan	pen layan an
diatur	di atur
noda	noda
riilnya	riil nya
antarpemangku	antar pen pangku
hambatan	hambat an
akuratnya	akurat nya
masuk	masuk
merawatnya	men rawat nya
melanggankan	men langgan kan
taurat	taurat
sintetis	sintetis
melaju	men laju
pemasaran	pen pasar an
rekanan	rekan an
nasionalnya	nasional nya
menunggu	men tunggu
matiku	mati ku
mengumpulkannya	men kumpul kan nya
semangatnya	semangat nya
perairan	per air an
menyeberanginya	men seberang i nya
pelimpahan	pen limpah an
kinerjanya	kinerja nya
datang	datang
janji	janji
ganda	ganda
merumuskan	men rumus kan
puncaknya	puncak nya
parkir	parkir
sindikat	sindikat
pandangnya	pandang nya
keseharian	keseharian
melipatgandakan	men lipatganda kan
sekecil	se kecil
mutasi	mutasi
petinju	pen tinju
kandas	kandas
mengejutkannya	men kejut kan nya
pelaksanaannya	pen laksana an nya
mengangkat	men angkat
mengosongkan	men kosong kan
lerengan	lereng an
menciptakan	men cipta kan
muridnya	murid nya
harmonis	harmonis
responden	responden
antarresponden	antar responden
turunan	turun an
pemisah	pen pisah
perguliran	per gulir an
suksesi	sukses i
korupsinya	korupsi nya
hulu	hulu
mendoakan	men doa kan
bergengsi	ber gengsi
pewaris	pen waris
pembahasannya	pen bahas an nya
fungsi	fungsi
dibakukan	di baku kan
busuknya	busuk nya
rehabilitasi	rehabilitasi
jemu	jemu
berdialog	ber dialog
pengungkapan	pen ungkap an
berdusta	ber dusta
diratifikasi	di ratifikasi
tradisi	tradisi
tunggal	tunggal
mengalahkan	men kalah kan
tergabung	ter gabung
memperjelas	men jelas
antarpemilik	antar pen milik
antarsektor	antar sektor
mencuat	men cuat
disingkat	di singkat
pengatur	pen atur
koleksi	koleksi
beranggotakan	ber anggota kan
lunak	lunak
nonrumah	non rumah
ketidakwaspadaan	ke tidak waspada an
raksasa	raksasa
awan	awan
didaftarkan	di daftar kan
lensa	lensa
meratapinya	men ratap i nya
independensi	independensi
ternama	ter nama
memasukinya	men masuk i nya
dikoordinasi	di koordinasi
intelektual	intelektual
digelar	di gelar
menyangkali	men sangkal i
langkah	langkah
melukiskan	men lukis kan
diyakinkan	di yakin kan
dahsyat	dahsyat
emas	emas
konstruksi	konstruksi
bait	bait
ketidaksetaraan	ke tidak setara an
penghancur	pen hancur
bergiliran	ber gilir an
pelaksana	pen laksana
propinsi	propinsi
penolong	pen tolong
sekarat	se karat
antarkabupaten	antar kabupaten
konsultan	konsultan
ratapan	ratap an
lewat	lewat
gagasan	gagas an
tenaga	tenaga
proporsi	proporsi
tariknya	tarik nya
tanggap	tanggap
ditembak	di tembak
menggadai	men gadai
menunggunya	men tunggu nya
masehi	masehi
pembersihan	pen bersih an
memicu	men picu
senapan	senapan
wajib	wajib
bangsawan	bangsa wan
perilaku	perilaku
diurus	di urus
pengeras	pen keras
natalnya	natal nya
semusim	se musim
korup	korup
andalan	andal an
raja	raja
dipakai	di pakai
menjadikan	men jadi kan
butir	butir
kendaraan	kendara an
pemasoknya	pen pasok nya
lurus	lurus
penarik	pen tarik
sanksi	sanksi
tawa	tawa
menyibak	men sibak
nun	nun
setara	setara
ketidakbahagiaan	ke tidak bahagia an
berkeramik	ber keramik
warisannya	waris an nya
turnamen	turnamen
terkuno	ter kuno
riil	riil
terbangnya	terbang nya
disamai	di sama i
punah	punah
pengaman	pen aman
kompas	kompas
layar	layar
ditiadakan	di tiada kan
mengaliri	men alir i
sikap	sikap
buang	buang
panitia	panitia
memotret	men potret
mendalami	men dalam i
aib	aib
panggil	panggil
koper	koper
berdagang	ber dagang
ditempelkan	di tempel kan
adanya	ada nya
melaporkan	men lapor kan
struktural	struktural
mengoyakkan	men koyak kan
unit	unit
saringan	saring an
pengganggu	pen ganggu
menggugahnya	men gugah nya
pengeluarannya	pen keluar an nya
airnya	air nya
kristus	kristus
bergunanya	ber guna nya
bersedih	ber sedih
dalih	dalih
dipeluk	di peluk
berjudul	ber judul
pukul	pukul
ilmuwan	ilmu wan
difokuskan	di fokus kan
seperangkat	se perangkat
karat	karat
liter	liter
bermasyarakat	ber masyarakat
sabaran	sabar an
dimenangkan	di menang kan
mirip	mirip
termin	ter min
merencanakan	men rencana kan
mendukung	men dukung
kanannya	kanan nya
diulas	di ulas
arogan	arogan
cepatnya	cepat nya
istilahnya	istilah nya
desentralisasi	desentralisasi
infrastruktur	infrastruktur
penghuni	pen huni
penyimpanan	pen simpan an
diikutkan	di ikut kan
pulsa	pulsa
lancarnya	lancar nya
terpelajar	ter pelajar
terbaik	ter baik
kudus	kudus
ditebang	di tebang
radius	radius
tambal	tambal
minimalnya	minimal nya
perdesaan	per desa an
komentarnya	komentar nya
berintegritas	ber integritas
entri	entri
pengambilannya	pen ambil an nya
keponakan	keponakan
siang	siang
perintis	pen rintis
dimuliakan	di mulia kan
ajak	ajak
menggosok	men gosok
iurannya	iuran nya
kemungkinan	kemungkinan
kulit	kulit
tenteram	tenteram
mencurahkan	men curah kan
karunnya	karun nya
disusul	di susul
pengamatan	pengamat an
jalurnya	jalur nya
budaya	budaya
dikelolanya	di kelola nya
melangkahkan	men langkah kan
sekeras	se keras
gerutuan	gerutu an
jerat	jerat
membengkokkan	men bengkok kan
paparan	papar an
kulalui	ku lalu i
warganegara	warganegara
dibuang	di buang
mengoleskan	men oles kan
petinggi	petinggi
ditentang	di tentang
pencetakan	pen cetak an
ditata	di tata
tangisan	tangis an
gagal	gagal
nonpertanian	non per tani an
penyembah	pen sembah
terjadinya	ter jadi nya
memperberat	men berat
pembuatnya	pen buat nya
mengasah	men asah
penanggulangan	pen tanggulang an
mobilnya	mobil nya
bertambah	ber tambah
bawahnya	bawah nya
bukit	bukit
memperbudak	men budak
berbulu	ber bulu
meneliti	men teliti
otaknya	otak nya
tahunannya	tahun an nya
mengimbangi	men imbang i
diperingan	di per ringan
tenggang	tenggang
kelam	kelam
bersemangat	ber semangat
beresiko	ber resiko
mewah	mewah
dipilih	di pilih
zaman	zaman
pembiayaan	pen biaya an
faktanya	fakta nya
percaya	percaya
menyelenggarakan	men selenggara kan
tangerang	tangerang
reputasi	reputasi
pembedahan	pen bedah an
beda	beda
mengenalnya	men kenal nya
lokasinya	lokasi nya
mengorelasikan	men korelasi kan
remeh	remeh
senada	se nada
mengaktifkannya	men aktif kan nya
upacara	upacara
mengelilinginya	men keliling i nya
menganggarkan	men anggar kan
ditantang	di tantang
menuturkan	men tutur kan
harapannya	harap an nya
pembibitan	pen bibit an
melengkapi	men lengkap i
cengkeraman	cengkeram an
wirausaha	wirausaha
dipisahkan	di pisah kan
februari	februari
menempuh	men tempuh
kumpulan	kumpul an
doakan	doa kan
pelita	pelita
akhirat	akhirat
cerdas	cerdas
dikontrak	di kontrak
format	format
melekatnya	men lekat nya
sinarnya	sinar nya
pengangkutan	pen angkut an
kosong	kosong
watak	watak
menghubunginya	men hubung i nya
manuver	manuver
lelang	lelang
alergi	alergi
terbuai	ter buai
bergelut	ber gelut
mulus	mulus
berkonsultasi	ber konsultasi
penanam	pen tanam
batin	batin
ahli	ahli
wajan	wajan
gawang	gawang
tersingkir	ter singkir
nyatanya	nyata nya
padi	padi
diselenggarakan	di selenggara kan
menulari	men tular i
melemahkan	men lemah kan
menelusuri	men telusuri
pemegang	pen pegang
konsensus	konsensus
pemblokiran	pen blokir an
terparkir	ter parkir
disebut	di sebut
bermaksud	ber maksud
tenggelam	tenggelam
dikagumi	di kagum i
dinyatakan	di nyata kan
ketidakberhasilan	ke tidak berhasil an
menipu	men tipu
membebaskannya	men bebas kan nya
terkonsentrasi	ter konsentrasi
diperkenalkan	di per kenal kan
padat	padat
diperdalam	di per dalam
belalang	belalang
seramai	se ramai
semang	semang
menggiatkan	men giat kan
halamannya	halaman nya
menjulurkan	men julur kan
legenda	legenda
kuda	kuda
tertanam	ter tanam
berotak	ber otak
penyemprot	pen semprot
mengikutinya	men ikut i nya
jala	jala
bernama	ber nama
prihatin	prihatin
pinggang	pinggang
relawan	rela wan
menggendong	men gendong
terkandung	ter kandung
hubunganku	hubung an ku
terposisikan	ter posisi kan
santai	santai
diizinkan	di izin kan
tersesatnya	ter sesat nya
pendangkalan	pen dangkal an
berkinerja	ber kinerja
menasehati	men nasehat i
mengakses	men akses
adakan	ada kan
dicocokkan	di cocok kan
mainkan	main kan
asrama	asrama
metrologi	metrologi
tenda	tenda
diterjunkan	di terjun kan
mempromosikan	men promosi kan
ekonomis	ekonomis
ketidakmunculan	ke tidak muncul an
samping	samping
disana	di sana
digerakkan	di gerak kan
imbalan	imbalan
pembeda	pen beda
musiman	musim an
isterinya	isteri nya
dicuci	di cuci
lkm	lkm
dikonversi	di konversi
bergaul	ber gaul
ditempatkan	di tempat kan
pejabat	pejabat
tahun	tahun
mengulas	men ulas
berdampaknya	ber dampak nya
kurun	kurun
timbul	timbul
persentase	persentase
kakinya	kaki nya
dijajakan	di jaja kan
fasilitatornya	fasilitator nya
ragi	ragi
mempertanggungjawabkannya	men tanggungjawab kan nya
pihaknya	pihak nya
ayah	ayah
mendekat	men dekat
tampungnya	tampung nya
sambungan	sambung an
diredam	di redam
suci	suci
ditangan	di tangan
pembantuan	pen bantu an
pendingin	pen dingin
marjinal	marjinal
pengabdiannya	pen abdi an nya
menjerit	men jerit
mencemarkan	men cemar kan
rumah	rumah
dipindahkan	di pindah kan
kamera	kamera
pemberdayaan	pemberdayaan
meluasnya	men luas nya
tajamnya	tajam nya
terbebas	ter bebas
berpalang	ber palang
jarinya	jari nya
jambangan	jambang an
lezatnya	lezat nya
ditambahkannya	di tambah kan nya
dihanguskan	di hangus kan
pembaca	pen baca
indeks	indeks
mengalirkan	men alir kan
terlindungi	ter lindung i
lalui	lalu i
diancam	di ancam
bersiap	ber siap
seporsi	se porsi
cirinya	ciri nya
tari	tari
nonbank	non bank
paket	paket
mangsa	mangsa
vertikal	vertikal
relasinya	relasi nya
gembala	gembala
menguntungkan	men untung kan
babak	babak
mengkaji	men kaji
penyelenggaraannya	pen selenggara an nya
lipat	lipat
dikumpulkan	di kumpul kan
konsep	konsep
tercakup	ter cakup
dengar	dengar
taksir	taksir
merantai	men rantai
realisasinya	realisasi nya
dirintis	di rintis
memacu	men pacu
tangis	tangis
parlemen	parlemen
beralkohol	ber alkohol
mengolahnya	men olah nya
impor	impor
dimonitor	di monitor
mesir	mesir
dituliskan	di tulis kan
kuatirmu	kuatir mu
hungaria	hungaria
tingkat	tingkat
tersesat	ter sesat
taburkan	tabur kan
antarpengukuran	antar pen ukur an
menuangkan	men tuang kan
dakwaan	dakwa an
tingkatan	tingkat an
dicuri	di curi
calon	calon
didialogkan	di dialog kan
menarifkan	men tarif kan
penganggaran	pen anggar an
didekati	di dekat i
alih	alih
banyak	banyak
pasar	pasar
emosi	emosi
